1770178318393869756,0.211679,0.708679,-1.71626,-0.0161103,1.11592,-1.60931,0.0439092,0.787185,-2.10149,0.056053,1.28756,-1.66324,0,0,0,0,0,0,0,0,0,0,0,0,0,0,0,0,0,0,0,0,0,0,0,0
1770178318413953030,0.206745,0.723997,-1.7291,-0.0149312,1.10427,-1.61782,0.0405247,0.790465,-2.09255,0.0532386,1.28556,-1.63454,0,0,0,0,0,0,0,0,0,0,0,0,0,0,0,0,0,0,0,0,0,0,0,0
1770178318434032559,0.207265,0.720622,-1.7254,-0.0164733,1.10237,-1.61585,0.0392545,0.791059,-2.09045,0.0559478,1.28638,-1.63759,0,0,0,0,0,0,0,0,0,0,0,0,0,0,0,0,0,0,0,0,0,0,0,0
1770178318454110105,0.205228,0.722812,-1.72762,-0.0145721,1.10412,-1.61766,0.0405556,0.789719,-2.09194,0.052484,1.28647,-1.63644,0,0,0,0,0,0,0,0,0,0,0,0,0,0,0,0,0,0,0,0,0,0,0,0
1770178318474186082,0.207386,0.720633,-1.72543,-0.0164708,1.10221,-1.61567,0.0391561,0.791219,-2.09042,0.0562868,1.28652,-1.63731,0,0,0,0,0,0,0,0,0,0,0,0,0,0,0,0,0,0,0,0,0,0,0,0
1770178318494260331,0.205209,0.722869,-1.72768,-0.0144452,1.1042,-1.61773,0.0406659,0.789609,-2.09205,0.0581112,1.2863,-1.63758,0,0,0,0,0,0,0,0,0,0,0,0,0,0,0,0,0,0,0,0,0,0,0,0
1770178318514334676,0.20743,0.720585,-1.72538,-0.016547,1.10211,-1.61557,0.039057,0.791324,-2.09031,0.0565863,1.28621,-1.63718,0,0,0,0,0,0,0,0,0,0,0,0,0,0,0,0,0,0,0,0,0,0,0,0
1770178318534412061,0.205173,0.722905,-1.72772,-0.0143428,1.1043,-1.61783,0.0407813,0.78949,-2.09216,0.0579655,1.28637,-1.63746,0,0,0,0,0,0,0,0,0,0,0,0,0,0,0,0,0,0,0,0,0,0,0,0
1770178318554490023,0.20747,0.720542,-1.72534,-0.0166242,1.10203,-1.61548,0.0389579,0.791433,-2.0902,0.0567188,1.28615,-1.6373,0,0,0,0,0,0,0,0,0,0,0,0,0,0,0,0,0,0,0,0,0,0,0,0
1770178318574564272,0.205141,0.722937,-1.72775,-0.0142493,1.10439,-1.61792,0.0409002,0.789369,-2.09229,0.0578724,1.28643,-1.63735,0,0,0,0,0,0,0,0,0,0,0,0,0,0,0,0,0,0,0,0,0,0,0,0
1770178318594646777,0.207507,0.720505,-1.7253,-0.0166682,1.10197,-1.61543,0.0388763,0.791529,-2.0901,0.0568039,1.2861,-1.63741,0,0,0,0,0,0,0,0,0,0,0,0,0,0,0,0,0,0,0,0,0,0,0,0
1770178318614729155,0.205114,0.722965,-1.72778,-0.0141872,1.10444,-1.61798,0.041004,0.789263,-2.09239,0.0578136,1.28649,-1.63724,0,0,0,0,0,0,0,0,0,0,0,0,0,0,0,0,0,0,0,0,0,0,0,0
1770178318634806540,0.207538,0.720472,-1.72527,-0.0172707,1.10733,-1.62076,0.0442472,0.786162,-2.09547,0.0568545,1.28604,-1.63751,0,0,0,0,0,0,0,0,0,0,0,0,0,0,0,0,0,0,0,0,0,0,0,0
1770178318654879189,0.20509,0.722989,-1.7278,-0.0142632,1.10462,-1.6181,0.0412023,0.789065,-2.09259,0.0577818,1.28654,-1.63715,0,0,0,0,0,0,0,0,0,0,0,0,0,0,0,0,0,0,0,0,0,0,0,0
1770178318674994688,0.207565,0.720444,-1.72524,-0.0172072,1.1073,-1.62073,0.0441895,0.786256,-2.09537,0.056878,1.28597,-1.63761,0,0,0,0,0,0,0,0,0,0,0,0,0,0,0,0,0,0,0,0,0,0,0,0
1770178318695074441,0.20507,0.723009,-1.72782,-0.0143178,1.10467,-1.61815,0.0412978,0.788963,-2.09269,0.0577724,1.28661,-1.63705,0,0,0,0,0,0,0,0,0,0,0,0,0,0,0,0,0,0,0,0,0,0,0,0
1770178318715148914,0.207588,0.720421,-1.72522,-0.0171694,1.10727,-1.6207,0.0441312,0.786319,-2.09531,0.0568792,1.2859,-1.63771,0,0,0,0,0,0,0,0,0,0,0,0,0,0,0,0,0,0,0,0,0,0,0,0
1770178318735229020,0.205054,0.723026,-1.72784,-0.0143567,1.10471,-1.61819,0.041369,0.788891,-2.09276,0.0577823,1.28668,-1.63696,0,0,0,0,0,0,0,0,0,0,0,0,0,0,0,0,0,0,0,0,0,0,0,0
1770178318755300325,0.207607,0.720401,-1.7252,-0.0171422,1.10725,-1.62068,0.0440838,0.786366,-2.09526,0.0568611,1.28583,-1.63781,0,0,0,0,0,0,0,0,0,0,0,0,0,0,0,0,0,0,0,0,0,0,0,0
1770178318775375342,0.20504,0.723039,-1.72785,-0.0143861,1.10474,-1.61821,0.0414237,0.788836,-2.09282,0.0578093,1.28676,-1.63685,0,0,0,0,0,0,0,0,0,0,0,0,0,0,0,0,0,0,0,0,0,0,0,0
1770178318795456151,0.207622,0.720385,-1.72518,-0.0171213,1.10723,-1.62066,0.0440458,0.786402,-2.09522,0.0568256,1.28574,-1.63792,0,0,0,0,0,0,0,0,0,0,0,0,0,0,0,0,0,0,0,0,0,0,0,0
1770178318815536769,0.205029,0.72305,-1.72786,-0.0144091,1.10476,-1.61824,0.0414668,0.788793,-2.09286,0.057852,1.28684,-1.63675,0,0,0,0,0,0,0,0,0,0,0,0,0,0,0,0,0,0,0,0,0,0,0,0
1770178318835620330,0.207635,0.720372,-1.72517,-0.0171048,1.10722,-1.62065,0.0440149,0.786432,-2.09519,0.0567741,1.28564,-1.63804,0,0,0,0,0,0,0,0,0,0,0,0,0,0,0,0,0,0,0,0,0,0,0,0
1770178318855695123,0.205021,0.723059,-1.72787,-0.0144272,1.10478,-1.61825,0.0415015,0.788758,-2.0929,0.0579092,1.28694,-1.63664,0,0,0,0,0,0,0,0,0,0,0,0,0,0,0,0,0,0,0,0,0,0,0,0
1770178318875766588,0.207645,0.720362,-1.72516,-0.0170916,1.10721,-1.62064,0.0439896,0.786456,-2.09517,0.0567077,1.28554,-1.63816,0,0,0,0,0,0,0,0,0,0,0,0,0,0,0,0,0,0,0,0,0,0,0,0
1770178318895839142,0.205014,0.723066,-1.72788,-0.0144418,1.10479,-1.61827,0.0415299,0.78873,-2.09292,0.0579795,1.28704,-1.63652,0,0,0,0,0,0,0,0,0,0,0,0,0,0,0,0,0,0,0,0,0,0,0,0
1770178318915914319,0.207652,0.720353,-1.72515,-0.0170809,1.1072,-1.62063,0.0439685,0.786476,-2.09515,0.0566279,1.28543,-1.63829,0,0,0,0,0,0,0,0,0,0,0,0,0,0,0,0,0,0,0,0,0,0,0,0
1770178318935991992,0.205008,0.723072,-1.72788,-0.0144536,1.1048,-1.61828,0.0415535,0.788706,-2.09295,0.0588077,1.28804,-1.64077,0,0,0,0,0,0,0,0,0,0,0,0,0,0,0,0,0,0,0,0,0,0,0,0
1770178318956072833,0.207659,0.720347,-1.72514,-0.0170722,1.10719,-1.62062,0.0439507,0.786492,-2.09513,0.0562833,1.28562,-1.63853,0,0,0,0,0,0,0,0,0,0,0,0,0,0,0,0,0,0,0,0,0,0,0,0
1770178318976151883,0.205004,0.723076,-1.72789,-0.0144632,1.10481,-1.61829,0.0415733,0.788687,-2.09297,0.0587571,1.28813,-1.64086,0,0,0,0,0,0,0,0,0,0,0,0,0,0,0,0,0,0,0,0,0,0,0,0
1770178318996225524,0.207663,0.720342,-1.72514,-0.0170651,1.10718,-1.62061,0.0439357,0.786506,-2.09512,0.0562233,1.2856,-1.63851,0,0,0,0,0,0,0,0,0,0,0,0,0,0,0,0,0,0,0,0,0,0,0,0
1770178319016312509,0.205001,0.723079,-1.72789,-0.0144711,1.10482,-1.6183,0.04159,0.78867,-2.09298,0.0587773,1.28816,-1.64089,0,0,0,0,0,0,0,0,0,0,0,0,0,0,0,0,0,0,0,0,0,0,0,0
1770178319036396519,0.207667,0.720338,-1.72513,-0.0170593,1.10718,-1.62061,0.043923,0.786518,-2.09511,0.0561915,1.28557,-1.63849,0,0,0,0,0,0,0,0,0,0,0,0,0,0,0,0,0,0,0,0,0,0,0,0
1770178319056470736,0.204999,0.723082,-1.72789,-0.0144776,1.10483,-1.6183,0.0416042,0.788656,-2.093,0.0587991,1.28818,-1.64091,0,0,0,0,0,0,0,0,0,0,0,0,0,0,0,0,0,0,0,0,0,0,0,0
1770178319076547481,0.20767,0.720336,-1.72513,-0.0170545,1.10717,-1.6206,0.043912,0.786529,-2.0951,0.0561665,1.28555,-1.63846,0,0,0,0,0,0,0,0,0,0,0,0,0,0,0,0,0,0,0,0,0,0,0,0
1770178319096628803,0.204997,0.723084,-1.7279,-0.014483,1.10483,-1.61831,0.0416163,0.788644,-2.09301,0.0588173,1.2882,-1.64093,0,0,0,0,0,0,0,0,0,0,0,0,0,0,0,0,0,0,0,0,0,0,0,0
1770178319116703724,0.207672,0.720333,-1.72513,-0.0170505,1.10717,-1.6206,0.0439026,0.786537,-2.09509,0.0561462,1.28553,-1.63844,0,0,0,0,0,0,0,0,0,0,0,0,0,0,0,0,0,0,0,0,0,0,0,0
1770178319136780085,0.204996,0.723085,-1.7279,-0.0144874,1.10484,-1.61831,0.0416268,0.788634,-2.09302,0.0588318,1.28822,-1.64094,0,0,0,0,0,0,0,0,0,0,0,0,0,0,0,0,0,0,0,0,0,0,0,0
1770178319156862815,0.207673,0.720332,-1.72513,-0.0170472,1.10717,-1.6206,0.0438945,0.786545,-2.09508,0.0561301,1.28551,-1.63843,0,0,0,0,0,0,0,0,0,0,0,0,0,0,0,0,0,0,0,0,0,0,0,0
1770178319176937896,0.204995,0.723086,-1.7279,-0.0144911,1.10484,-1.61831,0.0416358,0.788625,-2.09303,0.0588432,1.28823,-1.64095,0,0,0,0,0,0,0,0,0,0,0,0,0,0,0,0,0,0,0,0,0,0,0,0
1770178319197018385,0.207674,0.720331,-1.72513,-0.0170444,1.10716,-1.6206,0.0438874,0.786552,-2.09507,0.0561175,1.2855,-1.63841,0,0,0,0,0,0,0,0,0,0,0,0,0,0,0,0,0,0,0,0,0,0,0,0
1770178319217098811,0.204994,0.723087,-1.7279,-0.0144941,1.10484,-1.61832,0.0416436,0.788617,-2.09304,0.0588518,1.28823,-1.64095,0,0,0,0,0,0,0,0,0,0,0,0,0,0,0,0,0,0,0,0,0,0,0,0
1770178319237173636,0.207675,0.72033,-1.72513,-0.0170421,1.10716,-1.62059,0.0438812,0.786557,-2.09507,0.056108,1.28549,-1.6384,0,0,0,0,0,0,0,0,0,0,0,0,0,0,0,0,0,0,0,0,0,0,0,0
1770178319257252621,0.204993,0.723087,-1.7279,-0.0144967,1.10485,-1.61832,0.0416504,0.788611,-2.09304,0.0588583,1.28824,-1.64096,0,0,0,0,0,0,0,0,0,0,0,0,0,0,0,0,0,0,0,0,0,0,0,0
1770178319277332855,0.207676,0.720329,-1.72512,-0.0170402,1.10716,-1.62059,0.0438759,0.786562,-2.09506,0.056101,1.28548,-1.6384,0,0,0,0,0,0,0,0,0,0,0,0,0,0,0,0,0,0,0,0,0,0,0,0
1770178319297408064,0.204993,0.723088,-1.7279,-0.0144988,1.10485,-1.61832,0.0416564,0.788605,-2.09305,0.0588629,1.28825,-1.64096,0,0,0,0,0,0,0,0,0,0,0,0,0,0,0,0,0,0,0,0,0,0,0,0
1770178319317485225,0.207676,0.720328,-1.72512,-0.0170386,1.10716,-1.62059,0.0438712,0.786567,-2.09506,0.0560959,1.28547,-1.63839,0,0,0,0,0,0,0,0,0,0,0,0,0,0,0,0,0,0,0,0,0,0,0,0
1770178319337559890,0.204993,0.723088,-1.7279,-0.0145006,1.10485,-1.61832,0.0416616,0.7886,-2.09305,0.0588662,1.28825,-1.64097,0,0,0,0,0,0,0,0,0,0,0,0,0,0,0,0,0,0,0,0,0,0,0,0
1770178319357641148,0.207677,0.720328,-1.72512,-0.0170373,1.10716,-1.62059,0.0438671,0.78657,-2.09506,0.0560924,1.28547,-1.63839,0,0,0,0,0,0,0,0,0,0,0,0,0,0,0,0,0,0,0,0,0,0,0,0
1770178319377714245,0.204992,0.723088,-1.7279,-0.014502,1.10485,-1.61832,0.0416661,0.788595,-2.09306,0.0588685,1.28825,-1.64097,0,0,0,0,0,0,0,0,0,0,0,0,0,0,0,0,0,0,0,0,0,0,0,0
1770178319397789646,0.207677,0.720328,-1.72512,-0.0170362,1.10716,-1.62059,0.0438635,0.786574,-2.09505,0.0560899,1.28547,-1.63839,0,0,0,0,0,0,0,0,0,0,0,0,0,0,0,0,0,0,0,0,0,0,0,0
1770178319417868983,0.204992,0.723089,-1.7279,-0.0145033,1.10485,-1.61833,0.0416701,0.788591,-2.09306,0.0588701,1.28825,-1.64097,0,0,0,0,0,0,0,0,0,0,0,0,0,0,0,0,0,0,0,0,0,0,0,0
1770178319437943617,0.207677,0.720328,-1.72512,-0.0170352,1.10715,-1.62059,0.0438604,0.786577,-2.09505,0.0560882,1.28547,-1.63839,0,0,0,0,0,0,0,0,0,0,0,0,0,0,0,0,0,0,0,0,0,0,0,0
1770178319458021034,0.204992,0.723089,-1.7279,-0.0145043,1.10485,-1.61833,0.0416735,0.788588,-2.09307,0.0588712,1.28825,-1.64097,0,0,0,0,0,0,0,0,0,0,0,0,0,0,0,0,0,0,0,0,0,0,0,0
1770178319478098675,0.207677,0.720327,-1.72512,-0.0170344,1.10715,-1.62059,0.0438576,0.786579,-2.09505,0.0560871,1.28547,-1.63838,0,0,0,0,0,0,0,0,0,0,0,0,0,0,0,0,0,0,0,0,0,0,0,0
1770178319498172284,0.204992,0.723089,-1.7279,-0.0145052,1.10485,-1.61833,0.0416766,0.788585,-2.09307,0.0588719,1.28825,-1.64097,0,0,0,0,0,0,0,0,0,0,0,0,0,0,0,0,0,0,0,0,0,0,0,0
1770178319518246341,0.207678,0.720327,-1.72512,-0.0170338,1.10715,-1.62059,0.0438551,0.786582,-2.09505,0.0560863,1.28546,-1.63838,0,0,0,0,0,0,0,0,0,0,0,0,0,0,0,0,0,0,0,0,0,0,0,0
1770178319538327439,0.204992,0.723089,-1.7279,-0.0145059,1.10486,-1.61833,0.0416793,0.788582,-2.09307,0.0588724,1.28825,-1.64097,0,0,0,0,0,0,0,0,0,0,0,0,0,0,0,0,0,0,0,0,0,0,0,0
1770178319558405368,0.207678,0.720327,-1.72512,-0.0170332,1.10715,-1.62059,0.043853,0.786584,-2.09504,0.0560858,1.28546,-1.63838,0,0,0,0,0,0,0,0,0,0,0,0,0,0,0,0,0,0,0,0,0,0,0,0
1770178319578484866,0.204992,0.723089,-1.7279,-0.0145065,1.10486,-1.61833,0.0416817,0.78858,-2.09307,0.0588727,1.28825,-1.64097,0,0,0,0,0,0,0,0,0,0,0,0,0,0,0,0,0,0,0,0,0,0,0,0
1770178319598559147,0.207678,0.720327,-1.72512,-0.0170328,1.10715,-1.62059,0.0438511,0.786585,-2.09504,0.0560855,1.28546,-1.63838,0,0,0,0,0,0,0,0,0,0,0,0,0,0,0,0,0,0,0,0,0,0,0,0
1770178319618643412,0.204992,0.723089,-1.7279,-0.014507,1.10486,-1.61833,0.0416838,0.788578,-2.09308,0.0588729,1.28825,-1.64097,0,0,0,0,0,0,0,0,0,0,0,0,0,0,0,0,0,0,0,0,0,0,0,0
1770178319638723870,0.207678,0.720327,-1.72512,-0.0170324,1.10715,-1.62059,0.0438494,0.786587,-2.09504,0.0560852,1.28546,-1.63838,0,0,0,0,0,0,0,0,0,0,0,0,0,0,0,0,0,0,0,0,0,0,0,0
1770178319658804519,0.204992,0.723089,-1.7279,-0.0145074,1.10486,-1.61833,0.0416856,0.788576,-2.09308,0.058873,1.28825,-1.64097,0,0,0,0,0,0,0,0,0,0,0,0,0,0,0,0,0,0,0,0,0,0,0,0
1770178319678883120,0.207678,0.720327,-1.72512,-0.0170321,1.10715,-1.62058,0.043848,0.786588,-2.09504,0.0560851,1.28546,-1.63838,0,0,0,0,0,0,0,0,0,0,0,0,0,0,0,0,0,0,0,0,0,0,0,0
1770178319698981818,0.204992,0.723089,-1.7279,-0.0145078,1.10486,-1.61833,0.0416873,0.788574,-2.09308,0.0588731,1.28825,-1.64097,0,0,0,0,0,0,0,0,0,0,0,0,0,0,0,0,0,0,0,0,0,0,0,0
1770178319719057731,0.207678,0.720327,-1.72512,-0.0170318,1.10715,-1.62058,0.0438466,0.78659,-2.09504,0.056085,1.28546,-1.63838,0,0,0,0,0,0,0,0,0,0,0,0,0,0,0,0,0,0,0,0,0,0,0,0
1770178319739139693,0.204992,0.723089,-1.7279,-0.0145081,1.10486,-1.61833,0.0416887,0.788573,-2.09308,0.0588732,1.28826,-1.64097,0,0,0,0,0,0,0,0,0,0,0,0,0,0,0,0,0,0,0,0,0,0,0,0
1770178319759218326,0.207678,0.720327,-1.72512,-0.0170316,1.10715,-1.62058,0.0438455,0.786591,-2.09504,0.0560849,1.28546,-1.63838,0,0,0,0,0,0,0,0,0,0,0,0,0,0,0,0,0,0,0,0,0,0,0,0
1770178319779295039,0.204992,0.723089,-1.7279,-0.0145083,1.10486,-1.61833,0.04169,0.788572,-2.09308,0.0588732,1.28826,-1.64097,0,0,0,0,0,0,0,0,0,0,0,0,0,0,0,0,0,0,0,0,0,0,0,0
1770178319799368489,0.207678,0.720327,-1.72512,-0.0170314,1.10715,-1.62058,0.0438445,0.786592,-2.09504,0.0560849,1.28546,-1.63838,0,0,0,0,0,0,0,0,0,0,0,0,0,0,0,0,0,0,0,0,0,0,0,0
1770178319819441810,0.204992,0.723089,-1.7279,-0.0145085,1.10486,-1.61833,0.0416911,0.788571,-2.09308,0.0588732,1.28826,-1.64097,0,0,0,0,0,0,0,0,0,0,0,0,0,0,0,0,0,0,0,0,0,0,0,0
1770178319839514395,0.207678,0.720327,-1.72512,-0.0170312,1.10715,-1.62058,0.0438436,0.786592,-2.09503,0.0560849,1.28546,-1.63838,0,0,0,0,0,0,0,0,0,0,0,0,0,0,0,0,0,0,0,0,0,0,0,0
1770178319859588708,0.204992,0.723089,-1.7279,-0.0145087,1.10486,-1.61833,0.0416921,0.78857,-2.09308,0.0588732,1.28826,-1.64097,0,0,0,0,0,0,0,0,0,0,0,0,0,0,0,0,0,0,0,0,0,0,0,0
1770178319879664909,0.207678,0.720327,-1.72512,-0.0170311,1.10715,-1.62058,0.0438428,0.786593,-2.09503,0.0560849,1.28546,-1.63838,0,0,0,0,0,0,0,0,0,0,0,0,0,0,0,0,0,0,0,0,0,0,0,0
1770178319899738550,0.204992,0.723089,-1.7279,-0.0145089,1.10486,-1.61833,0.041693,0.788569,-2.09309,0.0588733,1.28826,-1.64097,0,0,0,0,0,0,0,0,0,0,0,0,0,0,0,0,0,0,0,0,0,0,0,0
1770178319919813984,0.207678,0.720327,-1.72512,-0.017031,1.10715,-1.62058,0.0438421,0.786594,-2.09503,0.0560848,1.28546,-1.63838,0,0,0,0,0,0,0,0,0,0,0,0,0,0,0,0,0,0,0,0,0,0,0,0
1770178319939890889,0.204992,0.723089,-1.7279,-0.014509,1.10486,-1.61833,0.0416937,0.788568,-2.09309,0.0588733,1.28826,-1.64097,0,0,0,0,0,0,0,0,0,0,0,0,0,0,0,0,0,0,0,0,0,0,0,0
1770178319959970738,0.207678,0.720327,-1.72512,-0.0170309,1.10715,-1.62058,0.0438414,0.786594,-2.09503,0.0560848,1.28546,-1.63838,0,0,0,0,0,0,0,0,0,0,0,0,0,0,0,0,0,0,0,0,0,0,0,0
1770178319980046620,0.204992,0.723089,-1.7279,-0.0145091,1.10486,-1.61833,0.0416944,0.788567,-2.09309,0.0588733,1.28826,-1.64097,0,0,0,0,0,0,0,0,0,0,0,0,0,0,0,0,0,0,0,0,0,0,0,0
1770178320000121413,0.207678,0.720327,-1.72512,-0.0170308,1.10715,-1.62058,0.0438409,0.786595,-2.09503,0.0560848,1.28546,-1.63838,0,0,0,0,0,0,0,0,0,0,0,0,0,0,0,0,0,0,0,0,0,0,0,0
1770178320020200110,0.204992,0.723089,-1.7279,-0.0145092,1.10486,-1.61833,0.041695,0.788567,-2.09309,0.0588733,1.28826,-1.64097,0,0,0,0,0,0,0,0,0,0,0,0,0,0,0,0,0,0,0,0,0,0,0,0
1770178320040274903,0.207678,0.720327,-1.72512,-0.0170308,1.10715,-1.62058,0.0438404,0.786595,-2.09503,0.0560848,1.28546,-1.63838,0,0,0,0,0,0,0,0,0,0,0,0,0,0,0,0,0,0,0,0,0,0,0,0
1770178320060349856,0.204992,0.723089,-1.7279,-0.0145092,1.10486,-1.61833,0.0416956,0.788566,-2.09309,0.0588733,1.28826,-1.64097,0,0,0,0,0,0,0,0,0,0,0,0,0,0,0,0,0,0,0,0,0,0,0,0
1770178320080431178,0.207678,0.720327,-1.72512,-0.0170307,1.10715,-1.62058,0.04384,0.786596,-2.09503,0.0560848,1.28546,-1.63838,0,0,0,0,0,0,0,0,0,0,0,0,0,0,0,0,0,0,0,0,0,0,0,0
1770178320100508883,0.204992,0.723089,-1.7279,-0.0145093,1.10486,-1.61833,0.0416961,0.788566,-2.09309,0.0588733,1.28826,-1.64097,0,0,0,0,0,0,0,0,0,0,0,0,0,0,0,0,0,0,0,0,0,0,0,0
1770178320120585180,0.207678,0.720327,-1.72512,-0.0170307,1.10715,-1.62058,0.0438396,0.786596,-2.09503,0.0560848,1.28546,-1.63838,0,0,0,0,0,0,0,0,0,0,0,0,0,0,0,0,0,0,0,0,0,0,0,0
1770178320140661382,0.204992,0.723089,-1.7279,-0.0145094,1.10486,-1.61833,0.0416965,0.788565,-2.09309,0.0588733,1.28826,-1.64097,0,0,0,0,0,0,0,0,0,0,0,0,0,0,0,0,0,0,0,0,0,0,0,0
1770178320160736431,0.207678,0.720327,-1.72512,-0.0170306,1.10715,-1.62058,0.0438392,0.786596,-2.09503,0.0560848,1.28546,-1.63838,0,0,0,0,0,0,0,0,0,0,0,0,0,0,0,0,0,0,0,0,0,0,0,0
1770178320180812472,0.204992,0.723089,-1.7279,-0.0145094,1.10486,-1.61833,0.0416969,0.788565,-2.09309,0.0588733,1.28826,-1.64097,0,0,0,0,0,0,0,0,0,0,0,0,0,0,0,0,0,0,0,0,0,0,0,0
1770178320200886913,-0.0902881,0.818244,-2.02498,-0.227046,0.533758,-1.71654,-0.098219,1.24399,-2.03662,0.22249,0.897373,-1.93193,0,0,0,0,0,0,0,0,0,0,0,0,0,0,0,0,0,0,0,0,0,0,0,0
1770178320220975595,-0.0956735,0.817687,-2.03445,-0.214847,0.532926,-1.69025,-0.107542,1.22036,-2.02656,0.228124,0.910976,-1.91047,0,0,0,0,0,0,0,0,0,0,0,0,0,0,0,0,0,0,0,0,0,0,0,0
1770178320241051572,-0.0964774,0.817356,-2.03407,-0.214899,0.53274,-1.68951,-0.104969,1.22008,-2.03012,0.225225,0.907988,-1.91394,0,0,0,0,0,0,0,0,0,0,0,0,0,0,0,0,0,0,0,0,0,0,0,0
1770178320261131646,-0.0963409,0.817696,-2.03384,-0.214924,0.532496,-1.6897,-0.102822,1.22133,-2.0278,0.223088,0.905597,-1.91641,0,0,0,0,0,0,0,0,0,0,0,0,0,0,0,0,0,0,0,0,0,0,0,0
1770178320281207879,-0.096621,0.817478,-2.03408,-0.214824,0.532714,-1.68948,-0.105373,1.22013,-2.02999,0.225238,0.907834,-1.91414,0,0,0,0,0,0,0,0,0,0,0,0,0,0,0,0,0,0,0,0,0,0,0,0
1770178320301281296,-0.0963737,0.817747,-2.03382,-0.214972,0.532482,-1.68971,-0.102736,1.22119,-2.02761,0.223118,0.905692,-1.9163,0,0,0,0,0,0,0,0,0,0,0,0,0,0,0,0,0,0,0,0,0,0,0,0
1770178320321354425,-0.0966486,0.817477,-2.03409,-0.214788,0.532729,-1.68947,-0.105576,1.22029,-2.03009,0.225143,0.907741,-1.91424,0,0,0,0,0,0,0,0,0,0,0,0,0,0,0,0,0,0,0,0,0,0,0,0
1770178320341429570,-0.0963642,0.817765,-2.03381,-0.215001,0.532463,-1.68973,-0.107274,1.22091,-2.02884,0.223183,0.905758,-1.91624,0,0,0,0,0,0,0,0,0,0,0,0,0,0,0,0,0,0,0,0,0,0,0,0
1770178320361501611,-0.0966647,0.817464,-2.0341,-0.214763,0.532752,-1.68944,-0.105691,1.21989,-2.03005,0.225069,0.907666,-1.91431,0,0,0,0,0,0,0,0,0,0,0,0,0,0,0,0,0,0,0,0,0,0,0,0
1770178320381579573,-0.0963491,0.817781,-2.03379,-0.215027,0.532437,-1.68975,-0.107292,1.22115,-2.02881,0.223235,0.905812,-1.91618,0,0,0,0,0,0,0,0,0,0,0,0,0,0,0,0,0,0,0,0,0,0,0,0
1770178320401656126,-0.0966808,0.817448,-2.03412,-0.214737,0.53278,-1.68942,-0.105625,1.21968,-2.03012,0.225008,0.907605,-1.91437,0,0,0,0,0,0,0,0,0,0,0,0,0,0,0,0,0,0,0,0,0,0,0,0
1770178320421730503,-0.0963319,0.817798,-2.03377,-0.215054,0.532406,-1.68979,-0.107396,1.22131,-2.02872,0.22328,0.905858,-1.91614,0,0,0,0,0,0,0,0,0,0,0,0,0,0,0,0,0,0,0,0,0,0,0,0
1770178320441808624,-0.0966984,0.81743,-2.03414,-0.214708,0.532813,-1.68938,-0.105505,1.21952,-2.03023,0.224956,0.907553,-1.91443,0,0,0,0,0,0,0,0,0,0,0,0,0,0,0,0,0,0,0,0,0,0,0,0
1770178320461887386,-0.0963129,0.817818,-2.03375,-0.215086,0.532369,-1.68982,-0.106706,1.21916,-2.02929,0.223319,0.905897,-1.9161,0,0,0,0,0,0,0,0,0,0,0,0,0,0,0,0,0,0,0,0,0,0,0,0
1770178320481961379,-0.0967178,0.81741,-2.03415,-0.214675,0.532853,-1.68934,-0.107061,1.21709,-2.0285,0.224912,0.907509,-1.91447,0,0,0,0,0,0,0,0,0,0,0,0,0,0,0,0,0,0,0,0,0,0,0,0
1770178320502036332,-0.096292,0.817839,-2.03373,-0.215124,0.532326,-1.68986,-0.106456,1.21943,-2.02903,0.223352,0.905931,-1.91606,0,0,0,0,0,0,0,0,0,0,0,0,0,0,0,0,0,0,0,0,0,0,0,0
1770178320522107893,-0.096739,0.817389,-2.03418,-0.214636,0.532899,-1.6893,-0.107022,1.21682,-2.0287,0.224873,0.90747,-1.91451,0,0,0,0,0,0,0,0,0,0,0,0,0,0,0,0,0,0,0,0,0,0,0,0
1770178320542185087,-0.0962689,0.817862,-2.03371,-0.215169,0.532274,-1.68992,-0.10655,1.21974,-2.0288,0.223382,0.905962,-1.91603,0,0,0,0,0,0,0,0,0,0,0,0,0,0,0,0,0,0,0,0,0,0,0,0
1770178320562259464,-0.0967623,0.817366,-2.0342,-0.21459,0.532954,-1.68924,-0.106498,1.22089,-2.02947,0.224839,0.907436,-1.91455,0,0,0,0,0,0,0,0,0,0,0,0,0,0,0,0,0,0,0,0,0,0,0,0
1770178320582331313,-0.0962436,0.817887,-2.03369,-0.215222,0.532214,-1.68998,-0.106406,1.22013,-2.02946,0.223409,0.905989,-1.91601,0,0,0,0,0,0,0,0,0,0,0,0,0,0,0,0,0,0,0,0,0,0,0,0
1770178320602412346,-0.0967878,0.81734,-2.03422,-0.214536,0.533018,-1.68918,-0.106635,1.22074,-2.02929,0.224809,0.907406,-1.91458,0,0,0,0,0,0,0,0,0,0,0,0,0,0,0,0,0,0,0,0,0,0,0,0
1770178320622499876,-0.0962157,0.817915,-2.03366,-0.215285,0.532143,-1.69005,-0.106296,1.2202,-2.02956,0.223433,0.906014,-1.91598,0,0,0,0,0,0,0,0,0,0,0,0,0,0,0,0,0,0,0,0,0,0,0,0
1770178320642586285,-0.0968157,0.817312,-2.03425,-0.214474,0.533093,-1.68911,-0.106716,1.22072,-2.02923,0.224782,0.907378,-1.9146,0,0,0,0,0,0,0,0,0,0,0,0,0,0,0,0,0,0,0,0,0,0,0,0
1770178320662737113,-0.0961852,0.817946,-2.03363,-0.215358,0.53206,-1.69013,-0.106227,1.22019,-2.02962,0.223455,0.906036,-1.91596,0,0,0,0,0,0,0,0,0,0,0,0,0,0,0,0,0,0,0,0,0,0,0,0
1770178320682815010,-0.096846,0.817281,-2.03428,-0.214403,0.533179,-1.68902,-0.106779,1.22076,-2.02918,0.224757,0.907353,-1.91463,0,0,0,0,0,0,0,0,0,0,0,0,0,0,0,0,0,0,0,0,0,0,0,0
1770178320702889131,-0.0961519,0.817979,-2.0336,-0.215443,0.531965,-1.69022,-0.106163,1.22015,-2.02967,0.223475,0.906057,-1.91594,0,0,0,0,0,0,0,0,0,0,0,0,0,0,0,0,0,0,0,0,0,0,0,0
1770178320722960308,-0.0968789,0.817248,-2.03431,-0.214321,0.533277,-1.68893,-0.106844,1.22081,-2.02913,0.224734,0.907331,-1.91465,0,0,0,0,0,0,0,0,0,0,0,0,0,0,0,0,0,0,0,0,0,0,0,0
1770178320743033630,-0.0961155,0.818016,-2.03356,-0.215541,0.531856,-1.69033,-0.106094,1.22008,-2.02972,0.223494,0.906076,-1.91592,0,0,0,0,0,0,0,0,0,0,0,0,0,0,0,0,0,0,0,0,0,0,0,0
1770178320763100519,-0.0969146,0.817212,-2.03435,-0.214231,0.533386,-1.68882,-0.106918,1.22088,-2.02908,0.224714,0.90731,-1.91467,0,0,0,0,0,0,0,0,0,0,0,0,0,0,0,0,0,0,0,0,0,0,0,0
1770178320783176912,-0.0960761,0.818056,-2.03352,-0.215652,0.531735,-1.69045,-0.106013,1.22001,-2.02979,0.223511,0.906093,-1.9159,0,0,0,0,0,0,0,0,0,0,0,0,0,0,0,0,0,0,0,0,0,0,0,0
1770178320803265753,-0.0969529,0.817174,-2.03439,-0.214133,0.533505,-1.6887,-0.107005,1.22096,-2.02901,0.224695,0.907291,-1.91469,0,0,0,0,0,0,0,0,0,0,0,0,0,0,0,0,0,0,0,0,0,0,0,0
1770178320823345059,-0.0960334,0.818098,-2.03348,-0.215773,0.531604,-1.69058,-0.105919,1.21992,-2.02987,0.223527,0.906109,-1.91588,0,0,0,0,0,0,0,0,0,0,0,0,0,0,0,0,0,0,0,0,0,0,0,0
1770178320843422796,-0.096994,0.817132,-2.03443,-0.214036,0.533627,-1.68858,-0.107106,1.22105,-2.02894,0.224677,0.907273,-1.91471,0,0,0,0,0,0,0,0,0,0,0,0,0,0,0,0,0,0,0,0,0,0,0,0
1770178320863495669,-0.0959874,0.818144,-2.03343,-0.215896,0.531472,-1.69071,-0.10581,1.21981,-2.02996,0.223541,0.906124,-1.91587,0,0,0,0,0,0,0,0,0,0,0,0,0,0,0,0,0,0,0,0,0,0,0,0
1770178320883574495,-0.0970378,0.817088,-2.03447,-0.21939,0.528381,-1.69385,-0.107221,1.22116,-2.02885,0.224661,0.907257,-1.91473,0,0,0,0,0,0,0,0,0,0,0,0,0,0,0,0,0,0,0,0,0,0,0,0
1770178320903653096,-0.0959383,0.818194,-2.03338,-0.216109,0.531229,-1.69096,-0.105686,1.21969,-2.03007,0.223555,0.906138,-1.91586,0,0,0,0,0,0,0,0,0,0,0,0,0,0,0,0,0,0,0,0,0,0,0,0
1770178320923725041,-0.0970842,0.817042,-2.03452,-0.219314,0.528509,-1.69371,-0.107349,1.22128,-2.02876,0.224645,0.907241,-1.91474,0,0,0,0,0,0,0,0,0,0,0,0,0,0,0,0,0,0,0,0,0,0,0,0
1770178320943801850,-0.0958862,0.818246,-2.03333,-0.21623,0.531087,-1.69111,-0.105551,1.21955,-2.03019,0.223568,0.906152,-1.91584,0,0,0,0,0,0,0,0,0,0,0,0,0,0,0,0,0,0,0,0,0,0,0,0
1770178320963881156,-0.0971327,0.816993,-2.03456,-0.219249,0.528596,-1.69362,-0.107464,1.22138,-2.02867,0.224631,0.907227,-1.91476,0,0,0,0,0,0,0,0,0,0,0,0,0,0,0,0,0,0,0,0,0,0,0,0
1770178320983952589,-0.0958313,0.818301,-2.03328,-0.216319,0.530986,-1.69121,-0.105432,1.21944,-2.0303,0.22358,0.906164,-1.91583,0,0,0,0,0,0,0,0,0,0,0,0,0,0,0,0,0,0,0,0,0,0,0,0
1770178321004028470,-0.0971832,0.816942,-2.03461,-0.219195,0.528662,-1.69355,-0.10788,1.21702,-2.02742,0.224617,0.907213,-1.91477,0,0,0,0,0,0,0,0,0,0,0,0,0,0,0,0,0,0,0,0,0,0,0,0
1770178321024117088,-0.095774,0.818359,-2.03322,-0.216386,0.530909,-1.69129,-0.10546,1.21946,-2.03032,0.223592,0.906176,-1.91582,0,0,0,0,0,0,0,0,0,0,0,0,0,0,0,0,0,0,0,0,0,0,0,0
1770178321044202057,-0.097235,0.81689,-2.03466,-0.219151,0.528713,-1.6935,-0.10774,1.21634,-2.03281,0.224605,0.9072,-1.91478,0,0,0,0,0,0,0,0,0,0,0,0,0,0,0,0,0,0,0,0,0,0,0,0
1770178321064281586,-0.095715,0.818418,-2.03316,-0.21644,0.53085,-1.69135,-0.106005,1.21953,-2.03066,0.223603,0.906187,-1.91581,0,0,0,0,0,0,0,0,0,0,0,0,0,0,0,0,0,0,0,0,0,0,0,0
1770178321084353019,-0.0972876,0.816836,-2.03472,-0.219114,0.528754,-1.69345,-0.107938,1.22222,-2.03278,0.224593,0.907188,-1.9148,0,0,0,0,0,0,0,0,0,0,0,0,0,0,0,0,0,0,0,0,0,0,0,0
1770178321104438053,-0.0956548,0.818478,-2.0331,-0.216484,0.530802,-1.6914,-0.105662,1.21975,-2.03071,0.223613,0.906197,-1.9158,0,0,0,0,0,0,0,0,0,0,0,0,0,0,0,0,0,0,0,0,0,0,0,0
1770178321124514094,-0.0973403,0.816783,-2.03477,-0.219082,0.528787,-1.69342,-0.107963,1.2222,-2.03293,0.224581,0.907177,-1.91481,0,0,0,0,0,0,0,0,0,0,0,0,0,0,0,0,0,0,0,0,0,0,0,0
1770178321144591832,-0.0955944,0.818539,-2.03305,-0.21652,0.530762,-1.69144,-0.10556,1.21976,-2.03062,0.223623,0.906207,-1.91579,0,0,0,0,0,0,0,0,0,0,0,0,0,0,0,0,0,0,0,0,0,0,0,0
1770178321164892967,-0.0973923,0.816731,-2.03482,-0.219056,0.528816,-1.69339,-0.10802,1.22222,-2.033,0.224571,0.907166,-1.91482,0,0,0,0,0,0,0,0,0,0,0,0,0,0,0,0,0,0,0,0,0,0,0,0
1770178321184970385,-0.0955346,0.818599,-2.03299,-0.21655,0.530729,-1.69148,-0.105493,1.21974,-2.03055,0.223632,0.906217,-1.91578,0,0,0,0,0,0,0,0,0,0,0,0,0,0,0,0,0,0,0,0,0,0,0,0
1770178321205048122,-0.0974428,0.81668,-2.03487,-0.219033,0.528839,-1.69336,-0.108066,1.22224,-2.03305,0.22456,0.907156,-1.91483,0,0,0,0,0,0,0,0,0,0,0,0,0,0,0,0,0,0,0,0,0,0,0,0
1770178321225127811,-0.0954764,0.818657,-2.03293,-0.216576,0.530701,-1.6915,-0.105442,1.21971,-2.03049,0.223641,0.906226,-1.91577,0,0,0,0,0,0,0,0,0,0,0,0,0,0,0,0,0,0,0,0,0,0,0,0
1770178321245205741,-0.097491,0.816631,-2.03492,-0.219013,0.52886,-1.69334,-0.108098,1.22227,-2.03308,0.224551,0.907146,-1.91484,0,0,0,0,0,0,0,0,0,0,0,0,0,0,0,0,0,0,0,0,0,0,0,0
1770178321265283382,-0.0954206,0.818713,-2.03287,-0.216598,0.530677,-1.69153,-0.105408,1.21968,-2.03046,0.22365,0.906235,-1.91576,0,0,0,0,0,0,0,0,0,0,0,0,0,0,0,0,0,0,0,0,0,0,0,0
1770178321285362367,-0.0975363,0.816585,-2.03496,-0.218996,0.528878,-1.69332,-0.108107,1.22228,-2.03308,0.224541,0.907137,-1.91485,0,0,0,0,0,0,0,0,0,0,0,0,0,0,0,0,0,0,0,0,0,0,0,0
1770178321305435464,-0.0953683,0.818766,-2.03282,-0.216617,0.530657,-1.69155,-0.105401,1.21967,-2.03045,0.223658,0.906243,-1.91575,0,0,0,0,0,0,0,0,0,0,0,0,0,0,0,0,0,0,0,0,0,0,0,0
1770178321325506641,-0.097578,0.816543,-2.035,-0.218981,0.528893,-1.69331,-0.108101,1.22228,-2.03307,0.224533,0.907128,-1.91486,0,0,0,0,0,0,0,0,0,0,0,0,0,0,0,0,0,0,0,0,0,0,0,0
1770178321345581563,-0.0953199,0.818814,-2.03277,-0.216634,0.530639,-1.69157,-0.10541,1.21967,-2.03046,0.223666,0.906251,-1.91574,0,0,0,0,0,0,0,0,0,0,0,0,0,0,0,0,0,0,0,0,0,0,0,0
1770178321365658308,-0.0976157,0.816505,-2.03504,-0.218968,0.528906,-1.69329,-0.108109,1.22228,-2.03308,0.224524,0.907119,-1.91487,0,0,0,0,0,0,0,0,0,0,0,0,0,0,0,0,0,0,0,0,0,0,0,0
1770178321385731373,-0.0952761,0.818858,-2.03273,-0.216649,0.530623,-1.69158,-0.105399,1.21966,-2.03045,0.223673,0.906258,-1.91573,0,0,0,0,0,0,0,0,0,0,0,0,0,0,0,0,0,0,0,0,0,0,0,0
1770178321405807350,-0.0976493,0.816471,-2.03507,-0.218956,0.528918,-1.69328,-0.108096,1.22227,-2.03306,0.224516,0.907111,-1.91487,0,0,0,0,0,0,0,0,0,0,0,0,0,0,0,0,0,0,0,0,0,0,0,0
1770178321425881823,-0.0952371,0.818897,-2.03269,-0.216662,0.530609,-1.6916,-0.105418,1.21967,-2.03047,0.22368,0.906266,-1.91573,0,0,0,0,0,0,0,0,0,0,0,0,0,0,0,0,0,0,0,0,0,0,0,0
1770178321445968777,-0.0976787,0.816441,-2.0351,-0.218945,0.528929,-1.69327,-0.10811,1.22228,-2.03308,0.224508,0.907103,-1.91488,0,0,0,0,0,0,0,0,0,0,0,0,0,0,0,0,0,0,0,0,0,0,0,0
1770178321466050194,-0.095203,0.818931,-2.03266,-0.216674,0.530597,-1.69161,-0.105396,1.21966,-2.03045,0.223687,0.906273,-1.91572,0,0,0,0,0,0,0,0,0,0,0,0,0,0,0,0,0,0,0,0,0,0,0,0
1770178321486124412,-0.0977039,0.816416,-2.03513,-0.218936,0.528938,-1.69326,-0.108087,1.22227,-2.03305,0.224501,0.907096,-1.91489,0,0,0,0,0,0,0,0,0,0,0,0,0,0,0,0,0,0,0,0,0,0,0,0
1770178321506201125,-0.0951736,0.818961,-2.03263,-0.216684,0.530586,-1.69162,-0.105429,1.21968,-2.03048,0.223694,0.906279,-1.91571,0,0,0,0,0,0,0,0,0,0,0,0,0,0,0,0,0,0,0,0,0,0,0,0
1770178321526287790,-0.0977252,0.816394,-2.03515,-0.218927,0.528946,-1.69325,-0.108108,1.22228,-2.03308,0.224494,0.907088,-1.9149,0,0,0,0,0,0,0,0,0,0,0,0,0,0,0,0,0,0,0,0,0,0,0,0
1770178321546361368,-0.0951489,0.818985,-2.03261,-0.216693,0.530576,-1.69163,-0.105398,1.21966,-2.03045,0.2237,0.906286,-1.91571,0,0,0,0,0,0,0,0,0,0,0,0,0,0,0,0,0,0,0,0,0,0,0,0
1770178321566437793,-0.0977429,0.816376,-2.03517,-0.21892,0.528954,-1.69324,-0.108094,1.22227,-2.03306,0.224487,0.907081,-1.9149,0,0,0,0,0,0,0,0,0,0,0,0,0,0,0,0,0,0,0,0,0,0,0,0
1770178321586516618,-0.0951283,0.819006,-2.03259,-0.216701,0.530567,-1.69164,-0.105419,1.21967,-2.03047,0.223706,0.906292,-1.9157,0,0,0,0,0,0,0,0,0,0,0,0,0,0,0,0,0,0,0,0,0,0,0,0
1770178321606596724,-0.0977574,0.816362,-2.03518,-0.218913,0.52896,-1.69324,-0.10811,1.22228,-2.03308,0.22448,0.907075,-1.91491,0,0,0,0,0,0,0,0,0,0,0,0,0,0,0,0,0,0,0,0,0,0,0,0
1770178321626672797,-0.0951115,0.819023,-2.03257,-0.216709,0.530559,-1.69165,-0.105396,1.21966,-2.03045,0.223712,0.906298,-1.91569,0,0,0,0,0,0,0,0,0,0,0,0,0,0,0,0,0,0,0,0,0,0,0,0
1770178321646744710,-0.0977691,0.81635,-2.03519,-0.218907,0.528966,-1.69323,-0.108087,1.22227,-2.03305,0.224474,0.907068,-1.91492,0,0,0,0,0,0,0,0,0,0,0,0,0,0,0,0,0,0,0,0,0,0,0,0
1770178321666823887,-0.0950979,0.819036,-2.03256,-0.216715,0.530553,-1.69166,-0.105429,1.21968,-2.03048,0.223718,0.906304,-1.91569,0,0,0,0,0,0,0,0,0,0,0,0,0,0,0,0,0,0,0,0,0,0,0,0
1770178321686910905,-0.0977783,0.816341,-2.0352,-0.218901,0.528972,-1.69323,-0.108108,1.22228,-2.03308,0.224467,0.907062,-1.91492,0,0,0,0,0,0,0,0,0,0,0,0,0,0,0,0,0,0,0,0,0,0,0,0
1770178321706984674,-0.0950871,0.819047,-2.03255,-0.216721,0.530546,-1.69166,-0.105398,1.21966,-2.03045,0.223724,0.90631,-1.91568,0,0,0,0,0,0,0,0,0,0,0,0,0,0,0,0,0,0,0,0,0,0,0,0
1770178321727062315,-0.0977856,0.816333,-2.03521,-0.218896,0.528977,-1.69322,-0.108094,1.22227,-2.03306,0.224461,0.907056,-1.91493,0,0,0,0,0,0,0,0,0,0,0,0,0,0,0,0,0,0,0,0,0,0,0,0
1770178321747138581,-0.0950787,0.819056,-2.03254,-0.216727,0.530541,-1.69167,-0.10542,1.21967,-2.03047,0.223729,0.906315,-1.91568,0,0,0,0,0,0,0,0,0,0,0,0,0,0,0,0,0,0,0,0,0,0,0,0
1770178321767218590,-0.0977912,0.816328,-2.03521,-0.218892,0.528981,-1.69322,-0.10811,1.22228,-2.03308,0.224455,0.90705,-1.91494,0,0,0,0,0,0,0,0,0,0,0,0,0,0,0,0,0,0,0,0,0,0,0,0
1770178321787294695,-0.0950722,0.819062,-2.03253,-0.216732,0.530535,-1.69167,-0.105396,1.21966,-2.03045,0.223734,0.906321,-1.91567,0,0,0,0,0,0,0,0,0,0,0,0,0,0,0,0,0,0,0,0,0,0,0,0
1770178321807374096,-0.0977954,0.816323,-2.03522,-0.218888,0.528985,-1.69321,-0.108088,1.22227,-2.03305,0.22445,0.907044,-1.91494,0,0,0,0,0,0,0,0,0,0,0,0,0,0,0,0,0,0,0,0,0,0,0,0
1770178321827451962,-0.0950672,0.819067,-2.03253,-0.216736,0.530531,-1.69168,-0.105429,1.21968,-2.03048,0.223739,0.906326,-1.91567,0,0,0,0,0,0,0,0,0,0,0,0,0,0,0,0,0,0,0,0,0,0,0,0
1770178321847530435,-0.0977987,0.81632,-2.03522,-0.218884,0.528989,-1.69321,-0.108108,1.22228,-2.03308,0.224444,0.907039,-1.91495,0,0,0,0,0,0,0,0,0,0,0,0,0,0,0,0,0,0,0,0,0,0,0,0
1770178321867609644,-0.0950634,0.819071,-2.03252,-0.21674,0.530527,-1.69168,-0.105398,1.21966,-2.03045,0.223744,0.906331,-1.91566,0,0,0,0,0,0,0,0,0,0,0,0,0,0,0,0,0,0,0,0,0,0,0,0
1770178321887688406,-0.0978011,0.816317,-2.03522,-0.21888,0.528992,-1.69321,-0.108094,1.22227,-2.03306,0.224439,0.907034,-1.91495,0,0,0,0,0,0,0,0,0,0,0,0,0,0,0,0,0,0,0,0,0,0,0,0
1770178321907765343,-0.0950606,0.819074,-2.03252,-0.216744,0.530523,-1.69169,-0.10542,1.21967,-2.03047,0.223749,0.906336,-1.91566,0,0,0,0,0,0,0,0,0,0,0,0,0,0,0,0,0,0,0,0,0,0,0,0
1770178321927843432,-0.0978029,0.816316,-2.03523,-0.218877,0.528995,-1.6932,-0.10811,1.22228,-2.03308,0.224434,0.907028,-1.91496,0,0,0,0,0,0,0,0,0,0,0,0,0,0,0,0,0,0,0,0,0,0,0,0
1770178321947920338,-0.0950585,0.819076,-2.03252,-0.216747,0.530519,-1.69169,-0.105396,1.21966,-2.03045,0.223754,0.90634,-1.91565,0,0,0,0,0,0,0,0,0,0,0,0,0,0,0,0,0,0,0,0,0,0,0,0
1770178321967994203,-0.0978043,0.816314,-2.03523,-0.218874,0.528997,-1.6932,-0.108088,1.22227,-2.03305,0.224429,0.907023,-1.91496,0,0,0,0,0,0,0,0,0,0,0,0,0,0,0,0,0,0,0,0,0,0,0,0
1770178321988072164,-0.0950569,0.819077,-2.03252,-0.21675,0.530516,-1.69169,-0.105428,1.21968,-2.03048,0.223758,0.906345,-1.91565,0,0,0,0,0,0,0,0,0,0,0,0,0,0,0,0,0,0,0,0,0,0,0,0
1770178322008152941,-0.0203768,0.993983,-1.67473,0.0875559,0.480427,-1.84819,-0.0343097,1.42369,-1.78064,-0.0158771,0.855069,-1.78064,0,0,0,0,0,0,0,0,0,0,0,0,0,0,0,0,0,0,0,0,0,0,0,0
1770178322028225239,-0.0165396,1.00788,-1.66535,0.0877749,0.481834,-1.85318,-0.029178,1.40921,-1.78301,-0.0264487,0.861885,-1.79376,0,0,0,0,0,0,0,0,0,0,0,0,0,0,0,0,0,0,0,0,0,0,0,0
1770178322048303776,-0.01453,1.00693,-1.66533,0.0863447,0.483201,-1.85172,-0.0316621,1.41011,-1.78173,-0.0277903,0.861135,-1.7932,0,0,0,0,0,0,0,0,0,0,0,0,0,0,0,0,0,0,0,0,0,0,0,0
1770178322068383145,-0.0158478,1.00731,-1.66529,0.087848,0.481669,-1.85322,-0.0294888,1.40861,-1.78243,-0.0268726,0.862279,-1.7944,0,0,0,0,0,0,0,0,0,0,0,0,0,0,0,0,0,0,0,0,0,0,0,0
1770178322088464435,-0.0148857,1.00716,-1.66519,0.086255,0.483295,-1.85163,-0.0317522,1.40996,-1.7816,-0.0280211,0.861198,-1.79332,0,0,0,0,0,0,0,0,0,0,0,0,0,0,0,0,0,0,0,0,0,0,0,0
1770178322108543900,-0.015598,1.00713,-1.66537,0.0879504,0.481565,-1.85333,-0.0294975,1.40859,-1.78241,-0.026851,0.862387,-1.79453,0,0,0,0,0,0,0,0,0,0,0,0,0,0,0,0,0,0,0,0,0,0,0,0
1770178322128623397,-0.0150196,1.00728,-1.66513,0.0861609,0.483392,-1.85154,-0.0317612,1.40996,-1.7816,-0.0281073,0.861142,-1.79327,0,0,0,0,0,0,0,0,0,0,0,0,0,0,0,0,0,0,0,0,0,0,0,0
1770178322148701775,-0.0155117,1.00704,-1.66542,0.0880581,0.481456,-1.85343,-0.0294941,1.40859,-1.78241,-0.0267773,0.862469,-1.79461,0,0,0,0,0,0,0,0,0,0,0,0,0,0,0,0,0,0,0,0,0,0,0,0
1770178322168779896,-0.0150617,1.00734,-1.66509,0.0860647,0.48349,-1.85144,-0.0317658,1.40996,-1.7816,-0.028183,0.861069,-1.7932,0,0,0,0,0,0,0,0,0,0,0,0,0,0,0,0,0,0,0,0,0,0,0,0
1770178322188857537,-0.0154913,1.00699,-1.66546,0.0881682,0.481344,-1.85354,-0.0294909,1.40859,-1.78241,-0.0266925,0.862553,-1.7947,0,0,0,0,0,0,0,0,0,0,0,0,0,0,0,0,0,0,0,0,0,0,0,0
1770178322208937579,-0.0150637,1.00739,-1.66506,0.0859705,0.483587,-1.85135,-0.0317697,1.40996,-1.7816,-0.0282615,0.86099,-1.79312,0,0,0,0,0,0,0,0,0,0,0,0,0,0,0,0,0,0,0,0,0,0,0,0
1770178322229015892,-0.0154999,1.00695,-1.66549,0.0882762,0.481234,-1.85365,-0.0294881,1.40858,-1.78241,-0.0266019,0.862642,-1.79479,0,0,0,0,0,0,0,0,0,0,0,0,0,0,0,0,0,0,0,0,0,0,0,0
1770178322249093757,-0.0150468,1.00743,-1.66502,0.0858902,0.48367,-1.85127,-0.0317729,1.40996,-1.7816,-0.0283426,0.860907,-1.79303,0,0,0,0,0,0,0,0,0,0,0,0,0,0,0,0,0,0,0,0,0,0,0,0
1770178322269172038,-0.0155229,1.00691,-1.66553,0.0883687,0.48114,-1.85374,-0.0294858,1.40858,-1.78241,-0.0265075,0.862735,-1.79488,0,0,0,0,0,0,0,0,0,0,0,0,0,0,0,0,0,0,0,0,0,0,0,0
1770178322289249840,-0.0150197,1.00746,-1.66499,0.0913413,0.478229,-1.85672,-0.0317756,1.40996,-1.7816,-0.0284246,0.860824,-1.79295,0,0,0,0,0,0,0,0,0,0,0,0,0,0,0,0,0,0,0,0,0,0,0,0
1770178322309329561,-0.0155544,1.00687,-1.66557,0.08843,0.481079,-1.85381,-0.0294838,1.40858,-1.78241,-0.0264114,0.86283,-1.79497,0,0,0,0,0,0,0,0,0,0,0,0,0,0,0,0,0,0,0,0,0,0,0,0
1770178322329409474,-0.0149858,1.00751,-1.66495,0.0913137,0.478256,-1.85669,-0.0317779,1.40996,-1.7816,-0.0285051,0.860742,-1.79287,0,0,0,0,0,0,0,0,0,0,0,0,0,0,0,0,0,0,0,0,0,0,0,0
1770178322349485676,-0.0155925,1.00682,-1.66561,0.0884624,0.481047,-1.85384,-0.0294821,1.40858,-1.78241,-0.0263168,0.862922,-1.79507,0,0,0,0,0,0,0,0,0,0,0,0,0,0,0,0,0,0,0,0,0,0,0,0
1770178322369560469,-0.0149462,1.00755,-1.6649,0.0912937,0.478275,-1.85667,-0.0317799,1.40996,-1.7816,-0.0285804,0.860664,-1.79279,0,0,0,0,0,0,0,0,0,0,0,0,0,0,0,0,0,0,0,0,0,0,0,0
1770178322389636894,-0.0156365,1.00677,-1.66566,0.0884856,0.481025,-1.85386,-0.0294806,1.40858,-1.78241,-0.0262275,0.863009,-1.79515,0,0,0,0,0,0,0,0,0,0,0,0,0,0,0,0,0,0,0,0,0,0,0,0
1770178322409720328,-0.0149011,1.0076,-1.66485,0.0912786,0.47829,-1.85665,-0.0317816,1.40996,-1.7816,-0.0286426,0.860596,-1.79272,0,0,0,0,0,0,0,0,0,0,0,0,0,0,0,0,0,0,0,0,0,0,0,0
1770178322429799569,-0.0156865,1.00672,-1.66572,0.088503,0.481007,-1.85388,-0.0294794,1.40858,-1.78241,-0.0261513,0.863083,-1.79523,0,0,0,0,0,0,0,0,0,0,0,0,0,0,0,0,0,0,0,0,0,0,0,0
1770178322449876634,-0.0148505,1.00766,-1.6648,0.0912671,0.478301,-1.85664,-0.0317831,1.40996,-1.7816,-0.0298734,0.860409,-1.79771,0,0,0,0,0,0,0,0,0,0,0,0,0,0,0,0,0,0,0,0,0,0,0,0
1770178322469956900,-0.0157429,1.00665,-1.66578,0.0885164,0.480994,-1.85389,-0.0294783,1.40858,-1.78241,-0.0264914,0.862152,-1.79621,0,0,0,0,0,0,0,0,0,0,0,0,0,0,0,0,0,0,0,0,0,0,0,0
1770178322490043341,-0.0147941,1.00772,-1.66474,0.091258,0.47831,-1.85663,-0.0317843,1.40996,-1.78159,-0.0291075,0.860321,-1.79786,0,0,0,0,0,0,0,0,0,0,0,0,0,0,0,0,0,0,0,0,0,0,0,0
1770178322510122550,-0.0158057,1.00658,-1.66585,0.0885268,0.480984,-1.8539,-0.0294773,1.40858,-1.78241,-0.0266885,0.862146,-1.7962,0,0,0,0,0,0,0,0,0,0,0,0,0,0,0,0,0,0,0,0,0,0,0,0
1770178322530201312,-0.014732,1.00779,-1.66467,0.091251,0.478317,-1.85663,-0.0317854,1.40997,-1.78159,-0.0288966,0.860313,-1.79791,0,0,0,0,0,0,0,0,0,0,0,0,0,0,0,0,0,0,0,0,0,0,0,0
1770178322550275817,-0.0158752,1.0065,-1.66592,0.088535,0.480976,-1.85391,-0.0294765,1.40858,-1.78241,-0.0268055,0.862137,-1.7962,0,0,0,0,0,0,0,0,0,0,0,0,0,0,0,0,0,0,0,0,0,0,0,0
1770178322570354418,-0.0146643,1.00787,-1.6646,0.0912454,0.478322,-1.85662,-0.0317864,1.40997,-1.78159,-0.0287729,0.86031,-1.79794,0,0,0,0,0,0,0,0,0,0,0,0,0,0,0,0,0,0,0,0,0,0,0,0
1770178322590432924,-0.0159512,1.00642,-1.66601,0.0885415,0.480969,-1.85392,-0.0294758,1.40858,-1.78241,-0.0268873,0.862128,-1.79619,0,0,0,0,0,0,0,0,0,0,0,0,0,0,0,0,0,0,0,0,0,0,0,0
1770178322610510405,-0.0145915,1.00795,-1.66452,0.0912409,0.478326,-1.85662,-0.0317873,1.40997,-1.78159,-0.0286883,0.860311,-1.79795,0,0,0,0,0,0,0,0,0,0,0,0,0,0,0,0,0,0,0,0,0,0,0,0
1770178322630592302,-0.0160331,1.00633,-1.6661,0.0885466,0.480964,-1.85392,-0.0294751,1.40858,-1.78241,-0.0269491,0.862119,-1.79619,0,0,0,0,0,0,0,0,0,0,0,0,0,0,0,0,0,0,0,0,0,0,0,0
1770178322650666487,-0.0145145,1.00803,-1.66444,0.0912373,0.47833,-1.85661,-0.031788,1.40997,-1.78159,-0.028626,0.860314,-1.79796,0,0,0,0,0,0,0,0,0,0,0,0,0,0,0,0,0,0,0,0,0,0,0,0
1770178322670741985,-0.0161199,1.00623,-1.66619,0.0885508,0.48096,-1.85393,-0.0294746,1.40858,-1.78241,-0.026998,0.862109,-1.7962,0,0,0,0,0,0,0,0,0,0,0,0,0,0,0,0,0,0,0,0,0,0,0,0
1770178322690821450,-0.0144347,1.00812,-1.66435,0.0912345,0.478333,-1.85661,-0.0317887,1.40997,-1.78159,-0.0285777,0.860318,-1.79797,0,0,0,0,0,0,0,0,0,0,0,0,0,0,0,0,0,0,0,0,0,0,0,0
1770178322710899923,-0.01621,1.00613,-1.66629,0.0885541,0.480957,-1.85393,-0.0294741,1.40858,-1.78241,-0.0270378,0.8621,-1.7962,0,0,0,0,0,0,0,0,0,0,0,0,0,0,0,0,0,0,0,0,0,0,0,0
1770178322730977213,-0.0143539,1.00821,-1.66427,0.0912322,0.478335,-1.85661,-0.0317892,1.40997,-1.78159,-0.0285391,0.860323,-1.79797,0,0,0,0,0,0,0,0,0,0,0,0,0,0,0,0,0,0,0,0,0,0,0,0
1770178322751053606,-0.0163011,1.00603,-1.66639,0.0885567,0.480954,-1.85393,-0.0294736,1.40858,-1.78241,-0.027071,0.86209,-1.7962,0,0,0,0,0,0,0,0,0,0,0,0,0,0,0,0,0,0,0,0,0,0,0,0
1770178322771133423,-0.014275,1.0083,-1.66418,0.0912303,0.478337,-1.85661,-0.0317898,1.40997,-1.78159,-0.0285077,0.860329,-1.79797,0,0,0,0,0,0,0,0,0,0,0,0,0,0,0,0,0,0,0,0,0,0,0,0
1770178322791212953,-0.0163902,1.00593,-1.66649,0.0885589,0.480952,-1.85393,-0.0294732,1.40858,-1.78241,-0.027099,0.862081,-1.79621,0,0,0,0,0,0,0,0,0,0,0,0,0,0,0,0,0,0,0,0,0,0,0,0
1770178322811286370,-0.0142036,1.00837,-1.66411,0.0912288,0.478338,-1.8566,-0.0317902,1.40997,-1.78159,-0.0284815,0.860335,-1.79796,0,0,0,0,0,0,0,0,0,0,0,0,0,0,0,0,0,0,0,0,0,0,0,0
1770178322831365387,-0.0164697,1.00585,-1.66657,0.0885606,0.480951,-1.85394,-0.0294729,1.40858,-1.78241,-0.027123,0.862072,-1.79622,0,0,0,0,0,0,0,0,0,0,0,0,0,0,0,0,0,0,0,0,0,0,0,0
1770178322851444180,-0.0141579,1.00351,-1.66425,0.0912276,0.478339,-1.8566,-0.0317906,1.40997,-1.78159,-0.0284594,0.860341,-1.79796,0,0,0,0,0,0,0,0,0,0,0,0,0,0,0,0,0,0,0,0,0,0,0,0
1770178322871523486,-0.0165535,1.00591,-1.6667,0.088562,0.480949,-1.85394,-0.0294726,1.40858,-1.78241,-0.0271438,0.862064,-1.79622,0,0,0,0,0,0,0,0,0,0,0,0,0,0,0,0,0,0,0,0,0,0,0,0
1770178322891602695,-0.0141152,1.00345,-1.6642,0.0912267,0.47834,-1.8566,-0.031791,1.40997,-1.78159,-0.0284406,0.860347,-1.79796,0,0,0,0,0,0,0,0,0,0,0,0,0,0,0,0,0,0,0,0,0,0,0,0
1770178322911679088,-0.0166095,1.00596,-1.66676,0.0885631,0.480948,-1.85394,-0.0294723,1.40858,-1.78241,-0.0271618,0.862056,-1.79623,0,0,0,0,0,0,0,0,0,0,0,0,0,0,0,0,0,0,0,0,0,0,0,0
1770178322931755546,-0.0135061,1.00882,-1.66955,0.0912259,0.478341,-1.8566,-0.0317913,1.40997,-1.78159,-0.0284245,0.860353,-1.79795,0,0,0,0,0,0,0,0,0,0,0,0,0,0,0,0,0,0,0,0,0,0,0,0
1770178322951835171,-0.0165125,1.00617,-1.66693,0.088564,0.480947,-1.85394,-0.029472,1.40857,-1.78241,-0.0271777,0.862048,-1.79623,0,0,0,0,0,0,0,0,0,0,0,0,0,0,0,0,0,0,0,0,0,0,0,0
1770178322971910284,-0.0136037,1.00883,-1.66953,0.0912252,0.478342,-1.8566,-0.0317916,1.40997,-1.78159,-0.0284104,0.860359,-1.79795,0,0,0,0,0,0,0,0,0,0,0,0,0,0,0,0,0,0,0,0,0,0,0,0
1770178322991989237,-0.0164525,1.00621,-1.66697,0.0885647,0.480947,-1.85394,-0.0294718,1.40857,-1.78241,-0.0271916,0.86204,-1.79624,0,0,0,0,0,0,0,0,0,0,0,0,0,0,0,0,0,0,0,0,0,0,0,0
1770178323012069119,-0.0136472,1.00881,-1.66951,0.0912247,0.478342,-1.8566,-0.0317919,1.40997,-1.78159,-0.0283982,0.860365,-1.79795,0,0,0,0,0,0,0,0,0,0,0,0,0,0,0,0,0,0,0,0,0,0,0,0
1770178323032146952,-0.0164129,1.00625,-1.66701,0.0885653,0.480946,-1.85394,-0.0294716,1.40857,-1.78241,-0.027204,0.862033,-1.79625,0,0,0,0,0,0,0,0,0,0,0,0,0,0,0,0,0,0,0,0,0,0,0,0
1770178323052229586,-0.0136753,1.00879,-1.66948,0.0912243,0.478343,-1.8566,-0.0317921,1.40997,-1.78159,-0.0283875,0.86037,-1.79794,0,0,0,0,0,0,0,0,0,0,0,0,0,0,0,0,0,0,0,0,0,0,0,0
1770178323072317467,-0.0163833,1.00628,-1.66704,0.0885658,0.480946,-1.85394,-0.0294714,1.40857,-1.78241,-0.027215,0.862027,-1.79625,0,0,0,0,0,0,0,0,0,0,0,0,0,0,0,0,0,0,0,0,0,0,0,0
1770178323092399173,-0.0136963,1.00877,-1.66947,0.091224,0.478343,-1.8566,-0.0317923,1.40997,-1.78159,-0.0283781,0.860375,-1.79794,0,0,0,0,0,0,0,0,0,0,0,0,0,0,0,0,0,0,0,0,0,0,0,0
1770178323112475054,-0.0163603,1.0063,-1.66706,0.0885662,0.480945,-1.85394,-0.0294713,1.40857,-1.78241,-0.0272249,0.862021,-1.79626,0,0,0,0,0,0,0,0,0,0,0,0,0,0,0,0,0,0,0,0,0,0,0,0
1770178323132555991,-0.0137128,1.00876,-1.66945,0.0912237,0.478343,-1.8566,-0.0317925,1.40997,-1.78159,-0.0283697,0.86038,-1.79793,0,0,0,0,0,0,0,0,0,0,0,0,0,0,0,0,0,0,0,0,0,0,0,0
1770178323152632896,-0.0163419,1.00632,-1.66708,0.0885665,0.480945,-1.85394,-0.0294711,1.40857,-1.78241,-0.0272337,0.862015,-1.79626,0,0,0,0,0,0,0,0,0,0,0,0,0,0,0,0,0,0,0,0,0,0,0,0
1770178323172707114,-0.013726,1.00874,-1.66944,0.0912235,0.478343,-1.8566,-0.0317927,1.40997,-1.78159,-0.0283622,0.860385,-1.79793,0,0,0,0,0,0,0,0,0,0,0,0,0,0,0,0,0,0,0,0,0,0,0,0
1770178323192787123,-0.016327,1.00633,-1.66709,0.0885668,0.480945,-1.85394,-0.029471,1.40857,-1.78241,-0.0272417,0.862009,-1.79627,0,0,0,0,0,0,0,0,0,0,0,0,0,0,0,0,0,0,0,0,0,0,0,0
1770178323212865948,-0.0137368,1.00873,-1.66943,0.0912233,0.478344,-1.8566,-0.0317929,1.40997,-1.78159,-0.0283556,0.860389,-1.79792,0,0,0,0,0,0,0,0,0,0,0,0,0,0,0,0,0,0,0,0,0,0,0,0
1770178323232941798,-0.0163149,1.00634,-1.6671,0.088567,0.480944,-1.85394,-0.0294709,1.40857,-1.78241,-0.0272489,0.862004,-1.79627,0,0,0,0,0,0,0,0,0,0,0,0,0,0,0,0,0,0,0,0,0,0,0,0
1770178323253018511,-0.0137457,1.00873,-1.66942,0.0912232,0.478344,-1.8566,-0.031793,1.40997,-1.78159,-0.0283496,0.860394,-1.79792,0,0,0,0,0,0,0,0,0,0,0,0,0,0,0,0,0,0,0,0,0,0,0,0
1770178323273101208,-0.0163049,1.00635,-1.66711,0.0885671,0.480944,-1.85394,-0.0294708,1.40857,-1.78241,-0.0272554,0.861999,-1.79628,0,0,0,0,0,0,0,0,0,0,0,0,0,0,0,0,0,0,0,0,0,0,0,0
1770178323293186274,-0.013753,1.00872,-1.66942,0.091223,0.478344,-1.8566,-0.0317931,1.40997,-1.78159,-0.0283442,0.860398,-1.79792,0,0,0,0,0,0,0,0,0,0,0,0,0,0,0,0,0,0,0,0,0,0,0,0
1770178323313261387,-0.0162967,1.00636,-1.66712,0.0885673,0.480944,-1.85394,-0.0294707,1.40857,-1.78241,-0.0272612,0.861995,-1.79628,0,0,0,0,0,0,0,0,0,0,0,0,0,0,0,0,0,0,0,0,0,0,0,0
1770178323333340308,-0.0137591,1.00871,-1.66941,0.0912229,0.478344,-1.8566,-0.0317933,1.40997,-1.78159,-0.0283394,0.860401,-1.79791,0,0,0,0,0,0,0,0,0,0,0,0,0,0,0,0,0,0,0,0,0,0,0,0
1770178323353414077,-0.0162899,1.00637,-1.66713,0.0885674,0.480944,-1.85394,-0.0294706,1.40857,-1.78241,-0.0272666,0.861991,-1.79628,0,0,0,0,0,0,0,0,0,0,0,0,0,0,0,0,0,0,0,0,0,0,0,0
1770178323373491207,-0.0137641,1.00871,-1.66941,0.0912229,0.478344,-1.8566,-0.0317934,1.40997,-1.78159,-0.028335,0.860405,-1.79791,0,0,0,0,0,0,0,0,0,0,0,0,0,0,0,0,0,0,0,0,0,0,0,0
1770178323393575120,-0.0162842,1.00638,-1.66713,0.0885675,0.480944,-1.85394,-0.0294705,1.40857,-1.78241,-0.0272715,0.861987,-1.79629,0,0,0,0,0,0,0,0,0,0,0,0,0,0,0,0,0,0,0,0,0,0,0,0
1770178323413654138,-0.0137683,1.0087,-1.6694,0.0912228,0.478344,-1.8566,-0.0317935,1.40997,-1.78159,-0.028331,0.860408,-1.79791,0,0,0,0,0,0,0,0,0,0,0,0,0,0,0,0,0,0,0,0,0,0,0,0
1770178323433731427,-0.0162795,1.00638,-1.66714,0.0885675,0.480944,-1.85394,-0.0294704,1.40857,-1.78241,-0.027276,0.861983,-1.79629,0,0,0,0,0,0,0,0,0,0,0,0,0,0,0,0,0,0,0,0,0,0,0,0
1770178323453805100,-0.0137718,1.0087,-1.6694,0.0912228,0.478344,-1.8566,-0.0317935,1.40997,-1.78159,-0.0283274,0.860411,-1.7979,0,0,0,0,0,0,0,0,0,0,0,0,0,0,0,0,0,0,0,0,0,0,0,0
1770178323473881909,-0.0162756,1.00638,-1.66714,0.0885676,0.480944,-1.85394,-0.0294703,1.40857,-1.78241,-0.02728,0.861979,-1.79629,0,0,0,0,0,0,0,0,0,0,0,0,0,0,0,0,0,0,0,0,0,0,0,0
1770178323493958783,-0.0137748,1.0087,-1.6694,0.0912227,0.478344,-1.8566,-0.0317936,1.40997,-1.78159,-0.0283241,0.860414,-1.7979,0,0,0,0,0,0,0,0,0,0,0,0,0,0,0,0,0,0,0,0,0,0,0,0
1770178323514036584,-0.0162723,1.00639,-1.66714,0.0885677,0.480944,-1.85394,-0.0294703,1.40857,-1.78241,-0.0272838,0.861976,-1.7963,0,0,0,0,0,0,0,0,0,0,0,0,0,0,0,0,0,0,0,0,0,0,0,0
1770178323534112849,-0.0137772,1.0087,-1.66939,0.0912227,0.478344,-1.8566,-0.0317937,1.40997,-1.78159,-0.0283211,0.860417,-1.7979,0,0,0,0,0,0,0,0,0,0,0,0,0,0,0,0,0,0,0,0,0,0,0,0
1770178323554191034,-0.0162695,1.00639,-1.66715,0.0885677,0.480944,-1.85394,-0.0294702,1.40857,-1.78241,-0.0272872,0.861973,-1.7963,0,0,0,0,0,0,0,0,0,0,0,0,0,0,0,0,0,0,0,0,0,0,0,0
1770178323574267428,-0.0137793,1.00869,-1.66939,0.0912227,0.478344,-1.8566,-0.0317938,1.40997,-1.78159,-0.0283184,0.860419,-1.7979,0,0,0,0,0,0,0,0,0,0,0,0,0,0,0,0,0,0,0,0,0,0,0,0
1770178323594353805,-0.0162672,1.00639,-1.66715,0.0885677,0.480944,-1.85394,-0.0294702,1.40857,-1.78241,-0.0272904,0.86197,-1.7963,0,0,0,0,0,0,0,0,0,0,0,0,0,0,0,0,0,0,0,0,0,0,0,0
1770178323614434039,-0.013781,1.00869,-1.66939,0.0912226,0.478344,-1.8566,-0.0317938,1.40997,-1.78159,-0.0283159,0.860422,-1.79789,0,0,0,0,0,0,0,0,0,0,0,0,0,0,0,0,0,0,0,0,0,0,0,0
1770178323634512288,-0.0162652,1.00639,-1.66715,0.0885677,0.480944,-1.85394,-0.0294701,1.40857,-1.78241,-0.0272933,0.861967,-1.79631,0,0,0,0,0,0,0,0,0,0,0,0,0,0,0,0,0,0,0,0,0,0,0,0
1770178323654598313,-0.0137825,1.00869,-1.66939,0.0912226,0.478344,-1.8566,-0.0317939,1.40997,-1.78159,-0.0283135,0.860424,-1.79789,0,0,0,0,0,0,0,0,0,0,0,0,0,0,0,0,0,0,0,0,0,0,0,0
1770178323674677907,-0.0162636,1.0064,-1.66715,0.0885678,0.480944,-1.85394,-0.0294701,1.40857,-1.78241,-0.027296,0.861965,-1.79631,0,0,0,0,0,0,0,0,0,0,0,0,0,0,0,0,0,0,0,0,0,0,0,0
1770178323694756956,-0.0137837,1.00869,-1.66939,0.0912226,0.478344,-1.8566,-0.0317939,1.40997,-1.78159,-0.0283114,0.860426,-1.79789,0,0,0,0,0,0,0,0,0,0,0,0,0,0,0,0,0,0,0,0,0,0,0,0
1770178323714834277,-0.0162622,1.0064,-1.66715,0.0885678,0.480944,-1.85394,-0.0294701,1.40857,-1.78241,-0.0272985,0.861962,-1.79631,0,0,0,0,0,0,0,0,0,0,0,0,0,0,0,0,0,0,0,0,0,0,0,0
1770178323734907790,-0.0137847,1.00869,-1.66939,0.0912226,0.478344,-1.8566,-0.031794,1.40997,-1.78159,-0.0283094,0.860428,-1.79789,0,0,0,0,0,0,0,0,0,0,0,0,0,0,0,0,0,0,0,0,0,0,0,0
1770178323754981784,-0.016261,1.0064,-1.66715,0.0885678,0.480944,-1.85394,-0.02947,1.40857,-1.78241,-0.0273008,0.86196,-1.79631,0,0,0,0,0,0,0,0,0,0,0,0,0,0,0,0,0,0,0,0,0,0,0,0
1770178323775059905,-0.0137856,1.00869,-1.66939,0.0912226,0.478344,-1.8566,-0.031794,1.40997,-1.78159,-0.0283076,0.86043,-1.79789,0,0,0,0,0,0,0,0,0,0,0,0,0,0,0,0,0,0,0,0,0,0,0,0
1770178323795142826,-0.0162601,1.0064,-1.66715,0.0885678,0.480944,-1.85394,-0.02947,1.40857,-1.78241,-0.0273029,0.861958,-1.79631,0,0,0,0,0,0,0,0,0,0,0,0,0,0,0,0,0,0,0,0,0,0,0,0
1770178323815220916,-0.0137864,1.00869,-1.66939,0.0912226,0.478344,-1.8566,-0.031794,1.40997,-1.78159,-0.028306,0.860432,-1.79788,0,0,0,0,0,0,0,0,0,0,0,0,0,0,0,0,0,0,0,0,0,0,0,0
1770178323835294141,-0.0162592,1.0064,-1.66715,0.0885678,0.480944,-1.85394,-0.02947,1.40857,-1.78241,-0.0273049,0.861956,-1.79632,0,0,0,0,0,0,0,0,0,0,0,0,0,0,0,0,0,0,0,0,0,0,0,0
1770178323855380710,-0.013787,1.00869,-1.66939,0.0912226,0.478344,-1.8566,-0.0317941,1.40997,-1.78159,-0.0283044,0.860434,-1.79788,0,0,0,0,0,0,0,0,0,0,0,0,0,0,0,0,0,0,0,0,0,0,0,0
1770178323875455824,-0.0162585,1.0064,-1.66716,0.0885678,0.480944,-1.85394,-0.0294699,1.40857,-1.78241,-0.0273067,0.861954,-1.79632,0,0,0,0,0,0,0,0,0,0,0,0,0,0,0,0,0,0,0,0,0,0,0,0
1770178323895532057,-0.0137875,1.00869,-1.66938,0.0912226,0.478344,-1.8566,-0.0317941,1.40997,-1.78159,-0.028303,0.860435,-1.79788,0,0,0,0,0,0,0,0,0,0,0,0,0,0,0,0,0,0,0,0,0,0,0,0
1770178323915607202,-0.016258,1.0064,-1.66716,0.0885678,0.480944,-1.85394,-0.0294699,1.40857,-1.78241,-0.0273084,0.861952,-1.79632,0,0,0,0,0,0,0,0,0,0,0,0,0,0,0,0,0,0,0,0,0,0,0,0
1770178323935680779,-0.0137879,1.00869,-1.66938,0.0912226,0.478344,-1.8566,-0.0317941,1.40997,-1.78159,-0.0283017,0.860437,-1.79788,0,0,0,0,0,0,0,0,0,0,0,0,0,0,0,0,0,0,0,0,0,0,0,0
1770178323955752436,-0.0162575,1.0064,-1.66716,0.0885678,0.480944,-1.85394,-0.0294699,1.40857,-1.78241,-0.02731,0.861951,-1.79632,0,0,0,0,0,0,0,0,0,0,0,0,0,0,0,0,0,0,0,0,0,0,0,0
1770178323975830270,-0.0137883,1.00869,-1.66938,0.0912226,0.478344,-1.8566,-0.0317942,1.40997,-1.78159,-0.0283004,0.860438,-1.79788,0,0,0,0,0,0,0,0,0,0,0,0,0,0,0,0,0,0,0,0,0,0,0,0
1770178323995910759,-0.016257,1.0064,-1.66716,0.0885678,0.480944,-1.85394,-0.0294699,1.40857,-1.78241,-0.0273115,0.861949,-1.79632,0,0,0,0,0,0,0,0,0,0,0,0,0,0,0,0,0,0,0,0,0,0,0,0
1770178324015989456,-0.0137886,1.00869,-1.66938,0.0912225,0.478344,-1.8566,-0.0317942,1.40997,-1.78159,-0.0282993,0.860439,-1.79788,0,0,0,0,0,0,0,0,0,0,0,0,0,0,0,0,0,0,0,0,0,0,0,0
1770178324036067642,-0.0162567,1.0064,-1.66716,0.0885678,0.480944,-1.85394,-0.0294699,1.40857,-1.78241,-0.0273128,0.861948,-1.79632,0,0,0,0,0,0,0,0,0,0,0,0,0,0,0,0,0,0,0,0,0,0,0,0
1770178324056143907,-0.0137889,1.00869,-1.66938,0.0912225,0.478344,-1.8566,-0.0317942,1.40997,-1.78159,-0.0282982,0.860441,-1.79788,0,0,0,0,0,0,0,0,0,0,0,0,0,0,0,0,0,0,0,0,0,0,0,0
1770178324076221740,-0.0162564,1.0064,-1.66716,0.0885678,0.480944,-1.85394,-0.0294698,1.40857,-1.78241,-0.0273141,0.861947,-1.79632,0,0,0,0,0,0,0,0,0,0,0,0,0,0,0,0,0,0,0,0,0,0,0,0
1770178324096293525,-0.0137891,1.00869,-1.66938,0.0912225,0.478344,-1.8566,-0.0317942,1.40997,-1.78159,-0.0282972,0.860442,-1.79788,0,0,0,0,0,0,0,0,0,0,0,0,0,0,0,0,0,0,0,0,0,0,0,0
1770178324116370527,-0.0162561,1.0064,-1.66716,0.0885678,0.480944,-1.85394,-0.0294698,1.40857,-1.78241,-0.0273153,0.861945,-1.79633,0,0,0,0,0,0,0,0,0,0,0,0,0,0,0,0,0,0,0,0,0,0,0,0
1770178324136446088,-0.0137893,1.00869,-1.66938,0.0912225,0.478344,-1.8566,-0.0317942,1.40997,-1.78159,-0.0282963,0.860443,-1.79787,0,0,0,0,0,0,0,0,0,0,0,0,0,0,0,0,0,0,0,0,0,0,0,0
1770178324156546450,-0.0162559,1.0064,-1.66716,0.0885678,0.480944,-1.85394,-0.0294698,1.40857,-1.78241,-0.0273164,0.861944,-1.79633,0,0,0,0,0,0,0,0,0,0,0,0,0,0,0,0,0,0,0,0,0,0,0,0
1770178324176622651,-0.0137895,1.00869,-1.66938,0.0912225,0.478344,-1.8566,-0.0317943,1.40997,-1.78159,-0.0282955,0.860444,-1.79787,0,0,0,0,0,0,0,0,0,0,0,0,0,0,0,0,0,0,0,0,0,0,0,0
1770178324196706949,-0.0162557,1.0064,-1.66716,0.0885678,0.480944,-1.85394,-0.0294698,1.40857,-1.78241,-0.0273175,0.861943,-1.79633,0,0,0,0,0,0,0,0,0,0,0,0,0,0,0,0,0,0,0,0,0,0,0,0
1770178324216785678,-0.0137896,1.00869,-1.66938,0.0912225,0.478344,-1.8566,-0.0317943,1.40997,-1.78159,-0.0282947,0.860445,-1.79787,0,0,0,0,0,0,0,0,0,0,0,0,0,0,0,0,0,0,0,0,0,0,0,0
1770178324236861687,-0.0162556,1.0064,-1.66716,0.0885678,0.480944,-1.85394,-0.0294698,1.40857,-1.78241,-0.0273184,0.861942,-1.79633,0,0,0,0,0,0,0,0,0,0,0,0,0,0,0,0,0,0,0,0,0,0,0,0
1770178324256939584,-0.0137897,1.00868,-1.66938,0.0912225,0.478344,-1.8566,-0.0317943,1.40997,-1.78159,-0.0282939,0.860446,-1.79787,0,0,0,0,0,0,0,0,0,0,0,0,0,0,0,0,0,0,0,0,0,0,0,0
1770178324277016426,-0.0162555,1.0064,-1.66716,0.0885679,0.480944,-1.85394,-0.0294698,1.40857,-1.78241,-0.0273193,0.861941,-1.79633,0,0,0,0,0,0,0,0,0,0,0,0,0,0,0,0,0,0,0,0,0,0,0,0
1770178324297091763,-0.0137898,1.00868,-1.66938,0.0912225,0.478344,-1.8566,-0.0317943,1.40997,-1.78159,-0.0282932,0.860447,-1.79787,0,0,0,0,0,0,0,0,0,0,0,0,0,0,0,0,0,0,0,0,0,0,0,0
1770178324317167580,-0.0162553,1.0064,-1.66716,0.0885679,0.480944,-1.85394,-0.0294698,1.40857,-1.78241,-0.0273202,0.86194,-1.79633,0,0,0,0,0,0,0,0,0,0,0,0,0,0,0,0,0,0,0,0,0,0,0,0
1770178324337246085,-0.0137899,1.00868,-1.66938,0.0912225,0.478344,-1.8566,-0.0317943,1.40997,-1.78159,-0.0282926,0.860447,-1.79787,0,0,0,0,0,0,0,0,0,0,0,0,0,0,0,0,0,0,0,0,0,0,0,0
1770178324357323567,-0.0162553,1.0064,-1.66716,0.0885679,0.480944,-1.85394,-0.0294698,1.40857,-1.78241,-0.027321,0.861939,-1.79633,0,0,0,0,0,0,0,0,0,0,0,0,0,0,0,0,0,0,0,0,0,0,0,0
1770178324377399544,-0.01379,1.00868,-1.66938,0.0912225,0.478344,-1.8566,-0.0317943,1.40997,-1.78159,-0.0282919,0.860448,-1.79787,0,0,0,0,0,0,0,0,0,0,0,0,0,0,0,0,0,0,0,0,0,0,0,0
1770178324397485921,-0.0162552,1.0064,-1.66716,0.0885679,0.480944,-1.85394,-0.0294698,1.40857,-1.78241,-0.0273217,0.861938,-1.79633,0,0,0,0,0,0,0,0,0,0,0,0,0,0,0,0,0,0,0,0,0,0,0,0
1770178324417564011,-0.01379,1.00868,-1.66938,0.0912225,0.478344,-1.8566,-0.0317943,1.40997,-1.78159,-0.0282914,0.860449,-1.79787,0,0,0,0,0,0,0,0,0,0,0,0,0,0,0,0,0,0,0,0,0,0,0,0
1770178324437638036,-0.0162551,1.0064,-1.66716,0.0885679,0.480944,-1.85394,-0.0294697,1.40857,-1.78241,-0.0273224,0.861938,-1.79633,0,0,0,0,0,0,0,0,0,0,0,0,0,0,0,0,0,0,0,0,0,0,0,0
1770178324457715741,-0.0137901,1.00868,-1.66938,0.0912225,0.478344,-1.8566,-0.0317943,1.40997,-1.78159,-0.0282908,0.860449,-1.79787,0,0,0,0,0,0,0,0,0,0,0,0,0,0,0,0,0,0,0,0,0,0,0,0
1770178324477794151,-0.0162551,1.0064,-1.66716,0.0885679,0.480944,-1.85394,-0.0294697,1.40857,-1.78241,-0.0273231,0.861937,-1.79633,0,0,0,0,0,0,0,0,0,0,0,0,0,0,0,0,0,0,0,0,0,0,0,0
1770178324497873104,-0.0137901,1.00868,-1.66938,0.0912225,0.478344,-1.8566,-0.0317943,1.40997,-1.78159,-0.0282903,0.86045,-1.79787,0,0,0,0,0,0,0,0,0,0,0,0,0,0,0,0,0,0,0,0,0,0,0,0
1770178324517943609,-0.016255,1.0064,-1.66716,0.0885679,0.480944,-1.85394,-0.0294697,1.40857,-1.78241,-0.0273237,0.861936,-1.79634,0,0,0,0,0,0,0,0,0,0,0,0,0,0,0,0,0,0,0,0,0,0,0,0
1770178324538016258,-0.0137902,1.00868,-1.66938,0.0912225,0.478344,-1.8566,-0.0317943,1.40997,-1.78159,-0.0282899,0.860451,-1.79787,0,0,0,0,0,0,0,0,0,0,0,0,0,0,0,0,0,0,0,0,0,0,0,0
1770178324558090219,-0.016255,1.0064,-1.66716,0.0885679,0.480944,-1.85394,-0.0294697,1.40857,-1.78241,-0.0273242,0.861936,-1.79634,0,0,0,0,0,0,0,0,0,0,0,0,0,0,0,0,0,0,0,0,0,0,0,0
1770178324578167925,-0.0137902,1.00868,-1.66938,0.0912225,0.478344,-1.8566,-0.0317943,1.40997,-1.78159,-0.0282894,0.860451,-1.79787,0,0,0,0,0,0,0,0,0,0,0,0,0,0,0,0,0,0,0,0,0,0,0,0
1770178324598247070,-0.0162549,1.0064,-1.66716,0.0885679,0.480944,-1.85394,-0.0294697,1.40857,-1.78241,-0.0273248,0.861935,-1.79634,0,0,0,0,0,0,0,0,0,0,0,0,0,0,0,0,0,0,0,0,0,0,0,0
1770178324618326535,-0.0137902,1.00868,-1.66938,0.0912225,0.478344,-1.8566,-0.0317944,1.40997,-1.78159,-0.028289,0.860452,-1.79787,0,0,0,0,0,0,0,0,0,0,0,0,0,0,0,0,0,0,0,0,0,0,0,0
1770178324638405201,-0.0162549,1.0064,-1.66716,0.0885679,0.480944,-1.85394,-0.0294697,1.40857,-1.78241,-0.0273253,0.861934,-1.79634,0,0,0,0,0,0,0,0,0,0,0,0,0,0,0,0,0,0,0,0,0,0,0,0
1770178324658483578,-0.0137902,1.00868,-1.66938,0.0912225,0.478344,-1.8566,-0.0317944,1.40997,-1.78159,-0.0282887,0.860452,-1.79786,0,0,0,0,0,0,0,0,0,0,0,0,0,0,0,0,0,0,0,0,0,0,0,0
1770178324678562467,-0.0162549,1.0064,-1.66716,0.0885679,0.480944,-1.85394,-0.0294697,1.40857,-1.78241,-0.0273257,0.861934,-1.79634,0,0,0,0,0,0,0,0,0,0,0,0,0,0,0,0,0,0,0,0,0,0,0,0
1770178324698646413,-0.0137903,1.00868,-1.66938,0.0912225,0.478344,-1.8566,-0.0317944,1.40997,-1.78159,-0.0282883,0.860453,-1.79786,0,0,0,0,0,0,0,0,0,0,0,0,0,0,0,0,0,0,0,0,0,0,0,0
1770178324718718934,-0.0162549,1.0064,-1.66716,0.0885679,0.480944,-1.85394,-0.0294697,1.40857,-1.78241,-0.0273262,0.861933,-1.79634,0,0,0,0,0,0,0,0,0,0,0,0,0,0,0,0,0,0,0,0,0,0,0,0
1770178324738791967,-0.0137903,1.00868,-1.66938,0.0912225,0.478344,-1.8566,-0.0317944,1.40997,-1.78159,-0.028288,0.860453,-1.79786,0,0,0,0,0,0,0,0,0,0,0,0,0,0,0,0,0,0,0,0,0,0,0,0
1770178324758879433,-0.0162548,1.0064,-1.66716,0.0885679,0.480944,-1.85394,-0.0294697,1.40857,-1.78241,-0.0273266,0.861933,-1.79634,0,0,0,0,0,0,0,0,0,0,0,0,0,0,0,0,0,0,0,0,0,0,0,0
1770178324778956594,-0.0137903,1.00868,-1.66938,0.0912225,0.478344,-1.8566,-0.0317944,1.40997,-1.78159,-0.0282876,0.860453,-1.79786,0,0,0,0,0,0,0,0,0,0,0,0,0,0,0,0,0,0,0,0,0,0,0,0
1770178324799039771,-0.0162548,1.0064,-1.66716,0.0885679,0.480944,-1.85394,-0.0294697,1.40857,-1.78241,-0.027327,0.861933,-1.79634,0,0,0,0,0,0,0,0,0,0,0,0,0,0,0,0,0,0,0,0,0,0,0,0
1770178324819117381,-0.0137903,1.00868,-1.66938,0.0912225,0.478344,-1.8566,-0.0317944,1.40997,-1.78159,-0.0282873,0.860454,-1.79786,0,0,0,0,0,0,0,0,0,0,0,0,0,0,0,0,0,0,0,0,0,0,0,0
1770178324839194638,-0.0162548,1.0064,-1.66716,0.0885679,0.480944,-1.85394,-0.0294697,1.40857,-1.78241,-0.0273273,0.861932,-1.79634,0,0,0,0,0,0,0,0,0,0,0,0,0,0,0,0,0,0,0,0,0,0,0,0
1770178324859271319,-0.0137903,1.00868,-1.66938,0.0912225,0.478344,-1.8566,-0.0317944,1.40997,-1.78159,-0.0282871,0.860454,-1.79786,0,0,0,0,0,0,0,0,0,0,0,0,0,0,0,0,0,0,0,0,0,0,0,0
1770178324879352801,-0.0162548,1.0064,-1.66716,0.0885679,0.480944,-1.85394,-0.0294697,1.40857,-1.78241,-0.0273277,0.861932,-1.79634,0,0,0,0,0,0,0,0,0,0,0,0,0,0,0,0,0,0,0,0,0,0,0,0
1770178324899436874,-0.0137903,1.00868,-1.66938,0.0912225,0.478344,-1.8566,-0.0317944,1.40997,-1.78159,-0.0282868,0.860454,-1.79786,0,0,0,0,0,0,0,0,0,0,0,0,0,0,0,0,0,0,0,0,0,0,0,0
1770178324919513811,-0.0162548,1.0064,-1.66716,0.0885679,0.480944,-1.85394,-0.0294697,1.40857,-1.78241,-0.027328,0.861931,-1.79634,0,0,0,0,0,0,0,0,0,0,0,0,0,0,0,0,0,0,0,0,0,0,0,0
1770178324939590429,-0.0137903,1.00868,-1.66938,0.0912225,0.478344,-1.8566,-0.0317944,1.40997,-1.78159,-0.0282866,0.860455,-1.79786,0,0,0,0,0,0,0,0,0,0,0,0,0,0,0,0,0,0,0,0,0,0,0,0
1770178324959666342,-0.0162548,1.0064,-1.66716,0.0885679,0.480944,-1.85394,-0.0294697,1.40857,-1.78241,-0.0273283,0.861931,-1.79634,0,0,0,0,0,0,0,0,0,0,0,0,0,0,0,0,0,0,0,0,0,0,0,0
1770178324979743695,-0.0137903,1.00868,-1.66938,0.0912225,0.478344,-1.8566,-0.0317944,1.40997,-1.78159,-0.0282863,0.860455,-1.79786,0,0,0,0,0,0,0,0,0,0,0,0,0,0,0,0,0,0,0,0,0,0,0,0
1770178324999826552,-0.0162548,1.0064,-1.66716,0.0885679,0.480944,-1.85394,-0.0294697,1.40857,-1.78241,-0.0273286,0.861931,-1.79634,0,0,0,0,0,0,0,0,0,0,0,0,0,0,0,0,0,0,0,0,0,0,0,0
1770178325019905570,-0.0137903,1.00868,-1.66938,0.0912225,0.478344,-1.8566,-0.0317944,1.40997,-1.78159,-0.0282861,0.860455,-1.79786,0,0,0,0,0,0,0,0,0,0,0,0,0,0,0,0,0,0,0,0,0,0,0,0
1770178325039982635,-0.0162548,1.0064,-1.66716,0.0885679,0.480944,-1.85394,-0.0294697,1.40857,-1.78241,-0.0273288,0.86193,-1.79634,0,0,0,0,0,0,0,0,0,0,0,0,0,0,0,0,0,0,0,0,0,0,0,0
1770178325060059892,-0.0137903,1.00868,-1.66938,0.0912225,0.478344,-1.8566,-0.0317944,1.40997,-1.78159,-0.0282859,0.860456,-1.79786,0,0,0,0,0,0,0,0,0,0,0,0,0,0,0,0,0,0,0,0,0,0,0,0
1770178325080137950,-0.0162548,1.0064,-1.66716,0.0885679,0.480944,-1.85394,-0.0294697,1.40857,-1.78241,-0.0273291,0.86193,-1.79634,0,0,0,0,0,0,0,0,0,0,0,0,0,0,0,0,0,0,0,0,0,0,0,0
1770178325100219239,-0.0137903,1.00868,-1.66938,0.0912225,0.478344,-1.8566,-0.0317944,1.40997,-1.78159,-0.0282857,0.860456,-1.79786,0,0,0,0,0,0,0,0,0,0,0,0,0,0,0,0,0,0,0,0,0,0,0,0
1770178325120301232,-0.0162548,1.0064,-1.66716,0.0885679,0.480944,-1.85394,-0.0294697,1.40857,-1.78241,-0.0273293,0.86193,-1.79634,0,0,0,0,0,0,0,0,0,0,0,0,0,0,0,0,0,0,0,0,0,0,0,0
1770178325140373946,-0.0137903,1.00868,-1.66938,0.0912225,0.478344,-1.8566,-0.0317944,1.40997,-1.78159,-0.0282855,0.860456,-1.79786,0,0,0,0,0,0,0,0,0,0,0,0,0,0,0,0,0,0,0,0,0,0,0,0
1770178325160447363,-0.0162548,1.0064,-1.66716,0.0885679,0.480944,-1.85394,-0.0294697,1.40857,-1.78241,-0.0273295,0.86193,-1.79634,0,0,0,0,0,0,0,0,0,0,0,0,0,0,0,0,0,0,0,0,0,0,0,0
1770178325180523660,-0.0137903,1.00868,-1.66938,0.0912225,0.478344,-1.8566,-0.0317944,1.40997,-1.78159,-0.0282854,0.860456,-1.79786,0,0,0,0,0,0,0,0,0,0,0,0,0,0,0,0,0,0,0,0,0,0,0,0
1770178325200606677,-0.0162548,1.0064,-1.66716,0.0885679,0.480944,-1.85394,-0.0294697,1.40857,-1.78241,-0.0273298,0.861929,-1.79634,0,0,0,0,0,0,0,0,0,0,0,0,0,0,0,0,0,0,0,0,0,0,0,0
1770178325220684799,-0.0137903,1.00868,-1.66938,0.0912225,0.478344,-1.8566,-0.0317944,1.40997,-1.78159,-0.0282852,0.860457,-1.79786,0,0,0,0,0,0,0,0,0,0,0,0,0,0,0,0,0,0,0,0,0,0,0,0
1770178325240760584,-0.0162548,1.0064,-1.66716,0.0885679,0.480944,-1.85394,-0.0294697,1.40857,-1.78241,-0.0273299,0.861929,-1.79634,0,0,0,0,0,0,0,0,0,0,0,0,0,0,0,0,0,0,0,0,0,0,0,0
1770178325260844561,-0.0137903,1.00868,-1.66938,0.0912225,0.478344,-1.8566,-0.0317944,1.40997,-1.78159,-0.0282851,0.860457,-1.79786,0,0,0,0,0,0,0,0,0,0,0,0,0,0,0,0,0,0,0,0,0,0,0,0
1770178325280921947,-0.0162548,1.0064,-1.66716,0.0885679,0.480944,-1.85394,-0.0294697,1.40857,-1.78241,-0.0273301,0.861929,-1.79634,0,0,0,0,0,0,0,0,0,0,0,0,0,0,0,0,0,0,0,0,0,0,0,0
1770178325300997188,-0.0137903,1.00868,-1.66938,0.0912225,0.478344,-1.8566,-0.0317944,1.40997,-1.78159,-0.0282849,0.860457,-1.79786,0,0,0,0,0,0,0,0,0,0,0,0,0,0,0,0,0,0,0,0,0,0,0,0
1770178325321074765,-0.0162548,1.0064,-1.66716,0.0885679,0.480944,-1.85394,-0.0294697,1.40857,-1.78241,-0.0273303,0.861929,-1.79634,0,0,0,0,0,0,0,0,0,0,0,0,0,0,0,0,0,0,0,0,0,0,0,0
1770178325341160343,-0.0137903,1.00868,-1.66938,0.0912225,0.478344,-1.8566,-0.0317944,1.40997,-1.78159,-0.0282848,0.860457,-1.79786,0,0,0,0,0,0,0,0,0,0,0,0,0,0,0,0,0,0,0,0,0,0,0,0
1770178325361237888,-0.0162548,1.0064,-1.66716,0.0885679,0.480944,-1.85394,-0.0294697,1.40857,-1.78241,-0.0273305,0.861929,-1.79634,0,0,0,0,0,0,0,0,0,0,0,0,0,0,0,0,0,0,0,0,0,0,0,0
1770178325381314921,-0.0137903,1.00868,-1.66938,0.0912225,0.478344,-1.8566,-0.0317944,1.40997,-1.78159,-0.0282847,0.860457,-1.79786,0,0,0,0,0,0,0,0,0,0,0,0,0,0,0,0,0,0,0,0,0,0,0,0
1770178325401396595,-0.0162548,1.0064,-1.66716,0.0885679,0.480944,-1.85394,-0.0294697,1.40857,-1.78241,-0.0273306,0.861928,-1.79634,0,0,0,0,0,0,0,0,0,0,0,0,0,0,0,0,0,0,0,0,0,0,0,0
1770178325421474876,-0.0137903,1.00868,-1.66938,0.0912225,0.478344,-1.8566,-0.0317944,1.40997,-1.78159,-0.0282846,0.860457,-1.79786,0,0,0,0,0,0,0,0,0,0,0,0,0,0,0,0,0,0,0,0,0,0,0,0
1770178325441559334,-0.0162548,1.0064,-1.66716,0.0885679,0.480944,-1.85394,-0.0294697,1.40857,-1.78241,-0.0273308,0.861928,-1.79634,0,0,0,0,0,0,0,0,0,0,0,0,0,0,0,0,0,0,0,0,0,0,0,0
1770178325461636079,-0.0137903,1.00868,-1.66938,0.0912225,0.478344,-1.8566,-0.0317944,1.40997,-1.78159,-0.0282844,0.860458,-1.79786,0,0,0,0,0,0,0,0,0,0,0,0,0,0,0,0,0,0,0,0,0,0,0,0
1770178325481718296,-0.0162548,1.0064,-1.66716,0.0885679,0.480944,-1.85394,-0.0294697,1.40857,-1.78241,-0.0273309,0.861928,-1.79634,0,0,0,0,0,0,0,0,0,0,0,0,0,0,0,0,0,0,0,0,0,0,0,0
1770178325501803234,-0.0137903,1.00868,-1.66938,0.0912225,0.478344,-1.8566,-0.0317944,1.40997,-1.78159,-0.0282843,0.860458,-1.79786,0,0,0,0,0,0,0,0,0,0,0,0,0,0,0,0,0,0,0,0,0,0,0,0
1770178325521881547,-0.0162548,1.0064,-1.66716,0.0885679,0.480944,-1.85394,-0.0294697,1.40857,-1.78241,-0.027331,0.861928,-1.79634,0,0,0,0,0,0,0,0,0,0,0,0,0,0,0,0,0,0,0,0,0,0,0,0
1770178325541966741,-0.0137903,1.00868,-1.66938,0.0912225,0.478344,-1.8566,-0.0317944,1.40997,-1.78159,-0.0282842,0.860458,-1.79786,0,0,0,0,0,0,0,0,0,0,0,0,0,0,0,0,0,0,0,0,0,0,0,0
1770178325562044382,-0.0162548,1.0064,-1.66716,0.0885679,0.480944,-1.85394,-0.0294697,1.40857,-1.78241,-0.0273311,0.861928,-1.79634,0,0,0,0,0,0,0,0,0,0,0,0,0,0,0,0,0,0,0,0,0,0,0,0
1770178325582120039,-0.0137903,1.00868,-1.66938,0.0912225,0.478344,-1.8566,-0.0317944,1.40997,-1.78159,-0.0282842,0.860458,-1.79786,0,0,0,0,0,0,0,0,0,0,0,0,0,0,0,0,0,0,0,0,0,0,0,0
1770178325602202449,-0.0162548,1.0064,-1.66716,0.0885679,0.480944,-1.85394,-0.0294697,1.40857,-1.78241,-0.0273312,0.861928,-1.79634,0,0,0,0,0,0,0,0,0,0,0,0,0,0,0,0,0,0,0,0,0,0,0,0
1770178325622287450,-0.0137903,1.00868,-1.66938,0.0912225,0.478344,-1.8566,-0.0317944,1.40997,-1.78159,-0.0282841,0.860458,-1.79786,0,0,0,0,0,0,0,0,0,0,0,0,0,0,0,0,0,0,0,0,0,0,0,0
1770178325642374948,-0.0162548,1.0064,-1.66716,0.0885679,0.480944,-1.85394,-0.0294697,1.40857,-1.78241,-0.0273313,0.861928,-1.79634,0,0,0,0,0,0,0,0,0,0,0,0,0,0,0,0,0,0,0,0,0,0,0,0
1770178325662453485,-0.0137903,1.00868,-1.66938,0.0912225,0.478344,-1.8566,-0.0317944,1.40997,-1.78159,-0.028284,0.860458,-1.79786,0,0,0,0,0,0,0,0,0,0,0,0,0,0,0,0,0,0,0,0,0,0,0,0
1770178325682528374,-0.0162548,1.0064,-1.66716,0.0885679,0.480944,-1.85394,-0.0294697,1.40857,-1.78241,-0.0273314,0.861928,-1.79634,0,0,0,0,0,0,0,0,0,0,0,0,0,0,0,0,0,0,0,0,0,0,0,0
1770178325702612832,-0.0137904,1.00868,-1.66938,0.0912225,0.478344,-1.8566,-0.0317944,1.40997,-1.78159,-0.0282839,0.860458,-1.79786,0,0,0,0,0,0,0,0,0,0,0,0,0,0,0,0,0,0,0,0,0,0,0,0
1770178325722691849,-0.0162548,1.0064,-1.66716,0.0885679,0.480944,-1.85394,-0.0294697,1.40857,-1.78241,-0.0273315,0.861927,-1.79634,0,0,0,0,0,0,0,0,0,0,0,0,0,0,0,0,0,0,0,0,0,0,0,0
1770178325742769426,-0.0137904,1.00868,-1.66938,0.0912225,0.478344,-1.8566,-0.0317944,1.40997,-1.78159,-0.0282838,0.860458,-1.79786,0,0,0,0,0,0,0,0,0,0,0,0,0,0,0,0,0,0,0,0,0,0,0,0
1770178325762846875,-0.0162548,1.0064,-1.66716,0.0885679,0.480944,-1.85394,-0.0294697,1.40857,-1.78241,-0.0273316,0.861927,-1.79634,0,0,0,0,0,0,0,0,0,0,0,0,0,0,0,0,0,0,0,0,0,0,0,0
1770178325782922693,-0.0137904,1.00868,-1.66938,0.0912225,0.478344,-1.8566,-0.0317944,1.40997,-1.78159,-0.0282838,0.860458,-1.79786,0,0,0,0,0,0,0,0,0,0,0,0,0,0,0,0,0,0,0,0,0,0,0,0
1770178325803005006,-0.0162548,1.0064,-1.66716,0.0885679,0.480944,-1.85394,-0.0294697,1.40857,-1.78241,-0.0273317,0.861927,-1.79634,0,0,0,0,0,0,0,0,0,0,0,0,0,0,0,0,0,0,0,0,0,0,0,0
1770178325823080023,-0.0137904,1.00868,-1.66938,0.0912225,0.478344,-1.8566,-0.0317944,1.40997,-1.78159,-0.0282837,0.860458,-1.79786,0,0,0,0,0,0,0,0,0,0,0,0,0,0,0,0,0,0,0,0,0,0,0,0
1770178325843164833,-0.0162548,1.0064,-1.66716,0.0885679,0.480944,-1.85394,-0.0294697,1.40857,-1.78241,-0.0273318,0.861927,-1.79634,0,0,0,0,0,0,0,0,0,0,0,0,0,0,0,0,0,0,0,0,0,0,0,0
1770178325863243338,-0.0137904,1.00868,-1.66938,0.0912225,0.478344,-1.8566,-0.0317944,1.40997,-1.78159,-0.0282837,0.860459,-1.79786,0,0,0,0,0,0,0,0,0,0,0,0,0,0,0,0,0,0,0,0,0,0,0,0
1770178325883318675,-0.0162548,1.0064,-1.66716,0.0885679,0.480944,-1.85394,-0.0294697,1.40857,-1.78241,-0.0273319,0.861927,-1.79634,0,0,0,0,0,0,0,0,0,0,0,0,0,0,0,0,0,0,0,0,0,0,0,0
1770178325903399165,-0.0137904,1.00868,-1.66938,0.0912225,0.478344,-1.8566,-0.0317944,1.40997,-1.78159,-0.0282836,0.860459,-1.79786,0,0,0,0,0,0,0,0,0,0,0,0,0,0,0,0,0,0,0,0,0,0,0,0
1770178325923477670,-0.0162548,1.0064,-1.66716,0.0885679,0.480944,-1.85394,-0.0294697,1.40857,-1.78241,-0.0273319,0.861927,-1.79634,0,0,0,0,0,0,0,0,0,0,0,0,0,0,0,0,0,0,0,0,0,0,0,0
1770178325943561584,-0.0137904,1.00868,-1.66938,0.0912225,0.478344,-1.8566,-0.0317944,1.40997,-1.78159,-0.0282836,0.860459,-1.79786,0,0,0,0,0,0,0,0,0,0,0,0,0,0,0,0,0,0,0,0,0,0,0,0
1770178325963638681,-0.0162548,1.0064,-1.66716,0.0885679,0.480944,-1.85394,-0.0294697,1.40857,-1.78241,-0.027332,0.861927,-1.79634,0,0,0,0,0,0,0,0,0,0,0,0,0,0,0,0,0,0,0,0,0,0,0,0
1770178325983717026,-0.0137904,1.00868,-1.66938,0.0912225,0.478344,-1.8566,-0.0317944,1.40997,-1.78159,-0.0282835,0.860459,-1.79786,0,0,0,0,0,0,0,0,0,0,0,0,0,0,0,0,0,0,0,0,0,0,0,0
1770178326003797420,-0.0162548,1.0064,-1.66716,0.0885679,0.480944,-1.85394,-0.0294697,1.40857,-1.78241,-0.027332,0.861927,-1.79634,0,0,0,0,0,0,0,0,0,0,0,0,0,0,0,0,0,0,0,0,0,0,0,0
1770178326023873973,-0.0137904,1.00868,-1.66938,0.0912225,0.478344,-1.8566,-0.0317944,1.40997,-1.78159,-0.0282835,0.860459,-1.79786,0,0,0,0,0,0,0,0,0,0,0,0,0,0,0,0,0,0,0,0,0,0,0,0
1770178326043957758,-0.0162548,1.0064,-1.66716,0.0885679,0.480944,-1.85394,-0.0294697,1.40857,-1.78241,-0.0273321,0.861927,-1.79634,0,0,0,0,0,0,0,0,0,0,0,0,0,0,0,0,0,0,0,0,0,0,0,0
1770178326064035176,-0.0137904,1.00868,-1.66938,0.0912225,0.478344,-1.8566,-0.0317944,1.40997,-1.78159,-0.0282834,0.860459,-1.79786,0,0,0,0,0,0,0,0,0,0,0,0,0,0,0,0,0,0,0,0,0,0,0,0
1770178326084111697,-0.0162548,1.0064,-1.66716,0.0885679,0.480944,-1.85394,-0.0294697,1.40857,-1.78241,-0.0273322,0.861927,-1.79634,0,0,0,0,0,0,0,0,0,0,0,0,0,0,0,0,0,0,0,0,0,0,0,0
1770178326104191546,-0.0137904,1.00868,-1.66938,0.0912225,0.478344,-1.8566,-0.0317944,1.40997,-1.78159,-0.0282834,0.860459,-1.79786,0,0,0,0,0,0,0,0,0,0,0,0,0,0,0,0,0,0,0,0,0,0,0,0
1770178326124267811,-0.0162548,1.0064,-1.66716,0.0885679,0.480944,-1.85394,-0.0294697,1.40857,-1.78241,-0.0273322,0.861927,-1.79634,0,0,0,0,0,0,0,0,0,0,0,0,0,0,0,0,0,0,0,0,0,0,0,0
1770178326144352173,-0.0137904,1.00868,-1.66938,0.0912225,0.478344,-1.8566,-0.0317944,1.40997,-1.78159,-0.0282833,0.860459,-1.79786,0,0,0,0,0,0,0,0,0,0,0,0,0,0,0,0,0,0,0,0,0,0,0,0
1770178326164428950,-0.0162548,1.0064,-1.66716,0.0885679,0.480944,-1.85394,-0.0294697,1.40857,-1.78241,-0.0273323,0.861927,-1.79634,0,0,0,0,0,0,0,0,0,0,0,0,0,0,0,0,0,0,0,0,0,0,0,0
1770178326184505087,-0.0137904,1.00868,-1.66938,0.0912225,0.478344,-1.8566,-0.0317944,1.40997,-1.78159,-0.0282833,0.860459,-1.79786,0,0,0,0,0,0,0,0,0,0,0,0,0,0,0,0,0,0,0,0,0,0,0,0
1770178326204610857,-0.0162548,1.0064,-1.66716,0.0885679,0.480944,-1.85394,-0.0294697,1.40857,-1.78241,-0.0273323,0.861926,-1.79634,0,0,0,0,0,0,0,0,0,0,0,0,0,0,0,0,0,0,0,0,0,0,0,0
1770178326224684819,-0.0137904,1.00868,-1.66938,0.0912225,0.478344,-1.8566,-0.0317944,1.40997,-1.78159,-0.0282833,0.860459,-1.79786,0,0,0,0,0,0,0,0,0,0,0,0,0,0,0,0,0,0,0,0,0,0,0,0
1770178326244762396,-0.0162548,1.0064,-1.66716,0.0885679,0.480944,-1.85394,-0.0294697,1.40857,-1.78241,-0.0273323,0.861926,-1.79634,0,0,0,0,0,0,0,0,0,0,0,0,0,0,0,0,0,0,0,0,0,0,0,0
1770178326264840357,-0.0137904,1.00868,-1.66938,0.0912225,0.478344,-1.8566,-0.0317944,1.40997,-1.78159,-0.0282832,0.860459,-1.79786,0,0,0,0,0,0,0,0,0,0,0,0,0,0,0,0,0,0,0,0,0,0,0,0
1770178326284918159,-0.0162548,1.0064,-1.66716,0.0885679,0.480944,-1.85394,-0.0294697,1.40857,-1.78241,-0.0273324,0.861926,-1.79634,0,0,0,0,0,0,0,0,0,0,0,0,0,0,0,0,0,0,0,0,0,0,0,0
1770178326304993528,-0.0137904,1.00868,-1.66938,0.0912225,0.478344,-1.8566,-0.0317944,1.40997,-1.78159,-0.0282832,0.860459,-1.79786,0,0,0,0,0,0,0,0,0,0,0,0,0,0,0,0,0,0,0,0,0,0,0,0
1770178326325069313,-0.0162548,1.0064,-1.66716,0.0885679,0.480944,-1.85394,-0.0294697,1.40857,-1.78241,-0.0273324,0.861926,-1.79634,0,0,0,0,0,0,0,0,0,0,0,0,0,0,0,0,0,0,0,0,0,0,0,0
1770178326345158699,-0.0137904,1.00868,-1.66938,0.0912225,0.478344,-1.8566,-0.0317944,1.40997,-1.78159,-0.0282832,0.860459,-1.79786,0,0,0,0,0,0,0,0,0,0,0,0,0,0,0,0,0,0,0,0,0,0,0,0
1770178326365236308,-0.0162548,1.0064,-1.66716,0.0885679,0.480944,-1.85394,-0.0294697,1.40857,-1.78241,-0.0273325,0.861926,-1.79634,0,0,0,0,0,0,0,0,0,0,0,0,0,0,0,0,0,0,0,0,0,0,0,0
1770178326385313341,-0.0137904,1.00868,-1.66938,0.0912225,0.478344,-1.8566,-0.0317944,1.40997,-1.78159,-0.0282831,0.860459,-1.79786,0,0,0,0,0,0,0,0,0,0,0,0,0,0,0,0,0,0,0,0,0,0,0,0
1770178326405389894,-0.0162548,1.0064,-1.66716,0.0885679,0.480944,-1.85394,-0.0294697,1.40857,-1.78241,-0.0273325,0.861926,-1.79634,0,0,0,0,0,0,0,0,0,0,0,0,0,0,0,0,0,0,0,0,0,0,0,0
1770178326425466064,-0.0137904,1.00868,-1.66938,0.0912225,0.478344,-1.8566,-0.0317944,1.40997,-1.78159,-0.0282831,0.860459,-1.79786,0,0,0,0,0,0,0,0,0,0,0,0,0,0,0,0,0,0,0,0,0,0,0,0
1770178326445541593,-0.0162548,1.0064,-1.66716,0.0885679,0.480944,-1.85394,-0.0294697,1.40857,-1.78241,-0.0273325,0.861926,-1.79634,0,0,0,0,0,0,0,0,0,0,0,0,0,0,0,0,0,0,0,0,0,0,0,0
1770178326465619010,-0.0137904,1.00868,-1.66938,0.0912225,0.478344,-1.8566,-0.0317944,1.40997,-1.78159,-0.0282831,0.860459,-1.79786,0,0,0,0,0,0,0,0,0,0,0,0,0,0,0,0,0,0,0,0,0,0,0,0
1770178326485696395,-0.0162548,1.0064,-1.66716,0.0885679,0.480944,-1.85394,-0.0294697,1.40857,-1.78241,-0.0273325,0.861926,-1.79634,0,0,0,0,0,0,0,0,0,0,0,0,0,0,0,0,0,0,0,0,0,0,0,0
1770178326505770709,-0.0137904,1.00868,-1.66938,0.0912225,0.478344,-1.8566,-0.0317944,1.40997,-1.78159,-0.0282831,0.860459,-1.79786,0,0,0,0,0,0,0,0,0,0,0,0,0,0,0,0,0,0,0,0,0,0,0,0
1770178326525848062,-0.0162548,1.0064,-1.66716,0.0885679,0.480944,-1.85394,-0.0294697,1.40857,-1.78241,-0.0273326,0.861926,-1.79634,0,0,0,0,0,0,0,0,0,0,0,0,0,0,0,0,0,0,0,0,0,0,0,0
1770178326545936744,-0.0137904,1.00868,-1.66938,0.0912225,0.478344,-1.8566,-0.0317944,1.40997,-1.78159,-0.0282831,0.860459,-1.79786,0,0,0,0,0,0,0,0,0,0,0,0,0,0,0,0,0,0,0,0,0,0,0,0
1770178326566014257,-0.0162548,1.0064,-1.66716,0.0885679,0.480944,-1.85394,-0.0294697,1.40857,-1.78241,-0.0273326,0.861926,-1.79634,0,0,0,0,0,0,0,0,0,0,0,0,0,0,0,0,0,0,0,0,0,0,0,0
1770178326586091834,-0.0137904,1.00868,-1.66938,0.0912225,0.478344,-1.8566,-0.0317944,1.40997,-1.78159,-0.028283,0.860459,-1.79786,0,0,0,0,0,0,0,0,0,0,0,0,0,0,0,0,0,0,0,0,0,0,0,0
1770178326606168675,-0.0162548,1.0064,-1.66716,0.0885679,0.480944,-1.85394,-0.0294697,1.40857,-1.78241,-0.0273326,0.861926,-1.79635,0,0,0,0,0,0,0,0,0,0,0,0,0,0,0,0,0,0,0,0,0,0,0,0
1770178326626249453,-0.0137904,1.00868,-1.66938,0.0912225,0.478344,-1.8566,-0.0317944,1.40997,-1.78159,-0.028283,0.860459,-1.79786,0,0,0,0,0,0,0,0,0,0,0,0,0,0,0,0,0,0,0,0,0,0,0,0
1770178326646327094,-0.0162548,1.0064,-1.66716,0.0885679,0.480944,-1.85394,-0.0294697,1.40857,-1.78241,-0.0273326,0.861926,-1.79635,0,0,0,0,0,0,0,0,0,0,0,0,0,0,0,0,0,0,0,0,0,0,0,0
1770178326666404351,-0.0137904,1.00868,-1.66938,0.0912225,0.478344,-1.8566,-0.0317944,1.40997,-1.78159,-0.028283,0.860459,-1.79786,0,0,0,0,0,0,0,0,0,0,0,0,0,0,0,0,0,0,0,0,0,0,0,0
1770178326686482153,-0.0162548,1.0064,-1.66716,0.0885679,0.480944,-1.85394,-0.0294697,1.40857,-1.78241,-0.0273327,0.861926,-1.79635,0,0,0,0,0,0,0,0,0,0,0,0,0,0,0,0,0,0,0,0,0,0,0,0
1770178326706559474,-0.0137904,1.00868,-1.66938,0.0912225,0.478344,-1.8566,-0.0317944,1.40997,-1.78159,-0.028283,0.860459,-1.79786,0,0,0,0,0,0,0,0,0,0,0,0,0,0,0,0,0,0,0,0,0,0,0,0
1770178326726638075,-0.0162548,1.0064,-1.66716,0.0885679,0.480944,-1.85394,-0.0294697,1.40857,-1.78241,-0.0273327,0.861926,-1.79635,0,0,0,0,0,0,0,0,0,0,0,0,0,0,0,0,0,0,0,0,0,0,0,0
1770178326746715108,-0.0137904,1.00868,-1.66938,0.0912225,0.478344,-1.8566,-0.0317944,1.40997,-1.78159,-0.028283,0.860459,-1.79786,0,0,0,0,0,0,0,0,0,0,0,0,0,0,0,0,0,0,0,0,0,0,0,0
1770178326766792366,-0.0162548,1.0064,-1.66716,0.0885679,0.480944,-1.85394,-0.0294697,1.40857,-1.78241,-0.0273327,0.861926,-1.79635,0,0,0,0,0,0,0,0,0,0,0,0,0,0,0,0,0,0,0,0,0,0,0,0
1770178326786868439,-0.0137904,1.00868,-1.66938,0.0912225,0.478344,-1.8566,-0.0317944,1.40997,-1.78159,-0.028283,0.86046,-1.79786,0,0,0,0,0,0,0,0,0,0,0,0,0,0,0,0,0,0,0,0,0,0,0,0
1770178326806961377,-0.0162548,1.0064,-1.66716,0.0885679,0.480944,-1.85394,-0.0294697,1.40857,-1.78241,-0.0273327,0.861926,-1.79635,0,0,0,0,0,0,0,0,0,0,0,0,0,0,0,0,0,0,0,0,0,0,0,0
1770178326827032906,-0.0137904,1.00868,-1.66938,0.0912225,0.478344,-1.8566,-0.0317944,1.40997,-1.78159,-0.0282829,0.86046,-1.79786,0,0,0,0,0,0,0,0,0,0,0,0,0,0,0,0,0,0,0,0,0,0,0,0
1770178326847108179,-0.0162548,1.0064,-1.66716,0.0885679,0.480944,-1.85394,-0.0294697,1.40857,-1.78241,-0.0273327,0.861926,-1.79635,0,0,0,0,0,0,0,0,0,0,0,0,0,0,0,0,0,0,0,0,0,0,0,0
1770178326867184828,-0.0137904,1.00868,-1.66938,0.0912225,0.478344,-1.8566,-0.0317944,1.40997,-1.78159,-0.0282829,0.86046,-1.79786,0,0,0,0,0,0,0,0,0,0,0,0,0,0,0,0,0,0,0,0,0,0,0,0
1770178326887262534,-0.0162548,1.0064,-1.66716,0.0885679,0.480944,-1.85394,-0.0294697,1.40857,-1.78241,-0.0273328,0.861926,-1.79635,0,0,0,0,0,0,0,0,0,0,0,0,0,0,0,0,0,0,0,0,0,0,0,0
1770178326907341007,-0.0137904,1.00868,-1.66938,0.0912225,0.478344,-1.8566,-0.0317944,1.40997,-1.78159,-0.0282829,0.86046,-1.79786,0,0,0,0,0,0,0,0,0,0,0,0,0,0,0,0,0,0,0,0,0,0,0,0
1770178326927417496,-0.0162548,1.0064,-1.66716,0.0885679,0.480944,-1.85394,-0.0294697,1.40857,-1.78241,-0.0273328,0.861926,-1.79635,0,0,0,0,0,0,0,0,0,0,0,0,0,0,0,0,0,0,0,0,0,0,0,0
1770178326947494209,-0.0137904,1.00868,-1.66938,0.0912225,0.478344,-1.8566,-0.0317944,1.40997,-1.78159,-0.0282829,0.86046,-1.79786,0,0,0,0,0,0,0,0,0,0,0,0,0,0,0,0,0,0,0,0,0,0,0,0
1770178326967571275,-0.0162548,1.0064,-1.66716,0.0885679,0.480944,-1.85394,-0.0294697,1.40857,-1.78241,-0.0273328,0.861926,-1.79635,0,0,0,0,0,0,0,0,0,0,0,0,0,0,0,0,0,0,0,0,0,0,0,0
1770178326987647348,-0.0137904,1.00868,-1.66938,0.0912225,0.478344,-1.8566,-0.0317944,1.40997,-1.78159,-0.0282829,0.86046,-1.79786,0,0,0,0,0,0,0,0,0,0,0,0,0,0,0,0,0,0,0,0,0,0,0,0
1770178327007720221,-0.0162548,1.0064,-1.66716,0.0885679,0.480944,-1.85394,-0.0294697,1.40857,-1.78241,-0.0273328,0.861926,-1.79635,0,0,0,0,0,0,0,0,0,0,0,0,0,0,0,0,0,0,0,0,0,0,0,0
1770178327027797734,-0.0137904,1.00868,-1.66938,0.0912225,0.478344,-1.8566,-0.0317944,1.40997,-1.78159,-0.0282829,0.86046,-1.79786,0,0,0,0,0,0,0,0,0,0,0,0,0,0,0,0,0,0,0,0,0,0,0,0
1770178327047875024,-0.0162548,1.0064,-1.66716,0.0885679,0.480944,-1.85394,-0.0294697,1.40857,-1.78241,-0.0273328,0.861926,-1.79635,0,0,0,0,0,0,0,0,0,0,0,0,0,0,0,0,0,0,0,0,0,0,0,0
1770178327067951961,-0.0137904,1.00868,-1.66938,0.0912225,0.478344,-1.8566,-0.0317944,1.40997,-1.78159,-0.0282829,0.86046,-1.79786,0,0,0,0,0,0,0,0,0,0,0,0,0,0,0,0,0,0,0,0,0,0,0,0
1770178327088029922,-0.0162548,1.0064,-1.66716,0.0885679,0.480944,-1.85394,-0.0294697,1.40857,-1.78241,-0.0273328,0.861926,-1.79635,0,0,0,0,0,0,0,0,0,0,0,0,0,0,0,0,0,0,0,0,0,0,0,0
1770178327108107308,-0.0137904,1.00868,-1.66938,0.0912225,0.478344,-1.8566,-0.0317944,1.40997,-1.78159,-0.0282829,0.86046,-1.79786,0,0,0,0,0,0,0,0,0,0,0,0,0,0,0,0,0,0,0,0,0,0,0,0
1770178327128181717,-0.0162548,1.0064,-1.66716,0.0885679,0.480944,-1.85394,-0.0294697,1.40857,-1.78241,-0.0273328,0.861926,-1.79635,0,0,0,0,0,0,0,0,0,0,0,0,0,0,0,0,0,0,0,0,0,0,0,0
1770178327148259390,-0.0137904,1.00868,-1.66938,0.0912225,0.478344,-1.8566,-0.0317944,1.40997,-1.78159,-0.0282829,0.86046,-1.79786,0,0,0,0,0,0,0,0,0,0,0,0,0,0,0,0,0,0,0,0,0,0,0,0
1770178327168334215,-0.0162548,1.0064,-1.66716,0.0885679,0.480944,-1.85394,-0.0294697,1.40857,-1.78241,-0.0273328,0.861926,-1.79635,0,0,0,0,0,0,0,0,0,0,0,0,0,0,0,0,0,0,0,0,0,0,0,0
1770178327188410192,-0.0137904,1.00868,-1.66938,0.0912225,0.478344,-1.8566,-0.0317944,1.40997,-1.78159,-0.0282829,0.86046,-1.79786,0,0,0,0,0,0,0,0,0,0,0,0,0,0,0,0,0,0,0,0,0,0,0,0
1770178327208487930,-0.0162548,1.0064,-1.66716,0.0885679,0.480944,-1.85394,-0.0294697,1.40857,-1.78241,-0.0273329,0.861926,-1.79635,0,0,0,0,0,0,0,0,0,0,0,0,0,0,0,0,0,0,0,0,0,0,0,0
1770178327228561731,-0.0137904,1.00868,-1.66938,0.0912225,0.478344,-1.8566,-0.0317944,1.40997,-1.78159,-0.0282828,0.86046,-1.79786,0,0,0,0,0,0,0,0,0,0,0,0,0,0,0,0,0,0,0,0,0,0,0,0
1770178327248639596,-0.0162548,1.0064,-1.66716,0.0885679,0.480944,-1.85394,-0.0294697,1.40857,-1.78241,-0.0273329,0.861926,-1.79635,0,0,0,0,0,0,0,0,0,0,0,0,0,0,0,0,0,0,0,0,0,0,0,0
1770178327268720438,-0.0137904,1.00868,-1.66938,0.0912225,0.478344,-1.8566,-0.0317944,1.40997,-1.78159,-0.0282828,0.86046,-1.79786,0,0,0,0,0,0,0,0,0,0,0,0,0,0,0,0,0,0,0,0,0,0,0,0
1770178327288794015,-0.0162548,1.0064,-1.66716,0.0885679,0.480944,-1.85394,-0.0294697,1.40857,-1.78241,-0.0273329,0.861926,-1.79635,0,0,0,0,0,0,0,0,0,0,0,0,0,0,0,0,0,0,0,0,0,0,0,0
1770178327308874696,-0.0137904,1.00868,-1.66938,0.0912225,0.478344,-1.8566,-0.0317944,1.40997,-1.78159,-0.0282828,0.86046,-1.79786,0,0,0,0,0,0,0,0,0,0,0,0,0,0,0,0,0,0,0,0,0,0,0,0
1770178327328948401,-0.0162548,1.0064,-1.66716,0.0885679,0.480944,-1.85394,-0.0294697,1.40857,-1.78241,-0.0273329,0.861926,-1.79635,0,0,0,0,0,0,0,0,0,0,0,0,0,0,0,0,0,0,0,0,0,0,0,0
1770178327349026683,-0.0137904,1.00868,-1.66938,0.0912225,0.478344,-1.8566,-0.0317944,1.40997,-1.78159,-0.0282828,0.86046,-1.79786,0,0,0,0,0,0,0,0,0,0,0,0,0,0,0,0,0,0,0,0,0,0,0,0
1770178327369113348,-0.0162548,1.0064,-1.66716,0.0885679,0.480944,-1.85394,-0.0294697,1.40857,-1.78241,-0.0273329,0.861926,-1.79635,0,0,0,0,0,0,0,0,0,0,0,0,0,0,0,0,0,0,0,0,0,0,0,0
1770178327389187309,-0.0137904,1.00868,-1.66938,0.0912225,0.478344,-1.8566,-0.0317944,1.40997,-1.78159,-0.0282828,0.86046,-1.79786,0,0,0,0,0,0,0,0,0,0,0,0,0,0,0,0,0,0,0,0,0,0,0,0
1770178327409265399,-0.0162548,1.0064,-1.66716,0.0885679,0.480944,-1.85394,-0.0294697,1.40857,-1.78241,-0.0273329,0.861926,-1.79635,0,0,0,0,0,0,0,0,0,0,0,0,0,0,0,0,0,0,0,0,0,0,0,0
1770178327429341984,-0.0137904,1.00868,-1.66938,0.0912225,0.478344,-1.8566,-0.0317944,1.40997,-1.78159,-0.0282828,0.86046,-1.79786,0,0,0,0,0,0,0,0,0,0,0,0,0,0,0,0,0,0,0,0,0,0,0,0
1770178327449427177,-0.0162548,1.0064,-1.66716,0.0885679,0.480944,-1.85394,-0.0294697,1.40857,-1.78241,-0.0273329,0.861926,-1.79635,0,0,0,0,0,0,0,0,0,0,0,0,0,0,0,0,0,0,0,0,0,0,0,0
1770178327469502579,-0.0137904,1.00868,-1.66938,0.0912225,0.478344,-1.8566,-0.0317944,1.40997,-1.78159,-0.0282828,0.86046,-1.79786,0,0,0,0,0,0,0,0,0,0,0,0,0,0,0,0,0,0,0,0,0,0,0,0
1770178327489580668,-0.0162548,1.0064,-1.66716,0.0885679,0.480944,-1.85394,-0.0294697,1.40857,-1.78241,-0.0273329,0.861926,-1.79635,0,0,0,0,0,0,0,0,0,0,0,0,0,0,0,0,0,0,0,0,0,0,0,0
1770178327509658629,-0.0137904,1.00868,-1.66938,0.0912225,0.478344,-1.8566,-0.0317944,1.40997,-1.78159,-0.0282828,0.86046,-1.79786,0,0,0,0,0,0,0,0,0,0,0,0,0,0,0,0,0,0,0,0,0,0,0,0
1770178327529744655,-0.0162548,1.0064,-1.66716,0.0885679,0.480944,-1.85394,-0.0294697,1.40857,-1.78241,-0.0273329,0.861926,-1.79635,0,0,0,0,0,0,0,0,0,0,0,0,0,0,0,0,0,0,0,0,0,0,0,0
1770178327549824184,-0.0137904,1.00868,-1.66938,0.0912225,0.478344,-1.8566,-0.0317944,1.40997,-1.78159,-0.0282828,0.86046,-1.79786,0,0,0,0,0,0,0,0,0,0,0,0,0,0,0,0,0,0,0,0,0,0,0,0
1770178327569901761,-0.0162548,1.0064,-1.66716,0.0885679,0.480944,-1.85394,-0.0294697,1.40857,-1.78241,-0.0273329,0.861926,-1.79635,0,0,0,0,0,0,0,0,0,0,0,0,0,0,0,0,0,0,0,0,0,0,0,0
1770178327589982187,-0.0137904,1.00868,-1.66938,0.0912225,0.478344,-1.8566,-0.0317944,1.40997,-1.78159,-0.0282828,0.86046,-1.79786,0,0,0,0,0,0,0,0,0,0,0,0,0,0,0,0,0,0,0,0,0,0,0,0
1770178327610066068,-0.0162548,1.0064,-1.66716,0.0885679,0.480944,-1.85394,-0.0294697,1.40857,-1.78241,-0.0273329,0.861926,-1.79635,0,0,0,0,0,0,0,0,0,0,0,0,0,0,0,0,0,0,0,0,0,0,0,0
1770178327630142750,-0.0137904,1.00868,-1.66938,0.0912225,0.478344,-1.8566,-0.0317944,1.40997,-1.78159,-0.0282828,0.86046,-1.79786,0,0,0,0,0,0,0,0,0,0,0,0,0,0,0,0,0,0,0,0,0,0,0,0
1770178327650222567,-0.0162548,1.0064,-1.66716,0.0885679,0.480944,-1.85394,-0.0294697,1.40857,-1.78241,-0.0273329,0.861926,-1.79635,0,0,0,0,0,0,0,0,0,0,0,0,0,0,0,0,0,0,0,0,0,0,0,0
1770178327670295120,-0.0137904,1.00868,-1.66938,0.0912225,0.478344,-1.8566,-0.0317944,1.40997,-1.78159,-0.0282828,0.86046,-1.79786,0,0,0,0,0,0,0,0,0,0,0,0,0,0,0,0,0,0,0,0,0,0,0,0
1770178327690381818,-0.0162548,1.0064,-1.66716,0.0885679,0.480944,-1.85394,-0.0294697,1.40857,-1.78241,-0.0273329,0.861926,-1.79635,0,0,0,0,0,0,0,0,0,0,0,0,0,0,0,0,0,0,0,0,0,0,0,0
1770178327710458275,-0.0137904,1.00868,-1.66938,0.0912225,0.478344,-1.8566,-0.0317944,1.40997,-1.78159,-0.0282828,0.86046,-1.79786,0,0,0,0,0,0,0,0,0,0,0,0,0,0,0,0,0,0,0,0,0,0,0,0
1770178327730540332,-0.0162548,1.0064,-1.66716,0.0885679,0.480944,-1.85394,-0.0294697,1.40857,-1.78241,-0.0273329,0.861926,-1.79635,0,0,0,0,0,0,0,0,0,0,0,0,0,0,0,0,0,0,0,0,0,0,0,0
1770178327750620854,-0.0137904,1.00868,-1.66938,0.0912225,0.478344,-1.8566,-0.0317944,1.40997,-1.78159,-0.0282828,0.86046,-1.79786,0,0,0,0,0,0,0,0,0,0,0,0,0,0,0,0,0,0,0,0,0,0,0,0
1770178327770704927,-0.0162548,1.0064,-1.66716,0.0885679,0.480944,-1.85394,-0.0294697,1.40857,-1.78241,-0.0273329,0.861926,-1.79635,0,0,0,0,0,0,0,0,0,0,0,0,0,0,0,0,0,0,0,0,0,0,0,0
1770178327790784648,-0.0137904,1.00868,-1.66938,0.0912225,0.478344,-1.8566,-0.0317944,1.40997,-1.78159,-0.0282828,0.86046,-1.79786,0,0,0,0,0,0,0,0,0,0,0,0,0,0,0,0,0,0,0,0,0,0,0,0
1770178327810860658,-0.0162548,1.0064,-1.66716,0.0885679,0.480944,-1.85394,-0.0294697,1.40857,-1.78241,-0.0273329,0.861926,-1.79635,0,0,0,0,0,0,0,0,0,0,0,0,0,0,0,0,0,0,0,0,0,0,0,0
1770178327830931067,-0.0137904,1.00868,-1.66938,0.0912225,0.478344,-1.8566,-0.0317944,1.40997,-1.78159,-0.0282828,0.86046,-1.79786,0,0,0,0,0,0,0,0,0,0,0,0,0,0,0,0,0,0,0,0,0,0,0,0
1770178327851015908,-0.0162548,1.0064,-1.66716,0.0885679,0.480944,-1.85394,-0.0294697,1.40857,-1.78241,-0.027333,0.861926,-1.79635,0,0,0,0,0,0,0,0,0,0,0,0,0,0,0,0,0,0,0,0,0,0,0,0
1770178327871094798,-0.0137904,1.00868,-1.66938,0.0912225,0.478344,-1.8566,-0.0317944,1.40997,-1.78159,-0.0282828,0.86046,-1.79786,0,0,0,0,0,0,0,0,0,0,0,0,0,0,0,0,0,0,0,0,0,0,0,0
1770178327891165559,-0.0162548,1.0064,-1.66716,0.0885679,0.480944,-1.85394,-0.0294697,1.40857,-1.78241,-0.027333,0.861926,-1.79635,0,0,0,0,0,0,0,0,0,0,0,0,0,0,0,0,0,0,0,0,0,0,0,0
1770178327911249632,-0.0137904,1.00868,-1.66938,0.0912225,0.478344,-1.8566,-0.0317944,1.40997,-1.78159,-0.0282828,0.86046,-1.79786,0,0,0,0,0,0,0,0,0,0,0,0,0,0,0,0,0,0,0,0,0,0,0,0
1770178327931332906,-0.0162548,1.0064,-1.66716,0.0885679,0.480944,-1.85394,-0.0294697,1.40857,-1.78241,-0.027333,0.861926,-1.79635,0,0,0,0,0,0,0,0,0,0,0,0,0,0,0,0,0,0,0,0,0,0,0,0
1770178327951405587,-0.0137904,1.00868,-1.66938,0.0912225,0.478344,-1.8566,-0.0317944,1.40997,-1.78159,-0.0282828,0.86046,-1.79786,0,0,0,0,0,0,0,0,0,0,0,0,0,0,0,0,0,0,0,0,0,0,0,0
1770178327971482364,-0.0162548,1.0064,-1.66716,0.0885679,0.480944,-1.85394,-0.0294697,1.40857,-1.78241,-0.027333,0.861926,-1.79635,0,0,0,0,0,0,0,0,0,0,0,0,0,0,0,0,0,0,0,0,0,0,0,0
1770178327991560645,-0.0137904,1.00868,-1.66938,0.0912225,0.478344,-1.8566,-0.0317944,1.40997,-1.78159,-0.0282828,0.86046,-1.79786,0,0,0,0,0,0,0,0,0,0,0,0,0,0,0,0,0,0,0,0,0,0,0,0
1770178328011633870,-0.0162548,1.0064,-1.66716,0.0885679,0.480944,-1.85394,-0.0294697,1.40857,-1.78241,-0.027333,0.861926,-1.79635,0,0,0,0,0,0,0,0,0,0,0,0,0,0,0,0,0,0,0,0,0,0,0,0
1770178328031710872,-0.0137904,1.00868,-1.66938,0.0912225,0.478344,-1.8566,-0.0317944,1.40997,-1.78159,-0.0282828,0.86046,-1.79786,0,0,0,0,0,0,0,0,0,0,0,0,0,0,0,0,0,0,0,0,0,0,0,0
1770178328051790177,-0.0162548,1.0064,-1.66716,0.0885679,0.480944,-1.85394,-0.0294697,1.40857,-1.78241,-0.027333,0.861926,-1.79635,0,0,0,0,0,0,0,0,0,0,0,0,0,0,0,0,0,0,0,0,0,0,0,0
1770178328071870250,-0.0137904,1.00868,-1.66938,0.0912225,0.478344,-1.8566,-0.0317944,1.40997,-1.78159,-0.0282828,0.86046,-1.79786,0,0,0,0,0,0,0,0,0,0,0,0,0,0,0,0,0,0,0,0,0,0,0,0
1770178328091956532,-0.0162548,1.0064,-1.66716,0.0885679,0.480944,-1.85394,-0.0294697,1.40857,-1.78241,-0.027333,0.861926,-1.79635,0,0,0,0,0,0,0,0,0,0,0,0,0,0,0,0,0,0,0,0,0,0,0,0
1770178328112028861,-0.0137904,1.00868,-1.66938,0.0912225,0.478344,-1.8566,-0.0317944,1.40997,-1.78159,-0.0282828,0.86046,-1.79786,0,0,0,0,0,0,0,0,0,0,0,0,0,0,0,0,0,0,0,0,0,0,0,0
1770178328132105606,-0.0162548,1.0064,-1.66716,0.0885679,0.480944,-1.85394,-0.0294697,1.40857,-1.78241,-0.027333,0.861926,-1.79635,0,0,0,0,0,0,0,0,0,0,0,0,0,0,0,0,0,0,0,0,0,0,0,0
1770178328152185904,-0.0137904,1.00868,-1.66938,0.0912225,0.478344,-1.8566,-0.0317944,1.40997,-1.78159,-0.0282828,0.86046,-1.79786,0,0,0,0,0,0,0,0,0,0,0,0,0,0,0,0,0,0,0,0,0,0,0,0
1770178328172268825,-0.0162548,1.0064,-1.66716,0.0885679,0.480944,-1.85394,-0.0294697,1.40857,-1.78241,-0.027333,0.861926,-1.79635,0,0,0,0,0,0,0,0,0,0,0,0,0,0,0,0,0,0,0,0,0,0,0,0
1770178328192348995,-0.0137904,1.00868,-1.66938,0.0912225,0.478344,-1.8566,-0.0317944,1.40997,-1.78159,-0.0282828,0.86046,-1.79786,0,0,0,0,0,0,0,0,0,0,0,0,0,0,0,0,0,0,0,0,0,0,0,0
1770178328212427308,-0.0162548,1.0064,-1.66716,0.0885679,0.480944,-1.85394,-0.0294697,1.40857,-1.78241,-0.027333,0.861926,-1.79635,0,0,0,0,0,0,0,0,0,0,0,0,0,0,0,0,0,0,0,0,0,0,0,0
1770178328232508661,-0.0137904,1.00868,-1.66938,0.0912225,0.478344,-1.8566,-0.0317944,1.40997,-1.78159,-0.0282828,0.86046,-1.79786,0,0,0,0,0,0,0,0,0,0,0,0,0,0,0,0,0,0,0,0,0,0,0,0
1770178328252582910,-0.0162548,1.0064,-1.66716,0.0885679,0.480944,-1.85394,-0.0294697,1.40857,-1.78241,-0.027333,0.861926,-1.79635,0,0,0,0,0,0,0,0,0,0,0,0,0,0,0,0,0,0,0,0,0,0,0,0
1770178328272661800,-0.0137904,1.00868,-1.66938,0.0912225,0.478344,-1.8566,-0.0317944,1.40997,-1.78159,-0.0282827,0.86046,-1.79786,0,0,0,0,0,0,0,0,0,0,0,0,0,0,0,0,0,0,0,0,0,0,0,0
1770178328292736785,-0.0162548,1.0064,-1.66716,0.0885679,0.480944,-1.85394,-0.0294697,1.40857,-1.78241,-0.027333,0.861926,-1.79635,0,0,0,0,0,0,0,0,0,0,0,0,0,0,0,0,0,0,0,0,0,0,0,0
1770178328312814106,-0.0137904,1.00868,-1.66938,0.0912225,0.478344,-1.8566,-0.0317944,1.40997,-1.78159,-0.0282827,0.86046,-1.79786,0,0,0,0,0,0,0,0,0,0,0,0,0,0,0,0,0,0,0,0,0,0,0,0
1770178328332896356,-0.0162548,1.0064,-1.66716,0.0885679,0.480944,-1.85394,-0.0294697,1.40857,-1.78241,-0.027333,0.861926,-1.79635,0,0,0,0,0,0,0,0,0,0,0,0,0,0,0,0,0,0,0,0,0,0,0,0
1770178328352976525,-0.0137904,1.00868,-1.66938,0.0912225,0.478344,-1.8566,-0.0317944,1.40997,-1.78159,-0.0282827,0.86046,-1.79786,0,0,0,0,0,0,0,0,0,0,0,0,0,0,0,0,0,0,0,0,0,0,0,0
1770178328373057302,-0.0162548,1.0064,-1.66716,0.0885679,0.480944,-1.85394,-0.0294697,1.40857,-1.78241,-0.027333,0.861926,-1.79635,0,0,0,0,0,0,0,0,0,0,0,0,0,0,0,0,0,0,0,0,0,0,0,0
1770178328393129248,-0.0137904,1.00868,-1.66938,0.0912225,0.478344,-1.8566,-0.0317944,1.40997,-1.78159,-0.0282827,0.86046,-1.79786,0,0,0,0,0,0,0,0,0,0,0,0,0,0,0,0,0,0,0,0,0,0,0,0
1770178328413214953,-0.0162548,1.0064,-1.66716,0.0885679,0.480944,-1.85394,-0.0294697,1.40857,-1.78241,-0.027333,0.861926,-1.79635,0,0,0,0,0,0,0,0,0,0,0,0,0,0,0,0,0,0,0,0,0,0,0,0
1770178333446446926,-0.181422,1.12113,-1.95432,0.256282,1.41786,-1.88319,-0.0303368,1.28148,-1.97327,0.126593,0.505214,-1.76999,0,0,0,0,0,0,0,0,0,0,0,0,0,0,0,0,0,0,0,0,0,0,0,0
1770178333466538072,-0.171981,1.11426,-1.96365,0.255374,1.4191,-1.89283,-0.0307218,1.266,-1.97215,0.121538,0.501509,-1.78098,0,0,0,0,0,0,0,0,0,0,0,0,0,0,0,0,0,0,0,0,0,0,0,0
1770178333486611041,-0.173795,1.11613,-1.96178,0.256811,1.41616,-1.8949,-0.0313112,1.26587,-1.97201,0.122531,0.501635,-1.78124,0,0,0,0,0,0,0,0,0,0,0,0,0,0,0,0,0,0,0,0,0,0,0,0
1770178333506682282,-0.172154,1.11432,-1.96375,0.255244,1.41923,-1.89287,-0.031296,1.2658,-1.97167,0.12219,0.501473,-1.78142,0,0,0,0,0,0,0,0,0,0,0,0,0,0,0,0,0,0,0,0,0,0,0,0
1770178333526761107,-0.173716,1.1161,-1.96181,0.256815,1.41607,-1.895,-0.0314984,1.2658,-1.97188,0.122439,0.501684,-1.78122,0,0,0,0,0,0,0,0,0,0,0,0,0,0,0,0,0,0,0,0,0,0,0,0
1770178333546844637,-0.172204,1.11435,-1.96372,0.255174,1.41931,-1.89281,-0.0313356,1.26579,-1.97161,0.122202,0.501469,-1.78143,0,0,0,0,0,0,0,0,0,0,0,0,0,0,0,0,0,0,0,0,0,0,0,0
1770178333566921030,-0.173674,1.11606,-1.96185,0.256842,1.41602,-1.89505,-0.0315263,1.26579,-1.97189,0.122439,0.501687,-1.78121,0,0,0,0,0,0,0,0,0,0,0,0,0,0,0,0,0,0,0,0,0,0,0,0
1770178333586996975,-0.172232,1.11438,-1.96369,0.255119,1.41936,-1.89277,-0.0313269,1.26579,-1.97158,0.122201,0.501467,-1.78143,0,0,0,0,0,0,0,0,0,0,0,0,0,0,0,0,0,0,0,0,0,0,0,0
1770178333607072409,-0.173642,1.11603,-1.96188,0.256849,1.41599,-1.89508,-0.0315422,1.26578,-1.97192,0.122441,0.501689,-1.78121,0,0,0,0,0,0,0,0,0,0,0,0,0,0,0,0,0,0,0,0,0,0,0,0
1770178333627171779,-0.172254,1.11441,-1.96366,0.255092,1.41939,-1.89275,-0.0313121,1.26581,-1.97155,0.122199,0.501465,-1.78143,0,0,0,0,0,0,0,0,0,0,0,0,0,0,0,0,0,0,0,0,0,0,0,0
1770178333647249612,-0.173615,1.116,-1.96192,0.256735,1.41602,-1.89508,-0.0315592,1.26577,-1.97195,0.122444,0.501691,-1.78121,0,0,0,0,0,0,0,0,0,0,0,0,0,0,0,0,0,0,0,0,0,0,0,0
1770178333667325525,-0.172274,1.11443,-1.96364,0.255155,1.41935,-1.89282,-0.0312944,1.26582,-1.97151,0.122197,0.501463,-1.78144,0,0,0,0,0,0,0,0,0,0,0,0,0,0,0,0,0,0,0,0,0,0,0,0
1770178333687401790,-0.173591,1.11597,-1.96194,0.256837,1.41599,-1.89507,-0.0315791,1.26575,-1.97199,0.122446,0.501693,-1.78121,0,0,0,0,0,0,0,0,0,0,0,0,0,0,0,0,0,0,0,0,0,0,0,0
1770178333707479976,-0.172291,1.11445,-1.96362,0.255108,1.41938,-1.89276,-0.031274,1.26584,-1.97147,0.122195,0.501462,-1.78144,0,0,0,0,0,0,0,0,0,0,0,0,0,0,0,0,0,0,0,0,0,0,0,0
1770178333727562673,-0.173569,1.11595,-1.96197,0.256834,1.41599,-1.89509,-0.0316025,1.26572,-1.97204,0.122448,0.501695,-1.7812,0,0,0,0,0,0,0,0,0,0,0,0,0,0,0,0,0,0,0,0,0,0,0,0
1770178333747634810,-0.172306,1.11447,-1.96359,0.255096,1.41939,-1.89275,-0.0312505,1.26587,-1.97141,0.122193,0.50146,-1.78144,0,0,0,0,0,0,0,0,0,0,0,0,0,0,0,0,0,0,0,0,0,0,0,0
1770178333767714372,-0.17355,1.11593,-1.96199,0.25681,1.41599,-1.89509,-0.0316302,1.26569,-1.97209,0.12245,0.501697,-1.7812,0,0,0,0,0,0,0,0,0,0,0,0,0,0,0,0,0,0,0,0,0,0,0,0
1770178333787794093,-0.17232,1.11449,-1.96357,0.255107,1.41938,-1.89277,-0.0312234,1.26591,-1.97135,0.12219,0.501458,-1.78144,0,0,0,0,0,0,0,0,0,0,0,0,0,0,0,0,0,0,0,0,0,0,0,0
1770178333807869302,-0.173533,1.11591,-1.96201,0.256848,1.41598,-1.89509,-0.0316628,1.26565,-1.97216,0.122452,0.501699,-1.7812,0,0,0,0,0,0,0,0,0,0,0,0,0,0,0,0,0,0,0,0,0,0,0,0
1770178333827949343,-0.172333,1.11451,-1.96356,0.255086,1.4194,-1.89274,-0.0311926,1.26595,-1.97126,0.122188,0.501456,-1.78144,0,0,0,0,0,0,0,0,0,0,0,0,0,0,0,0,0,0,0,0,0,0,0,0
1770178333848021833,-0.173517,1.11589,-1.96203,0.256466,1.41612,-1.89505,-0.0317014,1.26559,-1.97224,0.122454,0.501701,-1.7812,0,0,0,0,0,0,0,0,0,0,0,0,0,0,0,0,0,0,0,0,0,0,0,0
1770178333868102546,-0.172344,1.11452,-1.96354,0.25533,1.41923,-1.89302,-0.0311579,1.26601,-1.97117,0.122186,0.501454,-1.78145,0,0,0,0,0,0,0,0,0,0,0,0,0,0,0,0,0,0,0,0,0,0,0,0
1770178333888185179,-0.173503,1.11588,-1.96205,0.256698,1.41608,-1.89495,-0.0317471,1.26552,-1.97233,0.122457,0.501703,-1.7812,0,0,0,0,0,0,0,0,0,0,0,0,0,0,0,0,0,0,0,0,0,0,0,0
1770178333908260293,-0.172355,1.11453,-1.96353,0.255259,1.41927,-1.8929,-0.0311196,1.26609,-1.97105,0.122184,0.501451,-1.78145,0,0,0,0,0,0,0,0,0,0,0,0,0,0,0,0,0,0,0,0,0,0,0,0
1770178333928337614,-0.173489,1.11586,-1.96206,0.256782,1.41605,-1.895,-0.0318008,1.26542,-1.97243,0.122459,0.501705,-1.78119,0,0,0,0,0,0,0,0,0,0,0,0,0,0,0,0,0,0,0,0,0,0,0,0
1770178333948413152,-0.172365,1.11454,-1.96351,0.255185,1.41932,-1.89282,-0.0310784,1.26618,-1.97091,0.122181,0.501449,-1.78145,0,0,0,0,0,0,0,0,0,0,0,0,0,0,0,0,0,0,0,0,0,0,0,0
1770178333968482975,-0.173477,1.11585,-1.96208,0.256832,1.41601,-1.89505,-0.0318637,1.26531,-1.97255,0.122461,0.501707,-1.78119,0,0,0,0,0,0,0,0,0,0,0,0,0,0,0,0,0,0,0,0,0,0,0,0
1770178333988565567,-0.172374,1.11456,-1.9635,0.255126,1.41936,-1.89277,-0.0310359,1.26629,-1.97074,0.122179,0.501447,-1.78145,0,0,0,0,0,0,0,0,0,0,0,0,0,0,0,0,0,0,0,0,0,0,0,0
1770178334008644158,-0.173466,1.11584,-1.96209,0.25685,1.41599,-1.89508,-0.0319361,1.26517,-1.97269,0.122464,0.50171,-1.78119,0,0,0,0,0,0,0,0,0,0,0,0,0,0,0,0,0,0,0,0,0,0,0,0
1770178334028723006,-0.172383,1.11457,-1.96349,0.255092,1.41939,-1.89274,-0.0309949,1.26642,-1.97055,0.122177,0.501445,-1.78145,0,0,0,0,0,0,0,0,0,0,0,0,0,0,0,0,0,0,0,0,0,0,0,0
1770178334048795581,-0.173455,1.11582,-1.9621,0.256718,1.41602,-1.89508,-0.0320171,1.265,-1.97282,0.122466,0.501712,-1.78119,0,0,0,0,0,0,0,0,0,0,0,0,0,0,0,0,0,0,0,0,0,0,0,0
1770178334068878812,-0.172391,1.11458,-1.96348,0.255166,1.41934,-1.89283,-0.0309594,1.26656,-1.97034,0.122174,0.501443,-1.78146,0,0,0,0,0,0,0,0,0,0,0,0,0,0,0,0,0,0,0,0,0,0,0,0
1770178334088957372,-0.173446,1.11581,-1.96211,0.256829,1.416,-1.89506,-0.0321012,1.2648,-1.97296,0.122469,0.501714,-1.78119,0,0,0,0,0,0,0,0,0,0,0,0,0,0,0,0,0,0,0,0,0,0,0,0
1770178334109031931,-0.172398,1.11459,-1.96347,0.255116,1.41937,-1.89276,-0.0309353,1.26672,-1.97012,0.122172,0.501441,-1.78146,0,0,0,0,0,0,0,0,0,0,0,0,0,0,0,0,0,0,0,0,0,0,0,0
1770178334129109691,-0.173437,1.1158,-1.96212,0.256845,1.41598,-1.89509,-0.0310128,1.2644,-1.96928,0.122471,0.501716,-1.78118,0,0,0,0,0,0,0,0,0,0,0,0,0,0,0,0,0,0,0,0,0,0,0,0
1770178334149187034,-0.172405,1.11459,-1.96346,0.255091,1.41939,-1.89274,-0.0318519,1.26566,-1.96934,0.12217,0.501439,-1.78146,0,0,0,0,0,0,0,0,0,0,0,0,0,0,0,0,0,0,0,0,0,0,0,0
1770178334169266073,-0.173428,1.11579,-1.96213,0.256726,1.41602,-1.89508,-0.0306238,1.26471,-1.96953,0.122474,0.501719,-1.78118,0,0,0,0,0,0,0,0,0,0,0,0,0,0,0,0,0,0,0,0,0,0,0,0
1770178334189343609,-0.172412,1.1146,-1.96345,0.25516,1.41935,-1.89283,-0.0320509,1.26569,-1.96931,0.122167,0.501436,-1.78146,0,0,0,0,0,0,0,0,0,0,0,0,0,0,0,0,0,0,0,0,0,0,0,0
1770178334209427672,-0.17342,1.11578,-1.96214,0.256833,1.41599,-1.89507,-0.0304456,1.26463,-1.96955,0.122476,0.501721,-1.78118,0,0,0,0,0,0,0,0,0,0,0,0,0,0,0,0,0,0,0,0,0,0,0,0
1770178334229509368,-0.172418,1.11461,-1.96344,0.255112,1.41938,-1.89276,-0.0322381,1.2658,-1.96932,0.122165,0.501434,-1.78146,0,0,0,0,0,0,0,0,0,0,0,0,0,0,0,0,0,0,0,0,0,0,0,0
1770178334249594999,-0.173413,1.11578,-1.96215,0.25684,1.41598,-1.89509,-0.0302613,1.26451,-1.96957,0.122479,0.501724,-1.78118,0,0,0,0,0,0,0,0,0,0,0,0,0,0,0,0,0,0,0,0,0,0,0,0
1770178334269676311,-0.172424,1.11462,-1.96343,0.255093,1.41939,-1.89275,-0.0324357,1.26593,-1.96932,0.122162,0.501432,-1.78147,0,0,0,0,0,0,0,0,0,0,0,0,0,0,0,0,0,0,0,0,0,0,0,0
1770178334289754486,-0.173406,1.11577,-1.96216,0.256776,1.416,-1.89509,-0.0300762,1.26438,-1.9696,0.122481,0.501726,-1.78117,0,0,0,0,0,0,0,0,0,0,0,0,0,0,0,0,0,0,0,0,0,0,0,0
1770178334309832054,-0.172429,1.11462,-1.96342,0.255129,1.41937,-1.89279,-0.0276115,1.26606,-1.96752,0.12216,0.501429,-1.78147,0,0,0,0,0,0,0,0,0,0,0,0,0,0,0,0,0,0,0,0,0,0,0,0
1770178334329916533,-0.173399,1.11576,-1.96217,0.256851,1.41598,-1.89508,-0.0300378,1.2644,-1.96986,0.122484,0.501728,-1.78117,0,0,0,0,0,0,0,0,0,0,0,0,0,0,0,0,0,0,0,0,0,0,0,0
1770178334350020629,-0.172434,1.11463,-1.96342,0.255091,1.41939,-1.89274,-0.0274703,1.26609,-1.96751,0.122157,0.501427,-1.78147,0,0,0,0,0,0,0,0,0,0,0,0,0,0,0,0,0,0,0,0,0,0,0,0
1770178334370098292,-0.173393,1.11575,-1.96218,0.25664,1.41605,-1.89507,-0.0301452,1.26439,-1.96996,0.122487,0.501731,-1.78117,0,0,0,0,0,0,0,0,0,0,0,0,0,0,0,0,0,0,0,0,0,0,0,0
1770178334390175284,-0.172439,1.11464,-1.96341,0.255216,1.41931,-1.89289,-0.0324852,1.26609,-1.969,0.122154,0.501424,-1.78147,0,0,0,0,0,0,0,0,0,0,0,0,0,0,0,0,0,0,0,0,0,0,0,0
1770178334410260115,-0.173387,1.11575,-1.96218,0.256791,1.41602,-1.89503,-0.0299947,1.26418,-1.96994,0.122489,0.501733,-1.78117,0,0,0,0,0,0,0,0,0,0,0,0,0,0,0,0,0,0,0,0,0,0,0,0
1770178334430345555,-0.172444,1.11464,-1.9634,0.255158,1.41934,-1.8928,-0.0274345,1.26611,-1.96751,0.122152,0.501422,-1.78148,0,0,0,0,0,0,0,0,0,0,0,0,0,0,0,0,0,0,0,0,0,0,0,0
1770178334450426450,-0.173381,1.11574,-1.96219,0.256843,1.41599,-1.89507,-0.0301716,1.26438,-1.96999,0.122492,0.501736,-1.78116,0,0,0,0,0,0,0,0,0,0,0,0,0,0,0,0,0,0,0,0,0,0,0,0
1770178334470506258,-0.172448,1.11465,-1.9634,0.255107,1.41938,-1.89275,-0.0324698,1.26609,-1.96897,0.122149,0.50142,-1.78148,0,0,0,0,0,0,0,0,0,0,0,0,0,0,0,0,0,0,0,0,0,0,0,0
1770178334490590161,-0.173376,1.11574,-1.9622,0.256828,1.41599,-1.89509,-0.0300047,1.26418,-1.96996,0.122495,0.501739,-1.78116,0,0,0,0,0,0,0,0,0,0,0,0,0,0,0,0,0,0,0,0,0,0,0,0
1770178334510669041,-0.172453,1.11465,-1.96339,0.2551,1.41939,-1.89276,-0.0273655,1.26589,-1.96754,0.122146,0.501417,-1.78148,0,0,0,0,0,0,0,0,0,0,0,0,0,0,0,0,0,0,0,0,0,0,0,0
1770178334530754448,-0.173371,1.11573,-1.9622,0.256829,1.41599,-1.89509,-0.0302531,1.26463,-1.96996,0.122498,0.501741,-1.78116,0,0,0,0,0,0,0,0,0,0,0,0,0,0,0,0,0,0,0,0,0,0,0,0
1770178334550834096,-0.172457,1.11466,-1.96339,0.255096,1.41939,-1.89275,-0.0323197,1.26595,-1.96904,0.122143,0.501414,-1.78148,0,0,0,0,0,0,0,0,0,0,0,0,0,0,0,0,0,0,0,0,0,0,0,0
1770178334570918287,-0.173366,1.11572,-1.96221,0.256818,1.41599,-1.89509,-0.0301609,1.26433,-1.96986,0.122501,0.501744,-1.78116,0,0,0,0,0,0,0,0,0,0,0,0,0,0,0,0,0,0,0,0,0,0,0,0
1770178334590997391,-0.172461,1.11466,-1.96338,0.255102,1.41939,-1.89276,-0.0325178,1.26609,-1.96906,0.122141,0.501412,-1.78149,0,0,0,0,0,0,0,0,0,0,0,0,0,0,0,0,0,0,0,0,0,0,0,0
1770178334611075566,-0.173361,1.11572,-1.96221,0.25684,1.41598,-1.8951,-0.0299718,1.26419,-1.96988,0.122504,0.501747,-1.78115,0,0,0,0,0,0,0,0,0,0,0,0,0,0,0,0,0,0,0,0,0,0,0,0
1770178334631155342,-0.172464,1.11467,-1.96338,0.255089,1.41939,-1.89275,-0.0274909,1.26618,-1.96751,0.122138,0.501409,-1.78149,0,0,0,0,0,0,0,0,0,0,0,0,0,0,0,0,0,0,0,0,0,0,0,0
1770178334651233517,-0.173357,1.11571,-1.96222,0.256735,1.41602,-1.89508,-0.0301137,1.26429,-1.96997,0.122506,0.501749,-1.78115,0,0,0,0,0,0,0,0,0,0,0,0,0,0,0,0,0,0,0,0,0,0,0,0
1770178334671312268,-0.172468,1.11467,-1.96337,0.255154,1.41935,-1.89282,-0.0325143,1.26613,-1.96896,0.122135,0.501407,-1.78149,0,0,0,0,0,0,0,0,0,0,0,0,0,0,0,0,0,0,0,0,0,0,0,0
1770178334691389900,-0.173353,1.11571,-1.96222,0.256838,1.41599,-1.89507,-0.0299614,1.26414,-1.96998,0.122509,0.501752,-1.78115,0,0,0,0,0,0,0,0,0,0,0,0,0,0,0,0,0,0,0,0,0,0,0,0
1770178334711468331,-0.172471,1.11467,-1.96337,0.255107,1.41938,-1.89276,-0.0273144,1.26161,-1.96754,0.122132,0.501404,-1.78149,0,0,0,0,0,0,0,0,0,0,0,0,0,0,0,0,0,0,0,0,0,0,0,0
1770178334731544747,-0.173349,1.11571,-1.96223,0.256831,1.41599,-1.89509,-0.0298869,1.2642,-1.97014,0.122513,0.501755,-1.78115,0,0,0,0,0,0,0,0,0,0,0,0,0,0,0,0,0,0,0,0,0,0,0,0
1770178334751628842,-0.172474,1.11468,-1.96336,0.255097,1.41939,-1.89275,-0.0274104,1.26623,-1.96754,0.122129,0.501401,-1.7815,0,0,0,0,0,0,0,0,0,0,0,0,0,0,0,0,0,0,0,0,0,0,0,0
1770178334771712842,-0.173345,1.1157,-1.96223,0.256819,1.41599,-1.89509,-0.0301471,1.26425,-1.97003,0.122516,0.501758,-1.78114,0,0,0,0,0,0,0,0,0,0,0,0,0,0,0,0,0,0,0,0,0,0,0,0
1770178334791789353,-0.172477,1.11468,-1.96336,0.255102,1.41939,-1.89276,-0.032517,1.26615,-1.96891,0.122126,0.501399,-1.7815,0,0,0,0,0,0,0,0,0,0,0,0,0,0,0,0,0,0,0,0,0,0,0,0
1770178334811861064,-0.173341,1.1157,-1.96224,0.25684,1.41598,-1.89509,-0.0299515,1.26411,-1.97003,0.122519,0.501761,-1.78114,0,0,0,0,0,0,0,0,0,0,0,0,0,0,0,0,0,0,0,0,0,0,0,0
1770178334831935144,-0.17248,1.11469,-1.96335,0.25509,1.41939,-1.89275,-0.0272951,1.26162,-1.96753,0.122123,0.501396,-1.7815,0,0,0,0,0,0,0,0,0,0,0,0,0,0,0,0,0,0,0,0,0,0,0,0
1770178334852013991,-0.173338,1.11569,-1.96224,0.256746,1.41601,-1.89509,-0.0298985,1.2642,-1.97016,0.122522,0.501764,-1.78114,0,0,0,0,0,0,0,0,0,0,0,0,0,0,0,0,0,0,0,0,0,0,0,0
1770178334872088454,-0.172483,1.11469,-1.96335,0.255147,1.41936,-1.89281,-0.0273946,1.2662,-1.96754,0.12212,0.501393,-1.78151,0,0,0,0,0,0,0,0,0,0,0,0,0,0,0,0,0,0,0,0,0,0,0,0
1770178334892167174,-0.173334,1.11569,-1.96225,0.256842,1.41599,-1.89507,-0.0301664,1.26429,-1.97003,0.122525,0.501767,-1.78113,0,0,0,0,0,0,0,0,0,0,0,0,0,0,0,0,0,0,0,0,0,0,0,0
1770178334912241381,-0.172486,1.11469,-1.96335,0.255102,1.41938,-1.89275,-0.0324951,1.26613,-1.96892,0.122117,0.50139,-1.78151,0,0,0,0,0,0,0,0,0,0,0,0,0,0,0,0,0,0,0,0,0,0,0,0
1770178334932315812,-0.173331,1.11569,-1.96225,0.256813,1.41599,-1.89509,-0.029973,1.26413,-1.97002,0.122528,0.501769,-1.78113,0,0,0,0,0,0,0,0,0,0,0,0,0,0,0,0,0,0,0,0,0,0,0,0
1770178334952396900,-0.172489,1.1147,-1.96334,0.255107,1.41938,-1.89277,-0.0272981,1.26161,-1.96752,0.122114,0.501387,-1.78151,0,0,0,0,0,0,0,0,0,0,0,0,0,0,0,0,0,0,0,0,0,0,0,0
1770178334972473347,-0.173328,1.11568,-1.96225,0.256847,1.41598,-1.89509,-0.0299023,1.2642,-1.97016,0.122531,0.501772,-1.78113,0,0,0,0,0,0,0,0,0,0,0,0,0,0,0,0,0,0,0,0,0,0,0,0
1770178334992552803,-0.172491,1.1147,-1.96334,0.255087,1.4194,-1.89274,-0.0274051,1.26624,-1.96753,0.122111,0.501384,-1.78151,0,0,0,0,0,0,0,0,0,0,0,0,0,0,0,0,0,0,0,0,0,0,0,0
1770178335012631906,-0.173325,1.11568,-1.96226,0.256569,1.41608,-1.89506,-0.0301547,1.26424,-1.97004,0.122535,0.501776,-1.78112,0,0,0,0,0,0,0,0,0,0,0,0,0,0,0,0,0,0,0,0,0,0,0,0
1770178335032713922,-0.146272,0.642487,-2.09786,0.0709429,0.96954,-1.85211,-0.110918,1.09347,-1.49281,0.0211988,0.674726,-2.05076,0,0,0,0,0,0,0,0,0,0,0,0,0,0,0,0,0,0,0,0,0,0,0,0
1770178335052791681,-0.150548,0.618351,-2.09568,0.0553939,0.992684,-1.85905,-0.110525,1.09702,-1.50166,0.0152767,0.68062,-2.06472,0,0,0,0,0,0,0,0,0,0,0,0,0,0,0,0,0,0,0,0,0,0,0,0
1770178335072867584,-0.146569,0.619117,-2.09439,0.056856,0.990699,-1.8577,-0.111439,1.09672,-1.5014,0.0166723,0.682629,-2.0632,0,0,0,0,0,0,0,0,0,0,0,0,0,0,0,0,0,0,0,0,0,0,0,0
1770178335092942784,-0.148536,0.61718,-2.09637,0.056067,0.991534,-1.85704,-0.110737,1.09732,-1.50202,0.0149791,0.680745,-2.065,0,0,0,0,0,0,0,0,0,0,0,0,0,0,0,0,0,0,0,0,0,0,0,0
1770178335113023487,-0.146505,0.6192,-2.09436,0.056855,0.990706,-1.85787,-0.111421,1.0966,-1.50132,0.0167983,0.682698,-2.06306,0,0,0,0,0,0,0,0,0,0,0,0,0,0,0,0,0,0,0,0,0,0,0,0
1770178335133102239,-0.148582,0.617134,-2.09642,0.056017,0.991587,-1.85698,-0.110685,1.09738,-1.50207,0.0148573,0.680625,-2.06514,0,0,0,0,0,0,0,0,0,0,0,0,0,0,0,0,0,0,0,0,0,0,0,0
1770178335153174782,-0.146449,0.619256,-2.0943,0.0569126,0.990644,-1.85793,-0.111476,1.09653,-1.50126,0.0168819,0.682784,-2.06297,0,0,0,0,0,0,0,0,0,0,0,0,0,0,0,0,0,0,0,0,0,0,0,0
1770178335173252061,-0.148627,0.61709,-2.09647,0.0559589,0.991648,-1.85691,-0.110622,1.09745,-1.50214,0.014762,0.680527,-2.06524,0,0,0,0,0,0,0,0,0,0,0,0,0,0,0,0,0,0,0,0,0,0,0,0
1770178335193329277,-0.146397,0.619308,-2.09425,0.0569774,0.990576,-1.858,-0.111541,1.09647,-1.50119,0.0121055,0.677424,-2.06836,0,0,0,0,0,0,0,0,0,0,0,0,0,0,0,0,0,0,0,0,0,0,0,0
1770178335213413564,-0.148668,0.617049,-2.09651,0.0558946,0.991715,-1.85685,-0.110548,1.09753,-1.50221,0.0143358,0.680117,-2.06566,0,0,0,0,0,0,0,0,0,0,0,0,0,0,0,0,0,0,0,0,0,0,0,0
1770178335233487036,-0.14635,0.619355,-2.0942,0.0570493,0.9905,-1.85808,-0.111613,1.09639,-1.50111,0.0116292,0.677664,-2.06807,0,0,0,0,0,0,0,0,0,0,0,0,0,0,0,0,0,0,0,0,0,0,0,0
1770178335253563899,-0.148705,0.617013,-2.09654,0.0558243,0.991788,-1.85677,-0.110465,1.09761,-1.5023,0.0142653,0.680068,-2.0657,0,0,0,0,0,0,0,0,0,0,0,0,0,0,0,0,0,0,0,0,0,0,0,0
1770178335273645402,-0.146307,0.619397,-2.09416,0.0571283,0.990416,-1.85816,-0.111694,1.0963,-1.50103,0.0116792,0.677695,-2.06804,0,0,0,0,0,0,0,0,0,0,0,0,0,0,0,0,0,0,0,0,0,0,0,0
1770178335293723834,-0.148737,0.616981,-2.09658,0.0557483,0.991867,-1.85669,-0.110371,1.09771,-1.50239,0.0142247,0.680028,-2.06574,0,0,0,0,0,0,0,0,0,0,0,0,0,0,0,0,0,0,0,0,0,0,0,0
1770178335313806201,-0.146269,0.619435,-2.09412,0.0572139,0.990326,-1.85825,-0.111783,1.0962,-1.50094,0.0117099,0.677723,-2.06802,0,0,0,0,0,0,0,0,0,0,0,0,0,0,0,0,0,0,0,0,0,0,0,0
1770178335333885657,-0.148765,0.616953,-2.0966,0.0556675,0.991951,-1.85661,-0.110268,1.09782,-1.5025,0.0141911,0.679995,-2.06577,0,0,0,0,0,0,0,0,0,0,0,0,0,0,0,0,0,0,0,0,0,0,0,0
1770178335353961528,-0.146237,0.619467,-2.09409,0.0573049,0.990229,-1.85835,-0.111879,1.0961,-1.50084,0.0117355,0.677745,-2.06799,0,0,0,0,0,0,0,0,0,0,0,0,0,0,0,0,0,0,0,0,0,0,0,0
1770178335374040344,-0.148789,0.616929,-2.09663,0.0555834,0.992038,-1.85652,-0.110156,1.09793,-1.50261,0.0141635,0.679968,-2.0658,0,0,0,0,0,0,0,0,0,0,0,0,0,0,0,0,0,0,0,0,0,0,0,0
1770178335394118743,-0.146209,0.619494,-2.09406,0.0573999,0.990128,-1.85845,-0.111979,1.09599,-1.50073,0.0117569,0.677764,-2.06798,0,0,0,0,0,0,0,0,0,0,0,0,0,0,0,0,0,0,0,0,0,0,0,0
1770178335414194614,-0.148809,0.61691,-2.09665,0.0554981,0.992126,-1.85643,-0.110039,1.09805,-1.50273,0.0141405,0.679946,-2.06582,0,0,0,0,0,0,0,0,0,0,0,0,0,0,0,0,0,0,0,0,0,0,0,0
1770178335434273782,-0.146186,0.619517,-2.09404,0.0574962,0.990026,-1.85855,-0.112078,1.09589,-1.50063,0.0117749,0.67778,-2.06796,0,0,0,0,0,0,0,0,0,0,0,0,0,0,0,0,0,0,0,0,0,0,0,0
1770178335454346837,-0.148825,0.616893,-2.09666,0.0554144,0.992213,-1.85634,-0.109925,1.09817,-1.50284,0.0141212,0.679927,-2.06584,0,0,0,0,0,0,0,0,0,0,0,0,0,0,0,0,0,0,0,0,0,0,0,0
1770178335474426069,-0.146168,0.619536,-2.09402,0.0575908,0.989926,-1.85865,-0.112338,1.10008,-1.50111,0.0117901,0.677793,-2.06795,0,0,0,0,0,0,0,0,0,0,0,0,0,0,0,0,0,0,0,0,0,0,0,0
1770178335494509812,-0.148838,0.61688,-2.09668,0.0553367,0.992293,-1.85626,-0.109866,1.09811,-1.50288,0.0141047,0.679911,-2.06585,0,0,0,0,0,0,0,0,0,0,0,0,0,0,0,0,0,0,0,0,0,0,0,0
1770178335514587315,-0.146153,0.619551,-2.09401,0.0576786,0.989833,-1.85875,-0.107375,1.09568,-1.50047,0.0118032,0.677805,-2.06794,0,0,0,0,0,0,0,0,0,0,0,0,0,0,0,0,0,0,0,0,0,0,0,0
1770178335534670483,-0.148849,0.61687,-2.09669,0.0552829,0.992353,-1.8562,-0.109778,1.09818,-1.5029,0.0140907,0.679897,-2.06587,0,0,0,0,0,0,0,0,0,0,0,0,0,0,0,0,0,0,0,0,0,0,0,0
1770178335554750162,-0.146141,0.619563,-2.094,0.0577411,0.989765,-1.85882,-0.10731,1.09569,-1.50034,0.0118144,0.677815,-2.06793,0,0,0,0,0,0,0,0,0,0,0,0,0,0,0,0,0,0,0,0,0,0,0,0
1770178335574828082,-0.148857,0.616862,-2.0967,0.0547783,0.986445,-1.86234,-0.109832,1.09824,-1.50297,0.0140787,0.679886,-2.06588,0,0,0,0,0,0,0,0,0,0,0,0,0,0,0,0,0,0,0,0,0,0,0,0
1770178335594912241,-0.146131,0.619572,-2.09399,0.0573748,0.989493,-1.85915,-0.106682,1.10125,-1.50587,0.011824,0.677823,-2.06792,0,0,0,0,0,0,0,0,0,0,0,0,0,0,0,0,0,0,0,0,0,0,0,0
1770178335614989169,-0.148863,0.616856,-2.0967,0.0549653,0.986573,-1.86222,-0.109683,1.09841,-1.50302,0.0140683,0.679876,-2.06589,0,0,0,0,0,0,0,0,0,0,0,0,0,0,0,0,0,0,0,0,0,0,0,0
1770178335635067440,-0.146124,0.619579,-2.09398,0.0571784,0.98933,-1.85931,-0.106705,1.10059,-1.5004,0.0118324,0.67783,-2.06791,0,0,0,0,0,0,0,0,0,0,0,0,0,0,0,0,0,0,0,0,0,0,0,0
1770178335655144944,-0.148867,0.616852,-2.09671,0.0550875,0.986669,-1.86213,-0.10987,1.09827,-1.50278,0.0140593,0.679867,-2.0659,0,0,0,0,0,0,0,0,0,0,0,0,0,0,0,0,0,0,0,0,0,0,0,0
1770178335675222927,-0.146119,0.619585,-2.09397,0.0570431,0.989216,-1.85942,-0.106791,1.10061,-1.50038,0.0118397,0.677837,-2.0679,0,0,0,0,0,0,0,0,0,0,0,0,0,0,0,0,0,0,0,0,0,0,0,0
1770178335695301422,-0.148871,0.616848,-2.09671,0.0551754,0.986742,-1.86206,-0.10977,1.09824,-1.50279,0.0140515,0.67986,-2.0659,0,0,0,0,0,0,0,0,0,0,0,0,0,0,0,0,0,0,0,0,0,0,0,0
1770178335715383918,-0.146115,0.619589,-2.09397,0.0569431,0.98913,-1.8595,-0.106676,1.1006,-1.50037,0.011846,0.677842,-2.0679,0,0,0,0,0,0,0,0,0,0,0,0,0,0,0,0,0,0,0,0,0,0,0,0
1770178335735462221,-0.148873,0.616846,-2.09671,0.0552418,0.9868,-1.862,-0.109905,1.09825,-1.5028,0.0140446,0.679853,-2.06591,0,0,0,0,0,0,0,0,0,0,0,0,0,0,0,0,0,0,0,0,0,0,0,0
1770178335755535693,-0.146112,0.619592,-2.09397,0.0568661,0.989063,-1.85957,-0.112351,1.10009,-1.5011,0.0118515,0.677847,-2.06789,0,0,0,0,0,0,0,0,0,0,0,0,0,0,0,0,0,0,0,0,0,0,0,0
1770178335775613036,-0.148875,0.616844,-2.09671,0.0552937,0.986848,-1.86196,-0.109852,1.0981,-1.5029,0.0140387,0.679847,-2.06592,0,0,0,0,0,0,0,0,0,0,0,0,0,0,0,0,0,0,0,0,0,0,0,0
1770178335795687819,-0.14611,0.619594,-2.09396,0.0568052,0.989008,-1.85962,-0.106901,1.09492,-1.50627,0.0118564,0.677852,-2.06789,0,0,0,0,0,0,0,0,0,0,0,0,0,0,0,0,0,0,0,0,0,0,0,0
1770178335815767051,-0.148877,0.616842,-2.09672,0.0553351,0.986888,-1.86192,-0.109831,1.0978,-1.50328,0.0140334,0.679842,-2.06592,0,0,0,0,0,0,0,0,0,0,0,0,0,0,0,0,0,0,0,0,0,0,0,0
1770178335835846186,-0.146108,0.619596,-2.09396,0.0567558,0.988963,-1.85966,-0.106922,1.09505,-1.5061,0.0118607,0.677855,-2.06789,0,0,0,0,0,0,0,0,0,0,0,0,0,0,0,0,0,0,0,0,0,0,0,0
1770178335855916521,-0.148878,0.616841,-2.09672,0.0553688,0.986922,-1.86189,-0.109805,1.09765,-1.50347,0.0140289,0.679838,-2.06593,0,0,0,0,0,0,0,0,0,0,0,0,0,0,0,0,0,0,0,0,0,0,0,0
1770178335875991305,-0.146107,0.619597,-2.09396,0.0567153,0.988925,-1.8597,-0.10694,1.09514,-1.50599,0.0118644,0.677859,-2.06788,0,0,0,0,0,0,0,0,0,0,0,0,0,0,0,0,0,0,0,0,0,0,0,0
1770178335896070216,-0.148878,0.616841,-2.09672,0.0553967,0.986951,-1.86186,-0.109782,1.09754,-1.5036,0.0140248,0.679834,-2.06593,0,0,0,0,0,0,0,0,0,0,0,0,0,0,0,0,0,0,0,0,0,0,0,0
1770178335916148616,-0.146106,0.619597,-2.09396,0.0566815,0.988892,-1.85973,-0.106958,1.0952,-1.50591,0.0118677,0.677862,-2.06788,0,0,0,0,0,0,0,0,0,0,0,0,0,0,0,0,0,0,0,0,0,0,0,0
1770178335936227623,-0.148879,0.61684,-2.09672,0.0554199,0.986976,-1.86183,-0.10976,1.09746,-1.50369,0.0140213,0.67983,-2.06593,0,0,0,0,0,0,0,0,0,0,0,0,0,0,0,0,0,0,0,0,0,0,0,0
1770178335956298438,-0.146105,0.619598,-2.09396,0.0566529,0.988864,-1.85976,-0.106975,1.09525,-1.50585,0.0118706,0.677864,-2.06788,0,0,0,0,0,0,0,0,0,0,0,0,0,0,0,0,0,0,0,0,0,0,0,0
1770178335976377094,-0.148879,0.61684,-2.09672,0.0554396,0.986998,-1.86181,-0.10974,1.09741,-1.50376,0.0140182,0.679827,-2.06594,0,0,0,0,0,0,0,0,0,0,0,0,0,0,0,0,0,0,0,0,0,0,0,0
1770178335996455813,-0.146105,0.619598,-2.09396,0.0566286,0.988839,-1.85979,-0.10699,1.09529,-1.5058,0.0118732,0.677866,-2.06788,0,0,0,0,0,0,0,0,0,0,0,0,0,0,0,0,0,0,0,0,0,0,0,0
1770178336016532260,-0.148879,0.61684,-2.09672,0.0554563,0.987018,-1.86179,-0.109722,1.09736,-1.50382,0.0140154,0.679825,-2.06594,0,0,0,0,0,0,0,0,0,0,0,0,0,0,0,0,0,0,0,0,0,0,0,0
1770178336036610372,-0.146105,0.619599,-2.09396,0.0566078,0.988818,-1.85981,-0.107003,1.09533,-1.50576,0.0118754,0.677868,-2.06787,0,0,0,0,0,0,0,0,0,0,0,0,0,0,0,0,0,0,0,0,0,0,0,0
1770178336056686659,-0.14888,0.616839,-2.09672,0.0554707,0.987036,-1.86177,-0.109705,1.09732,-1.50386,0.014013,0.679822,-2.06594,0,0,0,0,0,0,0,0,0,0,0,0,0,0,0,0,0,0,0,0,0,0,0,0
1770178336076764643,-0.146105,0.619599,-2.09396,0.0565897,0.988798,-1.85983,-0.107015,1.09535,-1.50572,0.0118774,0.67787,-2.06787,0,0,0,0,0,0,0,0,0,0,0,0,0,0,0,0,0,0,0,0,0,0,0,0
1770178336096843330,-0.14888,0.616839,-2.09672,0.0554831,0.987051,-1.86175,-0.109691,1.09729,-1.5039,0.0140108,0.67982,-2.06594,0,0,0,0,0,0,0,0,0,0,0,0,0,0,0,0,0,0,0,0,0,0,0,0
1770178336116922945,-0.146104,0.619599,-2.09396,0.0565739,0.988782,-1.85985,-0.107026,1.09538,-1.5057,0.0118792,0.677872,-2.06787,0,0,0,0,0,0,0,0,0,0,0,0,0,0,0,0,0,0,0,0,0,0,0,0
1770178336137002209,-0.14888,0.616839,-2.09672,0.055494,0.987065,-1.86174,-0.109678,1.09726,-1.50393,0.0140089,0.679818,-2.06595,0,0,0,0,0,0,0,0,0,0,0,0,0,0,0,0,0,0,0,0,0,0,0,0
1770178336157079840,-0.146104,0.619599,-2.09396,0.0565601,0.988766,-1.85986,-0.107036,1.0954,-1.50567,0.0118808,0.677873,-2.06787,0,0,0,0,0,0,0,0,0,0,0,0,0,0,0,0,0,0,0,0,0,0,0,0
1770178336177157344,-0.14888,0.616839,-2.09672,0.0555035,0.987078,-1.86173,-0.109666,1.09724,-1.50395,0.0140072,0.679817,-2.06595,0,0,0,0,0,0,0,0,0,0,0,0,0,0,0,0,0,0,0,0,0,0,0,0
1770178336197229887,-0.146104,0.619599,-2.09396,0.0565479,0.988753,-1.85988,-0.107045,1.09541,-1.50565,0.0118822,0.677874,-2.06787,0,0,0,0,0,0,0,0,0,0,0,0,0,0,0,0,0,0,0,0,0,0,0,0
1770178336217310046,-0.14888,0.616839,-2.09672,0.0555119,0.987089,-1.86171,-0.109656,1.09722,-1.50397,0.0140057,0.679815,-2.06595,0,0,0,0,0,0,0,0,0,0,0,0,0,0,0,0,0,0,0,0,0,0,0,0
1770178336237389854,-0.146104,0.619599,-2.09396,0.0565371,0.98874,-1.85989,-0.107053,1.09543,-1.50564,0.0118834,0.677875,-2.06787,0,0,0,0,0,0,0,0,0,0,0,0,0,0,0,0,0,0,0,0,0,0,0,0
1770178336257469853,-0.14888,0.616839,-2.09672,0.0555194,0.9871,-1.8617,-0.109646,1.0972,-1.50399,0.0140044,0.679814,-2.06595,0,0,0,0,0,0,0,0,0,0,0,0,0,0,0,0,0,0,0,0,0,0,0,0
1770178336277542013,-0.146104,0.619599,-2.09396,0.0565275,0.988729,-1.8599,-0.10706,1.09544,-1.50562,0.0118845,0.677876,-2.06787,0,0,0,0,0,0,0,0,0,0,0,0,0,0,0,0,0,0,0,0,0,0,0,0
1770178336297619868,-0.14888,0.616839,-2.09672,0.0555261,0.987109,-1.86169,-0.109638,1.09719,-1.50401,0.0140032,0.679813,-2.06595,0,0,0,0,0,0,0,0,0,0,0,0,0,0,0,0,0,0,0,0,0,0,0,0
1770178336317690267,-0.146104,0.619599,-2.09396,0.0565188,0.988719,-1.85991,-0.107066,1.09545,-1.50561,0.0118855,0.677877,-2.06786,0,0,0,0,0,0,0,0,0,0,0,0,0,0,0,0,0,0,0,0,0,0,0,0
1770178336337769435,-0.14888,0.616839,-2.09672,0.055532,0.987117,-1.86168,-0.10963,1.09718,-1.50402,0.0140022,0.679812,-2.06595,0,0,0,0,0,0,0,0,0,0,0,0,0,0,0,0,0,0,0,0,0,0,0,0
1770178336357847450,-0.146104,0.619599,-2.09396,0.0565111,0.98871,-1.85992,-0.107072,1.09546,-1.5056,0.0118863,0.677878,-2.06786,0,0,0,0,0,0,0,0,0,0,0,0,0,0,0,0,0,0,0,0,0,0,0,0
1770178336377934298,-0.14888,0.616839,-2.09672,0.0555374,0.987125,-1.86167,-0.109624,1.09717,-1.50404,0.0140012,0.679811,-2.06595,0,0,0,0,0,0,0,0,0,0,0,0,0,0,0,0,0,0,0,0,0,0,0,0
1770178336398013305,-0.146104,0.619599,-2.09396,0.0565041,0.988702,-1.85993,-0.107077,1.09547,-1.50559,0.0118871,0.677879,-2.06786,0,0,0,0,0,0,0,0,0,0,0,0,0,0,0,0,0,0,0,0,0,0,0,0
1770178336418090616,-0.14888,0.616839,-2.09672,0.0555422,0.987132,-1.86167,-0.109618,1.09716,-1.50405,0.0140004,0.67981,-2.06595,0,0,0,0,0,0,0,0,0,0,0,0,0,0,0,0,0,0,0,0,0,0,0,0
1770178336438168760,-0.146104,0.619599,-2.09396,0.0564977,0.988694,-1.85994,-0.107082,1.09548,-1.50558,0.0118878,0.677879,-2.06786,0,0,0,0,0,0,0,0,0,0,0,0,0,0,0,0,0,0,0,0,0,0,0,0
1770178336458246743,-0.14888,0.616839,-2.09672,0.0555466,0.987139,-1.86166,-0.109612,1.09715,-1.50406,0.0139997,0.67981,-2.06595,0,0,0,0,0,0,0,0,0,0,0,0,0,0,0,0,0,0,0,0,0,0,0,0
1770178336478319863,-0.146104,0.619599,-2.09396,0.056492,0.988687,-1.85994,-0.107086,1.09548,-1.50557,0.0118884,0.67788,-2.06786,0,0,0,0,0,0,0,0,0,0,0,0,0,0,0,0,0,0,0,0,0,0,0,0
1770178336498396022,-0.14888,0.616839,-2.09672,0.0555506,0.987145,-1.86165,-0.109607,1.09714,-1.50406,0.013999,0.679809,-2.06595,0,0,0,0,0,0,0,0,0,0,0,0,0,0,0,0,0,0,0,0,0,0,0,0
1770178336518476213,-0.146104,0.619599,-2.09396,0.0564868,0.98868,-1.85995,-0.107089,1.09549,-1.50556,0.0118889,0.67788,-2.06786,0,0,0,0,0,0,0,0,0,0,0,0,0,0,0,0,0,0,0,0,0,0,0,0
1770178336538549781,-0.14888,0.616839,-2.09672,0.0555542,0.98715,-1.86165,-0.109603,1.09713,-1.50407,0.0139985,0.679808,-2.06596,0,0,0,0,0,0,0,0,0,0,0,0,0,0,0,0,0,0,0,0,0,0,0,0
1770178336558627540,-0.146104,0.619599,-2.09396,0.056482,0.988675,-1.85996,-0.107093,1.09549,-1.50556,0.0118894,0.677881,-2.06786,0,0,0,0,0,0,0,0,0,0,0,0,0,0,0,0,0,0,0,0,0,0,0,0
1770178336578706740,-0.14888,0.616839,-2.09672,0.0555575,0.987156,-1.86164,-0.109599,1.09713,-1.50408,0.0139979,0.679808,-2.06596,0,0,0,0,0,0,0,0,0,0,0,0,0,0,0,0,0,0,0,0,0,0,0,0
1770178336598785811,-0.146104,0.619599,-2.09396,0.0564776,0.988669,-1.85996,-0.107096,1.0955,-1.50555,0.0118898,0.677881,-2.06786,0,0,0,0,0,0,0,0,0,0,0,0,0,0,0,0,0,0,0,0,0,0,0,0
1770178336618864050,-0.14888,0.616839,-2.09672,0.0555605,0.98716,-1.86164,-0.109596,1.09712,-1.50408,0.0139975,0.679807,-2.06596,0,0,0,0,0,0,0,0,0,0,0,0,0,0,0,0,0,0,0,0,0,0,0,0
1770178336638943954,-0.146104,0.619599,-2.09396,0.0564737,0.988664,-1.85997,-0.107098,1.0955,-1.50555,0.0118902,0.677881,-2.06786,0,0,0,0,0,0,0,0,0,0,0,0,0,0,0,0,0,0,0,0,0,0,0,0
1770178336659021905,-0.14888,0.616839,-2.09672,0.0555633,0.987165,-1.86163,-0.109593,1.09712,-1.50409,0.0139971,0.679807,-2.06596,0,0,0,0,0,0,0,0,0,0,0,0,0,0,0,0,0,0,0,0,0,0,0,0
1770178336679101073,-0.146104,0.619599,-2.09396,0.05647,0.98866,-1.85997,-0.107101,1.09551,-1.50554,0.0118905,0.677882,-2.06786,0,0,0,0,0,0,0,0,0,0,0,0,0,0,0,0,0,0,0,0,0,0,0,0
1770178336699174224,-0.14888,0.616839,-2.09672,0.0555658,0.987169,-1.86163,-0.10959,1.09711,-1.50409,0.0139967,0.679807,-2.06596,0,0,0,0,0,0,0,0,0,0,0,0,0,0,0,0,0,0,0,0,0,0,0,0
1770178336719247631,-0.146104,0.619599,-2.09396,0.0564666,0.988655,-1.85998,-0.107103,1.09551,-1.50554,0.0118908,0.677882,-2.06786,0,0,0,0,0,0,0,0,0,0,0,0,0,0,0,0,0,0,0,0,0,0,0,0
1770178336739318095,-0.14888,0.616839,-2.09672,0.0555682,0.987172,-1.86162,-0.109587,1.09711,-1.5041,0.0139964,0.679806,-2.06596,0,0,0,0,0,0,0,0,0,0,0,0,0,0,0,0,0,0,0,0,0,0,0,0
1770178336759398702,-0.228462,1.25912,-1.67393,0.0926563,0.725667,-2.16296,0.194658,1.17249,-1.54739,-0.155306,1.09232,-1.88096,0,0,0,0,0,0,0,0,0,0,0,0,0,0,0,0,0,0,0,0,0,0,0,0
1770178336779469709,-0.225508,1.28634,-1.72257,0.0990566,0.714493,-2.17133,0.199108,1.17074,-1.5438,-0.140906,1.08746,-1.85813,0,0,0,0,0,0,0,0,0,0,0,0,0,0,0,0,0,0,0,0,0,0,0,0
1770178336799547725,-0.222212,1.28737,-1.72303,0.0959597,0.716704,-2.16891,0.201884,1.17282,-1.54155,-0.140715,1.0872,-1.85828,0,0,0,0,0,0,0,0,0,0,0,0,0,0,0,0,0,0,0,0,0,0,0,0
1770178336819622764,-0.223661,1.28601,-1.72161,0.0984005,0.714005,-2.17149,0.19888,1.1709,-1.54357,-0.140734,1.08717,-1.85821,0,0,0,0,0,0,0,0,0,0,0,0,0,0,0,0,0,0,0,0,0,0,0,0
1770178336839708172,-0.222222,1.2875,-1.72321,0.0957751,0.716603,-2.16891,0.199734,1.17228,-1.54178,-0.140699,1.0872,-1.85825,0,0,0,0,0,0,0,0,0,0,0,0,0,0,0,0,0,0,0,0,0,0,0,0
1770178336859804395,-0.223736,1.28591,-1.7215,0.0984072,0.713975,-2.17152,0.20136,1.17115,-1.54295,-0.140735,1.08717,-1.85821,0,0,0,0,0,0,0,0,0,0,0,0,0,0,0,0,0,0,0,0,0,0,0,0
1770178336879886187,-0.222114,1.28761,-1.72333,0.0957491,0.716623,-2.16888,0.199365,1.17269,-1.5419,-0.140697,1.08721,-1.85825,0,0,0,0,0,0,0,0,0,0,0,0,0,0,0,0,0,0,0,0,0,0,0,0
1770178336899964170,-0.223831,1.28581,-1.72139,0.0984226,0.71396,-2.17153,0.201799,1.17088,-1.54318,-0.140737,1.08716,-1.85821,0,0,0,0,0,0,0,0,0,0,0,0,0,0,0,0,0,0,0,0,0,0,0,0
1770178336920039146,-0.222002,1.28773,-1.72345,0.095731,0.716641,-2.16887,0.19883,1.173,-1.54168,-0.140695,1.08721,-1.85825,0,0,0,0,0,0,0,0,0,0,0,0,0,0,0,0,0,0,0,0,0,0,0,0
1770178336940117801,-0.223927,1.28571,-1.72127,0.0984348,0.713947,-2.17154,0.196454,1.17068,-1.54424,-0.140739,1.08716,-1.85821,0,0,0,0,0,0,0,0,0,0,0,0,0,0,0,0,0,0,0,0,0,0,0,0
1770178336960198760,-0.221887,1.28784,-1.72357,0.095717,0.716655,-2.16885,0.1992,1.16745,-1.54667,-0.140693,1.08721,-1.85826,0,0,0,0,0,0,0,0,0,0,0,0,0,0,0,0,0,0,0,0,0,0,0,0
1770178336980272392,-0.224018,1.28561,-1.72117,0.0984439,0.713938,-2.17155,0.201197,1.16997,-1.54412,-0.140742,1.08716,-1.85821,0,0,0,0,0,0,0,0,0,0,0,0,0,0,0,0,0,0,0,0,0,0,0,0
1770178337000349031,-0.221778,1.28795,-1.72369,0.0957065,0.716666,-2.16884,0.199685,1.16793,-1.54676,-0.14069,1.08721,-1.85826,0,0,0,0,0,0,0,0,0,0,0,0,0,0,0,0,0,0,0,0,0,0,0,0
1770178337020427719,-0.224086,1.28554,-1.7211,0.0984505,0.713932,-2.17156,0.200886,1.16978,-1.54448,-0.140744,1.08716,-1.8582,0,0,0,0,0,0,0,0,0,0,0,0,0,0,0,0,0,0,0,0,0,0,0,0
1770178337040504966,-0.221705,1.28803,-1.72377,0.0956989,0.716673,-2.16883,0.199987,1.16807,-1.54658,-0.140687,1.08722,-1.85826,0,0,0,0,0,0,0,0,0,0,0,0,0,0,0,0,0,0,0,0,0,0,0,0
1770178337060577637,-0.224556,1.29089,-1.72639,0.0984551,0.713927,-2.17156,0.200642,1.16965,-1.54468,-0.140747,1.08715,-1.8582,0,0,0,0,0,0,0,0,0,0,0,0,0,0,0,0,0,0,0,0,0,0,0,0
1770178337080652997,-0.221788,1.2881,-1.72387,0.0956935,0.716679,-2.16883,0.200215,1.16817,-1.54645,-0.140684,1.08722,-1.85827,0,0,0,0,0,0,0,0,0,0,0,0,0,0,0,0,0,0,0,0,0,0,0,0
1770178337100732452,-0.224568,1.2909,-1.72642,0.0984583,0.713924,-2.17157,0.200444,1.16956,-1.54482,-0.140751,1.08715,-1.8582,0,0,0,0,0,0,0,0,0,0,0,0,0,0,0,0,0,0,0,0,0,0,0,0
1770178337120812867,-0.221772,1.28809,-1.72386,0.0956898,0.716682,-2.16882,0.200397,1.16823,-1.54635,-0.14068,1.08722,-1.85827,0,0,0,0,0,0,0,0,0,0,0,0,0,0,0,0,0,0,0,0,0,0,0,0
1770178337140888131,-0.224576,1.29091,-1.72643,0.0984605,0.713922,-2.17157,0.200277,1.1695,-1.54491,-0.140754,1.08714,-1.85819,0,0,0,0,0,0,0,0,0,0,0,0,0,0,0,0,0,0,0,0,0,0,0,0
1770178337160964706,-0.221763,1.28808,-1.72385,0.0956873,0.716685,-2.16882,0.200547,1.16827,-1.54629,-0.140677,1.08723,-1.85827,0,0,0,0,0,0,0,0,0,0,0,0,0,0,0,0,0,0,0,0,0,0,0,0
1770178337181044802,-0.224581,1.29091,-1.72643,0.0984619,0.71392,-2.17157,0.200136,1.16946,-1.54498,-0.140758,1.08714,-1.85819,0,0,0,0,0,0,0,0,0,0,0,0,0,0,0,0,0,0,0,0,0,0,0,0
1770178337201121953,-0.221757,1.28807,-1.72385,0.0956857,0.716687,-2.16882,0.200672,1.16829,-1.54624,-0.140672,1.08723,-1.85828,0,0,0,0,0,0,0,0,0,0,0,0,0,0,0,0,0,0,0,0,0,0,0,0
1770178337221204705,-0.224584,1.29091,-1.72643,0.0984628,0.713919,-2.17157,0.200014,1.16944,-1.54502,-0.140763,1.08714,-1.85818,0,0,0,0,0,0,0,0,0,0,0,0,0,0,0,0,0,0,0,0,0,0,0,0
1770178337241284928,-0.221755,1.28807,-1.72384,0.0956846,0.716688,-2.16882,0.200779,1.16831,-1.54621,-0.140667,1.08724,-1.85828,0,0,0,0,0,0,0,0,0,0,0,0,0,0,0,0,0,0,0,0,0,0,0,0
1770178337261358847,-0.224585,1.29091,-1.72643,0.0984634,0.713919,-2.17157,0.199907,1.16943,-1.54505,-0.140768,1.08713,-1.85818,0,0,0,0,0,0,0,0,0,0,0,0,0,0,0,0,0,0,0,0,0,0,0,0
1770178337281440127,-0.221753,1.28807,-1.72384,0.0956839,0.716688,-2.16882,0.20087,1.16831,-1.54619,-0.140662,1.08724,-1.85829,0,0,0,0,0,0,0,0,0,0,0,0,0,0,0,0,0,0,0,0,0,0,0,0
1770178337301520286,-0.224585,1.29091,-1.72644,0.0984638,0.713918,-2.17157,0.199814,1.16943,-1.54506,-0.140774,1.08712,-1.85817,0,0,0,0,0,0,0,0,0,0,0,0,0,0,0,0,0,0,0,0,0,0,0,0
1770178337321599390,-0.221753,1.28807,-1.72384,0.0956835,0.716689,-2.16882,0.200949,1.16831,-1.54618,-0.140656,1.08725,-1.85829,0,0,0,0,0,0,0,0,0,0,0,0,0,0,0,0,0,0,0,0,0,0,0,0
1770178337341677981,-0.224585,1.29091,-1.72644,0.0984641,0.713918,-2.17157,0.199731,1.16943,-1.54507,-0.14078,1.08712,-1.85817,0,0,0,0,0,0,0,0,0,0,0,0,0,0,0,0,0,0,0,0,0,0,0,0
1770178337361758205,-0.221753,1.28807,-1.72384,0.0956832,0.716689,-2.16882,0.201019,1.1683,-1.54618,-0.14065,1.08726,-1.8583,0,0,0,0,0,0,0,0,0,0,0,0,0,0,0,0,0,0,0,0,0,0,0,0
1770178337381838012,-0.224585,1.29091,-1.72644,0.0984642,0.713918,-2.17157,0.199657,1.16945,-1.54507,-0.140787,1.08711,-1.85816,0,0,0,0,0,0,0,0,0,0,0,0,0,0,0,0,0,0,0,0,0,0,0,0
1770178337401909883,-0.221753,1.28807,-1.72384,0.095683,0.716689,-2.16882,0.20108,1.16829,-1.54619,-0.140643,1.08727,-1.85831,0,0,0,0,0,0,0,0,0,0,0,0,0,0,0,0,0,0,0,0,0,0,0,0
1770178337421996443,-0.224585,1.29091,-1.72644,0.0984643,0.713918,-2.17157,0.199591,1.16946,-1.54506,-0.140794,1.0871,-1.85815,0,0,0,0,0,0,0,0,0,0,0,0,0,0,0,0,0,0,0,0,0,0,0,0
1770178337442076858,-0.221753,1.28807,-1.72384,0.0956829,0.716689,-2.16882,0.201135,1.16827,-1.5462,-0.140635,1.08727,-1.85832,0,0,0,0,0,0,0,0,0,0,0,0,0,0,0,0,0,0,0,0,0,0,0,0
1770178337462155354,-0.224585,1.29091,-1.72644,0.0984644,0.713918,-2.17157,0.199532,1.16948,-1.54505,-0.140803,1.08709,-1.85814,0,0,0,0,0,0,0,0,0,0,0,0,0,0,0,0,0,0,0,0,0,0,0,0
1770178337482235225,-0.221753,1.28807,-1.72384,0.0956828,0.716689,-2.16882,0.201184,1.16825,-1.54621,-0.140626,1.08728,-1.85833,0,0,0,0,0,0,0,0,0,0,0,0,0,0,0,0,0,0,0,0,0,0,0,0
1770178337502312377,-0.224585,1.29091,-1.72644,0.0984644,0.713918,-2.17157,0.199477,1.1695,-1.54503,-0.140812,1.08708,-1.85813,0,0,0,0,0,0,0,0,0,0,0,0,0,0,0,0,0,0,0,0,0,0,0,0
1770178337522391704,-0.221753,1.28807,-1.72384,0.0956828,0.716689,-2.16882,0.201228,1.16823,-1.54623,-0.140616,1.08729,-1.85834,0,0,0,0,0,0,0,0,0,0,0,0,0,0,0,0,0,0,0,0,0,0,0,0
1770178337542474167,-0.224585,1.29091,-1.72644,0.0984645,0.713918,-2.17157,0.199428,1.16953,-1.54501,-0.140823,1.08707,-1.85812,0,0,0,0,0,0,0,0,0,0,0,0,0,0,0,0,0,0,0,0,0,0,0,0
1770178337562549591,-0.221753,1.28807,-1.72384,0.0956827,0.716689,-2.16882,0.201268,1.16821,-1.54625,-0.140605,1.08731,-1.85835,0,0,0,0,0,0,0,0,0,0,0,0,0,0,0,0,0,0,0,0,0,0,0,0
1770178337582625494,-0.224585,1.29091,-1.72644,0.0984645,0.713918,-2.17157,0.199383,1.16955,-1.54499,-0.140834,1.08706,-1.85811,0,0,0,0,0,0,0,0,0,0,0,0,0,0,0,0,0,0,0,0,0,0,0,0
1770178337602705878,-0.221753,1.28807,-1.72384,0.0956827,0.71669,-2.16882,0.201305,1.16819,-1.54627,-0.140594,1.08732,-1.85836,0,0,0,0,0,0,0,0,0,0,0,0,0,0,0,0,0,0,0,0,0,0,0,0
1770178337622781269,-0.224585,1.29091,-1.72644,0.0984645,0.713918,-2.17157,0.199341,1.16957,-1.54497,-0.140847,1.08705,-1.8581,0,0,0,0,0,0,0,0,0,0,0,0,0,0,0,0,0,0,0,0,0,0,0,0
1770178337642854708,-0.221753,1.28807,-1.72384,0.0956827,0.71669,-2.16882,0.201339,1.16817,-1.54629,-0.14058,1.08733,-1.85837,0,0,0,0,0,0,0,0,0,0,0,0,0,0,0,0,0,0,0,0,0,0,0,0
1770178337662933716,-0.224585,1.29091,-1.72644,0.0984645,0.713918,-2.17157,0.199303,1.1696,-1.54495,-0.140861,1.08703,-1.85808,0,0,0,0,0,0,0,0,0,0,0,0,0,0,0,0,0,0,0,0,0,0,0,0
1770178337683013011,-0.221753,1.28807,-1.72384,0.0956827,0.71669,-2.16882,0.201369,1.16815,-1.54631,-0.140566,1.08735,-1.85839,0,0,0,0,0,0,0,0,0,0,0,0,0,0,0,0,0,0,0,0,0,0,0,0
1770178337703090643,-0.224585,1.29091,-1.72644,0.0984645,0.713918,-2.17157,0.199267,1.16962,-1.54492,-0.140876,1.08701,-1.85806,0,0,0,0,0,0,0,0,0,0,0,0,0,0,0,0,0,0,0,0,0,0,0,0
1770178337723178898,-0.221753,1.28807,-1.72384,0.0956827,0.71669,-2.16882,0.201398,1.16813,-1.54633,-0.14055,1.08737,-1.85841,0,0,0,0,0,0,0,0,0,0,0,0,0,0,0,0,0,0,0,0,0,0,0,0
1770178337743258194,-0.224585,1.29091,-1.72644,0.0984645,0.713918,-2.17157,0.199235,1.16965,-1.5449,-0.140894,1.08699,-1.85805,0,0,0,0,0,0,0,0,0,0,0,0,0,0,0,0,0,0,0,0,0,0,0,0
1770178337763331217,-0.221753,1.28807,-1.72384,0.0956827,0.71669,-2.16882,0.201423,1.16811,-1.54634,-0.140532,1.08738,-1.85842,0,0,0,0,0,0,0,0,0,0,0,0,0,0,0,0,0,0,0,0,0,0,0,0
1770178337783409232,-0.224585,1.29091,-1.72644,0.0984645,0.713918,-2.17157,0.199205,1.16967,-1.54488,-0.140913,1.08697,-1.85803,0,0,0,0,0,0,0,0,0,0,0,0,0,0,0,0,0,0,0,0,0,0,0,0
1770178337803489968,-0.221753,1.28807,-1.72384,0.0956827,0.71669,-2.16882,0.201447,1.16809,-1.54636,-0.140513,1.0874,-1.85844,0,0,0,0,0,0,0,0,0,0,0,0,0,0,0,0,0,0,0,0,0,0,0,0
1770178337823563983,-0.224585,1.29091,-1.72644,0.0984645,0.713918,-2.17157,0.199178,1.16969,-1.54486,-0.140934,1.08695,-1.858,0,0,0,0,0,0,0,0,0,0,0,0,0,0,0,0,0,0,0,0,0,0,0,0
1770178337843642351,-0.221753,1.28807,-1.72384,0.0956827,0.71669,-2.16882,0.201468,1.16807,-1.54638,-0.140491,1.08743,-1.85847,0,0,0,0,0,0,0,0,0,0,0,0,0,0,0,0,0,0,0,0,0,0,0,0
1770178337863718286,-0.224585,1.29091,-1.72644,0.0984645,0.713918,-2.17157,0.199153,1.16971,-1.54484,-0.140957,1.08693,-1.85798,0,0,0,0,0,0,0,0,0,0,0,0,0,0,0,0,0,0,0,0,0,0,0,0
1770178337883793997,-0.221753,1.28807,-1.72384,0.0956827,0.71669,-2.16882,0.201487,1.16806,-1.54639,-0.140468,1.08745,-1.85849,0,0,0,0,0,0,0,0,0,0,0,0,0,0,0,0,0,0,0,0,0,0,0,0
1770178337903876749,-0.224585,1.29091,-1.72644,0.0984645,0.713918,-2.17157,0.199131,1.16973,-1.54483,-0.140982,1.0869,-1.85795,0,0,0,0,0,0,0,0,0,0,0,0,0,0,0,0,0,0,0,0,0,0,0,0
1770178337923950092,-0.221753,1.28807,-1.72384,0.0956827,0.71669,-2.16882,0.201504,1.16804,-1.54641,-0.140442,1.08748,-1.85852,0,0,0,0,0,0,0,0,0,0,0,0,0,0,0,0,0,0,0,0,0,0,0,0
1770178337944029771,-0.224585,1.29091,-1.72644,0.0984645,0.713918,-2.17157,0.199111,1.16974,-1.54481,-0.14101,1.08687,-1.85792,0,0,0,0,0,0,0,0,0,0,0,0,0,0,0,0,0,0,0,0,0,0,0,0
1770178337964110443,-0.221753,1.28807,-1.72384,0.0956827,0.71669,-2.16882,0.20152,1.16803,-1.54642,-0.140414,1.08751,-1.85855,0,0,0,0,0,0,0,0,0,0,0,0,0,0,0,0,0,0,0,0,0,0,0,0
1770178337984182762,-0.224585,1.29091,-1.72644,0.0984645,0.713918,-2.17157,0.199093,1.16976,-1.54479,-0.141041,1.08684,-1.85789,0,0,0,0,0,0,0,0,0,0,0,0,0,0,0,0,0,0,0,0,0,0,0,0
1770178338004263498,-0.221753,1.28807,-1.72384,0.0956827,0.71669,-2.16882,0.201534,1.16802,-1.54643,-0.140383,1.08754,-1.85858,0,0,0,0,0,0,0,0,0,0,0,0,0,0,0,0,0,0,0,0,0,0,0,0
1770178338024343081,-0.224585,1.29091,-1.72644,0.0984645,0.713918,-2.17157,0.199076,1.16977,-1.54478,-0.141074,1.0868,-1.85786,0,0,0,0,0,0,0,0,0,0,0,0,0,0,0,0,0,0,0,0,0,0,0,0
1770178338044417832,-0.221753,1.28807,-1.72384,0.0956827,0.71669,-2.16882,0.201546,1.168,-1.54645,-0.14035,1.08758,-1.85861,0,0,0,0,0,0,0,0,0,0,0,0,0,0,0,0,0,0,0,0,0,0,0,0
1770178338064497704,-0.224585,1.29091,-1.72644,0.0984645,0.713918,-2.17157,0.199062,1.16979,-1.54477,-0.141111,1.08676,-1.85782,0,0,0,0,0,0,0,0,0,0,0,0,0,0,0,0,0,0,0,0,0,0,0,0
1770178338084575495,-0.221753,1.28807,-1.72384,0.0956827,0.71669,-2.16882,0.201557,1.16799,-1.54646,-0.140314,1.08762,-1.85865,0,0,0,0,0,0,0,0,0,0,0,0,0,0,0,0,0,0,0,0,0,0,0,0
1770178338104655143,-0.224585,1.29091,-1.72644,0.0984645,0.713918,-2.17157,0.199049,1.1698,-1.54476,-0.14115,1.08672,-1.85778,0,0,0,0,0,0,0,0,0,0,0,0,0,0,0,0,0,0,0,0,0,0,0,0
1770178338124731718,-0.221753,1.28807,-1.72384,0.0956827,0.71669,-2.16882,0.201566,1.16799,-1.54646,-0.140275,1.08766,-1.85869,0,0,0,0,0,0,0,0,0,0,0,0,0,0,0,0,0,0,0,0,0,0,0,0
1770178338144811398,-0.224585,1.29091,-1.72644,0.0984645,0.713918,-2.17157,0.199038,1.16981,-1.54475,-0.141193,1.08667,-1.85773,0,0,0,0,0,0,0,0,0,0,0,0,0,0,0,0,0,0,0,0,0,0,0,0
1770178338164888005,-0.221753,1.28807,-1.72384,0.0956827,0.71669,-2.16882,0.201575,1.16798,-1.54647,-0.140234,1.0877,-1.85873,0,0,0,0,0,0,0,0,0,0,0,0,0,0,0,0,0,0,0,0,0,0,0,0
1770178338184965668,-0.224585,1.29091,-1.72644,0.0984645,0.713918,-2.17157,0.199028,1.16982,-1.54474,-0.141239,1.08662,-1.85768,0,0,0,0,0,0,0,0,0,0,0,0,0,0,0,0,0,0,0,0,0,0,0,0
1770178338205043812,-0.221753,1.28807,-1.72384,0.0956827,0.71669,-2.16882,0.201582,1.16797,-1.54648,-0.140189,1.08775,-1.85878,0,0,0,0,0,0,0,0,0,0,0,0,0,0,0,0,0,0,0,0,0,0,0,0
1770178338225120611,-0.224585,1.29091,-1.72644,0.0984645,0.713918,-2.17157,0.19902,1.16982,-1.54473,-0.141288,1.08657,-1.85763,0,0,0,0,0,0,0,0,0,0,0,0,0,0,0,0,0,0,0,0,0,0,0,0
1770178338245197571,-0.221753,1.28807,-1.72384,0.0956827,0.71669,-2.16882,0.201588,1.16796,-1.54649,-0.140143,1.0878,-1.85882,0,0,0,0,0,0,0,0,0,0,0,0,0,0,0,0,0,0,0,0,0,0,0,0
1770178338265268610,-0.224585,1.29091,-1.72644,0.0984645,0.713918,-2.17157,0.199012,1.16983,-1.54472,-0.14134,1.08651,-1.85758,0,0,0,0,0,0,0,0,0,0,0,0,0,0,0,0,0,0,0,0,0,0,0,0
1770178338285346177,-0.221753,1.28807,-1.72384,0.0956827,0.71669,-2.16882,0.201594,1.16796,-1.54649,-0.140094,1.08785,-1.85887,0,0,0,0,0,0,0,0,0,0,0,0,0,0,0,0,0,0,0,0,0,0,0,0
1770178338305423681,-0.224585,1.29091,-1.72644,0.0984645,0.713918,-2.17157,0.199006,1.16984,-1.54472,-0.141395,1.08645,-1.85752,0,0,0,0,0,0,0,0,0,0,0,0,0,0,0,0,0,0,0,0,0,0,0,0
1770178338325497824,-0.221753,1.28807,-1.72384,0.0956827,0.71669,-2.16882,0.201598,1.16795,-1.5465,-0.140043,1.08791,-1.85893,0,0,0,0,0,0,0,0,0,0,0,0,0,0,0,0,0,0,0,0,0,0,0,0
1770178338345575935,-0.224585,1.29091,-1.72644,0.0984645,0.713918,-2.17157,0.199,1.16984,-1.54471,-0.141451,1.08639,-1.85746,0,0,0,0,0,0,0,0,0,0,0,0,0,0,0,0,0,0,0,0,0,0,0,0
1770178338365652479,-0.221753,1.28807,-1.72384,0.0956827,0.71669,-2.16882,0.201602,1.16795,-1.5465,-0.139991,1.08796,-1.85898,0,0,0,0,0,0,0,0,0,0,0,0,0,0,0,0,0,0,0,0,0,0,0,0
1770178338385728510,-0.224585,1.29091,-1.72644,0.0984645,0.713918,-2.17157,0.198995,1.16985,-1.54471,-0.14151,1.08633,-1.8574,0,0,0,0,0,0,0,0,0,0,0,0,0,0,0,0,0,0,0,0,0,0,0,0
1770178338405808285,-0.221753,1.28807,-1.72384,0.0956827,0.71669,-2.16882,0.201606,1.16795,-1.5465,-0.139939,1.08802,-1.85903,0,0,0,0,0,0,0,0,0,0,0,0,0,0,0,0,0,0,0,0,0,0,0,0
1770178338425887005,-0.224585,1.29091,-1.72644,0.0984645,0.713918,-2.17157,0.198991,1.16985,-1.5447,-0.141568,1.08626,-1.85733,0,0,0,0,0,0,0,0,0,0,0,0,0,0,0,0,0,0,0,0,0,0,0,0
1770178338445965308,-0.221753,1.28807,-1.72384,0.0956827,0.71669,-2.16882,0.201609,1.16794,-1.54651,-0.139887,1.08807,-1.85909,0,0,0,0,0,0,0,0,0,0,0,0,0,0,0,0,0,0,0,0,0,0,0,0
1770178338466042972,-0.224585,1.29091,-1.72644,0.0984645,0.713918,-2.17157,0.198988,1.16986,-1.5447,-0.141627,1.0862,-1.85727,0,0,0,0,0,0,0,0,0,0,0,0,0,0,0,0,0,0,0,0,0,0,0,0
1770178338486112795,-0.221753,1.28807,-1.72384,0.0956827,0.71669,-2.16882,0.201611,1.16794,-1.54651,-0.139835,1.08813,-1.85914,0,0,0,0,0,0,0,0,0,0,0,0,0,0,0,0,0,0,0,0,0,0,0,0
1770178338506182298,-0.224585,1.29091,-1.72644,0.0984645,0.713918,-2.17157,0.198985,1.16986,-1.5447,-0.141685,1.08614,-1.85721,0,0,0,0,0,0,0,0,0,0,0,0,0,0,0,0,0,0,0,0,0,0,0,0
1770178338526254233,-0.221753,1.28807,-1.72384,0.0956827,0.71669,-2.16882,0.201613,1.16794,-1.54651,-0.139786,1.08818,-1.85919,0,0,0,0,0,0,0,0,0,0,0,0,0,0,0,0,0,0,0,0,0,0,0,0
1770178338546326585,-0.224585,1.29091,-1.72644,0.0984645,0.713918,-2.17157,0.198982,1.16986,-1.54469,-0.14174,1.08608,-1.85715,0,0,0,0,0,0,0,0,0,0,0,0,0,0,0,0,0,0,0,0,0,0,0,0
1770178338566405624,-0.221753,1.28807,-1.72384,0.0956827,0.71669,-2.16882,0.201615,1.16794,-1.54651,-0.13974,1.08823,-1.85923,0,0,0,0,0,0,0,0,0,0,0,0,0,0,0,0,0,0,0,0,0,0,0,0
1770178338586491544,-0.224585,1.29091,-1.72644,0.0984645,0.713918,-2.17157,0.19898,1.16986,-1.54469,-0.141792,1.08602,-1.85709,0,0,0,0,0,0,0,0,0,0,0,0,0,0,0,0,0,0,0,0,0,0,0,0
1770178338606564823,-0.221753,1.28807,-1.72384,0.0956827,0.71669,-2.16882,0.201617,1.16793,-1.54652,-0.139696,1.08827,-1.85928,0,0,0,0,0,0,0,0,0,0,0,0,0,0,0,0,0,0,0,0,0,0,0,0
1770178338626639702,-0.224585,1.29091,-1.72644,0.0984645,0.713918,-2.17157,0.198978,1.16987,-1.54469,-0.141841,1.08597,-1.85704,0,0,0,0,0,0,0,0,0,0,0,0,0,0,0,0,0,0,0,0,0,0,0,0
1770178338646719094,-0.221753,1.28807,-1.72384,0.0956827,0.71669,-2.16882,0.201618,1.16793,-1.54652,-0.139657,1.08832,-1.85932,0,0,0,0,0,0,0,0,0,0,0,0,0,0,0,0,0,0,0,0,0,0,0,0
1770178338666799253,-0.224585,1.29091,-1.72644,0.0984645,0.713918,-2.17157,0.198977,1.16987,-1.54469,-0.141886,1.08592,-1.85699,0,0,0,0,0,0,0,0,0,0,0,0,0,0,0,0,0,0,0,0,0,0,0,0
1770178338686878293,-0.221753,1.28807,-1.72384,0.0956827,0.71669,-2.16882,0.201619,1.16793,-1.54652,-0.139622,1.08835,-1.85935,0,0,0,0,0,0,0,0,0,0,0,0,0,0,0,0,0,0,0,0,0,0,0,0
1770178338706958132,-0.224585,1.29091,-1.72644,0.0984645,0.713918,-2.17157,0.198976,1.16987,-1.54469,-0.141925,1.08588,-1.85695,0,0,0,0,0,0,0,0,0,0,0,0,0,0,0,0,0,0,0,0,0,0,0,0
1770178338727037140,-0.221753,1.28807,-1.72384,0.0956827,0.71669,-2.16882,0.20162,1.16793,-1.54652,-0.139591,1.08839,-1.85938,0,0,0,0,0,0,0,0,0,0,0,0,0,0,0,0,0,0,0,0,0,0,0,0
1770178338747116403,-0.224585,1.29091,-1.72644,0.0984645,0.713918,-2.17157,0.198975,1.16987,-1.54469,-0.14196,1.08584,-1.85691,0,0,0,0,0,0,0,0,0,0,0,0,0,0,0,0,0,0,0,0,0,0,0,0
1770178338767188370,-0.221753,1.28807,-1.72384,0.0956827,0.71669,-2.16882,0.201621,1.16793,-1.54652,-0.139565,1.08841,-1.85941,0,0,0,0,0,0,0,0,0,0,0,0,0,0,0,0,0,0,0,0,0,0,0,0
1770178338787267634,-0.224585,1.29091,-1.72644,0.0984645,0.713918,-2.17157,0.198974,1.16987,-1.54468,-0.14199,1.08581,-1.85688,0,0,0,0,0,0,0,0,0,0,0,0,0,0,0,0,0,0,0,0,0,0,0,0
1770178338807344273,-0.221753,1.28807,-1.72384,0.0956827,0.71669,-2.16882,0.201621,1.16793,-1.54652,-0.139542,1.08844,-1.85943,0,0,0,0,0,0,0,0,0,0,0,0,0,0,0,0,0,0,0,0,0,0,0,0
1770178338827427761,-0.224585,1.29091,-1.72644,0.0984645,0.713918,-2.17157,0.198973,1.16987,-1.54468,-0.142015,1.08578,-1.85686,0,0,0,0,0,0,0,0,0,0,0,0,0,0,0,0,0,0,0,0,0,0,0,0
1770178338847507728,-0.221753,1.28807,-1.72384,0.0956827,0.71669,-2.16882,0.201622,1.16793,-1.54652,-0.139524,1.08846,-1.85945,0,0,0,0,0,0,0,0,0,0,0,0,0,0,0,0,0,0,0,0,0,0,0,0
1770178338867587471,-0.224585,1.29091,-1.72644,0.0984645,0.713918,-2.17157,0.198972,1.16987,-1.54468,-0.142036,1.08576,-1.85683,0,0,0,0,0,0,0,0,0,0,0,0,0,0,0,0,0,0,0,0,0,0,0,0
1770178338887662479,-0.221753,1.28807,-1.72384,0.0956827,0.71669,-2.16882,0.201622,1.16793,-1.54652,-0.139509,1.08847,-1.85946,0,0,0,0,0,0,0,0,0,0,0,0,0,0,0,0,0,0,0,0,0,0,0,0
1770178338907741646,-0.224585,1.29091,-1.72644,0.0984645,0.713918,-2.17157,0.198972,1.16987,-1.54468,-0.142053,1.08574,-1.85682,0,0,0,0,0,0,0,0,0,0,0,0,0,0,0,0,0,0,0,0,0,0,0,0
1770178338927816334,-0.221753,1.28807,-1.72384,0.0956827,0.71669,-2.16882,0.201623,1.16793,-1.54652,-0.139497,1.08849,-1.85947,0,0,0,0,0,0,0,0,0,0,0,0,0,0,0,0,0,0,0,0,0,0,0,0
1770178338947892205,-0.224585,1.29091,-1.72644,0.0984645,0.713918,-2.17157,0.198971,1.16987,-1.54468,-0.142066,1.08572,-1.8568,0,0,0,0,0,0,0,0,0,0,0,0,0,0,0,0,0,0,0,0,0,0,0,0
1770178338967971020,-0.221753,1.28807,-1.72384,0.0956827,0.71669,-2.16882,0.201623,1.16793,-1.54652,-0.139488,1.08849,-1.85948,0,0,0,0,0,0,0,0,0,0,0,0,0,0,0,0,0,0,0,0,0,0,0,0
1770178338988048716,-0.224585,1.29091,-1.72644,0.0984645,0.713918,-2.17157,0.198971,1.16987,-1.54468,-0.142077,1.08571,-1.85679,0,0,0,0,0,0,0,0,0,0,0,0,0,0,0,0,0,0,0,0,0,0,0,0
1770178339008118987,-0.221753,1.28807,-1.72384,0.0956827,0.71669,-2.16882,0.201623,1.16793,-1.54652,-0.139481,1.0885,-1.85949,0,0,0,0,0,0,0,0,0,0,0,0,0,0,0,0,0,0,0,0,0,0,0,0
1770178339028208171,-0.224585,1.29091,-1.72644,0.0984645,0.713918,-2.17157,0.19897,1.16987,-1.54468,-0.142085,1.0857,-1.85678,0,0,0,0,0,0,0,0,0,0,0,0,0,0,0,0,0,0,0,0,0,0,0,0
1770178339048283786,-0.221753,1.28807,-1.72384,0.0956827,0.71669,-2.16882,0.201624,1.16793,-1.54652,-0.139475,1.08851,-1.8595,0,0,0,0,0,0,0,0,0,0,0,0,0,0,0,0,0,0,0,0,0,0,0,0
1770178339068369226,-0.224585,1.29091,-1.72644,0.0984645,0.713918,-2.17157,0.19897,1.16987,-1.54468,-0.142091,1.0857,-1.85677,0,0,0,0,0,0,0,0,0,0,0,0,0,0,0,0,0,0,0,0,0,0,0,0
1770178339088444041,-0.221753,1.28807,-1.72384,0.0956827,0.71669,-2.16882,0.201624,1.16793,-1.54652,-0.139471,1.08851,-1.8595,0,0,0,0,0,0,0,0,0,0,0,0,0,0,0,0,0,0,0,0,0,0,0,0
1770178339108524168,-0.224585,1.29091,-1.72644,0.0984645,0.713918,-2.17157,0.19897,1.16988,-1.54468,-0.142095,1.08569,-1.85677,0,0,0,0,0,0,0,0,0,0,0,0,0,0,0,0,0,0,0,0,0,0,0,0
1770178339128603272,-0.221753,1.28807,-1.72384,0.0956827,0.71669,-2.16882,0.201624,1.16793,-1.54652,-0.139468,1.08852,-1.8595,0,0,0,0,0,0,0,0,0,0,0,0,0,0,0,0,0,0,0,0,0,0,0,0
1770178339148688807,-0.224585,1.29091,-1.72644,0.0984645,0.713918,-2.17157,0.19897,1.16988,-1.54468,-0.142099,1.08569,-1.85677,0,0,0,0,0,0,0,0,0,0,0,0,0,0,0,0,0,0,0,0,0,0,0,0
1770178339168762823,-0.221753,1.28807,-1.72384,0.0956827,0.71669,-2.16882,0.201624,1.16793,-1.54653,-0.139466,1.08852,-1.85951,0,0,0,0,0,0,0,0,0,0,0,0,0,0,0,0,0,0,0,0,0,0,0,0
1770178339188842342,-0.224585,1.29091,-1.72644,0.0984645,0.713918,-2.17157,0.198969,1.16988,-1.54468,-0.142101,1.08569,-1.85676,0,0,0,0,0,0,0,0,0,0,0,0,0,0,0,0,0,0,0,0,0,0,0,0
1770178339208923430,-0.221753,1.28807,-1.72384,0.0956827,0.71669,-2.16882,0.201624,1.16793,-1.54653,-0.139464,1.08852,-1.85951,0,0,0,0,0,0,0,0,0,0,0,0,0,0,0,0,0,0,0,0,0,0,0,0
1770178339229007813,-0.224585,1.29091,-1.72644,0.0984645,0.713918,-2.17157,0.198969,1.16988,-1.54468,-0.142103,1.08569,-1.85676,0,0,0,0,0,0,0,0,0,0,0,0,0,0,0,0,0,0,0,0,0,0,0,0
1770178339249087781,-0.221753,1.28807,-1.72384,0.0956827,0.71669,-2.16882,0.201624,1.16793,-1.54653,-0.139463,1.08852,-1.85951,0,0,0,0,0,0,0,0,0,0,0,0,0,0,0,0,0,0,0,0,0,0,0,0
1770178339269160356,-0.224585,1.29091,-1.72644,0.0984645,0.713918,-2.17157,0.198969,1.16988,-1.54468,-0.142104,1.08568,-1.85676,0,0,0,0,0,0,0,0,0,0,0,0,0,0,0,0,0,0,0,0,0,0,0,0
1770178339289240259,-0.221753,1.28807,-1.72384,0.0956827,0.71669,-2.16882,0.201624,1.16793,-1.54653,-0.139462,1.08852,-1.85951,0,0,0,0,0,0,0,0,0,0,0,0,0,0,0,0,0,0,0,0,0,0,0,0
1770178339309316131,-0.224585,1.29091,-1.72644,0.0984645,0.713918,-2.17157,0.198969,1.16988,-1.54468,-0.142105,1.08568,-1.85676,0,0,0,0,0,0,0,0,0,0,0,0,0,0,0,0,0,0,0,0,0,0,0,0
1770178339329389858,-0.221753,1.28807,-1.72384,0.0956827,0.71669,-2.16882,0.201624,1.16793,-1.54653,-0.139462,1.08852,-1.85951,0,0,0,0,0,0,0,0,0,0,0,0,0,0,0,0,0,0,0,0,0,0,0,0
1770178339349467617,-0.224585,1.29091,-1.72644,0.0984645,0.713918,-2.17157,0.198969,1.16988,-1.54468,-0.142106,1.08568,-1.85676,0,0,0,0,0,0,0,0,0,0,0,0,0,0,0,0,0,0,0,0,0,0,0,0
1770178339369545121,-0.221753,1.28807,-1.72384,0.0956827,0.71669,-2.16882,0.201625,1.16793,-1.54653,-0.139461,1.08852,-1.85951,0,0,0,0,0,0,0,0,0,0,0,0,0,0,0,0,0,0,0,0,0,0,0,0
1770178339389617216,-0.224585,1.29091,-1.72644,0.0984645,0.713918,-2.17157,0.198969,1.16988,-1.54468,-0.142106,1.08568,-1.85676,0,0,0,0,0,0,0,0,0,0,0,0,0,0,0,0,0,0,0,0,0,0,0,0
1770178339409692863,-0.221753,1.28807,-1.72384,0.0956827,0.71669,-2.16882,0.201625,1.16793,-1.54653,-0.139461,1.08852,-1.85951,0,0,0,0,0,0,0,0,0,0,0,0,0,0,0,0,0,0,0,0,0,0,0,0
1770178339429768063,-0.224585,1.29091,-1.72644,0.0984645,0.713918,-2.17157,0.198969,1.16988,-1.54468,-0.142107,1.08568,-1.85676,0,0,0,0,0,0,0,0,0,0,0,0,0,0,0,0,0,0,0,0,0,0,0,0
1770178339449845694,-0.221753,1.28807,-1.72384,0.0956827,0.71669,-2.16882,0.201625,1.16793,-1.54653,-0.139461,1.08852,-1.85951,0,0,0,0,0,0,0,0,0,0,0,0,0,0,0,0,0,0,0,0,0,0,0,0
1770178339469937214,-0.224585,1.29091,-1.72644,0.0984645,0.713918,-2.17157,0.198969,1.16988,-1.54468,-0.142107,1.08568,-1.85676,0,0,0,0,0,0,0,0,0,0,0,0,0,0,0,0,0,0,0,0,0,0,0,0
1770178339490014781,-0.221753,1.28807,-1.72384,0.0956827,0.71669,-2.16882,0.201625,1.16793,-1.54653,-0.139461,1.08852,-1.85951,0,0,0,0,0,0,0,0,0,0,0,0,0,0,0,0,0,0,0,0,0,0,0,0
1770178339510092509,-0.224585,1.29091,-1.72644,0.0984645,0.713918,-2.17157,0.198969,1.16988,-1.54468,-0.142107,1.08568,-1.85676,0,0,0,0,0,0,0,0,0,0,0,0,0,0,0,0,0,0,0,0,0,0,0,0
1770178339530167452,-0.221753,1.28807,-1.72384,0.0956827,0.71669,-2.16882,0.201625,1.16793,-1.54653,-0.139461,1.08852,-1.85951,0,0,0,0,0,0,0,0,0,0,0,0,0,0,0,0,0,0,0,0,0,0,0,0
1770178339550238043,-0.224585,1.29091,-1.72644,0.0984645,0.713918,-2.17157,0.198969,1.16988,-1.54468,-0.142107,1.08568,-1.85676,0,0,0,0,0,0,0,0,0,0,0,0,0,0,0,0,0,0,0,0,0,0,0,0
1770178339570318747,-0.221753,1.28807,-1.72384,0.0956827,0.71669,-2.16882,0.201625,1.16793,-1.54653,-0.139461,1.08852,-1.85951,0,0,0,0,0,0,0,0,0,0,0,0,0,0,0,0,0,0,0,0,0,0,0,0
1770178339590396090,-0.224585,1.29091,-1.72644,0.0984645,0.713918,-2.17157,0.198969,1.16988,-1.54468,-0.142107,1.08568,-1.85676,0,0,0,0,0,0,0,0,0,0,0,0,0,0,0,0,0,0,0,0,0,0,0,0
1770178339610471097,-0.221753,1.28807,-1.72384,0.0956827,0.71669,-2.16882,0.201625,1.16793,-1.54653,-0.139461,1.08852,-1.85951,0,0,0,0,0,0,0,0,0,0,0,0,0,0,0,0,0,0,0,0,0,0,0,0
1770178339630550617,-0.224585,1.29091,-1.72644,0.0984645,0.713918,-2.17157,0.198969,1.16988,-1.54468,-0.142107,1.08568,-1.85676,0,0,0,0,0,0,0,0,0,0,0,0,0,0,0,0,0,0,0,0,0,0,0,0
1770178339650625016,-0.221753,1.28807,-1.72384,0.0956827,0.71669,-2.16882,0.201625,1.16793,-1.54653,-0.139461,1.08852,-1.85951,0,0,0,0,0,0,0,0,0,0,0,0,0,0,0,0,0,0,0,0,0,0,0,0
1770178339670697143,-0.224585,1.29091,-1.72644,0.0984645,0.713918,-2.17157,0.198969,1.16988,-1.54468,-0.142107,1.08568,-1.85676,0,0,0,0,0,0,0,0,0,0,0,0,0,0,0,0,0,0,0,0,0,0,0,0
1770178339690769303,-0.221753,1.28807,-1.72384,0.0956827,0.71669,-2.16882,0.201625,1.16793,-1.54653,-0.139461,1.08852,-1.85951,0,0,0,0,0,0,0,0,0,0,0,0,0,0,0,0,0,0,0,0,0,0,0,0
1770178339710844630,-0.224585,1.29091,-1.72644,0.0984645,0.713918,-2.17157,0.198969,1.16988,-1.54468,-0.142107,1.08568,-1.85676,0,0,0,0,0,0,0,0,0,0,0,0,0,0,0,0,0,0,0,0,0,0,0,0
1770178339730917205,-0.221753,1.28807,-1.72384,0.0956827,0.71669,-2.16882,0.201625,1.16793,-1.54653,-0.13946,1.08852,-1.85951,0,0,0,0,0,0,0,0,0,0,0,0,0,0,0,0,0,0,0,0,0,0,0,0
1770178339750991765,-0.224585,1.29091,-1.72644,0.0984645,0.713918,-2.17157,0.198969,1.16988,-1.54468,-0.142107,1.08568,-1.85676,0,0,0,0,0,0,0,0,0,0,0,0,0,0,0,0,0,0,0,0,0,0,0,0
1770178339771070900,-0.221753,1.28807,-1.72384,0.0956827,0.71669,-2.16882,0.201625,1.16793,-1.54653,-0.13946,1.08852,-1.85951,0,0,0,0,0,0,0,0,0,0,0,0,0,0,0,0,0,0,0,0,0,0,0,0
1770178339791144915,-0.224585,1.29091,-1.72644,0.0984645,0.713918,-2.17157,0.198969,1.16988,-1.54468,-0.142107,1.08568,-1.85676,0,0,0,0,0,0,0,0,0,0,0,0,0,0,0,0,0,0,0,0,0,0,0,0
1770178339811216243,-0.221753,1.28807,-1.72384,0.0956827,0.71669,-2.16882,0.201625,1.16793,-1.54653,-0.13946,1.08852,-1.85951,0,0,0,0,0,0,0,0,0,0,0,0,0,0,0,0,0,0,0,0,0,0,0,0
1770178339831295762,-0.224585,1.29091,-1.72644,0.0984645,0.713918,-2.17157,0.198969,1.16988,-1.54468,-0.142107,1.08568,-1.85676,0,0,0,0,0,0,0,0,0,0,0,0,0,0,0,0,0,0,0,0,0,0,0,0
1770178339851373298,-0.221753,1.28807,-1.72384,0.0956827,0.71669,-2.16882,0.201625,1.16793,-1.54653,-0.13946,1.08852,-1.85951,0,0,0,0,0,0,0,0,0,0,0,0,0,0,0,0,0,0,0,0,0,0,0,0
1770178339871446577,-0.224585,1.29091,-1.72644,0.0984645,0.713918,-2.17157,0.198969,1.16988,-1.54468,-0.142107,1.08568,-1.85676,0,0,0,0,0,0,0,0,0,0,0,0,0,0,0,0,0,0,0,0,0,0,0,0
1770178339891519696,-0.221753,1.28807,-1.72384,0.0956827,0.71669,-2.16882,0.201625,1.16793,-1.54653,-0.13946,1.08852,-1.85951,0,0,0,0,0,0,0,0,0,0,0,0,0,0,0,0,0,0,0,0,0,0,0,0
1770178339911598320,-0.224585,1.29091,-1.72644,0.0984645,0.713918,-2.17157,0.198969,1.16988,-1.54468,-0.142107,1.08568,-1.85676,0,0,0,0,0,0,0,0,0,0,0,0,0,0,0,0,0,0,0,0,0,0,0,0
1770178339931678255,-0.221753,1.28807,-1.72384,0.0956827,0.71669,-2.16882,0.201625,1.16793,-1.54653,-0.13946,1.08852,-1.85951,0,0,0,0,0,0,0,0,0,0,0,0,0,0,0,0,0,0,0,0,0,0,0,0
1770178339951755758,-0.224585,1.29091,-1.72644,0.0984645,0.713918,-2.17157,0.198968,1.16988,-1.54468,-0.142107,1.08568,-1.85676,0,0,0,0,0,0,0,0,0,0,0,0,0,0,0,0,0,0,0,0,0,0,0,0
1770178339971829486,-0.221753,1.28807,-1.72384,0.0956827,0.71669,-2.16882,0.201625,1.16793,-1.54653,-0.13946,1.08852,-1.85951,0,0,0,0,0,0,0,0,0,0,0,0,0,0,0,0,0,0,0,0,0,0,0,0
1770178339991908717,-0.224585,1.29091,-1.72644,0.0984645,0.713918,-2.17157,0.198968,1.16988,-1.54468,-0.142107,1.08568,-1.85676,0,0,0,0,0,0,0,0,0,0,0,0,0,0,0,0,0,0,0,0,0,0,0,0
1770178340011985837,-0.221753,1.28807,-1.72384,0.0956827,0.71669,-2.16882,0.201625,1.16793,-1.54653,-0.13946,1.08852,-1.85951,0,0,0,0,0,0,0,0,0,0,0,0,0,0,0,0,0,0,0,0,0,0,0,0
1770178340032061900,-0.224585,1.29091,-1.72644,0.0984645,0.713918,-2.17157,0.198968,1.16988,-1.54468,-0.142107,1.08568,-1.85676,0,0,0,0,0,0,0,0,0,0,0,0,0,0,0,0,0,0,0,0,0,0,0,0
1770178340052142571,-0.221753,1.28807,-1.72384,0.0956827,0.71669,-2.16882,0.201625,1.16793,-1.54653,-0.13946,1.08852,-1.85951,0,0,0,0,0,0,0,0,0,0,0,0,0,0,0,0,0,0,0,0,0,0,0,0
1770178340072214347,-0.224585,1.29091,-1.72644,0.0984645,0.713918,-2.17157,0.198968,1.16988,-1.54468,-0.142107,1.08568,-1.85676,0,0,0,0,0,0,0,0,0,0,0,0,0,0,0,0,0,0,0,0,0,0,0,0
1770178340092291434,-0.221753,1.28807,-1.72384,0.0956827,0.71669,-2.16882,0.201625,1.16793,-1.54653,-0.13946,1.08852,-1.85951,0,0,0,0,0,0,0,0,0,0,0,0,0,0,0,0,0,0,0,0,0,0,0,0
1770178340112365289,-0.224585,1.29091,-1.72644,0.0984645,0.713918,-2.17157,0.198968,1.16988,-1.54468,-0.142107,1.08568,-1.85676,0,0,0,0,0,0,0,0,0,0,0,0,0,0,0,0,0,0,0,0,0,0,0,0
1770178340132437833,-0.221753,1.28807,-1.72384,0.0956827,0.71669,-2.16882,0.201625,1.16793,-1.54653,-0.13946,1.08852,-1.85951,0,0,0,0,0,0,0,0,0,0,0,0,0,0,0,0,0,0,0,0,0,0,0,0
1770178340152518312,-0.224585,1.29091,-1.72644,0.0984645,0.713918,-2.17157,0.198968,1.16988,-1.54468,-0.142107,1.08568,-1.85676,0,0,0,0,0,0,0,0,0,0,0,0,0,0,0,0,0,0,0,0,0,0,0,0
1770178340172590119,-0.221753,1.28807,-1.72384,0.0956827,0.71669,-2.16882,0.201625,1.16793,-1.54653,-0.13946,1.08852,-1.85951,0,0,0,0,0,0,0,0,0,0,0,0,0,0,0,0,0,0,0,0,0,0,0,0
1770178340192667783,-0.224585,1.29091,-1.72644,0.0984645,0.713918,-2.17157,0.198968,1.16988,-1.54468,-0.142107,1.08568,-1.85676,0,0,0,0,0,0,0,0,0,0,0,0,0,0,0,0,0,0,0,0,0,0,0,0
1770178340212741190,-0.221753,1.28807,-1.72384,0.0956827,0.71669,-2.16882,0.201625,1.16793,-1.54653,-0.13946,1.08852,-1.85951,0,0,0,0,0,0,0,0,0,0,0,0,0,0,0,0,0,0,0,0,0,0,0,0
1770178340232819750,-0.224585,1.29091,-1.72644,0.0984645,0.713918,-2.17157,0.198968,1.16988,-1.54468,-0.142107,1.08568,-1.85676,0,0,0,0,0,0,0,0,0,0,0,0,0,0,0,0,0,0,0,0,0,0,0,0
1770178340252893381,-0.221753,1.28807,-1.72384,0.0956827,0.71669,-2.16882,0.201625,1.16793,-1.54653,-0.13946,1.08852,-1.85951,0,0,0,0,0,0,0,0,0,0,0,0,0,0,0,0,0,0,0,0,0,0,0,0
1770178340272968996,-0.224585,1.29091,-1.72644,0.0984645,0.713918,-2.17157,0.198968,1.16988,-1.54468,-0.142107,1.08568,-1.85676,0,0,0,0,0,0,0,0,0,0,0,0,0,0,0,0,0,0,0,0,0,0,0,0
1770178340293046916,-0.221753,1.28807,-1.72384,0.0956827,0.71669,-2.16882,0.201625,1.16793,-1.54653,-0.13946,1.08852,-1.85951,0,0,0,0,0,0,0,0,0,0,0,0,0,0,0,0,0,0,0,0,0,0,0,0
1770178340313125219,-0.224585,1.29091,-1.72644,0.0984645,0.713918,-2.17157,0.198968,1.16988,-1.54468,-0.142107,1.08568,-1.85676,0,0,0,0,0,0,0,0,0,0,0,0,0,0,0,0,0,0,0,0,0,0,0,0
1770178340333199746,-0.221753,1.28807,-1.72384,0.0956827,0.71669,-2.16882,0.201625,1.16793,-1.54653,-0.13946,1.08852,-1.85951,0,0,0,0,0,0,0,0,0,0,0,0,0,0,0,0,0,0,0,0,0,0,0,0
1770178340353278722,-0.224585,1.29091,-1.72644,0.0984645,0.713918,-2.17157,0.198968,1.16988,-1.54468,-0.142107,1.08568,-1.85676,0,0,0,0,0,0,0,0,0,0,0,0,0,0,0,0,0,0,0,0,0,0,0,0
1770178340373350529,-0.221753,1.28807,-1.72384,0.0956827,0.71669,-2.16882,0.201625,1.16793,-1.54653,-0.13946,1.08852,-1.85951,0,0,0,0,0,0,0,0,0,0,0,0,0,0,0,0,0,0,0,0,0,0,0,0
1770178340393428000,-0.224585,1.29091,-1.72644,0.0984645,0.713918,-2.17157,0.198968,1.16988,-1.54468,-0.142107,1.08568,-1.85676,0,0,0,0,0,0,0,0,0,0,0,0,0,0,0,0,0,0,0,0,0,0,0,0
1770178340413503936,-0.221753,1.28807,-1.72384,0.0956827,0.71669,-2.16882,0.201625,1.16793,-1.54653,-0.13946,1.08852,-1.85951,0,0,0,0,0,0,0,0,0,0,0,0,0,0,0,0,0,0,0,0,0,0,0,0
1770178340433582719,-0.224585,1.29091,-1.72644,0.0984645,0.713918,-2.17157,0.198968,1.16988,-1.54468,-0.142107,1.08568,-1.85676,0,0,0,0,0,0,0,0,0,0,0,0,0,0,0,0,0,0,0,0,0,0,0,0
1770178340453659295,-0.221753,1.28807,-1.72384,0.0956827,0.71669,-2.16882,0.201625,1.16793,-1.54653,-0.13946,1.08852,-1.85951,0,0,0,0,0,0,0,0,0,0,0,0,0,0,0,0,0,0,0,0,0,0,0,0
1770178340473740542,-0.224585,1.29091,-1.72644,0.0984645,0.713918,-2.17157,0.198968,1.16988,-1.54468,-0.142107,1.08568,-1.85676,0,0,0,0,0,0,0,0,0,0,0,0,0,0,0,0,0,0,0,0,0,0,0,0
1770178340493815229,-0.221753,1.28807,-1.72384,0.0956827,0.71669,-2.16882,0.201625,1.16793,-1.54653,-0.13946,1.08852,-1.85951,0,0,0,0,0,0,0,0,0,0,0,0,0,0,0,0,0,0,0,0,0,0,0,0
1770178340513898813,-0.224585,1.29091,-1.72644,0.0984645,0.713918,-2.17157,0.198968,1.16988,-1.54468,-0.142107,1.08568,-1.85676,0,0,0,0,0,0,0,0,0,0,0,0,0,0,0,0,0,0,0,0,0,0,0,0
1770178340533952956,-0.221753,1.28807,-1.72384,0.0956827,0.71669,-2.16882,0.201625,1.16793,-1.54653,-0.13946,1.08852,-1.85951,0,0,0,0,0,0,0,0,0,0,0,0,0,0,0,0,0,0,0,0,0,0,0,0
1770178340554024347,-0.224585,1.29091,-1.72644,0.0984645,0.713918,-2.17157,0.198968,1.16988,-1.54468,-0.142107,1.08568,-1.85676,0,0,0,0,0,0,0,0,0,0,0,0,0,0,0,0,0,0,0,0,0,0,0,0
1770178340574122555,-0.221753,1.28807,-1.72384,0.0956827,0.71669,-2.16882,0.201625,1.16793,-1.54653,-0.13946,1.08852,-1.85951,0,0,0,0,0,0,0,0,0,0,0,0,0,0,0,0,0,0,0,0,0,0,0,0
1770178340594195802,-0.224585,1.29091,-1.72644,0.0984645,0.713918,-2.17157,0.198968,1.16988,-1.54468,-0.142107,1.08568,-1.85676,0,0,0,0,0,0,0,0,0,0,0,0,0,0,0,0,0,0,0,0,0,0,0,0
1770178340614276762,-0.221753,1.28807,-1.72384,0.0956827,0.71669,-2.16882,0.201625,1.16793,-1.54653,-0.13946,1.08852,-1.85951,0,0,0,0,0,0,0,0,0,0,0,0,0,0,0,0,0,0,0,0,0,0,0,0
1770178340634356601,-0.224585,1.29091,-1.72644,0.0984645,0.713918,-2.17157,0.198968,1.16988,-1.54468,-0.142107,1.08568,-1.85676,0,0,0,0,0,0,0,0,0,0,0,0,0,0,0,0,0,0,0,0,0,0,0,0
1770178340654433016,-0.221753,1.28807,-1.72384,0.0956827,0.71669,-2.16882,0.201625,1.16793,-1.54653,-0.13946,1.08852,-1.85951,0,0,0,0,0,0,0,0,0,0,0,0,0,0,0,0,0,0,0,0,0,0,0,0
1770178340674515224,-0.224585,1.29091,-1.72644,0.0984645,0.713918,-2.17157,0.198968,1.16988,-1.54468,-0.142107,1.08568,-1.85676,0,0,0,0,0,0,0,0,0,0,0,0,0,0,0,0,0,0,0,0,0,0,0,0
1770178340694585271,-0.221753,1.28807,-1.72384,0.0956827,0.71669,-2.16882,0.201625,1.16793,-1.54653,-0.13946,1.08852,-1.85951,0,0,0,0,0,0,0,0,0,0,0,0,0,0,0,0,0,0,0,0,0,0,0,0
1770178340714663671,-0.224585,1.29091,-1.72644,0.0984645,0.713918,-2.17157,0.198968,1.16988,-1.54468,-0.142107,1.08568,-1.85676,0,0,0,0,0,0,0,0,0,0,0,0,0,0,0,0,0,0,0,0,0,0,0,0
1770178340734742454,-0.221753,1.28807,-1.72384,0.0956827,0.71669,-2.16882,0.201625,1.16793,-1.54653,-0.13946,1.08852,-1.85951,0,0,0,0,0,0,0,0,0,0,0,0,0,0,0,0,0,0,0,0,0,0,0,0
1770178340754818709,-0.224585,1.29091,-1.72644,0.0984645,0.713918,-2.17157,0.198968,1.16988,-1.54468,-0.142107,1.08568,-1.85676,0,0,0,0,0,0,0,0,0,0,0,0,0,0,0,0,0,0,0,0,0,0,0,0
1770178340774900021,-0.221753,1.28807,-1.72384,0.0956827,0.71669,-2.16882,0.201625,1.16793,-1.54653,-0.13946,1.08852,-1.85951,0,0,0,0,0,0,0,0,0,0,0,0,0,0,0,0,0,0,0,0,0,0,0,0
1770178340794978804,-0.224585,1.29091,-1.72644,0.0984645,0.713918,-2.17157,0.198968,1.16988,-1.54468,-0.142107,1.08568,-1.85676,0,0,0,0,0,0,0,0,0,0,0,0,0,0,0,0,0,0,0,0,0,0,0,0
1770178340815060244,-0.221753,1.28807,-1.72384,0.0956827,0.71669,-2.16882,0.201625,1.16793,-1.54653,-0.13946,1.08852,-1.85951,0,0,0,0,0,0,0,0,0,0,0,0,0,0,0,0,0,0,0,0,0,0,0,0
1770178340835135955,-0.224585,1.29091,-1.72644,0.0984645,0.713918,-2.17157,0.198968,1.16988,-1.54468,-0.142107,1.08568,-1.85676,0,0,0,0,0,0,0,0,0,0,0,0,0,0,0,0,0,0,0,0,0,0,0,0
1770178340855206098,-0.221753,1.28807,-1.72384,0.0956827,0.71669,-2.16882,0.201625,1.16793,-1.54653,-0.13946,1.08852,-1.85951,0,0,0,0,0,0,0,0,0,0,0,0,0,0,0,0,0,0,0,0,0,0,0,0
1770178340875287474,-0.224585,1.29091,-1.72644,0.0984645,0.713918,-2.17157,0.198968,1.16988,-1.54468,-0.142107,1.08568,-1.85676,0,0,0,0,0,0,0,0,0,0,0,0,0,0,0,0,0,0,0,0,0,0,0,0
1770178340895365937,-0.221753,1.28807,-1.72384,0.0956827,0.71669,-2.16882,0.201625,1.16793,-1.54653,-0.13946,1.08852,-1.85951,0,0,0,0,0,0,0,0,0,0,0,0,0,0,0,0,0,0,0,0,0,0,0,0
1770178340915447441,-0.224585,1.29091,-1.72644,0.0984645,0.713918,-2.17157,0.198968,1.16988,-1.54468,-0.142107,1.08568,-1.85676,0,0,0,0,0,0,0,0,0,0,0,0,0,0,0,0,0,0,0,0,0,0,0,0
1770178340935525264,-0.221753,1.28807,-1.72384,0.0956827,0.71669,-2.16882,0.201625,1.16793,-1.54653,-0.13946,1.08852,-1.85951,0,0,0,0,0,0,0,0,0,0,0,0,0,0,0,0,0,0,0,0,0,0,0,0
1770178340955601328,-0.224585,1.29091,-1.72644,0.0984645,0.713918,-2.17157,0.198968,1.16988,-1.54468,-0.142107,1.08568,-1.85676,0,0,0,0,0,0,0,0,0,0,0,0,0,0,0,0,0,0,0,0,0,0,0,0
1770178340975679823,-0.221753,1.28807,-1.72384,0.0956827,0.71669,-2.16882,0.201625,1.16793,-1.54653,-0.13946,1.08852,-1.85951,0,0,0,0,0,0,0,0,0,0,0,0,0,0,0,0,0,0,0,0,0,0,0,0
1770178340995756814,-0.224585,1.29091,-1.72644,0.0984645,0.713918,-2.17157,0.198968,1.16988,-1.54468,-0.142107,1.08568,-1.85676,0,0,0,0,0,0,0,0,0,0,0,0,0,0,0,0,0,0,0,0,0,0,0,0
1770178341015833838,-0.221753,1.28807,-1.72384,0.0956827,0.71669,-2.16882,0.201625,1.16793,-1.54653,-0.13946,1.08852,-1.85951,0,0,0,0,0,0,0,0,0,0,0,0,0,0,0,0,0,0,0,0,0,0,0,0
1770178341035907085,-0.224585,1.29091,-1.72644,0.0984645,0.713918,-2.17157,0.198968,1.16988,-1.54468,-0.142107,1.08568,-1.85676,0,0,0,0,0,0,0,0,0,0,0,0,0,0,0,0,0,0,0,0,0,0,0,0
1770178341055984812,-0.221753,1.28807,-1.72384,0.0956827,0.71669,-2.16882,0.201625,1.16793,-1.54653,-0.13946,1.08852,-1.85951,0,0,0,0,0,0,0,0,0,0,0,0,0,0,0,0,0,0,0,0,0,0,0,0
1770178341076061804,-0.224585,1.29091,-1.72644,0.0984645,0.713918,-2.17157,0.198968,1.16988,-1.54468,-0.142107,1.08568,-1.85676,0,0,0,0,0,0,0,0,0,0,0,0,0,0,0,0,0,0,0,0,0,0,0,0
1770178341096139467,-0.221753,1.28807,-1.72384,0.0956827,0.71669,-2.16882,0.201625,1.16793,-1.54653,-0.13946,1.08852,-1.85951,0,0,0,0,0,0,0,0,0,0,0,0,0,0,0,0,0,0,0,0,0,0,0,0
1770178341116208746,-0.224585,1.29091,-1.72644,0.0984645,0.713918,-2.17157,0.198968,1.16988,-1.54468,-0.142107,1.08568,-1.85676,0,0,0,0,0,0,0,0,0,0,0,0,0,0,0,0,0,0,0,0,0,0,0,0
1770178341136282794,-0.221753,1.28807,-1.72384,0.0956827,0.71669,-2.16882,0.201625,1.16793,-1.54653,-0.13946,1.08852,-1.85951,0,0,0,0,0,0,0,0,0,0,0,0,0,0,0,0,0,0,0,0,0,0,0,0
1770178341156359433,-0.224585,1.29091,-1.72644,0.0984645,0.713918,-2.17157,0.198968,1.16988,-1.54468,-0.142107,1.08568,-1.85676,0,0,0,0,0,0,0,0,0,0,0,0,0,0,0,0,0,0,0,0,0,0,0,0
1770178341176434376,-0.221753,1.28807,-1.72384,0.0956827,0.71669,-2.16882,0.201625,1.16793,-1.54653,-0.13946,1.08852,-1.85951,0,0,0,0,0,0,0,0,0,0,0,0,0,0,0,0,0,0,0,0,0,0,0,0
1770178341196512424,-0.224585,1.29091,-1.72644,0.0984645,0.713918,-2.17157,0.198968,1.16988,-1.54468,-0.142107,1.08568,-1.85676,0,0,0,0,0,0,0,0,0,0,0,0,0,0,0,0,0,0,0,0,0,0,0,0
1770178341216590407,-0.221753,1.28807,-1.72384,0.0956827,0.71669,-2.16882,0.201625,1.16793,-1.54653,-0.13946,1.08852,-1.85951,0,0,0,0,0,0,0,0,0,0,0,0,0,0,0,0,0,0,0,0,0,0,0,0
1770178341236664039,-0.224585,1.29091,-1.72644,0.0984645,0.713918,-2.17157,0.198968,1.16988,-1.54468,-0.142107,1.08568,-1.85676,0,0,0,0,0,0,0,0,0,0,0,0,0,0,0,0,0,0,0,0,0,0,0,0
1770178341256739430,-0.221753,1.28807,-1.72384,0.0956827,0.71669,-2.16882,0.201625,1.16793,-1.54653,-0.13946,1.08852,-1.85951,0,0,0,0,0,0,0,0,0,0,0,0,0,0,0,0,0,0,0,0,0,0,0,0
1770178341276814277,-0.224585,1.29091,-1.72644,0.0984645,0.713918,-2.17157,0.198968,1.16988,-1.54468,-0.142107,1.08568,-1.85676,0,0,0,0,0,0,0,0,0,0,0,0,0,0,0,0,0,0,0,0,0,0,0,0
1770178341296892165,-0.221753,1.28807,-1.72384,0.0956827,0.71669,-2.16882,0.201625,1.16793,-1.54653,-0.13946,1.08852,-1.85951,0,0,0,0,0,0,0,0,0,0,0,0,0,0,0,0,0,0,0,0,0,0,0,0
1770178341316969636,-0.224585,1.29091,-1.72644,0.0984645,0.713918,-2.17157,0.198968,1.16988,-1.54468,-0.142107,1.08568,-1.85676,0,0,0,0,0,0,0,0,0,0,0,0,0,0,0,0,0,0,0,0,0,0,0,0
1770178341337047715,-0.221753,1.28807,-1.72384,0.0956827,0.71669,-2.16882,0.201625,1.16793,-1.54653,-0.13946,1.08852,-1.85951,0,0,0,0,0,0,0,0,0,0,0,0,0,0,0,0,0,0,0,0,0,0,0,0
1770178341357124579,-0.224585,1.29091,-1.72644,0.0984645,0.713918,-2.17157,0.198968,1.16988,-1.54468,-0.142107,1.08568,-1.85676,0,0,0,0,0,0,0,0,0,0,0,0,0,0,0,0,0,0,0,0,0,0,0,0
1770178341377201474,-0.221753,1.28807,-1.72384,0.0956827,0.71669,-2.16882,0.201625,1.16793,-1.54653,-0.13946,1.08852,-1.85951,0,0,0,0,0,0,0,0,0,0,0,0,0,0,0,0,0,0,0,0,0,0,0,0
1770178341397278978,-0.224585,1.29091,-1.72644,0.0984645,0.713918,-2.17157,0.198968,1.16988,-1.54468,-0.142107,1.08568,-1.85676,0,0,0,0,0,0,0,0,0,0,0,0,0,0,0,0,0,0,0,0,0,0,0,0
1770178341417355713,-0.221753,1.28807,-1.72384,0.0956827,0.71669,-2.16882,0.201625,1.16793,-1.54653,-0.13946,1.08852,-1.85951,0,0,0,0,0,0,0,0,0,0,0,0,0,0,0,0,0,0,0,0,0,0,0,0
1770178341437433920,-0.224585,1.29091,-1.72644,0.0984645,0.713918,-2.17157,0.198968,1.16988,-1.54468,-0.142107,1.08568,-1.85676,0,0,0,0,0,0,0,0,0,0,0,0,0,0,0,0,0,0,0,0,0,0,0,0
1770178341457512128,-0.221753,1.28807,-1.72384,0.0956827,0.71669,-2.16882,0.201625,1.16793,-1.54653,-0.13946,1.08852,-1.85951,0,0,0,0,0,0,0,0,0,0,0,0,0,0,0,0,0,0,0,0,0,0,0,0
1770178341477590783,-0.224585,1.29091,-1.72644,0.0984645,0.713918,-2.17157,0.198968,1.16988,-1.54468,-0.142107,1.08568,-1.85676,0,0,0,0,0,0,0,0,0,0,0,0,0,0,0,0,0,0,0,0,0,0,0,0
1770178341497672895,-0.221753,1.28807,-1.72384,0.0956827,0.71669,-2.16882,0.201625,1.16793,-1.54653,-0.13946,1.08852,-1.85951,0,0,0,0,0,0,0,0,0,0,0,0,0,0,0,0,0,0,0,0,0,0,0,0
1770178341517749022,-0.224585,1.29091,-1.72644,0.0984645,0.713918,-2.17157,0.198968,1.16988,-1.54468,-0.142107,1.08568,-1.85676,0,0,0,0,0,0,0,0,0,0,0,0,0,0,0,0,0,0,0,0,0,0,0,0
1770178341537833342,-0.221753,1.28807,-1.72384,0.0956827,0.71669,-2.16882,0.201625,1.16793,-1.54653,-0.13946,1.08852,-1.85951,0,0,0,0,0,0,0,0,0,0,0,0,0,0,0,0,0,0,0,0,0,0,0,0
1770178341557938462,-0.224585,1.29091,-1.72644,0.0984645,0.713918,-2.17157,0.198968,1.16988,-1.54468,-0.142107,1.08568,-1.85676,0,0,0,0,0,0,0,0,0,0,0,0,0,0,0,0,0,0,0,0,0,0,0,0
1770178341578016253,-0.221753,1.28807,-1.72384,0.0956827,0.71669,-2.16882,0.201625,1.16793,-1.54653,-0.13946,1.08852,-1.85951,0,0,0,0,0,0,0,0,0,0,0,0,0,0,0,0,0,0,0,0,0,0,0,0
1770178341598094460,-0.224585,1.29091,-1.72644,0.0984645,0.713918,-2.17157,0.198968,1.16988,-1.54468,-0.142107,1.08568,-1.85676,0,0,0,0,0,0,0,0,0,0,0,0,0,0,0,0,0,0,0,0,0,0,0,0
1770178341618171228,-0.221753,1.28807,-1.72384,0.0956827,0.71669,-2.16882,0.201625,1.16793,-1.54653,-0.13946,1.08852,-1.85951,0,0,0,0,0,0,0,0,0,0,0,0,0,0,0,0,0,0,0,0,0,0,0,0
1770178341638255547,-0.224585,1.29091,-1.72644,0.0984645,0.713918,-2.17157,0.198968,1.16988,-1.54468,-0.142107,1.08568,-1.85676,0,0,0,0,0,0,0,0,0,0,0,0,0,0,0,0,0,0,0,0,0,0,0,0
1770178341658332123,-0.221753,1.28807,-1.72384,0.0956827,0.71669,-2.16882,0.201625,1.16793,-1.54653,-0.13946,1.08852,-1.85951,0,0,0,0,0,0,0,0,0,0,0,0,0,0,0,0,0,0,0,0,0,0,0,0
1770178341678410042,-0.224585,1.29091,-1.72644,0.0984645,0.713918,-2.17157,0.198968,1.16988,-1.54468,-0.142107,1.08568,-1.85676,0,0,0,0,0,0,0,0,0,0,0,0,0,0,0,0,0,0,0,0,0,0,0,0
1770178341698487001,-0.221753,1.28807,-1.72384,0.0956827,0.71669,-2.16882,0.201625,1.16793,-1.54653,-0.13946,1.08852,-1.85951,0,0,0,0,0,0,0,0,0,0,0,0,0,0,0,0,0,0,0,0,0,0,0,0
1770178341718563801,-0.224585,1.29091,-1.72644,0.0984645,0.713918,-2.17157,0.198968,1.16988,-1.54468,-0.142107,1.08568,-1.85676,0,0,0,0,0,0,0,0,0,0,0,0,0,0,0,0,0,0,0,0,0,0,0,0
1770178341738641368,-0.221753,1.28807,-1.72384,0.0956827,0.71669,-2.16882,0.201625,1.16793,-1.54653,-0.13946,1.08852,-1.85951,0,0,0,0,0,0,0,0,0,0,0,0,0,0,0,0,0,0,0,0,0,0,0,0
1770178341758718680,-0.224585,1.29091,-1.72644,0.0984645,0.713918,-2.17157,0.198968,1.16988,-1.54468,-0.142107,1.08568,-1.85676,0,0,0,0,0,0,0,0,0,0,0,0,0,0,0,0,0,0,0,0,0,0,0,0
1770178341778795543,-0.221753,1.28807,-1.72384,0.0956827,0.71669,-2.16882,0.201625,1.16793,-1.54653,-0.13946,1.08852,-1.85951,0,0,0,0,0,0,0,0,0,0,0,0,0,0,0,0,0,0,0,0,0,0,0,0
1770178341798871478,-0.224585,1.29091,-1.72644,0.0984645,0.713918,-2.17157,0.198968,1.16988,-1.54468,-0.142107,1.08568,-1.85676,0,0,0,0,0,0,0,0,0,0,0,0,0,0,0,0,0,0,0,0,0,0,0,0
1770178341818947190,-0.221753,1.28807,-1.72384,0.0956827,0.71669,-2.16882,0.201625,1.16793,-1.54653,-0.13946,1.08852,-1.85951,0,0,0,0,0,0,0,0,0,0,0,0,0,0,0,0,0,0,0,0,0,0,0,0
1770178341839023413,-0.224585,1.29091,-1.72644,0.0984645,0.713918,-2.17157,0.198968,1.16988,-1.54468,-0.142107,1.08568,-1.85676,0,0,0,0,0,0,0,0,0,0,0,0,0,0,0,0,0,0,0,0,0,0,0,0
1770178341859101525,-0.221753,1.28807,-1.72384,0.0956827,0.71669,-2.16882,0.201625,1.16793,-1.54653,-0.13946,1.08852,-1.85951,0,0,0,0,0,0,0,0,0,0,0,0,0,0,0,0,0,0,0,0,0,0,0,0
1770178341879187796,-0.224585,1.29091,-1.72644,0.0984645,0.713918,-2.17157,0.198968,1.16988,-1.54468,-0.142107,1.08568,-1.85676,0,0,0,0,0,0,0,0,0,0,0,0,0,0,0,0,0,0,0,0,0,0,0,0
1770178341899263795,-0.221753,1.28807,-1.72384,0.0956827,0.71669,-2.16882,0.201625,1.16793,-1.54653,-0.13946,1.08852,-1.85951,0,0,0,0,0,0,0,0,0,0,0,0,0,0,0,0,0,0,0,0,0,0,0,0
1770178341919343763,-0.224585,1.29091,-1.72644,0.0984645,0.713918,-2.17157,0.198968,1.16988,-1.54468,-0.142107,1.08568,-1.85676,0,0,0,0,0,0,0,0,0,0,0,0,0,0,0,0,0,0,0,0,0,0,0,0
1770178341939428082,-0.221753,1.28807,-1.72384,0.0956827,0.71669,-2.16882,0.201625,1.16793,-1.54653,-0.13946,1.08852,-1.85951,0,0,0,0,0,0,0,0,0,0,0,0,0,0,0,0,0,0,0,0,0,0,0,0
1770178341959509202,-0.224585,1.29091,-1.72644,0.0984645,0.713918,-2.17157,0.198968,1.16988,-1.54468,-0.142107,1.08568,-1.85676,0,0,0,0,0,0,0,0,0,0,0,0,0,0,0,0,0,0,0,0,0,0,0,0
1770178341979587921,-0.221753,1.28807,-1.72384,0.0956827,0.71669,-2.16882,0.201625,1.16793,-1.54653,-0.13946,1.08852,-1.85951,0,0,0,0,0,0,0,0,0,0,0,0,0,0,0,0,0,0,0,0,0,0,0,0
1770178341999658545,-0.224585,1.29091,-1.72644,0.0984645,0.713918,-2.17157,0.198968,1.16988,-1.54468,-0.142107,1.08568,-1.85676,0,0,0,0,0,0,0,0,0,0,0,0,0,0,0,0,0,0,0,0,0,0,0,0
1770178342019736560,-0.221753,1.28807,-1.72384,0.0956827,0.71669,-2.16882,0.201625,1.16793,-1.54653,-0.13946,1.08852,-1.85951,0,0,0,0,0,0,0,0,0,0,0,0,0,0,0,0,0,0,0,0,0,0,0,0
1770178342039822192,-0.224585,1.29091,-1.72644,0.0984645,0.713918,-2.17157,0.198968,1.16988,-1.54468,-0.142107,1.08568,-1.85676,0,0,0,0,0,0,0,0,0,0,0,0,0,0,0,0,0,0,0,0,0,0,0,0
1770178342059896239,-0.221753,1.28807,-1.72384,0.0956827,0.71669,-2.16882,0.201625,1.16793,-1.54653,-0.13946,1.08852,-1.85951,0,0,0,0,0,0,0,0,0,0,0,0,0,0,0,0,0,0,0,0,0,0,0,0
1770178342079975182,-0.224585,1.29091,-1.72644,0.0984645,0.713918,-2.17157,0.198968,1.16988,-1.54468,-0.142107,1.08568,-1.85676,0,0,0,0,0,0,0,0,0,0,0,0,0,0,0,0,0,0,0,0,0,0,0,0
1770178342100053582,-0.221753,1.28807,-1.72384,0.0956827,0.71669,-2.16882,0.201625,1.16793,-1.54653,-0.13946,1.08852,-1.85951,0,0,0,0,0,0,0,0,0,0,0,0,0,0,0,0,0,0,0,0,0,0,0,0
1770178342120126861,-0.224585,1.29091,-1.72644,0.0984645,0.713918,-2.17157,0.198968,1.16988,-1.54468,-0.142107,1.08568,-1.85676,0,0,0,0,0,0,0,0,0,0,0,0,0,0,0,0,0,0,0,0,0,0,0,0
1770178342140213101,-0.221753,1.28807,-1.72384,0.0956827,0.71669,-2.16882,0.201625,1.16793,-1.54653,-0.13946,1.08852,-1.85951,0,0,0,0,0,0,0,0,0,0,0,0,0,0,0,0,0,0,0,0,0,0,0,0
1770178342160298156,-0.224585,1.29091,-1.72644,0.0984645,0.713918,-2.17157,0.198968,1.16988,-1.54468,-0.142107,1.08568,-1.85676,0,0,0,0,0,0,0,0,0,0,0,0,0,0,0,0,0,0,0,0,0,0,0,0
1770178342180377900,-0.221753,1.28807,-1.72384,0.0956827,0.71669,-2.16882,0.201625,1.16793,-1.54653,-0.13946,1.08852,-1.85951,0,0,0,0,0,0,0,0,0,0,0,0,0,0,0,0,0,0,0,0,0,0,0,0
1770178342200453771,-0.224585,1.29091,-1.72644,0.0984645,0.713918,-2.17157,0.198968,1.16988,-1.54468,-0.142107,1.08568,-1.85676,0,0,0,0,0,0,0,0,0,0,0,0,0,0,0,0,0,0,0,0,0,0,0,0
1770178342220523978,-0.221753,1.28807,-1.72384,0.0956827,0.71669,-2.16882,0.201625,1.16793,-1.54653,-0.13946,1.08852,-1.85951,0,0,0,0,0,0,0,0,0,0,0,0,0,0,0,0,0,0,0,0,0,0,0,0
1770178342240609258,-0.224585,1.29091,-1.72644,0.0984645,0.713918,-2.17157,0.198968,1.16988,-1.54468,-0.142107,1.08568,-1.85676,0,0,0,0,0,0,0,0,0,0,0,0,0,0,0,0,0,0,0,0,0,0,0,0
1770178342260688489,-0.221753,1.28807,-1.72384,0.0956827,0.71669,-2.16882,0.201625,1.16793,-1.54653,-0.13946,1.08852,-1.85951,0,0,0,0,0,0,0,0,0,0,0,0,0,0,0,0,0,0,0,0,0,0,0,0
1770178342280763689,-0.224585,1.29091,-1.72644,0.0984645,0.713918,-2.17157,0.198968,1.16988,-1.54468,-0.142107,1.08568,-1.85676,0,0,0,0,0,0,0,0,0,0,0,0,0,0,0,0,0,0,0,0,0,0,0,0
1770178342300838856,-0.221753,1.28807,-1.72384,0.0956827,0.71669,-2.16882,0.201625,1.16793,-1.54653,-0.13946,1.08852,-1.85951,0,0,0,0,0,0,0,0,0,0,0,0,0,0,0,0,0,0,0,0,0,0,0,0
1770178342320919399,-0.224585,1.29091,-1.72644,0.0984645,0.713918,-2.17157,0.198968,1.16988,-1.54468,-0.142107,1.08568,-1.85676,0,0,0,0,0,0,0,0,0,0,0,0,0,0,0,0,0,0,0,0,0,0,0,0
1770178342340996071,-0.221753,1.28807,-1.72384,0.0956827,0.71669,-2.16882,0.201625,1.16793,-1.54653,-0.13946,1.08852,-1.85951,0,0,0,0,0,0,0,0,0,0,0,0,0,0,0,0,0,0,0,0,0,0,0,0
1770178342361075814,-0.224585,1.29091,-1.72644,0.0984645,0.713918,-2.17157,0.198968,1.16988,-1.54468,-0.142107,1.08568,-1.85676,0,0,0,0,0,0,0,0,0,0,0,0,0,0,0,0,0,0,0,0,0,0,0,0
1770178342381156582,-0.221753,1.28807,-1.72384,0.0956827,0.71669,-2.16882,0.201625,1.16793,-1.54653,-0.13946,1.08852,-1.85951,0,0,0,0,0,0,0,0,0,0,0,0,0,0,0,0,0,0,0,0,0,0,0,0
1770178342401233989,-0.224585,1.29091,-1.72644,0.0984645,0.713918,-2.17157,0.198968,1.16988,-1.54468,-0.142107,1.08568,-1.85676,0,0,0,0,0,0,0,0,0,0,0,0,0,0,0,0,0,0,0,0,0,0,0,0
1770178342421313540,-0.221753,1.28807,-1.72384,0.0956827,0.71669,-2.16882,0.201625,1.16793,-1.54653,-0.13946,1.08852,-1.85951,0,0,0,0,0,0,0,0,0,0,0,0,0,0,0,0,0,0,0,0,0,0,0,0
1770178342441389348,-0.224585,1.29091,-1.72644,0.0984645,0.713918,-2.17157,0.198968,1.16988,-1.54468,-0.142107,1.08568,-1.85676,0,0,0,0,0,0,0,0,0,0,0,0,0,0,0,0,0,0,0,0,0,0,0,0
1770178342461467715,-0.221753,1.28807,-1.72384,0.0956827,0.71669,-2.16882,0.201625,1.16793,-1.54653,-0.13946,1.08852,-1.85951,0,0,0,0,0,0,0,0,0,0,0,0,0,0,0,0,0,0,0,0,0,0,0,0
1770178342481541411,-0.224585,1.29091,-1.72644,0.0984645,0.713918,-2.17157,0.198968,1.16988,-1.54468,-0.142107,1.08568,-1.85676,0,0,0,0,0,0,0,0,0,0,0,0,0,0,0,0,0,0,0,0,0,0,0,0
1770178342501624834,-0.221753,1.28807,-1.72384,0.0956827,0.71669,-2.16882,0.201625,1.16793,-1.54653,-0.13946,1.08852,-1.85951,0,0,0,0,0,0,0,0,0,0,0,0,0,0,0,0,0,0,0,0,0,0,0,0
1770178342521698433,-0.224585,1.29091,-1.72644,0.0984645,0.713918,-2.17157,0.198968,1.16988,-1.54468,-0.142107,1.08568,-1.85676,0,0,0,0,0,0,0,0,0,0,0,0,0,0,0,0,0,0,0,0,0,0,0,0
1770178342541776065,-0.221753,1.28807,-1.72384,0.0956827,0.71669,-2.16882,0.201625,1.16793,-1.54653,-0.13946,1.08852,-1.85951,0,0,0,0,0,0,0,0,0,0,0,0,0,0,0,0,0,0,0,0,0,0,0,0
1770178342561857888,-0.224585,1.29091,-1.72644,0.0984645,0.713918,-2.17157,0.198968,1.16988,-1.54468,-0.142107,1.08568,-1.85676,0,0,0,0,0,0,0,0,0,0,0,0,0,0,0,0,0,0,0,0,0,0,0,0
1770178342581939968,-0.221753,1.28807,-1.72384,0.0956827,0.71669,-2.16882,0.201625,1.16793,-1.54653,-0.13946,1.08852,-1.85951,0,0,0,0,0,0,0,0,0,0,0,0,0,0,0,0,0,0,0,0,0,0,0,0
1770178342602016799,-0.224585,1.29091,-1.72644,0.0984645,0.713918,-2.17157,0.198968,1.16988,-1.54468,-0.142107,1.08568,-1.85676,0,0,0,0,0,0,0,0,0,0,0,0,0,0,0,0,0,0,0,0,0,0,0,0
1770178342622095839,-0.221753,1.28807,-1.72384,0.0956827,0.71669,-2.16882,0.201625,1.16793,-1.54653,-0.13946,1.08852,-1.85951,0,0,0,0,0,0,0,0,0,0,0,0,0,0,0,0,0,0,0,0,0,0,0,0
1770178342642167102,-0.224585,1.29091,-1.72644,0.0984645,0.713918,-2.17157,0.198968,1.16988,-1.54468,-0.142107,1.08568,-1.85676,0,0,0,0,0,0,0,0,0,0,0,0,0,0,0,0,0,0,0,0,0,0,0,0
1770178342662247165,-0.221753,1.28807,-1.72384,0.0956827,0.71669,-2.16882,0.201625,1.16793,-1.54653,-0.13946,1.08852,-1.85951,0,0,0,0,0,0,0,0,0,0,0,0,0,0,0,0,0,0,0,0,0,0,0,0
1770178342682322429,-0.224585,1.29091,-1.72644,0.0984645,0.713918,-2.17157,0.198968,1.16988,-1.54468,-0.142107,1.08568,-1.85676,0,0,0,0,0,0,0,0,0,0,0,0,0,0,0,0,0,0,0,0,0,0,0,0
1770178342702403452,-0.221753,1.28807,-1.72384,0.0956827,0.71669,-2.16882,0.201625,1.16793,-1.54653,-0.13946,1.08852,-1.85951,0,0,0,0,0,0,0,0,0,0,0,0,0,0,0,0,0,0,0,0,0,0,0,0
1770178342722483580,-0.224585,1.29091,-1.72644,0.0984645,0.713918,-2.17157,0.198968,1.16988,-1.54468,-0.142107,1.08568,-1.85676,0,0,0,0,0,0,0,0,0,0,0,0,0,0,0,0,0,0,0,0,0,0,0,0
1770178342742559291,-0.221753,1.28807,-1.72384,0.0956827,0.71669,-2.16882,0.201625,1.16793,-1.54653,-0.13946,1.08852,-1.85951,0,0,0,0,0,0,0,0,0,0,0,0,0,0,0,0,0,0,0,0,0,0,0,0
1770178342762629914,-0.224585,1.29091,-1.72644,0.0984645,0.713918,-2.17157,0.198968,1.16988,-1.54468,-0.142107,1.08568,-1.85676,0,0,0,0,0,0,0,0,0,0,0,0,0,0,0,0,0,0,0,0,0,0,0,0
1770178342782708826,-0.221753,1.28807,-1.72384,0.0956827,0.71669,-2.16882,0.201625,1.16793,-1.54653,-0.13946,1.08852,-1.85951,0,0,0,0,0,0,0,0,0,0,0,0,0,0,0,0,0,0,0,0,0,0,0,0
1770178342802785049,-0.224585,1.29091,-1.72644,0.0984645,0.713918,-2.17157,0.198968,1.16988,-1.54468,-0.142107,1.08568,-1.85676,0,0,0,0,0,0,0,0,0,0,0,0,0,0,0,0,0,0,0,0,0,0,0,0
1770178342822864152,-0.221753,1.28807,-1.72384,0.0956827,0.71669,-2.16882,0.201625,1.16793,-1.54653,-0.13946,1.08852,-1.85951,0,0,0,0,0,0,0,0,0,0,0,0,0,0,0,0,0,0,0,0,0,0,0,0
1770178342842929719,-0.224585,1.29091,-1.72644,0.0984645,0.713918,-2.17157,0.198968,1.16988,-1.54468,-0.142107,1.08568,-1.85676,0,0,0,0,0,0,0,0,0,0,0,0,0,0,0,0,0,0,0,0,0,0,0,0
1770178342863009751,-0.221753,1.28807,-1.72384,0.0956827,0.71669,-2.16882,0.201625,1.16793,-1.54653,-0.13946,1.08852,-1.85951,0,0,0,0,0,0,0,0,0,0,0,0,0,0,0,0,0,0,0,0,0,0,0,0
1770178342883089270,-0.224585,1.29091,-1.72644,0.0984645,0.713918,-2.17157,0.198968,1.16988,-1.54468,-0.142107,1.08568,-1.85676,0,0,0,0,0,0,0,0,0,0,0,0,0,0,0,0,0,0,0,0,0,0,0,0
1770178342903166326,-0.221753,1.28807,-1.72384,0.0956827,0.71669,-2.16882,0.201625,1.16793,-1.54653,-0.13946,1.08852,-1.85951,0,0,0,0,0,0,0,0,0,0,0,0,0,0,0,0,0,0,0,0,0,0,0,0
1770178342923243189,-0.224585,1.29091,-1.72644,0.0984645,0.713918,-2.17157,0.198968,1.16988,-1.54468,-0.142107,1.08568,-1.85676,0,0,0,0,0,0,0,0,0,0,0,0,0,0,0,0,0,0,0,0,0,0,0,0
1770178342943327061,-0.221753,1.28807,-1.72384,0.0956827,0.71669,-2.16882,0.201625,1.16793,-1.54653,-0.13946,1.08852,-1.85951,0,0,0,0,0,0,0,0,0,0,0,0,0,0,0,0,0,0,0,0,0,0,0,0
1770178342963406356,-0.224585,1.29091,-1.72644,0.0984645,0.713918,-2.17157,0.198968,1.16988,-1.54468,-0.142107,1.08568,-1.85676,0,0,0,0,0,0,0,0,0,0,0,0,0,0,0,0,0,0,0,0,0,0,0,0
1770178342983483923,-0.221753,1.28807,-1.72384,0.0956827,0.71669,-2.16882,0.201625,1.16793,-1.54653,-0.13946,1.08852,-1.85951,0,0,0,0,0,0,0,0,0,0,0,0,0,0,0,0,0,0,0,0,0,0,0,0
1770178343003560851,-0.224585,1.29091,-1.72644,0.0984645,0.713918,-2.17157,0.198968,1.16988,-1.54468,-0.142107,1.08568,-1.85676,0,0,0,0,0,0,0,0,0,0,0,0,0,0,0,0,0,0,0,0,0,0,0,0
1770178343023637874,-0.221753,1.28807,-1.72384,0.0956827,0.71669,-2.16882,0.201625,1.16793,-1.54653,-0.13946,1.08852,-1.85951,0,0,0,0,0,0,0,0,0,0,0,0,0,0,0,0,0,0,0,0,0,0,0,0
1770178343043718258,-0.224585,1.29091,-1.72644,0.0984645,0.713918,-2.17157,0.198968,1.16988,-1.54468,-0.142107,1.08568,-1.85676,0,0,0,0,0,0,0,0,0,0,0,0,0,0,0,0,0,0,0,0,0,0,0,0
1770178343063797521,-0.221753,1.28807,-1.72384,0.0956827,0.71669,-2.16882,0.201625,1.16793,-1.54653,-0.13946,1.08852,-1.85951,0,0,0,0,0,0,0,0,0,0,0,0,0,0,0,0,0,0,0,0,0,0,0,0
1770178343083875985,-0.224585,1.29091,-1.72644,0.0984645,0.713918,-2.17157,0.198968,1.16988,-1.54468,-0.142107,1.08568,-1.85676,0,0,0,0,0,0,0,0,0,0,0,0,0,0,0,0,0,0,0,0,0,0,0,0
1770178343103961840,-0.221753,1.28807,-1.72384,0.0956827,0.71669,-2.16882,0.201625,1.16793,-1.54653,-0.13946,1.08852,-1.85951,0,0,0,0,0,0,0,0,0,0,0,0,0,0,0,0,0,0,0,0,0,0,0,0
1770178343124036367,-0.224585,1.29091,-1.72644,0.0984645,0.713918,-2.17157,0.198968,1.16988,-1.54468,-0.142107,1.08568,-1.85676,0,0,0,0,0,0,0,0,0,0,0,0,0,0,0,0,0,0,0,0,0,0,0,0
1770178343144117071,-0.221753,1.28807,-1.72384,0.0956827,0.71669,-2.16882,0.201625,1.16793,-1.54653,-0.13946,1.08852,-1.85951,0,0,0,0,0,0,0,0,0,0,0,0,0,0,0,0,0,0,0,0,0,0,0,0
1770178343164196718,-0.224585,1.29091,-1.72644,0.0984645,0.713918,-2.17157,0.198968,1.16988,-1.54468,-0.142107,1.08568,-1.85676,0,0,0,0,0,0,0,0,0,0,0,0,0,0,0,0,0,0,0,0,0,0,0,0
1770178343184271534,-0.221753,1.28807,-1.72384,0.0956827,0.71669,-2.16882,0.201625,1.16793,-1.54653,-0.13946,1.08852,-1.85951,0,0,0,0,0,0,0,0,0,0,0,0,0,0,0,0,0,0,0,0,0,0,0,0
1770178343204345037,-0.224585,1.29091,-1.72644,0.0984645,0.713918,-2.17157,0.198968,1.16988,-1.54468,-0.142107,1.08568,-1.85676,0,0,0,0,0,0,0,0,0,0,0,0,0,0,0,0,0,0,0,0,0,0,0,0
1770178343224426540,-0.221753,1.28807,-1.72384,0.0956827,0.71669,-2.16882,0.201625,1.16793,-1.54653,-0.13946,1.08852,-1.85951,0,0,0,0,0,0,0,0,0,0,0,0,0,0,0,0,0,0,0,0,0,0,0,0
1770178343244512076,-0.224585,1.29091,-1.72644,0.0984645,0.713918,-2.17157,0.198968,1.16988,-1.54468,-0.142107,1.08568,-1.85676,0,0,0,0,0,0,0,0,0,0,0,0,0,0,0,0,0,0,0,0,0,0,0,0
1770178343264593836,-0.221753,1.28807,-1.72384,0.0956827,0.71669,-2.16882,0.201625,1.16793,-1.54653,-0.13946,1.08852,-1.85951,0,0,0,0,0,0,0,0,0,0,0,0,0,0,0,0,0,0,0,0,0,0,0,0
1770178343284674859,-0.224585,1.29091,-1.72644,0.0984645,0.713918,-2.17157,0.198968,1.16988,-1.54468,-0.142107,1.08568,-1.85676,0,0,0,0,0,0,0,0,0,0,0,0,0,0,0,0,0,0,0,0,0,0,0,0
1770178343304760203,-0.221753,1.28807,-1.72384,0.0956827,0.71669,-2.16882,0.201625,1.16793,-1.54653,-0.13946,1.08852,-1.85951,0,0,0,0,0,0,0,0,0,0,0,0,0,0,0,0,0,0,0,0,0,0,0,0
1770178343324840458,-0.224585,1.29091,-1.72644,0.0984645,0.713918,-2.17157,0.198968,1.16988,-1.54468,-0.142107,1.08568,-1.85676,0,0,0,0,0,0,0,0,0,0,0,0,0,0,0,0,0,0,0,0,0,0,0,0
1770178343344928330,-0.221753,1.28807,-1.72384,0.0956827,0.71669,-2.16882,0.201625,1.16793,-1.54653,-0.13946,1.08852,-1.85951,0,0,0,0,0,0,0,0,0,0,0,0,0,0,0,0,0,0,0,0,0,0,0,0
1770178343365005705,-0.224585,1.29091,-1.72644,0.0984645,0.713918,-2.17157,0.198968,1.16988,-1.54468,-0.142107,1.08568,-1.85676,0,0,0,0,0,0,0,0,0,0,0,0,0,0,0,0,0,0,0,0,0,0,0,0
1770178343385090313,-0.221753,1.28807,-1.72384,0.0956827,0.71669,-2.16882,0.201625,1.16793,-1.54653,-0.13946,1.08852,-1.85951,0,0,0,0,0,0,0,0,0,0,0,0,0,0,0,0,0,0,0,0,0,0,0,0
1770178343405167720,-0.224585,1.29091,-1.72644,0.0984645,0.713918,-2.17157,0.198968,1.16988,-1.54468,-0.142107,1.08568,-1.85676,0,0,0,0,0,0,0,0,0,0,0,0,0,0,0,0,0,0,0,0,0,0,0,0
1770178343425244455,-0.221753,1.28807,-1.72384,0.0956827,0.71669,-2.16882,0.201625,1.16793,-1.54653,-0.13946,1.08852,-1.85951,0,0,0,0,0,0,0,0,0,0,0,0,0,0,0,0,0,0,0,0,0,0,0,0
1770178343445327399,-0.224585,1.29091,-1.72644,0.0984645,0.713918,-2.17157,0.198968,1.16988,-1.54468,-0.142107,1.08568,-1.85676,0,0,0,0,0,0,0,0,0,0,0,0,0,0,0,0,0,0,0,0,0,0,0,0
1770178343465406214,-0.221753,1.28807,-1.72384,0.0956827,0.71669,-2.16882,0.201625,1.16793,-1.54653,-0.13946,1.08852,-1.85951,0,0,0,0,0,0,0,0,0,0,0,0,0,0,0,0,0,0,0,0,0,0,0,0
1770178348498582796,0.150444,1.22256,-1.73992,0.0689237,1.38265,-1.97332,0.0747744,0.931989,-1.89962,0.0935879,0.555283,-2.14681,0,0,0,0,0,0,0,0,0,0,0,0,0,0,0,0,0,0,0,0,0,0,0,0
1770178348518660428,0.15841,1.21399,-1.74051,0.0664406,1.36988,-1.98115,0.0699323,0.928766,-1.89409,0.132013,0.568551,-2.14635,0,0,0,0,0,0,0,0,0,0,0,0,0,0,0,0,0,0,0,0,0,0,0,0
1770178348538737899,0.15596,1.21395,-1.74192,0.0680355,1.36708,-1.98204,0.069158,0.926937,-1.8924,0.13173,0.566778,-2.14394,0,0,0,0,0,0,0,0,0,0,0,0,0,0,0,0,0,0,0,0,0,0,0,0
1770178348558811850,0.158685,1.21436,-1.74073,0.0676368,1.36511,-1.9799,0.0700015,0.928892,-1.89414,0.132378,0.566032,-2.1442,0,0,0,0,0,0,0,0,0,0,0,0,0,0,0,0,0,0,0,0,0,0,0,0
1770178348578890954,0.155694,1.21382,-1.74198,0.0672468,1.36707,-1.98185,0.0691082,0.926829,-1.89231,0.131831,0.566548,-2.14362,0,0,0,0,0,0,0,0,0,0,0,0,0,0,0,0,0,0,0,0,0,0,0,0
1770178348598964393,0.1532,1.21506,-1.74053,0.0679556,1.36511,-1.97998,0.0700709,0.928992,-1.89424,0.132414,0.565967,-2.14419,0,0,0,0,0,0,0,0,0,0,0,0,0,0,0,0,0,0,0,0,0,0,0,0
1770178348619040073,0.155815,1.21343,-1.7416,0.0669706,1.36712,-1.98186,0.0690527,0.926731,-1.89222,0.131802,0.566575,-2.14359,0,0,0,0,0,0,0,0,0,0,0,0,0,0,0,0,0,0,0,0,0,0,0,0
1770178348639116296,0.158689,1.21457,-1.74064,0.0681488,1.36506,-1.97996,0.0701473,0.929086,-1.89433,0.132445,0.565936,-2.14422,0,0,0,0,0,0,0,0,0,0,0,0,0,0,0,0,0,0,0,0,0,0,0,0
1770178348659188071,0.155692,1.21367,-1.74211,0.0668079,1.3672,-1.98191,0.0689888,0.926648,-1.89214,0.131769,0.566608,-2.14355,0,0,0,0,0,0,0,0,0,0,0,0,0,0,0,0,0,0,0,0,0,0,0,0
1770178348679261799,0.153198,1.21524,-1.74038,0.0682734,1.36499,-1.97991,0.0702313,0.929167,-1.89441,0.132478,0.565903,-2.14426,0,0,0,0,0,0,0,0,0,0,0,0,0,0,0,0,0,0,0,0,0,0,0,0
1770178348699341222,0.155823,1.21327,-1.74173,0.0666924,1.36729,-1.98199,0.0689031,0.92662,-1.89208,0.131732,0.566644,-2.14352,0,0,0,0,0,0,0,0,0,0,0,0,0,0,0,0,0,0,0,0,0,0,0,0
1770178348719413125,0.158712,1.21472,-1.74046,0.0683612,1.36492,-1.97984,0.0703297,0.929212,-1.89447,0.132514,0.565867,-2.14429,0,0,0,0,0,0,0,0,0,0,0,0,0,0,0,0,0,0,0,0,0,0,0,0
1770178348739487397,0.155654,1.21353,-1.74227,0.066599,1.36737,-1.98207,0.0689417,0.93081,-1.89307,0.131692,0.566684,-2.14348,0,0,0,0,0,0,0,0,0,0,0,0,0,0,0,0,0,0,0,0,0,0,0,0
1770178348759564804,0.153228,1.21541,-1.74023,0.0684297,1.36485,-1.97977,0.0704442,0.929681,-1.89427,0.132554,0.565828,-2.14433,0,0,0,0,0,0,0,0,0,0,0,0,0,0,0,0,0,0,0,0,0,0,0,0
1770178348779638691,0.155793,1.21313,-1.74185,0.066519,1.36745,-1.98215,0.068836,0.930956,-1.89305,0.131648,0.566728,-2.14343,0,0,0,0,0,0,0,0,0,0,0,0,0,0,0,0,0,0,0,0,0,0,0,0
1770178348799715491,0.154379,1.21545,-1.74015,0.0684874,1.3648,-1.97972,0.0705632,0.929565,-1.89436,0.132596,0.565786,-2.14437,0,0,0,0,0,0,0,0,0,0,0,0,0,0,0,0,0,0,0,0,0,0,0,0
1770178348819791938,0.154489,1.21316,-1.74198,0.0664538,1.36752,-1.98221,0.0687118,0.931059,-1.89295,0.131601,0.566774,-2.14339,0,0,0,0,0,0,0,0,0,0,0,0,0,0,0,0,0,0,0,0,0,0,0,0
1770178348839865441,0.154292,1.2155,-1.7401,0.0681374,1.36807,-1.98128,0.0706904,0.929447,-1.89447,0.132641,0.565741,-2.14442,0,0,0,0,0,0,0,0,0,0,0,0,0,0,0,0,0,0,0,0,0,0,0,0
1770178348859940097,0.154583,1.21312,-1.74201,0.0668237,1.36861,-1.98195,0.0685981,0.931166,-1.89285,0.131551,0.566825,-2.14334,0,0,0,0,0,0,0,0,0,0,0,0,0,0,0,0,0,0,0,0,0,0,0,0
1770178348880021056,0.15419,1.21555,-1.74007,0.0679788,1.36837,-1.98146,0.0708117,0.929324,-1.8946,0.132689,0.565693,-2.14447,0,0,0,0,0,0,0,0,0,0,0,0,0,0,0,0,0,0,0,0,0,0,0,0
1770178348900097856,0.154699,1.21307,-1.74203,0.0669661,1.36838,-1.9819,0.0732139,0.931724,-1.89215,0.131497,0.566878,-2.14328,0,0,0,0,0,0,0,0,0,0,0,0,0,0,0,0,0,0,0,0,0,0,0,0
1770178348920182303,0.154067,1.21561,-1.74004,0.0678887,1.36855,-1.98146,0.0707876,0.929226,-1.89468,0.132739,0.565643,-2.14452,0,0,0,0,0,0,0,0,0,0,0,0,0,0,0,0,0,0,0,0,0,0,0,0
1770178348940258110,0.154841,1.21302,-1.74205,0.0670287,1.36822,-1.98192,0.0678123,0.926537,-1.89737,0.13144,0.566935,-2.14323,0,0,0,0,0,0,0,0,0,0,0,0,0,0,0,0,0,0,0,0,0,0,0,0
1770178348960333566,0.153918,1.21567,-1.74002,0.0678625,1.36869,-1.98143,0.0705534,0.928939,-1.89495,0.132792,0.565591,-2.14457,0,0,0,0,0,0,0,0,0,0,0,0,0,0,0,0,0,0,0,0,0,0,0,0
1770178348980407613,0.155013,1.21298,-1.74207,0.0670347,1.36809,-1.98196,0.0679367,0.92644,-1.89743,0.13138,0.566995,-2.14317,0,0,0,0,0,0,0,0,0,0,0,0,0,0,0,0,0,0,0,0,0,0,0,0
1770178349000490397,0.153745,1.21573,-1.74001,0.0678807,1.36881,-1.98138,0.070527,0.928976,-1.89493,0.132846,0.565537,-2.14462,0,0,0,0,0,0,0,0,0,0,0,0,0,0,0,0,0,0,0,0,0,0,0,0
1770178349020555260,0.155215,1.21294,-1.74208,0.0670018,1.36798,-1.98202,0.0679194,0.926437,-1.89743,0.131318,0.567056,-2.14311,0,0,0,0,0,0,0,0,0,0,0,0,0,0,0,0,0,0,0,0,0,0,0,0
1770178349040622555,0.153549,1.21579,-1.74,0.0679309,1.36892,-1.98133,0.0705394,0.928984,-1.89492,0.132901,0.565482,-2.14468,0,0,0,0,0,0,0,0,0,0,0,0,0,0,0,0,0,0,0,0,0,0,0,0
1770178349060696442,0.155445,1.21289,-1.74208,0.0669402,1.36786,-1.98209,0.067913,0.92643,-1.89744,0.131255,0.567119,-2.14304,0,0,0,0,0,0,0,0,0,0,0,0,0,0,0,0,0,0,0,0,0,0,0,0
1770178349080774970,0.153338,1.21585,-1.74,0.0680059,1.36904,-1.98126,0.0705475,0.928992,-1.89492,0.132957,0.565427,-2.14473,0,0,0,0,0,0,0,0,0,0,0,0,0,0,0,0,0,0,0,0,0,0,0,0
1770178349100851865,0.155692,1.21285,-1.74209,0.0668552,1.36773,-1.98217,0.0679072,0.926424,-1.89744,0.131192,0.567182,-2.14298,0,0,0,0,0,0,0,0,0,0,0,0,0,0,0,0,0,0,0,0,0,0,0,0
1770178349120928056,0.153135,1.21591,-1.74,0.0681012,1.36916,-1.98119,0.0705543,0.928998,-1.89491,0.133012,0.565373,-2.14479,0,0,0,0,0,0,0,0,0,0,0,0,0,0,0,0,0,0,0,0,0,0,0,0
1770178349141006168,0.155929,1.21282,-1.74209,0.066751,1.36759,-1.98227,0.0679025,0.926419,-1.89745,0.131129,0.567245,-2.14292,0,0,0,0,0,0,0,0,0,0,0,0,0,0,0,0,0,0,0,0,0,0,0,0
1770178349161088759,0.158677,1.21515,-1.73994,0.0682101,1.36929,-1.9811,0.0705598,0.929004,-1.8949,0.133065,0.56532,-2.14484,0,0,0,0,0,0,0,0,0,0,0,0,0,0,0,0,0,0,0,0,0,0,0,0
1770178349181163511,0.155654,1.21317,-1.74266,0.0666342,1.36745,-1.98238,0.0678986,0.926416,-1.89745,0.131067,0.567306,-2.14286,0,0,0,0,0,0,0,0,0,0,0,0,0,0,0,0,0,0,0,0,0,0,0,0
1770178349201240534,0.153228,1.21588,-1.73985,0.0683755,1.36476,-1.97958,0.0705643,0.929008,-1.8949,0.133116,0.565269,-2.14489,0,0,0,0,0,0,0,0,0,0,0,0,0,0,0,0,0,0,0,0,0,0,0,0
1770178349221320213,0.155807,1.21281,-1.74214,0.0664809,1.36753,-1.98229,0.0678955,0.926412,-1.89745,0.131008,0.567365,-2.1428,0,0,0,0,0,0,0,0,0,0,0,0,0,0,0,0,0,0,0,0,0,0,0,0
1770178349241401173,0.158668,1.21518,-1.7399,0.068387,1.36931,-1.98107,0.070568,0.929012,-1.8949,0.133164,0.565222,-2.14494,0,0,0,0,0,0,0,0,0,0,0,0,0,0,0,0,0,0,0,0,0,0,0,0
1770178349261480628,0.15566,1.21315,-1.74269,0.0664699,1.36742,-1.98246,0.0678929,0.92641,-1.89746,0.130953,0.567419,-2.14274,0,0,0,0,0,0,0,0,0,0,0,0,0,0,0,0,0,0,0,0,0,0,0,0
1770178349281559220,0.153223,1.21591,-1.73982,0.068501,1.36476,-1.97957,0.070571,0.929015,-1.89489,0.133208,0.565178,-2.14498,0,0,0,0,0,0,0,0,0,0,0,0,0,0,0,0,0,0,0,0,0,0,0,0
1770178349301636403,0.155812,1.21279,-1.74215,0.0663939,1.36755,-1.98234,0.0678909,0.926408,-1.89746,0.130903,0.56747,-2.14269,0,0,0,0,0,0,0,0,0,0,0,0,0,0,0,0,0,0,0,0,0,0,0,0
1770178349321709202,0.158698,1.21519,-1.73988,0.0684617,1.36937,-1.98103,0.0705735,0.929017,-1.89489,0.133247,0.565139,-2.14502,0,0,0,0,0,0,0,0,0,0,0,0,0,0,0,0,0,0,0,0,0,0,0,0
1770178349341783698,0.155625,1.21314,-1.7427,0.0663956,1.36735,-1.98252,0.0678892,0.926406,-1.89746,0.130857,0.567516,-2.14265,0,0,0,0,0,0,0,0,0,0,0,0,0,0,0,0,0,0,0,0,0,0,0,0
1770178349361863185,0.153252,1.21592,-1.73981,0.0683477,1.36378,-1.98459,0.0705754,0.929019,-1.89489,0.133282,0.565104,-2.14506,0,0,0,0,0,0,0,0,0,0,0,0,0,0,0,0,0,0,0,0,0,0,0,0
1770178349381946545,0.155776,1.2128,-1.74216,0.0670066,1.36747,-1.98336,0.0678878,0.926405,-1.89746,0.130816,0.567556,-2.14261,0,0,0,0,0,0,0,0,0,0,0,0,0,0,0,0,0,0,0,0,0,0,0,0
1770178349402023600,0.153133,1.21598,-1.73993,0.0686331,1.36977,-1.98511,0.070577,0.92902,-1.89489,0.133312,0.565074,-2.14509,0,0,0,0,0,0,0,0,0,0,0,0,0,0,0,0,0,0,0,0,0,0,0,0
1770178349422099248,0.15391,1.21781,-1.74102,0.0665944,1.36797,-1.98307,0.0678867,0.926404,-1.89746,0.130781,0.567591,-2.14257,0,0,0,0,0,0,0,0,0,0,0,0,0,0,0,0,0,0,0,0,0,0,0,0
1770178349442170991,0.154499,1.21734,-1.74066,0.0686134,1.36996,-1.98513,0.0705783,0.929021,-1.89489,0.133338,0.565049,-2.14511,0,0,0,0,0,0,0,0,0,0,0,0,0,0,0,0,0,0,0,0,0,0,0,0
1770178349462251310,0.153998,1.21789,-1.74117,0.0665228,1.36788,-1.983,0.0678859,0.926403,-1.89746,0.130752,0.56762,-2.14254,0,0,0,0,0,0,0,0,0,0,0,0,0,0,0,0,0,0,0,0,0,0,0,0
1770178349482329646,0.154527,1.21731,-1.74063,0.0686766,1.37002,-1.9852,0.0705793,0.929022,-1.89489,0.133359,0.565027,-2.14514,0,0,0,0,0,0,0,0,0,0,0,0,0,0,0,0,0,0,0,0,0,0,0,0
1770178349502406093,0.153972,1.21791,-1.7412,0.066452,1.36781,-1.98293,0.0678852,0.926402,-1.89746,0.130727,0.567645,-2.14252,0,0,0,0,0,0,0,0,0,0,0,0,0,0,0,0,0,0,0,0,0,0,0,0
1770178349522481996,0.154555,1.21728,-1.7406,0.068735,1.37007,-1.98525,0.0705802,0.929023,-1.89488,0.133377,0.56501,-2.14515,0,0,0,0,0,0,0,0,0,0,0,0,0,0,0,0,0,0,0,0,0,0,0,0
1770178349542554188,0.153944,1.21794,-1.74123,0.0663872,1.36774,-1.98286,0.0678846,0.926402,-1.89747,0.130707,0.567665,-2.1425,0,0,0,0,0,0,0,0,0,0,0,0,0,0,0,0,0,0,0,0,0,0,0,0
1770178349562632331,0.154586,1.21725,-1.74057,0.0687872,1.37012,-1.9853,0.0705809,0.929024,-1.89488,0.133391,0.564996,-2.14517,0,0,0,0,0,0,0,0,0,0,0,0,0,0,0,0,0,0,0,0,0,0,0,0
1770178349582709098,0.153913,1.21798,-1.74126,0.06633,1.36769,-1.9828,0.0678841,0.926401,-1.89747,0.130691,0.567681,-2.14248,0,0,0,0,0,0,0,0,0,0,0,0,0,0,0,0,0,0,0,0,0,0,0,0
1770178349602783914,0.15462,1.21721,-1.74053,0.0688315,1.37016,-1.98534,0.0705814,0.929024,-1.89488,0.133401,0.564986,-2.14518,0,0,0,0,0,0,0,0,0,0,0,0,0,0,0,0,0,0,0,0,0,0,0,0
1770178349622857609,0.15388,1.21801,-1.74129,0.0662828,1.36764,-1.98275,0.0678837,0.926401,-1.89747,0.130678,0.567694,-2.14247,0,0,0,0,0,0,0,0,0,0,0,0,0,0,0,0,0,0,0,0,0,0,0,0
1770178349642934024,0.154656,1.21717,-1.74049,0.0688657,1.37019,-1.98537,0.0705818,0.929025,-1.89488,0.13341,0.564978,-2.14519,0,0,0,0,0,0,0,0,0,0,0,0,0,0,0,0,0,0,0,0,0,0,0,0
1770178349663014344,0.153844,1.21805,-1.74133,0.0662505,1.36761,-1.98272,0.0678834,0.926401,-1.89747,0.130669,0.567703,-2.14246,0,0,0,0,0,0,0,0,0,0,0,0,0,0,0,0,0,0,0,0,0,0,0,0
1770178349683093447,0.154695,1.21713,-1.74045,0.0688834,1.37018,-1.98535,0.0705822,0.929025,-1.89488,0.133416,0.564971,-2.14519,0,0,0,0,0,0,0,0,0,0,0,0,0,0,0,0,0,0,0,0,0,0,0,0
1770178349703171271,0.153805,1.21809,-1.74137,0.0662548,1.36761,-1.98271,0.0678832,0.9264,-1.89747,0.130662,0.56771,-2.14245,0,0,0,0,0,0,0,0,0,0,0,0,0,0,0,0,0,0,0,0,0,0,0,0
1770178349723251366,0.154738,1.21708,-1.74041,0.0688841,1.37019,-1.98536,0.0705825,0.929025,-1.89488,0.13342,0.564967,-2.1452,0,0,0,0,0,0,0,0,0,0,0,0,0,0,0,0,0,0,0,0,0,0,0,0
1770178349743326182,0.153764,1.21814,-1.74141,0.0662482,1.3676,-1.98271,0.067883,0.9264,-1.89747,0.130656,0.567715,-2.14245,0,0,0,0,0,0,0,0,0,0,0,0,0,0,0,0,0,0,0,0,0,0,0,0
1770178349763405349,0.154783,1.21703,-1.74036,0.068885,1.37017,-1.98535,0.0705827,0.929026,-1.89488,0.133423,0.564964,-2.1452,0,0,0,0,0,0,0,0,0,0,0,0,0,0,0,0,0,0,0,0,0,0,0,0
1770178349783483076,0.153721,1.21818,-1.74146,0.0662607,1.36762,-1.98272,0.0678829,0.9264,-1.89747,0.130653,0.567719,-2.14244,0,0,0,0,0,0,0,0,0,0,0,0,0,0,0,0,0,0,0,0,0,0,0,0
1770178349803560932,0.154832,1.21698,-1.74031,0.0688822,1.37019,-1.98537,0.0705829,0.929026,-1.89488,0.133425,0.564962,-2.1452,0,0,0,0,0,0,0,0,0,0,0,0,0,0,0,0,0,0,0,0,0,0,0,0
1770178349823633155,0.153675,1.21823,-1.7415,0.0662442,1.3676,-1.98271,0.0678827,0.9264,-1.89747,0.13065,0.567721,-2.14244,0,0,0,0,0,0,0,0,0,0,0,0,0,0,0,0,0,0,0,0,0,0,0,0
1770178349843715267,0.154883,1.21692,-1.74026,0.0688833,1.37015,-1.98532,0.070583,0.929026,-1.89488,0.133427,0.56496,-2.1452,0,0,0,0,0,0,0,0,0,0,0,0,0,0,0,0,0,0,0,0,0,0,0,0
1770178349863795650,0.153627,1.21828,-1.74155,0.0662793,1.36763,-1.98273,0.0678826,0.9264,-1.89747,0.130648,0.567723,-2.14244,0,0,0,0,0,0,0,0,0,0,0,0,0,0,0,0,0,0,0,0,0,0,0,0
1770178349883872929,0.154936,1.21687,-1.7402,0.0688727,1.3702,-1.98537,0.0705831,0.929026,-1.89488,0.133428,0.564959,-2.1452,0,0,0,0,0,0,0,0,0,0,0,0,0,0,0,0,0,0,0,0,0,0,0,0
1770178349903948225,0.153577,1.21834,-1.7416,0.0662462,1.3676,-1.98271,0.0678826,0.9264,-1.89747,0.130647,0.567724,-2.14244,0,0,0,0,0,0,0,0,0,0,0,0,0,0,0,0,0,0,0,0,0,0,0,0
1770178349924024256,0.154991,1.21681,-1.74014,0.0688838,1.37016,-1.98534,0.0705832,0.929026,-1.89488,0.133429,0.564958,-2.1452,0,0,0,0,0,0,0,0,0,0,0,0,0,0,0,0,0,0,0,0,0,0,0,0
1770178349944098751,0.153527,1.21839,-1.74165,0.0662677,1.36762,-1.98272,0.0678825,0.9264,-1.89747,0.130646,0.567725,-2.14244,0,0,0,0,0,0,0,0,0,0,0,0,0,0,0,0,0,0,0,0,0,0,0,0
1770178349964177567,0.155048,1.21674,-1.74008,0.0688788,1.3702,-1.98537,0.0705833,0.929026,-1.89488,0.133429,0.564958,-2.14521,0,0,0,0,0,0,0,0,0,0,0,0,0,0,0,0,0,0,0,0,0,0,0,0
1770178349984255614,0.153476,1.21845,-1.7417,0.0662434,1.3676,-1.98271,0.0678824,0.9264,-1.89747,0.130646,0.567726,-2.14244,0,0,0,0,0,0,0,0,0,0,0,0,0,0,0,0,0,0,0,0,0,0,0,0
1770178350004334718,0.155105,1.21668,-1.74002,0.0688824,1.37014,-1.98532,0.0705834,0.929026,-1.89488,0.13343,0.564958,-2.14521,0,0,0,0,0,0,0,0,0,0,0,0,0,0,0,0,0,0,0,0,0,0,0,0
1770178350024415453,0.153425,1.2185,-1.74175,0.0662846,1.36764,-1.98274,0.0678824,0.926399,-1.89747,0.130645,0.567726,-2.14244,0,0,0,0,0,0,0,0,0,0,0,0,0,0,0,0,0,0,0,0,0,0,0,0
1770178350044494013,0.155162,1.21662,-1.73996,0.0688696,1.37019,-1.98537,0.0705834,0.929026,-1.89488,0.13343,0.564957,-2.14521,0,0,0,0,0,0,0,0,0,0,0,0,0,0,0,0,0,0,0,0,0,0,0,0
1770178350064573660,0.153376,1.21855,-1.7418,0.0662485,1.3676,-1.98271,0.0678824,0.926399,-1.89747,0.130645,0.567726,-2.14244,0,0,0,0,0,0,0,0,0,0,0,0,0,0,0,0,0,0,0,0,0,0,0,0
1770178350084654139,0.155217,1.21656,-1.73991,0.068884,1.37017,-1.98535,0.0705835,0.929026,-1.89488,0.13343,0.564957,-2.14521,0,0,0,0,0,0,0,0,0,0,0,0,0,0,0,0,0,0,0,0,0,0,0,0
1770178350104732219,0.153328,1.2186,-1.74185,0.0662596,1.36761,-1.98272,0.0678823,0.926399,-1.89747,0.130645,0.567727,-2.14244,0,0,0,0,0,0,0,0,0,0,0,0,0,0,0,0,0,0,0,0,0,0,0,0
1770178350124804986,0.155271,1.2165,-1.73985,0.0688825,1.37019,-1.98537,0.0705835,0.929026,-1.89488,0.13343,0.564957,-2.14521,0,0,0,0,0,0,0,0,0,0,0,0,0,0,0,0,0,0,0,0,0,0,0,0
1770178350144879233,0.153284,1.21865,-1.74189,0.0662447,1.3676,-1.98271,0.0678823,0.926399,-1.89747,0.130645,0.567727,-2.14244,0,0,0,0,0,0,0,0,0,0,0,0,0,0,0,0,0,0,0,0,0,0,0,0
1770178350164953897,0.155321,1.21644,-1.7398,0.0688837,1.37015,-1.98533,0.0705835,0.929026,-1.89488,0.13343,0.564957,-2.14521,0,0,0,0,0,0,0,0,0,0,0,0,0,0,0,0,0,0,0,0,0,0,0,0
1770178350185031952,0.153242,1.21869,-1.74193,0.0662759,1.36763,-1.98273,0.0678823,0.926399,-1.89747,0.130645,0.567727,-2.14244,0,0,0,0,0,0,0,0,0,0,0,0,0,0,0,0,0,0,0,0,0,0,0,0
1770178350205109048,0.155368,1.21639,-1.73975,0.0688746,1.3702,-1.98537,0.0705835,0.929027,-1.89488,0.13343,0.564957,-2.14521,0,0,0,0,0,0,0,0,0,0,0,0,0,0,0,0,0,0,0,0,0,0,0,0
1770178350225188128,0.153204,1.21873,-1.74197,0.066245,1.3676,-1.98271,0.0678823,0.926399,-1.89747,0.130645,0.567727,-2.14244,0,0,0,0,0,0,0,0,0,0,0,0,0,0,0,0,0,0,0,0,0,0,0,0
1770178350245268615,0.155411,1.21635,-1.7397,0.0688834,1.37016,-1.98533,0.0705835,0.929027,-1.89488,0.13343,0.564957,-2.14521,0,0,0,0,0,0,0,0,0,0,0,0,0,0,0,0,0,0,0,0,0,0,0,0
1770178350265348783,0.15317,1.21877,-1.74201,0.0662736,1.36763,-1.98273,0.0678823,0.926399,-1.89747,0.130645,0.567727,-2.14244,0,0,0,0,0,0,0,0,0,0,0,0,0,0,0,0,0,0,0,0,0,0,0,0
1770178350285425302,0.155449,1.2163,-1.73966,0.0688758,1.3702,-1.98537,0.0705836,0.929027,-1.89488,0.13343,0.564957,-2.14521,0,0,0,0,0,0,0,0,0,0,0,0,0,0,0,0,0,0,0,0,0,0,0,0
1770178350305506302,-0.123779,0.898623,-1.83594,0.0381692,0.798717,-1.98204,-0.049579,0.949018,-1.98841,0.167706,0.508376,-1.94868,0,0,0,0,0,0,0,0,0,0,0,0,0,0,0,0,0,0,0,0,0,0,0,0
1770178350325584838,-0.132971,0.893103,-1.85311,0.039777,0.761911,-1.97255,-0.0453497,0.943242,-1.98008,0.165736,0.510917,-1.95716,0,0,0,0,0,0,0,0,0,0,0,0,0,0,0,0,0,0,0,0,0,0,0,0
1770178350345663373,-0.132683,0.892925,-1.85188,0.0381926,0.764366,-1.97296,-0.0455614,0.943559,-1.97955,0.163978,0.513127,-1.95568,0,0,0,0,0,0,0,0,0,0,0,0,0,0,0,0,0,0,0,0,0,0,0,0
1770178350365740565,-0.133172,0.892379,-1.85227,0.0393452,0.763301,-1.9743,-0.045661,0.943518,-1.9795,0.165867,0.511178,-1.95758,0,0,0,0,0,0,0,0,0,0,0,0,0,0,0,0,0,0,0,0,0,0,0,0
1770178350385816060,-0.132664,0.892865,-1.85176,0.0380838,0.764567,-1.97303,-0.0456694,0.94349,-1.97946,0.163862,0.513209,-1.95559,0,0,0,0,0,0,0,0,0,0,0,0,0,0,0,0,0,0,0,0,0,0,0,0
1770178350405891236,-0.133195,0.89234,-1.85228,0.0394323,0.763225,-1.97439,-0.0456948,0.943504,-1.97947,0.165975,0.511072,-1.95769,0,0,0,0,0,0,0,0,0,0,0,0,0,0,0,0,0,0,0,0,0,0,0,0
1770178350425939467,-0.132634,0.892891,-1.85174,0.038003,0.76465,-1.97295,-0.0456783,0.943484,-1.97945,0.163771,0.513301,-1.9555,0,0,0,0,0,0,0,0,0,0,0,0,0,0,0,0,0,0,0,0,0,0,0,0
1770178350446014898,-0.133223,0.892312,-1.85231,0.0395256,0.763133,-1.97449,-0.0456992,0.943504,-1.97947,0.166079,0.510967,-1.95779,0,0,0,0,0,0,0,0,0,0,0,0,0,0,0,0,0,0,0,0,0,0,0,0
1770178350466092282,-0.132603,0.892922,-1.8517,0.0379157,0.764737,-1.97286,-0.045678,0.943482,-1.97944,0.163689,0.513384,-1.95542,0,0,0,0,0,0,0,0,0,0,0,0,0,0,0,0,0,0,0,0,0,0,0,0
1770178350486163009,-0.133254,0.892281,-1.85234,0.0396251,0.763034,-1.97459,-0.0457009,0.943505,-1.97947,0.166172,0.510872,-1.95788,0,0,0,0,0,0,0,0,0,0,0,0,0,0,0,0,0,0,0,0,0,0,0,0
1770178350506241097,-0.132568,0.892956,-1.85167,0.0378244,0.764828,-1.97277,-0.0456765,0.943481,-1.97944,0.167789,0.512604,-1.95621,0,0,0,0,0,0,0,0,0,0,0,0,0,0,0,0,0,0,0,0,0,0,0,0
1770178350526316528,-0.133288,0.892247,-1.85238,0.0397291,0.76293,-1.97469,-0.0457026,0.943507,-1.97947,0.166497,0.511225,-1.95753,0,0,0,0,0,0,0,0,0,0,0,0,0,0,0,0,0,0,0,0,0,0,0,0
1770178350546394584,-0.132531,0.892993,-1.85163,0.0377317,0.764921,-1.97268,-0.0456748,0.943479,-1.97944,0.167825,0.512681,-1.95606,0,0,0,0,0,0,0,0,0,0,0,0,0,0,0,0,0,0,0,0,0,0,0,0
1770178350566467103,-0.133325,0.892211,-1.85241,0.0398349,0.762825,-1.9748,-0.0457044,0.943509,-1.97947,0.166388,0.511105,-1.95765,0,0,0,0,0,0,0,0,0,0,0,0,0,0,0,0,0,0,0,0,0,0,0,0
1770178350586542023,-0.132489,0.893033,-1.85159,0.0376411,0.765011,-1.97259,-0.0456729,0.943477,-1.97944,0.167927,0.512796,-1.95594,0,0,0,0,0,0,0,0,0,0,0,0,0,0,0,0,0,0,0,0,0,0,0,0
1770178350606622862,-0.133365,0.892171,-1.85245,0.0399381,0.762722,-1.97491,-0.0457065,0.943511,-1.97947,0.166268,0.510975,-1.95778,0,0,0,0,0,0,0,0,0,0,0,0,0,0,0,0,0,0,0,0,0,0,0,0
1770178350626698934,-0.132445,0.893077,-1.85155,0.0375602,0.765091,-1.9725,-0.0456706,0.943475,-1.97944,0.168031,0.512913,-1.95582,0,0,0,0,0,0,0,0,0,0,0,0,0,0,0,0,0,0,0,0,0,0,0,0
1770178350646778525,-0.133408,0.892128,-1.85249,0.0400299,0.76263,-1.975,-0.0457089,0.943513,-1.97947,0.166145,0.510843,-1.95791,0,0,0,0,0,0,0,0,0,0,0,0,0,0,0,0,0,0,0,0,0,0,0,0
1770178350666859013,-0.132396,0.893124,-1.8515,0.0422522,0.760212,-1.97253,-0.0456681,0.943472,-1.97943,0.16318,0.507648,-1.96113,0,0,0,0,0,0,0,0,0,0,0,0,0,0,0,0,0,0,0,0,0,0,0,0
1770178350686938093,-0.133454,0.892083,-1.85254,0.0401718,0.762578,-1.97493,-0.0457116,0.943516,-1.97948,0.165592,0.51041,-1.95834,0,0,0,0,0,0,0,0,0,0,0,0,0,0,0,0,0,0,0,0,0,0,0,0
1770178350707013236,-0.132344,0.893175,-1.85145,0.0423288,0.760125,-1.97248,-0.0456652,0.943469,-1.97943,0.162846,0.507845,-1.96087,0,0,0,0,0,0,0,0,0,0,0,0,0,0,0,0,0,0,0,0,0,0,0,0
1770178350727092316,-0.133503,0.892034,-1.85259,0.040089,0.762658,-1.97501,-0.0457147,0.943519,-1.97948,0.165533,0.510296,-1.95846,0,0,0,0,0,0,0,0,0,0,0,0,0,0,0,0,0,0,0,0,0,0,0,0
1770178350747168803,-0.132289,0.89323,-1.8514,0.0418702,0.76449,-1.97331,-0.0456619,0.943466,-1.97943,0.162902,0.507912,-1.9608,0,0,0,0,0,0,0,0,0,0,0,0,0,0,0,0,0,0,0,0,0,0,0,0
1770178350767245867,-0.133554,0.891983,-1.85264,0.0402378,0.76284,-1.97486,-0.0457182,0.943523,-1.97948,0.165454,0.510221,-1.95853,0,0,0,0,0,0,0,0,0,0,0,0,0,0,0,0,0,0,0,0,0,0,0,0
1770178350787322994,-0.13223,0.893287,-1.85134,0.0418714,0.764581,-1.97312,-0.0456582,0.943462,-1.97942,0.162957,0.507962,-1.96076,0,0,0,0,0,0,0,0,0,0,0,0,0,0,0,0,0,0,0,0,0,0,0,0
1770178350807399578,-0.133608,0.89193,-1.85269,0.0400967,0.762727,-1.97498,-0.0457222,0.943527,-1.97949,0.165391,0.510163,-1.95859,0,0,0,0,0,0,0,0,0,0,0,0,0,0,0,0,0,0,0,0,0,0,0,0
1770178350827471361,-0.132169,0.893347,-1.85128,0.0419701,0.764679,-1.97302,-0.045654,0.943458,-1.97942,0.163003,0.508002,-1.96072,0,0,0,0,0,0,0,0,0,0,0,0,0,0,0,0,0,0,0,0,0,0,0,0
1770178350847549897,-0.133663,0.891875,-1.85275,0.039988,0.762615,-1.9751,-0.0457267,0.943531,-1.97949,0.165339,0.510116,-1.95864,0,0,0,0,0,0,0,0,0,0,0,0,0,0,0,0,0,0,0,0,0,0,0,0
1770178350867622768,-0.132105,0.893409,-1.85122,0.0366819,0.759404,-1.97828,-0.0456491,0.943453,-1.97941,0.16304,0.508035,-1.96068,0,0,0,0,0,0,0,0,0,0,0,0,0,0,0,0,0,0,0,0,0,0,0,0
1770178350887702520,-0.133719,0.891819,-1.8528,0.0396943,0.762338,-1.97537,-0.0457319,0.943537,-1.9795,0.165297,0.510077,-1.95868,0,0,0,0,0,0,0,0,0,0,0,0,0,0,0,0,0,0,0,0,0,0,0,0
1770178350907778559,-0.13204,0.893473,-1.85116,0.0367653,0.759542,-1.97813,-0.0456437,0.943448,-1.97941,0.163072,0.508063,-1.96066,0,0,0,0,0,0,0,0,0,0,0,0,0,0,0,0,0,0,0,0,0,0,0,0
1770178350927854855,-0.133775,0.891763,-1.85286,0.0395412,0.762192,-1.97552,-0.0457378,0.943542,-1.9795,0.165261,0.510044,-1.95871,0,0,0,0,0,0,0,0,0,0,0,0,0,0,0,0,0,0,0,0,0,0,0,0
1770178350947929070,-0.131975,0.893536,-1.8511,0.0368618,0.759629,-1.97805,-0.0456374,0.943441,-1.9794,0.163098,0.508087,-1.96063,0,0,0,0,0,0,0,0,0,0,0,0,0,0,0,0,0,0,0,0,0,0,0,0
1770178350968008854,-0.133831,0.891708,-1.85291,0.0394365,0.762088,-1.97562,-0.0457445,0.943549,-1.97951,0.165231,0.510016,-1.95874,0,0,0,0,0,0,0,0,0,0,0,0,0,0,0,0,0,0,0,0,0,0,0,0
1770178350988087550,-0.13191,0.8936,-1.85103,0.0369325,0.759696,-1.97798,-0.0456304,0.943434,-1.97939,0.163122,0.508108,-1.96061,0,0,0,0,0,0,0,0,0,0,0,0,0,0,0,0,0,0,0,0,0,0,0,0
1770178351008159909,-0.133885,0.891654,-1.85297,0.0393573,0.76201,-1.9757,-0.0457521,0.943557,-1.97952,0.165205,0.509992,-1.95876,0,0,0,0,0,0,0,0,0,0,0,0,0,0,0,0,0,0,0,0,0,0,0,0
1770178351028233164,-0.131847,0.893661,-1.85097,0.0369884,0.759748,-1.97793,-0.0456223,0.943426,-1.97939,0.163142,0.508126,-1.96059,0,0,0,0,0,0,0,0,0,0,0,0,0,0,0,0,0,0,0,0,0,0,0,0
1770178351048309748,-0.133936,0.891603,-1.85302,0.0392949,0.761949,-1.97576,-0.0457607,0.943566,-1.97953,0.165182,0.509971,-1.95878,0,0,0,0,0,0,0,0,0,0,0,0,0,0,0,0,0,0,0,0,0,0,0,0
1770178351068390044,-0.131787,0.89372,-1.85091,0.0370338,0.759791,-1.97789,-0.0456132,0.943417,-1.97938,0.16316,0.508142,-1.96058,0,0,0,0,0,0,0,0,0,0,0,0,0,0,0,0,0,0,0,0,0,0,0,0
1770178351088468387,-0.133984,0.891555,-1.85306,0.0392444,0.761899,-1.97581,-0.0457706,0.943575,-1.97954,0.165163,0.509953,-1.9588,0,0,0,0,0,0,0,0,0,0,0,0,0,0,0,0,0,0,0,0,0,0,0,0
1770178351108542827,-0.13173,0.893775,-1.85086,0.0370715,0.759826,-1.97785,-0.0456028,0.943406,-1.97937,0.163175,0.508156,-1.96057,0,0,0,0,0,0,0,0,0,0,0,0,0,0,0,0,0,0,0,0,0,0,0,0
1770178351128621426,-0.134027,0.891511,-1.85311,0.0392025,0.761858,-1.97585,-0.0457818,0.943587,-1.97955,0.165145,0.509937,-1.95881,0,0,0,0,0,0,0,0,0,0,0,0,0,0,0,0,0,0,0,0,0,0,0,0
1770178351148701402,-0.131679,0.893825,-1.85081,0.0371034,0.759856,-1.97783,-0.0455911,0.943395,-1.97935,0.163189,0.508168,-1.96055,0,0,0,0,0,0,0,0,0,0,0,0,0,0,0,0,0,0,0,0,0,0,0,0
1770178351168779553,-0.134067,0.891471,-1.85315,0.0391671,0.761823,-1.97589,-0.0457945,0.9436,-1.97956,0.165129,0.509923,-1.95883,0,0,0,0,0,0,0,0,0,0,0,0,0,0,0,0,0,0,0,0,0,0,0,0
1770178351188857545,-0.131632,0.89387,-1.85076,0.0371307,0.759882,-1.9778,-0.0455777,0.943381,-1.97934,0.163201,0.508179,-1.96054,0,0,0,0,0,0,0,0,0,0,0,0,0,0,0,0,0,0,0,0,0,0,0,0
1770178351208936081,-0.134101,0.891437,-1.85318,0.0391369,0.761794,-1.97591,-0.0458089,0.943614,-1.97958,0.165116,0.50991,-1.95884,0,0,0,0,0,0,0,0,0,0,0,0,0,0,0,0,0,0,0,0,0,0,0,0
1770178351229014008,-0.131591,0.89391,-1.85072,0.0371543,0.759904,-1.97778,-0.0455626,0.943366,-1.97932,0.163212,0.508189,-1.96053,0,0,0,0,0,0,0,0,0,0,0,0,0,0,0,0,0,0,0,0,0,0,0,0
1770178351249093600,-0.134131,0.891406,-1.85321,0.0391107,0.761768,-1.97594,-0.0458254,0.943631,-1.97959,0.165103,0.509899,-1.95885,0,0,0,0,0,0,0,0,0,0,0,0,0,0,0,0,0,0,0,0,0,0,0,0
1770178351269171367,-0.131556,0.893945,-1.85069,0.0371749,0.759923,-1.97776,-0.0455455,0.943348,-1.97931,0.163222,0.508198,-1.96052,0,0,0,0,0,0,0,0,0,0,0,0,0,0,0,0,0,0,0,0,0,0,0,0
1770178351289243951,-0.134156,0.891381,-1.85324,0.0390879,0.761746,-1.97596,-0.0458441,0.943649,-1.97961,0.165092,0.509888,-1.95886,0,0,0,0,0,0,0,0,0,0,0,0,0,0,0,0,0,0,0,0,0,0,0,0
1770178351309322550,-0.131526,0.893974,-1.85066,0.0371931,0.75994,-1.97774,-0.045526,0.943329,-1.97929,0.163231,0.508206,-1.96052,0,0,0,0,0,0,0,0,0,0,0,0,0,0,0,0,0,0,0,0,0,0,0,0
1770178351329400638,-0.134177,0.89136,-1.85326,0.0390678,0.761726,-1.97598,-0.0458653,0.943671,-1.97963,0.165082,0.509879,-1.95887,0,0,0,0,0,0,0,0,0,0,0,0,0,0,0,0,0,0,0,0,0,0,0,0
1770178351349473253,-0.131501,0.893997,-1.85064,0.0372092,0.759955,-1.97773,-0.0455041,0.943307,-1.97926,0.163239,0.508213,-1.96051,0,0,0,0,0,0,0,0,0,0,0,0,0,0,0,0,0,0,0,0,0,0,0,0
1770178351369549293,-0.134193,0.891343,-1.85328,0.03905,0.761709,-1.976,-0.0458893,0.943695,-1.97966,0.165073,0.509871,-1.95888,0,0,0,0,0,0,0,0,0,0,0,0,0,0,0,0,0,0,0,0,0,0,0,0
1770178351389627892,-0.131482,0.894017,-1.85062,0.0372235,0.759968,-1.97772,-0.0454792,0.943282,-1.97924,0.163247,0.50822,-1.9605,0,0,0,0,0,0,0,0,0,0,0,0,0,0,0,0,0,0,0,0,0,0,0,0
1770178351409707580,-0.134206,0.89133,-1.85329,0.0390342,0.761693,-1.97601,-0.0459166,0.943722,-1.97969,0.165065,0.509863,-1.95889,0,0,0,0,0,0,0,0,0,0,0,0,0,0,0,0,0,0,0,0,0,0,0,0
1770178351429787396,-0.131466,0.894032,-1.8506,0.0372364,0.759981,-1.9777,-0.0454513,0.943253,-1.97921,0.163254,0.508226,-1.9605,0,0,0,0,0,0,0,0,0,0,0,0,0,0,0,0,0,0,0,0,0,0,0,0
1770178351449865611,-0.134216,0.89132,-1.8533,0.0390199,0.761679,-1.97603,-0.0459474,0.943753,-1.97972,0.165057,0.509856,-1.95889,0,0,0,0,0,0,0,0,0,0,0,0,0,0,0,0,0,0,0,0,0,0,0,0
1770178351469938771,-0.131454,0.894043,-1.85059,0.037248,0.759991,-1.97769,-0.0454197,0.943221,-1.97918,0.16326,0.508231,-1.96049,0,0,0,0,0,0,0,0,0,0,0,0,0,0,0,0,0,0,0,0,0,0,0,0
1770178351490015898,-0.134223,0.891313,-1.85331,0.0390072,0.761667,-1.97604,-0.0459823,0.943788,-1.97975,0.16505,0.50985,-1.9589,0,0,0,0,0,0,0,0,0,0,0,0,0,0,0,0,0,0,0,0,0,0,0,0
1770178351510089730,-0.131446,0.894051,-1.85058,0.0372585,0.760001,-1.97768,-0.0453844,0.943186,-1.97914,0.163265,0.508236,-1.96049,0,0,0,0,0,0,0,0,0,0,0,0,0,0,0,0,0,0,0,0,0,0,0,0
1770178351530175273,-0.134228,0.891308,-1.85331,0.0389956,0.761656,-1.97605,-0.0460216,0.943828,-1.97979,0.165044,0.509844,-1.95891,0,0,0,0,0,0,0,0,0,0,0,0,0,0,0,0,0,0,0,0,0,0,0,0
1770178351550262897,-0.13144,0.894057,-1.85058,0.037268,0.76001,-1.97767,-0.0453448,0.943146,-1.9791,0.16327,0.508241,-1.96048,0,0,0,0,0,0,0,0,0,0,0,0,0,0,0,0,0,0,0,0,0,0,0,0
1770178351570340377,-0.134231,0.891304,-1.85331,0.0389852,0.761645,-1.97606,-0.0460658,0.943872,-1.97984,0.165038,0.509839,-1.95891,0,0,0,0,0,0,0,0,0,0,0,0,0,0,0,0,0,0,0,0,0,0,0,0
1770178351590417856,-0.131436,0.894061,-1.85058,0.0372767,0.760018,-1.97767,-0.0453007,0.943101,-1.97905,0.163275,0.508245,-1.96048,0,0,0,0,0,0,0,0,0,0,0,0,0,0,0,0,0,0,0,0,0,0,0,0
1770178351610494088,-0.134233,0.891302,-1.85332,0.0389756,0.761636,-1.97607,-0.0461153,0.943922,-1.97989,0.165033,0.509834,-1.95891,0,0,0,0,0,0,0,0,0,0,0,0,0,0,0,0,0,0,0,0,0,0,0,0
1770178351630576303,-0.131433,0.894064,-1.85057,0.0372845,0.760026,-1.97766,-0.0452518,0.943051,-1.979,0.163279,0.508249,-1.96047,0,0,0,0,0,0,0,0,0,0,0,0,0,0,0,0,0,0,0,0,0,0,0,0
1770178351650664727,-0.134234,0.8913,-1.85332,0.038967,0.761628,-1.97608,-0.0461704,0.943977,-1.97995,0.165028,0.50983,-1.95892,0,0,0,0,0,0,0,0,0,0,0,0,0,0,0,0,0,0,0,0,0,0,0,0
1770178351670743103,-0.131431,0.894065,-1.85057,0.0372918,0.760032,-1.97765,-0.0451979,0.942997,-1.97895,0.163283,0.508252,-1.96047,0,0,0,0,0,0,0,0,0,0,0,0,0,0,0,0,0,0,0,0,0,0,0,0
1770178351690817286,-0.134235,0.891299,-1.85332,0.038959,0.76162,-1.97609,-0.0462315,0.944038,-1.98001,0.165024,0.509826,-1.95892,0,0,0,0,0,0,0,0,0,0,0,0,0,0,0,0,0,0,0,0,0,0,0,0
1770178351710903054,-0.13143,0.894067,-1.85057,0.0372984,0.760039,-1.97765,-0.045139,0.942937,-1.97889,0.163287,0.508255,-1.96047,0,0,0,0,0,0,0,0,0,0,0,0,0,0,0,0,0,0,0,0,0,0,0,0
1770178351731001622,-0.182025,1.14509,-1.67397,0.0726067,0.98815,-2.15029,-0.0686892,1.12868,-1.81518,0.193323,1.23056,-1.97136,0,0,0,0,0,0,0,0,0,0,0,0,0,0,0,0,0,0,0,0,0,0,0,0
1770178351751083646,-0.18258,1.13105,-1.67723,0.0765564,0.998692,-2.15313,-0.0652627,1.12497,-1.82376,0.186576,1.27062,-1.96126,0,0,0,0,0,0,0,0,0,0,0,0,0,0,0,0,0,0,0,0,0,0,0,0
1770178351771166917,-0.183308,1.13188,-1.67875,0.0787324,0.996793,-2.15495,-0.0633012,1.12359,-1.82587,0.18998,1.2743,-1.96167,0,0,0,0,0,0,0,0,0,0,0,0,0,0,0,0,0,0,0,0,0,0,0,0
1770178351791249677,-0.181974,1.13204,-1.67811,0.0767143,0.99878,-2.15289,-0.0650536,1.12525,-1.82404,0.187888,1.27491,-1.95973,0,0,0,0,0,0,0,0,0,0,0,0,0,0,0,0,0,0,0,0,0,0,0,0
1770178351811324500,-0.183637,1.13181,-1.67901,0.0787904,0.996744,-2.155,-0.0634413,1.12353,-1.82586,0.190419,1.27445,-1.96155,0,0,0,0,0,0,0,0,0,0,0,0,0,0,0,0,0,0,0,0,0,0,0,0
1770178351831398332,-0.181554,1.13216,-1.67776,0.0766547,0.998836,-2.15283,-0.0649257,1.12526,-1.824,0.187646,1.27459,-1.95955,0,0,0,0,0,0,0,0,0,0,0,0,0,0,0,0,0,0,0,0,0,0,0,0
1770178351851476803,-0.184156,1.13165,-1.67936,0.0788381,0.996697,-2.15505,-0.0635951,1.12351,-1.82593,0.190779,1.27483,-1.96165,0,0,0,0,0,0,0,0,0,0,0,0,0,0,0,0,0,0,0,0,0,0,0,0
1770178351871555883,-0.180985,1.13235,-1.67721,0.0765989,0.998891,-2.15277,-0.0647584,1.12527,-1.82391,0.191776,1.27468,-1.96121,0,0,0,0,0,0,0,0,0,0,0,0,0,0,0,0,0,0,0,0,0,0,0,0
1770178351891631251,-0.184795,1.13139,-1.67982,0.0788815,0.996654,-2.15509,-0.0638056,1.12348,-1.82604,0.191288,1.27413,-1.96151,0,0,0,0,0,0,0,0,0,0,0,0,0,0,0,0,0,0,0,0,0,0,0,0
1770178351911711194,-0.186273,1.13418,-1.67687,0.0765481,0.99894,-2.15272,-0.0645192,1.1253,-1.82378,0.191876,1.27466,-1.96109,0,0,0,0,0,0,0,0,0,0,0,0,0,0,0,0,0,0,0,0,0,0,0,0
1770178351931788418,-0.186507,1.13601,-1.67827,0.0789202,0.996615,-2.15513,-0.0641062,1.12343,-1.8262,0.191231,1.27406,-1.96155,0,0,0,0,0,0,0,0,0,0,0,0,0,0,0,0,0,0,0,0,0,0,0,0
1770178351951864585,-0.185362,1.13499,-1.67744,0.0765028,0.998984,-2.15268,-0.0641633,1.12533,-1.82357,0.191948,1.27472,-1.96104,0,0,0,0,0,0,0,0,0,0,0,0,0,0,0,0,0,0,0,0,0,0,0,0
1770178351971942321,-0.186448,1.1361,-1.67849,0.0789539,0.996582,-2.15516,-0.0645332,1.12336,-1.82642,0.191152,1.27399,-1.96161,0,0,0,0,0,0,0,0,0,0,0,0,0,0,0,0,0,0,0,0,0,0,0,0
1770178351992013592,-0.185287,1.13496,-1.6774,0.0764633,0.999023,-2.15264,-0.0636443,1.12536,-1.82326,0.192035,1.2748,-1.96098,0,0,0,0,0,0,0,0,0,0,0,0,0,0,0,0,0,0,0,0,0,0,0,0
1770178352012094304,-0.186496,1.13616,-1.67855,0.0789825,0.996553,-2.15519,-0.0650803,1.12327,-1.82666,0.191057,1.2739,-1.96169,0,0,0,0,0,0,0,0,0,0,0,0,0,0,0,0,0,0,0,0,0,0,0,0
1770178352032168263,-0.18523,1.1349,-1.67735,0.0764297,0.999056,-2.1526,-0.0629904,1.12535,-1.82288,0.192139,1.27489,-1.96091,0,0,0,0,0,0,0,0,0,0,0,0,0,0,0,0,0,0,0,0,0,0,0,0
1770178352052241359,-0.186549,1.13621,-1.6786,0.0790062,0.99653,-2.15522,-0.0641387,1.12533,-1.82204,0.190943,1.2738,-1.96178,0,0,0,0,0,0,0,0,0,0,0,0,0,0,0,0,0,0,0,0,0,0,0,0
1770178352072317270,-0.18517,1.13484,-1.67729,0.076402,0.999083,-2.15257,-0.064125,1.12487,-1.82147,0.192262,1.275,-1.96083,0,0,0,0,0,0,0,0,0,0,0,0,0,0,0,0,0,0,0,0,0,0,0,0
1770178352092401406,-0.186604,1.13626,-1.67865,0.0790251,0.996511,-2.15524,-0.0645161,1.12512,-1.82171,0.19081,1.27367,-1.96189,0,0,0,0,0,0,0,0,0,0,0,0,0,0,0,0,0,0,0,0,0,0,0,0
1770178352112482054,-0.185108,1.13478,-1.67723,0.0763798,0.999104,-2.15255,-0.064213,1.12477,-1.82134,0.192403,1.27513,-1.96073,0,0,0,0,0,0,0,0,0,0,0,0,0,0,0,0,0,0,0,0,0,0,0,0
1770178352132560589,-0.186661,1.13632,-1.6787,0.0790398,0.996496,-2.15525,-0.0645726,1.12512,-1.82171,0.19066,1.27353,-1.96201,0,0,0,0,0,0,0,0,0,0,0,0,0,0,0,0,0,0,0,0,0,0,0,0
1770178352152643157,-0.185044,1.13472,-1.67717,0.0763625,0.999121,-2.15253,-0.0641993,1.12474,-1.82131,0.192544,1.27525,-1.96064,0,0,0,0,0,0,0,0,0,0,0,0,0,0,0,0,0,0,0,0,0,0,0,0
1770178352172720572,-0.186718,1.13637,-1.67875,0.0790508,0.996486,-2.15526,-0.0646019,1.12514,-1.82173,0.190513,1.27339,-1.96214,0,0,0,0,0,0,0,0,0,0,0,0,0,0,0,0,0,0,0,0,0,0,0,0
1770178352192798276,-0.18498,1.13465,-1.67711,0.0763497,0.999134,-2.15252,-0.0641732,1.12472,-1.82128,0.18771,1.27009,-1.96613,0,0,0,0,0,0,0,0,0,0,0,0,0,0,0,0,0,0,0,0,0,0,0,0
1770178352212877899,-0.186775,1.13643,-1.67881,0.0790586,0.996478,-2.15527,-0.064632,1.12517,-1.82176,0.190072,1.27297,-1.96255,0,0,0,0,0,0,0,0,0,0,0,0,0,0,0,0,0,0,0,0,0,0,0,0
1770178352232956083,-0.184915,1.13459,-1.67705,0.0763405,0.999142,-2.15251,-0.0641426,1.12469,-1.82125,0.187903,1.27027,-1.96597,0,0,0,0,0,0,0,0,0,0,0,0,0,0,0,0,0,0,0,0,0,0,0,0
1770178352253033019,-0.18683,1.13648,-1.67886,0.079064,0.996473,-2.15528,-0.064666,1.12521,-1.8218,0.189855,1.27277,-1.96275,0,0,0,0,0,0,0,0,0,0,0,0,0,0,0,0,0,0,0,0,0,0,0,0
1770178352273112866,-0.184852,1.13453,-1.67699,0.0763342,0.999149,-2.15251,-0.0641079,1.12465,-1.82121,0.188009,1.27039,-1.96584,0,0,0,0,0,0,0,0,0,0,0,0,0,0,0,0,0,0,0,0,0,0,0,0
1770178352293186890,-0.186884,1.13654,-1.67891,0.0790676,0.996469,-2.15528,-0.0647045,1.12524,-1.82184,0.189718,1.27263,-1.96289,0,0,0,0,0,0,0,0,0,0,0,0,0,0,0,0,0,0,0,0,0,0,0,0
1770178352313271185,-0.184791,1.13446,-1.67693,0.0763301,0.999152,-2.1525,-0.0640688,1.12461,-1.82117,0.188078,1.27048,-1.96574,0,0,0,0,0,0,0,0,0,0,0,0,0,0,0,0,0,0,0,0,0,0,0,0
1770178352333347929,-0.186934,1.13659,-1.67895,0.0790698,0.996467,-2.15528,-0.0647482,1.12529,-1.82188,0.189623,1.27253,-1.96299,0,0,0,0,0,0,0,0,0,0,0,0,0,0,0,0,0,0,0,0,0,0,0,0
1770178352353418912,-0.184734,1.13441,-1.67687,0.0763275,0.999155,-2.1525,-0.0640248,1.12457,-1.82112,0.188128,1.27054,-1.96566,0,0,0,0,0,0,0,0,0,0,0,0,0,0,0,0,0,0,0,0,0,0,0,0
1770178352373495464,-0.186981,1.13663,-1.679,0.0790713,0.996466,-2.15529,-0.0647975,1.12534,-1.82193,0.189553,1.27246,-1.96307,0,0,0,0,0,0,0,0,0,0,0,0,0,0,0,0,0,0,0,0,0,0,0,0
1770178352393572463,-0.18468,1.13435,-1.67682,0.0763258,0.999157,-2.1525,-0.0639757,1.12452,-1.82107,0.188166,1.27059,-1.9656,0,0,0,0,0,0,0,0,0,0,0,0,0,0,0,0,0,0,0,0,0,0,0,0
1770178352413648471,-0.187023,1.13667,-1.67904,0.0790721,0.996465,-2.15529,-0.0648528,1.12539,-1.82199,0.1895,1.27241,-1.96313,0,0,0,0,0,0,0,0,0,0,0,0,0,0,0,0,0,0,0,0,0,0,0,0
1770178352433722654,-0.184632,1.13431,-1.67677,0.0763248,0.999158,-2.1525,-0.063921,1.12447,-1.82101,0.188195,1.27063,-1.96555,0,0,0,0,0,0,0,0,0,0,0,0,0,0,0,0,0,0,0,0,0,0,0,0
1770178352453801798,-0.187061,1.13671,-1.67907,0.0790726,0.996464,-2.15529,-0.0649147,1.12545,-1.82205,0.189457,1.27236,-1.96318,0,0,0,0,0,0,0,0,0,0,0,0,0,0,0,0,0,0,0,0,0,0,0,0
1770178352473880942,-0.184589,1.13426,-1.67673,0.0763242,0.999158,-2.1525,-0.0638608,1.12441,-1.82095,0.188218,1.27067,-1.96551,0,0,0,0,0,0,0,0,0,0,0,0,0,0,0,0,0,0,0,0,0,0,0,0
1770178352493961237,-0.187094,1.13674,-1.6791,0.079073,0.996464,-2.15529,-0.0649833,1.12552,-1.82212,0.189423,1.27233,-1.96322,0,0,0,0,0,0,0,0,0,0,0,0,0,0,0,0,0,0,0,0,0,0,0,0
1770178352514038205,-0.184552,1.13423,-1.6767,0.0763238,0.999159,-2.1525,-0.0637951,1.12434,-1.82088,0.188238,1.27069,-1.96547,0,0,0,0,0,0,0,0,0,0,0,0,0,0,0,0,0,0,0,0,0,0,0,0
1770178352534117124,-0.187122,1.13677,-1.67913,0.0790731,0.996464,-2.15529,-0.0650587,1.12559,-1.8222,0.189395,1.2723,-1.96326,0,0,0,0,0,0,0,0,0,0,0,0,0,0,0,0,0,0,0,0,0,0,0,0
1770178352554192748,-0.18452,1.13419,-1.67667,0.0763236,0.999159,-2.1525,-0.0637242,1.12427,-1.8208,0.188254,1.27072,-1.96544,0,0,0,0,0,0,0,0,0,0,0,0,0,0,0,0,0,0,0,0,0,0,0,0
1770178352574271443,-0.187145,1.13679,-1.67915,0.0790733,0.996464,-2.15529,-0.0651404,1.12567,-1.82228,0.189371,1.27227,-1.96329,0,0,0,0,0,0,0,0,0,0,0,0,0,0,0,0,0,0,0,0,0,0,0,0
1770178352594348763,-0.184494,1.13417,-1.67664,0.0763235,0.999159,-2.1525,-0.0636488,1.12419,-1.82072,0.188267,1.27074,-1.96541,0,0,0,0,0,0,0,0,0,0,0,0,0,0,0,0,0,0,0,0,0,0,0,0
1770178352614427650,-0.187164,1.13681,-1.67916,0.0790733,0.996464,-2.15529,-0.0652278,1.12576,-1.82237,0.189351,1.27225,-1.96331,0,0,0,0,0,0,0,0,0,0,0,0,0,0,0,0,0,0,0,0,0,0,0,0
1770178352634503658,-0.184472,1.13415,-1.67662,0.0763234,0.999159,-2.1525,-0.0635701,1.12412,-1.82064,0.188279,1.27076,-1.96539,0,0,0,0,0,0,0,0,0,0,0,0,0,0,0,0,0,0,0,0,0,0,0,0
1770178352654574993,-0.187179,1.13682,-1.67918,0.0790734,0.996464,-2.15529,-0.0653195,1.12585,-1.82247,0.189334,1.27223,-1.96333,0,0,0,0,0,0,0,0,0,0,0,0,0,0,0,0,0,0,0,0,0,0,0,0
1770178352674655417,-0.184455,1.13413,-1.6766,0.0763234,0.999159,-2.1525,-0.0634898,1.12404,-1.82055,0.188289,1.27077,-1.96537,0,0,0,0,0,0,0,0,0,0,0,0,0,0,0,0,0,0,0,0,0,0,0,0
1770178352694731521,-0.187191,1.13684,-1.67919,0.0790734,0.996464,-2.15529,-0.0654135,1.12594,-1.82256,0.189319,1.27221,-1.96335,0,0,0,0,0,0,0,0,0,0,0,0,0,0,0,0,0,0,0,0,0,0,0,0
1770178352714809832,-0.184442,1.13412,-1.67659,0.0763233,0.999159,-2.1525,-0.0634101,1.12396,-1.82046,0.188298,1.27078,-1.96535,0,0,0,0,0,0,0,0,0,0,0,0,0,0,0,0,0,0,0,0,0,0,0,0
1770178352734882320,-0.187199,1.13684,-1.6792,0.0790734,0.996464,-2.15529,-0.0655073,1.12604,-1.82266,0.189306,1.2722,-1.96337,0,0,0,0,0,0,0,0,0,0,0,0,0,0,0,0,0,0,0,0,0,0,0,0
1770178352754962167,-0.184432,1.13411,-1.67658,0.0763233,0.999159,-2.1525,-0.0633339,1.12388,-1.82038,0.188306,1.2708,-1.96533,0,0,0,0,0,0,0,0,0,0,0,0,0,0,0,0,0,0,0,0,0,0,0,0
1770178352775041599,-0.187206,1.13685,-1.6792,0.0790734,0.996464,-2.15529,-0.0655975,1.12613,-1.82275,0.189295,1.27219,-1.96339,0,0,0,0,0,0,0,0,0,0,0,0,0,0,0,0,0,0,0,0,0,0,0,0
1770178352795113158,-0.184424,1.1341,-1.67657,0.0763233,0.999159,-2.1525,-0.0632653,1.12381,-1.82031,0.188312,1.27081,-1.96532,0,0,0,0,0,0,0,0,0,0,0,0,0,0,0,0,0,0,0,0,0,0,0,0
1770178352815190318,-0.187211,1.13686,-1.67921,0.0790734,0.996464,-2.15529,-0.0656793,1.12621,-1.82283,0.189284,1.27218,-1.9634,0,0,0,0,0,0,0,0,0,0,0,0,0,0,0,0,0,0,0,0,0,0,0,0
1770178352835262037,-0.184419,1.13409,-1.67657,0.0763233,0.999159,-2.1525,-0.0632212,1.12375,-1.82026,0.188318,1.27082,-1.96531,0,0,0,0,0,0,0,0,0,0,0,0,0,0,0,0,0,0,0,0,0,0,0,0
1770178352855340861,-0.187214,1.13686,-1.67921,0.0790734,0.996464,-2.15529,-0.0657365,1.12626,-1.82289,0.189276,1.27216,-1.96341,0,0,0,0,0,0,0,0,0,0,0,0,0,0,0,0,0,0,0,0,0,0,0,0
1770178352875419364,-0.184415,1.13409,-1.67656,0.0763233,0.999159,-2.1525,-0.0631507,1.1229,-1.8266,0.188324,1.27082,-1.9653,0,0,0,0,0,0,0,0,0,0,0,0,0,0,0,0,0,0,0,0,0,0,0,0
1770178352895492076,-0.187216,1.13686,-1.67921,0.0790734,0.996464,-2.15529,-0.0652985,1.12596,-1.82315,0.189268,1.27216,-1.96342,0,0,0,0,0,0,0,0,0,0,0,0,0,0,0,0,0,0,0,0,0,0,0,0
1770178352915566259,-0.184413,1.13409,-1.67656,0.0763233,0.999159,-2.1525,-0.0635325,1.12299,-1.8266,0.188329,1.27083,-1.96529,0,0,0,0,0,0,0,0,0,0,0,0,0,0,0,0,0,0,0,0,0,0,0,0
1770178352935646843,-0.187218,1.13686,-1.67921,0.0790734,0.996464,-2.15529,-0.0648701,1.12583,-1.82315,0.18926,1.27215,-1.96343,0,0,0,0,0,0,0,0,0,0,0,0,0,0,0,0,0,0,0,0,0,0,0,0
1770178352955728322,-0.184411,1.13408,-1.67656,0.0763233,0.999159,-2.1525,-0.0639703,1.12304,-1.82667,0.188333,1.27084,-1.96528,0,0,0,0,0,0,0,0,0,0,0,0,0,0,0,0,0,0,0,0,0,0,0,0
1770178352975808426,-0.187219,1.13686,-1.67921,0.0790734,0.996464,-2.15529,-0.0643527,1.12573,-1.82305,0.189254,1.27214,-1.96344,0,0,0,0,0,0,0,0,0,0,0,0,0,0,0,0,0,0,0,0,0,0,0,0
1770178352995887634,-0.18441,1.13408,-1.67656,0.0763233,0.999159,-2.1525,-0.0645167,1.12305,-1.8268,0.188337,1.27084,-1.96527,0,0,0,0,0,0,0,0,0,0,0,0,0,0,0,0,0,0,0,0,0,0,0,0
1770178353015967673,-0.187219,1.13687,-1.67921,0.0790734,0.996464,-2.15529,-0.0636862,1.12562,-1.82285,0.189248,1.27213,-1.96345,0,0,0,0,0,0,0,0,0,0,0,0,0,0,0,0,0,0,0,0,0,0,0,0
1770178353036054785,-0.184409,1.13408,-1.67656,0.0763233,0.999159,-2.1525,-0.0638509,1.12488,-1.82151,0.18834,1.27085,-1.96526,0,0,0,0,0,0,0,0,0,0,0,0,0,0,0,0,0,0,0,0,0,0,0,0
1770178353056133577,-0.18722,1.13687,-1.67921,0.0790734,0.996464,-2.15529,-0.0645788,1.12527,-1.82188,0.189243,1.27213,-1.96346,0,0,0,0,0,0,0,0,0,0,0,0,0,0,0,0,0,0,0,0,0,0,0,0
1770178353076209904,-0.184408,1.13408,-1.67656,0.0763233,0.999159,-2.1525,-0.0640787,1.12467,-1.82123,0.188344,1.27086,-1.96525,0,0,0,0,0,0,0,0,0,0,0,0,0,0,0,0,0,0,0,0,0,0,0,0
1770178353096288664,-0.18722,1.13687,-1.67921,0.0790734,0.996464,-2.15529,-0.0646987,1.12525,-1.82185,0.189238,1.27212,-1.96347,0,0,0,0,0,0,0,0,0,0,0,0,0,0,0,0,0,0,0,0,0,0,0,0
1770178353116363743,-0.184408,1.13408,-1.67656,0.0763233,0.999159,-2.1525,-0.0640638,1.12461,-1.82117,0.188347,1.27086,-1.96525,0,0,0,0,0,0,0,0,0,0,0,0,0,0,0,0,0,0,0,0,0,0,0,0
1770178353136438535,-0.18722,1.13687,-1.67921,0.0790734,0.996464,-2.15529,-0.0647502,1.12529,-1.82188,0.189234,1.27212,-1.96347,0,0,0,0,0,0,0,0,0,0,0,0,0,0,0,0,0,0,0,0,0,0,0,0
1770178353156523854,-0.184408,1.13408,-1.67656,0.0763233,0.999159,-2.1525,-0.0640218,1.12457,-1.82112,0.188349,1.27086,-1.96524,0,0,0,0,0,0,0,0,0,0,0,0,0,0,0,0,0,0,0,0,0,0,0,0
1770178353176603606,-0.187221,1.13687,-1.67921,0.0790734,0.996464,-2.15529,-0.0648006,1.12534,-1.82194,0.18923,1.27211,-1.96348,0,0,0,0,0,0,0,0,0,0,0,0,0,0,0,0,0,0,0,0,0,0,0,0
1770178353196682110,-0.184408,1.13408,-1.67656,0.0763233,0.999159,-2.1525,-0.0639725,1.12452,-1.82107,0.188352,1.27087,-1.96524,0,0,0,0,0,0,0,0,0,0,0,0,0,0,0,0,0,0,0,0,0,0,0,0
1770178353216756485,-0.187221,1.13687,-1.67921,0.0790734,0.996464,-2.15529,-0.0648564,1.12539,-1.82199,0.189227,1.27211,-1.96348,0,0,0,0,0,0,0,0,0,0,0,0,0,0,0,0,0,0,0,0,0,0,0,0
1770178353236841837,-0.184408,1.13408,-1.67656,0.0763233,0.999159,-2.1525,-0.0639176,1.12446,-1.82101,0.188354,1.27087,-1.96523,0,0,0,0,0,0,0,0,0,0,0,0,0,0,0,0,0,0,0,0,0,0,0,0
1770178353256916948,-0.187221,1.13687,-1.67921,0.0790734,0.996464,-2.15529,-0.0649187,1.12546,-1.82206,0.189224,1.27211,-1.96349,0,0,0,0,0,0,0,0,0,0,0,0,0,0,0,0,0,0,0,0,0,0,0,0
1770178353276996508,-0.184408,1.13408,-1.67656,0.0763233,0.999159,-2.1525,-0.063857,1.1244,-1.82095,0.188356,1.27087,-1.96523,0,0,0,0,0,0,0,0,0,0,0,0,0,0,0,0,0,0,0,0,0,0,0,0
1770178353297074691,-0.187221,1.13687,-1.67921,0.0790734,0.996464,-2.15529,-0.0649877,1.12552,-1.82213,0.189221,1.2721,-1.96349,0,0,0,0,0,0,0,0,0,0,0,0,0,0,0,0,0,0,0,0,0,0,0,0
1770178353317154539,-0.184408,1.13408,-1.67656,0.0763233,0.999159,-2.1525,-0.0637909,1.12434,-1.82087,0.188358,1.27088,-1.96522,0,0,0,0,0,0,0,0,0,0,0,0,0,0,0,0,0,0,0,0,0,0,0,0
1770178353337232019,-0.187221,1.13687,-1.67921,0.0790734,0.996464,-2.15529,-0.0650634,1.1256,-1.82221,0.189218,1.2721,-1.9635,0,0,0,0,0,0,0,0,0,0,0,0,0,0,0,0,0,0,0,0,0,0,0,0
1770178353357316154,-0.184408,1.13408,-1.67656,0.0763233,0.999159,-2.1525,-0.0637197,1.12427,-1.8208,0.188359,1.27088,-1.96522,0,0,0,0,0,0,0,0,0,0,0,0,0,0,0,0,0,0,0,0,0,0,0,0
1770178353377398018,-0.187221,1.13687,-1.67921,0.0790734,0.996464,-2.15529,-0.0651456,1.12568,-1.82229,0.189215,1.2721,-1.9635,0,0,0,0,0,0,0,0,0,0,0,0,0,0,0,0,0,0,0,0,0,0,0,0
1770178353397470889,-0.184407,1.13408,-1.67656,0.0763233,0.999159,-2.1525,-0.0636441,1.12419,-1.82072,0.188361,1.27088,-1.96522,0,0,0,0,0,0,0,0,0,0,0,0,0,0,0,0,0,0,0,0,0,0,0,0
1770178353417542289,-0.187221,1.13687,-1.67921,0.0790734,0.996464,-2.15529,-0.0652333,1.12577,-1.82238,0.189213,1.27209,-1.9635,0,0,0,0,0,0,0,0,0,0,0,0,0,0,0,0,0,0,0,0,0,0,0,0
1770178353437617368,-0.184407,1.13408,-1.67656,0.0763233,0.999159,-2.1525,-0.0635653,1.12411,-1.82063,0.188362,1.27088,-1.96521,0,0,0,0,0,0,0,0,0,0,0,0,0,0,0,0,0,0,0,0,0,0,0,0
1770178353457696704,-0.187221,1.13687,-1.67921,0.0790734,0.996464,-2.15529,-0.0653251,1.12586,-1.82247,0.189211,1.27209,-1.96351,0,0,0,0,0,0,0,0,0,0,0,0,0,0,0,0,0,0,0,0,0,0,0,0
1770178353477771399,-0.184407,1.13408,-1.67656,0.0763233,0.999159,-2.1525,-0.063485,1.12403,-1.82055,0.188364,1.27089,-1.96521,0,0,0,0,0,0,0,0,0,0,0,0,0,0,0,0,0,0,0,0,0,0,0,0
1770178353497848783,-0.187221,1.13687,-1.67921,0.0790734,0.996464,-2.15529,-0.0654192,1.12595,-1.82257,0.189209,1.27209,-1.96351,0,0,0,0,0,0,0,0,0,0,0,0,0,0,0,0,0,0,0,0,0,0,0,0
1770178353517942711,-0.184407,1.13408,-1.67656,0.0763233,0.999159,-2.1525,-0.0634054,1.12395,-1.82046,0.188365,1.27089,-1.96521,0,0,0,0,0,0,0,0,0,0,0,0,0,0,0,0,0,0,0,0,0,0,0,0
1770178353538015262,-0.187221,1.13687,-1.67921,0.0790734,0.996464,-2.15529,-0.0655129,1.12604,-1.82266,0.189207,1.27209,-1.96351,0,0,0,0,0,0,0,0,0,0,0,0,0,0,0,0,0,0,0,0,0,0,0,0
1770178353558091494,-0.184407,1.13408,-1.67656,0.0763233,0.999159,-2.1525,-0.0633294,1.12387,-1.82038,0.188366,1.27089,-1.96521,0,0,0,0,0,0,0,0,0,0,0,0,0,0,0,0,0,0,0,0,0,0,0,0
1770178353578164365,-0.187221,1.13687,-1.67921,0.0790734,0.996464,-2.15529,-0.0656027,1.12613,-1.82275,0.189206,1.27209,-1.96351,0,0,0,0,0,0,0,0,0,0,0,0,0,0,0,0,0,0,0,0,0,0,0,0
1770178353598238133,-0.184407,1.13408,-1.67656,0.0763233,0.999159,-2.1525,-0.0632616,1.1238,-1.8203,0.188367,1.27089,-1.9652,0,0,0,0,0,0,0,0,0,0,0,0,0,0,0,0,0,0,0,0,0,0,0,0
1770178353618314492,-0.187221,1.13687,-1.67921,0.0790734,0.996464,-2.15529,-0.0656838,1.12621,-1.82283,0.189204,1.27208,-1.96352,0,0,0,0,0,0,0,0,0,0,0,0,0,0,0,0,0,0,0,0,0,0,0,0
1770178353638397028,-0.184407,1.13408,-1.67656,0.0763233,0.999159,-2.1525,-0.0632217,1.12375,-1.82026,0.188368,1.27089,-1.9652,0,0,0,0,0,0,0,0,0,0,0,0,0,0,0,0,0,0,0,0,0,0,0,0
1770178353658485100,-0.187221,1.13687,-1.67921,0.0790734,0.996464,-2.15529,-0.0657371,1.12626,-1.82289,0.189203,1.27208,-1.96352,0,0,0,0,0,0,0,0,0,0,0,0,0,0,0,0,0,0,0,0,0,0,0,0
1770178353678571507,-0.184407,1.13408,-1.67656,0.0763233,0.999159,-2.1525,-0.0631521,1.1229,-1.8266,0.188369,1.27089,-1.9652,0,0,0,0,0,0,0,0,0,0,0,0,0,0,0,0,0,0,0,0,0,0,0,0
1770178353698655963,-0.187221,1.13687,-1.67921,0.0790734,0.996464,-2.15529,-0.0652972,1.12596,-1.82315,0.189202,1.27208,-1.96352,0,0,0,0,0,0,0,0,0,0,0,0,0,0,0,0,0,0,0,0,0,0,0,0
1770178353718733379,-0.184407,1.13408,-1.67656,0.0763233,0.999159,-2.1525,-0.0635347,1.12299,-1.8266,0.188369,1.2709,-1.9652,0,0,0,0,0,0,0,0,0,0,0,0,0,0,0,0,0,0,0,0,0,0,0,0
1770178353738818346,-0.187221,1.13687,-1.67921,0.0790734,0.996464,-2.15529,-0.0648678,1.12583,-1.82315,0.189201,1.27208,-1.96352,0,0,0,0,0,0,0,0,0,0,0,0,0,0,0,0,0,0,0,0,0,0,0,0
1770178353758900178,-0.184407,1.13408,-1.67656,0.0763233,0.999159,-2.1525,-0.0639735,1.12304,-1.82667,0.18837,1.2709,-1.9652,0,0,0,0,0,0,0,0,0,0,0,0,0,0,0,0,0,0,0,0,0,0,0,0
1770178353778986682,-0.187221,1.13687,-1.67921,0.0790734,0.996464,-2.15529,-0.064349,1.12573,-1.82305,0.189199,1.27208,-1.96352,0,0,0,0,0,0,0,0,0,0,0,0,0,0,0,0,0,0,0,0,0,0,0,0
1770178353799069953,-0.184407,1.13408,-1.67656,0.0763233,0.999159,-2.1525,-0.0645208,1.12305,-1.8268,0.188371,1.2709,-1.96519,0,0,0,0,0,0,0,0,0,0,0,0,0,0,0,0,0,0,0,0,0,0,0,0
1770178353819150569,-0.308288,0.801244,-2.15478,0.153952,0.512033,-1.94001,0.0273913,0.834246,-1.9145,-0.041819,0.73302,-1.6916,0,0,0,0,0,0,0,0,0,0,0,0,0,0,0,0,0,0,0,0,0,0,0,0
1770178353839230385,-0.313131,0.824454,-2.18197,0.149891,0.532877,-1.95581,0.0298971,0.851044,-1.90827,-0.058703,0.726602,-1.69129,0,0,0,0,0,0,0,0,0,0,0,0,0,0,0,0,0,0,0,0,0,0,0,0
1770178353859318168,-0.312941,0.82272,-2.17908,0.152573,0.531391,-1.95545,0.0290424,0.846914,-1.91074,-0.0584473,0.727662,-1.69155,0,0,0,0,0,0,0,0,0,0,0,0,0,0,0,0,0,0,0,0,0,0,0,0
1770178353879406784,-0.314346,0.824407,-2.18093,0.152038,0.531385,-1.95526,0.0261718,0.843981,-1.91362,-0.0588321,0.726569,-1.6908,0,0,0,0,0,0,0,0,0,0,0,0,0,0,0,0,0,0,0,0,0,0,0,0
1770178353899487400,-0.31269,0.822671,-2.1792,0.152226,0.531438,-1.95522,0.0290413,0.846823,-1.91083,-0.0583236,0.727829,-1.69164,0,0,0,0,0,0,0,0,0,0,0,0,0,0,0,0,0,0,0,0,0,0,0,0
1770178353919567535,-0.314453,0.824474,-2.18096,0.152114,0.531361,-1.95529,0.0262025,0.843995,-1.91361,-0.0589789,0.7264,-1.69071,0,0,0,0,0,0,0,0,0,0,0,0,0,0,0,0,0,0,0,0,0,0,0,0
1770178353939641399,-0.312623,0.822609,-2.17914,0.152211,0.531444,-1.95521,0.0290186,0.8468,-1.91086,-0.0581511,0.72804,-1.69176,0,0,0,0,0,0,0,0,0,0,0,0,0,0,0,0,0,0,0,0,0,0,0,0
1770178353959729535,-0.314525,0.824546,-2.18103,0.152117,0.531359,-1.95529,0.0262167,0.844009,-1.9136,-0.0591801,0.726196,-1.69061,0,0,0,0,0,0,0,0,0,0,0,0,0,0,0,0,0,0,0,0,0,0,0,0
1770178353979801126,-0.312562,0.822547,-2.17908,0.152212,0.531446,-1.95521,0.029002,0.846783,-1.91087,-0.0579281,0.728292,-1.6919,0,0,0,0,0,0,0,0,0,0,0,0,0,0,0,0,0,0,0,0,0,0,0,0
1770178353999880430,-0.314595,0.824616,-2.1811,0.152115,0.531357,-1.95529,0.0262273,0.84402,-1.91359,-0.0594339,0.725981,-1.69051,0,0,0,0,0,0,0,0,0,0,0,0,0,0,0,0,0,0,0,0,0,0,0,0
1770178354019953781,-0.312505,0.822489,-2.17902,0.152213,0.531447,-1.95521,0.0289895,0.846771,-1.91088,-0.057673,0.728548,-1.69203,0,0,0,0,0,0,0,0,0,0,0,0,0,0,0,0,0,0,0,0,0,0,0,0
1770178354040035421,-0.314661,0.824683,-2.18117,0.152114,0.531356,-1.95529,0.0262354,0.844028,-1.91358,-0.0597123,0.725796,-1.69045,0,0,0,0,0,0,0,0,0,0,0,0,0,0,0,0,0,0,0,0,0,0,0,0
1770178354060120485,-0.312451,0.822434,-2.17897,0.152215,0.531449,-1.9552,0.0289799,0.846762,-1.91089,-0.0574331,0.728745,-1.69212,0,0,0,0,0,0,0,0,0,0,0,0,0,0,0,0,0,0,0,0,0,0,0,0
1770178354080201388,-0.314723,0.824746,-2.18123,0.152112,0.531354,-1.9553,0.0262416,0.844034,-1.91357,-0.0599601,0.72568,-1.69043,0,0,0,0,0,0,0,0,0,0,0,0,0,0,0,0,0,0,0,0,0,0,0,0
1770178354100276564,-0.312402,0.822384,-2.17892,0.152217,0.53145,-1.9552,0.0289725,0.846754,-1.9109,-0.058557,0.722334,-1.69288,0,0,0,0,0,0,0,0,0,0,0,0,0,0,0,0,0,0,0,0,0,0,0,0
1770178354120355899,-0.314779,0.824803,-2.18129,0.152111,0.531353,-1.9553,0.0262465,0.844039,-1.91357,-0.0588784,0.724633,-1.69002,0,0,0,0,0,0,0,0,0,0,0,0,0,0,0,0,0,0,0,0,0,0,0,0
1770178354140431235,-0.312359,0.822341,-2.17888,0.152218,0.531452,-1.9552,0.0289668,0.846749,-1.91091,-0.0587652,0.722461,-1.69255,0,0,0,0,0,0,0,0,0,0,0,0,0,0,0,0,0,0,0,0,0,0,0,0
1770178354160514570,-0.314829,0.824854,-2.18134,0.152109,0.531351,-1.9553,0.0262504,0.844043,-1.91356,-0.0586454,0.724496,-1.69021,0,0,0,0,0,0,0,0,0,0,0,0,0,0,0,0,0,0,0,0,0,0,0,0
1770178354180595314,-0.312322,0.822304,-2.17884,0.15222,0.531453,-1.9552,0.0289623,0.846744,-1.91091,-0.0589152,0.722575,-1.6924,0,0,0,0,0,0,0,0,0,0,0,0,0,0,0,0,0,0,0,0,0,0,0,0
1770178354200671546,-0.314872,0.824897,-2.18138,0.152107,0.53135,-1.9553,0.0262534,0.844046,-1.91356,-0.0585007,0.724415,-1.69033,0,0,0,0,0,0,0,0,0,0,0,0,0,0,0,0,0,0,0,0,0,0,0,0
1770178354220749761,-0.312292,0.822274,-2.17881,0.152222,0.531455,-1.9552,0.0289587,0.846741,-1.91091,-0.0590306,0.722651,-1.6923,0,0,0,0,0,0,0,0,0,0,0,0,0,0,0,0,0,0,0,0,0,0,0,0
1770178354240829001,-0.314907,0.824932,-2.18141,0.152105,0.531348,-1.9553,0.0262558,0.844049,-1.91356,-0.0583966,0.72436,-1.69041,0,0,0,0,0,0,0,0,0,0,0,0,0,0,0,0,0,0,0,0,0,0,0,0
1770178354260901456,-0.312268,0.822251,-2.17879,0.152224,0.531457,-1.9552,0.0289559,0.846738,-1.91092,-0.0591228,0.722704,-1.69223,0,0,0,0,0,0,0,0,0,0,0,0,0,0,0,0,0,0,0,0,0,0,0,0
1770178354280976088,-0.314934,0.82496,-2.18144,0.152104,0.531347,-1.9553,0.0262577,0.844051,-1.91355,-0.058318,0.724322,-1.69047,0,0,0,0,0,0,0,0,0,0,0,0,0,0,0,0,0,0,0,0,0,0,0,0
1770178354301054367,-0.312251,0.822235,-2.17877,0.152225,0.531458,-1.95519,0.0289537,0.846736,-1.91092,-0.0591968,0.722741,-1.69218,0,0,0,0,0,0,0,0,0,0,0,0,0,0,0,0,0,0,0,0,0,0,0,0
1770178354321124967,-0.314953,0.824979,-2.18146,0.152102,0.531345,-1.95531,0.0262592,0.844052,-1.91355,-0.058258,0.724294,-1.69051,0,0,0,0,0,0,0,0,0,0,0,0,0,0,0,0,0,0,0,0,0,0,0,0
1770178354341203598,-0.31224,0.822226,-2.17876,0.152227,0.53146,-1.95519,0.0289519,0.846734,-1.91092,-0.0592557,0.722768,-1.69214,0,0,0,0,0,0,0,0,0,0,0,0,0,0,0,0,0,0,0,0,0,0,0,0
1770178354361287670,-0.314965,0.824992,-2.18147,0.1521,0.531343,-1.95531,0.0262604,0.844053,-1.91355,-0.0582123,0.724275,-1.69054,0,0,0,0,0,0,0,0,0,0,0,0,0,0,0,0,0,0,0,0,0,0,0,0
1770178354381361213,-0.312234,0.822221,-2.17876,0.152229,0.531462,-1.95519,0.0289505,0.846732,-1.91092,-0.0593019,0.722788,-1.69211,0,0,0,0,0,0,0,0,0,0,0,0,0,0,0,0,0,0,0,0,0,0,0,0
1770178354401445157,-0.314972,0.824999,-2.18148,0.152098,0.531341,-1.95531,0.0262613,0.844054,-1.91355,-0.0581778,0.72426,-1.69057,0,0,0,0,0,0,0,0,0,0,0,0,0,0,0,0,0,0,0,0,0,0,0,0
1770178354421526317,-0.312231,0.82222,-2.17875,0.152231,0.531464,-1.95519,0.0289494,0.846731,-1.91092,-0.0593374,0.722802,-1.69208,0,0,0,0,0,0,0,0,0,0,0,0,0,0,0,0,0,0,0,0,0,0,0,0
1770178354441602900,-0.314975,0.825002,-2.18148,0.152096,0.531339,-1.95531,0.0262621,0.844055,-1.91355,-0.058152,0.72425,-1.69058,0,0,0,0,0,0,0,0,0,0,0,0,0,0,0,0,0,0,0,0,0,0,0,0
1770178354461674780,-0.31223,0.822219,-2.17875,0.152234,0.531466,-1.95519,0.0289485,0.846731,-1.91092,-0.0593643,0.722813,-1.69207,0,0,0,0,0,0,0,0,0,0,0,0,0,0,0,0,0,0,0,0,0,0,0,0
1770178354481755331,-0.314976,0.825003,-2.18148,0.152093,0.531337,-1.95531,0.0262627,0.844056,-1.91355,-0.058133,0.724242,-1.69059,0,0,0,0,0,0,0,0,0,0,0,0,0,0,0,0,0,0,0,0,0,0,0,0
1770178354501832363,-0.31223,0.822219,-2.17875,0.152236,0.531468,-1.95518,0.0289478,0.84673,-1.91093,-0.0593844,0.722821,-1.69206,0,0,0,0,0,0,0,0,0,0,0,0,0,0,0,0,0,0,0,0,0,0,0,0
1770178354521910258,-0.314976,0.825003,-2.18148,0.152091,0.531335,-1.95532,0.0262631,0.844056,-1.91355,-0.0581192,0.724236,-1.6906,0,0,0,0,0,0,0,0,0,0,0,0,0,0,0,0,0,0,0,0,0,0,0,0
1770178354541991162,-0.31223,0.822219,-2.17875,0.152238,0.53147,-1.95518,0.0289472,0.846729,-1.91093,-0.0593991,0.722826,-1.69205,0,0,0,0,0,0,0,0,0,0,0,0,0,0,0,0,0,0,0,0,0,0,0,0
1770178354562066849,-0.314976,0.825003,-2.18148,0.152089,0.531333,-1.95532,0.0262635,0.844057,-1.91355,-0.0581092,0.724232,-1.69061,0,0,0,0,0,0,0,0,0,0,0,0,0,0,0,0,0,0,0,0,0,0,0,0
1770178354582146217,-0.31223,0.822219,-2.17875,0.15224,0.531472,-1.95518,0.0289467,0.846729,-1.91093,-0.0594098,0.722831,-1.69204,0,0,0,0,0,0,0,0,0,0,0,0,0,0,0,0,0,0,0,0,0,0,0,0
1770178354602225265,-0.314976,0.825003,-2.18148,0.152087,0.531331,-1.95532,0.0262638,0.844057,-1.91355,-0.0581021,0.724229,-1.69061,0,0,0,0,0,0,0,0,0,0,0,0,0,0,0,0,0,0,0,0,0,0,0,0
1770178354622302808,-0.31223,0.822219,-2.17875,0.152243,0.531474,-1.95518,0.0289464,0.846728,-1.91093,-0.0594175,0.722834,-1.69204,0,0,0,0,0,0,0,0,0,0,0,0,0,0,0,0,0,0,0,0,0,0,0,0
1770178354642378688,-0.314976,0.825003,-2.18148,0.152084,0.531329,-1.95532,0.0262641,0.844057,-1.91355,-0.0580971,0.724226,-1.69062,0,0,0,0,0,0,0,0,0,0,0,0,0,0,0,0,0,0,0,0,0,0,0,0
1770178354662456391,-0.31223,0.822219,-2.17875,0.152245,0.531476,-1.95518,0.0289461,0.846728,-1.91093,-0.059423,0.722837,-1.69203,0,0,0,0,0,0,0,0,0,0,0,0,0,0,0,0,0,0,0,0,0,0,0,0
1770178354682535855,-0.314976,0.825003,-2.18148,0.152082,0.531327,-1.95532,0.0262643,0.844057,-1.91355,-0.0580936,0.724224,-1.69062,0,0,0,0,0,0,0,0,0,0,0,0,0,0,0,0,0,0,0,0,0,0,0,0
1770178354702610902,-0.31223,0.822219,-2.17875,0.152248,0.531479,-1.95517,0.0289459,0.846728,-1.91093,-0.0594268,0.722838,-1.69203,0,0,0,0,0,0,0,0,0,0,0,0,0,0,0,0,0,0,0,0,0,0,0,0
1770178354722685118,-0.314976,0.825003,-2.18148,0.152079,0.531324,-1.95533,0.0262644,0.844058,-1.91355,-0.0580913,0.724223,-1.69062,0,0,0,0,0,0,0,0,0,0,0,0,0,0,0,0,0,0,0,0,0,0,0,0
1770178354742757061,-0.31223,0.822219,-2.17875,0.152251,0.531481,-1.95517,0.0289457,0.846728,-1.91093,-0.0594295,0.72284,-1.69203,0,0,0,0,0,0,0,0,0,0,0,0,0,0,0,0,0,0,0,0,0,0,0,0
1770178354762832685,-0.314976,0.825003,-2.18148,0.152077,0.531322,-1.95533,0.0262646,0.844058,-1.91355,-0.0580897,0.724222,-1.69062,0,0,0,0,0,0,0,0,0,0,0,0,0,0,0,0,0,0,0,0,0,0,0,0
1770178354782911604,-0.31223,0.822219,-2.17875,0.152253,0.531484,-1.95517,0.0289455,0.846728,-1.91093,-0.0594313,0.722841,-1.69203,0,0,0,0,0,0,0,0,0,0,0,0,0,0,0,0,0,0,0,0,0,0,0,0
1770178354802991676,-0.314976,0.825003,-2.18148,0.152074,0.531319,-1.95533,0.0262647,0.844058,-1.91355,-0.0580887,0.724221,-1.69063,0,0,0,0,0,0,0,0,0,0,0,0,0,0,0,0,0,0,0,0,0,0,0,0
1770178354823063203,-0.31223,0.822219,-2.17875,0.152256,0.531486,-1.95517,0.0289454,0.846727,-1.91093,-0.0594325,0.722842,-1.69202,0,0,0,0,0,0,0,0,0,0,0,0,0,0,0,0,0,0,0,0,0,0,0,0
1770178354843134411,-0.314976,0.825003,-2.18148,0.152071,0.531317,-1.95533,0.0262647,0.844058,-1.91355,-0.0580881,0.72422,-1.69063,0,0,0,0,0,0,0,0,0,0,0,0,0,0,0,0,0,0,0,0,0,0,0,0
1770178354863213330,-0.31223,0.822219,-2.17875,0.152259,0.531489,-1.95516,0.0289453,0.846727,-1.91093,-0.0594333,0.722843,-1.69202,0,0,0,0,0,0,0,0,0,0,0,0,0,0,0,0,0,0,0,0,0,0,0,0
1770178354883301434,-0.314976,0.825003,-2.18148,0.152068,0.531314,-1.95534,0.0262648,0.844058,-1.91355,-0.0580878,0.724219,-1.69063,0,0,0,0,0,0,0,0,0,0,0,0,0,0,0,0,0,0,0,0,0,0,0,0
1770178354903377826,-0.31223,0.822219,-2.17875,0.152262,0.531492,-1.95516,0.0289452,0.846727,-1.91093,-0.0594337,0.722844,-1.69202,0,0,0,0,0,0,0,0,0,0,0,0,0,0,0,0,0,0,0,0,0,0,0,0
1770178354923455721,-0.314976,0.825003,-2.18148,0.152065,0.531311,-1.95534,0.0262649,0.844058,-1.91355,-0.0580876,0.724218,-1.69063,0,0,0,0,0,0,0,0,0,0,0,0,0,0,0,0,0,0,0,0,0,0,0,0
1770178354943534033,-0.31223,0.822219,-2.17875,0.152265,0.531495,-1.95516,0.0289452,0.846727,-1.91093,-0.0594339,0.722844,-1.69202,0,0,0,0,0,0,0,0,0,0,0,0,0,0,0,0,0,0,0,0,0,0,0,0
1770178354963617112,-0.314976,0.825003,-2.18148,0.152062,0.531308,-1.95534,0.0262649,0.844058,-1.91355,-0.0580877,0.724218,-1.69063,0,0,0,0,0,0,0,0,0,0,0,0,0,0,0,0,0,0,0,0,0,0,0,0
1770178354983695968,-0.31223,0.822219,-2.17875,0.152268,0.531498,-1.95516,0.0289451,0.846727,-1.91093,-0.059434,0.722845,-1.69202,0,0,0,0,0,0,0,0,0,0,0,0,0,0,0,0,0,0,0,0,0,0,0,0
1770178355003775880,-0.314976,0.825003,-2.18148,0.152059,0.531306,-1.95534,0.0262649,0.844058,-1.91355,-0.0580878,0.724217,-1.69063,0,0,0,0,0,0,0,0,0,0,0,0,0,0,0,0,0,0,0,0,0,0,0,0
1770178355023855503,-0.31223,0.822219,-2.17875,0.152271,0.531501,-1.95515,0.0289451,0.846727,-1.91093,-0.059434,0.722845,-1.69202,0,0,0,0,0,0,0,0,0,0,0,0,0,0,0,0,0,0,0,0,0,0,0,0
1770178355043932439,-0.314976,0.825003,-2.18148,0.152056,0.531303,-1.95535,0.026265,0.844058,-1.91355,-0.0580879,0.724217,-1.69063,0,0,0,0,0,0,0,0,0,0,0,0,0,0,0,0,0,0,0,0,0,0,0,0
1770178355064005502,-0.31223,0.822219,-2.17875,0.152275,0.531504,-1.95515,0.0289451,0.846727,-1.91093,-0.0594339,0.722845,-1.69202,0,0,0,0,0,0,0,0,0,0,0,0,0,0,0,0,0,0,0,0,0,0,0,0
1770178355084081382,-0.314976,0.825003,-2.18148,0.152052,0.531299,-1.95535,0.026265,0.844058,-1.91355,-0.0580881,0.724216,-1.69063,0,0,0,0,0,0,0,0,0,0,0,0,0,0,0,0,0,0,0,0,0,0,0,0
1770178355104160941,-0.31223,0.822219,-2.17875,0.152278,0.531507,-1.95515,0.028945,0.846727,-1.91093,-0.0594338,0.722846,-1.69202,0,0,0,0,0,0,0,0,0,0,0,0,0,0,0,0,0,0,0,0,0,0,0,0
1770178355124234805,-0.314976,0.825003,-2.18148,0.152049,0.531296,-1.95535,0.026265,0.844058,-1.91355,-0.0580884,0.724216,-1.69063,0,0,0,0,0,0,0,0,0,0,0,0,0,0,0,0,0,0,0,0,0,0,0,0
1770178355144312252,-0.31223,0.822219,-2.17875,0.152282,0.53151,-1.95514,0.028945,0.846727,-1.91093,-0.0594336,0.722846,-1.69202,0,0,0,0,0,0,0,0,0,0,0,0,0,0,0,0,0,0,0,0,0,0,0,0
1770178355164391204,-0.314976,0.825003,-2.18148,0.152045,0.531293,-1.95536,0.026265,0.844058,-1.91355,-0.0580886,0.724216,-1.69063,0,0,0,0,0,0,0,0,0,0,0,0,0,0,0,0,0,0,0,0,0,0,0,0
1770178355184470060,-0.31223,0.822219,-2.17875,0.152286,0.531514,-1.95514,0.028945,0.846727,-1.91093,-0.0594334,0.722846,-1.69202,0,0,0,0,0,0,0,0,0,0,0,0,0,0,0,0,0,0,0,0,0,0,0,0
1770178355204548051,-0.314976,0.825003,-2.18148,0.152042,0.53129,-1.95536,0.026265,0.844058,-1.91355,-0.0580889,0.724215,-1.69063,0,0,0,0,0,0,0,0,0,0,0,0,0,0,0,0,0,0,0,0,0,0,0,0
1770178355224626267,-0.31223,0.822219,-2.17875,0.152289,0.531517,-1.95514,0.028945,0.846727,-1.91093,-0.0594332,0.722847,-1.69202,0,0,0,0,0,0,0,0,0,0,0,0,0,0,0,0,0,0,0,0,0,0,0,0
1770178355244702082,-0.314976,0.825003,-2.18148,0.152038,0.531286,-1.95536,0.026265,0.844058,-1.91355,-0.0580891,0.724215,-1.69063,0,0,0,0,0,0,0,0,0,0,0,0,0,0,0,0,0,0,0,0,0,0,0,0
1770178355264781322,-0.31223,0.822219,-2.17875,0.152293,0.531521,-1.95513,0.028945,0.846727,-1.91093,-0.059433,0.722847,-1.69202,0,0,0,0,0,0,0,0,0,0,0,0,0,0,0,0,0,0,0,0,0,0,0,0
1770178355284866898,-0.314976,0.825003,-2.18148,0.152034,0.531283,-1.95537,0.026265,0.844058,-1.91355,-0.0580894,0.724215,-1.69063,0,0,0,0,0,0,0,0,0,0,0,0,0,0,0,0,0,0,0,0,0,0,0,0
1770178355304947993,-0.31223,0.822219,-2.17875,0.152297,0.531524,-1.95513,0.028945,0.846727,-1.91093,-0.0594328,0.722847,-1.69202,0,0,0,0,0,0,0,0,0,0,0,0,0,0,0,0,0,0,0,0,0,0,0,0
1770178355325026785,-0.314976,0.825003,-2.18148,0.15203,0.531279,-1.95537,0.026265,0.844058,-1.91355,-0.0580896,0.724215,-1.69063,0,0,0,0,0,0,0,0,0,0,0,0,0,0,0,0,0,0,0,0,0,0,0,0
1770178355345099720,-0.31223,0.822219,-2.17875,0.152301,0.531528,-1.95513,0.028945,0.846727,-1.91093,-0.0594326,0.722847,-1.69202,0,0,0,0,0,0,0,0,0,0,0,0,0,0,0,0,0,0,0,0,0,0,0,0
1770178355365178960,-0.314976,0.825003,-2.18148,0.152026,0.531275,-1.95537,0.026265,0.844058,-1.91355,-0.0580898,0.724214,-1.69063,0,0,0,0,0,0,0,0,0,0,0,0,0,0,0,0,0,0,0,0,0,0,0,0
1770178355385258295,-0.31223,0.822219,-2.17875,0.152306,0.531532,-1.95512,0.028945,0.846727,-1.91093,-0.0594325,0.722848,-1.69202,0,0,0,0,0,0,0,0,0,0,0,0,0,0,0,0,0,0,0,0,0,0,0,0
1770178355405337631,-0.314976,0.825003,-2.18148,0.152022,0.531271,-1.95538,0.0262651,0.844058,-1.91355,-0.05809,0.724214,-1.69063,0,0,0,0,0,0,0,0,0,0,0,0,0,0,0,0,0,0,0,0,0,0,0,0
1770178355425415303,-0.31223,0.822219,-2.17875,0.15231,0.531536,-1.95512,0.028945,0.846727,-1.91093,-0.0594323,0.722848,-1.69202,0,0,0,0,0,0,0,0,0,0,0,0,0,0,0,0,0,0,0,0,0,0,0,0
1770178355445487854,-0.314976,0.825003,-2.18148,0.152017,0.531267,-1.95538,0.0262651,0.844058,-1.91355,-0.0580902,0.724214,-1.69063,0,0,0,0,0,0,0,0,0,0,0,0,0,0,0,0,0,0,0,0,0,0,0,0
1770178355465565845,-0.31223,0.822219,-2.17875,0.152315,0.53154,-1.95511,0.028945,0.846727,-1.91093,-0.0594321,0.722848,-1.69202,0,0,0,0,0,0,0,0,0,0,0,0,0,0,0,0,0,0,0,0,0,0,0,0
1770178355485642845,-0.314976,0.825003,-2.18148,0.152013,0.531263,-1.95539,0.0262651,0.844058,-1.91355,-0.0580904,0.724214,-1.69063,0,0,0,0,0,0,0,0,0,0,0,0,0,0,0,0,0,0,0,0,0,0,0,0
1770178355505719589,-0.31223,0.822219,-2.17875,0.152319,0.531544,-1.95511,0.028945,0.846727,-1.91093,-0.0594319,0.722848,-1.69202,0,0,0,0,0,0,0,0,0,0,0,0,0,0,0,0,0,0,0,0,0,0,0,0
1770178355525797804,-0.314976,0.825003,-2.18148,0.152008,0.531259,-1.95539,0.0262651,0.844058,-1.91355,-0.0580906,0.724213,-1.69063,0,0,0,0,0,0,0,0,0,0,0,0,0,0,0,0,0,0,0,0,0,0,0,0
1770178355545882292,-0.31223,0.822219,-2.17875,0.152324,0.531549,-1.95511,0.028945,0.846727,-1.91093,-0.0594318,0.722848,-1.69202,0,0,0,0,0,0,0,0,0,0,0,0,0,0,0,0,0,0,0,0,0,0,0,0
1770178355565960987,-0.314976,0.825003,-2.18148,0.152004,0.531255,-1.95539,0.0262651,0.844058,-1.91355,-0.0580908,0.724213,-1.69063,0,0,0,0,0,0,0,0,0,0,0,0,0,0,0,0,0,0,0,0,0,0,0,0
1770178355586036739,-0.31223,0.822219,-2.17875,0.152329,0.531553,-1.9551,0.028945,0.846727,-1.91093,-0.0594316,0.722849,-1.69202,0,0,0,0,0,0,0,0,0,0,0,0,0,0,0,0,0,0,0,0,0,0,0,0
1770178355606122571,-0.314976,0.825003,-2.18148,0.151999,0.53125,-1.9554,0.0262651,0.844058,-1.91355,-0.058091,0.724213,-1.69063,0,0,0,0,0,0,0,0,0,0,0,0,0,0,0,0,0,0,0,0,0,0,0,0
1770178355626201522,-0.31223,0.822219,-2.17875,0.152334,0.531558,-1.9551,0.028945,0.846727,-1.91093,-0.0594315,0.722849,-1.69202,0,0,0,0,0,0,0,0,0,0,0,0,0,0,0,0,0,0,0,0,0,0,0,0
1770178355646283258,-0.314976,0.825003,-2.18148,0.151994,0.531246,-1.9554,0.0262651,0.844058,-1.91355,-0.0580912,0.724213,-1.69063,0,0,0,0,0,0,0,0,0,0,0,0,0,0,0,0,0,0,0,0,0,0,0,0
1770178355666359681,-0.31223,0.822219,-2.17875,0.152339,0.531563,-1.95509,0.028945,0.846727,-1.91093,-0.0594313,0.722849,-1.69202,0,0,0,0,0,0,0,0,0,0,0,0,0,0,0,0,0,0,0,0,0,0,0,0
1770178355686435049,-0.314976,0.825003,-2.18148,0.151989,0.531241,-1.95541,0.0262651,0.844058,-1.91355,-0.0580913,0.724213,-1.69063,0,0,0,0,0,0,0,0,0,0,0,0,0,0,0,0,0,0,0,0,0,0,0,0
1770178355706512944,-0.31223,0.822219,-2.17875,0.152344,0.531568,-1.95509,0.0289449,0.846727,-1.91093,-0.0594312,0.722849,-1.69202,0,0,0,0,0,0,0,0,0,0,0,0,0,0,0,0,0,0,0,0,0,0,0,0
1770178355726590712,-0.314976,0.825003,-2.18148,0.151983,0.531236,-1.95541,0.0262651,0.844058,-1.91355,-0.0580915,0.724213,-1.69064,0,0,0,0,0,0,0,0,0,0,0,0,0,0,0,0,0,0,0,0,0,0,0,0
1770178355746670336,-0.31223,0.822219,-2.17875,0.15235,0.531573,-1.95508,0.0289449,0.846727,-1.91093,-0.0594311,0.722849,-1.69202,0,0,0,0,0,0,0,0,0,0,0,0,0,0,0,0,0,0,0,0,0,0,0,0
1770178355766747815,-0.314976,0.825003,-2.18148,0.151978,0.531232,-1.95542,0.0262651,0.844058,-1.91355,-0.0580916,0.724212,-1.69064,0,0,0,0,0,0,0,0,0,0,0,0,0,0,0,0,0,0,0,0,0,0,0,0
1770178355786824655,-0.31223,0.822219,-2.17875,0.152356,0.531578,-1.95508,0.0289449,0.846727,-1.91093,-0.059431,0.722849,-1.69202,0,0,0,0,0,0,0,0,0,0,0,0,0,0,0,0,0,0,0,0,0,0,0,0
1770178355806906838,-0.314976,0.825003,-2.18148,0.151972,0.531227,-1.95542,0.0262651,0.844058,-1.91355,-0.0580917,0.724212,-1.69064,0,0,0,0,0,0,0,0,0,0,0,0,0,0,0,0,0,0,0,0,0,0,0,0
1770178355826986014,-0.31223,0.822219,-2.17875,0.152361,0.531583,-1.95507,0.0289449,0.846727,-1.91093,-0.0594309,0.722849,-1.69202,0,0,0,0,0,0,0,0,0,0,0,0,0,0,0,0,0,0,0,0,0,0,0,0
1770178355847067142,-0.314976,0.825003,-2.18148,0.151967,0.531221,-1.95543,0.0262651,0.844058,-1.91355,-0.0580918,0.724212,-1.69064,0,0,0,0,0,0,0,0,0,0,0,0,0,0,0,0,0,0,0,0,0,0,0,0
1770178355867147885,-0.31223,0.822219,-2.17875,0.152367,0.531588,-1.95507,0.0289449,0.846727,-1.91093,-0.0594308,0.722849,-1.69202,0,0,0,0,0,0,0,0,0,0,0,0,0,0,0,0,0,0,0,0,0,0,0,0
1770178355887226261,-0.314976,0.825003,-2.18148,0.151961,0.531216,-1.95543,0.0262651,0.844058,-1.91355,-0.058092,0.724212,-1.69064,0,0,0,0,0,0,0,0,0,0,0,0,0,0,0,0,0,0,0,0,0,0,0,0
1770178355907299292,-0.31223,0.822219,-2.17875,0.152373,0.531594,-1.95506,0.0289449,0.846727,-1.91093,-0.0594307,0.722849,-1.69202,0,0,0,0,0,0,0,0,0,0,0,0,0,0,0,0,0,0,0,0,0,0,0,0
1770178355927373284,-0.314976,0.825003,-2.18148,0.151955,0.531211,-1.95544,0.0262651,0.844058,-1.91355,-0.0580921,0.724212,-1.69064,0,0,0,0,0,0,0,0,0,0,0,0,0,0,0,0,0,0,0,0,0,0,0,0
1770178355947449387,-0.31223,0.822219,-2.17875,0.15238,0.5316,-1.95505,0.0289449,0.846727,-1.91093,-0.0594306,0.72285,-1.69202,0,0,0,0,0,0,0,0,0,0,0,0,0,0,0,0,0,0,0,0,0,0,0,0
1770178355967521299,-0.314976,0.825003,-2.18148,0.151949,0.531205,-1.95544,0.0262651,0.844058,-1.91355,-0.0580922,0.724212,-1.69064,0,0,0,0,0,0,0,0,0,0,0,0,0,0,0,0,0,0,0,0,0,0,0,0
1770178355987598970,-0.31223,0.822219,-2.17875,0.152386,0.531606,-1.95505,0.0289449,0.846727,-1.91093,-0.0594305,0.72285,-1.69202,0,0,0,0,0,0,0,0,0,0,0,0,0,0,0,0,0,0,0,0,0,0,0,0
1770178356007677922,-0.314976,0.825003,-2.18148,0.151943,0.531199,-1.95545,0.0262651,0.844058,-1.91355,-0.0580923,0.724212,-1.69064,0,0,0,0,0,0,0,0,0,0,0,0,0,0,0,0,0,0,0,0,0,0,0,0
1770178356027744201,-0.31223,0.822219,-2.17875,0.152393,0.531612,-1.95504,0.0289449,0.846727,-1.91093,-0.0594304,0.72285,-1.69202,0,0,0,0,0,0,0,0,0,0,0,0,0,0,0,0,0,0,0,0,0,0,0,0
1770178356047824625,-0.314976,0.825003,-2.18148,0.151936,0.531193,-1.95545,0.0262651,0.844058,-1.91355,-0.0580924,0.724212,-1.69064,0,0,0,0,0,0,0,0,0,0,0,0,0,0,0,0,0,0,0,0,0,0,0,0
1770178356067910168,-0.31223,0.822219,-2.17875,0.152399,0.531618,-1.95504,0.0289449,0.846727,-1.91093,-0.0594303,0.72285,-1.69202,0,0,0,0,0,0,0,0,0,0,0,0,0,0,0,0,0,0,0,0,0,0,0,0
1770178356087990240,0.0188379,1.17918,-2.19207,0.281053,1.03316,-1.94909,-0.055335,1.02696,-1.61789,0.0181536,0.713467,-1.71631,0,0,0,0,0,0,0,0,0,0,0,0,0,0,0,0,0,0,0,0,0,0,0,0
1770178356108067592,0.0127431,1.16565,-2.18862,0.276889,1.03043,-1.94954,-0.055665,1.02579,-1.62884,0.0224518,0.716489,-1.71988,0,0,0,0,0,0,0,0,0,0,0,0,0,0,0,0,0,0,0,0,0,0,0,0
1770178356128143855,0.0147927,1.1683,-2.18885,0.279406,1.03225,-1.95178,-0.0542118,1.02544,-1.62811,0.0243888,0.718224,-1.72159,0,0,0,0,0,0,0,0,0,0,0,0,0,0,0,0,0,0,0,0,0,0,0,0
1770178356148222327,0.0124267,1.16703,-2.18743,0.277017,1.03008,-1.94944,-0.0556555,1.02533,-1.62843,0.0225171,0.716317,-1.71966,0,0,0,0,0,0,0,0,0,0,0,0,0,0,0,0,0,0,0,0,0,0,0,0
1770178356168307646,0.0147553,1.16859,-2.18868,0.279402,1.03244,-1.95178,-0.0543253,1.02552,-1.62798,0.0244855,0.718247,-1.72159,0,0,0,0,0,0,0,0,0,0,0,0,0,0,0,0,0,0,0,0,0,0,0,0
1770178356188387270,0.0123187,1.16708,-2.18735,0.276959,1.03002,-1.94938,-0.0555953,1.02523,-1.62848,0.0224665,0.716245,-1.71958,0,0,0,0,0,0,0,0,0,0,0,0,0,0,0,0,0,0,0,0,0,0,0,0
1770178356208466158,0.0148416,1.16864,-2.18869,0.279447,1.03249,-1.95182,-0.0543756,1.02562,-1.62791,0.0245424,0.718295,-1.72164,0,0,0,0,0,0,0,0,0,0,0,0,0,0,0,0,0,0,0,0,0,0,0,0
1770178356228544085,0.0173227,1.16707,-2.1871,0.276906,1.02997,-1.94933,-0.0555694,1.02515,-1.62854,0.0224074,0.716183,-1.71951,0,0,0,0,0,0,0,0,0,0,0,0,0,0,0,0,0,0,0,0,0,0,0,0
1770178356248622173,0.0152562,1.16879,-2.18902,0.279486,1.03253,-1.95186,-0.0543911,1.02569,-1.62785,0.0245923,0.718343,-1.72169,0,0,0,0,0,0,0,0,0,0,0,0,0,0,0,0,0,0,0,0,0,0,0,0
1770178356268704868,0.0173443,1.16691,-2.18708,0.276862,1.02993,-1.94929,-0.0555693,1.02508,-1.6286,0.0223512,0.716127,-1.71946,0,0,0,0,0,0,0,0,0,0,0,0,0,0,0,0,0,0,0,0,0,0,0,0
1770178356288783276,0.0152256,1.16888,-2.18912,0.279516,1.03256,-1.95189,-0.0543818,1.02577,-1.62779,0.0246376,0.718387,-1.72173,0,0,0,0,0,0,0,0,0,0,0,0,0,0,0,0,0,0,0,0,0,0,0,0
1770178356308860883,0.0174028,1.16684,-2.18702,0.276828,1.02989,-1.94925,-0.0555881,1.02501,-1.62865,0.0222997,0.716075,-1.7194,0,0,0,0,0,0,0,0,0,0,0,0,0,0,0,0,0,0,0,0,0,0,0,0
1770178356328937531,0.0151562,1.16895,-2.18919,0.279538,1.03258,-1.95191,-0.054354,1.02583,-1.62774,0.0246782,0.718427,-1.72177,0,0,0,0,0,0,0,0,0,0,0,0,0,0,0,0,0,0,0,0,0,0,0,0
1770178356349016835,0.0174616,1.16678,-2.18697,0.276804,1.02987,-1.94923,-0.0556211,1.02495,-1.62871,0.0222534,0.716029,-1.71936,0,0,0,0,0,0,0,0,0,0,0,0,0,0,0,0,0,0,0,0,0,0,0,0
1770178356369095402,0.0150869,1.16902,-2.18926,0.279549,1.03258,-1.95191,-0.0543121,1.0259,-1.62768,0.0247139,0.718461,-1.72181,0,0,0,0,0,0,0,0,0,0,0,0,0,0,0,0,0,0,0,0,0,0,0,0
1770178356389173650,0.0175149,1.16673,-2.18691,0.276793,1.02986,-1.94922,-0.055665,1.0249,-1.62877,0.0222129,0.715988,-1.71932,0,0,0,0,0,0,0,0,0,0,0,0,0,0,0,0,0,0,0,0,0,0,0,0
1770178356409253337,0.0150242,1.16908,-2.18932,0.279552,1.03258,-1.95192,-0.0542592,1.02596,-1.62761,0.0247444,0.718491,-1.72184,0,0,0,0,0,0,0,0,0,0,0,0,0,0,0,0,0,0,0,0,0,0,0,0
1770178356429332289,0.0175606,1.16669,-2.18687,0.27679,1.02986,-1.94922,-0.0557171,1.02484,-1.62882,0.0221782,0.715953,-1.71928,0,0,0,0,0,0,0,0,0,0,0,0,0,0,0,0,0,0,0,0,0,0,0,0
1770178356449412105,0.0149703,1.16913,-2.18937,0.279553,1.03258,-1.95192,-0.0541976,1.02602,-1.62755,0.02477,0.718516,-1.72186,0,0,0,0,0,0,0,0,0,0,0,0,0,0,0,0,0,0,0,0,0,0,0,0
1770178356469493616,0.0175965,1.16665,-2.18683,0.27679,1.02986,-1.94922,-0.0557754,1.02478,-1.62888,0.0221492,0.715924,-1.71925,0,0,0,0,0,0,0,0,0,0,0,0,0,0,0,0,0,0,0,0,0,0,0,0
1770178356489572664,0.0149278,1.16917,-2.18941,0.279553,1.03258,-1.95192,-0.0541294,1.02609,-1.62748,0.0247908,0.718536,-1.72188,0,0,0,0,0,0,0,0,0,0,0,0,0,0,0,0,0,0,0,0,0,0,0,0
1770178356509651775,0.0176191,1.16663,-2.1868,0.27679,1.02986,-1.94922,-0.055838,1.02472,-1.62895,0.0221256,0.715901,-1.71923,0,0,0,0,0,0,0,0,0,0,0,0,0,0,0,0,0,0,0,0,0,0,0,0
1770178356529729703,0.0149007,1.16919,-2.18944,0.279553,1.03258,-1.95192,-0.0540563,1.02616,-1.62741,0.0248072,0.718552,-1.7219,0,0,0,0,0,0,0,0,0,0,0,0,0,0,0,0,0,0,0,0,0,0,0,0
1770178356549808782,0.0176237,1.16663,-2.1868,0.27679,1.02986,-1.94922,-0.0559033,1.02466,-1.62901,0.0221069,0.715882,-1.71921,0,0,0,0,0,0,0,0,0,0,0,0,0,0,0,0,0,0,0,0,0,0,0,0
1770178356569886358,0.0148945,1.1692,-2.18944,0.279553,1.03258,-1.95192,-0.0539803,1.02623,-1.62734,0.0248198,0.718564,-1.72191,0,0,0,0,0,0,0,0,0,0,0,0,0,0,0,0,0,0,0,0,0,0,0,0
1770178356589957981,0.0176214,1.16663,-2.1868,0.27679,1.02986,-1.94922,-0.0559694,1.0246,-1.62907,0.0220928,0.715868,-1.7192,0,0,0,0,0,0,0,0,0,0,0,0,0,0,0,0,0,0,0,0,0,0,0,0
1770178356610038181,0.0148967,1.1692,-2.18944,0.279553,1.03258,-1.95192,-0.0539032,1.0263,-1.62727,0.024829,0.718573,-1.72192,0,0,0,0,0,0,0,0,0,0,0,0,0,0,0,0,0,0,0,0,0,0,0,0
1770178356630112013,0.0176226,1.16663,-2.1868,0.27679,1.02986,-1.94922,-0.0560347,1.02454,-1.62913,0.0220824,0.715857,-1.71918,0,0,0,0,0,0,0,0,0,0,0,0,0,0,0,0,0,0,0,0,0,0,0,0
1770178356650185332,0.0148955,1.1692,-2.18944,0.279553,1.03258,-1.95192,-0.053827,1.02636,-1.6272,0.0248354,0.718579,-1.72192,0,0,0,0,0,0,0,0,0,0,0,0,0,0,0,0,0,0,0,0,0,0,0,0
1770178356670255579,0.017622,1.16663,-2.1868,0.27679,1.02986,-1.94922,-0.0560975,1.02448,-1.62919,0.0220753,0.71585,-1.71918,0,0,0,0,0,0,0,0,0,0,0,0,0,0,0,0,0,0,0,0,0,0,0,0
1770178356690331459,0.0148961,1.1692,-2.18944,0.279553,1.03258,-1.95192,-0.0537536,1.02643,-1.62713,0.0248397,0.718583,-1.72193,0,0,0,0,0,0,0,0,0,0,0,0,0,0,0,0,0,0,0,0,0,0,0,0
1770178356710405450,0.0176223,1.16663,-2.1868,0.27679,1.02986,-1.94922,-0.056156,1.02443,-1.62925,0.0220705,0.715845,-1.71917,0,0,0,0,0,0,0,0,0,0,0,0,0,0,0,0,0,0,0,0,0,0,0,0
1770178356730484594,0.0148958,1.1692,-2.18944,0.279553,1.03258,-1.95192,-0.0536851,1.02649,-1.62707,0.0248425,0.718585,-1.72193,0,0,0,0,0,0,0,0,0,0,0,0,0,0,0,0,0,0,0,0,0,0,0,0
1770178356750563034,0.0176222,1.16663,-2.1868,0.27679,1.02986,-1.94922,-0.0562077,1.02438,-1.6293,0.0220674,0.715842,-1.71917,0,0,0,0,0,0,0,0,0,0,0,0,0,0,0,0,0,0,0,0,0,0,0,0
1770178356770637249,0.014896,1.1692,-2.18944,0.279553,1.03258,-1.95192,-0.0536244,1.02655,-1.62701,0.0248442,0.718587,-1.72193,0,0,0,0,0,0,0,0,0,0,0,0,0,0,0,0,0,0,0,0,0,0,0,0
1770178356790708840,0.0176222,1.16663,-2.1868,0.27679,1.02986,-1.94922,-0.0562443,1.02433,-1.62935,0.0220656,0.71584,-1.71917,0,0,0,0,0,0,0,0,0,0,0,0,0,0,0,0,0,0,0,0,0,0,0,0
1770178356810789360,0.0148959,1.1692,-2.18944,0.279553,1.03258,-1.95192,-0.0535807,1.0266,-1.62696,0.0248452,0.718588,-1.72193,0,0,0,0,0,0,0,0,0,0,0,0,0,0,0,0,0,0,0,0,0,0,0,0
1770178356830862808,0.0176222,1.16663,-2.1868,0.27679,1.02986,-1.94922,-0.050933,1.02371,-1.63005,0.0220645,0.715839,-1.71917,0,0,0,0,0,0,0,0,0,0,0,0,0,0,0,0,0,0,0,0,0,0,0,0
1770178356850939967,0.0148959,1.1692,-2.18944,0.279553,1.03258,-1.95192,-0.0530497,1.02655,-1.62707,0.0248458,0.718588,-1.72193,0,0,0,0,0,0,0,0,0,0,0,0,0,0,0,0,0,0,0,0,0,0,0,0
1770178356871015559,0.0176222,1.16663,-2.1868,0.27679,1.02986,-1.94922,-0.051186,1.02376,-1.63006,0.0220638,0.715838,-1.71917,0,0,0,0,0,0,0,0,0,0,0,0,0,0,0,0,0,0,0,0,0,0,0,0
1770178356891088558,0.0148959,1.1692,-2.18944,0.279553,1.03258,-1.95192,-0.0527424,1.02649,-1.62706,0.0248462,0.718589,-1.72193,0,0,0,0,0,0,0,0,0,0,0,0,0,0,0,0,0,0,0,0,0,0,0,0
1770178356911162902,0.0176222,1.16663,-2.1868,0.27679,1.02986,-1.94922,-0.0515207,1.02377,-1.63012,0.0220635,0.715838,-1.71917,0,0,0,0,0,0,0,0,0,0,0,0,0,0,0,0,0,0,0,0,0,0,0,0
1770178356931238141,0.0148959,1.1692,-2.18944,0.279553,1.03258,-1.95192,-0.052324,1.02648,-1.62696,0.0248464,0.718589,-1.72193,0,0,0,0,0,0,0,0,0,0,0,0,0,0,0,0,0,0,0,0,0,0,0,0
1770178356951310948,0.0176222,1.16663,-2.1868,0.27679,1.02986,-1.94922,-0.0520158,1.02374,-1.63026,0.0220632,0.715838,-1.71917,0,0,0,0,0,0,0,0,0,0,0,0,0,0,0,0,0,0,0,0,0,0,0,0
1770178356971382828,0.0148959,1.1692,-2.18944,0.279553,1.03258,-1.95192,-0.0516902,1.0265,-1.62675,0.0248465,0.718589,-1.72193,0,0,0,0,0,0,0,0,0,0,0,0,0,0,0,0,0,0,0,0,0,0,0,0
1770178356991453587,0.0176222,1.16663,-2.1868,0.27679,1.02986,-1.94922,-0.0517165,1.02572,-1.62544,0.0220631,0.715838,-1.71917,0,0,0,0,0,0,0,0,0,0,0,0,0,0,0,0,0,0,0,0,0,0,0,0
1770178357011529819,0.0148959,1.1692,-2.18944,0.279553,1.03258,-1.95192,-0.0523574,1.02607,-1.62579,0.0248466,0.718589,-1.72193,0,0,0,0,0,0,0,0,0,0,0,0,0,0,0,0,0,0,0,0,0,0,0,0
1770178357031606274,0.0176222,1.16663,-2.1868,0.27679,1.02986,-1.94922,-0.0518804,1.0255,-1.62519,0.022063,0.715838,-1.71917,0,0,0,0,0,0,0,0,0,0,0,0,0,0,0,0,0,0,0,0,0,0,0,0
1770178357051679658,0.0148959,1.1692,-2.18944,0.279553,1.03258,-1.95192,-0.052456,1.02605,-1.62575,0.0248466,0.718589,-1.72193,0,0,0,0,0,0,0,0,0,0,0,0,0,0,0,0,0,0,0,0,0,0,0,0
1770178357071755473,0.0176222,1.16663,-2.1868,0.27679,1.02986,-1.94922,-0.0518608,1.02545,-1.62513,0.022063,0.715838,-1.71917,0,0,0,0,0,0,0,0,0,0,0,0,0,0,0,0,0,0,0,0,0,0,0,0
1770178357091835769,0.0148959,1.1692,-2.18944,0.279553,1.03258,-1.95192,-0.0525043,1.02609,-1.62579,0.0248466,0.718589,-1.72193,0,0,0,0,0,0,0,0,0,0,0,0,0,0,0,0,0,0,0,0,0,0,0,0
1770178357111909184,0.0176222,1.16663,-2.1868,0.27679,1.02986,-1.94922,-0.0518193,1.0254,-1.62508,0.022063,0.715838,-1.71916,0,0,0,0,0,0,0,0,0,0,0,0,0,0,0,0,0,0,0,0,0,0,0,0
1770178357131983336,0.0148959,1.1692,-2.18944,0.279553,1.03258,-1.95192,-0.0525532,1.02614,-1.62584,0.0248466,0.718589,-1.72193,0,0,0,0,0,0,0,0,0,0,0,0,0,0,0,0,0,0,0,0,0,0,0,0
1770178357152053647,0.0176222,1.16663,-2.1868,0.27679,1.02986,-1.94922,-0.0517707,1.02535,-1.62503,0.022063,0.715838,-1.71916,0,0,0,0,0,0,0,0,0,0,0,0,0,0,0,0,0,0,0,0,0,0,0,0
1770178357172131415,0.0148959,1.1692,-2.18944,0.279553,1.03258,-1.95192,-0.052608,1.02619,-1.6259,0.0248466,0.718589,-1.72193,0,0,0,0,0,0,0,0,0,0,0,0,0,0,0,0,0,0,0,0,0,0,0,0
1770178357192209822,0.0176222,1.16663,-2.1868,0.27679,1.02986,-1.94922,-0.0517162,1.0253,-1.62498,0.022063,0.715838,-1.71916,0,0,0,0,0,0,0,0,0,0,0,0,0,0,0,0,0,0,0,0,0,0,0,0
1770178357212286790,0.0148959,1.1692,-2.18944,0.279553,1.03258,-1.95192,-0.0526695,1.02625,-1.62596,0.0248466,0.718589,-1.72193,0,0,0,0,0,0,0,0,0,0,0,0,0,0,0,0,0,0,0,0,0,0,0,0
1770178357232361229,0.0176222,1.16663,-2.1868,0.27679,1.02986,-1.94922,-0.0516557,1.02523,-1.62491,0.022063,0.715838,-1.71916,0,0,0,0,0,0,0,0,0,0,0,0,0,0,0,0,0,0,0,0,0,0,0,0
1770178357252437205,0.0148959,1.1692,-2.18944,0.279553,1.03258,-1.95192,-0.0527382,1.02632,-1.62603,0.0248466,0.718589,-1.72193,0,0,0,0,0,0,0,0,0,0,0,0,0,0,0,0,0,0,0,0,0,0,0,0
1770178357272514013,0.0176222,1.16663,-2.1868,0.27679,1.02986,-1.94922,-0.051589,1.02517,-1.62484,0.0220629,0.715838,-1.71916,0,0,0,0,0,0,0,0,0,0,0,0,0,0,0,0,0,0,0,0,0,0,0,0
1770178357292588388,0.0148959,1.1692,-2.18944,0.279553,1.03258,-1.95192,-0.0528143,1.0264,-1.62611,0.0248466,0.718589,-1.72193,0,0,0,0,0,0,0,0,0,0,0,0,0,0,0,0,0,0,0,0,0,0,0,0
1770178357312669644,0.0176222,1.16663,-2.1868,0.27679,1.02986,-1.94922,-0.0515164,1.02509,-1.62477,0.0220629,0.715838,-1.71916,0,0,0,0,0,0,0,0,0,0,0,0,0,0,0,0,0,0,0,0,0,0,0,0
1770178357332743635,0.0148959,1.1692,-2.18944,0.279553,1.03258,-1.95192,-0.0528975,1.02648,-1.62619,0.0248467,0.718589,-1.72193,0,0,0,0,0,0,0,0,0,0,0,0,0,0,0,0,0,0,0,0,0,0,0,0
1770178357352826875,0.0176222,1.16663,-2.1868,0.27679,1.02986,-1.94922,-0.0514385,1.02501,-1.62469,0.0220629,0.715838,-1.71916,0,0,0,0,0,0,0,0,0,0,0,0,0,0,0,0,0,0,0,0,0,0,0,0
1770178357372907234,0.0148959,1.1692,-2.18944,0.279553,1.03258,-1.95192,-0.0529873,1.02657,-1.62628,0.0248467,0.718589,-1.72193,0,0,0,0,0,0,0,0,0,0,0,0,0,0,0,0,0,0,0,0,0,0,0,0
1770178357392985642,0.0176222,1.16663,-2.1868,0.27679,1.02986,-1.94922,-0.0513564,1.02493,-1.6246,0.0220629,0.715838,-1.71916,0,0,0,0,0,0,0,0,0,0,0,0,0,0,0,0,0,0,0,0,0,0,0,0
1770178357413065042,0.0148959,1.1692,-2.18944,0.279553,1.03258,-1.95192,-0.0530824,1.02666,-1.62638,0.0248467,0.718589,-1.72193,0,0,0,0,0,0,0,0,0,0,0,0,0,0,0,0,0,0,0,0,0,0,0,0
1770178357433143097,0.0176222,1.16663,-2.1868,0.27679,1.02986,-1.94922,-0.0512718,1.02484,-1.62451,0.0220629,0.715838,-1.71916,0,0,0,0,0,0,0,0,0,0,0,0,0,0,0,0,0,0,0,0,0,0,0,0
1770178357453225537,0.0148959,1.1692,-2.18944,0.279553,1.03258,-1.95192,-0.0531809,1.02676,-1.62648,0.0248467,0.718589,-1.72193,0,0,0,0,0,0,0,0,0,0,0,0,0,0,0,0,0,0,0,0,0,0,0,0
1770178357473305192,0.0176222,1.16663,-2.1868,0.27679,1.02986,-1.94922,-0.0511869,1.02476,-1.62442,0.0220629,0.715838,-1.71916,0,0,0,0,0,0,0,0,0,0,0,0,0,0,0,0,0,0,0,0,0,0,0,0
1770178357493384496,0.0148959,1.1692,-2.18944,0.279553,1.03258,-1.95192,-0.0532801,1.02686,-1.62658,0.0248467,0.718589,-1.72193,0,0,0,0,0,0,0,0,0,0,0,0,0,0,0,0,0,0,0,0,0,0,0,0
1770178357513464216,0.0176222,1.16663,-2.1868,0.27679,1.02986,-1.94922,-0.051105,1.02467,-1.62433,0.0220629,0.715838,-1.71916,0,0,0,0,0,0,0,0,0,0,0,0,0,0,0,0,0,0,0,0,0,0,0,0
1770178357533537183,0.0148959,1.1692,-2.18944,0.279553,1.03258,-1.95192,-0.0533762,1.02696,-1.62668,0.0248467,0.718589,-1.72193,0,0,0,0,0,0,0,0,0,0,0,0,0,0,0,0,0,0,0,0,0,0,0,0
1770178357553614727,0.0176222,1.16663,-2.1868,0.27679,1.02986,-1.94922,-0.051032,1.02459,-1.62426,0.0220629,0.715838,-1.71916,0,0,0,0,0,0,0,0,0,0,0,0,0,0,0,0,0,0,0,0,0,0,0,0
1770178357573692334,0.0148959,1.1692,-2.18944,0.279553,1.03258,-1.95192,-0.0534628,1.02704,-1.62676,0.0248467,0.718589,-1.72193,0,0,0,0,0,0,0,0,0,0,0,0,0,0,0,0,0,0,0,0,0,0,0,0
1770178357593770518,0.0176222,1.16663,-2.1868,0.27679,1.02986,-1.94922,-0.0510276,1.02455,-1.62426,0.0220629,0.715838,-1.71916,0,0,0,0,0,0,0,0,0,0,0,0,0,0,0,0,0,0,0,0,0,0,0,0
1770178357613849725,0.0148959,1.1692,-2.18944,0.279553,1.03258,-1.95192,-0.0534834,1.02705,-1.62678,0.0248467,0.718589,-1.72193,0,0,0,0,0,0,0,0,0,0,0,0,0,0,0,0,0,0,0,0,0,0,0,0
1770178357633936933,0.0176222,1.16663,-2.1868,0.27679,1.02986,-1.94922,-0.0506309,1.0238,-1.62994,0.0220629,0.715838,-1.71916,0,0,0,0,0,0,0,0,0,0,0,0,0,0,0,0,0,0,0,0,0,0,0,0
1770178357654018381,0.0148959,1.1692,-2.18944,0.279553,1.03258,-1.95192,-0.0533883,1.02647,-1.62726,0.0248467,0.718589,-1.72193,0,0,0,0,0,0,0,0,0,0,0,0,0,0,0,0,0,0,0,0,0,0,0,0
1770178357674094132,0.0176222,1.16663,-2.1868,0.27679,1.02986,-1.94922,-0.0507758,1.02385,-1.62985,0.0220629,0.715838,-1.71916,0,0,0,0,0,0,0,0,0,0,0,0,0,0,0,0,0,0,0,0,0,0,0,0
1770178357694165980,0.0148959,1.1692,-2.18944,0.279553,1.03258,-1.95192,-0.0532347,1.02638,-1.62733,0.0248467,0.718589,-1.72193,0,0,0,0,0,0,0,0,0,0,0,0,0,0,0,0,0,0,0,0,0,0,0,0
1770178357714238851,0.0176222,1.16663,-2.1868,0.27679,1.02986,-1.94922,-0.0509045,1.0239,-1.62982,0.0220629,0.715838,-1.71916,0,0,0,0,0,0,0,0,0,0,0,0,0,0,0,0,0,0,0,0,0,0,0,0
1770178357734317675,0.0148959,1.1692,-2.18944,0.279553,1.03258,-1.95192,-0.0530877,1.02632,-1.62736,0.0248467,0.718589,-1.72193,0,0,0,0,0,0,0,0,0,0,0,0,0,0,0,0,0,0,0,0,0,0,0,0
1770178357754392274,0.0176222,1.16663,-2.1868,0.27679,1.02986,-1.94922,-0.0510455,1.02393,-1.62982,0.0220629,0.715838,-1.71916,0,0,0,0,0,0,0,0,0,0,0,0,0,0,0,0,0,0,0,0,0,0,0,0
1770178357774468250,0.0148959,1.1692,-2.18944,0.279553,1.03258,-1.95192,-0.052922,1.02629,-1.62736,0.0248467,0.718589,-1.72193,0,0,0,0,0,0,0,0,0,0,0,0,0,0,0,0,0,0,0,0,0,0,0,0
1770178357794547393,0.0176222,1.16663,-2.1868,0.27679,1.02986,-1.94922,-0.0512234,1.02394,-1.62985,0.0220629,0.715838,-1.71916,0,0,0,0,0,0,0,0,0,0,0,0,0,0,0,0,0,0,0,0,0,0,0,0
1770178357814627145,0.0148959,1.1692,-2.18944,0.279553,1.03258,-1.95192,-0.0527066,1.02628,-1.62731,0.0248467,0.718589,-1.72193,0,0,0,0,0,0,0,0,0,0,0,0,0,0,0,0,0,0,0,0,0,0,0,0
1770178357834701808,0.0176222,1.16663,-2.1868,0.27679,1.02986,-1.94922,-0.0514749,1.02392,-1.62993,0.0220629,0.715838,-1.71916,0,0,0,0,0,0,0,0,0,0,0,0,0,0,0,0,0,0,0,0,0,0,0,0
1770178357854779384,0.0148959,1.1692,-2.18944,0.279553,1.03258,-1.95192,-0.0523925,1.0263,-1.6272,0.0248467,0.718589,-1.72193,0,0,0,0,0,0,0,0,0,0,0,0,0,0,0,0,0,0,0,0,0,0,0,0
1770178357874858943,0.0176222,1.16663,-2.1868,0.27679,1.02986,-1.94922,-0.051861,1.02388,-1.63006,0.0220629,0.715838,-1.71916,0,0,0,0,0,0,0,0,0,0,0,0,0,0,0,0,0,0,0,0,0,0,0,0
1770178357894937831,0.0148959,1.1692,-2.18944,0.279553,1.03258,-1.95192,-0.0518983,1.02635,-1.627,0.0248467,0.718589,-1.72193,0,0,0,0,0,0,0,0,0,0,0,0,0,0,0,0,0,0,0,0,0,0,0,0
1770178357915016463,0.0176222,1.16663,-2.1868,0.27679,1.02986,-1.94922,-0.0524752,1.0238,-1.63027,0.0220629,0.715838,-1.71916,0,0,0,0,0,0,0,0,0,0,0,0,0,0,0,0,0,0,0,0,0,0,0,0
1770178357935092278,0.0148959,1.1692,-2.18944,0.279553,1.03258,-1.95192,-0.0511162,1.02643,-1.62664,0.0248467,0.718589,-1.72193,0,0,0,0,0,0,0,0,0,0,0,0,0,0,0,0,0,0,0,0,0,0,0,0
1770178357955172830,0.0176222,1.16663,-2.1868,0.27679,1.02986,-1.94922,-0.051961,1.02612,-1.62588,0.0220629,0.715838,-1.71916,0,0,0,0,0,0,0,0,0,0,0,0,0,0,0,0,0,0,0,0,0,0,0,0
1770178357975250821,0.0148959,1.1692,-2.18944,0.279553,1.03258,-1.95192,-0.0519781,1.02574,-1.62545,0.0248467,0.718589,-1.72193,0,0,0,0,0,0,0,0,0,0,0,0,0,0,0,0,0,0,0,0,0,0,0,0
1770178357995329453,0.0176222,1.16663,-2.1868,0.27679,1.02986,-1.94922,-0.0522475,1.02589,-1.62559,0.0220629,0.715838,-1.71916,0,0,0,0,0,0,0,0,0,0,0,0,0,0,0,0,0,0,0,0,0,0,0,0
1770178358015409332,0.0148959,1.1692,-2.18944,0.279553,1.03258,-1.95192,-0.0520472,1.02565,-1.62534,0.0248467,0.718589,-1.72193,0,0,0,0,0,0,0,0,0,0,0,0,0,0,0,0,0,0,0,0,0,0,0,0
1770178358035488092,0.0176222,1.16663,-2.1868,0.27679,1.02986,-1.94922,-0.0522892,1.02588,-1.62558,0.0220629,0.715838,-1.71916,0,0,0,0,0,0,0,0,0,0,0,0,0,0,0,0,0,0,0,0,0,0,0,0
1770178358055567268,0.0148959,1.1692,-2.18944,0.279553,1.03258,-1.95192,-0.0520384,1.02562,-1.62531,0.0248467,0.718589,-1.72193,0,0,0,0,0,0,0,0,0,0,0,0,0,0,0,0,0,0,0,0,0,0,0,0
1770178358075645963,0.0176222,1.16663,-2.1868,0.27679,1.02986,-1.94922,-0.0523098,1.02589,-1.62559,0.0220629,0.715838,-1.71916,0,0,0,0,0,0,0,0,0,0,0,0,0,0,0,0,0,0,0,0,0,0,0,0
1770178358095723827,0.0148959,1.1692,-2.18944,0.279553,1.03258,-1.95192,-0.0520201,1.0256,-1.62529,0.0248467,0.718589,-1.72193,0,0,0,0,0,0,0,0,0,0,0,0,0,0,0,0,0,0,0,0,0,0,0,0
1770178358115804250,0.0176222,1.16663,-2.1868,0.27679,1.02986,-1.94922,-0.0523309,1.02591,-1.62561,0.0220629,0.715838,-1.71916,0,0,0,0,0,0,0,0,0,0,0,0,0,0,0,0,0,0,0,0,0,0,0,0
1770178358135882626,0.0148959,1.1692,-2.18944,0.279553,1.03258,-1.95192,-0.0519984,1.02558,-1.62527,0.0248467,0.718589,-1.72193,0,0,0,0,0,0,0,0,0,0,0,0,0,0,0,0,0,0,0,0,0,0,0,0
1770178358155956169,0.0176222,1.16663,-2.1868,0.27679,1.02986,-1.94922,-0.0523549,1.02594,-1.62564,0.0220629,0.715838,-1.71916,0,0,0,0,0,0,0,0,0,0,0,0,0,0,0,0,0,0,0,0,0,0,0,0
1770178358176033681,0.0148959,1.1692,-2.18944,0.279553,1.03258,-1.95192,-0.0519734,1.02556,-1.62524,0.0248467,0.718589,-1.72193,0,0,0,0,0,0,0,0,0,0,0,0,0,0,0,0,0,0,0,0,0,0,0,0
1770178358196111449,0.0176222,1.16663,-2.1868,0.27679,1.02986,-1.94922,-0.0523822,1.02597,-1.62567,0.0220629,0.715838,-1.71916,0,0,0,0,0,0,0,0,0,0,0,0,0,0,0,0,0,0,0,0,0,0,0,0
1770178358216189568,0.0148959,1.1692,-2.18944,0.279553,1.03258,-1.95192,-0.051945,1.02553,-1.62521,0.0248467,0.718589,-1.72193,0,0,0,0,0,0,0,0,0,0,0,0,0,0,0,0,0,0,0,0,0,0,0,0
1770178358236268488,0.0176222,1.16663,-2.1868,0.27679,1.02986,-1.94922,-0.0524136,1.026,-1.6257,0.0220629,0.715838,-1.71916,0,0,0,0,0,0,0,0,0,0,0,0,0,0,0,0,0,0,0,0,0,0,0,0
1770178358256343183,0.0148959,1.1692,-2.18944,0.279553,1.03258,-1.95192,-0.0519127,1.02549,-1.62518,0.0248467,0.718589,-1.72193,0,0,0,0,0,0,0,0,0,0,0,0,0,0,0,0,0,0,0,0,0,0,0,0
1770178358276422679,0.0176222,1.16663,-2.1868,0.27679,1.02986,-1.94922,-0.0524494,1.02603,-1.62573,0.0220629,0.715838,-1.71916,0,0,0,0,0,0,0,0,0,0,0,0,0,0,0,0,0,0,0,0,0,0,0,0
1770178358296501726,0.0148959,1.1692,-2.18944,0.279553,1.03258,-1.95192,-0.051876,1.02546,-1.62514,0.0248467,0.718589,-1.72193,0,0,0,0,0,0,0,0,0,0,0,0,0,0,0,0,0,0,0,0,0,0,0,0
1770178358316577510,0.0176222,1.16663,-2.1868,0.27679,1.02986,-1.94922,-0.0524902,1.02607,-1.62578,0.0220629,0.715838,-1.71916,0,0,0,0,0,0,0,0,0,0,0,0,0,0,0,0,0,0,0,0,0,0,0,0
1770178358336656813,0.0148959,1.1692,-2.18944,0.279553,1.03258,-1.95192,-0.0518344,1.02541,-1.6251,0.0248467,0.718589,-1.72193,0,0,0,0,0,0,0,0,0,0,0,0,0,0,0,0,0,0,0,0,0,0,0,0
1770178358356733877,0.0176222,1.16663,-2.1868,0.27679,1.02986,-1.94922,-0.0525366,1.02612,-1.62582,0.0220629,0.715838,-1.71916,0,0,0,0,0,0,0,0,0,0,0,0,0,0,0,0,0,0,0,0,0,0,0,0
1770178358376813917,0.0148959,1.1692,-2.18944,0.279553,1.03258,-1.95192,-0.0517875,1.02537,-1.62505,0.0248467,0.718589,-1.72193,0,0,0,0,0,0,0,0,0,0,0,0,0,0,0,0,0,0,0,0,0,0,0,0
1770178358396893220,0.0176222,1.16663,-2.1868,0.27679,1.02986,-1.94922,-0.0525891,1.02617,-1.62588,0.0220629,0.715838,-1.71916,0,0,0,0,0,0,0,0,0,0,0,0,0,0,0,0,0,0,0,0,0,0,0,0
1770178358416971116,0.0148959,1.1692,-2.18944,0.279553,1.03258,-1.95192,-0.051735,1.02531,-1.625,0.0248467,0.718589,-1.72193,0,0,0,0,0,0,0,0,0,0,0,0,0,0,0,0,0,0,0,0,0,0,0,0
1770178358437048787,0.0176222,1.16663,-2.1868,0.27679,1.02986,-1.94922,-0.0526483,1.02623,-1.62594,0.0220629,0.715838,-1.71916,0,0,0,0,0,0,0,0,0,0,0,0,0,0,0,0,0,0,0,0,0,0,0,0
1770178358457126907,0.0148959,1.1692,-2.18944,0.279553,1.03258,-1.95192,-0.0516765,1.02526,-1.62494,0.0248467,0.718589,-1.72193,0,0,0,0,0,0,0,0,0,0,0,0,0,0,0,0,0,0,0,0,0,0,0,0
1770178358477206242,0.0176222,1.16663,-2.1868,0.27679,1.02986,-1.94922,-0.0527146,1.0263,-1.62601,0.0220629,0.715838,-1.71916,0,0,0,0,0,0,0,0,0,0,0,0,0,0,0,0,0,0,0,0,0,0,0,0
1770178358497285098,0.0148959,1.1692,-2.18944,0.279553,1.03258,-1.95192,-0.0516118,1.02519,-1.62487,0.0248467,0.718589,-1.72193,0,0,0,0,0,0,0,0,0,0,0,0,0,0,0,0,0,0,0,0,0,0,0,0
1770178358517364146,0.0441508,0.684508,-2.25372,0.212034,1.10557,-1.62309,-0.289106,0.639449,-2.16922,0.369571,0.78568,-2.10853,0,0,0,0,0,0,0,0,0,0,0,0,0,0,0,0,0,0,0,0,0,0,0,0
1770178363551154465,-0.188443,0.855572,-1.90413,0.155064,0.722191,-1.85694,-0.263865,1.07601,-1.84043,-0.0650745,0.659932,-1.98777,0,0,0,0,0,0,0,0,0,0,0,0,0,0,0,0,0,0,0,0,0,0,0,0
1770178363571234601,-0.184496,0.851288,-1.89447,0.163671,0.712794,-1.86749,-0.269058,1.0587,-1.83693,-0.0623204,0.656313,-1.99673,0,0,0,0,0,0,0,0,0,0,0,0,0,0,0,0,0,0,0,0,0,0,0,0
1770178363591316017,-0.184829,0.850612,-1.89326,0.160826,0.715626,-1.86478,-0.267216,1.06222,-1.83791,-0.0622569,0.656015,-1.99703,0,0,0,0,0,0,0,0,0,0,0,0,0,0,0,0,0,0,0,0,0,0,0,0
1770178363611396056,-0.185247,0.850963,-1.89363,0.163586,0.712857,-1.86762,-0.267637,1.0609,-1.83871,-0.0625549,0.65623,-1.99681,0,0,0,0,0,0,0,0,0,0,0,0,0,0,0,0,0,0,0,0,0,0,0,0
1770178363631475232,-0.184844,0.85055,-1.89321,0.160814,0.715622,-1.8648,-0.26772,1.06182,-1.83772,-0.0623214,0.655968,-1.99706,0,0,0,0,0,0,0,0,0,0,0,0,0,0,0,0,0,0,0,0,0,0,0,0
1770178363651556167,-0.185276,0.850991,-1.89365,0.163581,0.712859,-1.86761,-0.267421,1.06101,-1.83868,-0.0625909,0.656228,-1.9968,0,0,0,0,0,0,0,0,0,0,0,0,0,0,0,0,0,0,0,0,0,0,0,0
1770178363671635023,-0.184816,0.850521,-1.89318,0.160817,0.715618,-1.86481,-0.267834,1.06179,-1.83777,-0.0623183,0.655952,-1.99708,0,0,0,0,0,0,0,0,0,0,0,0,0,0,0,0,0,0,0,0,0,0,0,0
1770178363691714551,-0.185307,0.851022,-1.89368,0.163579,0.712861,-1.86761,-0.267353,1.06103,-1.83864,-0.062606,0.656239,-1.99679,0,0,0,0,0,0,0,0,0,0,0,0,0,0,0,0,0,0,0,0,0,0,0,0
1770178363711794430,-0.184785,0.850489,-1.89315,0.160819,0.715615,-1.86481,-0.267871,1.06178,-1.83779,-0.0623066,0.655939,-1.99709,0,0,0,0,0,0,0,0,0,0,0,0,0,0,0,0,0,0,0,0,0,0,0,0
1770178363731874278,-0.185341,0.851057,-1.89372,0.163577,0.712862,-1.86761,-0.267329,1.06104,-1.83862,-0.0626198,0.656253,-1.99678,0,0,0,0,0,0,0,0,0,0,0,0,0,0,0,0,0,0,0,0,0,0,0,0
1770178363751954829,-0.18475,0.850454,-1.89311,0.160821,0.715614,-1.86481,-0.267883,1.06178,-1.8378,-0.062293,0.655925,-1.9971,0,0,0,0,0,0,0,0,0,0,0,0,0,0,0,0,0,0,0,0,0,0,0,0
1770178363772033397,-0.185379,0.851096,-1.89376,0.163576,0.712863,-1.86761,-0.267321,1.06104,-1.83861,-0.0626344,0.656267,-1.99676,0,0,0,0,0,0,0,0,0,0,0,0,0,0,0,0,0,0,0,0,0,0,0,0
1770178363792112061,-0.184711,0.850414,-1.89307,0.160822,0.715612,-1.86481,-0.267887,1.06178,-1.8378,-0.0622782,0.65591,-1.99712,0,0,0,0,0,0,0,0,0,0,0,0,0,0,0,0,0,0,0,0,0,0,0,0
1770178363812190372,-0.185423,0.851141,-1.8938,0.163575,0.712864,-1.86761,-0.267319,1.06104,-1.83861,-0.0626504,0.656283,-1.99675,0,0,0,0,0,0,0,0,0,0,0,0,0,0,0,0,0,0,0,0,0,0,0,0
1770178363832270188,-0.184668,0.850369,-1.89303,0.160823,0.715611,-1.86481,-0.267887,1.06178,-1.83781,-0.0622621,0.655894,-1.99713,0,0,0,0,0,0,0,0,0,0,0,0,0,0,0,0,0,0,0,0,0,0,0,0
1770178363852351635,-0.185471,0.85119,-1.89385,0.163575,0.712865,-1.86761,-0.267319,1.06104,-1.83861,-0.0626677,0.656301,-1.99673,0,0,0,0,0,0,0,0,0,0,0,0,0,0,0,0,0,0,0,0,0,0,0,0
1770178363872426555,-0.18462,0.85032,-1.89298,0.160824,0.715611,-1.86481,-0.267886,1.06177,-1.83781,-0.0622446,0.655877,-1.99715,0,0,0,0,0,0,0,0,0,0,0,0,0,0,0,0,0,0,0,0,0,0,0,0
1770178363892497666,-0.185525,0.851245,-1.89391,0.163574,0.712865,-1.86761,-0.26732,1.06105,-1.83861,-0.0626865,0.656319,-1.99671,0,0,0,0,0,0,0,0,0,0,0,0,0,0,0,0,0,0,0,0,0,0,0,0
1770178363912575018,-0.184566,0.850265,-1.89292,0.160825,0.71561,-1.86482,-0.267885,1.06177,-1.83781,-0.0622256,0.655858,-1.99717,0,0,0,0,0,0,0,0,0,0,0,0,0,0,0,0,0,0,0,0,0,0,0,0
1770178363932652881,-0.185585,0.851306,-1.89397,0.163574,0.712866,-1.86761,-0.267321,1.06105,-1.8386,-0.0627069,0.65634,-1.99669,0,0,0,0,0,0,0,0,0,0,0,0,0,0,0,0,0,0,0,0,0,0,0,0
1770178363952729433,-0.184508,0.850206,-1.89286,0.160825,0.71561,-1.86482,-0.267883,1.06177,-1.83781,-0.0622052,0.655837,-1.99719,0,0,0,0,0,0,0,0,0,0,0,0,0,0,0,0,0,0,0,0,0,0,0,0
1770178363972803456,-0.185651,0.851373,-1.89403,0.163574,0.712866,-1.86761,-0.267322,1.06105,-1.8386,-0.062729,0.656362,-1.99667,0,0,0,0,0,0,0,0,0,0,0,0,0,0,0,0,0,0,0,0,0,0,0,0
1770178363992882760,-0.184445,0.850141,-1.8928,0.160825,0.715609,-1.86482,-0.267882,1.06177,-1.83781,-0.0621831,0.655815,-1.99721,0,0,0,0,0,0,0,0,0,0,0,0,0,0,0,0,0,0,0,0,0,0,0,0
1770178364012953359,-0.185722,0.851446,-1.89411,0.163573,0.712866,-1.86761,-0.267323,1.06105,-1.8386,-0.062753,0.656386,-1.99665,0,0,0,0,0,0,0,0,0,0,0,0,0,0,0,0,0,0,0,0,0,0,0,0
1770178364033030967,-0.184378,0.850072,-1.89273,0.160826,0.715609,-1.86482,-0.267881,1.06177,-1.83782,-0.0621593,0.655791,-1.99724,0,0,0,0,0,0,0,0,0,0,0,0,0,0,0,0,0,0,0,0,0,0,0,0
1770178364053108447,-0.185799,0.851524,-1.89418,0.163573,0.712866,-1.86761,-0.267324,1.06105,-1.8386,-0.0627788,0.656412,-1.99662,0,0,0,0,0,0,0,0,0,0,0,0,0,0,0,0,0,0,0,0,0,0,0,0
1770178364073193894,-0.184307,0.849999,-1.89265,0.160826,0.715609,-1.86482,-0.267879,1.06177,-1.83782,-0.0621337,0.655766,-1.99726,0,0,0,0,0,0,0,0,0,0,0,0,0,0,0,0,0,0,0,0,0,0,0,0
1770178364093273038,-0.185881,0.851607,-1.89427,0.163573,0.712866,-1.86761,-0.267326,1.06105,-1.8386,-0.0628067,0.65644,-1.99659,0,0,0,0,0,0,0,0,0,0,0,0,0,0,0,0,0,0,0,0,0,0,0,0
1770178364113351925,-0.184233,0.849923,-1.89258,0.160826,0.715609,-1.86482,-0.267878,1.06176,-1.83782,-0.0621062,0.655738,-1.99729,0,0,0,0,0,0,0,0,0,0,0,0,0,0,0,0,0,0,0,0,0,0,0,0
1770178364133426493,-0.185966,0.851694,-1.89435,0.163573,0.712866,-1.86761,-0.267327,1.06105,-1.83859,-0.0628367,0.65647,-1.99656,0,0,0,0,0,0,0,0,0,0,0,0,0,0,0,0,0,0,0,0,0,0,0,0
1770178364153500964,-0.184157,0.849846,-1.8925,0.160826,0.715609,-1.86482,-0.267877,1.06176,-1.83782,-0.0620769,0.655709,-1.99732,0,0,0,0,0,0,0,0,0,0,0,0,0,0,0,0,0,0,0,0,0,0,0,0
1770178364173586796,-0.186052,0.851782,-1.89444,0.163573,0.712866,-1.86761,-0.267328,1.06106,-1.83859,-0.0628688,0.656503,-1.99653,0,0,0,0,0,0,0,0,0,0,0,0,0,0,0,0,0,0,0,0,0,0,0,0
1770178364193664852,-0.184083,0.849769,-1.89242,0.160826,0.715609,-1.86482,-0.267876,1.06176,-1.83782,-0.0620457,0.655678,-1.99735,0,0,0,0,0,0,0,0,0,0,0,0,0,0,0,0,0,0,0,0,0,0,0,0
1770178364213742491,-0.186139,0.85187,-1.89453,0.163573,0.712866,-1.86761,-0.267329,1.06106,-1.83859,-0.0629032,0.656537,-1.9965,0,0,0,0,0,0,0,0,0,0,0,0,0,0,0,0,0,0,0,0,0,0,0,0
1770178364233818179,-0.18401,0.849695,-1.89235,0.160826,0.715609,-1.86482,-0.267875,1.06176,-1.83782,-0.0620125,0.655645,-1.99738,0,0,0,0,0,0,0,0,0,0,0,0,0,0,0,0,0,0,0,0,0,0,0,0
1770178364253895946,-0.186222,0.851955,-1.89462,0.163573,0.712867,-1.86761,-0.26733,1.06106,-1.83859,-0.0629397,0.656574,-1.99646,0,0,0,0,0,0,0,0,0,0,0,0,0,0,0,0,0,0,0,0,0,0,0,0
1770178364273980850,-0.183943,0.849626,-1.89228,0.160826,0.715609,-1.86482,-0.267873,1.06176,-1.83783,-0.0619775,0.65561,-1.99742,0,0,0,0,0,0,0,0,0,0,0,0,0,0,0,0,0,0,0,0,0,0,0,0
1770178364294061242,-0.1863,0.852034,-1.8947,0.163573,0.712867,-1.86761,-0.267331,1.06106,-1.83859,-0.0629784,0.656613,-1.99642,0,0,0,0,0,0,0,0,0,0,0,0,0,0,0,0,0,0,0,0,0,0,0,0
1770178364314139425,-0.183883,0.849565,-1.89222,0.160826,0.715609,-1.86482,-0.267872,1.06176,-1.83783,-0.0619408,0.655573,-1.99745,0,0,0,0,0,0,0,0,0,0,0,0,0,0,0,0,0,0,0,0,0,0,0,0
1770178364334216649,-0.186369,0.852104,-1.89477,0.163573,0.712867,-1.86761,-0.267332,1.06106,-1.83859,-0.0630192,0.656654,-1.99638,0,0,0,0,0,0,0,0,0,0,0,0,0,0,0,0,0,0,0,0,0,0,0,0
1770178364354299888,-0.183835,0.849518,-1.89217,0.160826,0.715609,-1.86482,-0.267871,1.06176,-1.83783,-0.0619024,0.655535,-1.99749,0,0,0,0,0,0,0,0,0,0,0,0,0,0,0,0,0,0,0,0,0,0,0,0
1770178364374384568,-0.186424,0.85216,-1.89482,0.163573,0.712867,-1.86761,-0.267333,1.06106,-1.83859,-0.063062,0.656697,-1.99634,0,0,0,0,0,0,0,0,0,0,0,0,0,0,0,0,0,0,0,0,0,0,0,0
1770178364394457248,-0.183815,0.849502,-1.89215,0.160826,0.715609,-1.86482,-0.26787,1.06175,-1.83783,-0.0618627,0.655495,-1.99753,0,0,0,0,0,0,0,0,0,0,0,0,0,0,0,0,0,0,0,0,0,0,0,0
1770178364414539271,-0.186446,0.852182,-1.89484,0.163573,0.712867,-1.86761,-0.267334,1.06106,-1.83858,-0.0631064,0.656742,-1.99629,0,0,0,0,0,0,0,0,0,0,0,0,0,0,0,0,0,0,0,0,0,0,0,0
1770178364434614575,-0.183846,0.849544,-1.89219,0.160826,0.715609,-1.86482,-0.267869,1.06175,-1.83783,-0.0618218,0.655455,-1.99757,0,0,0,0,0,0,0,0,0,0,0,0,0,0,0,0,0,0,0,0,0,0,0,0
1770178364454689078,-0.186402,0.852139,-1.8948,0.163573,0.712867,-1.86761,-0.267335,1.06107,-1.83858,-0.0631522,0.656788,-1.99625,0,0,0,0,0,0,0,0,0,0,0,0,0,0,0,0,0,0,0,0,0,0,0,0
1770178364474763518,-0.183818,0.849502,-1.89215,0.160826,0.715609,-1.86482,-0.267868,1.06175,-1.83783,-0.06178,0.655413,-1.99761,0,0,0,0,0,0,0,0,0,0,0,0,0,0,0,0,0,0,0,0,0,0,0,0
1770178364494841989,-0.186443,0.852179,-1.89484,0.163573,0.712867,-1.86761,-0.267336,1.06107,-1.83858,-0.0631991,0.656836,-1.9962,0,0,0,0,0,0,0,0,0,0,0,0,0,0,0,0,0,0,0,0,0,0,0,0
1770178364514927117,-0.183836,0.849533,-1.89218,0.160826,0.715609,-1.86482,-0.267867,1.06175,-1.83783,-0.0617379,0.655371,-1.99765,0,0,0,0,0,0,0,0,0,0,0,0,0,0,0,0,0,0,0,0,0,0,0,0
1770178364535002772,-0.186415,0.852152,-1.89481,0.163573,0.712867,-1.86761,-0.267336,1.06107,-1.83858,-0.0632466,0.656884,-1.99615,0,0,0,0,0,0,0,0,0,0,0,0,0,0,0,0,0,0,0,0,0,0,0,0
1770178364555083868,-0.183815,0.8495,-1.89215,0.160826,0.715609,-1.86482,-0.267866,1.06175,-1.83784,-0.0616957,0.655329,-1.9977,0,0,0,0,0,0,0,0,0,0,0,0,0,0,0,0,0,0,0,0,0,0,0,0
1770178364575161988,-0.186446,0.852183,-1.89485,0.163573,0.712867,-1.86761,-0.267337,1.06107,-1.83858,-0.0632942,0.656932,-1.99611,0,0,0,0,0,0,0,0,0,0,0,0,0,0,0,0,0,0,0,0,0,0,0,0
1770178364595241547,-0.18385,0.849548,-1.8922,0.160826,0.715609,-1.86482,-0.267865,1.06175,-1.83784,-0.061654,0.655288,-1.99774,0,0,0,0,0,0,0,0,0,0,0,0,0,0,0,0,0,0,0,0,0,0,0,0
1770178364615319315,-0.186397,0.852134,-1.8948,0.163573,0.712867,-1.86761,-0.267338,1.06107,-1.83858,-0.0633414,0.656979,-1.99606,0,0,0,0,0,0,0,0,0,0,0,0,0,0,0,0,0,0,0,0,0,0,0,0
1770178364635397658,-0.18382,0.849504,-1.89215,0.160826,0.715609,-1.86482,-0.267864,1.06175,-1.83784,-0.0616132,0.655248,-1.99778,0,0,0,0,0,0,0,0,0,0,0,0,0,0,0,0,0,0,0,0,0,0,0,0
1770178364655476162,-0.186441,0.852178,-1.89484,0.163573,0.712867,-1.86761,-0.267339,1.06107,-1.83858,-0.0633877,0.657026,-1.99601,0,0,0,0,0,0,0,0,0,0,0,0,0,0,0,0,0,0,0,0,0,0,0,0
1770178364675546921,-0.183831,0.849526,-1.89217,0.160826,0.715609,-1.86482,-0.267863,1.06175,-1.83784,-0.0615739,0.655209,-1.99782,0,0,0,0,0,0,0,0,0,0,0,0,0,0,0,0,0,0,0,0,0,0,0,0
1770178364695622705,-0.186422,0.852158,-1.89482,0.163573,0.712867,-1.86761,-0.26734,1.06107,-1.83858,-0.0634324,0.657071,-1.99597,0,0,0,0,0,0,0,0,0,0,0,0,0,0,0,0,0,0,0,0,0,0,0,0
1770178364715699864,-0.183814,0.849501,-1.89215,0.160826,0.715609,-1.86482,-0.267862,1.06174,-1.83784,-0.0615363,0.655171,-1.99785,0,0,0,0,0,0,0,0,0,0,0,0,0,0,0,0,0,0,0,0,0,0,0,0
1770178364735779264,-0.186446,0.852182,-1.89484,0.163573,0.712867,-1.86761,-0.267341,1.06107,-1.83857,-0.0634751,0.657114,-1.99592,0,0,0,0,0,0,0,0,0,0,0,0,0,0,0,0,0,0,0,0,0,0,0,0
1770178364755855080,-0.183848,0.849546,-1.89219,0.160826,0.715609,-1.86482,-0.267861,1.06174,-1.83784,-0.0615009,0.655136,-1.99789,0,0,0,0,0,0,0,0,0,0,0,0,0,0,0,0,0,0,0,0,0,0,0,0
1770178364775934703,-0.1864,0.852137,-1.8948,0.163573,0.712867,-1.86761,-0.267341,1.06107,-1.83857,-0.0635154,0.657155,-1.99588,0,0,0,0,0,0,0,0,0,0,0,0,0,0,0,0,0,0,0,0,0,0,0,0
1770178364796012247,-0.183819,0.849503,-1.89215,0.160826,0.715609,-1.86482,-0.26786,1.06174,-1.83784,-0.061468,0.655104,-1.99792,0,0,0,0,0,0,0,0,0,0,0,0,0,0,0,0,0,0,0,0,0,0,0,0
1770178364816087934,-0.186443,0.852179,-1.89484,0.163573,0.712867,-1.86761,-0.267342,1.06108,-1.83857,-0.0635529,0.657193,-1.99585,0,0,0,0,0,0,0,0,0,0,0,0,0,0,0,0,0,0,0,0,0,0,0,0
1770178364836165286,-0.183835,0.84953,-1.89218,0.160826,0.715609,-1.86482,-0.267859,1.06174,-1.83784,-0.0614378,0.655074,-1.99795,0,0,0,0,0,0,0,0,0,0,0,0,0,0,0,0,0,0,0,0,0,0,0,0
1770178364856244109,-0.186418,0.852154,-1.89482,0.163573,0.712867,-1.86761,-0.267343,1.06108,-1.83857,-0.0635873,0.657228,-1.99581,0,0,0,0,0,0,0,0,0,0,0,0,0,0,0,0,0,0,0,0,0,0,0,0
1770178364876321173,-0.183814,0.8495,-1.89215,0.160826,0.715609,-1.86482,-0.267858,1.06174,-1.83785,-0.0614104,0.655047,-1.99798,0,0,0,0,0,0,0,0,0,0,0,0,0,0,0,0,0,0,0,0,0,0,0,0
1770178364896401884,-0.186446,0.852183,-1.89485,0.163573,0.712867,-1.86761,-0.267344,1.06108,-1.83857,-0.0636186,0.65726,-1.99578,0,0,0,0,0,0,0,0,0,0,0,0,0,0,0,0,0,0,0,0,0,0,0,0
1770178364916475076,-0.18385,0.849549,-1.8922,0.160826,0.715609,-1.86482,-0.267857,1.06174,-1.83785,-0.0613858,0.655023,-1.998,0,0,0,0,0,0,0,0,0,0,0,0,0,0,0,0,0,0,0,0,0,0,0,0
1770178364936551211,-0.186397,0.852134,-1.8948,0.163573,0.712867,-1.86761,-0.267345,1.06108,-1.83857,-0.0636467,0.657288,-1.99575,0,0,0,0,0,0,0,0,0,0,0,0,0,0,0,0,0,0,0,0,0,0,0,0
1770178364956629011,-0.18382,0.849504,-1.89215,0.160826,0.715609,-1.86482,-0.267857,1.06174,-1.83785,-0.061364,0.655001,-1.99802,0,0,0,0,0,0,0,0,0,0,0,0,0,0,0,0,0,0,0,0,0,0,0,0
1770178364976709755,-0.186441,0.852177,-1.89484,0.163573,0.712867,-1.86761,-0.267345,1.06108,-1.83857,-0.0636716,0.657313,-1.99573,0,0,0,0,0,0,0,0,0,0,0,0,0,0,0,0,0,0,0,0,0,0,0,0
1770178364996788354,-0.183831,0.849526,-1.89217,0.160826,0.715609,-1.86482,-0.267856,1.06174,-1.83785,-0.0613449,0.654982,-1.99804,0,0,0,0,0,0,0,0,0,0,0,0,0,0,0,0,0,0,0,0,0,0,0,0
1770178365016862538,-0.186423,0.852159,-1.89482,0.163573,0.712867,-1.86761,-0.267346,1.06108,-1.83857,-0.0636934,0.657335,-1.99571,0,0,0,0,0,0,0,0,0,0,0,0,0,0,0,0,0,0,0,0,0,0,0,0
1770178365036942545,-0.183815,0.849501,-1.89215,0.160826,0.715609,-1.86482,-0.267855,1.06174,-1.83785,-0.0613282,0.654966,-1.99806,0,0,0,0,0,0,0,0,0,0,0,0,0,0,0,0,0,0,0,0,0,0,0,0
1770178365057020569,-0.186446,0.852182,-1.89484,0.163573,0.712867,-1.86761,-0.267347,1.06108,-1.83857,-0.0637125,0.657355,-1.99569,0,0,0,0,0,0,0,0,0,0,0,0,0,0,0,0,0,0,0,0,0,0,0,0
1770178365077100416,-0.183847,0.849545,-1.89219,0.160826,0.715609,-1.86482,-0.267854,1.06174,-1.83785,-0.0613138,0.654952,-1.99807,0,0,0,0,0,0,0,0,0,0,0,0,0,0,0,0,0,0,0,0,0,0,0,0
1770178365097178088,-0.186401,0.852138,-1.8948,0.163573,0.712867,-1.86761,-0.267347,1.06108,-1.83856,-0.0637289,0.657371,-1.99567,0,0,0,0,0,0,0,0,0,0,0,0,0,0,0,0,0,0,0,0,0,0,0,0
1770178365117255440,-0.183818,0.849502,-1.89215,0.160826,0.715609,-1.86482,-0.267853,1.06173,-1.83785,-0.0613015,0.65494,-1.99809,0,0,0,0,0,0,0,0,0,0,0,0,0,0,0,0,0,0,0,0,0,0,0,0
1770178365137334551,-0.186443,0.852179,-1.89484,0.163573,0.712867,-1.86761,-0.267348,1.06108,-1.83856,-0.0637429,0.657386,-1.99566,0,0,0,0,0,0,0,0,0,0,0,0,0,0,0,0,0,0,0,0,0,0,0,0
1770178365157412127,-0.183836,0.849532,-1.89218,0.160826,0.715609,-1.86482,-0.267852,1.06173,-1.83785,-0.061291,0.654929,-1.9981,0,0,0,0,0,0,0,0,0,0,0,0,0,0,0,0,0,0,0,0,0,0,0,0
1770178365177483526,-0.186416,0.852153,-1.89482,0.163573,0.712867,-1.86761,-0.267349,1.06108,-1.83856,-0.0637549,0.657398,-1.99564,0,0,0,0,0,0,0,0,0,0,0,0,0,0,0,0,0,0,0,0,0,0,0,0
1770178365197559534,-0.183814,0.8495,-1.89215,0.160826,0.715609,-1.86482,-0.267852,1.06173,-1.83785,-0.0612821,0.654921,-1.9981,0,0,0,0,0,0,0,0,0,0,0,0,0,0,0,0,0,0,0,0,0,0,0,0
1770178365217639093,-0.186446,0.852183,-1.89485,0.163573,0.712867,-1.86761,-0.267349,1.06108,-1.83856,-0.063765,0.657408,-1.99563,0,0,0,0,0,0,0,0,0,0,0,0,0,0,0,0,0,0,0,0,0,0,0,0
1770178365237714717,-0.18385,0.849549,-1.8922,0.160826,0.715609,-1.86482,-0.267851,1.06173,-1.83786,-0.0612746,0.654913,-1.99811,0,0,0,0,0,0,0,0,0,0,0,0,0,0,0,0,0,0,0,0,0,0,0,0
1770178365257793412,-0.186397,0.852134,-1.8948,0.163573,0.712867,-1.86761,-0.26735,1.06109,-1.83856,-0.0637735,0.657417,-1.99563,0,0,0,0,0,0,0,0,0,0,0,0,0,0,0,0,0,0,0,0,0,0,0,0
1770178365277869612,-0.18382,0.849504,-1.89215,0.160826,0.715609,-1.86482,-0.26785,1.06173,-1.83786,-0.0612684,0.654907,-1.99812,0,0,0,0,0,0,0,0,0,0,0,0,0,0,0,0,0,0,0,0,0,0,0,0
1770178365297960436,-0.186441,0.852177,-1.89484,0.163573,0.712867,-1.86761,-0.267351,1.06109,-1.83856,-0.0637807,0.657424,-1.99562,0,0,0,0,0,0,0,0,0,0,0,0,0,0,0,0,0,0,0,0,0,0,0,0
1770178365318040315,-0.183831,0.849526,-1.89217,0.160826,0.715609,-1.86482,-0.267849,1.06173,-1.83786,-0.0612631,0.654902,-1.99812,0,0,0,0,0,0,0,0,0,0,0,0,0,0,0,0,0,0,0,0,0,0,0,0
1770178365338117123,-0.186422,0.852159,-1.89482,0.163573,0.712867,-1.86761,-0.267351,1.06109,-1.83856,-0.0637866,0.65743,-1.99561,0,0,0,0,0,0,0,0,0,0,0,0,0,0,0,0,0,0,0,0,0,0,0,0
1770178365358194186,-0.183814,0.849501,-1.89215,0.160826,0.715609,-1.86482,-0.267849,1.06173,-1.83786,-0.0612588,0.654898,-1.99813,0,0,0,0,0,0,0,0,0,0,0,0,0,0,0,0,0,0,0,0,0,0,0,0
1770178365378270642,-0.186446,0.852182,-1.89484,0.163573,0.712867,-1.86761,-0.267352,1.06109,-1.83856,-0.0637916,0.657435,-1.99561,0,0,0,0,0,0,0,0,0,0,0,0,0,0,0,0,0,0,0,0,0,0,0,0
1770178365398347513,-0.183847,0.849545,-1.89219,0.160826,0.715609,-1.86482,-0.267848,1.06173,-1.83786,-0.0612552,0.654894,-1.99813,0,0,0,0,0,0,0,0,0,0,0,0,0,0,0,0,0,0,0,0,0,0,0,0
1770178365418420481,-0.186401,0.852138,-1.8948,0.163573,0.712867,-1.86761,-0.267353,1.06109,-1.83856,-0.0637957,0.657439,-1.9956,0,0,0,0,0,0,0,0,0,0,0,0,0,0,0,0,0,0,0,0,0,0,0,0
1770178365438497928,-0.183818,0.849502,-1.89215,0.160826,0.715609,-1.86482,-0.267847,1.06173,-1.83786,-0.0612522,0.654891,-1.99813,0,0,0,0,0,0,0,0,0,0,0,0,0,0,0,0,0,0,0,0,0,0,0,0
1770178365458567920,-0.186443,0.852179,-1.89484,0.163573,0.712867,-1.86761,-0.267353,1.06109,-1.83856,-0.0637991,0.657443,-1.9956,0,0,0,0,0,0,0,0,0,0,0,0,0,0,0,0,0,0,0,0,0,0,0,0
1770178365478639447,-0.183835,0.849531,-1.89218,0.160826,0.715609,-1.86482,-0.267847,1.06173,-1.83786,-0.0612497,0.654889,-1.99814,0,0,0,0,0,0,0,0,0,0,0,0,0,0,0,0,0,0,0,0,0,0,0,0
1770178365498716895,-0.186416,0.852153,-1.89482,0.163573,0.712867,-1.86761,-0.267354,1.06109,-1.83855,-0.0638019,0.657445,-1.9956,0,0,0,0,0,0,0,0,0,0,0,0,0,0,0,0,0,0,0,0,0,0,0,0
1770178365518792070,-0.183814,0.8495,-1.89215,0.160826,0.715609,-1.86482,-0.267846,1.06173,-1.83786,-0.0612477,0.654887,-1.99814,0,0,0,0,0,0,0,0,0,0,0,0,0,0,0,0,0,0,0,0,0,0,0,0
1770178365538871982,-0.186447,0.852183,-1.89485,0.163573,0.712867,-1.86761,-0.267354,1.06109,-1.83855,-0.0638042,0.657448,-1.99559,0,0,0,0,0,0,0,0,0,0,0,0,0,0,0,0,0,0,0,0,0,0,0,0
1770178365558950453,-0.18385,0.849549,-1.8922,0.160826,0.715609,-1.86482,-0.267845,1.06172,-1.83786,-0.061246,0.654885,-1.99814,0,0,0,0,0,0,0,0,0,0,0,0,0,0,0,0,0,0,0,0,0,0,0,0
1770178365579029213,-0.186397,0.852134,-1.8948,0.163573,0.712867,-1.86761,-0.267355,1.06109,-1.83855,-0.0638061,0.65745,-1.99559,0,0,0,0,0,0,0,0,0,0,0,0,0,0,0,0,0,0,0,0,0,0,0,0
1770178365599104901,-0.18382,0.849504,-1.89215,0.160826,0.715609,-1.86482,-0.267845,1.06172,-1.83786,-0.0612446,0.654884,-1.99814,0,0,0,0,0,0,0,0,0,0,0,0,0,0,0,0,0,0,0,0,0,0,0,0
1770178365619183052,-0.186441,0.852177,-1.89484,0.163573,0.712867,-1.86761,-0.267356,1.06109,-1.83855,-0.0638077,0.657451,-1.99559,0,0,0,0,0,0,0,0,0,0,0,0,0,0,0,0,0,0,0,0,0,0,0,0
1770178365639260820,-0.183831,0.849526,-1.89217,0.160826,0.715609,-1.86482,-0.267844,1.06172,-1.83786,-0.0612435,0.654883,-1.99814,0,0,0,0,0,0,0,0,0,0,0,0,0,0,0,0,0,0,0,0,0,0,0,0
1770178365659338843,-0.186423,0.852159,-1.89482,0.163573,0.712867,-1.86761,-0.267356,1.06109,-1.83855,-0.063809,0.657453,-1.99559,0,0,0,0,0,0,0,0,0,0,0,0,0,0,0,0,0,0,0,0,0,0,0,0
1770178365679415363,-0.183815,0.849501,-1.89215,0.160826,0.715609,-1.86482,-0.267843,1.06172,-1.83787,-0.0612426,0.654882,-1.99814,0,0,0,0,0,0,0,0,0,0,0,0,0,0,0,0,0,0,0,0,0,0,0,0
1770178365699488970,-0.186446,0.852182,-1.89484,0.163573,0.712867,-1.86761,-0.267357,1.06109,-1.83855,-0.0638101,0.657454,-1.99559,0,0,0,0,0,0,0,0,0,0,0,0,0,0,0,0,0,0,0,0,0,0,0,0
1770178365719568626,-0.183847,0.849545,-1.89219,0.160826,0.715609,-1.86482,-0.267843,1.06172,-1.83787,-0.0612418,0.654881,-1.99814,0,0,0,0,0,0,0,0,0,0,0,0,0,0,0,0,0,0,0,0,0,0,0,0
1770178365739640249,-0.186401,0.852138,-1.8948,0.163573,0.712867,-1.86761,-0.267357,1.0611,-1.83855,-0.0638109,0.657454,-1.99559,0,0,0,0,0,0,0,0,0,0,0,0,0,0,0,0,0,0,0,0,0,0,0,0
1770178365759722977,-0.183818,0.849502,-1.89215,0.160826,0.715609,-1.86482,-0.267842,1.06172,-1.83787,-0.0612412,0.65488,-1.99815,0,0,0,0,0,0,0,0,0,0,0,0,0,0,0,0,0,0,0,0,0,0,0,0
1770178365779801256,-0.186443,0.852179,-1.89484,0.163573,0.712867,-1.86761,-0.267358,1.0611,-1.83855,-0.0638117,0.657455,-1.99559,0,0,0,0,0,0,0,0,0,0,0,0,0,0,0,0,0,0,0,0,0,0,0,0
1770178365799880208,-0.183836,0.849532,-1.89218,0.160826,0.715609,-1.86482,-0.267842,1.06172,-1.83787,-0.0612407,0.65488,-1.99815,0,0,0,0,0,0,0,0,0,0,0,0,0,0,0,0,0,0,0,0,0,0,0,0
1770178365819956952,-0.186416,0.852153,-1.89482,0.163573,0.712867,-1.86761,-0.267358,1.0611,-1.83855,-0.0638122,0.657456,-1.99559,0,0,0,0,0,0,0,0,0,0,0,0,0,0,0,0,0,0,0,0,0,0,0,0
1770178365840038175,-0.183814,0.8495,-1.89215,0.160826,0.715609,-1.86482,-0.267841,1.06172,-1.83787,-0.0612402,0.654879,-1.99815,0,0,0,0,0,0,0,0,0,0,0,0,0,0,0,0,0,0,0,0,0,0,0,0
1770178365860120071,-0.186446,0.852183,-1.89485,0.163573,0.712867,-1.86761,-0.267359,1.0611,-1.83855,-0.0638127,0.657456,-1.99559,0,0,0,0,0,0,0,0,0,0,0,0,0,0,0,0,0,0,0,0,0,0,0,0
1770178365880203407,-0.18385,0.849549,-1.8922,0.160826,0.715609,-1.86482,-0.26784,1.06172,-1.83787,-0.0612399,0.654879,-1.99815,0,0,0,0,0,0,0,0,0,0,0,0,0,0,0,0,0,0,0,0,0,0,0,0
1770178365900281526,-0.186397,0.852134,-1.8948,0.163573,0.712867,-1.86761,-0.267359,1.0611,-1.83855,-0.0638131,0.657457,-1.99559,0,0,0,0,0,0,0,0,0,0,0,0,0,0,0,0,0,0,0,0,0,0,0,0
1770178365920356094,-0.18382,0.849504,-1.89215,0.160826,0.715609,-1.86482,-0.26784,1.06172,-1.83787,-0.0612396,0.654879,-1.99815,0,0,0,0,0,0,0,0,0,0,0,0,0,0,0,0,0,0,0,0,0,0,0,0
1770178365940429733,-0.186441,0.852177,-1.89484,0.163573,0.712867,-1.86761,-0.26736,1.0611,-1.83855,-0.0638134,0.657457,-1.99559,0,0,0,0,0,0,0,0,0,0,0,0,0,0,0,0,0,0,0,0,0,0,0,0
1770178365960511053,-0.183831,0.849526,-1.89217,0.160826,0.715609,-1.86482,-0.267839,1.06172,-1.83787,-0.0612394,0.654879,-1.99815,0,0,0,0,0,0,0,0,0,0,0,0,0,0,0,0,0,0,0,0,0,0,0,0
1770178365980590100,-0.0179024,1.09167,-1.72776,-0.072117,0.972085,-1.7011,0.133379,1.17912,-2.0476,-0.10688,0.574182,-1.89107,0,0,0,0,0,0,0,0,0,0,0,0,0,0,0,0,0,0,0,0,0,0,0,0
1770178366000668252,-0.0257607,1.07824,-1.73318,-0.0734954,0.959837,-1.69964,0.112445,1.16876,-2.03785,-0.108354,0.575943,-1.89558,0,0,0,0,0,0,0,0,0,0,0,0,0,0,0,0,0,0,0,0,0,0,0,0
1770178366020746883,-0.0246129,1.08174,-1.73102,-0.0758101,0.959698,-1.70027,0.114035,1.17157,-2.03807,-0.107011,0.577991,-1.8937,0,0,0,0,0,0,0,0,0,0,0,0,0,0,0,0,0,0,0,0,0,0,0,0
1770178366040825899,-0.0264289,1.08425,-1.73334,-0.0733493,0.960137,-1.70031,0.112607,1.16988,-2.03908,-0.108746,0.575983,-1.89576,0,0,0,0,0,0,0,0,0,0,0,0,0,0,0,0,0,0,0,0,0,0,0,0
1770178366060904371,-0.0242105,1.08223,-1.73133,-0.0761409,0.95988,-1.70005,0.114266,1.17096,-2.03719,-0.10685,0.578091,-1.89363,0,0,0,0,0,0,0,0,0,0,0,0,0,0,0,0,0,0,0,0,0,0,0,0
1770178366080990714,-0.0263541,1.08442,-1.73346,-0.0730769,0.959946,-1.70056,0.112059,1.1699,-2.03962,-0.108852,0.575869,-1.89588,0,0,0,0,0,0,0,0,0,0,0,0,0,0,0,0,0,0,0,0,0,0,0,0
1770178366101069922,-0.0241241,1.0822,-1.73132,-0.0707919,0.96042,-1.69999,0.114898,1.17097,-2.0365,-0.112322,0.572786,-1.89891,0,0,0,0,0,0,0,0,0,0,0,0,0,0,0,0,0,0,0,0,0,0,0,0
1770178366121149577,-0.0263851,1.08447,-1.73351,-0.0718333,0.960271,-1.69982,0.111422,1.16989,-2.03982,-0.109067,0.575666,-1.89609,0,0,0,0,0,0,0,0,0,0,0,0,0,0,0,0,0,0,0,0,0,0,0,0
1770178366141225777,-0.0240737,1.08215,-1.73128,-0.0711179,0.960127,-1.70006,0.109857,1.17169,-2.03747,-0.112227,0.572893,-1.89881,0,0,0,0,0,0,0,0,0,0,0,0,0,0,0,0,0,0,0,0,0,0,0,0
1770178366161298200,-0.0264217,1.08451,-1.73355,-0.0716613,0.960399,-1.69974,0.110301,1.16951,-2.03846,-0.109188,0.575542,-1.89621,0,0,0,0,0,0,0,0,0,0,0,0,0,0,0,0,0,0,0,0,0,0,0,0
1770178366181372576,-0.0240312,1.08211,-1.73124,-0.0711737,0.96006,-1.7001,0.110116,1.17157,-2.03765,-0.112148,0.572967,-1.89873,0,0,0,0,0,0,0,0,0,0,0,0,0,0,0,0,0,0,0,0,0,0,0,0
1770178366201452488,-0.0264548,1.08454,-1.73358,-0.071644,0.960443,-1.6997,0.110143,1.16964,-2.03846,-0.109276,0.575455,-1.89629,0,0,0,0,0,0,0,0,0,0,0,0,0,0,0,0,0,0,0,0,0,0,0,0
1770178366221537551,-0.023994,1.08207,-1.7312,-0.0711678,0.96003,-1.70013,0.110253,1.17143,-2.03762,-0.112086,0.573022,-1.89868,0,0,0,0,0,0,0,0,0,0,0,0,0,0,0,0,0,0,0,0,0,0,0,0
1770178366241609591,-0.0264834,1.08457,-1.7336,-0.0716596,0.96047,-1.69968,0.110012,1.16973,-2.03847,-0.109342,0.575389,-1.89636,0,0,0,0,0,0,0,0,0,0,0,0,0,0,0,0,0,0,0,0,0,0,0,0
1770178366261687774,-0.0239619,1.08204,-1.73117,-0.0711472,0.960006,-1.70015,0.11037,1.17133,-2.03759,-0.112037,0.573064,-1.89864,0,0,0,0,0,0,0,0,0,0,0,0,0,0,0,0,0,0,0,0,0,0,0,0
1770178366281774118,-0.0265077,1.08459,-1.73363,-0.071684,0.960495,-1.69965,0.109902,1.16979,-2.03849,-0.109393,0.575337,-1.89641,0,0,0,0,0,0,0,0,0,0,0,0,0,0,0,0,0,0,0,0,0,0,0,0
1770178366301849229,-0.0239347,1.08201,-1.73114,-0.0711217,0.959981,-1.70018,0.110474,1.17126,-2.03756,-0.111998,0.573099,-1.8986,0,0,0,0,0,0,0,0,0,0,0,0,0,0,0,0,0,0,0,0,0,0,0,0
1770178366321936053,-0.0265279,1.08461,-1.73364,-0.0717124,0.960521,-1.69963,0.109808,1.16984,-2.03852,-0.109435,0.575296,-1.89645,0,0,0,0,0,0,0,0,0,0,0,0,0,0,0,0,0,0,0,0,0,0,0,0
1770178366342007773,-0.0239122,1.08199,-1.73112,-0.0710932,0.959955,-1.7002,0.110566,1.17122,-2.03753,-0.111966,0.573127,-1.89858,0,0,0,0,0,0,0,0,0,0,0,0,0,0,0,0,0,0,0,0,0,0,0,0
1770178366362085572,-0.0265444,1.08463,-1.73366,-0.0717437,0.96055,-1.6996,0.109725,1.16986,-2.03855,-0.109469,0.575263,-1.89648,0,0,0,0,0,0,0,0,0,0,0,0,0,0,0,0,0,0,0,0,0,0,0,0
1770178366382169804,-0.0238938,1.08197,-1.7311,-0.0710621,0.959926,-1.70023,0.110651,1.1712,-2.03749,-0.111939,0.57315,-1.89855,0,0,0,0,0,0,0,0,0,0,0,0,0,0,0,0,0,0,0,0,0,0,0,0
1770178366402253940,-0.0265576,1.08464,-1.73367,-0.0717781,0.960581,-1.69957,0.10965,1.16987,-2.03858,-0.109498,0.575235,-1.89651,0,0,0,0,0,0,0,0,0,0,0,0,0,0,0,0,0,0,0,0,0,0,0,0
1770178366422332667,-0.0238792,1.08195,-1.73108,-0.0710283,0.959895,-1.70026,0.110728,1.17119,-2.03746,-0.111916,0.573169,-1.89853,0,0,0,0,0,0,0,0,0,0,0,0,0,0,0,0,0,0,0,0,0,0,0,0
1770178366442406787,-0.0265679,1.08465,-1.73368,-0.0718156,0.960615,-1.69953,0.109583,1.16988,-2.03861,-0.109522,0.575212,-1.89653,0,0,0,0,0,0,0,0,0,0,0,0,0,0,0,0,0,0,0,0,0,0,0,0
1770178366462481578,-0.0238678,1.08194,-1.73107,-0.0709917,0.959862,-1.7003,0.1108,1.17119,-2.03742,-0.111896,0.573186,-1.89852,0,0,0,0,0,0,0,0,0,0,0,0,0,0,0,0,0,0,0,0,0,0,0,0
1770178366482561650,-0.0265757,1.08466,-1.73369,-0.0718563,0.960653,-1.69949,0.109521,1.16987,-2.03865,-0.109542,0.575192,-1.89655,0,0,0,0,0,0,0,0,0,0,0,0,0,0,0,0,0,0,0,0,0,0,0,0
1770178366502641465,-0.0238591,1.08193,-1.73106,-0.0709522,0.959826,-1.70033,0.110868,1.1712,-2.03738,-0.11188,0.5732,-1.8985,0,0,0,0,0,0,0,0,0,0,0,0,0,0,0,0,0,0,0,0,0,0,0,0
1770178366522718881,-0.0265816,1.08466,-1.73369,-0.0719003,0.960693,-1.69945,0.109464,1.16986,-2.03868,-0.109559,0.575175,-1.89657,0,0,0,0,0,0,0,0,0,0,0,0,0,0,0,0,0,0,0,0,0,0,0,0
1770178366542793640,-0.0238527,1.08193,-1.73106,-0.07091,0.959787,-1.70037,0.110931,1.17121,-2.03734,-0.111865,0.573212,-1.89849,0,0,0,0,0,0,0,0,0,0,0,0,0,0,0,0,0,0,0,0,0,0,0,0
1770178366562866896,-0.0265859,1.08467,-1.7337,-0.0719478,0.960736,-1.69941,0.10941,1.16984,-2.03872,-0.109574,0.575161,-1.89659,0,0,0,0,0,0,0,0,0,0,0,0,0,0,0,0,0,0,0,0,0,0,0,0
1770178366582945687,-0.023848,1.08192,-1.73105,-0.070865,0.959745,-1.70042,0.11099,1.17123,-2.0373,-0.111853,0.573223,-1.89848,0,0,0,0,0,0,0,0,0,0,0,0,0,0,0,0,0,0,0,0,0,0,0,0
1770178366603022335,-0.026589,1.08467,-1.7337,-0.0719985,0.960783,-1.69936,0.10936,1.16982,-2.03876,-0.109587,0.575148,-1.8966,0,0,0,0,0,0,0,0,0,0,0,0,0,0,0,0,0,0,0,0,0,0,0,0
1770178366623097542,-0.0238446,1.08192,-1.73105,-0.0708173,0.959701,-1.70046,0.111046,1.17126,-2.03726,-0.111842,0.573232,-1.89847,0,0,0,0,0,0,0,0,0,0,0,0,0,0,0,0,0,0,0,0,0,0,0,0
1770178366643176718,-0.0265912,1.08467,-1.7337,-0.0720525,0.960832,-1.69931,0.109314,1.1698,-2.03879,-0.109599,0.575137,-1.89661,0,0,0,0,0,0,0,0,0,0,0,0,0,0,0,0,0,0,0,0,0,0,0,0
1770178366663254294,-0.0238423,1.08191,-1.73105,-0.0707673,0.959655,-1.70051,0.111099,1.17128,-2.03722,-0.111832,0.57324,-1.89846,0,0,0,0,0,0,0,0,0,0,0,0,0,0,0,0,0,0,0,0,0,0,0,0
1770178366683331133,-0.0265927,1.08467,-1.7337,-0.0721094,0.960884,-1.69926,0.109271,1.16977,-2.03882,-0.109609,0.575127,-1.89662,0,0,0,0,0,0,0,0,0,0,0,0,0,0,0,0,0,0,0,0,0,0,0,0
1770178366703405125,-0.0238407,1.08191,-1.73104,-0.0707153,0.959607,-1.70056,0.111149,1.17131,-2.03718,-0.111824,0.573247,-1.89846,0,0,0,0,0,0,0,0,0,0,0,0,0,0,0,0,0,0,0,0,0,0,0,0
1770178366723479052,-0.0265938,1.08467,-1.7337,-0.0721689,0.960938,-1.6992,0.109231,1.16975,-2.03886,-0.109617,0.575119,-1.89663,0,0,0,0,0,0,0,0,0,0,0,0,0,0,0,0,0,0,0,0,0,0,0,0
1770178366743555316,-0.0238396,1.08191,-1.73104,-0.0706618,0.959557,-1.70061,0.111195,1.17134,-2.03715,-0.111817,0.573253,-1.89845,0,0,0,0,0,0,0,0,0,0,0,0,0,0,0,0,0,0,0,0,0,0,0,0
1770178366763634299,-0.0265945,1.08467,-1.7337,-0.0722304,0.960995,-1.69915,0.109194,1.16972,-2.03889,-0.109625,0.575112,-1.89663,0,0,0,0,0,0,0,0,0,0,0,0,0,0,0,0,0,0,0,0,0,0,0,0
1770178366783707555,-0.0238388,1.08191,-1.73104,-0.0706074,0.959507,-1.70066,0.111238,1.17137,-2.03711,-0.11181,0.573259,-1.89845,0,0,0,0,0,0,0,0,0,0,0,0,0,0,0,0,0,0,0,0,0,0,0,0
1770178366803785994,-0.026595,1.08467,-1.7337,-0.0722931,0.961052,-1.69909,0.10916,1.1697,-2.03892,-0.109632,0.575105,-1.89664,0,0,0,0,0,0,0,0,0,0,0,0,0,0,0,0,0,0,0,0,0,0,0,0
1770178366823857074,-0.0238383,1.08191,-1.73104,-0.0705527,0.959456,-1.70071,0.111277,1.1714,-2.03708,-0.111804,0.573264,-1.89844,0,0,0,0,0,0,0,0,0,0,0,0,0,0,0,0,0,0,0,0,0,0,0,0
1770178366843935641,-0.0265953,1.08467,-1.7337,-0.0723564,0.96111,-1.69903,0.109129,1.16967,-2.03895,-0.109638,0.575099,-1.89665,0,0,0,0,0,0,0,0,0,0,0,0,0,0,0,0,0,0,0,0,0,0,0,0
1770178366864011233,-0.0238379,1.08191,-1.73104,-0.0704987,0.959406,-1.70076,0.111314,1.17143,-2.03705,-0.111799,0.573268,-1.89844,0,0,0,0,0,0,0,0,0,0,0,0,0,0,0,0,0,0,0,0,0,0,0,0
1770178366884084552,-0.0265955,1.08467,-1.7337,-0.0724192,0.961168,-1.69897,0.109101,1.16965,-2.03897,-0.109643,0.575094,-1.89665,0,0,0,0,0,0,0,0,0,0,0,0,0,0,0,0,0,0,0,0,0,0,0,0
1770178366904158128,-0.0238377,1.08191,-1.73104,-0.0704461,0.959357,-1.70081,0.111347,1.17146,-2.03702,-0.111795,0.573272,-1.89843,0,0,0,0,0,0,0,0,0,0,0,0,0,0,0,0,0,0,0,0,0,0,0,0
1770178366924232503,-0.0265957,1.08467,-1.7337,-0.0724805,0.961224,-1.69892,0.109075,1.16963,-2.03899,-0.109648,0.57509,-1.89665,0,0,0,0,0,0,0,0,0,0,0,0,0,0,0,0,0,0,0,0,0,0,0,0
1770178366944306431,-0.0238375,1.08191,-1.73104,-0.0703956,0.959309,-1.70086,0.111376,1.17148,-2.03699,-0.111791,0.573275,-1.89843,0,0,0,0,0,0,0,0,0,0,0,0,0,0,0,0,0,0,0,0,0,0,0,0
1770178366964382598,-0.0265958,1.08467,-1.7337,-0.0725395,0.961279,-1.69886,0.109053,1.16961,-2.03901,-0.109652,0.575086,-1.89666,0,0,0,0,0,0,0,0,0,0,0,0,0,0,0,0,0,0,0,0,0,0,0,0
1770178366984458414,-0.0238374,1.08191,-1.73104,-0.0703481,0.959265,-1.70091,0.111403,1.17151,-2.03697,-0.111787,0.573278,-1.89843,0,0,0,0,0,0,0,0,0,0,0,0,0,0,0,0,0,0,0,0,0,0,0,0
1770178367004538389,-0.0265958,1.08467,-1.7337,-0.0725951,0.96133,-1.69881,0.109033,1.16959,-2.03903,-0.109656,0.575082,-1.89666,0,0,0,0,0,0,0,0,0,0,0,0,0,0,0,0,0,0,0,0,0,0,0,0
1770178367024610397,-0.0238374,1.08191,-1.73104,-0.0703041,0.959224,-1.70095,0.111427,1.17153,-2.03695,-0.111784,0.573281,-1.89842,0,0,0,0,0,0,0,0,0,0,0,0,0,0,0,0,0,0,0,0,0,0,0,0
1770178367044682340,-0.0265959,1.08467,-1.7337,-0.0726468,0.961378,-1.69876,0.109015,1.16957,-2.03905,-0.109659,0.575079,-1.89667,0,0,0,0,0,0,0,0,0,0,0,0,0,0,0,0,0,0,0,0,0,0,0,0
1770178367064757676,-0.0238373,1.08191,-1.73104,-0.0702641,0.959186,-1.70099,0.111447,1.17155,-2.03693,-0.111781,0.573283,-1.89842,0,0,0,0,0,0,0,0,0,0,0,0,0,0,0,0,0,0,0,0,0,0,0,0
1770178367084840307,-0.0265959,1.08467,-1.7337,-0.0726938,0.961421,-1.69872,0.108999,1.16956,-2.03906,-0.109662,0.575076,-1.89667,0,0,0,0,0,0,0,0,0,0,0,0,0,0,0,0,0,0,0,0,0,0,0,0
1770178367104919867,-0.0238373,1.08191,-1.73104,-0.0702284,0.959153,-1.70102,0.111466,1.17157,-2.03691,-0.111779,0.573285,-1.89842,0,0,0,0,0,0,0,0,0,0,0,0,0,0,0,0,0,0,0,0,0,0,0,0
1770178367124997538,-0.0265959,1.08467,-1.7337,-0.0727358,0.96146,-1.69868,0.108986,1.16954,-2.03908,-0.109665,0.575074,-1.89667,0,0,0,0,0,0,0,0,0,0,0,0,0,0,0,0,0,0,0,0,0,0,0,0
1770178367145074058,-0.0238373,1.08191,-1.73104,-0.0701971,0.959123,-1.70105,0.111482,1.17158,-2.0369,-0.111776,0.573287,-1.89842,0,0,0,0,0,0,0,0,0,0,0,0,0,0,0,0,0,0,0,0,0,0,0,0
1770178367165150514,-0.0265959,1.08467,-1.7337,-0.0727727,0.961494,-1.69864,0.108974,1.16953,-2.03909,-0.109667,0.575071,-1.89667,0,0,0,0,0,0,0,0,0,0,0,0,0,0,0,0,0,0,0,0,0,0,0,0
1770178367185229081,-0.0238372,1.08191,-1.73104,-0.07017,0.959097,-1.70108,0.111495,1.17159,-2.03688,-0.111774,0.573289,-1.89842,0,0,0,0,0,0,0,0,0,0,0,0,0,0,0,0,0,0,0,0,0,0,0,0
1770178367205299584,-0.026596,1.08467,-1.7337,-0.0728046,0.961524,-1.69861,0.108964,1.16952,-2.0391,-0.109669,0.575069,-1.89668,0,0,0,0,0,0,0,0,0,0,0,0,0,0,0,0,0,0,0,0,0,0,0,0
1770178367225378920,-0.0238372,1.08191,-1.73104,-0.0701472,0.959076,-1.7011,0.111507,1.17161,-2.03687,-0.111772,0.573291,-1.89841,0,0,0,0,0,0,0,0,0,0,0,0,0,0,0,0,0,0,0,0,0,0,0,0
1770178367245444111,-0.026596,1.08467,-1.7337,-0.0728316,0.961549,-1.69859,0.108956,1.16951,-2.03911,-0.109671,0.575068,-1.89668,0,0,0,0,0,0,0,0,0,0,0,0,0,0,0,0,0,0,0,0,0,0,0,0
1770178367265518903,-0.0238372,1.08191,-1.73104,-0.0701282,0.959058,-1.70112,0.111517,1.17162,-2.03686,-0.111771,0.573292,-1.89841,0,0,0,0,0,0,0,0,0,0,0,0,0,0,0,0,0,0,0,0,0,0,0,0
1770178367285592894,-0.026596,1.08467,-1.7337,-0.0728539,0.96157,-1.69857,0.108948,1.16951,-2.03911,-0.109673,0.575066,-1.89668,0,0,0,0,0,0,0,0,0,0,0,0,0,0,0,0,0,0,0,0,0,0,0,0
1770178367305670342,-0.0238372,1.08191,-1.73104,-0.0701128,0.959043,-1.70114,0.111526,1.17162,-2.03686,-0.111769,0.573293,-1.89841,0,0,0,0,0,0,0,0,0,0,0,0,0,0,0,0,0,0,0,0,0,0,0,0
1770178367325742797,-0.026596,1.08467,-1.7337,-0.0728721,0.961587,-1.69855,0.108942,1.1695,-2.03912,-0.109674,0.575064,-1.89668,0,0,0,0,0,0,0,0,0,0,0,0,0,0,0,0,0,0,0,0,0,0,0,0
1770178367345821589,-0.0238372,1.08191,-1.73104,-0.0701007,0.959032,-1.70115,0.111533,1.17163,-2.03685,-0.111768,0.573294,-1.89841,0,0,0,0,0,0,0,0,0,0,0,0,0,0,0,0,0,0,0,0,0,0,0,0
1770178367365900508,-0.026596,1.08467,-1.7337,-0.0728864,0.9616,-1.69854,0.108937,1.16949,-2.03913,-0.109676,0.575063,-1.89668,0,0,0,0,0,0,0,0,0,0,0,0,0,0,0,0,0,0,0,0,0,0,0,0
1770178367385971652,-0.0238372,1.08191,-1.73104,-0.0700915,0.959023,-1.70116,0.111539,1.17164,-2.03684,-0.111767,0.573295,-1.89841,0,0,0,0,0,0,0,0,0,0,0,0,0,0,0,0,0,0,0,0,0,0,0,0
1770178367406045515,-0.026596,1.08467,-1.7337,-0.0728973,0.96161,-1.69853,0.108933,1.16949,-2.03913,-0.109677,0.575062,-1.89668,0,0,0,0,0,0,0,0,0,0,0,0,0,0,0,0,0,0,0,0,0,0,0,0
1770178367426120723,-0.0238372,1.08191,-1.73104,-0.0700848,0.959017,-1.70116,0.111544,1.17164,-2.03684,-0.111766,0.573296,-1.89841,0,0,0,0,0,0,0,0,0,0,0,0,0,0,0,0,0,0,0,0,0,0,0,0
1770178367446201435,-0.026596,1.08467,-1.7337,-0.0729052,0.961617,-1.69852,0.108929,1.16949,-2.03913,-0.109678,0.575061,-1.89668,0,0,0,0,0,0,0,0,0,0,0,0,0,0,0,0,0,0,0,0,0,0,0,0
1770178367466285922,-0.0238372,1.08191,-1.73104,-0.0700801,0.959012,-1.70117,0.111549,1.17165,-2.03683,-0.111765,0.573297,-1.89841,0,0,0,0,0,0,0,0,0,0,0,0,0,0,0,0,0,0,0,0,0,0,0,0
1770178367486365258,-0.026596,1.08467,-1.7337,-0.0729107,0.961623,-1.69852,0.108926,1.16948,-2.03914,-0.109679,0.57506,-1.89668,0,0,0,0,0,0,0,0,0,0,0,0,0,0,0,0,0,0,0,0,0,0,0,0
1770178367506444401,-0.0238372,1.08191,-1.73104,-0.070077,0.959009,-1.70117,0.111552,1.17165,-2.03683,-0.111764,0.573298,-1.89841,0,0,0,0,0,0,0,0,0,0,0,0,0,0,0,0,0,0,0,0,0,0,0,0
1770178367526522265,-0.026596,1.08467,-1.7337,-0.0729143,0.961626,-1.69851,0.108923,1.16948,-2.03914,-0.10968,0.575059,-1.89669,0,0,0,0,0,0,0,0,0,0,0,0,0,0,0,0,0,0,0,0,0,0,0,0
1770178367546596544,-0.0238372,1.08191,-1.73104,-0.0700752,0.959008,-1.70117,0.111555,1.17165,-2.03683,-0.111763,0.573298,-1.89841,0,0,0,0,0,0,0,0,0,0,0,0,0,0,0,0,0,0,0,0,0,0,0,0
1770178367566671912,-0.026596,1.08467,-1.7337,-0.0729165,0.961628,-1.69851,0.108921,1.16948,-2.03914,-0.109681,0.575058,-1.89669,0,0,0,0,0,0,0,0,0,0,0,0,0,0,0,0,0,0,0,0,0,0,0,0
1770178367586743599,-0.0238372,1.08191,-1.73104,-0.0700741,0.959007,-1.70117,0.111558,1.17166,-2.03682,-0.111762,0.573299,-1.89841,0,0,0,0,0,0,0,0,0,0,0,0,0,0,0,0,0,0,0,0,0,0,0,0
1770178367606815319,-0.026596,1.08467,-1.7337,-0.0729178,0.961629,-1.69851,0.108919,1.16948,-2.03914,-0.109682,0.575058,-1.89669,0,0,0,0,0,0,0,0,0,0,0,0,0,0,0,0,0,0,0,0,0,0,0,0
1770178367626895326,-0.0238372,1.08191,-1.73104,-0.0700734,0.959006,-1.70117,0.11156,1.17166,-2.03682,-0.111762,0.5733,-1.89841,0,0,0,0,0,0,0,0,0,0,0,0,0,0,0,0,0,0,0,0,0,0,0,0
1770178367646974630,-0.026596,1.08467,-1.7337,-0.0729186,0.96163,-1.69851,0.108918,1.16947,-2.03914,-0.109682,0.575057,-1.89669,0,0,0,0,0,0,0,0,0,0,0,0,0,0,0,0,0,0,0,0,0,0,0,0
1770178367667055918,-0.0238372,1.08191,-1.73104,-0.0700731,0.959006,-1.70117,0.111562,1.17166,-2.03682,-0.111761,0.5733,-1.89841,0,0,0,0,0,0,0,0,0,0,0,0,0,0,0,0,0,0,0,0,0,0,0,0
1770178367687131573,-0.026596,1.08467,-1.7337,-0.072919,0.96163,-1.69851,0.108917,1.16947,-2.03915,-0.109683,0.575056,-1.89669,0,0,0,0,0,0,0,0,0,0,0,0,0,0,0,0,0,0,0,0,0,0,0,0
1770178367707207037,-0.0238372,1.08191,-1.73104,-0.0700729,0.959005,-1.70117,0.111563,1.17166,-2.03682,-0.111761,0.5733,-1.8984,0,0,0,0,0,0,0,0,0,0,0,0,0,0,0,0,0,0,0,0,0,0,0,0
1770178367727281828,-0.026596,1.08467,-1.7337,-0.0729192,0.961631,-1.69851,0.108916,1.16947,-2.03915,-0.109683,0.575056,-1.89669,0,0,0,0,0,0,0,0,0,0,0,0,0,0,0,0,0,0,0,0,0,0,0,0
1770178367747357292,-0.0238372,1.08191,-1.73104,-0.0700728,0.959005,-1.70117,0.111565,1.17166,-2.03682,-0.11176,0.573301,-1.8984,0,0,0,0,0,0,0,0,0,0,0,0,0,0,0,0,0,0,0,0,0,0,0,0
1770178367767432787,-0.026596,1.08467,-1.7337,-0.0729193,0.961631,-1.69851,0.108915,1.16947,-2.03915,-0.109684,0.575055,-1.89669,0,0,0,0,0,0,0,0,0,0,0,0,0,0,0,0,0,0,0,0,0,0,0,0
1770178367787509755,-0.0238372,1.08191,-1.73104,-0.0700727,0.959005,-1.70117,0.111566,1.17167,-2.03682,-0.11176,0.573301,-1.8984,0,0,0,0,0,0,0,0,0,0,0,0,0,0,0,0,0,0,0,0,0,0,0,0
1770178367807585890,-0.026596,1.08467,-1.7337,-0.0729194,0.961631,-1.69851,0.108914,1.16947,-2.03915,-0.109684,0.575055,-1.89669,0,0,0,0,0,0,0,0,0,0,0,0,0,0,0,0,0,0,0,0,0,0,0,0
1770178367827664138,-0.0238372,1.08191,-1.73104,-0.0700727,0.959005,-1.70117,0.111567,1.17167,-2.03682,-0.111759,0.573301,-1.8984,0,0,0,0,0,0,0,0,0,0,0,0,0,0,0,0,0,0,0,0,0,0,0,0
1770178367847742097,-0.026596,1.08467,-1.7337,-0.0729194,0.961631,-1.69851,0.108913,1.16947,-2.03915,-0.109685,0.575055,-1.89669,0,0,0,0,0,0,0,0,0,0,0,0,0,0,0,0,0,0,0,0,0,0,0,0
1770178367867814201,-0.0238372,1.08191,-1.73104,-0.0700727,0.959005,-1.70117,0.111567,1.17167,-2.03682,-0.111759,0.573302,-1.8984,0,0,0,0,0,0,0,0,0,0,0,0,0,0,0,0,0,0,0,0,0,0,0,0
1770178367887895232,-0.026596,1.08467,-1.7337,-0.0729194,0.961631,-1.69851,0.108913,1.16947,-2.03915,-0.109685,0.575054,-1.89669,0,0,0,0,0,0,0,0,0,0,0,0,0,0,0,0,0,0,0,0,0,0,0,0
1770178367907973704,-0.0238372,1.08191,-1.73104,-0.0700727,0.959005,-1.70117,0.111568,1.17167,-2.03681,-0.111759,0.573302,-1.8984,0,0,0,0,0,0,0,0,0,0,0,0,0,0,0,0,0,0,0,0,0,0,0,0
1770178367928051280,-0.026596,1.08467,-1.7337,-0.0729195,0.961631,-1.69851,0.108913,1.16947,-2.03915,-0.109685,0.575054,-1.89669,0,0,0,0,0,0,0,0,0,0,0,0,0,0,0,0,0,0,0,0,0,0,0,0
1770178367948125015,-0.0238372,1.08191,-1.73104,-0.0700727,0.959005,-1.70117,0.111568,1.17167,-2.03681,-0.111759,0.573302,-1.8984,0,0,0,0,0,0,0,0,0,0,0,0,0,0,0,0,0,0,0,0,0,0,0,0
1770178367968202207,-0.026596,1.08467,-1.7337,-0.0729195,0.961631,-1.69851,0.108912,1.16947,-2.03915,-0.109686,0.575054,-1.89669,0,0,0,0,0,0,0,0,0,0,0,0,0,0,0,0,0,0,0,0,0,0,0,0
1770178367988279270,-0.0238372,1.08191,-1.73104,-0.0700727,0.959005,-1.70117,0.111569,1.17167,-2.03681,-0.111758,0.573302,-1.8984,0,0,0,0,0,0,0,0,0,0,0,0,0,0,0,0,0,0,0,0,0,0,0,0
1770178368008357038,-0.026596,1.08467,-1.7337,-0.0729195,0.961631,-1.69851,0.108912,1.16947,-2.03915,-0.109686,0.575054,-1.89669,0,0,0,0,0,0,0,0,0,0,0,0,0,0,0,0,0,0,0,0,0,0,0,0
1770178368028429781,-0.0238372,1.08191,-1.73104,-0.0700727,0.959005,-1.70117,0.111569,1.17167,-2.03681,-0.111758,0.573303,-1.8984,0,0,0,0,0,0,0,0,0,0,0,0,0,0,0,0,0,0,0,0,0,0,0,0
1770178368048508701,-0.026596,1.08467,-1.7337,-0.0729195,0.961631,-1.69851,0.108912,1.16947,-2.03915,-0.109686,0.575053,-1.89669,0,0,0,0,0,0,0,0,0,0,0,0,0,0,0,0,0,0,0,0,0,0,0,0
1770178368068587364,-0.0238372,1.08191,-1.73104,-0.0700727,0.959005,-1.70117,0.111569,1.17167,-2.03681,-0.111758,0.573303,-1.8984,0,0,0,0,0,0,0,0,0,0,0,0,0,0,0,0,0,0,0,0,0,0,0,0
1770178368088661292,-0.026596,1.08467,-1.7337,-0.0729195,0.961631,-1.69851,0.108911,1.16947,-2.03915,-0.109686,0.575053,-1.89669,0,0,0,0,0,0,0,0,0,0,0,0,0,0,0,0,0,0,0,0,0,0,0,0
1770178368108739891,-0.0238372,1.08191,-1.73104,-0.0700727,0.959005,-1.70117,0.11157,1.17167,-2.03681,-0.111758,0.573303,-1.8984,0,0,0,0,0,0,0,0,0,0,0,0,0,0,0,0,0,0,0,0,0,0,0,0
1770178368128817947,-0.026596,1.08467,-1.7337,-0.0729195,0.961631,-1.69851,0.108911,1.16947,-2.03915,-0.109686,0.575053,-1.89669,0,0,0,0,0,0,0,0,0,0,0,0,0,0,0,0,0,0,0,0,0,0,0,0
1770178368148897890,-0.0238372,1.08191,-1.73104,-0.0700727,0.959005,-1.70117,0.11157,1.17167,-2.03681,-0.111758,0.573303,-1.8984,0,0,0,0,0,0,0,0,0,0,0,0,0,0,0,0,0,0,0,0,0,0,0,0
1770178368168976490,-0.026596,1.08467,-1.7337,-0.0729195,0.961631,-1.69851,0.108911,1.16947,-2.03915,-0.109687,0.575053,-1.89669,0,0,0,0,0,0,0,0,0,0,0,0,0,0,0,0,0,0,0,0,0,0,0,0
1770178368189055890,-0.0238372,1.08191,-1.73104,-0.0700727,0.959005,-1.70117,0.11157,1.17167,-2.03681,-0.111757,0.573303,-1.8984,0,0,0,0,0,0,0,0,0,0,0,0,0,0,0,0,0,0,0,0,0,0,0,0
1770178368209134745,-0.026596,1.08467,-1.7337,-0.0729195,0.961631,-1.69851,0.108911,1.16947,-2.03915,-0.109687,0.575053,-1.89669,0,0,0,0,0,0,0,0,0,0,0,0,0,0,0,0,0,0,0,0,0,0,0,0
1770178368229212673,-0.0238372,1.08191,-1.73104,-0.0700727,0.959005,-1.70117,0.11157,1.17167,-2.03681,-0.111757,0.573303,-1.8984,0,0,0,0,0,0,0,0,0,0,0,0,0,0,0,0,0,0,0,0,0,0,0,0
1770178368249291592,-0.026596,1.08467,-1.7337,-0.0729195,0.961631,-1.69851,0.108911,1.16947,-2.03915,-0.109687,0.575053,-1.89669,0,0,0,0,0,0,0,0,0,0,0,0,0,0,0,0,0,0,0,0,0,0,0,0
1770178368269368016,-0.0238372,1.08191,-1.73104,-0.0700727,0.959005,-1.70117,0.11157,1.17167,-2.03681,-0.111757,0.573303,-1.8984,0,0,0,0,0,0,0,0,0,0,0,0,0,0,0,0,0,0,0,0,0,0,0,0
1770178368289446583,-0.026596,1.08467,-1.7337,-0.0729195,0.961631,-1.69851,0.108911,1.16947,-2.03915,-0.109687,0.575052,-1.89669,0,0,0,0,0,0,0,0,0,0,0,0,0,0,0,0,0,0,0,0,0,0,0,0
1770178368309521183,-0.0238372,1.08191,-1.73104,-0.0700727,0.959005,-1.70117,0.11157,1.17167,-2.03681,-0.111757,0.573303,-1.8984,0,0,0,0,0,0,0,0,0,0,0,0,0,0,0,0,0,0,0,0,0,0,0,0
1770178368329597446,-0.026596,1.08467,-1.7337,-0.0729195,0.961631,-1.69851,0.108911,1.16947,-2.03915,-0.109687,0.575052,-1.89669,0,0,0,0,0,0,0,0,0,0,0,0,0,0,0,0,0,0,0,0,0,0,0,0
1770178368349676174,-0.0238372,1.08191,-1.73104,-0.0700727,0.959005,-1.70117,0.11157,1.17167,-2.03681,-0.111757,0.573304,-1.8984,0,0,0,0,0,0,0,0,0,0,0,0,0,0,0,0,0,0,0,0,0,0,0,0
1770178368369755254,-0.026596,1.08467,-1.7337,-0.0729195,0.961631,-1.69851,0.108911,1.16947,-2.03915,-0.109687,0.575052,-1.89669,0,0,0,0,0,0,0,0,0,0,0,0,0,0,0,0,0,0,0,0,0,0,0,0
1770178368389834909,-0.0238372,1.08191,-1.73104,-0.0700727,0.959005,-1.70117,0.11157,1.17167,-2.03681,-0.111757,0.573304,-1.8984,0,0,0,0,0,0,0,0,0,0,0,0,0,0,0,0,0,0,0,0,0,0,0,0
1770178368409913189,-0.026596,1.08467,-1.7337,-0.0729195,0.961631,-1.69851,0.108911,1.16947,-2.03915,-0.109687,0.575052,-1.89669,0,0,0,0,0,0,0,0,0,0,0,0,0,0,0,0,0,0,0,0,0,0,0,0
1770178368429991372,-0.0238372,1.08191,-1.73104,-0.0700727,0.959005,-1.70117,0.11157,1.17167,-2.03681,-0.111757,0.573304,-1.8984,0,0,0,0,0,0,0,0,0,0,0,0,0,0,0,0,0,0,0,0,0,0,0,0
1770178368450071252,-0.026596,1.08467,-1.7337,-0.0729195,0.961631,-1.69851,0.108911,1.16947,-2.03915,-0.109687,0.575052,-1.89669,0,0,0,0,0,0,0,0,0,0,0,0,0,0,0,0,0,0,0,0,0,0,0,0
1770178368470146139,-0.0238372,1.08191,-1.73104,-0.0700727,0.959005,-1.70117,0.111571,1.17167,-2.03681,-0.111757,0.573304,-1.8984,0,0,0,0,0,0,0,0,0,0,0,0,0,0,0,0,0,0,0,0,0,0,0,0
1770178368490224643,-0.026596,1.08467,-1.7337,-0.0729195,0.961631,-1.69851,0.108911,1.16947,-2.03915,-0.109688,0.575052,-1.89669,0,0,0,0,0,0,0,0,0,0,0,0,0,0,0,0,0,0,0,0,0,0,0,0
1770178368510299915,-0.0238372,1.08191,-1.73104,-0.0700727,0.959005,-1.70117,0.111571,1.17167,-2.03681,-0.111757,0.573304,-1.8984,0,0,0,0,0,0,0,0,0,0,0,0,0,0,0,0,0,0,0,0,0,0,0,0
1770178368530379922,-0.026596,1.08467,-1.7337,-0.0729195,0.961631,-1.69851,0.108911,1.16947,-2.03915,-0.109688,0.575052,-1.89669,0,0,0,0,0,0,0,0,0,0,0,0,0,0,0,0,0,0,0,0,0,0,0,0
1770178368550456346,-0.0238372,1.08191,-1.73104,-0.0700727,0.959005,-1.70117,0.111571,1.17167,-2.03681,-0.111757,0.573304,-1.8984,0,0,0,0,0,0,0,0,0,0,0,0,0,0,0,0,0,0,0,0,0,0,0,0
1770178368570536257,-0.026596,1.08467,-1.7337,-0.0729195,0.961631,-1.69851,0.108911,1.16947,-2.03915,-0.109688,0.575052,-1.89669,0,0,0,0,0,0,0,0,0,0,0,0,0,0,0,0,0,0,0,0,0,0,0,0
1770178368590616201,-0.0238372,1.08191,-1.73104,-0.0700727,0.959005,-1.70117,0.111571,1.17167,-2.03681,-0.111757,0.573304,-1.8984,0,0,0,0,0,0,0,0,0,0,0,0,0,0,0,0,0,0,0,0,0,0,0,0
1770178368610702929,-0.026596,1.08467,-1.7337,-0.0729195,0.961631,-1.69851,0.108911,1.16947,-2.03915,-0.109688,0.575052,-1.89669,0,0,0,0,0,0,0,0,0,0,0,0,0,0,0,0,0,0,0,0,0,0,0,0
1770178368630781688,-0.0238372,1.08191,-1.73104,-0.0700727,0.959005,-1.70117,0.111571,1.17167,-2.03681,-0.111756,0.573304,-1.8984,0,0,0,0,0,0,0,0,0,0,0,0,0,0,0,0,0,0,0,0,0,0,0,0
1770178368650861472,-0.026596,1.08467,-1.7337,-0.0729195,0.961631,-1.69851,0.108911,1.16947,-2.03915,-0.109688,0.575052,-1.89669,0,0,0,0,0,0,0,0,0,0,0,0,0,0,0,0,0,0,0,0,0,0,0,0
1770178368670940391,-0.0238372,1.08191,-1.73104,-0.0700727,0.959005,-1.70117,0.111571,1.17167,-2.03681,-0.111756,0.573304,-1.8984,0,0,0,0,0,0,0,0,0,0,0,0,0,0,0,0,0,0,0,0,0,0,0,0
1770178368691018127,-0.026596,1.08467,-1.7337,-0.0729195,0.961631,-1.69851,0.108911,1.16947,-2.03915,-0.109688,0.575052,-1.89669,0,0,0,0,0,0,0,0,0,0,0,0,0,0,0,0,0,0,0,0,0,0,0,0
1770178368711098487,-0.0238372,1.08191,-1.73104,-0.0700727,0.959005,-1.70117,0.111571,1.17167,-2.03681,-0.111756,0.573304,-1.8984,0,0,0,0,0,0,0,0,0,0,0,0,0,0,0,0,0,0,0,0,0,0,0,0
1770178368731177086,-0.026596,1.08467,-1.7337,-0.0729195,0.961631,-1.69851,0.108911,1.16947,-2.03915,-0.109688,0.575052,-1.89669,0,0,0,0,0,0,0,0,0,0,0,0,0,0,0,0,0,0,0,0,0,0,0,0
1770178368751257670,-0.0238372,1.08191,-1.73104,-0.0700727,0.959005,-1.70117,0.111571,1.17167,-2.03681,-0.111756,0.573304,-1.8984,0,0,0,0,0,0,0,0,0,0,0,0,0,0,0,0,0,0,0,0,0,0,0,0
1770178368771340717,-0.026596,1.08467,-1.7337,-0.0729195,0.961631,-1.69851,0.108911,1.16947,-2.03915,-0.109688,0.575052,-1.89669,0,0,0,0,0,0,0,0,0,0,0,0,0,0,0,0,0,0,0,0,0,0,0,0
1770178368791419477,-0.0238372,1.08191,-1.73104,-0.0700727,0.959005,-1.70117,0.111571,1.17167,-2.03681,-0.111756,0.573304,-1.8984,0,0,0,0,0,0,0,0,0,0,0,0,0,0,0,0,0,0,0,0,0,0,0,0
1770178368811498941,-0.026596,1.08467,-1.7337,-0.0729195,0.961631,-1.69851,0.108911,1.16947,-2.03915,-0.109688,0.575052,-1.89669,0,0,0,0,0,0,0,0,0,0,0,0,0,0,0,0,0,0,0,0,0,0,0,0
1770178368831579588,-0.0238372,1.08191,-1.73104,-0.0700727,0.959005,-1.70117,0.111571,1.17167,-2.03681,-0.111756,0.573304,-1.8984,0,0,0,0,0,0,0,0,0,0,0,0,0,0,0,0,0,0,0,0,0,0,0,0
1770178368851658604,-0.026596,1.08467,-1.7337,-0.0729195,0.961631,-1.69851,0.108911,1.16947,-2.03915,-0.109688,0.575052,-1.89669,0,0,0,0,0,0,0,0,0,0,0,0,0,0,0,0,0,0,0,0,0,0,0,0
1770178368871736019,-0.0238372,1.08191,-1.73104,-0.0700727,0.959005,-1.70117,0.111571,1.17167,-2.03681,-0.111756,0.573304,-1.8984,0,0,0,0,0,0,0,0,0,0,0,0,0,0,0,0,0,0,0,0,0,0,0,0
1770178368891809115,-0.026596,1.08467,-1.7337,-0.0729195,0.961631,-1.69851,0.108911,1.16947,-2.03915,-0.109688,0.575052,-1.89669,0,0,0,0,0,0,0,0,0,0,0,0,0,0,0,0,0,0,0,0,0,0,0,0
1770178368911887714,-0.0238372,1.08191,-1.73104,-0.0700727,0.959005,-1.70117,0.111571,1.17167,-2.03681,-0.111756,0.573304,-1.8984,0,0,0,0,0,0,0,0,0,0,0,0,0,0,0,0,0,0,0,0,0,0,0,0
1770178368931961194,-0.026596,1.08467,-1.7337,-0.0729195,0.961631,-1.69851,0.108911,1.16947,-2.03915,-0.109688,0.575052,-1.89669,0,0,0,0,0,0,0,0,0,0,0,0,0,0,0,0,0,0,0,0,0,0,0,0
1770178368952038513,-0.0238372,1.08191,-1.73104,-0.0700727,0.959005,-1.70117,0.111571,1.17167,-2.03681,-0.111756,0.573304,-1.8984,0,0,0,0,0,0,0,0,0,0,0,0,0,0,0,0,0,0,0,0,0,0,0,0
1770178368972113561,-0.026596,1.08467,-1.7337,-0.0729195,0.961631,-1.69851,0.108911,1.16947,-2.03915,-0.109688,0.575052,-1.89669,0,0,0,0,0,0,0,0,0,0,0,0,0,0,0,0,0,0,0,0,0,0,0,0
1770178368992190976,-0.0238372,1.08191,-1.73104,-0.0700727,0.959005,-1.70117,0.111571,1.17167,-2.03681,-0.111756,0.573304,-1.8984,0,0,0,0,0,0,0,0,0,0,0,0,0,0,0,0,0,0,0,0,0,0,0,0
1770178369012269032,-0.026596,1.08467,-1.7337,-0.0729195,0.961631,-1.69851,0.108911,1.16947,-2.03915,-0.109688,0.575052,-1.89669,0,0,0,0,0,0,0,0,0,0,0,0,0,0,0,0,0,0,0,0,0,0,0,0
1770178369032346223,-0.0238372,1.08191,-1.73104,-0.0700727,0.959005,-1.70117,0.111571,1.17167,-2.03681,-0.111756,0.573304,-1.8984,0,0,0,0,0,0,0,0,0,0,0,0,0,0,0,0,0,0,0,0,0,0,0,0
1770178369052427223,-0.026596,1.08467,-1.7337,-0.0729195,0.961631,-1.69851,0.108911,1.16947,-2.03915,-0.109688,0.575052,-1.89669,0,0,0,0,0,0,0,0,0,0,0,0,0,0,0,0,0,0,0,0,0,0,0,0
1770178369072499519,-0.0238372,1.08191,-1.73104,-0.0700727,0.959005,-1.70117,0.111571,1.17167,-2.03681,-0.111756,0.573304,-1.8984,0,0,0,0,0,0,0,0,0,0,0,0,0,0,0,0,0,0,0,0,0,0,0,0
1770178369092599559,-0.026596,1.08467,-1.7337,-0.0729195,0.961631,-1.69851,0.108911,1.16947,-2.03915,-0.109688,0.575052,-1.89669,0,0,0,0,0,0,0,0,0,0,0,0,0,0,0,0,0,0,0,0,0,0,0,0
1770178369112677966,-0.0238372,1.08191,-1.73104,-0.0700727,0.959005,-1.70117,0.111571,1.17167,-2.03681,-0.111756,0.573304,-1.8984,0,0,0,0,0,0,0,0,0,0,0,0,0,0,0,0,0,0,0,0,0,0,0,0
1770178369132755158,-0.026596,1.08467,-1.7337,-0.0729195,0.961631,-1.69851,0.108911,1.16947,-2.03915,-0.109688,0.575052,-1.89669,0,0,0,0,0,0,0,0,0,0,0,0,0,0,0,0,0,0,0,0,0,0,0,0
1770178369152833981,-0.0238372,1.08191,-1.73104,-0.0700727,0.959005,-1.70117,0.111571,1.17167,-2.03681,-0.111756,0.573304,-1.8984,0,0,0,0,0,0,0,0,0,0,0,0,0,0,0,0,0,0,0,0,0,0,0,0
1770178369172911781,-0.026596,1.08467,-1.7337,-0.0729195,0.961631,-1.69851,0.108911,1.16947,-2.03915,-0.109688,0.575052,-1.89669,0,0,0,0,0,0,0,0,0,0,0,0,0,0,0,0,0,0,0,0,0,0,0,0
1770178369192989516,-0.0238372,1.08191,-1.73104,-0.0700727,0.959005,-1.70117,0.111571,1.17167,-2.03681,-0.111756,0.573304,-1.8984,0,0,0,0,0,0,0,0,0,0,0,0,0,0,0,0,0,0,0,0,0,0,0,0
1770178369213067380,-0.026596,1.08467,-1.7337,-0.0729195,0.961631,-1.69851,0.108911,1.16947,-2.03915,-0.109688,0.575051,-1.89669,0,0,0,0,0,0,0,0,0,0,0,0,0,0,0,0,0,0,0,0,0,0,0,0
1770178369233143931,-0.0238372,1.08191,-1.73104,-0.0700727,0.959005,-1.70117,0.111571,1.17167,-2.03681,-0.111756,0.573304,-1.8984,0,0,0,0,0,0,0,0,0,0,0,0,0,0,0,0,0,0,0,0,0,0,0,0
1770178369253223459,-0.026596,1.08467,-1.7337,-0.0729195,0.961631,-1.69851,0.108911,1.16947,-2.03915,-0.109688,0.575051,-1.89669,0,0,0,0,0,0,0,0,0,0,0,0,0,0,0,0,0,0,0,0,0,0,0,0
1770178369273301547,-0.0238372,1.08191,-1.73104,-0.0700727,0.959005,-1.70117,0.111571,1.17167,-2.03681,-0.111756,0.573304,-1.8984,0,0,0,0,0,0,0,0,0,0,0,0,0,0,0,0,0,0,0,0,0,0,0,0
1770178369293380306,-0.026596,1.08467,-1.7337,-0.0729195,0.961631,-1.69851,0.108911,1.16947,-2.03915,-0.109688,0.575051,-1.89669,0,0,0,0,0,0,0,0,0,0,0,0,0,0,0,0,0,0,0,0,0,0,0,0
1770178369313459674,-0.0238372,1.08191,-1.73104,-0.0700727,0.959005,-1.70117,0.111571,1.17167,-2.03681,-0.111756,0.573304,-1.8984,0,0,0,0,0,0,0,0,0,0,0,0,0,0,0,0,0,0,0,0,0,0,0,0
1770178369333557122,-0.026596,1.08467,-1.7337,-0.0729195,0.961631,-1.69851,0.108911,1.16947,-2.03915,-0.109688,0.575051,-1.89669,0,0,0,0,0,0,0,0,0,0,0,0,0,0,0,0,0,0,0,0,0,0,0,0
1770178369353633801,-0.0238372,1.08191,-1.73104,-0.0700727,0.959005,-1.70117,0.111571,1.17167,-2.03681,-0.111756,0.573304,-1.8984,0,0,0,0,0,0,0,0,0,0,0,0,0,0,0,0,0,0,0,0,0,0,0,0
1770178369373711889,-0.026596,1.08467,-1.7337,-0.0729195,0.961631,-1.69851,0.108911,1.16947,-2.03915,-0.109688,0.575051,-1.89669,0,0,0,0,0,0,0,0,0,0,0,0,0,0,0,0,0,0,0,0,0,0,0,0
1770178369393790296,-0.0238372,1.08191,-1.73104,-0.0700727,0.959005,-1.70117,0.111571,1.17167,-2.03681,-0.111756,0.573304,-1.8984,0,0,0,0,0,0,0,0,0,0,0,0,0,0,0,0,0,0,0,0,0,0,0,0
1770178369413868256,-0.026596,1.08467,-1.7337,-0.0729195,0.961631,-1.69851,0.108911,1.16947,-2.03915,-0.109688,0.575051,-1.89669,0,0,0,0,0,0,0,0,0,0,0,0,0,0,0,0,0,0,0,0,0,0,0,0
1770178369433946600,-0.0238372,1.08191,-1.73104,-0.0700727,0.959005,-1.70117,0.111571,1.17167,-2.03681,-0.111756,0.573304,-1.8984,0,0,0,0,0,0,0,0,0,0,0,0,0,0,0,0,0,0,0,0,0,0,0,0
1770178369454025679,-0.026596,1.08467,-1.7337,-0.0729195,0.961631,-1.69851,0.108911,1.16947,-2.03915,-0.109688,0.575051,-1.89669,0,0,0,0,0,0,0,0,0,0,0,0,0,0,0,0,0,0,0,0,0,0,0,0
1770178369474105335,-0.0238372,1.08191,-1.73104,-0.0700727,0.959005,-1.70117,0.111571,1.17167,-2.03681,-0.111756,0.573304,-1.8984,0,0,0,0,0,0,0,0,0,0,0,0,0,0,0,0,0,0,0,0,0,0,0,0
1770178369494182910,-0.026596,1.08467,-1.7337,-0.0729195,0.961631,-1.69851,0.108911,1.16947,-2.03915,-0.109688,0.575051,-1.89669,0,0,0,0,0,0,0,0,0,0,0,0,0,0,0,0,0,0,0,0,0,0,0,0
1770178369514262086,-0.0238372,1.08191,-1.73104,-0.0700727,0.959005,-1.70117,0.111571,1.17167,-2.03681,-0.111756,0.573304,-1.8984,0,0,0,0,0,0,0,0,0,0,0,0,0,0,0,0,0,0,0,0,0,0,0,0
1770178369534336845,-0.026596,1.08467,-1.7337,-0.0729195,0.961631,-1.69851,0.108911,1.16947,-2.03915,-0.109688,0.575051,-1.89669,0,0,0,0,0,0,0,0,0,0,0,0,0,0,0,0,0,0,0,0,0,0,0,0
1770178369554407541,-0.0238372,1.08191,-1.73104,-0.0700727,0.959005,-1.70117,0.111571,1.17167,-2.03681,-0.111756,0.573304,-1.8984,0,0,0,0,0,0,0,0,0,0,0,0,0,0,0,0,0,0,0,0,0,0,0,0
1770178369574486076,-0.026596,1.08467,-1.7337,-0.0729195,0.961631,-1.69851,0.108911,1.16947,-2.03915,-0.109688,0.575051,-1.89669,0,0,0,0,0,0,0,0,0,0,0,0,0,0,0,0,0,0,0,0,0,0,0,0
1770178369594566308,-0.0238372,1.08191,-1.73104,-0.0700727,0.959005,-1.70117,0.111571,1.17167,-2.03681,-0.111756,0.573304,-1.8984,0,0,0,0,0,0,0,0,0,0,0,0,0,0,0,0,0,0,0,0,0,0,0,0
1770178369614643724,-0.026596,1.08467,-1.7337,-0.0729195,0.961631,-1.69851,0.108911,1.16947,-2.03915,-0.109688,0.575051,-1.89669,0,0,0,0,0,0,0,0,0,0,0,0,0,0,0,0,0,0,0,0,0,0,0,0
1770178369634721747,-0.0238372,1.08191,-1.73104,-0.0700727,0.959005,-1.70117,0.111571,1.17167,-2.03681,-0.111756,0.573304,-1.8984,0,0,0,0,0,0,0,0,0,0,0,0,0,0,0,0,0,0,0,0,0,0,0,0
1770178369654799515,-0.026596,1.08467,-1.7337,-0.0729195,0.961631,-1.69851,0.108911,1.16947,-2.03915,-0.109688,0.575051,-1.89669,0,0,0,0,0,0,0,0,0,0,0,0,0,0,0,0,0,0,0,0,0,0,0,0
1770178369674875618,-0.0238372,1.08191,-1.73104,-0.0700727,0.959005,-1.70117,0.111571,1.17167,-2.03681,-0.111756,0.573304,-1.8984,0,0,0,0,0,0,0,0,0,0,0,0,0,0,0,0,0,0,0,0,0,0,0,0
1770178369694950058,-0.026596,1.08467,-1.7337,-0.0729195,0.961631,-1.69851,0.108911,1.16947,-2.03915,-0.109688,0.575051,-1.89669,0,0,0,0,0,0,0,0,0,0,0,0,0,0,0,0,0,0,0,0,0,0,0,0
1770178369715030321,-0.0238372,1.08191,-1.73104,-0.0700727,0.959005,-1.70117,0.111571,1.17167,-2.03681,-0.111756,0.573304,-1.8984,0,0,0,0,0,0,0,0,0,0,0,0,0,0,0,0,0,0,0,0,0,0,0,0
1770178369735109945,-0.026596,1.08467,-1.7337,-0.0729195,0.961631,-1.69851,0.108911,1.16947,-2.03915,-0.109688,0.575051,-1.89669,0,0,0,0,0,0,0,0,0,0,0,0,0,0,0,0,0,0,0,0,0,0,0,0
1770178369755196449,-0.0238372,1.08191,-1.73104,-0.0700727,0.959005,-1.70117,0.111571,1.17167,-2.03681,-0.111756,0.573304,-1.8984,0,0,0,0,0,0,0,0,0,0,0,0,0,0,0,0,0,0,0,0,0,0,0,0
1770178369775275752,-0.026596,1.08467,-1.7337,-0.0729195,0.961631,-1.69851,0.108911,1.16947,-2.03915,-0.109688,0.575051,-1.89669,0,0,0,0,0,0,0,0,0,0,0,0,0,0,0,0,0,0,0,0,0,0,0,0
1770178369795354416,-0.0238372,1.08191,-1.73104,-0.0700727,0.959005,-1.70117,0.111571,1.17167,-2.03681,-0.111756,0.573304,-1.8984,0,0,0,0,0,0,0,0,0,0,0,0,0,0,0,0,0,0,0,0,0,0,0,0
1770178369815432343,-0.026596,1.08467,-1.7337,-0.0729195,0.961631,-1.69851,0.108911,1.16947,-2.03915,-0.109688,0.575051,-1.89669,0,0,0,0,0,0,0,0,0,0,0,0,0,0,0,0,0,0,0,0,0,0,0,0
1770178369835511807,-0.0238372,1.08191,-1.73104,-0.0700727,0.959005,-1.70117,0.111571,1.17167,-2.03681,-0.111756,0.573304,-1.8984,0,0,0,0,0,0,0,0,0,0,0,0,0,0,0,0,0,0,0,0,0,0,0,0
1770178369855589734,-0.026596,1.08467,-1.7337,-0.0729195,0.961631,-1.69851,0.108911,1.16947,-2.03915,-0.109688,0.575051,-1.89669,0,0,0,0,0,0,0,0,0,0,0,0,0,0,0,0,0,0,0,0,0,0,0,0
1770178369875664334,-0.0238372,1.08191,-1.73104,-0.0700727,0.959005,-1.70117,0.111571,1.17167,-2.03681,-0.111756,0.573304,-1.8984,0,0,0,0,0,0,0,0,0,0,0,0,0,0,0,0,0,0,0,0,0,0,0,0
1770178369895739765,-0.026596,1.08467,-1.7337,-0.0729195,0.961631,-1.69851,0.108911,1.16947,-2.03915,-0.109688,0.575051,-1.89669,0,0,0,0,0,0,0,0,0,0,0,0,0,0,0,0,0,0,0,0,0,0,0,0
1770178369915817885,-0.0238372,1.08191,-1.73104,-0.0700727,0.959005,-1.70117,0.111571,1.17167,-2.03681,-0.111756,0.573304,-1.8984,0,0,0,0,0,0,0,0,0,0,0,0,0,0,0,0,0,0,0,0,0,0,0,0
1770178369935890756,-0.026596,1.08467,-1.7337,-0.0729195,0.961631,-1.69851,0.108911,1.16947,-2.03915,-0.109688,0.575051,-1.89669,0,0,0,0,0,0,0,0,0,0,0,0,0,0,0,0,0,0,0,0,0,0,0,0
1770178369955966700,-0.0238372,1.08191,-1.73104,-0.0700727,0.959005,-1.70117,0.111571,1.17167,-2.03681,-0.111756,0.573304,-1.8984,0,0,0,0,0,0,0,0,0,0,0,0,0,0,0,0,0,0,0,0,0,0,0,0
1770178369976040819,-0.026596,1.08467,-1.7337,-0.0729195,0.961631,-1.69851,0.108911,1.16947,-2.03915,-0.109688,0.575051,-1.89669,0,0,0,0,0,0,0,0,0,0,0,0,0,0,0,0,0,0,0,0,0,0,0,0
1770178369996119995,-0.0238372,1.08191,-1.73104,-0.0700727,0.959005,-1.70117,0.111571,1.17167,-2.03681,-0.111756,0.573304,-1.8984,0,0,0,0,0,0,0,0,0,0,0,0,0,0,0,0,0,0,0,0,0,0,0,0
1770178370016197283,-0.026596,1.08467,-1.7337,-0.0729195,0.961631,-1.69851,0.108911,1.16947,-2.03915,-0.109688,0.575051,-1.89669,0,0,0,0,0,0,0,0,0,0,0,0,0,0,0,0,0,0,0,0,0,0,0,0
1770178370036277066,-0.0238372,1.08191,-1.73104,-0.0700727,0.959005,-1.70117,0.111571,1.17167,-2.03681,-0.111756,0.573304,-1.8984,0,0,0,0,0,0,0,0,0,0,0,0,0,0,0,0,0,0,0,0,0,0,0,0
1770178370056357298,-0.026596,1.08467,-1.7337,-0.0729195,0.961631,-1.69851,0.108911,1.16947,-2.03915,-0.109688,0.575051,-1.89669,0,0,0,0,0,0,0,0,0,0,0,0,0,0,0,0,0,0,0,0,0,0,0,0
1770178370076434553,-0.0238372,1.08191,-1.73104,-0.0700727,0.959005,-1.70117,0.111571,1.17167,-2.03681,-0.111756,0.573304,-1.8984,0,0,0,0,0,0,0,0,0,0,0,0,0,0,0,0,0,0,0,0,0,0,0,0
1770178370096516801,-0.026596,1.08467,-1.7337,-0.0729195,0.961631,-1.69851,0.108911,1.16947,-2.03915,-0.109688,0.575051,-1.89669,0,0,0,0,0,0,0,0,0,0,0,0,0,0,0,0,0,0,0,0,0,0,0,0
1770178370116595145,-0.0238372,1.08191,-1.73104,-0.0700727,0.959005,-1.70117,0.111571,1.17167,-2.03681,-0.111756,0.573304,-1.8984,0,0,0,0,0,0,0,0,0,0,0,0,0,0,0,0,0,0,0,0,0,0,0,0
1770178370136673872,-0.026596,1.08467,-1.7337,-0.0729195,0.961631,-1.69851,0.108911,1.16947,-2.03915,-0.109688,0.575051,-1.89669,0,0,0,0,0,0,0,0,0,0,0,0,0,0,0,0,0,0,0,0,0,0,0,0
1770178370156752280,-0.0238372,1.08191,-1.73104,-0.0700727,0.959005,-1.70117,0.111571,1.17167,-2.03681,-0.111756,0.573304,-1.8984,0,0,0,0,0,0,0,0,0,0,0,0,0,0,0,0,0,0,0,0,0,0,0,0
1770178370176829567,-0.026596,1.08467,-1.7337,-0.0729195,0.961631,-1.69851,0.108911,1.16947,-2.03915,-0.109688,0.575051,-1.89669,0,0,0,0,0,0,0,0,0,0,0,0,0,0,0,0,0,0,0,0,0,0,0,0
1770178370196907911,-0.0238372,1.08191,-1.73104,-0.0700727,0.959005,-1.70117,0.111571,1.17167,-2.03681,-0.111756,0.573304,-1.8984,0,0,0,0,0,0,0,0,0,0,0,0,0,0,0,0,0,0,0,0,0,0,0,0
1770178370216986606,-0.026596,1.08467,-1.7337,-0.0729195,0.961631,-1.69851,0.108911,1.16947,-2.03915,-0.109688,0.575051,-1.89669,0,0,0,0,0,0,0,0,0,0,0,0,0,0,0,0,0,0,0,0,0,0,0,0
1770178370237062582,-0.0238372,1.08191,-1.73104,-0.0700727,0.959005,-1.70117,0.111571,1.17167,-2.03681,-0.111756,0.573304,-1.8984,0,0,0,0,0,0,0,0,0,0,0,0,0,0,0,0,0,0,0,0,0,0,0,0
1770178370257141918,-0.026596,1.08467,-1.7337,-0.0729195,0.961631,-1.69851,0.108911,1.16947,-2.03915,-0.109688,0.575051,-1.89669,0,0,0,0,0,0,0,0,0,0,0,0,0,0,0,0,0,0,0,0,0,0,0,0
1770178370277220389,-0.0238372,1.08191,-1.73104,-0.0700727,0.959005,-1.70117,0.111571,1.17167,-2.03681,-0.111756,0.573304,-1.8984,0,0,0,0,0,0,0,0,0,0,0,0,0,0,0,0,0,0,0,0,0,0,0,0
1770178370297296845,-0.026596,1.08467,-1.7337,-0.0729195,0.961631,-1.69851,0.108911,1.16947,-2.03915,-0.109688,0.575051,-1.89669,0,0,0,0,0,0,0,0,0,0,0,0,0,0,0,0,0,0,0,0,0,0,0,0
1770178370317378804,-0.0238372,1.08191,-1.73104,-0.0700727,0.959005,-1.70117,0.111571,1.17167,-2.03681,-0.111756,0.573304,-1.8984,0,0,0,0,0,0,0,0,0,0,0,0,0,0,0,0,0,0,0,0,0,0,0,0
1770178370337457276,-0.026596,1.08467,-1.7337,-0.0729195,0.961631,-1.69851,0.108911,1.16947,-2.03915,-0.109688,0.575051,-1.89669,0,0,0,0,0,0,0,0,0,0,0,0,0,0,0,0,0,0,0,0,0,0,0,0
1770178370357537827,-0.0238372,1.08191,-1.73104,-0.0700727,0.959005,-1.70117,0.111571,1.17167,-2.03681,-0.111756,0.573304,-1.8984,0,0,0,0,0,0,0,0,0,0,0,0,0,0,0,0,0,0,0,0,0,0,0,0
1770178370377610571,-0.026596,1.08467,-1.7337,-0.0729195,0.961631,-1.69851,0.108911,1.16947,-2.03915,-0.109688,0.575051,-1.89669,0,0,0,0,0,0,0,0,0,0,0,0,0,0,0,0,0,0,0,0,0,0,0,0
1770178370397686514,-0.0238372,1.08191,-1.73104,-0.0700727,0.959005,-1.70117,0.111571,1.17167,-2.03681,-0.111756,0.573304,-1.8984,0,0,0,0,0,0,0,0,0,0,0,0,0,0,0,0,0,0,0,0,0,0,0,0
1770178370417765114,-0.026596,1.08467,-1.7337,-0.0729195,0.961631,-1.69851,0.108911,1.16947,-2.03915,-0.109688,0.575051,-1.89669,0,0,0,0,0,0,0,0,0,0,0,0,0,0,0,0,0,0,0,0,0,0,0,0
1770178370437842018,-0.0238372,1.08191,-1.73104,-0.0700727,0.959005,-1.70117,0.111571,1.17167,-2.03681,-0.111756,0.573304,-1.8984,0,0,0,0,0,0,0,0,0,0,0,0,0,0,0,0,0,0,0,0,0,0,0,0
1770178370457937833,-0.026596,1.08467,-1.7337,-0.0729195,0.961631,-1.69851,0.108911,1.16947,-2.03915,-0.109688,0.575051,-1.89669,0,0,0,0,0,0,0,0,0,0,0,0,0,0,0,0,0,0,0,0,0,0,0,0
1770178370478015825,-0.0238372,1.08191,-1.73104,-0.0700727,0.959005,-1.70117,0.111571,1.17167,-2.03681,-0.111756,0.573304,-1.8984,0,0,0,0,0,0,0,0,0,0,0,0,0,0,0,0,0,0,0,0,0,0,0,0
1770178370498093529,-0.026596,1.08467,-1.7337,-0.0729195,0.961631,-1.69851,0.108911,1.16947,-2.03915,-0.109688,0.575051,-1.89669,0,0,0,0,0,0,0,0,0,0,0,0,0,0,0,0,0,0,0,0,0,0,0,0
1770178370518170464,-0.0238372,1.08191,-1.73104,-0.0700727,0.959005,-1.70117,0.111571,1.17167,-2.03681,-0.111756,0.573304,-1.8984,0,0,0,0,0,0,0,0,0,0,0,0,0,0,0,0,0,0,0,0,0,0,0,0
1770178370538248136,-0.026596,1.08467,-1.7337,-0.0729195,0.961631,-1.69851,0.108911,1.16947,-2.03915,-0.109688,0.575051,-1.89669,0,0,0,0,0,0,0,0,0,0,0,0,0,0,0,0,0,0,0,0,0,0,0,0
1770178370558325263,-0.0238372,1.08191,-1.73104,-0.0700727,0.959005,-1.70117,0.111571,1.17167,-2.03681,-0.111756,0.573304,-1.8984,0,0,0,0,0,0,0,0,0,0,0,0,0,0,0,0,0,0,0,0,0,0,0,0
1770178370578403031,-0.026596,1.08467,-1.7337,-0.0729195,0.961631,-1.69851,0.108911,1.16947,-2.03915,-0.109688,0.575051,-1.89669,0,0,0,0,0,0,0,0,0,0,0,0,0,0,0,0,0,0,0,0,0,0,0,0
1770178370598475998,-0.0238372,1.08191,-1.73104,-0.0700727,0.959005,-1.70117,0.111571,1.17167,-2.03681,-0.111756,0.573304,-1.8984,0,0,0,0,0,0,0,0,0,0,0,0,0,0,0,0,0,0,0,0,0,0,0,0
1770178370618551110,-0.026596,1.08467,-1.7337,-0.0729195,0.961631,-1.69851,0.108911,1.16947,-2.03915,-0.109688,0.575051,-1.89669,0,0,0,0,0,0,0,0,0,0,0,0,0,0,0,0,0,0,0,0,0,0,0,0
1770178370638627405,-0.0238372,1.08191,-1.73104,-0.0700727,0.959005,-1.70117,0.111571,1.17167,-2.03681,-0.111756,0.573304,-1.8984,0,0,0,0,0,0,0,0,0,0,0,0,0,0,0,0,0,0,0,0,0,0,0,0
1770178370658702453,-0.026596,1.08467,-1.7337,-0.0729195,0.961631,-1.69851,0.108911,1.16947,-2.03915,-0.109688,0.575051,-1.89669,0,0,0,0,0,0,0,0,0,0,0,0,0,0,0,0,0,0,0,0,0,0,0,0
1770178370678776188,-0.0238372,1.08191,-1.73104,-0.0700727,0.959005,-1.70117,0.111571,1.17167,-2.03681,-0.111756,0.573304,-1.8984,0,0,0,0,0,0,0,0,0,0,0,0,0,0,0,0,0,0,0,0,0,0,0,0
1770178370698854308,-0.026596,1.08467,-1.7337,-0.0729195,0.961631,-1.69851,0.108911,1.16947,-2.03915,-0.109688,0.575051,-1.89669,0,0,0,0,0,0,0,0,0,0,0,0,0,0,0,0,0,0,0,0,0,0,0,0
1770178370718929003,-0.0238372,1.08191,-1.73104,-0.0700727,0.959005,-1.70117,0.111571,1.17167,-2.03681,-0.111756,0.573304,-1.8984,0,0,0,0,0,0,0,0,0,0,0,0,0,0,0,0,0,0,0,0,0,0,0,0
1770178370739006643,-0.026596,1.08467,-1.7337,-0.0729195,0.961631,-1.69851,0.108911,1.16947,-2.03915,-0.109688,0.575051,-1.89669,0,0,0,0,0,0,0,0,0,0,0,0,0,0,0,0,0,0,0,0,0,0,0,0
1770178370759082650,-0.0238372,1.08191,-1.73104,-0.0700727,0.959005,-1.70117,0.111571,1.17167,-2.03681,-0.111756,0.573304,-1.8984,0,0,0,0,0,0,0,0,0,0,0,0,0,0,0,0,0,0,0,0,0,0,0,0
1770178370779161186,-0.026596,1.08467,-1.7337,-0.0729195,0.961631,-1.69851,0.108911,1.16947,-2.03915,-0.109688,0.575051,-1.89669,0,0,0,0,0,0,0,0,0,0,0,0,0,0,0,0,0,0,0,0,0,0,0,0
1770178370799236009,-0.0238372,1.08191,-1.73104,-0.0700727,0.959005,-1.70117,0.111571,1.17167,-2.03681,-0.111756,0.573304,-1.8984,0,0,0,0,0,0,0,0,0,0,0,0,0,0,0,0,0,0,0,0,0,0,0,0
1770178370819310705,-0.026596,1.08467,-1.7337,-0.0729195,0.961631,-1.69851,0.108911,1.16947,-2.03915,-0.109688,0.575051,-1.89669,0,0,0,0,0,0,0,0,0,0,0,0,0,0,0,0,0,0,0,0,0,0,0,0
1770178370839384280,-0.0238372,1.08191,-1.73104,-0.0700727,0.959005,-1.70117,0.111571,1.17167,-2.03681,-0.111756,0.573304,-1.8984,0,0,0,0,0,0,0,0,0,0,0,0,0,0,0,0,0,0,0,0,0,0,0,0
1770178370859461600,-0.026596,1.08467,-1.7337,-0.0729195,0.961631,-1.69851,0.108911,1.16947,-2.03915,-0.109688,0.575051,-1.89669,0,0,0,0,0,0,0,0,0,0,0,0,0,0,0,0,0,0,0,0,0,0,0,0
1770178370879535399,-0.0238372,1.08191,-1.73104,-0.0700727,0.959005,-1.70117,0.111571,1.17167,-2.03681,-0.111756,0.573304,-1.8984,0,0,0,0,0,0,0,0,0,0,0,0,0,0,0,0,0,0,0,0,0,0,0,0
1770178370899613871,-0.026596,1.08467,-1.7337,-0.0729195,0.961631,-1.69851,0.108911,1.16947,-2.03915,-0.109688,0.575051,-1.89669,0,0,0,0,0,0,0,0,0,0,0,0,0,0,0,0,0,0,0,0,0,0,0,0
1770178370919691415,-0.0238372,1.08191,-1.73104,-0.0700727,0.959005,-1.70117,0.111571,1.17167,-2.03681,-0.111756,0.573304,-1.8984,0,0,0,0,0,0,0,0,0,0,0,0,0,0,0,0,0,0,0,0,0,0,0,0
1770178370939769918,-0.026596,1.08467,-1.7337,-0.0729195,0.961631,-1.69851,0.108911,1.16947,-2.03915,-0.109688,0.575051,-1.89669,0,0,0,0,0,0,0,0,0,0,0,0,0,0,0,0,0,0,0,0,0,0,0,0
1770178370959840421,-0.0238372,1.08191,-1.73104,-0.0700727,0.959005,-1.70117,0.111571,1.17167,-2.03681,-0.111756,0.573304,-1.8984,0,0,0,0,0,0,0,0,0,0,0,0,0,0,0,0,0,0,0,0,0,0,0,0
1770178370979915981,-0.026596,1.08467,-1.7337,-0.0729195,0.961631,-1.69851,0.108911,1.16947,-2.03915,-0.109688,0.575051,-1.89669,0,0,0,0,0,0,0,0,0,0,0,0,0,0,0,0,0,0,0,0,0,0,0,0
1770178370999993269,-0.0238372,1.08191,-1.73104,-0.0700727,0.959005,-1.70117,0.111571,1.17167,-2.03681,-0.111756,0.573304,-1.8984,0,0,0,0,0,0,0,0,0,0,0,0,0,0,0,0,0,0,0,0,0,0,0,0
1770178371020070812,-0.026596,1.08467,-1.7337,-0.0729195,0.961631,-1.69851,0.108911,1.16947,-2.03915,-0.109688,0.575051,-1.89669,0,0,0,0,0,0,0,0,0,0,0,0,0,0,0,0,0,0,0,0,0,0,0,0
1770178371040149572,-0.0238372,1.08191,-1.73104,-0.0700727,0.959005,-1.70117,0.111571,1.17167,-2.03681,-0.111756,0.573304,-1.8984,0,0,0,0,0,0,0,0,0,0,0,0,0,0,0,0,0,0,0,0,0,0,0,0
1770178371060228043,-0.026596,1.08467,-1.7337,-0.0729195,0.961631,-1.69851,0.108911,1.16947,-2.03915,-0.109688,0.575051,-1.89669,0,0,0,0,0,0,0,0,0,0,0,0,0,0,0,0,0,0,0,0,0,0,0,0
1770178371080305811,-0.0238372,1.08191,-1.73104,-0.0700727,0.959005,-1.70117,0.111571,1.17167,-2.03681,-0.111756,0.573304,-1.8984,0,0,0,0,0,0,0,0,0,0,0,0,0,0,0,0,0,0,0,0,0,0,0,0
1770178371100387354,-0.026596,1.08467,-1.7337,-0.0729195,0.961631,-1.69851,0.108911,1.16947,-2.03915,-0.109688,0.575051,-1.89669,0,0,0,0,0,0,0,0,0,0,0,0,0,0,0,0,0,0,0,0,0,0,0,0
1770178371120464546,-0.0238372,1.08191,-1.73104,-0.0700727,0.959005,-1.70117,0.111571,1.17167,-2.03681,-0.111756,0.573304,-1.8984,0,0,0,0,0,0,0,0,0,0,0,0,0,0,0,0,0,0,0,0,0,0,0,0
1770178371140541674,-0.026596,1.08467,-1.7337,-0.0729195,0.961631,-1.69851,0.108911,1.16947,-2.03915,-0.109688,0.575051,-1.89669,0,0,0,0,0,0,0,0,0,0,0,0,0,0,0,0,0,0,0,0,0,0,0,0
1770178371160616657,-0.0238372,1.08191,-1.73104,-0.0700727,0.959005,-1.70117,0.111571,1.17167,-2.03681,-0.111756,0.573304,-1.8984,0,0,0,0,0,0,0,0,0,0,0,0,0,0,0,0,0,0,0,0,0,0,0,0
1770178371180694969,-0.026596,1.08467,-1.7337,-0.0729195,0.961631,-1.69851,0.108911,1.16947,-2.03915,-0.109688,0.575051,-1.89669,0,0,0,0,0,0,0,0,0,0,0,0,0,0,0,0,0,0,0,0,0,0,0,0
1770178371200774624,-0.0238372,1.08191,-1.73104,-0.0700727,0.959005,-1.70117,0.111571,1.17167,-2.03681,-0.111756,0.573304,-1.8984,0,0,0,0,0,0,0,0,0,0,0,0,0,0,0,0,0,0,0,0,0,0,0,0
1770178371220852392,-0.026596,1.08467,-1.7337,-0.0729195,0.961631,-1.69851,0.108911,1.16947,-2.03915,-0.109688,0.575051,-1.89669,0,0,0,0,0,0,0,0,0,0,0,0,0,0,0,0,0,0,0,0,0,0,0,0
1770178371240929423,-0.0238372,1.08191,-1.73104,-0.0700727,0.959005,-1.70117,0.111571,1.17167,-2.03681,-0.111756,0.573304,-1.8984,0,0,0,0,0,0,0,0,0,0,0,0,0,0,0,0,0,0,0,0,0,0,0,0
1770178371261006103,-0.026596,1.08467,-1.7337,-0.0729195,0.961631,-1.69851,0.108911,1.16947,-2.03915,-0.109688,0.575051,-1.89669,0,0,0,0,0,0,0,0,0,0,0,0,0,0,0,0,0,0,0,0,0,0,0,0
1770178371281082494,-0.0238372,1.08191,-1.73104,-0.0700727,0.959005,-1.70117,0.111571,1.17167,-2.03681,-0.111756,0.573304,-1.8984,0,0,0,0,0,0,0,0,0,0,0,0,0,0,0,0,0,0,0,0,0,0,0,0
1770178371301159686,-0.026596,1.08467,-1.7337,-0.0729195,0.961631,-1.69851,0.108911,1.16947,-2.03915,-0.109688,0.575051,-1.89669,0,0,0,0,0,0,0,0,0,0,0,0,0,0,0,0,0,0,0,0,0,0,0,0
1770178371321233517,-0.0238372,1.08191,-1.73104,-0.0700727,0.959005,-1.70117,0.111571,1.17167,-2.03681,-0.111756,0.573304,-1.8984,0,0,0,0,0,0,0,0,0,0,0,0,0,0,0,0,0,0,0,0,0,0,0,0
1770178371341313141,-0.026596,1.08467,-1.7337,-0.0729195,0.961631,-1.69851,0.108911,1.16947,-2.03915,-0.109688,0.575051,-1.89669,0,0,0,0,0,0,0,0,0,0,0,0,0,0,0,0,0,0,0,0,0,0,0,0
1770178371361390685,-0.0238372,1.08191,-1.73104,-0.0700727,0.959005,-1.70117,0.111571,1.17167,-2.03681,-0.111756,0.573304,-1.8984,0,0,0,0,0,0,0,0,0,0,0,0,0,0,0,0,0,0,0,0,0,0,0,0
1770178371381462788,-0.026596,1.08467,-1.7337,-0.0729195,0.961631,-1.69851,0.108911,1.16947,-2.03915,-0.109688,0.575051,-1.89669,0,0,0,0,0,0,0,0,0,0,0,0,0,0,0,0,0,0,0,0,0,0,0,0
1770178371401540268,-0.0238372,1.08191,-1.73104,-0.0700727,0.959005,-1.70117,0.111571,1.17167,-2.03681,-0.111756,0.573304,-1.8984,0,0,0,0,0,0,0,0,0,0,0,0,0,0,0,0,0,0,0,0,0,0,0,0
1770178371421618611,-0.026596,1.08467,-1.7337,-0.0729195,0.961631,-1.69851,0.108911,1.16947,-2.03915,-0.109688,0.575051,-1.89669,0,0,0,0,0,0,0,0,0,0,0,0,0,0,0,0,0,0,0,0,0,0,0,0
1770178371441697083,-0.0238372,1.08191,-1.73104,-0.0700727,0.959005,-1.70117,0.111571,1.17167,-2.03681,-0.111756,0.573304,-1.8984,0,0,0,0,0,0,0,0,0,0,0,0,0,0,0,0,0,0,0,0,0,0,0,0
1770178371461776194,-0.026596,1.08467,-1.7337,-0.0729195,0.961631,-1.69851,0.108911,1.16947,-2.03915,-0.109688,0.575051,-1.89669,0,0,0,0,0,0,0,0,0,0,0,0,0,0,0,0,0,0,0,0,0,0,0,0
1770178371481854922,-0.0238372,1.08191,-1.73104,-0.0700727,0.959005,-1.70117,0.111571,1.17167,-2.03681,-0.111756,0.573304,-1.8984,0,0,0,0,0,0,0,0,0,0,0,0,0,0,0,0,0,0,0,0,0,0,0,0
1770178371501934161,-0.026596,1.08467,-1.7337,-0.0729195,0.961631,-1.69851,0.108911,1.16947,-2.03915,-0.109688,0.575051,-1.89669,0,0,0,0,0,0,0,0,0,0,0,0,0,0,0,0,0,0,0,0,0,0,0,0
1770178371522013433,-0.0238372,1.08191,-1.73104,-0.0700727,0.959005,-1.70117,0.111571,1.17167,-2.03681,-0.111756,0.573304,-1.8984,0,0,0,0,0,0,0,0,0,0,0,0,0,0,0,0,0,0,0,0,0,0,0,0
1770178371542093985,-0.026596,1.08467,-1.7337,-0.0729195,0.961631,-1.69851,0.108911,1.16947,-2.03915,-0.109688,0.575051,-1.89669,0,0,0,0,0,0,0,0,0,0,0,0,0,0,0,0,0,0,0,0,0,0,0,0
1770178371562172360,-0.0238372,1.08191,-1.73104,-0.0700727,0.959005,-1.70117,0.111571,1.17167,-2.03681,-0.111756,0.573304,-1.8984,0,0,0,0,0,0,0,0,0,0,0,0,0,0,0,0,0,0,0,0,0,0,0,0
1770178371582251472,-0.026596,1.08467,-1.7337,-0.0729195,0.961631,-1.69851,0.108911,1.16947,-2.03915,-0.109688,0.575051,-1.89669,0,0,0,0,0,0,0,0,0,0,0,0,0,0,0,0,0,0,0,0,0,0,0,0
1770178371602329399,-0.0238372,1.08191,-1.73104,-0.0700727,0.959005,-1.70117,0.111571,1.17167,-2.03681,-0.111756,0.573304,-1.8984,0,0,0,0,0,0,0,0,0,0,0,0,0,0,0,0,0,0,0,0,0,0,0,0
1770178371622408575,-0.026596,1.08467,-1.7337,-0.0729195,0.961631,-1.69851,0.108911,1.16947,-2.03915,-0.109688,0.575051,-1.89669,0,0,0,0,0,0,0,0,0,0,0,0,0,0,0,0,0,0,0,0,0,0,0,0
1770178371642487078,-0.0238372,1.08191,-1.73104,-0.0700727,0.959005,-1.70117,0.111571,1.17167,-2.03681,-0.111756,0.573304,-1.8984,0,0,0,0,0,0,0,0,0,0,0,0,0,0,0,0,0,0,0,0,0,0,0,0
1770178371662567790,-0.026596,1.08467,-1.7337,-0.0729195,0.961631,-1.69851,0.108911,1.16947,-2.03915,-0.109688,0.575051,-1.89669,0,0,0,0,0,0,0,0,0,0,0,0,0,0,0,0,0,0,0,0,0,0,0,0
1770178371682645750,-0.0238372,1.08191,-1.73104,-0.0700727,0.959005,-1.70117,0.111571,1.17167,-2.03681,-0.111756,0.573304,-1.8984,0,0,0,0,0,0,0,0,0,0,0,0,0,0,0,0,0,0,0,0,0,0,0,0
1770178371702723741,-0.026596,1.08467,-1.7337,-0.0729195,0.961631,-1.69851,0.108911,1.16947,-2.03915,-0.109688,0.575051,-1.89669,0,0,0,0,0,0,0,0,0,0,0,0,0,0,0,0,0,0,0,0,0,0,0,0
1770178371722801509,-0.0238372,1.08191,-1.73104,-0.0700727,0.959005,-1.70117,0.111571,1.17167,-2.03681,-0.111756,0.573304,-1.8984,0,0,0,0,0,0,0,0,0,0,0,0,0,0,0,0,0,0,0,0,0,0,0,0
1770178371742879468,-0.026596,1.08467,-1.7337,-0.0729195,0.961631,-1.69851,0.108911,1.16947,-2.03915,-0.109688,0.575051,-1.89669,0,0,0,0,0,0,0,0,0,0,0,0,0,0,0,0,0,0,0,0,0,0,0,0
1770178371762958196,-0.0238372,1.08191,-1.73104,-0.0700727,0.959005,-1.70117,0.111571,1.17167,-2.03681,-0.111756,0.573304,-1.8984,0,0,0,0,0,0,0,0,0,0,0,0,0,0,0,0,0,0,0,0,0,0,0,0
1770178371783035419,-0.026596,1.08467,-1.7337,-0.0729195,0.961631,-1.69851,0.108911,1.16947,-2.03915,-0.109688,0.575051,-1.89669,0,0,0,0,0,0,0,0,0,0,0,0,0,0,0,0,0,0,0,0,0,0,0,0
1770178371803113443,-0.0238372,1.08191,-1.73104,-0.0700727,0.959005,-1.70117,0.111571,1.17167,-2.03681,-0.111756,0.573304,-1.8984,0,0,0,0,0,0,0,0,0,0,0,0,0,0,0,0,0,0,0,0,0,0,0,0
1770178371823189163,-0.026596,1.08467,-1.7337,-0.0729195,0.961631,-1.69851,0.108911,1.16947,-2.03915,-0.109688,0.575051,-1.89669,0,0,0,0,0,0,0,0,0,0,0,0,0,0,0,0,0,0,0,0,0,0,0,0
1770178371843269138,-0.0238372,1.08191,-1.73104,-0.0700727,0.959005,-1.70117,0.111571,1.17167,-2.03681,-0.111756,0.573304,-1.8984,0,0,0,0,0,0,0,0,0,0,0,0,0,0,0,0,0,0,0,0,0,0,0,0
1770178371863348666,-0.026596,1.08467,-1.7337,-0.0729195,0.961631,-1.69851,0.108911,1.16947,-2.03915,-0.109688,0.575051,-1.89669,0,0,0,0,0,0,0,0,0,0,0,0,0,0,0,0,0,0,0,0,0,0,0,0
1770178371883422913,-0.0238372,1.08191,-1.73104,-0.0700727,0.959005,-1.70117,0.111571,1.17167,-2.03681,-0.111756,0.573304,-1.8984,0,0,0,0,0,0,0,0,0,0,0,0,0,0,0,0,0,0,0,0,0,0,0,0
1770178371903496393,-0.026596,1.08467,-1.7337,-0.0729195,0.961631,-1.69851,0.108911,1.16947,-2.03915,-0.109688,0.575051,-1.89669,0,0,0,0,0,0,0,0,0,0,0,0,0,0,0,0,0,0,0,0,0,0,0,0
1770178371923574384,-0.0238372,1.08191,-1.73104,-0.0700727,0.959005,-1.70117,0.111571,1.17167,-2.03681,-0.111756,0.573304,-1.8984,0,0,0,0,0,0,0,0,0,0,0,0,0,0,0,0,0,0,0,0,0,0,0,0
1770178371943651576,-0.026596,1.08467,-1.7337,-0.0729195,0.961631,-1.69851,0.108911,1.16947,-2.03915,-0.109688,0.575051,-1.89669,0,0,0,0,0,0,0,0,0,0,0,0,0,0,0,0,0,0,0,0,0,0,0,0
1770178371963724447,-0.0238372,1.08191,-1.73104,-0.0700727,0.959005,-1.70117,0.111571,1.17167,-2.03681,-0.111756,0.573304,-1.8984,0,0,0,0,0,0,0,0,0,0,0,0,0,0,0,0,0,0,0,0,0,0,0,0
1770178371983803047,-0.026596,1.08467,-1.7337,-0.0729195,0.961631,-1.69851,0.108911,1.16947,-2.03915,-0.109688,0.575051,-1.89669,0,0,0,0,0,0,0,0,0,0,0,0,0,0,0,0,0,0,0,0,0,0,0,0
1770178372003880494,-0.0238372,1.08191,-1.73104,-0.0700727,0.959005,-1.70117,0.111571,1.17167,-2.03681,-0.111756,0.573304,-1.8984,0,0,0,0,0,0,0,0,0,0,0,0,0,0,0,0,0,0,0,0,0,0,0,0
1770178372023955254,-0.026596,1.08467,-1.7337,-0.0729195,0.961631,-1.69851,0.108911,1.16947,-2.03915,-0.109688,0.575051,-1.89669,0,0,0,0,0,0,0,0,0,0,0,0,0,0,0,0,0,0,0,0,0,0,0,0
1770178372044035389,-0.0238372,1.08191,-1.73104,-0.0700727,0.959005,-1.70117,0.111571,1.17167,-2.03681,-0.111756,0.573304,-1.8984,0,0,0,0,0,0,0,0,0,0,0,0,0,0,0,0,0,0,0,0,0,0,0,0
1770178372064108741,-0.026596,1.08467,-1.7337,-0.0729195,0.961631,-1.69851,0.108911,1.16947,-2.03915,-0.109688,0.575051,-1.89669,0,0,0,0,0,0,0,0,0,0,0,0,0,0,0,0,0,0,0,0,0,0,0,0
1770178372084184044,-0.0238372,1.08191,-1.73104,-0.0700727,0.959005,-1.70117,0.111571,1.17167,-2.03681,-0.111756,0.573304,-1.8984,0,0,0,0,0,0,0,0,0,0,0,0,0,0,0,0,0,0,0,0,0,0,0,0
1770178372104260436,-0.026596,1.08467,-1.7337,-0.0729195,0.961631,-1.69851,0.108911,1.16947,-2.03915,-0.109688,0.575051,-1.89669,0,0,0,0,0,0,0,0,0,0,0,0,0,0,0,0,0,0,0,0,0,0,0,0
1770178372124336667,-0.0238372,1.08191,-1.73104,-0.0700727,0.959005,-1.70117,0.111571,1.17167,-2.03681,-0.111756,0.573304,-1.8984,0,0,0,0,0,0,0,0,0,0,0,0,0,0,0,0,0,0,0,0,0,0,0,0
1770178372144411747,-0.026596,1.08467,-1.7337,-0.0729195,0.961631,-1.69851,0.108911,1.16947,-2.03915,-0.109688,0.575051,-1.89669,0,0,0,0,0,0,0,0,0,0,0,0,0,0,0,0,0,0,0,0,0,0,0,0
1770178372164485738,-0.0238372,1.08191,-1.73104,-0.0700727,0.959005,-1.70117,0.111571,1.17167,-2.03681,-0.111756,0.573304,-1.8984,0,0,0,0,0,0,0,0,0,0,0,0,0,0,0,0,0,0,0,0,0,0,0,0
1770178372184560274,-0.026596,1.08467,-1.7337,-0.0729195,0.961631,-1.69851,0.108911,1.16947,-2.03915,-0.109688,0.575051,-1.89669,0,0,0,0,0,0,0,0,0,0,0,0,0,0,0,0,0,0,0,0,0,0,0,0
1770178372204631769,-0.0238372,1.08191,-1.73104,-0.0700727,0.959005,-1.70117,0.111571,1.17167,-2.03681,-0.111756,0.573304,-1.8984,0,0,0,0,0,0,0,0,0,0,0,0,0,0,0,0,0,0,0,0,0,0,0,0
1770178372224705825,-0.026596,1.08467,-1.7337,-0.0729195,0.961631,-1.69851,0.108911,1.16947,-2.03915,-0.109688,0.575051,-1.89669,0,0,0,0,0,0,0,0,0,0,0,0,0,0,0,0,0,0,0,0,0,0,0,0
1770178372244785736,-0.0238372,1.08191,-1.73104,-0.0700727,0.959005,-1.70117,0.111571,1.17167,-2.03681,-0.111756,0.573304,-1.8984,0,0,0,0,0,0,0,0,0,0,0,0,0,0,0,0,0,0,0,0,0,0,0,0
1770178372264865200,-0.026596,1.08467,-1.7337,-0.0729195,0.961631,-1.69851,0.108911,1.16947,-2.03915,-0.109688,0.575051,-1.89669,0,0,0,0,0,0,0,0,0,0,0,0,0,0,0,0,0,0,0,0,0,0,0,0
1770178372284941496,-0.0238372,1.08191,-1.73104,-0.0700727,0.959005,-1.70117,0.111571,1.17167,-2.03681,-0.111756,0.573304,-1.8984,0,0,0,0,0,0,0,0,0,0,0,0,0,0,0,0,0,0,0,0,0,0,0,0
1770178372305020767,-0.026596,1.08467,-1.7337,-0.0729195,0.961631,-1.69851,0.108911,1.16947,-2.03915,-0.109688,0.575051,-1.89669,0,0,0,0,0,0,0,0,0,0,0,0,0,0,0,0,0,0,0,0,0,0,0,0
1770178372325098407,-0.0238372,1.08191,-1.73104,-0.0700727,0.959005,-1.70117,0.111571,1.17167,-2.03681,-0.111756,0.573304,-1.8984,0,0,0,0,0,0,0,0,0,0,0,0,0,0,0,0,0,0,0,0,0,0,0,0
1770178372345175406,-0.026596,1.08467,-1.7337,-0.0729195,0.961631,-1.69851,0.108911,1.16947,-2.03915,-0.109688,0.575051,-1.89669,0,0,0,0,0,0,0,0,0,0,0,0,0,0,0,0,0,0,0,0,0,0,0,0
1770178372365256790,-0.0238372,1.08191,-1.73104,-0.0700727,0.959005,-1.70117,0.111571,1.17167,-2.03681,-0.111756,0.573304,-1.8984,0,0,0,0,0,0,0,0,0,0,0,0,0,0,0,0,0,0,0,0,0,0,0,0
1770178372385335293,-0.026596,1.08467,-1.7337,-0.0729195,0.961631,-1.69851,0.108911,1.16947,-2.03915,-0.109688,0.575051,-1.89669,0,0,0,0,0,0,0,0,0,0,0,0,0,0,0,0,0,0,0,0,0,0,0,0
1770178372405413125,-0.0238372,1.08191,-1.73104,-0.0700727,0.959005,-1.70117,0.111571,1.17167,-2.03681,-0.111756,0.573304,-1.8984,0,0,0,0,0,0,0,0,0,0,0,0,0,0,0,0,0,0,0,0,0,0,0,0
1770178372425488172,-0.026596,1.08467,-1.7337,-0.0729195,0.961631,-1.69851,0.108911,1.16947,-2.03915,-0.109688,0.575051,-1.89669,0,0,0,0,0,0,0,0,0,0,0,0,0,0,0,0,0,0,0,0,0,0,0,0
1770178372445567092,-0.0238372,1.08191,-1.73104,-0.0700727,0.959005,-1.70117,0.111571,1.17167,-2.03681,-0.111756,0.573304,-1.8984,0,0,0,0,0,0,0,0,0,0,0,0,0,0,0,0,0,0,0,0,0,0,0,0
1770178372465647068,-0.026596,1.08467,-1.7337,-0.0729195,0.961631,-1.69851,0.108911,1.16947,-2.03915,-0.109688,0.575051,-1.89669,0,0,0,0,0,0,0,0,0,0,0,0,0,0,0,0,0,0,0,0,0,0,0,0
1770178372485724675,-0.0238372,1.08191,-1.73104,-0.0700727,0.959005,-1.70117,0.111571,1.17167,-2.03681,-0.111756,0.573304,-1.8984,0,0,0,0,0,0,0,0,0,0,0,0,0,0,0,0,0,0,0,0,0,0,0,0
1770178372505801931,-0.026596,1.08467,-1.7337,-0.0729195,0.961631,-1.69851,0.108911,1.16947,-2.03915,-0.109688,0.575051,-1.89669,0,0,0,0,0,0,0,0,0,0,0,0,0,0,0,0,0,0,0,0,0,0,0,0
1770178372525880786,-0.0238372,1.08191,-1.73104,-0.0700727,0.959005,-1.70117,0.111571,1.17167,-2.03681,-0.111756,0.573304,-1.8984,0,0,0,0,0,0,0,0,0,0,0,0,0,0,0,0,0,0,0,0,0,0,0,0
1770178372545958202,-0.026596,1.08467,-1.7337,-0.0729195,0.961631,-1.69851,0.108911,1.16947,-2.03915,-0.109688,0.575051,-1.89669,0,0,0,0,0,0,0,0,0,0,0,0,0,0,0,0,0,0,0,0,0,0,0,0
1770178372566036641,-0.0238372,1.08191,-1.73104,-0.0700727,0.959005,-1.70117,0.111571,1.17167,-2.03681,-0.111756,0.573304,-1.8984,0,0,0,0,0,0,0,0,0,0,0,0,0,0,0,0,0,0,0,0,0,0,0,0
1770178372586112745,-0.026596,1.08467,-1.7337,-0.0729195,0.961631,-1.69851,0.108911,1.16947,-2.03915,-0.109688,0.575051,-1.89669,0,0,0,0,0,0,0,0,0,0,0,0,0,0,0,0,0,0,0,0,0,0,0,0
1770178372606190641,-0.0238372,1.08191,-1.73104,-0.0700727,0.959005,-1.70117,0.111571,1.17167,-2.03681,-0.111756,0.573304,-1.8984,0,0,0,0,0,0,0,0,0,0,0,0,0,0,0,0,0,0,0,0,0,0,0,0
1770178372626268760,-0.026596,1.08467,-1.7337,-0.0729195,0.961631,-1.69851,0.108911,1.16947,-2.03915,-0.109688,0.575051,-1.89669,0,0,0,0,0,0,0,0,0,0,0,0,0,0,0,0,0,0,0,0,0,0,0,0
1770178372646343360,-0.0238372,1.08191,-1.73104,-0.0700727,0.959005,-1.70117,0.111571,1.17167,-2.03681,-0.111756,0.573304,-1.8984,0,0,0,0,0,0,0,0,0,0,0,0,0,0,0,0,0,0,0,0,0,0,0,0
1770178372666425351,-0.026596,1.08467,-1.7337,-0.0729195,0.961631,-1.69851,0.108911,1.16947,-2.03915,-0.109688,0.575051,-1.89669,0,0,0,0,0,0,0,0,0,0,0,0,0,0,0,0,0,0,0,0,0,0,0,0
1770178372686504719,-0.0238372,1.08191,-1.73104,-0.0700727,0.959005,-1.70117,0.111571,1.17167,-2.03681,-0.111756,0.573304,-1.8984,0,0,0,0,0,0,0,0,0,0,0,0,0,0,0,0,0,0,0,0,0,0,0,0
1770178372706581366,-0.026596,1.08467,-1.7337,-0.0729195,0.961631,-1.69851,0.108911,1.16947,-2.03915,-0.109688,0.575051,-1.89669,0,0,0,0,0,0,0,0,0,0,0,0,0,0,0,0,0,0,0,0,0,0,0,0
1770178372726658654,-0.0238372,1.08191,-1.73104,-0.0700727,0.959005,-1.70117,0.111571,1.17167,-2.03681,-0.111756,0.573304,-1.8984,0,0,0,0,0,0,0,0,0,0,0,0,0,0,0,0,0,0,0,0,0,0,0,0
1770178372746740870,-0.026596,1.08467,-1.7337,-0.0729195,0.961631,-1.69851,0.108911,1.16947,-2.03915,-0.109688,0.575051,-1.89669,0,0,0,0,0,0,0,0,0,0,0,0,0,0,0,0,0,0,0,0,0,0,0,0
1770178372766821037,-0.0238372,1.08191,-1.73104,-0.0700727,0.959005,-1.70117,0.111571,1.17167,-2.03681,-0.111756,0.573304,-1.8984,0,0,0,0,0,0,0,0,0,0,0,0,0,0,0,0,0,0,0,0,0,0,0,0
1770178372786897173,-0.026596,1.08467,-1.7337,-0.0729195,0.961631,-1.69851,0.108911,1.16947,-2.03915,-0.109688,0.575051,-1.89669,0,0,0,0,0,0,0,0,0,0,0,0,0,0,0,0,0,0,0,0,0,0,0,0
1770178372806975324,-0.0238372,1.08191,-1.73104,-0.0700727,0.959005,-1.70117,0.111571,1.17167,-2.03681,-0.111756,0.573304,-1.8984,0,0,0,0,0,0,0,0,0,0,0,0,0,0,0,0,0,0,0,0,0,0,0,0
1770178372827052580,-0.026596,1.08467,-1.7337,-0.0729195,0.961631,-1.69851,0.108911,1.16947,-2.03915,-0.109688,0.575051,-1.89669,0,0,0,0,0,0,0,0,0,0,0,0,0,0,0,0,0,0,0,0,0,0,0,0
1770178372847129867,-0.0238372,1.08191,-1.73104,-0.0700727,0.959005,-1.70117,0.111571,1.17167,-2.03681,-0.111756,0.573304,-1.8984,0,0,0,0,0,0,0,0,0,0,0,0,0,0,0,0,0,0,0,0,0,0,0,0
1770178372867203347,-0.026596,1.08467,-1.7337,-0.0729195,0.961631,-1.69851,0.108911,1.16947,-2.03915,-0.109688,0.575051,-1.89669,0,0,0,0,0,0,0,0,0,0,0,0,0,0,0,0,0,0,0,0,0,0,0,0
1770178372887281338,-0.0238372,1.08191,-1.73104,-0.0700727,0.959005,-1.70117,0.111571,1.17167,-2.03681,-0.111756,0.573304,-1.8984,0,0,0,0,0,0,0,0,0,0,0,0,0,0,0,0,0,0,0,0,0,0,0,0
1770178372907354658,-0.026596,1.08467,-1.7337,-0.0729195,0.961631,-1.69851,0.108911,1.16947,-2.03915,-0.109688,0.575051,-1.89669,0,0,0,0,0,0,0,0,0,0,0,0,0,0,0,0,0,0,0,0,0,0,0,0
1770178372927431945,-0.0238372,1.08191,-1.73104,-0.0700727,0.959005,-1.70117,0.111571,1.17167,-2.03681,-0.111756,0.573304,-1.8984,0,0,0,0,0,0,0,0,0,0,0,0,0,0,0,0,0,0,0,0,0,0,0,0
1770178372947510193,-0.026596,1.08467,-1.7337,-0.0729195,0.961631,-1.69851,0.108911,1.16947,-2.03915,-0.109688,0.575051,-1.89669,0,0,0,0,0,0,0,0,0,0,0,0,0,0,0,0,0,0,0,0,0,0,0,0
1770178372967585208,-0.0238372,1.08191,-1.73104,-0.0700727,0.959005,-1.70117,0.111571,1.17167,-2.03681,-0.111756,0.573304,-1.8984,0,0,0,0,0,0,0,0,0,0,0,0,0,0,0,0,0,0,0,0,0,0,0,0
1770178372987662272,-0.026596,1.08467,-1.7337,-0.0729195,0.961631,-1.69851,0.108911,1.16947,-2.03915,-0.109688,0.575051,-1.89669,0,0,0,0,0,0,0,0,0,0,0,0,0,0,0,0,0,0,0,0,0,0,0,0
1770178373007735495,-0.0238372,1.08191,-1.73104,-0.0700727,0.959005,-1.70117,0.111571,1.17167,-2.03681,-0.111756,0.573304,-1.8984,0,0,0,0,0,0,0,0,0,0,0,0,0,0,0,0,0,0,0,0,0,0,0,0
1770178373027810991,-0.026596,1.08467,-1.7337,-0.0729195,0.961631,-1.69851,0.108911,1.16947,-2.03915,-0.109688,0.575051,-1.89669,0,0,0,0,0,0,0,0,0,0,0,0,0,0,0,0,0,0,0,0,0,0,0,0
1770178373047884726,-0.0238372,1.08191,-1.73104,-0.0700727,0.959005,-1.70117,0.111571,1.17167,-2.03681,-0.111756,0.573304,-1.8984,0,0,0,0,0,0,0,0,0,0,0,0,0,0,0,0,0,0,0,0,0,0,0,0
1770178373067956894,-0.026596,1.08467,-1.7337,-0.0729195,0.961631,-1.69851,0.108911,1.16947,-2.03915,-0.109688,0.575051,-1.89669,0,0,0,0,0,0,0,0,0,0,0,0,0,0,0,0,0,0,0,0,0,0,0,0
1770178373088031781,-0.0238372,1.08191,-1.73104,-0.0700727,0.959005,-1.70117,0.111571,1.17167,-2.03681,-0.111756,0.573304,-1.8984,0,0,0,0,0,0,0,0,0,0,0,0,0,0,0,0,0,0,0,0,0,0,0,0
1770178373108109517,-0.026596,1.08467,-1.7337,-0.0729195,0.961631,-1.69851,0.108911,1.16947,-2.03915,-0.109688,0.575051,-1.89669,0,0,0,0,0,0,0,0,0,0,0,0,0,0,0,0,0,0,0,0,0,0,0,0
1770178373128186420,-0.0238372,1.08191,-1.73104,-0.0700727,0.959005,-1.70117,0.111571,1.17167,-2.03681,-0.111756,0.573304,-1.8984,0,0,0,0,0,0,0,0,0,0,0,0,0,0,0,0,0,0,0,0,0,0,0,0
1770178373148258716,-0.026596,1.08467,-1.7337,-0.0729195,0.961631,-1.69851,0.108911,1.16947,-2.03915,-0.109688,0.575051,-1.89669,0,0,0,0,0,0,0,0,0,0,0,0,0,0,0,0,0,0,0,0,0,0,0,0
1770178373168335363,-0.0238372,1.08191,-1.73104,-0.0700727,0.959005,-1.70117,0.111571,1.17167,-2.03681,-0.111756,0.573304,-1.8984,0,0,0,0,0,0,0,0,0,0,0,0,0,0,0,0,0,0,0,0,0,0,0,0
1770178373188410123,-0.026596,1.08467,-1.7337,-0.0729195,0.961631,-1.69851,0.108911,1.16947,-2.03915,-0.109688,0.575051,-1.89669,0,0,0,0,0,0,0,0,0,0,0,0,0,0,0,0,0,0,0,0,0,0,0,0
1770178373208486802,-0.0238372,1.08191,-1.73104,-0.0700727,0.959005,-1.70117,0.111571,1.17167,-2.03681,-0.111756,0.573304,-1.8984,0,0,0,0,0,0,0,0,0,0,0,0,0,0,0,0,0,0,0,0,0,0,0,0
1770178373228562234,-0.026596,1.08467,-1.7337,-0.0729195,0.961631,-1.69851,0.108911,1.16947,-2.03915,-0.109688,0.575051,-1.89669,0,0,0,0,0,0,0,0,0,0,0,0,0,0,0,0,0,0,0,0,0,0,0,0
1770178373248637825,-0.0238372,1.08191,-1.73104,-0.0700727,0.959005,-1.70117,0.111571,1.17167,-2.03681,-0.111756,0.573304,-1.8984,0,0,0,0,0,0,0,0,0,0,0,0,0,0,0,0,0,0,0,0,0,0,0,0
1770178373268712713,-0.026596,1.08467,-1.7337,-0.0729195,0.961631,-1.69851,0.108911,1.16947,-2.03915,-0.109688,0.575051,-1.89669,0,0,0,0,0,0,0,0,0,0,0,0,0,0,0,0,0,0,0,0,0,0,0,0
1770178373288788401,-0.0238372,1.08191,-1.73104,-0.0700727,0.959005,-1.70117,0.111571,1.17167,-2.03681,-0.111756,0.573304,-1.8984,0,0,0,0,0,0,0,0,0,0,0,0,0,0,0,0,0,0,0,0,0,0,0,0
1770178373308865400,-0.026596,1.08467,-1.7337,-0.0729195,0.961631,-1.69851,0.108911,1.16947,-2.03915,-0.109688,0.575051,-1.89669,0,0,0,0,0,0,0,0,0,0,0,0,0,0,0,0,0,0,0,0,0,0,0,0
1770178373328942592,-0.0238372,1.08191,-1.73104,-0.0700727,0.959005,-1.70117,0.111571,1.17167,-2.03681,-0.111756,0.573304,-1.8984,0,0,0,0,0,0,0,0,0,0,0,0,0,0,0,0,0,0,0,0,0,0,0,0
1770178373349019943,-0.026596,1.08467,-1.7337,-0.0729195,0.961631,-1.69851,0.108911,1.16947,-2.03915,-0.109688,0.575051,-1.89669,0,0,0,0,0,0,0,0,0,0,0,0,0,0,0,0,0,0,0,0,0,0,0,0
1770178373369096079,-0.0238372,1.08191,-1.73104,-0.0700727,0.959005,-1.70117,0.111571,1.17167,-2.03681,-0.111756,0.573304,-1.8984,0,0,0,0,0,0,0,0,0,0,0,0,0,0,0,0,0,0,0,0,0,0,0,0
1770178373389171510,-0.026596,1.08467,-1.7337,-0.0729195,0.961631,-1.69851,0.108911,1.16947,-2.03915,-0.109688,0.575051,-1.89669,0,0,0,0,0,0,0,0,0,0,0,0,0,0,0,0,0,0,0,0,0,0,0,0
1770178373409247230,-0.0238372,1.08191,-1.73104,-0.0700727,0.959005,-1.70117,0.111571,1.17167,-2.03681,-0.111756,0.573304,-1.8984,0,0,0,0,0,0,0,0,0,0,0,0,0,0,0,0,0,0,0,0,0,0,0,0
1770178373429327237,-0.026596,1.08467,-1.7337,-0.0729195,0.961631,-1.69851,0.108911,1.16947,-2.03915,-0.109688,0.575051,-1.89669,0,0,0,0,0,0,0,0,0,0,0,0,0,0,0,0,0,0,0,0,0,0,0,0
1770178373449402861,-0.0238372,1.08191,-1.73104,-0.0700727,0.959005,-1.70117,0.111571,1.17167,-2.03681,-0.111756,0.573304,-1.8984,0,0,0,0,0,0,0,0,0,0,0,0,0,0,0,0,0,0,0,0,0,0,0,0
1770178373469479956,-0.026596,1.08467,-1.7337,-0.0729195,0.961631,-1.69851,0.108911,1.16947,-2.03915,-0.109688,0.575051,-1.89669,0,0,0,0,0,0,0,0,0,0,0,0,0,0,0,0,0,0,0,0,0,0,0,0
1770178373489557852,-0.0238372,1.08191,-1.73104,-0.0700727,0.959005,-1.70117,0.111571,1.17167,-2.03681,-0.111756,0.573304,-1.8984,0,0,0,0,0,0,0,0,0,0,0,0,0,0,0,0,0,0,0,0,0,0,0,0
1770178373509625987,-0.026596,1.08467,-1.7337,-0.0729195,0.961631,-1.69851,0.108911,1.16947,-2.03915,-0.109688,0.575051,-1.89669,0,0,0,0,0,0,0,0,0,0,0,0,0,0,0,0,0,0,0,0,0,0,0,0
1770178373529706923,-0.0238372,1.08191,-1.73104,-0.0700727,0.959005,-1.70117,0.111571,1.17167,-2.03681,-0.111756,0.573304,-1.8984,0,0,0,0,0,0,0,0,0,0,0,0,0,0,0,0,0,0,0,0,0,0,0,0
1770178373549779954,-0.026596,1.08467,-1.7337,-0.0729195,0.961631,-1.69851,0.108911,1.16947,-2.03915,-0.109688,0.575051,-1.89669,0,0,0,0,0,0,0,0,0,0,0,0,0,0,0,0,0,0,0,0,0,0,0,0
1770178373569861178,-0.0238372,1.08191,-1.73104,-0.0700727,0.959005,-1.70117,0.111571,1.17167,-2.03681,-0.111756,0.573304,-1.8984,0,0,0,0,0,0,0,0,0,0,0,0,0,0,0,0,0,0,0,0,0,0,0,0
1770178378603423397,0.165181,1.11018,-1.70145,0.111755,0.546662,-1.90426,-0.14892,0.784423,-2.23312,-0.114204,1.12798,-1.61014,0,0,0,0,0,0,0,0,0,0,0,0,0,0,0,0,0,0,0,0,0,0,0,0
1770178378623502509,0.165716,1.11218,-1.70796,0.0921096,0.533353,-1.91254,-0.162168,0.76709,-2.23725,-0.121659,1.11561,-1.6168,0,0,0,0,0,0,0,0,0,0,0,0,0,0,0,0,0,0,0,0,0,0,0,0
1770178378643581428,0.167454,1.11055,-1.70615,0.0941612,0.533732,-1.91281,-0.163164,0.766708,-2.23733,-0.11875,1.11472,-1.61898,0,0,0,0,0,0,0,0,0,0,0,0,0,0,0,0,0,0,0,0,0,0,0,0
1770178378663659292,0.165576,1.11227,-1.70798,0.093351,0.53332,-1.91323,-0.16267,0.76725,-2.23692,-0.11626,1.11689,-1.61694,0,0,0,0,0,0,0,0,0,0,0,0,0,0,0,0,0,0,0,0,0,0,0,0
1770178378683738563,0.167534,1.11045,-1.70606,0.0939581,0.533837,-1.91273,-0.163185,0.76675,-2.23741,-0.118942,1.11432,-1.61862,0,0,0,0,0,0,0,0,0,0,0,0,0,0,0,0,0,0,0,0,0,0,0,0
1770178378703810155,0.165471,1.11237,-1.70808,0.09338,0.533305,-1.91325,-0.162652,0.767281,-2.23688,-0.121766,1.11605,-1.61687,0,0,0,0,0,0,0,0,0,0,0,0,0,0,0,0,0,0,0,0,0,0,0,0
1770178378723872050,0.167623,1.11036,-1.70597,0.0939617,0.533846,-1.91272,-0.163215,0.766721,-2.23744,-0.118672,1.11458,-1.61922,0,0,0,0,0,0,0,0,0,0,0,0,0,0,0,0,0,0,0,0,0,0,0,0
1770178378743949305,0.165367,1.11247,-1.70818,0.0933731,0.533298,-1.91326,-0.16262,0.767313,-2.23685,-0.11633,1.11711,-1.61676,0,0,0,0,0,0,0,0,0,0,0,0,0,0,0,0,0,0,0,0,0,0,0,0
1770178378764024225,0.167706,1.11028,-1.70589,0.0939698,0.533854,-1.91271,-0.163248,0.766689,-2.23748,-0.118871,1.11416,-1.61877,0,0,0,0,0,0,0,0,0,0,0,0,0,0,0,0,0,0,0,0,0,0,0,0
1770178378784100456,0.165269,1.11256,-1.70828,0.0933653,0.53329,-1.91327,-0.162583,0.76735,-2.23682,-0.121814,1.11621,-1.61667,0,0,0,0,0,0,0,0,0,0,0,0,0,0,0,0,0,0,0,0,0,0,0,0
1770178378804174256,0.167772,1.11021,-1.70582,0.0939781,0.533862,-1.91271,-0.163284,0.766653,-2.23751,-0.118602,1.11445,-1.61937,0,0,0,0,0,0,0,0,0,0,0,0,0,0,0,0,0,0,0,0,0,0,0,0
1770178378824250103,0.165188,1.11263,-1.70835,0.0933573,0.533283,-1.91328,-0.162543,0.767389,-2.23678,-0.116391,1.11728,-1.61661,0,0,0,0,0,0,0,0,0,0,0,0,0,0,0,0,0,0,0,0,0,0,0,0
1770178378844326655,0.168799,1.11439,-1.71,0.0939865,0.53387,-1.9127,-0.163324,0.766613,-2.23755,-0.116601,1.11897,-1.61782,0,0,0,0,0,0,0,0,0,0,0,0,0,0,0,0,0,0,0,0,0,0,0,0
1770178378864400806,0.165246,1.11402,-1.70954,0.0933493,0.533275,-1.91328,-0.162499,0.767434,-2.23673,-0.117579,1.11852,-1.61745,0,0,0,0,0,0,0,0,0,0,0,0,0,0,0,0,0,0,0,0,0,0,0,0
1770178378884477390,0.162996,1.11531,-1.71104,0.093995,0.533878,-1.91269,-0.163368,0.766569,-2.23759,-0.116931,1.11932,-1.61823,0,0,0,0,0,0,0,0,0,0,0,0,0,0,0,0,0,0,0,0,0,0,0,0
1770178378904553366,0.164536,1.11334,-1.70903,0.0933411,0.533268,-1.91329,-0.162451,0.767482,-2.23668,-0.1177,1.11857,-1.6175,0,0,0,0,0,0,0,0,0,0,0,0,0,0,0,0,0,0,0,0,0,0,0,0
1770178378924624701,0.16275,1.11523,-1.71085,0.0940037,0.533886,-1.91268,-0.163415,0.766522,-2.23764,-0.116925,1.11937,-1.61829,0,0,0,0,0,0,0,0,0,0,0,0,0,0,0,0,0,0,0,0,0,0,0,0
1770178378944701124,0.164587,1.11328,-1.70898,0.0933328,0.53326,-1.9133,-0.162398,0.767535,-2.23663,-0.117743,1.11853,-1.61747,0,0,0,0,0,0,0,0,0,0,0,0,0,0,0,0,0,0,0,0,0,0,0,0
1770178378964779724,0.162704,1.11528,-1.71089,0.0940126,0.533894,-1.91268,-0.163466,0.766471,-2.23769,-0.116892,1.11941,-1.61832,0,0,0,0,0,0,0,0,0,0,0,0,0,0,0,0,0,0,0,0,0,0,0,0
1770178378984854324,0.164638,1.11322,-1.70893,0.0933244,0.533252,-1.91331,-0.16234,0.767592,-2.23657,-0.117782,1.11849,-1.61743,0,0,0,0,0,0,0,0,0,0,0,0,0,0,0,0,0,0,0,0,0,0,0,0
1770178379004934267,0.162661,1.11533,-1.71094,0.0940215,0.533903,-1.91267,-0.163521,0.766417,-2.23775,-0.116854,1.11945,-1.61836,0,0,0,0,0,0,0,0,0,0,0,0,0,0,0,0,0,0,0,0,0,0,0,0
1770178379025014755,0.164686,1.11317,-1.70888,0.0933159,0.533244,-1.91331,-0.162278,0.767653,-2.23651,-0.117824,1.11845,-1.61739,0,0,0,0,0,0,0,0,0,0,0,0,0,0,0,0,0,0,0,0,0,0,0,0
1770178379045085674,0.162621,1.11537,-1.71098,0.0940306,0.533911,-1.91266,-0.163579,0.766359,-2.2378,-0.116814,1.11949,-1.6184,0,0,0,0,0,0,0,0,0,0,0,0,0,0,0,0,0,0,0,0,0,0,0,0
1770178379065163890,0.164731,1.11312,-1.70883,0.0933073,0.533237,-1.91332,-0.162213,0.767719,-2.23645,-0.117868,1.1184,-1.61735,0,0,0,0,0,0,0,0,0,0,0,0,0,0,0,0,0,0,0,0,0,0,0,0
1770178379085238969,0.162585,1.11541,-1.71101,0.0940398,0.53392,-1.91265,-0.16364,0.766299,-2.23787,-0.116772,1.11954,-1.61844,0,0,0,0,0,0,0,0,0,0,0,0,0,0,0,0,0,0,0,0,0,0,0,0
1770178379105317185,0.164772,1.11308,-1.70879,0.0932986,0.533229,-1.91333,-0.162143,0.767788,-2.23638,-0.117915,1.11836,-1.6173,0,0,0,0,0,0,0,0,0,0,0,0,0,0,0,0,0,0,0,0,0,0,0,0
1770178379125397064,0.162552,1.11544,-1.71104,0.0940491,0.533928,-1.91264,-0.163703,0.766236,-2.23793,-0.116728,1.11958,-1.61849,0,0,0,0,0,0,0,0,0,0,0,0,0,0,0,0,0,0,0,0,0,0,0,0
1770178379145476720,0.164809,1.11304,-1.70875,0.0932899,0.53322,-1.91334,-0.162072,0.767859,-2.23631,-0.117964,1.1183,-1.61725,0,0,0,0,0,0,0,0,0,0,0,0,0,0,0,0,0,0,0,0,0,0,0,0
1770178379165553528,0.162523,1.11547,-1.71107,0.0940584,0.533937,-1.91263,-0.163767,0.766172,-2.23799,-0.116682,1.11963,-1.61853,0,0,0,0,0,0,0,0,0,0,0,0,0,0,0,0,0,0,0,0,0,0,0,0
1770178379185630879,0.164842,1.113,-1.70871,0.093281,0.533212,-1.91335,-0.161998,0.767932,-2.23623,-0.118015,1.11825,-1.6172,0,0,0,0,0,0,0,0,0,0,0,0,0,0,0,0,0,0,0,0,0,0,0,0
1770178379205704583,0.162497,1.1155,-1.7111,0.0940679,0.533946,-1.91262,-0.163832,0.766109,-2.23805,-0.116635,1.11968,-1.61858,0,0,0,0,0,0,0,0,0,0,0,0,0,0,0,0,0,0,0,0,0,0,0,0
1770178379225781006,0.164871,1.11297,-1.70868,0.0932721,0.533204,-1.91335,-0.161925,0.768005,-2.23616,-0.118068,1.1182,-1.61714,0,0,0,0,0,0,0,0,0,0,0,0,0,0,0,0,0,0,0,0,0,0,0,0
1770178379245856982,0.162475,1.11552,-1.71112,0.0940774,0.533955,-1.91262,-0.163895,0.766046,-2.23812,-0.116587,1.11972,-1.61862,0,0,0,0,0,0,0,0,0,0,0,0,0,0,0,0,0,0,0,0,0,0,0,0
1770178379265932605,0.164895,1.11294,-1.70866,0.0932632,0.533196,-1.91336,-0.161853,0.768077,-2.23609,-0.118121,1.11814,-1.61709,0,0,0,0,0,0,0,0,0,0,0,0,0,0,0,0,0,0,0,0,0,0,0,0
1770178379286007141,0.162457,1.11554,-1.71114,0.094087,0.533964,-1.91261,-0.163955,0.765986,-2.23818,-0.116539,1.11977,-1.61867,0,0,0,0,0,0,0,0,0,0,0,0,0,0,0,0,0,0,0,0,0,0,0,0
1770178379306087052,0.164916,1.11292,-1.70864,0.0932542,0.533187,-1.91337,-0.161783,0.768147,-2.23602,-0.118175,1.11808,-1.61703,0,0,0,0,0,0,0,0,0,0,0,0,0,0,0,0,0,0,0,0,0,0,0,0
1770178379326157876,0.162441,1.11556,-1.71115,0.0940966,0.533973,-1.9126,-0.164012,0.76593,-2.23823,-0.116491,1.11982,-1.61872,0,0,0,0,0,0,0,0,0,0,0,0,0,0,0,0,0,0,0,0,0,0,0,0
1770178379346227995,0.164934,1.1129,-1.70862,0.0932452,0.533179,-1.91338,-0.161718,0.768211,-2.23595,-0.118229,1.11803,-1.61698,0,0,0,0,0,0,0,0,0,0,0,0,0,0,0,0,0,0,0,0,0,0,0,0
1770178379366301986,0.162428,1.11557,-1.71116,0.0941063,0.533982,-1.91259,-0.164063,0.765879,-2.23828,-0.116444,1.11987,-1.61876,0,0,0,0,0,0,0,0,0,0,0,0,0,0,0,0,0,0,0,0,0,0,0,0
1770178379386376906,0.164948,1.11289,-1.7086,0.0932362,0.533171,-1.91339,-0.161659,0.768271,-2.2359,-0.118282,1.11797,-1.61692,0,0,0,0,0,0,0,0,0,0,0,0,0,0,0,0,0,0,0,0,0,0,0,0
1770178379406455122,0.162418,1.11558,-1.71117,0.094116,0.533991,-1.91258,-0.164109,0.765833,-2.23833,-0.116399,1.11991,-1.61881,0,0,0,0,0,0,0,0,0,0,0,0,0,0,0,0,0,0,0,0,0,0,0,0
1770178379426528089,0.16496,1.11287,-1.70859,0.0932272,0.533162,-1.91339,-0.161606,0.768323,-2.23584,-0.118332,1.11792,-1.61687,0,0,0,0,0,0,0,0,0,0,0,0,0,0,0,0,0,0,0,0,0,0,0,0
1770178379446602944,0.162409,1.11559,-1.71118,0.0941258,0.534,-1.91257,-0.164148,0.765795,-2.23837,-0.116356,1.11996,-1.61885,0,0,0,0,0,0,0,0,0,0,0,0,0,0,0,0,0,0,0,0,0,0,0,0
1770178379466680904,0.16497,1.11286,-1.70858,0.0932181,0.533154,-1.9134,-0.161561,0.768368,-2.2358,-0.118381,1.11787,-1.61682,0,0,0,0,0,0,0,0,0,0,0,0,0,0,0,0,0,0,0,0,0,0,0,0
1770178379486757008,0.162402,1.1156,-1.71119,0.0941355,0.53401,-1.91256,-0.16418,0.765763,-2.2384,-0.116316,1.12,-1.61889,0,0,0,0,0,0,0,0,0,0,0,0,0,0,0,0,0,0,0,0,0,0,0,0
1770178379506832247,0.164978,1.11285,-1.70857,0.0932091,0.533146,-1.91341,-0.161525,0.768405,-2.23576,-0.118425,1.11782,-1.61678,0,0,0,0,0,0,0,0,0,0,0,0,0,0,0,0,0,0,0,0,0,0,0,0
1770178379526908543,0.162396,1.1156,-1.71119,0.0941452,0.534019,-1.91255,-0.164204,0.765739,-2.23842,-0.116279,1.12003,-1.61892,0,0,0,0,0,0,0,0,0,0,0,0,0,0,0,0,0,0,0,0,0,0,0,0
1770178379546991302,0.164984,1.11285,-1.70856,0.0932002,0.533137,-1.91342,-0.161497,0.768432,-2.23573,-0.118467,1.11778,-1.61673,0,0,0,0,0,0,0,0,0,0,0,0,0,0,0,0,0,0,0,0,0,0,0,0
1770178379567065998,0.162392,1.11561,-1.7112,0.0941549,0.534028,-1.91254,-0.16422,0.765724,-2.23844,-0.116246,1.12007,-1.61895,0,0,0,0,0,0,0,0,0,0,0,0,0,0,0,0,0,0,0,0,0,0,0,0
1770178379587140629,0.164989,1.11284,-1.70856,0.0931912,0.533129,-1.91343,-0.161479,0.76845,-2.23572,-0.118504,1.11774,-1.6167,0,0,0,0,0,0,0,0,0,0,0,0,0,0,0,0,0,0,0,0,0,0,0,0
1770178379607216445,0.162389,1.11561,-1.7112,0.0941646,0.534037,-1.91253,-0.164227,0.765716,-2.23845,-0.116216,1.1201,-1.61898,0,0,0,0,0,0,0,0,0,0,0,0,0,0,0,0,0,0,0,0,0,0,0,0
1770178379627295844,0.164993,1.11284,-1.70855,0.0931824,0.533121,-1.91344,-0.161471,0.768459,-2.23571,-0.118538,1.1177,-1.61666,0,0,0,0,0,0,0,0,0,0,0,0,0,0,0,0,0,0,0,0,0,0,0,0
1770178379647374348,0.162386,1.11561,-1.7112,0.0941742,0.534046,-1.91253,-0.164229,0.765714,-2.23845,-0.11619,1.12012,-1.61901,0,0,0,0,0,0,0,0,0,0,0,0,0,0,0,0,0,0,0,0,0,0,0,0
1770178379667454196,0.164996,1.11283,-1.70855,0.0931736,0.533113,-1.91344,-0.161468,0.768461,-2.23571,-0.118567,1.11767,-1.61663,0,0,0,0,0,0,0,0,0,0,0,0,0,0,0,0,0,0,0,0,0,0,0,0
1770178379687531035,0.162384,1.11562,-1.71121,0.0941837,0.534055,-1.91252,-0.164229,0.765714,-2.23845,-0.116168,1.12015,-1.61903,0,0,0,0,0,0,0,0,0,0,0,0,0,0,0,0,0,0,0,0,0,0,0,0
1770178379707610947,0.164998,1.11283,-1.70855,0.0931648,0.533105,-1.91345,-0.161468,0.768462,-2.23571,-0.118593,1.11764,-1.6166,0,0,0,0,0,0,0,0,0,0,0,0,0,0,0,0,0,0,0,0,0,0,0,0
1770178379727688362,0.162382,1.11562,-1.71121,0.0941932,0.534064,-1.91251,-0.164229,0.765714,-2.23845,-0.116148,1.12017,-1.61905,0,0,0,0,0,0,0,0,0,0,0,0,0,0,0,0,0,0,0,0,0,0,0,0
1770178379747760210,0.165,1.11283,-1.70855,0.0931562,0.533097,-1.91346,-0.161468,0.768462,-2.23571,-0.118614,1.11762,-1.61658,0,0,0,0,0,0,0,0,0,0,0,0,0,0,0,0,0,0,0,0,0,0,0,0
1770178379767836825,0.162381,1.11562,-1.71121,0.0942025,0.534073,-1.9125,-0.164229,0.765714,-2.23845,-0.116132,1.12018,-1.61906,0,0,0,0,0,0,0,0,0,0,0,0,0,0,0,0,0,0,0,0,0,0,0,0
1770178379787916097,0.165002,1.11283,-1.70855,0.0931477,0.533089,-1.91347,-0.161468,0.768462,-2.23571,-0.118633,1.1176,-1.61656,0,0,0,0,0,0,0,0,0,0,0,0,0,0,0,0,0,0,0,0,0,0,0,0
1770178379807994632,0.16238,1.11562,-1.71121,0.0942118,0.534081,-1.91249,-0.164229,0.765714,-2.23845,-0.116118,1.1202,-1.61907,0,0,0,0,0,0,0,0,0,0,0,0,0,0,0,0,0,0,0,0,0,0,0,0
1770178379828066704,0.165003,1.11283,-1.70854,0.0931393,0.533081,-1.91347,-0.161468,0.768462,-2.23571,-0.118648,1.11759,-1.61655,0,0,0,0,0,0,0,0,0,0,0,0,0,0,0,0,0,0,0,0,0,0,0,0
1770178379848144215,0.162379,1.11562,-1.71121,0.094221,0.53409,-1.91248,-0.164229,0.765714,-2.23845,-0.116107,1.12021,-1.61909,0,0,0,0,0,0,0,0,0,0,0,0,0,0,0,0,0,0,0,0,0,0,0,0
1770178379868218975,0.165004,1.11283,-1.70854,0.093131,0.533074,-1.91348,-0.161468,0.768462,-2.23571,-0.118661,1.11757,-1.61653,0,0,0,0,0,0,0,0,0,0,0,0,0,0,0,0,0,0,0,0,0,0,0,0
1770178379888294854,-0.155433,0.611435,-2.17065,0.436917,1.29253,-1.84401,0.0529818,1.34157,-1.71031,-0.0842957,1.21781,-1.514,0,0,0,0,0,0,0,0,0,0,0,0,0,0,0,0,0,0,0,0,0,0,0,0
1770178379908370926,-0.109679,0.608913,-2.16836,0.432095,1.32227,-1.87305,0.0679549,1.33986,-1.75141,-0.0846321,1.21099,-1.52155,0,0,0,0,0,0,0,0,0,0,0,0,0,0,0,0,0,0,0,0,0,0,0,0
1770178379928444341,-0.11125,0.612151,-2.16569,0.428835,1.32646,-1.8775,0.0665745,1.33917,-1.75147,-0.0841808,1.21265,-1.51934,0,0,0,0,0,0,0,0,0,0,0,0,0,0,0,0,0,0,0,0,0,0,0,0
1770178379948518045,-0.108589,0.609633,-2.16809,0.426915,1.32834,-1.87896,0.0680352,1.33951,-1.7509,-0.0850381,1.21033,-1.52115,0,0,0,0,0,0,0,0,0,0,0,0,0,0,0,0,0,0,0,0,0,0,0,0
1770178379968592612,-0.111202,0.612092,-2.16566,0.428882,1.32646,-1.8773,0.0663295,1.33924,-1.75148,-0.0834849,1.21299,-1.51905,0,0,0,0,0,0,0,0,0,0,0,0,0,0,0,0,0,0,0,0,0,0,0,0
1770178379988666668,-0.108611,0.609654,-2.16809,0.426871,1.32837,-1.87903,0.0683112,1.3394,-1.7509,-0.08581,1.20997,-1.52139,0,0,0,0,0,0,0,0,0,0,0,0,0,0,0,0,0,0,0,0,0,0,0,0
1770178380008743923,-0.111185,0.612074,-2.16568,0.428935,1.32641,-1.87725,0.0659865,1.33936,-1.75146,-0.0877568,1.21222,-1.51914,0,0,0,0,0,0,0,0,0,0,0,0,0,0,0,0,0,0,0,0,0,0,0,0
1770178380028817179,-0.108623,0.609665,-2.16808,0.426826,1.32842,-1.87907,0.0686745,1.33921,-1.75094,-0.0870005,1.21068,-1.52127,0,0,0,0,0,0,0,0,0,0,0,0,0,0,0,0,0,0,0,0,0,0,0,0
1770178380048896610,-0.111172,0.612061,-2.16569,0.428986,1.32636,-1.87721,0.065546,1.33957,-1.75138,-0.0871232,1.212,-1.51968,0,0,0,0,0,0,0,0,0,0,0,0,0,0,0,0,0,0,0,0,0,0,0,0
1770178380068974730,-0.108633,0.609674,-2.16807,0.426784,1.32846,-1.87911,0.0631491,1.33919,-1.75203,-0.087435,1.21082,-1.52105,0,0,0,0,0,0,0,0,0,0,0,0,0,0,0,0,0,0,0,0,0,0,0,0
1770178380089046513,-0.11116,0.61205,-2.1657,0.429034,1.32631,-1.87716,0.0654683,1.3393,-1.75103,-0.086808,1.21191,-1.51987,0,0,0,0,0,0,0,0,0,0,0,0,0,0,0,0,0,0,0,0,0,0,0,0
1770178380109121785,-0.108641,0.609682,-2.16806,0.426746,1.32849,-1.87914,0.063116,1.33917,-1.75207,-0.0876344,1.21086,-1.52096,0,0,0,0,0,0,0,0,0,0,0,0,0,0,0,0,0,0,0,0,0,0,0,0
1770178380129198272,-0.111151,0.612041,-2.16571,0.429078,1.32627,-1.87713,0.0655047,1.33932,-1.75099,-0.0866479,1.21188,-1.51993,0,0,0,0,0,0,0,0,0,0,0,0,0,0,0,0,0,0,0,0,0,0,0,0
1770178380149276168,-0.108648,0.609688,-2.16805,0.426712,1.32852,-1.87917,0.063091,1.33915,-1.75211,-0.0877355,1.21087,-1.52094,0,0,0,0,0,0,0,0,0,0,0,0,0,0,0,0,0,0,0,0,0,0,0,0
1770178380169354768,-0.111143,0.612034,-2.16572,0.429117,1.32623,-1.87709,0.0655341,1.33935,-1.75095,-0.0865597,1.21188,-1.51994,0,0,0,0,0,0,0,0,0,0,0,0,0,0,0,0,0,0,0,0,0,0,0,0
1770178380189432279,-0.108654,0.609693,-2.16805,0.426681,1.32855,-1.87919,0.0630728,1.33913,-1.75215,-0.0877946,1.21086,-1.52094,0,0,0,0,0,0,0,0,0,0,0,0,0,0,0,0,0,0,0,0,0,0,0,0
1770178380209504671,-0.111137,0.612028,-2.16572,0.429151,1.3262,-1.87706,0.0655556,1.33937,-1.75091,-0.0865036,1.2119,-1.51994,0,0,0,0,0,0,0,0,0,0,0,0,0,0,0,0,0,0,0,0,0,0,0,0
1770178380229583558,-0.108659,0.609698,-2.16804,0.426655,1.32858,-1.87921,0.0630617,1.3391,-1.7522,-0.0878357,1.21084,-1.52095,0,0,0,0,0,0,0,0,0,0,0,0,0,0,0,0,0,0,0,0,0,0,0,0
1770178380249662670,-0.111131,0.612022,-2.16573,0.429181,1.32617,-1.87703,0.0655685,1.33941,-1.75086,-0.0864614,1.21192,-1.51992,0,0,0,0,0,0,0,0,0,0,0,0,0,0,0,0,0,0,0,0,0,0,0,0
1770178380269734485,-0.108663,0.609702,-2.16804,0.426632,1.3286,-1.87923,0.063057,1.33906,-1.75226,-0.0878693,1.21082,-1.52097,0,0,0,0,0,0,0,0,0,0,0,0,0,0,0,0,0,0,0,0,0,0,0,0
1770178380289813245,-0.111126,0.612018,-2.16573,0.429207,1.32614,-1.87701,0.0655736,1.33945,-1.75081,-0.086425,1.21194,-1.5199,0,0,0,0,0,0,0,0,0,0,0,0,0,0,0,0,0,0,0,0,0,0,0,0
1770178380309891844,-0.108666,0.609705,-2.16804,0.426613,1.32862,-1.87925,0.0630562,1.33902,-1.75232,-0.0878996,1.2108,-1.52099,0,0,0,0,0,0,0,0,0,0,0,0,0,0,0,0,0,0,0,0,0,0,0,0
1770178380329966188,-0.111122,0.612014,-2.16574,0.429229,1.32612,-1.87699,0.0655728,1.33949,-1.75077,-0.0863912,1.21197,-1.51988,0,0,0,0,0,0,0,0,0,0,0,0,0,0,0,0,0,0,0,0,0,0,0,0
1770178380350039347,-0.108669,0.609708,-2.16804,0.426597,1.32863,-1.87926,0.0630574,1.33898,-1.75237,-0.0879283,1.21077,-1.52101,0,0,0,0,0,0,0,0,0,0,0,0,0,0,0,0,0,0,0,0,0,0,0,0
1770178380370114587,-0.111119,0.612011,-2.16574,0.429247,1.32611,-1.87697,0.0655514,1.33948,-1.75081,-0.0863585,1.21199,-1.51985,0,0,0,0,0,0,0,0,0,0,0,0,0,0,0,0,0,0,0,0,0,0,0,0
1770178380390192386,-0.108672,0.60971,-2.16803,0.426584,1.32864,-1.87927,0.0630686,1.339,-1.75234,-0.0879562,1.21075,-1.52103,0,0,0,0,0,0,0,0,0,0,0,0,0,0,0,0,0,0,0,0,0,0,0,0
1770178380410269162,-0.111116,0.612008,-2.16574,0.429262,1.32609,-1.87696,0.0655563,1.3395,-1.75075,-0.0863267,1.21201,-1.51983,0,0,0,0,0,0,0,0,0,0,0,0,0,0,0,0,0,0,0,0,0,0,0,0
1770178380430340817,-0.108674,0.609712,-2.16803,0.426573,1.32866,-1.87928,0.0630647,1.33897,-1.75239,-0.0879833,1.21073,-1.52105,0,0,0,0,0,0,0,0,0,0,0,0,0,0,0,0,0,0,0,0,0,0,0,0
1770178380450416185,-0.111114,0.612006,-2.16574,0.429274,1.32608,-1.87695,0.0638198,1.33987,-1.75388,-0.0862955,1.21204,-1.51981,0,0,0,0,0,0,0,0,0,0,0,0,0,0,0,0,0,0,0,0,0,0,0,0
1770178380470495488,-0.108676,0.609713,-2.16803,0.426564,1.32866,-1.87929,0.0642318,1.3397,-1.75378,-0.0880097,1.21071,-1.52107,0,0,0,0,0,0,0,0,0,0,0,0,0,0,0,0,0,0,0,0,0,0,0,0
1770178380490567848,-0.111112,0.612004,-2.16575,0.429285,1.32607,-1.87694,0.0640041,1.34,-1.75404,-0.0862651,1.21206,-1.51978,0,0,0,0,0,0,0,0,0,0,0,0,0,0,0,0,0,0,0,0,0,0,0,0
1770178380510639407,-0.108677,0.609715,-2.16803,0.426557,1.32867,-1.87929,0.0642789,1.33971,-1.75379,-0.0880352,1.21069,-1.52109,0,0,0,0,0,0,0,0,0,0,0,0,0,0,0,0,0,0,0,0,0,0,0,0
1770178380530713975,-0.11111,0.612003,-2.16575,0.429293,1.32606,-1.87693,0.0639951,1.34002,-1.75406,-0.0862355,1.21209,-1.51976,0,0,0,0,0,0,0,0,0,0,0,0,0,0,0,0,0,0,0,0,0,0,0,0
1770178380550787806,-0.108678,0.609716,-2.16803,0.426551,1.32868,-1.8793,0.0642965,1.33969,-1.75377,-0.0880599,1.21067,-1.52111,0,0,0,0,0,0,0,0,0,0,0,0,0,0,0,0,0,0,0,0,0,0,0,0
1770178380570870470,-0.111109,0.612001,-2.16575,0.429299,1.32606,-1.87693,0.0639783,1.34004,-1.75408,-0.086207,1.21211,-1.51974,0,0,0,0,0,0,0,0,0,0,0,0,0,0,0,0,0,0,0,0,0,0,0,0
1770178380590941741,-0.108679,0.609717,-2.16803,0.426547,1.32868,-1.8793,0.0643149,1.33967,-1.75375,-0.0880835,1.21065,-1.52113,0,0,0,0,0,0,0,0,0,0,0,0,0,0,0,0,0,0,0,0,0,0,0,0
1770178380611019989,-0.111108,0.612,-2.16575,0.429304,1.32605,-1.87692,0.0639592,1.34006,-1.75409,-0.0861796,1.21213,-1.51972,0,0,0,0,0,0,0,0,0,0,0,0,0,0,0,0,0,0,0,0,0,0,0,0
1770178380631101436,-0.10868,0.609718,-2.16802,0.426543,1.32868,-1.87931,0.0643354,1.33965,-1.75373,-0.088106,1.21063,-1.52115,0,0,0,0,0,0,0,0,0,0,0,0,0,0,0,0,0,0,0,0,0,0,0,0
1770178380651181412,-0.111107,0.611999,-2.16575,0.429308,1.32605,-1.87692,0.0639381,1.34008,-1.75412,-0.0861534,1.21215,-1.5197,0,0,0,0,0,0,0,0,0,0,0,0,0,0,0,0,0,0,0,0,0,0,0,0
1770178380671254379,-0.108681,0.609719,-2.16802,0.42654,1.32869,-1.87931,0.0643583,1.33963,-1.75371,-0.0881272,1.21061,-1.52117,0,0,0,0,0,0,0,0,0,0,0,0,0,0,0,0,0,0,0,0,0,0,0,0
1770178380691331443,-0.111106,0.611998,-2.16575,0.429312,1.32604,-1.87692,0.0639146,1.34011,-1.75414,-0.0861286,1.21217,-1.51968,0,0,0,0,0,0,0,0,0,0,0,0,0,0,0,0,0,0,0,0,0,0,0,0
1770178380711406939,-0.108682,0.609719,-2.16802,0.426538,1.32869,-1.87931,0.0643838,1.3396,-1.75368,-0.0881473,1.2106,-1.52118,0,0,0,0,0,0,0,0,0,0,0,0,0,0,0,0,0,0,0,0,0,0,0,0
1770178380731484610,-0.111105,0.611997,-2.16575,0.429314,1.32604,-1.87691,0.0638885,1.34014,-1.75416,-0.0861052,1.21219,-1.51966,0,0,0,0,0,0,0,0,0,0,0,0,0,0,0,0,0,0,0,0,0,0,0,0
1770178380751565162,-0.108682,0.60972,-2.16802,0.426536,1.32869,-1.87931,0.064412,1.33957,-1.75366,-0.0881661,1.21058,-1.5212,0,0,0,0,0,0,0,0,0,0,0,0,0,0,0,0,0,0,0,0,0,0,0,0
1770178380771638097,-0.111104,0.611997,-2.16575,0.429316,1.32604,-1.87691,0.0638597,1.34017,-1.75419,-0.0860832,1.21221,-1.51965,0,0,0,0,0,0,0,0,0,0,0,0,0,0,0,0,0,0,0,0,0,0,0,0
1770178380791711801,-0.108683,0.60972,-2.16802,0.426535,1.32869,-1.87931,0.0644434,1.33953,-1.75363,-0.0881835,1.21057,-1.52121,0,0,0,0,0,0,0,0,0,0,0,0,0,0,0,0,0,0,0,0,0,0,0,0
1770178380811784512,-0.111104,0.611996,-2.16575,0.429318,1.32604,-1.87691,0.0638279,1.3402,-1.75422,-0.0860627,1.21222,-1.51963,0,0,0,0,0,0,0,0,0,0,0,0,0,0,0,0,0,0,0,0,0,0,0,0
1770178380831857128,-0.108683,0.609721,-2.16802,0.426534,1.32869,-1.87931,0.0644781,1.33949,-1.75359,-0.0881997,1.21055,-1.52123,0,0,0,0,0,0,0,0,0,0,0,0,0,0,0,0,0,0,0,0,0,0,0,0
1770178380851935247,-0.111103,0.611996,-2.16575,0.429319,1.32604,-1.87691,0.0637929,1.34024,-1.75425,-0.0860437,1.21224,-1.51962,0,0,0,0,0,0,0,0,0,0,0,0,0,0,0,0,0,0,0,0,0,0,0,0
1770178380872011383,-0.108684,0.609721,-2.16802,0.426533,1.32869,-1.87931,0.0645164,1.33945,-1.75355,-0.0882147,1.21054,-1.52124,0,0,0,0,0,0,0,0,0,0,0,0,0,0,0,0,0,0,0,0,0,0,0,0
1770178380892088574,-0.111103,0.611995,-2.16575,0.42932,1.32604,-1.87691,0.0637546,1.34028,-1.75429,-0.0860262,1.21225,-1.5196,0,0,0,0,0,0,0,0,0,0,0,0,0,0,0,0,0,0,0,0,0,0,0,0
1770178380912162118,-0.108684,0.609721,-2.16802,0.426532,1.32869,-1.87931,0.0645584,1.33941,-1.75351,-0.0882284,1.21053,-1.52125,0,0,0,0,0,0,0,0,0,0,0,0,0,0,0,0,0,0,0,0,0,0,0,0
1770178380932240397,-0.111102,0.611995,-2.16575,0.429321,1.32604,-1.87691,0.0637128,1.34033,-1.75433,-0.0860101,1.21227,-1.51959,0,0,0,0,0,0,0,0,0,0,0,0,0,0,0,0,0,0,0,0,0,0,0,0
1770178380952321525,-0.108684,0.609721,-2.16802,0.426532,1.32869,-1.87932,0.0646044,1.33936,-1.75347,-0.0882409,1.21052,-1.52126,0,0,0,0,0,0,0,0,0,0,0,0,0,0,0,0,0,0,0,0,0,0,0,0
1770178380972398460,-0.111102,0.611995,-2.16576,0.429321,1.32603,-1.87691,0.0636676,1.34038,-1.75437,-0.0859953,1.21228,-1.51958,0,0,0,0,0,0,0,0,0,0,0,0,0,0,0,0,0,0,0,0,0,0,0,0
1770178380992470564,-0.108684,0.609722,-2.16802,0.426531,1.32869,-1.87932,0.0646544,1.3393,-1.75342,-0.0882523,1.21051,-1.52127,0,0,0,0,0,0,0,0,0,0,0,0,0,0,0,0,0,0,0,0,0,0,0,0
1770178381012545387,-0.111102,0.611995,-2.16576,0.429322,1.32603,-1.87691,0.0636188,1.34043,-1.75442,-0.0859819,1.21229,-1.51957,0,0,0,0,0,0,0,0,0,0,0,0,0,0,0,0,0,0,0,0,0,0,0,0
1770178381032628307,-0.108685,0.609722,-2.16802,0.426531,1.32869,-1.87932,0.0647083,1.33924,-1.75336,-0.0882626,1.2105,-1.52128,0,0,0,0,0,0,0,0,0,0,0,0,0,0,0,0,0,0,0,0,0,0,0,0
1770178381052703674,-0.111102,0.611994,-2.16576,0.429322,1.32603,-1.87691,0.0635668,1.34049,-1.75446,-0.0859698,1.2123,-1.51956,0,0,0,0,0,0,0,0,0,0,0,0,0,0,0,0,0,0,0,0,0,0,0,0
1770178381072779458,-0.108685,0.609722,-2.16802,0.426531,1.32869,-1.87932,0.064766,1.33918,-1.7533,-0.0882719,1.21049,-1.52128,0,0,0,0,0,0,0,0,0,0,0,0,0,0,0,0,0,0,0,0,0,0,0,0
1770178381092849001,-0.111101,0.611994,-2.16576,0.429323,1.32603,-1.87691,0.0635118,1.34055,-1.75451,-0.0859588,1.21231,-1.51955,0,0,0,0,0,0,0,0,0,0,0,0,0,0,0,0,0,0,0,0,0,0,0,0
1770178381112926417,-0.108685,0.609722,-2.16802,0.42653,1.3287,-1.87932,0.0648272,1.33911,-1.75324,-0.0882803,1.21049,-1.52129,0,0,0,0,0,0,0,0,0,0,0,0,0,0,0,0,0,0,0,0,0,0,0,0
1770178381132999832,-0.111101,0.611994,-2.16576,0.429323,1.32603,-1.87691,0.0634543,1.34061,-1.75457,-0.0859489,1.21232,-1.51954,0,0,0,0,0,0,0,0,0,0,0,0,0,0,0,0,0,0,0,0,0,0,0,0
1770178381153078656,-0.108685,0.609722,-2.16802,0.42653,1.3287,-1.87932,0.0648912,1.33904,-1.75318,-0.0882878,1.21048,-1.5213,0,0,0,0,0,0,0,0,0,0,0,0,0,0,0,0,0,0,0,0,0,0,0,0
1770178381173154951,-0.111101,0.611994,-2.16576,0.429323,1.32603,-1.87691,0.0633951,1.34067,-1.75462,-0.08594,1.21232,-1.51954,0,0,0,0,0,0,0,0,0,0,0,0,0,0,0,0,0,0,0,0,0,0,0,0
1770178381193231855,-0.108685,0.609722,-2.16802,0.42653,1.3287,-1.87932,0.0649572,1.33897,-1.75311,-0.0882946,1.21047,-1.5213,0,0,0,0,0,0,0,0,0,0,0,0,0,0,0,0,0,0,0,0,0,0,0,0
1770178381213312119,-0.111101,0.611994,-2.16576,0.429323,1.32603,-1.87691,0.063335,1.34074,-1.75468,-0.085932,1.21233,-1.51953,0,0,0,0,0,0,0,0,0,0,0,0,0,0,0,0,0,0,0,0,0,0,0,0
1770178381233390206,-0.108685,0.609722,-2.16802,0.42653,1.3287,-1.87932,0.0650244,1.3389,-1.75304,-0.0883006,1.21047,-1.52131,0,0,0,0,0,0,0,0,0,0,0,0,0,0,0,0,0,0,0,0,0,0,0,0
1770178381253468230,-0.111101,0.611994,-2.16576,0.429323,1.32603,-1.87691,0.063275,1.3408,-1.75473,-0.0859249,1.21234,-1.51952,0,0,0,0,0,0,0,0,0,0,0,0,0,0,0,0,0,0,0,0,0,0,0,0
1770178381273546317,-0.108685,0.609722,-2.16802,0.42653,1.3287,-1.87932,0.0650915,1.33883,-1.75297,-0.0883059,1.21046,-1.52131,0,0,0,0,0,0,0,0,0,0,0,0,0,0,0,0,0,0,0,0,0,0,0,0
1770178381293623349,-0.111101,0.611994,-2.16576,0.429323,1.32603,-1.87691,0.0632163,1.34087,-1.75478,-0.0859186,1.21234,-1.51952,0,0,0,0,0,0,0,0,0,0,0,0,0,0,0,0,0,0,0,0,0,0,0,0
1770178381313699580,-0.108685,0.609722,-2.16802,0.42653,1.3287,-1.87932,0.0651571,1.33875,-1.75291,-0.0883107,1.21046,-1.52132,0,0,0,0,0,0,0,0,0,0,0,0,0,0,0,0,0,0,0,0,0,0,0,0
1770178381333774724,-0.111101,0.611994,-2.16576,0.429323,1.32603,-1.87691,0.06316,1.34093,-1.75483,-0.0859129,1.21235,-1.51951,0,0,0,0,0,0,0,0,0,0,0,0,0,0,0,0,0,0,0,0,0,0,0,0
1770178381353856267,-0.108685,0.609723,-2.16802,0.42653,1.3287,-1.87932,0.06522,1.33869,-1.75284,-0.0883149,1.21046,-1.52132,0,0,0,0,0,0,0,0,0,0,0,0,0,0,0,0,0,0,0,0,0,0,0,0
1770178381373946323,-0.111101,0.611994,-2.16576,0.429323,1.32603,-1.8769,0.0631072,1.34098,-1.75488,-0.0859079,1.21235,-1.51951,0,0,0,0,0,0,0,0,0,0,0,0,0,0,0,0,0,0,0,0,0,0,0,0
1770178381394024155,-0.108685,0.609723,-2.16802,0.42653,1.3287,-1.87932,0.065279,1.33862,-1.75278,-0.0883187,1.21045,-1.52132,0,0,0,0,0,0,0,0,0,0,0,0,0,0,0,0,0,0,0,0,0,0,0,0
1770178381414099170,-0.111101,0.611993,-2.16576,0.429323,1.32603,-1.8769,0.0630588,1.34103,-1.75492,-0.0859035,1.21235,-1.51951,0,0,0,0,0,0,0,0,0,0,0,0,0,0,0,0,0,0,0,0,0,0,0,0
1770178381434178826,-0.108686,0.609723,-2.16802,0.42653,1.3287,-1.87932,0.065333,1.33856,-1.75272,-0.088322,1.21045,-1.52133,0,0,0,0,0,0,0,0,0,0,0,0,0,0,0,0,0,0,0,0,0,0,0,0
1770178381454255698,-0.111101,0.611993,-2.16576,0.429323,1.32603,-1.8769,0.0630156,1.34108,-1.75496,-0.0858995,1.21236,-1.5195,0,0,0,0,0,0,0,0,0,0,0,0,0,0,0,0,0,0,0,0,0,0,0,0
1770178381474333913,-0.108686,0.609723,-2.16802,0.42653,1.3287,-1.87932,0.0653811,1.33851,-1.75267,-0.0883249,1.21045,-1.52133,0,0,0,0,0,0,0,0,0,0,0,0,0,0,0,0,0,0,0,0,0,0,0,0
1770178381494411009,-0.111101,0.611993,-2.16576,0.429324,1.32603,-1.8769,0.0629778,1.34112,-1.75499,-0.0858961,1.21236,-1.5195,0,0,0,0,0,0,0,0,0,0,0,0,0,0,0,0,0,0,0,0,0,0,0,0
1770178381514482120,-0.108686,0.609723,-2.16802,0.42653,1.3287,-1.87932,0.0654231,1.33846,-1.75263,-0.0883275,1.21045,-1.52133,0,0,0,0,0,0,0,0,0,0,0,0,0,0,0,0,0,0,0,0,0,0,0,0
1770178381534555567,-0.111101,0.611993,-2.16576,0.429324,1.32603,-1.8769,0.0629458,1.34115,-1.75502,-0.085893,1.21236,-1.5195,0,0,0,0,0,0,0,0,0,0,0,0,0,0,0,0,0,0,0,0,0,0,0,0
1770178381554632119,-0.108686,0.609723,-2.16802,0.42653,1.3287,-1.87932,0.0654586,1.33843,-1.75259,-0.0883298,1.21044,-1.52133,0,0,0,0,0,0,0,0,0,0,0,0,0,0,0,0,0,0,0,0,0,0,0,0
1770178381574710975,-0.111101,0.611993,-2.16576,0.429324,1.32603,-1.8769,0.0629194,1.34118,-1.75505,-0.0858903,1.21237,-1.5195,0,0,0,0,0,0,0,0,0,0,0,0,0,0,0,0,0,0,0,0,0,0,0,0
1770178381594785670,-0.108686,0.609723,-2.16802,0.42653,1.3287,-1.87932,0.0654878,1.33839,-1.75256,-0.0883318,1.21044,-1.52134,0,0,0,0,0,0,0,0,0,0,0,0,0,0,0,0,0,0,0,0,0,0,0,0
1770178381614857326,-0.111101,0.611993,-2.16576,0.429324,1.32603,-1.8769,0.0628984,1.3412,-1.75506,-0.0858879,1.21237,-1.51949,0,0,0,0,0,0,0,0,0,0,0,0,0,0,0,0,0,0,0,0,0,0,0,0
1770178381634932725,-0.108686,0.609723,-2.16802,0.42653,1.3287,-1.87932,0.065511,1.33837,-1.75254,-0.0883336,1.21044,-1.52134,0,0,0,0,0,0,0,0,0,0,0,0,0,0,0,0,0,0,0,0,0,0,0,0
1770178381655046781,-0.111101,0.611993,-2.16576,0.429324,1.32603,-1.8769,0.0628822,1.34122,-1.75508,-0.0858858,1.21237,-1.51949,0,0,0,0,0,0,0,0,0,0,0,0,0,0,0,0,0,0,0,0,0,0,0,0
1770178381675142469,-0.108686,0.609723,-2.16802,0.42653,1.3287,-1.87932,0.0655286,1.33835,-1.75252,-0.0883352,1.21044,-1.52134,0,0,0,0,0,0,0,0,0,0,0,0,0,0,0,0,0,0,0,0,0,0,0,0
1770178381695222317,-0.111101,0.611993,-2.16576,0.429324,1.32603,-1.8769,0.0628703,1.34123,-1.75509,-0.085884,1.21237,-1.51949,0,0,0,0,0,0,0,0,0,0,0,0,0,0,0,0,0,0,0,0,0,0,0,0
1770178381715294676,-0.108686,0.609723,-2.16802,0.42653,1.3287,-1.87932,0.0655415,1.33834,-1.75251,-0.0883365,1.21044,-1.52134,0,0,0,0,0,0,0,0,0,0,0,0,0,0,0,0,0,0,0,0,0,0,0,0
1770178381735373212,-0.111101,0.611993,-2.16576,0.429324,1.32603,-1.8769,0.062862,1.34124,-1.75509,-0.0858823,1.21237,-1.51949,0,0,0,0,0,0,0,0,0,0,0,0,0,0,0,0,0,0,0,0,0,0,0,0
1770178381755450467,-0.108686,0.609723,-2.16802,0.42653,1.3287,-1.87932,0.0655503,1.33833,-1.7525,-0.0883377,1.21044,-1.52134,0,0,0,0,0,0,0,0,0,0,0,0,0,0,0,0,0,0,0,0,0,0,0,0
1770178381775527403,-0.1111,0.611993,-2.16576,0.429324,1.32603,-1.8769,0.0628566,1.34125,-1.7551,-0.0858809,1.21237,-1.51949,0,0,0,0,0,0,0,0,0,0,0,0,0,0,0,0,0,0,0,0,0,0,0,0
1770178381795605811,-0.108686,0.609723,-2.16802,0.42653,1.3287,-1.87932,0.065556,1.33832,-1.75249,-0.0883388,1.21044,-1.52134,0,0,0,0,0,0,0,0,0,0,0,0,0,0,0,0,0,0,0,0,0,0,0,0
1770178381815683834,-0.1111,0.611993,-2.16576,0.429324,1.32603,-1.8769,0.0628531,1.34125,-1.7551,-0.0858797,1.21237,-1.51949,0,0,0,0,0,0,0,0,0,0,0,0,0,0,0,0,0,0,0,0,0,0,0,0
1770178381835758626,-0.108686,0.609723,-2.16802,0.42653,1.3287,-1.87932,0.0655595,1.33832,-1.75249,-0.0883397,1.21044,-1.52134,0,0,0,0,0,0,0,0,0,0,0,0,0,0,0,0,0,0,0,0,0,0,0,0
1770178381855837321,-0.1111,0.611993,-2.16576,0.429324,1.32603,-1.8769,0.0628511,1.34125,-1.7551,-0.0858786,1.21237,-1.51949,0,0,0,0,0,0,0,0,0,0,0,0,0,0,0,0,0,0,0,0,0,0,0,0
1770178381875912081,-0.108686,0.609723,-2.16802,0.42653,1.3287,-1.87932,0.0655616,1.33832,-1.75248,-0.0883405,1.21044,-1.52134,0,0,0,0,0,0,0,0,0,0,0,0,0,0,0,0,0,0,0,0,0,0,0,0
1770178381895987928,-0.1111,0.611993,-2.16576,0.429324,1.32603,-1.8769,0.0628499,1.34125,-1.7551,-0.0858776,1.21238,-1.51949,0,0,0,0,0,0,0,0,0,0,0,0,0,0,0,0,0,0,0,0,0,0,0,0
1770178381916065376,-0.108686,0.609723,-2.16802,0.42653,1.3287,-1.87932,0.0655628,1.33831,-1.75248,-0.0883412,1.21043,-1.52134,0,0,0,0,0,0,0,0,0,0,0,0,0,0,0,0,0,0,0,0,0,0,0,0
1770178381936136647,-0.1111,0.611993,-2.16576,0.429324,1.32603,-1.8769,0.0628493,1.34125,-1.7551,-0.0858767,1.21238,-1.51949,0,0,0,0,0,0,0,0,0,0,0,0,0,0,0,0,0,0,0,0,0,0,0,0
1770178381956216047,-0.108686,0.609723,-2.16802,0.42653,1.3287,-1.87932,0.0655634,1.33831,-1.75248,-0.0883419,1.21043,-1.52134,0,0,0,0,0,0,0,0,0,0,0,0,0,0,0,0,0,0,0,0,0,0,0,0
1770178381976298038,-0.1111,0.611993,-2.16576,0.429324,1.32603,-1.8769,0.0628489,1.34125,-1.7551,-0.085876,1.21238,-1.51948,0,0,0,0,0,0,0,0,0,0,0,0,0,0,0,0,0,0,0,0,0,0,0,0
1770178381996377214,-0.108686,0.609723,-2.16802,0.42653,1.3287,-1.87932,0.0655638,1.33831,-1.75248,-0.0883424,1.21043,-1.52134,0,0,0,0,0,0,0,0,0,0,0,0,0,0,0,0,0,0,0,0,0,0,0,0
1770178382016456646,-0.1111,0.611993,-2.16576,0.429324,1.32603,-1.8769,0.0628487,1.34125,-1.7551,-0.0858754,1.21238,-1.51948,0,0,0,0,0,0,0,0,0,0,0,0,0,0,0,0,0,0,0,0,0,0,0,0
1770178382036528813,-0.108686,0.609723,-2.16802,0.42653,1.3287,-1.87932,0.065564,1.33831,-1.75248,-0.0883429,1.21043,-1.52134,0,0,0,0,0,0,0,0,0,0,0,0,0,0,0,0,0,0,0,0,0,0,0,0
1770178382056602741,-0.1111,0.611993,-2.16576,0.429324,1.32603,-1.8769,0.0628486,1.34125,-1.7551,-0.0858748,1.21238,-1.51948,0,0,0,0,0,0,0,0,0,0,0,0,0,0,0,0,0,0,0,0,0,0,0,0
1770178382076686908,0.0332196,1.2806,-1.86068,-0.103193,0.853736,-1.8678,-0.112741,0.938618,-2.04014,-0.0352884,0.677056,-2.09948,0,0,0,0,0,0,0,0,0,0,0,0,0,0,0,0,0,0,0,0,0,0,0,0
1770178382096763204,0.0271491,1.32669,-1.87134,-0.107033,0.87826,-1.86847,-0.126244,0.949962,-2.02929,-0.0479406,0.639501,-2.13221,0,0,0,0,0,0,0,0,0,0,0,0,0,0,0,0,0,0,0,0,0,0,0,0
1770178382116842539,0.0296025,1.3277,-1.87084,-0.107951,0.875647,-1.86775,-0.126195,0.94996,-2.02926,-0.0477124,0.640316,-2.13127,0,0,0,0,0,0,0,0,0,0,0,0,0,0,0,0,0,0,0,0,0,0,0,0
1770178382136912467,0.0271476,1.32701,-1.86995,-0.106649,0.877015,-1.86698,-0.12621,0.949962,-2.02926,-0.0481271,0.639505,-2.13213,0,0,0,0,0,0,0,0,0,0,0,0,0,0,0,0,0,0,0,0,0,0,0,0
1770178382156995258,0.0297358,1.32763,-1.87091,-0.108105,0.875784,-1.86809,-0.126203,0.949957,-2.02926,-0.0475594,0.640308,-2.1313,0,0,0,0,0,0,0,0,0,0,0,0,0,0,0,0,0,0,0,0,0,0,0,0
1770178382177076354,0.0270507,1.32706,-1.86991,-0.106531,0.87707,-1.86685,-0.126209,0.949962,-2.02926,-0.0482492,0.63951,-2.13211,0,0,0,0,0,0,0,0,0,0,0,0,0,0,0,0,0,0,0,0,0,0,0,0
1770178382197157098,0.0298602,1.32756,-1.8709,-0.108221,0.875685,-1.8682,-0.126204,0.949957,-2.02926,-0.0474671,0.640316,-2.1313,0,0,0,0,0,0,0,0,0,0,0,0,0,0,0,0,0,0,0,0,0,0,0,0
1770178382217235441,0.0269866,1.32713,-1.86991,-0.106414,0.87717,-1.86675,-0.126209,0.949962,-2.02926,-0.0483314,0.6395,-2.13212,0,0,0,0,0,0,0,0,0,0,0,0,0,0,0,0,0,0,0,0,0,0,0,0
1770178382237317689,0.0299461,1.32749,-1.87087,-0.108343,0.875569,-1.86831,-0.126204,0.949957,-2.02926,-0.0474037,0.640336,-2.13129,0,0,0,0,0,0,0,0,0,0,0,0,0,0,0,0,0,0,0,0,0,0,0,0
1770178382257393344,0.0269556,1.32721,-1.86993,-0.106303,0.877277,-1.86664,-0.126209,0.949962,-2.02926,-0.0483914,0.63948,-2.13214,0,0,0,0,0,0,0,0,0,0,0,0,0,0,0,0,0,0,0,0,0,0,0,0
1770178382277469768,0.0299948,1.32741,-1.87083,-0.108464,0.875447,-1.86844,-0.126204,0.949957,-2.02926,-0.0473538,0.640363,-2.13126,0,0,0,0,0,0,0,0,0,0,0,0,0,0,0,0,0,0,0,0,0,0,0,0
1770178382297548239,0.0269498,1.3273,-1.86996,-0.110851,0.877768,-1.866,-0.126209,0.949962,-2.02926,-0.0484401,0.639455,-2.13216,0,0,0,0,0,0,0,0,0,0,0,0,0,0,0,0,0,0,0,0,0,0,0,0
1770178382317631671,0.0300171,1.32733,-1.87078,-0.108439,0.875324,-1.86849,-0.126204,0.949957,-2.02926,-0.0473097,0.640393,-2.13123,0,0,0,0,0,0,0,0,0,0,0,0,0,0,0,0,0,0,0,0,0,0,0,0
1770178382337711455,0.0269601,1.3274,-1.87,-0.105422,0.87238,-1.87139,-0.126209,0.949962,-2.02926,-0.0484836,0.639427,-2.13219,0,0,0,0,0,0,0,0,0,0,0,0,0,0,0,0,0,0,0,0,0,0,0,0
1770178382357784006,0.0300231,1.32724,-1.87072,-0.108334,0.87521,-1.8686,-0.126204,0.949957,-2.02926,-0.0472679,0.640426,-2.1312,0,0,0,0,0,0,0,0,0,0,0,0,0,0,0,0,0,0,0,0,0,0,0,0
1770178382377858062,0.0269802,1.32751,-1.87006,-0.105466,0.872394,-1.87137,-0.126209,0.949962,-2.02926,-0.0485251,0.639397,-2.13221,0,0,0,0,0,0,0,0,0,0,0,0,0,0,0,0,0,0,0,0,0,0,0,0
1770178382397934325,0.0300187,1.32714,-1.87065,-0.108299,0.875183,-1.86863,-0.126204,0.949957,-2.02926,-0.0472266,0.640461,-2.13116,0,0,0,0,0,0,0,0,0,0,0,0,0,0,0,0,0,0,0,0,0,0,0,0
1770178382418008189,0.0270063,1.32763,-1.87012,-0.105484,0.872413,-1.87135,-0.126209,0.949962,-2.02926,-0.0485659,0.639366,-2.13225,0,0,0,0,0,0,0,0,0,0,0,0,0,0,0,0,0,0,0,0,0,0,0,0
1770178382438084548,0.0300069,1.32704,-1.87058,-0.108277,0.875162,-1.86865,-0.126204,0.949957,-2.02926,-0.0471852,0.640497,-2.13113,0,0,0,0,0,0,0,0,0,0,0,0,0,0,0,0,0,0,0,0,0,0,0,0
1770178382458159692,0.0270365,1.32776,-1.87018,-0.105498,0.872428,-1.87134,-0.126209,0.949962,-2.02926,-0.0486066,0.639334,-2.13228,0,0,0,0,0,0,0,0,0,0,0,0,0,0,0,0,0,0,0,0,0,0,0,0
1770178382478244403,0.029989,1.32694,-1.8705,-0.10826,0.875145,-1.86867,-0.126204,0.949957,-2.02926,-0.0471435,0.640534,-2.13109,0,0,0,0,0,0,0,0,0,0,0,0,0,0,0,0,0,0,0,0,0,0,0,0
1770178382498323035,0.0270692,1.32789,-1.87025,-0.105509,0.872439,-1.87133,-0.126209,0.949962,-2.02926,-0.0486472,0.639301,-2.13231,0,0,0,0,0,0,0,0,0,0,0,0,0,0,0,0,0,0,0,0,0,0,0,0
1770178382518402243,0.0299657,1.32685,-1.87041,-0.108247,0.875133,-1.86868,-0.126203,0.949957,-2.02926,-0.0471016,0.640572,-2.13105,0,0,0,0,0,0,0,0,0,0,0,0,0,0,0,0,0,0,0,0,0,0,0,0
1770178382538479626,0.0271033,1.32801,-1.87033,-0.105518,0.872447,-1.87132,-0.126209,0.949962,-2.02926,-0.0486877,0.639268,-2.13234,0,0,0,0,0,0,0,0,0,0,0,0,0,0,0,0,0,0,0,0,0,0,0,0
1770178382558548971,0.0299381,1.32675,-1.87033,-0.108237,0.875123,-1.86869,-0.126203,0.949957,-2.02926,-0.0470598,0.64061,-2.13102,0,0,0,0,0,0,0,0,0,0,0,0,0,0,0,0,0,0,0,0,0,0,0,0
1770178382578623336,0.0271374,1.32813,-1.8704,-0.105525,0.872454,-1.87131,-0.126209,0.949962,-2.02926,-0.0487277,0.639236,-2.13237,0,0,0,0,0,0,0,0,0,0,0,0,0,0,0,0,0,0,0,0,0,0,0,0
1770178382598692932,0.0299073,1.32667,-1.87024,-0.108229,0.875115,-1.8687,-0.126203,0.949957,-2.02926,-0.0470184,0.640648,-2.13098,0,0,0,0,0,0,0,0,0,0,0,0,0,0,0,0,0,0,0,0,0,0,0,0
1770178382618769408,0.0271703,1.32824,-1.87046,-0.105531,0.87246,-1.8713,-0.126209,0.949962,-2.02926,-0.0487669,0.639204,-2.13241,0,0,0,0,0,0,0,0,0,0,0,0,0,0,0,0,0,0,0,0,0,0,0,0
1770178382638852445,0.029875,1.32659,-1.87017,-0.108223,0.875108,-1.8687,-0.126203,0.949957,-2.02926,-0.0469778,0.640685,-2.13094,0,0,0,0,0,0,0,0,0,0,0,0,0,0,0,0,0,0,0,0,0,0,0,0
1770178382658932057,0.0272009,1.32834,-1.87053,-0.105535,0.872464,-1.8713,-0.126209,0.949962,-2.02926,-0.048805,0.639172,-2.13244,0,0,0,0,0,0,0,0,0,0,0,0,0,0,0,0,0,0,0,0,0,0,0,0
1770178382679015350,0.0298429,1.32653,-1.8701,-0.108218,0.875103,-1.86871,-0.126203,0.949957,-2.02926,-0.0469383,0.640722,-2.1309,0,0,0,0,0,0,0,0,0,0,0,0,0,0,0,0,0,0,0,0,0,0,0,0
1770178382699085650,0.0272285,1.32842,-1.87058,-0.105538,0.872467,-1.8713,-0.126209,0.949962,-2.02926,-0.0488416,0.639142,-2.13247,0,0,0,0,0,0,0,0,0,0,0,0,0,0,0,0,0,0,0,0,0,0,0,0
1770178382719163279,0.0298125,1.32647,-1.87004,-0.108213,0.875099,-1.86871,-0.126203,0.949957,-2.02926,-0.0469002,0.640757,-2.13087,0,0,0,0,0,0,0,0,0,0,0,0,0,0,0,0,0,0,0,0,0,0,0,0
1770178382739242571,0.0272526,1.32848,-1.87063,-0.105541,0.87247,-1.87129,-0.126209,0.949962,-2.02926,-0.0488765,0.639113,-2.1325,0,0,0,0,0,0,0,0,0,0,0,0,0,0,0,0,0,0,0,0,0,0,0,0
1770178382759321896,0.0297848,1.32643,-1.86999,-0.10821,0.875096,-1.86872,-0.126203,0.949957,-2.02926,-0.0468639,0.640792,-2.13083,0,0,0,0,0,0,0,0,0,0,0,0,0,0,0,0,0,0,0,0,0,0,0,0
1770178382779400708,0.0272732,1.32854,-1.87067,-0.105544,0.872473,-1.87129,-0.126209,0.949963,-2.02926,-0.0489094,0.639085,-2.13252,0,0,0,0,0,0,0,0,0,0,0,0,0,0,0,0,0,0,0,0,0,0,0,0
1770178382799476161,0.0297604,1.32639,-1.86995,-0.108207,0.875093,-1.86872,-0.126203,0.949957,-2.02926,-0.0468296,0.640824,-2.1308,0,0,0,0,0,0,0,0,0,0,0,0,0,0,0,0,0,0,0,0,0,0,0,0
1770178382819551229,0.0272904,1.32858,-1.87071,-0.105545,0.872474,-1.87129,-0.126209,0.949963,-2.02926,-0.0489401,0.639059,-2.13255,0,0,0,0,0,0,0,0,0,0,0,0,0,0,0,0,0,0,0,0,0,0,0,0
1770178382839628506,0.0297397,1.32636,-1.86991,-0.108205,0.875091,-1.86872,-0.126203,0.949957,-2.02926,-0.0467975,0.640855,-2.13077,0,0,0,0,0,0,0,0,0,0,0,0,0,0,0,0,0,0,0,0,0,0,0,0
1770178382859709782,0.0273044,1.32862,-1.87074,-0.105547,0.872476,-1.87129,-0.126209,0.949963,-2.02926,-0.0489685,0.639035,-2.13257,0,0,0,0,0,0,0,0,0,0,0,0,0,0,0,0,0,0,0,0,0,0,0,0
1770178382879796563,0.0297224,1.32634,-1.86989,-0.108203,0.87509,-1.86872,-0.126203,0.949957,-2.02926,-0.0467678,0.640883,-2.13074,0,0,0,0,0,0,0,0,0,0,0,0,0,0,0,0,0,0,0,0,0,0,0,0
1770178382899872655,0.0273157,1.32864,-1.87076,-0.105548,0.872477,-1.87129,-0.126209,0.949963,-2.02926,-0.0489945,0.639013,-2.13259,0,0,0,0,0,0,0,0,0,0,0,0,0,0,0,0,0,0,0,0,0,0,0,0
1770178382919949164,0.0297083,1.32632,-1.86987,-0.108202,0.875088,-1.86872,-0.126203,0.949957,-2.02926,-0.0467405,0.64091,-2.13072,0,0,0,0,0,0,0,0,0,0,0,0,0,0,0,0,0,0,0,0,0,0,0,0
1770178382940026952,0.0273247,1.32867,-1.87078,-0.105549,0.872478,-1.87129,-0.126209,0.949963,-2.02926,-0.0490182,0.638993,-2.13261,0,0,0,0,0,0,0,0,0,0,0,0,0,0,0,0,0,0,0,0,0,0,0,0
1770178382960102885,0.029697,1.32631,-1.86985,-0.108201,0.875087,-1.86873,-0.126203,0.949956,-2.02926,-0.0467156,0.640934,-2.13069,0,0,0,0,0,0,0,0,0,0,0,0,0,0,0,0,0,0,0,0,0,0,0,0
1770178382980181569,0.0273317,1.32868,-1.87079,-0.10555,0.872479,-1.87129,-0.126209,0.949963,-2.02926,-0.0490396,0.638974,-2.13263,0,0,0,0,0,0,0,0,0,0,0,0,0,0,0,0,0,0,0,0,0,0,0,0
1770178383000259838,0.0296881,1.3263,-1.86984,-0.1082,0.875086,-1.86873,-0.126203,0.949956,-2.02926,-0.0466931,0.640956,-2.13067,0,0,0,0,0,0,0,0,0,0,0,0,0,0,0,0,0,0,0,0,0,0,0,0
1770178383020334074,0.0273372,1.32869,-1.8708,-0.105551,0.87248,-1.87129,-0.126209,0.949963,-2.02926,-0.0490587,0.638958,-2.13265,0,0,0,0,0,0,0,0,0,0,0,0,0,0,0,0,0,0,0,0,0,0,0,0
1770178383040418551,0.029681,1.32629,-1.86983,-0.108199,0.875085,-1.86873,-0.126203,0.949956,-2.02926,-0.0466729,0.640975,-2.13065,0,0,0,0,0,0,0,0,0,0,0,0,0,0,0,0,0,0,0,0,0,0,0,0
1770178383060496755,0.0273415,1.3287,-1.87081,-0.105551,0.87248,-1.87128,-0.126209,0.949963,-2.02926,-0.0490757,0.638943,-2.13266,0,0,0,0,0,0,0,0,0,0,0,0,0,0,0,0,0,0,0,0,0,0,0,0
1770178383080570256,0.0296755,1.32628,-1.86982,-0.108199,0.875085,-1.86873,-0.126203,0.949956,-2.02926,-0.0466549,0.640993,-2.13063,0,0,0,0,0,0,0,0,0,0,0,0,0,0,0,0,0,0,0,0,0,0,0,0
1770178383100646316,0.0273448,1.32871,-1.87081,-0.105552,0.872481,-1.87128,-0.126209,0.949963,-2.02926,-0.0490907,0.63893,-2.13268,0,0,0,0,0,0,0,0,0,0,0,0,0,0,0,0,0,0,0,0,0,0,0,0
1770178383120719464,0.0296713,1.32628,-1.86982,-0.108198,0.875084,-1.86873,-0.126203,0.949956,-2.02926,-0.046639,0.641008,-2.13062,0,0,0,0,0,0,0,0,0,0,0,0,0,0,0,0,0,0,0,0,0,0,0,0
1770178383140800517,0.0273474,1.32871,-1.87082,-0.105552,0.872481,-1.87128,-0.126209,0.949963,-2.02926,-0.0491038,0.638918,-2.13269,0,0,0,0,0,0,0,0,0,0,0,0,0,0,0,0,0,0,0,0,0,0,0,0
1770178383160875937,0.029668,1.32627,-1.86981,-0.108198,0.875084,-1.86873,-0.126203,0.949956,-2.02926,-0.0466251,0.641022,-2.1306,0,0,0,0,0,0,0,0,0,0,0,0,0,0,0,0,0,0,0,0,0,0,0,0
1770178383180954110,0.0273493,1.32872,-1.87082,-0.105552,0.872481,-1.87128,-0.126209,0.949963,-2.02926,-0.0491153,0.638908,-2.1327,0,0,0,0,0,0,0,0,0,0,0,0,0,0,0,0,0,0,0,0,0,0,0,0
1770178383201029562,0.0296655,1.32627,-1.86981,-0.108197,0.875084,-1.86873,-0.126203,0.949956,-2.02926,-0.0466128,0.641034,-2.13059,0,0,0,0,0,0,0,0,0,0,0,0,0,0,0,0,0,0,0,0,0,0,0,0
1770178383221100503,0.0273508,1.32872,-1.87082,-0.105552,0.872481,-1.87128,-0.12621,0.949963,-2.02926,-0.0491253,0.638899,-2.13271,0,0,0,0,0,0,0,0,0,0,0,0,0,0,0,0,0,0,0,0,0,0,0,0
1770178383241179987,0.0296636,1.32627,-1.86981,-0.108197,0.875083,-1.86873,-0.126203,0.949956,-2.02926,-0.0466022,0.641045,-2.13058,0,0,0,0,0,0,0,0,0,0,0,0,0,0,0,0,0,0,0,0,0,0,0,0
1770178383261254064,0.0273519,1.32872,-1.87083,-0.105553,0.872482,-1.87128,-0.12621,0.949963,-2.02926,-0.049134,0.638891,-2.13272,0,0,0,0,0,0,0,0,0,0,0,0,0,0,0,0,0,0,0,0,0,0,0,0
1770178383281337292,0.0296622,1.32627,-1.86981,-0.108197,0.875083,-1.86873,-0.126203,0.949956,-2.02926,-0.0465929,0.641054,-2.13057,0,0,0,0,0,0,0,0,0,0,0,0,0,0,0,0,0,0,0,0,0,0,0,0
1770178383301418313,0.0273527,1.32873,-1.87083,-0.105553,0.872482,-1.87128,-0.12621,0.949963,-2.02926,-0.0491415,0.638885,-2.13272,0,0,0,0,0,0,0,0,0,0,0,0,0,0,0,0,0,0,0,0,0,0,0,0
1770178383321494437,0.0296611,1.32627,-1.8698,-0.108197,0.875083,-1.86873,-0.126203,0.949956,-2.02926,-0.046585,0.641062,-2.13056,0,0,0,0,0,0,0,0,0,0,0,0,0,0,0,0,0,0,0,0,0,0,0,0
1770178383341571522,0.0273534,1.32873,-1.87083,-0.105553,0.872482,-1.87128,-0.12621,0.949963,-2.02926,-0.0491479,0.638879,-2.13273,0,0,0,0,0,0,0,0,0,0,0,0,0,0,0,0,0,0,0,0,0,0,0,0
1770178383361648574,0.0296602,1.32627,-1.8698,-0.108196,0.875083,-1.86873,-0.126203,0.949956,-2.02926,-0.0465781,0.641068,-2.13056,0,0,0,0,0,0,0,0,0,0,0,0,0,0,0,0,0,0,0,0,0,0,0,0
1770178383381722778,0.0273539,1.32873,-1.87083,-0.105553,0.872482,-1.87128,-0.12621,0.949963,-2.02926,-0.0491534,0.638874,-2.13273,0,0,0,0,0,0,0,0,0,0,0,0,0,0,0,0,0,0,0,0,0,0,0,0
1770178383401801975,0.0296596,1.32626,-1.8698,-0.108196,0.875083,-1.86873,-0.126203,0.949956,-2.02926,-0.0465722,0.641074,-2.13055,0,0,0,0,0,0,0,0,0,0,0,0,0,0,0,0,0,0,0,0,0,0,0,0
1770178383421881491,0.0273543,1.32873,-1.87083,-0.105553,0.872482,-1.87128,-0.12621,0.949963,-2.02926,-0.0491582,0.63887,-2.13274,0,0,0,0,0,0,0,0,0,0,0,0,0,0,0,0,0,0,0,0,0,0,0,0
1770178383441955184,0.0296591,1.32626,-1.8698,-0.108196,0.875082,-1.86873,-0.126203,0.949956,-2.02927,-0.0465671,0.641079,-2.13055,0,0,0,0,0,0,0,0,0,0,0,0,0,0,0,0,0,0,0,0,0,0,0,0
1770178383462032236,0.0273545,1.32873,-1.87083,-0.105553,0.872482,-1.87128,-0.12621,0.949963,-2.02926,-0.0491622,0.638866,-2.13274,0,0,0,0,0,0,0,0,0,0,0,0,0,0,0,0,0,0,0,0,0,0,0,0
1770178383482110633,0.0296588,1.32626,-1.8698,-0.108196,0.875082,-1.86873,-0.126203,0.949956,-2.02927,-0.0465628,0.641084,-2.13054,0,0,0,0,0,0,0,0,0,0,0,0,0,0,0,0,0,0,0,0,0,0,0,0
1770178383502184997,0.0273547,1.32873,-1.87083,-0.105553,0.872482,-1.87128,-0.12621,0.949963,-2.02926,-0.0491657,0.638863,-2.13274,0,0,0,0,0,0,0,0,0,0,0,0,0,0,0,0,0,0,0,0,0,0,0,0
1770178383522263842,0.0296585,1.32626,-1.8698,-0.108196,0.875082,-1.86873,-0.126202,0.949956,-2.02927,-0.0465591,0.641087,-2.13054,0,0,0,0,0,0,0,0,0,0,0,0,0,0,0,0,0,0,0,0,0,0,0,0
1770178383542339838,0.0273549,1.32873,-1.87083,-0.105553,0.872482,-1.87128,-0.12621,0.949963,-2.02926,-0.0491686,0.638861,-2.13275,0,0,0,0,0,0,0,0,0,0,0,0,0,0,0,0,0,0,0,0,0,0,0,0
1770178383562417147,0.0296583,1.32626,-1.8698,-0.108196,0.875082,-1.86873,-0.126202,0.949956,-2.02927,-0.0465559,0.64109,-2.13054,0,0,0,0,0,0,0,0,0,0,0,0,0,0,0,0,0,0,0,0,0,0,0,0
1770178383582494871,0.027355,1.32873,-1.87083,-0.105553,0.872482,-1.87128,-0.12621,0.949963,-2.02926,-0.0491711,0.638858,-2.13275,0,0,0,0,0,0,0,0,0,0,0,0,0,0,0,0,0,0,0,0,0,0,0,0
1770178383602573396,0.0296581,1.32626,-1.8698,-0.108196,0.875082,-1.86873,-0.126202,0.949956,-2.02927,-0.0465533,0.641093,-2.13053,0,0,0,0,0,0,0,0,0,0,0,0,0,0,0,0,0,0,0,0,0,0,0,0
1770178383622647920,0.0273551,1.32873,-1.87083,-0.105553,0.872482,-1.87128,-0.12621,0.949963,-2.02926,-0.0491732,0.638856,-2.13275,0,0,0,0,0,0,0,0,0,0,0,0,0,0,0,0,0,0,0,0,0,0,0,0
1770178383642724204,0.029658,1.32626,-1.8698,-0.108196,0.875082,-1.86873,-0.126202,0.949956,-2.02927,-0.046551,0.641095,-2.13053,0,0,0,0,0,0,0,0,0,0,0,0,0,0,0,0,0,0,0,0,0,0,0,0
1770178383662803625,0.0273552,1.32873,-1.87083,-0.105553,0.872482,-1.87128,-0.12621,0.949964,-2.02926,-0.049175,0.638855,-2.13275,0,0,0,0,0,0,0,0,0,0,0,0,0,0,0,0,0,0,0,0,0,0,0,0
1770178383682888902,0.0296579,1.32626,-1.8698,-0.108196,0.875082,-1.86873,-0.126202,0.949956,-2.02927,-0.046549,0.641097,-2.13053,0,0,0,0,0,0,0,0,0,0,0,0,0,0,0,0,0,0,0,0,0,0,0,0
1770178383702960098,0.0273552,1.32873,-1.87083,-0.105553,0.872482,-1.87128,-0.12621,0.949964,-2.02926,-0.0491766,0.638853,-2.13275,0,0,0,0,0,0,0,0,0,0,0,0,0,0,0,0,0,0,0,0,0,0,0,0
1770178383723038654,0.0296578,1.32626,-1.8698,-0.108196,0.875082,-1.86873,-0.126202,0.949956,-2.02927,-0.0465474,0.641099,-2.13053,0,0,0,0,0,0,0,0,0,0,0,0,0,0,0,0,0,0,0,0,0,0,0,0
1770178383743115547,0.0273553,1.32873,-1.87083,-0.105553,0.872482,-1.87128,-0.12621,0.949964,-2.02926,-0.0491779,0.638852,-2.13275,0,0,0,0,0,0,0,0,0,0,0,0,0,0,0,0,0,0,0,0,0,0,0,0
1770178383763188631,0.0296578,1.32626,-1.8698,-0.108196,0.875082,-1.86873,-0.126202,0.949956,-2.02927,-0.046546,0.6411,-2.13053,0,0,0,0,0,0,0,0,0,0,0,0,0,0,0,0,0,0,0,0,0,0,0,0
1770178383783271284,0.0273553,1.32873,-1.87083,-0.105553,0.872482,-1.87128,-0.12621,0.949964,-2.02926,-0.049179,0.638851,-2.13276,0,0,0,0,0,0,0,0,0,0,0,0,0,0,0,0,0,0,0,0,0,0,0,0
1770178383803351824,0.0296578,1.32626,-1.8698,-0.108196,0.875082,-1.86873,-0.126202,0.949956,-2.02927,-0.0465448,0.641101,-2.13053,0,0,0,0,0,0,0,0,0,0,0,0,0,0,0,0,0,0,0,0,0,0,0,0
1770178383823432077,0.0273553,1.32873,-1.87083,-0.105553,0.872482,-1.87128,-0.12621,0.949964,-2.02926,-0.0491799,0.638851,-2.13276,0,0,0,0,0,0,0,0,0,0,0,0,0,0,0,0,0,0,0,0,0,0,0,0
1770178383843509833,0.0296577,1.32626,-1.8698,-0.108196,0.875082,-1.86873,-0.126202,0.949955,-2.02927,-0.0465438,0.641102,-2.13052,0,0,0,0,0,0,0,0,0,0,0,0,0,0,0,0,0,0,0,0,0,0,0,0
1770178383863590214,0.0273553,1.32873,-1.87083,-0.105553,0.872482,-1.87128,-0.12621,0.949964,-2.02926,-0.0491807,0.63885,-2.13276,0,0,0,0,0,0,0,0,0,0,0,0,0,0,0,0,0,0,0,0,0,0,0,0
1770178383883668002,0.0296577,1.32626,-1.8698,-0.108196,0.875082,-1.86873,-0.126202,0.949955,-2.02927,-0.046543,0.641103,-2.13052,0,0,0,0,0,0,0,0,0,0,0,0,0,0,0,0,0,0,0,0,0,0,0,0
1770178383903752415,0.0273554,1.32873,-1.87083,-0.105553,0.872482,-1.87128,-0.12621,0.949964,-2.02926,-0.0491813,0.638849,-2.13276,0,0,0,0,0,0,0,0,0,0,0,0,0,0,0,0,0,0,0,0,0,0,0,0
1770178383923828315,0.0296577,1.32626,-1.8698,-0.108196,0.875082,-1.86873,-0.126202,0.949955,-2.02927,-0.0465423,0.641104,-2.13052,0,0,0,0,0,0,0,0,0,0,0,0,0,0,0,0,0,0,0,0,0,0,0,0
1770178383943905048,0.0273554,1.32873,-1.87083,-0.105553,0.872482,-1.87128,-0.12621,0.949964,-2.02926,-0.0491819,0.638849,-2.13276,0,0,0,0,0,0,0,0,0,0,0,0,0,0,0,0,0,0,0,0,0,0,0,0
1770178383963984756,0.0296577,1.32626,-1.8698,-0.108196,0.875082,-1.86873,-0.126202,0.949955,-2.02927,-0.0465417,0.641105,-2.13052,0,0,0,0,0,0,0,0,0,0,0,0,0,0,0,0,0,0,0,0,0,0,0,0
1770178383984062545,0.0273554,1.32873,-1.87083,-0.105553,0.872482,-1.87128,-0.12621,0.949964,-2.02926,-0.0491824,0.638848,-2.13276,0,0,0,0,0,0,0,0,0,0,0,0,0,0,0,0,0,0,0,0,0,0,0,0
1770178384004142413,0.0296577,1.32626,-1.8698,-0.108196,0.875082,-1.86873,-0.126202,0.949955,-2.02927,-0.0465411,0.641105,-2.13052,0,0,0,0,0,0,0,0,0,0,0,0,0,0,0,0,0,0,0,0,0,0,0,0
1770178384024222986,0.0273554,1.32873,-1.87083,-0.105553,0.872482,-1.87128,-0.126211,0.949964,-2.02926,-0.0491828,0.638848,-2.13276,0,0,0,0,0,0,0,0,0,0,0,0,0,0,0,0,0,0,0,0,0,0,0,0
1770178384044302310,0.0296577,1.32626,-1.8698,-0.108196,0.875082,-1.86873,-0.126202,0.949955,-2.02927,-0.0465407,0.641105,-2.13052,0,0,0,0,0,0,0,0,0,0,0,0,0,0,0,0,0,0,0,0,0,0,0,0
1770178384064380259,0.0273554,1.32873,-1.87083,-0.105553,0.872482,-1.87128,-0.126211,0.949964,-2.02926,-0.0491831,0.638848,-2.13276,0,0,0,0,0,0,0,0,0,0,0,0,0,0,0,0,0,0,0,0,0,0,0,0
1770178384084460191,0.0296577,1.32626,-1.8698,-0.108196,0.875082,-1.86873,-0.126202,0.949955,-2.02927,-0.0465403,0.641106,-2.13052,0,0,0,0,0,0,0,0,0,0,0,0,0,0,0,0,0,0,0,0,0,0,0,0
1770178384104536764,0.0273554,1.32873,-1.87083,-0.105553,0.872482,-1.87128,-0.126211,0.949964,-2.02926,-0.0491834,0.638847,-2.13276,0,0,0,0,0,0,0,0,0,0,0,0,0,0,0,0,0,0,0,0,0,0,0,0
1770178384124610168,0.0296576,1.32626,-1.8698,-0.108196,0.875082,-1.86873,-0.126202,0.949955,-2.02927,-0.04654,0.641106,-2.13052,0,0,0,0,0,0,0,0,0,0,0,0,0,0,0,0,0,0,0,0,0,0,0,0
1770178384144688213,0.0273554,1.32873,-1.87083,-0.105553,0.872482,-1.87128,-0.126211,0.949964,-2.02926,-0.0491837,0.638847,-2.13276,0,0,0,0,0,0,0,0,0,0,0,0,0,0,0,0,0,0,0,0,0,0,0,0
1770178384164769649,0.0296576,1.32626,-1.8698,-0.108196,0.875082,-1.86873,-0.126202,0.949955,-2.02927,-0.0465398,0.641106,-2.13052,0,0,0,0,0,0,0,0,0,0,0,0,0,0,0,0,0,0,0,0,0,0,0,0
1770178384184846446,0.0273554,1.32873,-1.87083,-0.105553,0.872482,-1.87128,-0.126211,0.949964,-2.02926,-0.0491839,0.638847,-2.13276,0,0,0,0,0,0,0,0,0,0,0,0,0,0,0,0,0,0,0,0,0,0,0,0
1770178384204924362,0.0296576,1.32626,-1.8698,-0.108196,0.875082,-1.86873,-0.126202,0.949955,-2.02927,-0.0465395,0.641107,-2.13052,0,0,0,0,0,0,0,0,0,0,0,0,0,0,0,0,0,0,0,0,0,0,0,0
1770178384225003111,0.0273554,1.32873,-1.87083,-0.105553,0.872482,-1.87128,-0.126211,0.949964,-2.02926,-0.049184,0.638847,-2.13276,0,0,0,0,0,0,0,0,0,0,0,0,0,0,0,0,0,0,0,0,0,0,0,0
1770178384245079683,0.0296576,1.32626,-1.8698,-0.108196,0.875082,-1.86873,-0.126201,0.949955,-2.02927,-0.0465394,0.641107,-2.13052,0,0,0,0,0,0,0,0,0,0,0,0,0,0,0,0,0,0,0,0,0,0,0,0
1770178384265158880,0.0273554,1.32873,-1.87083,-0.105553,0.872482,-1.87128,-0.126211,0.949964,-2.02926,-0.0491842,0.638847,-2.13276,0,0,0,0,0,0,0,0,0,0,0,0,0,0,0,0,0,0,0,0,0,0,0,0
1770178384285238140,0.0296576,1.32626,-1.8698,-0.108196,0.875082,-1.86873,-0.126201,0.949955,-2.02927,-0.0465392,0.641107,-2.13052,0,0,0,0,0,0,0,0,0,0,0,0,0,0,0,0,0,0,0,0,0,0,0,0
1770178384305312761,0.0273554,1.32873,-1.87083,-0.105553,0.872482,-1.87128,-0.126211,0.949964,-2.02926,-0.0491843,0.638847,-2.13276,0,0,0,0,0,0,0,0,0,0,0,0,0,0,0,0,0,0,0,0,0,0,0,0
1770178384325389365,0.0296576,1.32626,-1.8698,-0.108196,0.875082,-1.86873,-0.126201,0.949955,-2.02927,-0.0465391,0.641107,-2.13052,0,0,0,0,0,0,0,0,0,0,0,0,0,0,0,0,0,0,0,0,0,0,0,0
1770178384345465745,-0.283923,0.472277,-2.07927,0.0700141,0.744022,-1.87905,0.0942952,1.34895,-1.67917,0.177849,0.616739,-2.14478,0,0,0,0,0,0,0,0,0,0,0,0,0,0,0,0,0,0,0,0,0,0,0,0
1770178384365543790,-0.242352,0.494345,-2.1097,0.0684887,0.745797,-1.87339,0.0945526,1.34207,-1.68413,0.185875,0.621938,-2.13957,0,0,0,0,0,0,0,0,0,0,0,0,0,0,0,0,0,0,0,0,0,0,0,0
1770178384385621290,-0.24081,0.494285,-2.11124,0.0656539,0.742525,-1.87628,0.0938451,1.34241,-1.68502,0.185893,0.621845,-2.13969,0,0,0,0,0,0,0,0,0,0,0,0,0,0,0,0,0,0,0,0,0,0,0,0
1770178384405698823,-0.240752,0.494268,-2.11127,0.0684514,0.745357,-1.87351,0.0945337,1.34237,-1.68469,0.185975,0.621941,-2.13959,0,0,0,0,0,0,0,0,0,0,0,0,0,0,0,0,0,0,0,0,0,0,0,0
1770178384425776099,-0.240766,0.494284,-2.11128,0.0656906,0.742669,-1.87611,0.0939253,1.34239,-1.68485,0.185879,0.621837,-2.1397,0,0,0,0,0,0,0,0,0,0,0,0,0,0,0,0,0,0,0,0,0,0,0,0
1770178384445850272,-0.24075,0.494267,-2.11127,0.068303,0.745215,-1.87365,0.0944654,1.34235,-1.68477,0.185984,0.62195,-2.13959,0,0,0,0,0,0,0,0,0,0,0,0,0,0,0,0,0,0,0,0,0,0,0,0
1770178384465932892,-0.240767,0.494285,-2.11128,0.0657857,0.742757,-1.87603,0.0939836,1.34241,-1.6848,0.18587,0.621827,-2.13971,0,0,0,0,0,0,0,0,0,0,0,0,0,0,0,0,0,0,0,0,0,0,0,0
1770178384486012153,-0.240749,0.494266,-2.11127,0.0682,0.745112,-1.87375,0.094423,1.34232,-1.68481,0.185994,0.62196,-2.13958,0,0,0,0,0,0,0,0,0,0,0,0,0,0,0,0,0,0,0,0,0,0,0,0
1770178384506088373,-0.240769,0.494286,-2.11128,0.0658561,0.742824,-1.87597,0.0940174,1.34244,-1.68476,0.185859,0.621816,-2.13972,0,0,0,0,0,0,0,0,0,0,0,0,0,0,0,0,0,0,0,0,0,0,0,0
1770178384526168594,-0.240747,0.494265,-2.11126,0.0681208,0.745033,-1.87383,0.0943992,1.34231,-1.68484,0.186005,0.621973,-2.13956,0,0,0,0,0,0,0,0,0,0,0,0,0,0,0,0,0,0,0,0,0,0,0,0
1770178384546253326,-0.24077,0.494287,-2.11129,0.0659125,0.742879,-1.87591,0.0940354,1.34245,-1.68474,0.185846,0.621802,-2.13973,0,0,0,0,0,0,0,0,0,0,0,0,0,0,0,0,0,0,0,0,0,0,0,0
1770178384566330603,-0.240746,0.494263,-2.11126,0.0680575,0.74497,-1.87389,0.0943873,1.34229,-1.68486,0.186019,0.621987,-2.13955,0,0,0,0,0,0,0,0,0,0,0,0,0,0,0,0,0,0,0,0,0,0,0,0
1770178384586408903,-0.240772,0.494289,-2.11129,0.0659589,0.742923,-1.87587,0.0940434,1.34246,-1.68473,0.185832,0.621786,-2.13975,0,0,0,0,0,0,0,0,0,0,0,0,0,0,0,0,0,0,0,0,0,0,0,0
1770178384606486500,-0.240744,0.494261,-2.11126,0.0680055,0.744918,-1.87394,0.0943831,1.34228,-1.68487,0.186035,0.622004,-2.13953,0,0,0,0,0,0,0,0,0,0,0,0,0,0,0,0,0,0,0,0,0,0,0,0
1770178384626562144,-0.240773,0.494291,-2.11129,0.065998,0.742961,-1.87583,0.0940451,1.34247,-1.68471,0.185814,0.621768,-2.13977,0,0,0,0,0,0,0,0,0,0,0,0,0,0,0,0,0,0,0,0,0,0,0,0
1770178384646635965,-0.240742,0.49426,-2.11126,0.0679618,0.744874,-1.87398,0.0943838,1.34227,-1.68488,0.186053,0.622024,-2.13951,0,0,0,0,0,0,0,0,0,0,0,0,0,0,0,0,0,0,0,0,0,0,0,0
1770178384666715001,-0.240776,0.494293,-2.11129,0.0660314,0.742993,-1.8758,0.0940425,1.34248,-1.6847,0.185794,0.621746,-2.13979,0,0,0,0,0,0,0,0,0,0,0,0,0,0,0,0,0,0,0,0,0,0,0,0
1770178384686797942,-0.24074,0.494257,-2.11126,0.0679246,0.744837,-1.87402,0.0943879,1.34226,-1.68489,0.186075,0.622048,-2.13949,0,0,0,0,0,0,0,0,0,0,0,0,0,0,0,0,0,0,0,0,0,0,0,0
1770178384706886482,-0.240778,0.494295,-2.11129,0.0660604,0.743021,-1.87578,0.094037,1.34249,-1.68469,0.185769,0.62172,-2.13982,0,0,0,0,0,0,0,0,0,0,0,0,0,0,0,0,0,0,0,0,0,0,0,0
1770178384726963407,-0.240737,0.494255,-2.11125,0.0678923,0.744805,-1.87405,0.0943943,1.34226,-1.6849,0.186101,0.622075,-2.13946,0,0,0,0,0,0,0,0,0,0,0,0,0,0,0,0,0,0,0,0,0,0,0,0
1770178384747037515,-0.240781,0.494298,-2.1113,0.0660858,0.743046,-1.87575,0.0940296,1.3425,-1.68469,0.185741,0.621689,-2.13985,0,0,0,0,0,0,0,0,0,0,0,0,0,0,0,0,0,0,0,0,0,0,0,0
1770178384767125864,-0.240734,0.494252,-2.11125,0.0678641,0.744777,-1.87408,0.0944022,1.34225,-1.6849,0.186131,0.622108,-2.13943,0,0,0,0,0,0,0,0,0,0,0,0,0,0,0,0,0,0,0,0,0,0,0,0
1770178384787206885,-0.240784,0.494301,-2.1113,0.0661083,0.743067,-1.87573,0.0940207,1.3425,-1.68468,0.185708,0.621654,-2.13988,0,0,0,0,0,0,0,0,0,0,0,0,0,0,0,0,0,0,0,0,0,0,0,0
1770178384807285153,-0.240731,0.494249,-2.11125,0.0678392,0.744752,-1.8741,0.0944114,1.34224,-1.68491,0.186166,0.622145,-2.13939,0,0,0,0,0,0,0,0,0,0,0,0,0,0,0,0,0,0,0,0,0,0,0,0
1770178384827366270,-0.240787,0.494304,-2.1113,0.0661283,0.743086,-1.87571,0.0940107,1.34251,-1.68467,0.185668,0.621612,-2.13993,0,0,0,0,0,0,0,0,0,0,0,0,0,0,0,0,0,0,0,0,0,0,0,0
1770178384847431194,-0.240727,0.494245,-2.11124,0.067817,0.74473,-1.87412,0.0944216,1.34223,-1.68492,0.186207,0.622189,-2.13934,0,0,0,0,0,0,0,0,0,0,0,0,0,0,0,0,0,0,0,0,0,0,0,0
1770178384867505846,-0.240791,0.494308,-2.11131,0.0661463,0.743104,-1.8757,0.0939996,1.34252,-1.68466,0.185623,0.621563,-2.13998,0,0,0,0,0,0,0,0,0,0,0,0,0,0,0,0,0,0,0,0,0,0,0,0
1770178384887582547,-0.240723,0.494241,-2.11124,0.0677971,0.744711,-1.87414,0.0944326,1.34223,-1.68493,0.186254,0.622241,-2.13929,0,0,0,0,0,0,0,0,0,0,0,0,0,0,0,0,0,0,0,0,0,0,0,0
1770178384907655343,-0.240796,0.494313,-2.11131,0.0661626,0.743119,-1.87568,0.0939878,1.34253,-1.68466,0.185569,0.621506,-2.14003,0,0,0,0,0,0,0,0,0,0,0,0,0,0,0,0,0,0,0,0,0,0,0,0
1770178384927729739,-0.240718,0.494236,-2.11123,0.0677791,0.744693,-1.87416,0.0944444,1.34222,-1.68493,0.186309,0.6223,-2.13923,0,0,0,0,0,0,0,0,0,0,0,0,0,0,0,0,0,0,0,0,0,0,0,0
1770178384947803304,-0.240801,0.494318,-2.11132,0.0661773,0.743133,-1.87567,0.0939751,1.34254,-1.68465,0.185507,0.62144,-2.1401,0,0,0,0,0,0,0,0,0,0,0,0,0,0,0,0,0,0,0,0,0,0,0,0
1770178384967880228,-0.240713,0.49423,-2.11123,0.0677629,0.744677,-1.87417,0.094457,1.34221,-1.68494,0.186372,0.622368,-2.13917,0,0,0,0,0,0,0,0,0,0,0,0,0,0,0,0,0,0,0,0,0,0,0,0
1770178384987956705,-0.240807,0.494324,-2.11132,0.0661908,0.743146,-1.87566,0.0939617,1.34255,-1.68464,0.185435,0.621363,-2.14018,0,0,0,0,0,0,0,0,0,0,0,0,0,0,0,0,0,0,0,0,0,0,0,0
1770178385008034717,-0.240706,0.494224,-2.11122,0.067748,0.744662,-1.87419,0.0944702,1.3422,-1.68495,0.186443,0.622446,-2.13909,0,0,0,0,0,0,0,0,0,0,0,0,0,0,0,0,0,0,0,0,0,0,0,0
1770178385028113210,-0.240814,0.494331,-2.11133,0.0662031,0.743158,-1.87565,0.0939475,1.34256,-1.68463,0.185353,0.621276,-2.14026,0,0,0,0,0,0,0,0,0,0,0,0,0,0,0,0,0,0,0,0,0,0,0,0
1770178385048189206,-0.240699,0.494217,-2.11122,0.0677345,0.744649,-1.8742,0.0944841,1.34219,-1.68496,0.186523,0.622533,-2.139,0,0,0,0,0,0,0,0,0,0,0,0,0,0,0,0,0,0,0,0,0,0,0,0
1770178385068262067,-0.240821,0.494338,-2.11134,0.0662144,0.743169,-1.87563,0.0939325,1.34257,-1.68462,0.18526,0.621178,-2.14036,0,0,0,0,0,0,0,0,0,0,0,0,0,0,0,0,0,0,0,0,0,0,0,0
1770178385088344591,-0.240691,0.494209,-2.11121,0.067722,0.744636,-1.87421,0.0944988,1.34218,-1.68497,0.186612,0.62263,-2.1389,0,0,0,0,0,0,0,0,0,0,0,0,0,0,0,0,0,0,0,0,0,0,0,0
1770178385108424684,-0.24083,0.494347,-2.11135,0.0662248,0.743179,-1.87563,0.0939167,1.34258,-1.68461,0.185157,0.621068,-2.14047,0,0,0,0,0,0,0,0,0,0,0,0,0,0,0,0,0,0,0,0,0,0,0,0
1770178385128501160,-0.240682,0.494199,-2.1112,0.0677105,0.744625,-1.87423,0.0945141,1.34217,-1.68498,0.186708,0.622735,-2.1388,0,0,0,0,0,0,0,0,0,0,0,0,0,0,0,0,0,0,0,0,0,0,0,0
1770178385148577701,-0.24084,0.494356,-2.11136,0.0662345,0.743188,-1.87562,0.0939002,1.34259,-1.6846,0.185045,0.62095,-2.14059,0,0,0,0,0,0,0,0,0,0,0,0,0,0,0,0,0,0,0,0,0,0,0,0
1770178385168651201,-0.240671,0.494189,-2.11119,0.0676999,0.744615,-1.87424,0.0945302,1.34216,-1.68499,0.186808,0.622845,-2.13869,0,0,0,0,0,0,0,0,0,0,0,0,0,0,0,0,0,0,0,0,0,0,0,0
1770178385188730269,-0.240851,0.494368,-2.11137,0.0662434,0.743197,-1.87561,0.0938828,1.3426,-1.68459,0.184927,0.620825,-2.14072,0,0,0,0,0,0,0,0,0,0,0,0,0,0,0,0,0,0,0,0,0,0,0,0
1770178385208807994,-0.240659,0.494177,-2.11118,0.0676901,0.744605,-1.87424,0.094547,1.34214,-1.685,0.186903,0.62295,-2.13858,0,0,0,0,0,0,0,0,0,0,0,0,0,0,0,0,0,0,0,0,0,0,0,0
1770178385228883702,-0.240863,0.49438,-2.11138,0.0662517,0.743205,-1.8756,0.0938646,1.34262,-1.68458,0.184813,0.620706,-2.14084,0,0,0,0,0,0,0,0,0,0,0,0,0,0,0,0,0,0,0,0,0,0,0,0
1770178385248963251,-0.240645,0.494163,-2.11116,0.067681,0.744596,-1.87425,0.0945645,1.34213,-1.68501,0.186932,0.618501,-2.13916,0,0,0,0,0,0,0,0,0,0,0,0,0,0,0,0,0,0,0,0,0,0,0,0
1770178385269034447,-0.240878,0.494394,-2.11139,0.0662595,0.743212,-1.87559,0.0938456,1.34263,-1.68457,0.185388,0.620246,-2.14028,0,0,0,0,0,0,0,0,0,0,0,0,0,0,0,0,0,0,0,0,0,0,0,0
1770178385289116780,-0.24063,0.494148,-2.11115,0.0676725,0.744587,-1.87426,0.0945827,1.34212,-1.68502,0.186854,0.618635,-2.13869,0,0,0,0,0,0,0,0,0,0,0,0,0,0,0,0,0,0,0,0,0,0,0,0
1770178385309195688,-0.240894,0.494411,-2.11141,0.0662667,0.743219,-1.87559,0.0938257,1.34264,-1.68456,0.185313,0.620339,-2.1404,0,0,0,0,0,0,0,0,0,0,0,0,0,0,0,0,0,0,0,0,0,0,0,0
1770178385329274917,-0.240612,0.49413,-2.11113,0.0676646,0.74458,-1.87427,0.0946017,1.34211,-1.68503,0.186926,0.618536,-2.13859,0,0,0,0,0,0,0,0,0,0,0,0,0,0,0,0,0,0,0,0,0,0,0,0
1770178385349360065,-0.240912,0.494429,-2.11143,0.0662734,0.743226,-1.87558,0.0938049,1.34266,-1.68454,0.185228,0.620453,-2.14051,0,0,0,0,0,0,0,0,0,0,0,0,0,0,0,0,0,0,0,0,0,0,0,0
1770178385369438590,-0.240592,0.49411,-2.11111,0.0676572,0.744572,-1.87428,0.0946215,1.34209,-1.68505,0.186996,0.61843,-2.13849,0,0,0,0,0,0,0,0,0,0,0,0,0,0,0,0,0,0,0,0,0,0,0,0
1770178385389522522,-0.240933,0.49445,-2.11145,0.0662798,0.743232,-1.87557,0.0937833,1.34267,-1.68453,0.185144,0.620571,-2.14062,0,0,0,0,0,0,0,0,0,0,0,0,0,0,0,0,0,0,0,0,0,0,0,0
1770178385409601143,-0.240569,0.494088,-2.11109,0.0676502,0.744565,-1.87428,0.0946419,1.34208,-1.68506,0.187063,0.618329,-2.1384,0,0,0,0,0,0,0,0,0,0,0,0,0,0,0,0,0,0,0,0,0,0,0,0
1770178385429678099,-0.240957,0.494473,-2.11147,0.0662857,0.743238,-1.87557,0.0937608,1.34269,-1.68452,0.185062,0.620683,-2.14072,0,0,0,0,0,0,0,0,0,0,0,0,0,0,0,0,0,0,0,0,0,0,0,0
1770178385449756848,-0.240543,0.494062,-2.11106,0.0676437,0.744559,-1.87429,0.0946631,1.34206,-1.68507,0.187141,0.618279,-2.13833,0,0,0,0,0,0,0,0,0,0,0,0,0,0,0,0,0,0,0,0,0,0,0,0
1770178385469833996,-0.240984,0.4945,-2.1115,0.0662913,0.743243,-1.87556,0.0937376,1.3427,-1.6845,0.18497,0.620743,-2.1408,0,0,0,0,0,0,0,0,0,0,0,0,0,0,0,0,0,0,0,0,0,0,0,0
1770178385489908649,-0.240514,0.494033,-2.11103,0.0676376,0.744553,-1.8743,0.0946849,1.34205,-1.68509,0.186843,0.62282,-2.13867,0,0,0,0,0,0,0,0,0,0,0,0,0,0,0,0,0,0,0,0,0,0,0,0
1770178385509983109,-0.241014,0.49453,-2.11153,0.0662966,0.743248,-1.87556,0.0937134,1.34272,-1.68449,0.184922,0.620826,-2.14073,0,0,0,0,0,0,0,0,0,0,0,0,0,0,0,0,0,0,0,0,0,0,0,0
1770178385530060834,-0.240481,0.494,-2.111,0.0676319,0.744547,-1.8743,0.0947073,1.34203,-1.6851,0.186905,0.622952,-2.13858,0,0,0,0,0,0,0,0,0,0,0,0,0,0,0,0,0,0,0,0,0,0,0,0
1770178385550139166,-0.241048,0.494564,-2.11156,0.0663015,0.743253,-1.87555,0.0936886,1.34274,-1.68447,0.18481,0.620703,-2.14084,0,0,0,0,0,0,0,0,0,0,0,0,0,0,0,0,0,0,0,0,0,0,0,0
1770178385570218587,-0.240444,0.493963,-2.11096,0.0676265,0.744542,-1.87431,0.0947304,1.34201,-1.68512,0.187401,0.618099,-2.14347,0,0,0,0,0,0,0,0,0,0,0,0,0,0,0,0,0,0,0,0,0,0,0,0
1770178385590297879,-0.241086,0.494602,-2.1116,0.0663062,0.743257,-1.87555,0.0936629,1.34275,-1.68445,0.185178,0.620373,-2.14117,0,0,0,0,0,0,0,0,0,0,0,0,0,0,0,0,0,0,0,0,0,0,0,0
1770178385610376500,-0.240401,0.493921,-2.11092,0.0676213,0.744537,-1.87431,0.094754,1.342,-1.68513,0.187496,0.618055,-2.14348,0,0,0,0,0,0,0,0,0,0,0,0,0,0,0,0,0,0,0,0,0,0,0,0
1770178385630453936,-0.241129,0.494644,-2.11164,0.0663106,0.743262,-1.87555,0.0936366,1.34277,-1.68444,0.185126,0.620419,-2.14112,0,0,0,0,0,0,0,0,0,0,0,0,0,0,0,0,0,0,0,0,0,0,0,0
1770178385650529709,-0.240354,0.493874,-2.11087,0.0676165,0.744532,-1.87432,0.0947781,1.34198,-1.68515,0.187536,0.618016,-2.14352,0,0,0,0,0,0,0,0,0,0,0,0,0,0,0,0,0,0,0,0,0,0,0,0
1770178385670606281,-0.241176,0.494691,-2.11169,0.0663148,0.743266,-1.87554,0.0936097,1.34279,-1.68442,0.185081,0.620464,-2.14107,0,0,0,0,0,0,0,0,0,0,0,0,0,0,0,0,0,0,0,0,0,0,0,0
1770178385690682917,-0.240301,0.493821,-2.11082,0.067612,0.744528,-1.87432,0.0948026,1.34196,-1.68516,0.18757,0.617982,-2.14355,0,0,0,0,0,0,0,0,0,0,0,0,0,0,0,0,0,0,0,0,0,0,0,0
1770178385710762914,-0.241229,0.494743,-2.11174,0.0663188,0.74327,-1.87554,0.0935822,1.34281,-1.6844,0.185041,0.620503,-2.14103,0,0,0,0,0,0,0,0,0,0,0,0,0,0,0,0,0,0,0,0,0,0,0,0
1770178385730839198,-0.240243,0.493763,-2.11076,0.0676076,0.744523,-1.87432,0.0948275,1.34194,-1.68518,0.187598,0.617954,-2.14358,0,0,0,0,0,0,0,0,0,0,0,0,0,0,0,0,0,0,0,0,0,0,0,0
1770178385750918107,-0.241286,0.494801,-2.1118,0.0663225,0.743273,-1.87553,0.0935542,1.34283,-1.68439,0.185008,0.620537,-2.141,0,0,0,0,0,0,0,0,0,0,0,0,0,0,0,0,0,0,0,0,0,0,0,0
1770178385770996695,-0.240178,0.493698,-2.1107,0.0676036,0.744519,-1.87433,0.0948526,1.34193,-1.6852,0.187622,0.61793,-2.1436,0,0,0,0,0,0,0,0,0,0,0,0,0,0,0,0,0,0,0,0,0,0,0,0
1770178385791074804,-0.241349,0.494863,-2.11186,0.0663261,0.743277,-1.87553,0.0935259,1.34285,-1.68437,0.18498,0.620564,-2.14097,0,0,0,0,0,0,0,0,0,0,0,0,0,0,0,0,0,0,0,0,0,0,0,0
1770178385811153520,-0.240107,0.493628,-2.11062,0.0675997,0.744516,-1.87433,0.0948778,1.34191,-1.68521,0.187642,0.61791,-2.14362,0,0,0,0,0,0,0,0,0,0,0,0,0,0,0,0,0,0,0,0,0,0,0,0
1770178385831228653,-0.241417,0.49493,-2.11193,0.0663294,0.74328,-1.87553,0.0934974,1.34287,-1.68435,0.184957,0.620587,-2.14095,0,0,0,0,0,0,0,0,0,0,0,0,0,0,0,0,0,0,0,0,0,0,0,0
1770178385851302409,-0.24003,0.493551,-2.11055,0.067596,0.744512,-1.87434,0.0949031,1.34189,-1.68523,0.187657,0.617895,-2.14364,0,0,0,0,0,0,0,0,0,0,0,0,0,0,0,0,0,0,0,0,0,0,0,0
1770178385871381286,-0.241489,0.495002,-2.112,0.0663326,0.743283,-1.87553,0.0934687,1.34289,-1.68433,0.18494,0.620604,-2.14093,0,0,0,0,0,0,0,0,0,0,0,0,0,0,0,0,0,0,0,0,0,0,0,0
1770178385891452930,-0.239948,0.49347,-2.11047,0.0675925,0.744509,-1.87434,0.0949283,1.34187,-1.68525,0.187668,0.617884,-2.14365,0,0,0,0,0,0,0,0,0,0,0,0,0,0,0,0,0,0,0,0,0,0,0,0
1770178385911529151,-0.241564,0.495077,-2.11208,0.0663357,0.743286,-1.87552,0.09344,1.34291,-1.68431,0.184927,0.620617,-2.14092,0,0,0,0,0,0,0,0,0,0,0,0,0,0,0,0,0,0,0,0,0,0,0,0
1770178385931607643,-0.239862,0.493385,-2.11038,0.0675892,0.744505,-1.87434,0.0949534,1.34185,-1.68526,0.187676,0.617876,-2.14366,0,0,0,0,0,0,0,0,0,0,0,0,0,0,0,0,0,0,0,0,0,0,0,0
1770178385951686872,-0.241641,0.495153,-2.11216,0.0663386,0.743289,-1.87552,0.0934114,1.34293,-1.68429,0.184917,0.620627,-2.14091,0,0,0,0,0,0,0,0,0,0,0,0,0,0,0,0,0,0,0,0,0,0,0,0
1770178385971761684,-0.239774,0.493297,-2.11029,0.067586,0.744502,-1.87434,0.0949781,1.34183,-1.68528,0.187682,0.61787,-2.14366,0,0,0,0,0,0,0,0,0,0,0,0,0,0,0,0,0,0,0,0,0,0,0,0
1770178385991838896,-0.241718,0.49523,-2.11223,0.0663413,0.743291,-1.87552,0.0933831,1.34295,-1.68427,0.184911,0.620633,-2.14091,0,0,0,0,0,0,0,0,0,0,0,0,0,0,0,0,0,0,0,0,0,0,0,0
1770178386011918157,0.200204,0.61272,-1.73136,0.116028,0.979524,-2.19678,-0.0841897,0.784183,-1.95863,0.0445721,0.555488,-1.99025,0,0,0,0,0,0,0,0,0,0,0,0,0,0,0,0,0,0,0,0,0,0,0,0
1770178386031994249,0.177418,0.626666,-1.71487,0.121682,0.982216,-2.20085,-0.103594,0.783769,-1.92981,0.0419709,0.552785,-1.99023,0,0,0,0,0,0,0,0,0,0,0,0,0,0,0,0,0,0,0,0,0,0,0,0
1770178386052073862,0.177677,0.628102,-1.71387,0.123112,0.980006,-2.20152,-0.102943,0.779843,-1.92707,0.0436556,0.554364,-1.98863,0,0,0,0,0,0,0,0,0,0,0,0,0,0,0,0,0,0,0,0,0,0,0,0
1770178386072152866,0.17649,0.627185,-1.7148,0.122036,0.981218,-2.20043,-0.103846,0.781176,-1.92685,0.0420137,0.552634,-1.99037,0,0,0,0,0,0,0,0,0,0,0,0,0,0,0,0,0,0,0,0,0,0,0,0
1770178386092229599,0.177554,0.628271,-1.71374,0.12319,0.98003,-2.2016,-0.102976,0.780239,-1.92759,0.043746,0.554481,-1.98851,0,0,0,0,0,0,0,0,0,0,0,0,0,0,0,0,0,0,0,0,0,0,0,0
1770178386112306299,0.176391,0.627114,-1.71487,0.121963,0.98125,-2.20036,-0.103854,0.781108,-1.92676,0.0418909,0.552504,-1.9905,0,0,0,0,0,0,0,0,0,0,0,0,0,0,0,0,0,0,0,0,0,0,0,0
1770178386132385656,0.177629,0.628352,-1.71366,0.123248,0.979977,-2.20166,-0.102975,0.780248,-1.9276,0.0438391,0.554591,-1.9884,0,0,0,0,0,0,0,0,0,0,0,0,0,0,0,0,0,0,0,0,0,0,0,0
1770178386152461684,0.176301,0.627024,-1.71495,0.121898,0.981312,-2.20029,-0.103856,0.781108,-1.92676,0.0417748,0.552382,-1.99063,0,0,0,0,0,0,0,0,0,0,0,0,0,0,0,0,0,0,0,0,0,0,0,0
1770178386172540305,0.177716,0.62844,-1.71357,0.123307,0.979919,-2.20172,-0.102974,0.780247,-1.9276,0.038396,0.54924,-1.99374,0,0,0,0,0,0,0,0,0,0,0,0,0,0,0,0,0,0,0,0,0,0,0,0
1770178386192616909,0.176202,0.626926,-1.71505,0.121831,0.981378,-2.20023,-0.103857,0.781109,-1.92676,0.0415638,0.552168,-1.99084,0,0,0,0,0,0,0,0,0,0,0,0,0,0,0,0,0,0,0,0,0,0,0,0
1770178386212693610,0.17781,0.628535,-1.71348,0.123368,0.979858,-2.20179,-0.102972,0.780246,-1.92761,0.0384996,0.549342,-1.99363,0,0,0,0,0,0,0,0,0,0,0,0,0,0,0,0,0,0,0,0,0,0,0,0
1770178386232767782,0.176095,0.626819,-1.71516,0.121761,0.981447,-2.20015,-0.103859,0.781111,-1.92676,0.0414389,0.552049,-1.99096,0,0,0,0,0,0,0,0,0,0,0,0,0,0,0,0,0,0,0,0,0,0,0,0
1770178386252845955,0.177909,0.628635,-1.71338,0.12343,0.979797,-2.20185,-0.102971,0.780244,-1.92761,0.0385806,0.549413,-1.99356,0,0,0,0,0,0,0,0,0,0,0,0,0,0,0,0,0,0,0,0,0,0,0,0
1770178386272921439,0.175981,0.626706,-1.71527,0.12169,0.981517,-2.20008,-0.103861,0.781112,-1.92676,0.0413507,0.551964,-1.99105,0,0,0,0,0,0,0,0,0,0,0,0,0,0,0,0,0,0,0,0,0,0,0,0
1770178386293001723,0.178011,0.628737,-1.71328,0.123492,0.979735,-2.20191,-0.102969,0.780243,-1.92761,0.0386415,0.549467,-1.99351,0,0,0,0,0,0,0,0,0,0,0,0,0,0,0,0,0,0,0,0,0,0,0,0
1770178386313076408,0.175864,0.626589,-1.71538,0.121618,0.981587,-2.20001,-0.103862,0.781114,-1.92675,0.0412843,0.5519,-1.99111,0,0,0,0,0,0,0,0,0,0,0,0,0,0,0,0,0,0,0,0,0,0,0,0
1770178386333153844,0.17811,0.628837,-1.71319,0.123552,0.979674,-2.20197,-0.102968,0.780241,-1.92761,0.0386891,0.549509,-1.99347,0,0,0,0,0,0,0,0,0,0,0,0,0,0,0,0,0,0,0,0,0,0,0,0
1770178386353234385,0.175751,0.626477,-1.71549,0.121548,0.981657,-2.19994,-0.103863,0.781115,-1.92675,0.0412324,0.55185,-1.99116,0,0,0,0,0,0,0,0,0,0,0,0,0,0,0,0,0,0,0,0,0,0,0,0
1770178386373313453,0.177983,0.628775,-1.71324,0.123611,0.979616,-2.20203,-0.102967,0.78024,-1.92761,0.0387272,0.549542,-1.99344,0,0,0,0,0,0,0,0,0,0,0,0,0,0,0,0,0,0,0,0,0,0,0,0
1770178386393392170,0.175842,0.626568,-1.7154,0.121481,0.981723,-2.19987,-0.103865,0.781117,-1.92675,0.0411908,0.55181,-1.9912,0,0,0,0,0,0,0,0,0,0,0,0,0,0,0,0,0,0,0,0,0,0,0,0
1770178386413468006,0.178127,0.628854,-1.71317,0.123665,0.979562,-2.20209,-0.102965,0.780239,-1.92761,0.0387584,0.54957,-1.99341,0,0,0,0,0,0,0,0,0,0,0,0,0,0,0,0,0,0,0,0,0,0,0,0
1770178386433547043,0.175731,0.626457,-1.71551,0.121417,0.981786,-2.19981,-0.103866,0.781118,-1.92675,0.0411567,0.551777,-1.99123,0,0,0,0,0,0,0,0,0,0,0,0,0,0,0,0,0,0,0,0,0,0,0,0
1770178386453624831,0.172731,0.623545,-1.71851,0.123715,0.979512,-2.20214,-0.102964,0.780238,-1.92761,0.0387844,0.549593,-1.99339,0,0,0,0,0,0,0,0,0,0,0,0,0,0,0,0,0,0,0,0,0,0,0,0
1770178386473703196,0.175565,0.626291,-1.71568,0.121359,0.981843,-2.19975,-0.103868,0.781119,-1.92675,0.0411284,0.55175,-1.99126,0,0,0,0,0,0,0,0,0,0,0,0,0,0,0,0,0,0,0,0,0,0,0,0
1770178386493781720,0.172811,0.623542,-1.7185,0.12376,0.979468,-2.20218,-0.102963,0.780236,-1.92761,0.0388061,0.549612,-1.99337,0,0,0,0,0,0,0,0,0,0,0,0,0,0,0,0,0,0,0,0,0,0,0,0
1770178386513859605,0.175537,0.62626,-1.71571,0.121308,0.981894,-2.1997,-0.103869,0.781121,-1.92675,0.0411046,0.551727,-1.99128,0,0,0,0,0,0,0,0,0,0,0,0,0,0,0,0,0,0,0,0,0,0,0,0
1770178386533935505,0.172831,0.623561,-1.71848,0.123798,0.979429,-2.20222,-0.102962,0.780235,-1.92762,0.0388246,0.549628,-1.99335,0,0,0,0,0,0,0,0,0,0,0,0,0,0,0,0,0,0,0,0,0,0,0,0
1770178386554014414,0.175514,0.626238,-1.71573,0.121263,0.981938,-2.19965,-0.10387,0.781122,-1.92675,0.0410844,0.551708,-1.9913,0,0,0,0,0,0,0,0,0,0,0,0,0,0,0,0,0,0,0,0,0,0,0,0
1770178386574094986,0.172846,0.623576,-1.71846,0.123829,0.979398,-2.20226,-0.10296,0.780234,-1.92762,0.0388404,0.549642,-1.99334,0,0,0,0,0,0,0,0,0,0,0,0,0,0,0,0,0,0,0,0,0,0,0,0
1770178386594172295,0.175496,0.62622,-1.71575,0.121226,0.981974,-2.19961,-0.103872,0.781123,-1.92674,0.0410672,0.551692,-1.99132,0,0,0,0,0,0,0,0,0,0,0,0,0,0,0,0,0,0,0,0,0,0,0,0
1770178386614247171,0.172859,0.623588,-1.71845,0.123854,0.979373,-2.20228,-0.102959,0.780233,-1.92762,0.038854,0.549654,-1.99333,0,0,0,0,0,0,0,0,0,0,0,0,0,0,0,0,0,0,0,0,0,0,0,0
1770178386634321184,0.175482,0.626206,-1.71577,0.121198,0.982002,-2.19959,-0.103873,0.781125,-1.92674,0.0410523,0.551677,-1.99133,0,0,0,0,0,0,0,0,0,0,0,0,0,0,0,0,0,0,0,0,0,0,0,0
1770178386654399708,0.172868,0.623598,-1.71844,0.123871,0.979356,-2.2023,-0.102958,0.780232,-1.92762,0.0388658,0.549665,-1.99332,0,0,0,0,0,0,0,0,0,0,0,0,0,0,0,0,0,0,0,0,0,0,0,0
1770178386674479449,0.175471,0.626194,-1.71578,0.121178,0.982022,-2.19956,-0.103874,0.781126,-1.92674,0.0410394,0.551665,-1.99134,0,0,0,0,0,0,0,0,0,0,0,0,0,0,0,0,0,0,0,0,0,0,0,0
1770178386694557941,0.172876,0.623605,-1.71843,0.123882,0.979346,-2.20231,-0.102957,0.780231,-1.92762,0.0388761,0.549674,-1.99331,0,0,0,0,0,0,0,0,0,0,0,0,0,0,0,0,0,0,0,0,0,0,0,0
1770178386714635409,0.175462,0.626185,-1.71579,0.121165,0.982034,-2.19955,-0.103875,0.781127,-1.92674,0.0410282,0.551654,-1.99135,0,0,0,0,0,0,0,0,0,0,0,0,0,0,0,0,0,0,0,0,0,0,0,0
1770178386734714702,0.172883,0.623612,-1.71842,0.123887,0.979341,-2.20232,-0.102956,0.78023,-1.92762,0.0388851,0.549682,-1.9933,0,0,0,0,0,0,0,0,0,0,0,0,0,0,0,0,0,0,0,0,0,0,0,0
1770178386754792170,0.175455,0.626178,-1.7158,0.121159,0.98204,-2.19955,-0.103877,0.781128,-1.92674,0.0410184,0.551645,-1.99136,0,0,0,0,0,0,0,0,0,0,0,0,0,0,0,0,0,0,0,0,0,0,0,0
1770178386774870119,0.172888,0.623617,-1.71842,0.123889,0.979339,-2.20232,-0.102955,0.780229,-1.92762,0.0388929,0.549689,-1.99329,0,0,0,0,0,0,0,0,0,0,0,0,0,0,0,0,0,0,0,0,0,0,0,0
1770178386794947971,0.175449,0.626172,-1.7158,0.121157,0.982042,-2.19954,-0.103878,0.781129,-1.92674,0.0410098,0.551637,-1.99137,0,0,0,0,0,0,0,0,0,0,0,0,0,0,0,0,0,0,0,0,0,0,0,0
1770178386815026848,0.172892,0.623621,-1.71841,0.123889,0.979338,-2.20232,-0.102954,0.780228,-1.92762,0.0388999,0.549695,-1.99329,0,0,0,0,0,0,0,0,0,0,0,0,0,0,0,0,0,0,0,0,0,0,0,0
1770178386835102300,0.175444,0.626167,-1.71581,0.121156,0.982043,-2.19954,-0.103879,0.78113,-1.92674,0.0410022,0.55163,-1.99138,0,0,0,0,0,0,0,0,0,0,0,0,0,0,0,0,0,0,0,0,0,0,0,0
1770178386855176761,0.172896,0.623625,-1.71841,0.123889,0.979338,-2.20232,-0.102953,0.780227,-1.92762,0.038906,0.5497,-1.99328,0,0,0,0,0,0,0,0,0,0,0,0,0,0,0,0,0,0,0,0,0,0,0,0
1770178386875250901,0.17544,0.626163,-1.71581,0.121156,0.982043,-2.19954,-0.10388,0.781132,-1.92674,0.0409956,0.551623,-1.99138,0,0,0,0,0,0,0,0,0,0,0,0,0,0,0,0,0,0,0,0,0,0,0,0
1770178386895324274,0.172899,0.623627,-1.71841,0.123889,0.979338,-2.20232,-0.102952,0.780226,-1.92762,0.0389114,0.549705,-1.99328,0,0,0,0,0,0,0,0,0,0,0,0,0,0,0,0,0,0,0,0,0,0,0,0
1770178386915398766,0.175436,0.626159,-1.71581,0.121156,0.982043,-2.19954,-0.103881,0.781133,-1.92674,0.0409897,0.551618,-1.99139,0,0,0,0,0,0,0,0,0,0,0,0,0,0,0,0,0,0,0,0,0,0,0,0
1770178386935476970,0.172901,0.62363,-1.71841,0.123889,0.979338,-2.20232,-0.102951,0.780225,-1.92763,0.0389161,0.549709,-1.99327,0,0,0,0,0,0,0,0,0,0,0,0,0,0,0,0,0,0,0,0,0,0,0,0
1770178386955551207,0.175434,0.626157,-1.71582,0.121156,0.982043,-2.19954,-0.103882,0.781134,-1.92673,0.0409844,0.551613,-1.99139,0,0,0,0,0,0,0,0,0,0,0,0,0,0,0,0,0,0,0,0,0,0,0,0
1770178386975628099,0.172903,0.623632,-1.7184,0.123889,0.979338,-2.20232,-0.10295,0.780224,-1.92763,0.0389204,0.549713,-1.99327,0,0,0,0,0,0,0,0,0,0,0,0,0,0,0,0,0,0,0,0,0,0,0,0
1770178386995707552,0.175431,0.626154,-1.71582,0.121156,0.982043,-2.19954,-0.103883,0.781135,-1.92673,0.0409798,0.551608,-1.9914,0,0,0,0,0,0,0,0,0,0,0,0,0,0,0,0,0,0,0,0,0,0,0,0
1770178387015786908,0.172905,0.623633,-1.7184,0.123889,0.979338,-2.20232,-0.102949,0.780223,-1.92763,0.0389242,0.549716,-1.99327,0,0,0,0,0,0,0,0,0,0,0,0,0,0,0,0,0,0,0,0,0,0,0,0
1770178387035865625,-0.175045,1.05294,-1.58278,-0.0561399,1.5296,-1.86632,-0.0731495,0.774178,-1.74928,0.211047,0.502661,-1.79705,0,0,0,0,0,0,0,0,0,0,0,0,0,0,0,0,0,0,0,0,0,0,0,0
1770178387055942069,-0.162617,1.04615,-1.59686,-0.045299,1.5188,-1.87624,-0.0757484,0.776477,-1.75849,0.205148,0.510867,-1.81207,0,0,0,0,0,0,0,0,0,0,0,0,0,0,0,0,0,0,0,0,0,0,0,0
1770178387076021554,-0.16317,1.04643,-1.59558,-0.0459362,1.52005,-1.87733,-0.0774741,0.775881,-1.7573,0.2032,0.51155,-1.81207,0,0,0,0,0,0,0,0,0,0,0,0,0,0,0,0,0,0,0,0,0,0,0,0
1770178387096100302,-0.162821,1.04559,-1.59604,-0.0457833,1.51909,-1.87623,-0.0757462,0.776696,-1.75838,0.205306,0.511121,-1.81087,0,0,0,0,0,0,0,0,0,0,0,0,0,0,0,0,0,0,0,0,0,0,0,0
1770178387116177227,-0.163181,1.04639,-1.59548,-0.0456125,1.51997,-1.87727,-0.077455,0.775715,-1.75719,0.20293,0.511314,-1.81183,0,0,0,0,0,0,0,0,0,0,0,0,0,0,0,0,0,0,0,0,0,0,0,0
1770178387136258151,-0.162832,1.04557,-1.59605,-0.046009,1.51912,-1.87627,-0.0757203,0.776854,-1.7585,0.205623,0.511465,-1.81099,0,0,0,0,0,0,0,0,0,0,0,0,0,0,0,0,0,0,0,0,0,0,0,0
1770178387156333860,-0.163171,1.04641,-1.59546,-0.04546,1.51997,-1.87727,-0.0774727,0.77556,-1.75707,0.202568,0.510833,-1.81164,0,0,0,0,0,0,0,0,0,0,0,0,0,0,0,0,0,0,0,0,0,0,0,0
1770178387176414016,-0.162844,1.04555,-1.59607,-0.0461316,1.51909,-1.87625,-0.0756658,0.777004,-1.75862,0.206059,0.512067,-1.81122,0,0,0,0,0,0,0,0,0,0,0,0,0,0,0,0,0,0,0,0,0,0,0,0
1770178387196491613,-0.163158,1.04643,-1.59544,-0.0453707,1.52001,-1.87729,-0.0775165,0.775413,-1.75695,0.207702,0.511521,-1.81174,0,0,0,0,0,0,0,0,0,0,0,0,0,0,0,0,0,0,0,0,0,0,0,0
1770178387216569273,-0.162858,1.04553,-1.59609,-0.0462132,1.51905,-1.87621,-0.0755896,0.777148,-1.75874,0.206849,0.510601,-1.81073,0,0,0,0,0,0,0,0,0,0,0,0,0,0,0,0,0,0,0,0,0,0,0,0
1770178387236646806,-0.163143,1.04646,-1.59542,-0.0453043,1.52005,-1.87734,-0.0775784,0.775276,-1.75684,0.207831,0.51155,-1.81168,0,0,0,0,0,0,0,0,0,0,0,0,0,0,0,0,0,0,0,0,0,0,0,0
1770178387256723538,-0.162875,1.04551,-1.59611,-0.0462804,1.519,-1.87616,-0.075499,0.777285,-1.75887,0.206808,0.510537,-1.81065,0,0,0,0,0,0,0,0,0,0,0,0,0,0,0,0,0,0,0,0,0,0,0,0
1770178387276800975,-0.163125,1.04648,-1.5954,-0.0452448,1.52011,-1.8774,-0.0776497,0.775154,-1.75673,0.207888,0.511603,-1.81173,0,0,0,0,0,0,0,0,0,0,0,0,0,0,0,0,0,0,0,0,0,0,0,0
1770178387296883787,-0.162896,1.04549,-1.59613,-0.0463444,1.51894,-1.87609,-0.0754034,0.777408,-1.75898,0.206748,0.510477,-1.81059,0,0,0,0,0,0,0,0,0,0,0,0,0,0,0,0,0,0,0,0,0,0,0,0
1770178387316969608,-0.163103,1.0465,-1.59537,-0.0451858,1.52016,-1.87746,-0.0777034,0.775074,-1.75667,0.207946,0.51166,-1.81178,0,0,0,0,0,0,0,0,0,0,0,0,0,0,0,0,0,0,0,0,0,0,0,0
1770178387337051140,-0.16292,1.04547,-1.59616,-0.0464096,1.51887,-1.87602,-0.075336,0.777488,-1.75906,0.206682,0.510412,-1.81053,0,0,0,0,0,0,0,0,0,0,0,0,0,0,0,0,0,0,0,0,0,0,0,0
1770178387357128161,-0.163078,1.04653,-1.59535,-0.0451252,1.52023,-1.87753,-0.0722119,0.780398,-1.76201,0.208008,0.511721,-1.81185,0,0,0,0,0,0,0,0,0,0,0,0,0,0,0,0,0,0,0,0,0,0,0,0
1770178387377208861,-0.162948,1.04544,-1.59618,-0.0464776,1.5188,-1.87594,-0.0752094,0.777715,-1.75923,0.206612,0.510342,-1.81046,0,0,0,0,0,0,0,0,0,0,0,0,0,0,0,0,0,0,0,0,0,0,0,0
1770178387397285114,-0.163048,1.04656,-1.59532,-0.0450625,1.52029,-1.8776,-0.0722677,0.780349,-1.76197,0.208073,0.511785,-1.81191,0,0,0,0,0,0,0,0,0,0,0,0,0,0,0,0,0,0,0,0,0,0,0,0
1770178387417365526,-0.16298,1.04541,-1.59621,-0.0465483,1.51873,-1.87586,-0.0751499,0.777772,-1.75929,0.206538,0.510269,-1.81038,0,0,0,0,0,0,0,0,0,0,0,0,0,0,0,0,0,0,0,0,0,0,0,0
1770178387437445107,-0.163014,1.04659,-1.59529,-0.0449983,1.52036,-1.87767,-0.0723058,0.780313,-1.76194,0.20814,0.511852,-1.81198,0,0,0,0,0,0,0,0,0,0,0,0,0,0,0,0,0,0,0,0,0,0,0,0
1770178387457524943,-0.163018,1.04539,-1.59624,-0.0466211,1.51865,-1.87577,-0.0751074,0.777816,-1.75933,0.206461,0.510193,-1.81031,0,0,0,0,0,0,0,0,0,0,0,0,0,0,0,0,0,0,0,0,0,0,0,0
1770178387477598380,-0.162973,1.04662,-1.59525,-0.0449335,1.52043,-1.87775,-0.0723337,0.780284,-1.76191,0.208209,0.511919,-1.81205,0,0,0,0,0,0,0,0,0,0,0,0,0,0,0,0,0,0,0,0,0,0,0,0
1770178387497677672,-0.163061,1.04536,-1.59627,-0.0466947,1.51858,-1.87569,-0.0750754,0.77785,-1.75936,0.206383,0.510115,-1.81023,0,0,0,0,0,0,0,0,0,0,0,0,0,0,0,0,0,0,0,0,0,0,0,0
1770178387517752133,-0.162927,1.04665,-1.59522,-0.0448696,1.52049,-1.87782,-0.0723549,0.780261,-1.76189,0.208278,0.511987,-1.81211,0,0,0,0,0,0,0,0,0,0,0,0,0,0,0,0,0,0,0,0,0,0,0,0
1770178387537825217,-0.163111,1.04533,-1.59631,-0.0467674,1.5185,-1.8756,-0.0750508,0.777877,-1.75939,0.206304,0.510037,-1.81015,0,0,0,0,0,0,0,0,0,0,0,0,0,0,0,0,0,0,0,0,0,0,0,0
1770178387557901117,-0.162874,1.04669,-1.59518,-0.0448082,1.52055,-1.87789,-0.0723713,0.780241,-1.76187,0.208345,0.512053,-1.81218,0,0,0,0,0,0,0,0,0,0,0,0,0,0,0,0,0,0,0,0,0,0,0,0
1770178387577977530,-0.163167,1.0453,-1.59635,-0.0468373,1.51843,-1.87552,-0.0750314,0.777899,-1.75941,0.206227,0.509961,-1.81008,0,0,0,0,0,0,0,0,0,0,0,0,0,0,0,0,0,0,0,0,0,0,0,0
1770178387598050230,-0.162813,1.04672,-1.59513,-0.044751,1.52061,-1.87795,-0.0723842,0.780225,-1.76185,0.208408,0.512115,-1.81224,0,0,0,0,0,0,0,0,0,0,0,0,0,0,0,0,0,0,0,0,0,0,0,0
1770178387618129875,-0.163231,1.04526,-1.59639,-0.0469023,1.51836,-1.87545,-0.075016,0.777918,-1.75943,0.206154,0.509889,-1.81,0,0,0,0,0,0,0,0,0,0,0,0,0,0,0,0,0,0,0,0,0,0,0,0
1770178387638208559,-0.162744,1.04676,-1.59509,-0.044701,1.52066,-1.878,-0.0723944,0.780211,-1.76184,0.208467,0.512173,-1.8123,0,0,0,0,0,0,0,0,0,0,0,0,0,0,0,0,0,0,0,0,0,0,0,0
1770178387658286284,-0.163303,1.04523,-1.59643,-0.0469588,1.51831,-1.87539,-0.0750035,0.777934,-1.75945,0.206087,0.509822,-1.80993,0,0,0,0,0,0,0,0,0,0,0,0,0,0,0,0,0,0,0,0,0,0,0,0
1770178387678367432,-0.162665,1.0468,-1.59504,-0.0446713,1.52068,-1.87802,-0.0724025,0.780199,-1.76183,0.20852,0.512224,-1.81235,0,0,0,0,0,0,0,0,0,0,0,0,0,0,0,0,0,0,0,0,0,0,0,0
1770178387698473733,-0.163383,1.0452,-1.59648,-0.0469896,1.51829,-1.87537,-0.0749934,0.777947,-1.75946,0.206026,0.509761,-1.80987,0,0,0,0,0,0,0,0,0,0,0,0,0,0,0,0,0,0,0,0,0,0,0,0
1770178387718553314,-0.162577,1.04684,-1.59499,-0.045165,1.51943,-1.87446,-0.0724091,0.780189,-1.76182,0.208566,0.512268,-1.8124,0,0,0,0,0,0,0,0,0,0,0,0,0,0,0,0,0,0,0,0,0,0,0,0
1770178387738633630,-0.163471,1.04516,-1.59653,-0.0466623,1.51856,-1.87474,-0.0749851,0.777958,-1.75947,0.205974,0.50971,-1.80982,0,0,0,0,0,0,0,0,0,0,0,0,0,0,0,0,0,0,0,0,0,0,0,0
1770178387758708251,-0.162479,1.04688,-1.59493,-0.0451651,1.51965,-1.87456,-0.0724144,0.78018,-1.76181,0.208602,0.512302,-1.81243,0,0,0,0,0,0,0,0,0,0,0,0,0,0,0,0,0,0,0,0,0,0,0,0
1770178387778780727,-0.163568,1.04512,-1.59658,-0.0466775,1.51831,-1.8746,-0.0749783,0.777967,-1.75948,0.205933,0.509669,-1.80978,0,0,0,0,0,0,0,0,0,0,0,0,0,0,0,0,0,0,0,0,0,0,0,0
1770178387798855572,-0.162371,1.04693,-1.59487,-0.045118,1.51993,-1.87475,-0.0724186,0.780173,-1.76181,0.208626,0.512323,-1.81246,0,0,0,0,0,0,0,0,0,0,0,0,0,0,0,0,0,0,0,0,0,0,0,0
1770178387818931728,-0.163671,1.04509,-1.59663,-0.0467422,1.51799,-1.87433,-0.0749727,0.777976,-1.75949,0.205906,0.509642,-1.80975,0,0,0,0,0,0,0,0,0,0,0,0,0,0,0,0,0,0,0,0,0,0,0,0
1770178387839007565,-0.162256,1.04697,-1.59481,-0.0452563,1.51545,-1.87296,-0.0724221,0.780166,-1.7618,0.208636,0.512327,-1.81247,0,0,0,0,0,0,0,0,0,0,0,0,0,0,0,0,0,0,0,0,0,0,0,0
1770178387859082537,-0.163779,1.04505,-1.59669,-0.0466828,1.51789,-1.87474,-0.074968,0.777983,-1.75949,0.205896,0.509632,-1.80974,0,0,0,0,0,0,0,0,0,0,0,0,0,0,0,0,0,0,0,0,0,0,0,0
1770178387879157189,-0.162133,1.04701,-1.59475,-0.0453447,1.5154,-1.87276,-0.0724249,0.78016,-1.7618,0.208635,0.512321,-1.81247,0,0,0,0,0,0,0,0,0,0,0,0,0,0,0,0,0,0,0,0,0,0,0,0
1770178387899235202,-0.163889,1.04501,-1.59674,-0.0465641,1.51799,-1.87493,-0.0749641,0.777989,-1.7595,0.205899,0.509634,-1.80975,0,0,0,0,0,0,0,0,0,0,0,0,0,0,0,0,0,0,0,0,0,0,0,0
1770178387919315422,-0.162008,1.04705,-1.59469,-0.0455153,1.51528,-1.87262,-0.0724273,0.780155,-1.76179,0.208636,0.512322,-1.81247,0,0,0,0,0,0,0,0,0,0,0,0,0,0,0,0,0,0,0,0,0,0,0,0
1770178387939392187,-0.163999,1.04498,-1.5968,-0.0463385,1.51814,-1.87508,-0.0749608,0.777994,-1.7595,0.205898,0.509633,-1.80975,0,0,0,0,0,0,0,0,0,0,0,0,0,0,0,0,0,0,0,0,0,0,0,0
1770178387959468983,-0.161883,1.0471,-1.59462,-0.0453884,1.51999,-1.87421,-0.0724292,0.780151,-1.76179,0.208635,0.512322,-1.81247,0,0,0,0,0,0,0,0,0,0,0,0,0,0,0,0,0,0,0,0,0,0,0,0
1770178387979542388,-0.164103,1.04494,-1.59685,-0.0464649,1.51796,-1.875,-0.074958,0.777999,-1.75951,0.205898,0.509634,-1.80975,0,0,0,0,0,0,0,0,0,0,0,0,0,0,0,0,0,0,0,0,0,0,0,0
1770178387999619440,-0.161764,1.04714,-1.59456,-0.0456351,1.51526,-1.87259,-0.0724307,0.780147,-1.76178,0.208635,0.512322,-1.81247,0,0,0,0,0,0,0,0,0,0,0,0,0,0,0,0,0,0,0,0,0,0,0,0
1770178388019697453,-0.164193,1.04491,-1.5969,-0.0461837,1.51817,-1.87512,-0.0749557,0.778003,-1.75951,0.205898,0.509634,-1.80975,0,0,0,0,0,0,0,0,0,0,0,0,0,0,0,0,0,0,0,0,0,0,0,0
1770178388039770761,-0.161662,1.04718,-1.59451,-0.0455287,1.51994,-1.87416,-0.072432,0.780143,-1.76178,0.208635,0.512322,-1.81247,0,0,0,0,0,0,0,0,0,0,0,0,0,0,0,0,0,0,0,0,0,0,0,0
1770178388059845285,-0.15884,1.04424,-1.59762,-0.0463212,1.51802,-1.87506,-0.0749537,0.778007,-1.75951,0.205898,0.509634,-1.80975,0,0,0,0,0,0,0,0,0,0,0,0,0,0,0,0,0,0,0,0,0,0,0,0
1770178388079926306,-0.161361,1.04706,-1.5947,-0.0458139,1.51521,-1.87255,-0.0724331,0.78014,-1.76178,0.208635,0.512322,-1.81247,0,0,0,0,0,0,0,0,0,0,0,0,0,0,0,0,0,0,0,0,0,0,0,0
1770178388100011839,-0.159023,1.04433,-1.59757,-0.0459507,1.51824,-1.87517,-0.0749521,0.77801,-1.75952,0.205898,0.509634,-1.80975,0,0,0,0,0,0,0,0,0,0,0,0,0,0,0,0,0,0,0,0,0,0,0,0
1770178388120089563,-0.161146,1.04697,-1.59477,-0.0457536,1.51985,-1.87408,-0.0724339,0.780137,-1.76178,0.208635,0.512322,-1.81247,0,0,0,0,0,0,0,0,0,0,0,0,0,0,0,0,0,0,0,0,0,0,0,0
1770178388140163127,-0.159219,1.04438,-1.59756,-0.0460944,1.51814,-1.87516,-0.0749507,0.778013,-1.75952,0.205898,0.509634,-1.80975,0,0,0,0,0,0,0,0,0,0,0,0,0,0,0,0,0,0,0,0,0,0,0,0
1770178388160247764,-0.160912,1.04691,-1.59477,-0.0456086,1.51995,-1.87411,-0.0724346,0.780135,-1.76177,0.208635,0.512322,-1.81247,0,0,0,0,0,0,0,0,0,0,0,0,0,0,0,0,0,0,0,0,0,0,0,0
1770178388180324688,-0.159463,1.0444,-1.59759,-0.0462421,1.51802,-1.87512,-0.0749494,0.778015,-1.75952,0.205898,0.509634,-1.80975,0,0,0,0,0,0,0,0,0,0,0,0,0,0,0,0,0,0,0,0,0,0,0,0
1770178388200409581,-0.160611,1.04688,-1.59471,-0.0459119,1.51519,-1.87252,-0.0724353,0.780133,-1.76177,0.208635,0.512322,-1.81247,0,0,0,0,0,0,0,0,0,0,0,0,0,0,0,0,0,0,0,0,0,0,0,0
1770178388220485482,-0.159809,1.0444,-1.59769,-0.0458232,1.51827,-1.8752,-0.0749484,0.778017,-1.75952,0.205898,0.509634,-1.80975,0,0,0,0,0,0,0,0,0,0,0,0,0,0,0,0,0,0,0,0,0,0,0,0
1770178388240558374,-0.160177,1.04689,-1.59456,-0.0458807,1.51981,-1.87404,-0.0724357,0.780131,-1.76177,0.208635,0.512322,-1.81247,0,0,0,0,0,0,0,0,0,0,0,0,0,0,0,0,0,0,0,0,0,0,0,0
1770178388260632930,-0.242002,0.754812,-2.01504,-0.0854909,1.31112,-1.99816,0.0800156,0.626937,-1.98553,-0.0936581,0.50882,-1.75022,0,0,0,0,0,0,0,0,0,0,0,0,0,0,0,0,0,0,0,0,0,0,0,0
1770178388280707967,-0.238666,0.783973,-2.01441,-0.0885666,1.30891,-2.00437,0.0698757,0.635538,-1.97222,-0.0992639,0.502929,-1.74631,0,0,0,0,0,0,0,0,0,0,0,0,0,0,0,0,0,0,0,0,0,0,0,0
1770178388300793019,-0.237761,0.784518,-2.01286,-0.0905702,1.3067,-2.00232,0.0740063,0.635173,-1.97296,-0.0996559,0.502421,-1.74591,0,0,0,0,0,0,0,0,0,0,0,0,0,0,0,0,0,0,0,0,0,0,0,0
1770178388320870360,-0.238871,0.783369,-2.01389,-0.088354,1.30895,-2.00435,0.072333,0.637071,-1.9749,-0.0991949,0.502869,-1.74635,0,0,0,0,0,0,0,0,0,0,0,0,0,0,0,0,0,0,0,0,0,0,0,0
1770178388340949332,-0.237716,0.784515,-2.01272,-0.090673,1.30666,-2.00226,0.0742433,0.635196,-1.97304,-0.0996793,0.502389,-1.74587,0,0,0,0,0,0,0,0,0,0,0,0,0,0,0,0,0,0,0,0,0,0,0,0
1770178388361030449,-0.238946,0.783286,-2.01396,-0.0882464,1.30901,-2.00442,0.0723269,0.637157,-1.97501,-0.099161,0.502901,-1.74638,0,0,0,0,0,0,0,0,0,0,0,0,0,0,0,0,0,0,0,0,0,0,0,0
1770178388381105517,-0.237645,0.784586,-2.01265,-0.0907413,1.30661,-2.00221,0.0743127,0.635129,-1.97298,-0.0997128,0.502355,-1.74584,0,0,0,0,0,0,0,0,0,0,0,0,0,0,0,0,0,0,0,0,0,0,0,0
1770178388401187210,-0.239027,0.783205,-2.01404,-0.0881693,1.30907,-2.00448,0.0722718,0.637214,-1.97507,-0.0991237,0.502938,-1.74642,0,0,0,0,0,0,0,0,0,0,0,0,0,0,0,0,0,0,0,0,0,0,0,0
1770178388421260742,-0.237568,0.784662,-2.01257,-0.0907801,1.30657,-2.00217,0.0743763,0.635063,-1.97291,-0.0997507,0.502318,-1.7458,0,0,0,0,0,0,0,0,0,0,0,0,0,0,0,0,0,0,0,0,0,0,0,0
1770178388441341667,-0.239114,0.783118,-2.01413,-0.0881236,1.30912,-2.00452,0.0722193,0.637267,-1.97512,-0.0990817,0.502979,-1.74646,0,0,0,0,0,0,0,0,0,0,0,0,0,0,0,0,0,0,0,0,0,0,0,0
1770178388461416895,-0.237487,0.784743,-2.01249,-0.0861762,1.30647,-2.00184,0.0744358,0.635001,-1.97285,-0.0997932,0.502275,-1.74576,0,0,0,0,0,0,0,0,0,0,0,0,0,0,0,0,0,0,0,0,0,0,0,0
1770178388481489340,-0.239206,0.783026,-2.01422,-0.0874756,1.3093,-2.00469,0.0721713,0.637315,-1.97517,-0.0990343,0.503026,-1.74651,0,0,0,0,0,0,0,0,0,0,0,0,0,0,0,0,0,0,0,0,0,0,0,0
1770178388501571896,-0.237403,0.784826,-2.01241,-0.0859885,1.31117,-2.00303,0.0744903,0.634945,-1.97279,-0.0998407,0.502228,-1.74571,0,0,0,0,0,0,0,0,0,0,0,0,0,0,0,0,0,0,0,0,0,0,0,0
1770178388521649173,-0.239302,0.782931,-2.01432,-0.0875932,1.30915,-2.00468,0.0721285,0.637358,-1.97521,-0.0989812,0.503078,-1.74656,0,0,0,0,0,0,0,0,0,0,0,0,0,0,0,0,0,0,0,0,0,0,0,0
1770178388541722577,-0.237319,0.78491,-2.01232,-0.0862704,1.30644,-2.00176,0.0745388,0.634895,-1.97274,-0.0998935,0.502176,-1.74566,0,0,0,0,0,0,0,0,0,0,0,0,0,0,0,0,0,0,0,0,0,0,0,0
1770178388561798093,-0.239398,0.782835,-2.01441,-0.0873536,1.30934,-2.00478,0.0720915,0.637395,-1.97525,-0.098922,0.503137,-1.74662,0,0,0,0,0,0,0,0,0,0,0,0,0,0,0,0,0,0,0,0,0,0,0,0
1770178388581876586,-0.237237,0.784993,-2.01224,-0.0856323,1.31189,-2.00742,0.0745807,0.634852,-1.9727,-0.0999517,0.502118,-1.7456,0,0,0,0,0,0,0,0,0,0,0,0,0,0,0,0,0,0,0,0,0,0,0,0
1770178388601956294,-0.239492,0.782741,-2.01451,-0.0876773,1.30943,-2.0049,0.0720605,0.637426,-1.97528,-0.0988563,0.503201,-1.74668,0,0,0,0,0,0,0,0,0,0,0,0,0,0,0,0,0,0,0,0,0,0,0,0
1770178388622031363,-0.23716,0.78507,-2.01216,-0.0855177,1.31188,-2.00745,0.0746157,0.634816,-1.97266,-0.100015,0.502055,-1.74554,0,0,0,0,0,0,0,0,0,0,0,0,0,0,0,0,0,0,0,0,0,0,0,0
1770178393655179979,0.00588409,0.491179,-2.11037,-0.0649352,0.578751,-1.84841,0.179647,0.824586,-1.72049,0.0457423,1.16598,-1.51297,0,0,0,0,0,0,0,0,0,0,0,0,0,0,0,0,0,0,0,0,0,0,0,0
1770178393675261608,0.00431976,0.496449,-2.08796,-0.0622001,0.599699,-1.85418,0.171987,0.818912,-1.7109,0.0443688,1.17969,-1.49637,0,0,0,0,0,0,0,0,0,0,0,0,0,0,0,0,0,0,0,0,0,0,0,0
1770178393695345829,0.00441937,0.497028,-2.08871,-0.0628898,0.599378,-1.85387,0.173637,0.819022,-1.71063,0.0420908,1.17793,-1.49897,0,0,0,0,0,0,0,0,0,0,0,0,0,0,0,0,0,0,0,0,0,0,0,0
1770178393715432065,0.00454516,0.497199,-2.08871,-0.0624232,0.59992,-1.85445,0.172955,0.820053,-1.71176,0.0444203,1.17998,-1.49698,0,0,0,0,0,0,0,0,0,0,0,0,0,0,0,0,0,0,0,0,0,0,0,0
1770178393735510654,0.00445944,0.497113,-2.08882,-0.0629787,0.599385,-1.85391,0.173926,0.819148,-1.71086,0.0420371,1.17798,-1.49896,0,0,0,0,0,0,0,0,0,0,0,0,0,0,0,0,0,0,0,0,0,0,0,0
1770178393755581018,0.00456322,0.497217,-2.08872,-0.0624124,0.599961,-1.85449,0.172916,0.820139,-1.71185,0.0444559,1.17996,-1.49703,0,0,0,0,0,0,0,0,0,0,0,0,0,0,0,0,0,0,0,0,0,0,0,0
1770178393775656279,0.00445472,0.497106,-2.08883,-0.0630147,0.599356,-1.85389,0.173997,0.819091,-1.7108,0.04203,1.178,-1.49894,0,0,0,0,0,0,0,0,0,0,0,0,0,0,0,0,0,0,0,0,0,0,0,0
1770178393795741459,0.00457207,0.497225,-2.08871,-0.0623819,0.599994,-1.85453,0.172843,0.82021,-1.71193,0.044459,1.17994,-1.49705,0,0,0,0,0,0,0,0,0,0,0,0,0,0,0,0,0,0,0,0,0,0,0,0
1770178393815828912,0.00444619,0.497097,-2.08884,-0.0630498,0.599321,-1.85385,0.174068,0.819022,-1.71073,0.0420336,1.178,-1.49893,0,0,0,0,0,0,0,0,0,0,0,0,0,0,0,0,0,0,0,0,0,0,0,0
1770178393835908044,0.00458145,0.497234,-2.0887,-0.0623472,0.600029,-1.85456,0.172763,0.820288,-1.712,0.0444534,1.17993,-1.49706,0,0,0,0,0,0,0,0,0,0,0,0,0,0,0,0,0,0,0,0,0,0,0,0
1770178393855982537,0.0044361,0.497087,-2.08885,-0.0630881,0.599283,-1.85381,0.174144,0.818947,-1.71066,0.0420394,1.17801,-1.49892,0,0,0,0,0,0,0,0,0,0,0,0,0,0,0,0,0,0,0,0,0,0,0,0
1770178393876053701,0.00459219,0.497245,-2.08869,-0.0623092,0.600067,-1.8546,0.172675,0.820373,-1.71209,0.044446,1.17993,-1.49707,0,0,0,0,0,0,0,0,0,0,0,0,0,0,0,0,0,0,0,0,0,0,0,0
1770178393896137090,0.00442445,0.497075,-2.08886,-0.06313,0.59924,-1.85377,0.174226,0.818866,-1.71058,0.0420454,1.17802,-1.49892,0,0,0,0,0,0,0,0,0,0,0,0,0,0,0,0,0,0,0,0,0,0,0,0
1770178393916224446,0.00460458,0.497258,-2.08868,-0.0622678,0.600108,-1.85464,0.172581,0.820463,-1.71218,0.0444388,1.17992,-1.49707,0,0,0,0,0,0,0,0,0,0,0,0,0,0,0,0,0,0,0,0,0,0,0,0
1770178393936300891,0.00441099,0.497062,-2.08888,-0.0631758,0.599194,-1.85372,0.174312,0.818782,-1.71049,0.0420508,1.17802,-1.49891,0,0,0,0,0,0,0,0,0,0,0,0,0,0,0,0,0,0,0,0,0,0,0,0
1770178393956379703,0.00461884,0.497272,-2.08867,-0.062223,0.600153,-1.85469,0.172482,0.820558,-1.71227,0.0444324,1.17991,-1.49708,0,0,0,0,0,0,0,0,0,0,0,0,0,0,0,0,0,0,0,0,0,0,0,0
1770178393976457588,0.00439546,0.497046,-2.08889,-0.0632255,0.599144,-1.85367,0.174399,0.818695,-1.71041,0.0420557,1.17802,-1.49891,0,0,0,0,0,0,0,0,0,0,0,0,0,0,0,0,0,0,0,0,0,0,0,0
1770178393996534640,0.00463527,0.497289,-2.08865,-0.0621749,0.600201,-1.85474,0.17238,0.820656,-1.71237,0.0444266,1.17991,-1.49708,0,0,0,0,0,0,0,0,0,0,0,0,0,0,0,0,0,0,0,0,0,0,0,0
1770178394016620109,0.00437754,0.497028,-2.08891,-0.0632791,0.59909,-1.85362,0.174486,0.818609,-1.71032,0.04206,1.17803,-1.4989,0,0,0,0,0,0,0,0,0,0,0,0,0,0,0,0,0,0,0,0,0,0,0,0
1770178394036697417,0.00465417,0.497308,-2.08863,-0.0621237,0.600252,-1.85479,0.172279,0.820753,-1.71247,0.0444215,1.17991,-1.49709,0,0,0,0,0,0,0,0,0,0,0,0,0,0,0,0,0,0,0,0,0,0,0,0
1770178394056785670,0.00435688,0.497007,-2.08893,-0.0633365,0.599032,-1.85356,0.174568,0.818526,-1.71024,0.0420638,1.17803,-1.4989,0,0,0,0,0,0,0,0,0,0,0,0,0,0,0,0,0,0,0,0,0,0,0,0
1770178394076864835,0.0046759,0.49733,-2.08861,-0.0620695,0.600306,-1.85484,0.172182,0.820845,-1.71256,0.0444171,1.1799,-1.49709,0,0,0,0,0,0,0,0,0,0,0,0,0,0,0,0,0,0,0,0,0,0,0,0
1770178394096943039,0.00433306,0.496983,-2.08896,-0.0633972,0.59897,-1.8535,0.174636,0.818454,-1.71016,0.0420671,1.17803,-1.4989,0,0,0,0,0,0,0,0,0,0,0,0,0,0,0,0,0,0,0,0,0,0,0,0
1770178394117030460,0.00470085,0.497356,-2.08858,-0.0620129,0.600363,-1.8549,0.1721,0.820924,-1.71264,0.0444131,1.1799,-1.49709,0,0,0,0,0,0,0,0,0,0,0,0,0,0,0,0,0,0,0,0,0,0,0,0
1770178394137111768,0.00430564,0.496955,-2.08898,-0.0634609,0.598905,-1.85343,0.174419,0.818501,-1.71024,0.0420701,1.17804,-1.49889,0,0,0,0,0,0,0,0,0,0,0,0,0,0,0,0,0,0,0,0,0,0,0,0
1770178394157190005,0.00472948,0.497385,-2.08856,-0.0619545,0.600421,-1.85496,0.17226,0.820769,-1.71248,0.0444096,1.1799,-1.4971,0,0,0,0,0,0,0,0,0,0,0,0,0,0,0,0,0,0,0,0,0,0,0,0
1770178394177267441,0.00427409,0.496923,-2.08902,-0.0635269,0.598839,-1.85336,0.174581,0.818512,-1.71022,0.0420727,1.17804,-1.49889,0,0,0,0,0,0,0,0,0,0,0,0,0,0,0,0,0,0,0,0,0,0,0,0
1770178394197346638,0.00476224,0.497418,-2.08852,-0.061895,0.60048,-1.85502,0.172166,0.820861,-1.71258,0.0444065,1.17989,-1.4971,0,0,0,0,0,0,0,0,0,0,0,0,0,0,0,0,0,0,0,0,0,0,0,0
1770178394217433002,0.00423785,0.496886,-2.08905,-0.0635941,0.59877,-1.85329,0.174645,0.818444,-1.71015,0.042075,1.17804,-1.49889,0,0,0,0,0,0,0,0,0,0,0,0,0,0,0,0,0,0,0,0,0,0,0,0
1770178394237512391,0.00479966,0.497456,-2.08848,-0.0618355,0.60054,-1.85508,0.172089,0.820935,-1.71265,0.0444038,1.17989,-1.4971,0,0,0,0,0,0,0,0,0,0,0,0,0,0,0,0,0,0,0,0,0,0,0,0
1770178394257589027,0.0041963,0.496844,-2.08909,-0.0636616,0.598702,-1.85322,0.175319,0.823455,-1.71522,0.0420771,1.17804,-1.49889,0,0,0,0,0,0,0,0,0,0,0,0,0,0,0,0,0,0,0,0,0,0,0,0
1770178394277669536,0.00484226,0.497499,-2.08844,-0.0617769,0.600598,-1.85514,0.172078,0.821551,-1.71314,0.0444013,1.17989,-1.4971,0,0,0,0,0,0,0,0,0,0,0,0,0,0,0,0,0,0,0,0,0,0,0,0
1770178394297751740,0.00414881,0.496796,-2.08914,-0.0637281,0.598634,-1.85316,0.169441,0.823799,-1.71556,0.0420789,1.17804,-1.49889,0,0,0,0,0,0,0,0,0,0,0,0,0,0,0,0,0,0,0,0,0,0,0,0
1770178394317837113,0.00489057,0.497548,-2.08839,-0.0617205,0.600654,-1.85519,0.171794,0.82124,-1.71296,0.0443992,1.17989,-1.4971,0,0,0,0,0,0,0,0,0,0,0,0,0,0,0,0,0,0,0,0,0,0,0,0
1770178394337916310,0.00409472,0.496742,-2.0892,-0.0637923,0.598569,-1.85309,0.169339,0.823761,-1.71548,0.0420805,1.17805,-1.49889,0,0,0,0,0,0,0,0,0,0,0,0,0,0,0,0,0,0,0,0,0,0,0,0
1770178394358009362,0.00494506,0.497604,-2.08834,-0.0616671,0.600707,-1.85525,0.171817,0.821213,-1.71293,0.0443973,1.17989,-1.49711,0,0,0,0,0,0,0,0,0,0,0,0,0,0,0,0,0,0,0,0,0,0,0,0
1770178394378085263,0.00403342,0.49668,-2.08926,-0.063853,0.598507,-1.85303,0.16932,0.823779,-1.71549,0.042082,1.17805,-1.49888,0,0,0,0,0,0,0,0,0,0,0,0,0,0,0,0,0,0,0,0,0,0,0,0
1770178394398163787,0.00500613,0.497666,-2.08827,-0.0616178,0.600756,-1.8553,0.171838,0.821191,-1.71291,0.0443956,1.17988,-1.49711,0,0,0,0,0,0,0,0,0,0,0,0,0,0,0,0,0,0,0,0,0,0,0,0
1770178394418291017,0.00396438,0.49661,-2.08933,-0.0639091,0.59845,-1.85297,0.169304,0.823795,-1.71551,0.0420833,1.17805,-1.49888,0,0,0,0,0,0,0,0,0,0,0,0,0,0,0,0,0,0,0,0,0,0,0,0
1770178394438361669,0.00507398,0.497735,-2.08821,-0.0615733,0.6008,-1.85534,0.171856,0.821173,-1.71289,0.0443941,1.17988,-1.49711,0,0,0,0,0,0,0,0,0,0,0,0,0,0,0,0,0,0,0,0,0,0,0,0
1770178394458441794,0.0038873,0.496532,-2.08941,-0.0639597,0.598399,-1.85292,0.169292,0.823808,-1.71552,0.0420844,1.17805,-1.49888,0,0,0,0,0,0,0,0,0,0,0,0,0,0,0,0,0,0,0,0,0,0,0,0
1770178394478520222,0.00514854,0.497812,-2.08813,-0.0615341,0.600838,-1.85538,0.17187,0.821158,-1.71287,0.0443927,1.17988,-1.49711,0,0,0,0,0,0,0,0,0,0,0,0,0,0,0,0,0,0,0,0,0,0,0,0
1770178394498597563,0.00380218,0.496447,-2.08949,-0.0640043,0.598354,-1.85287,0.169281,0.823818,-1.71553,0.0420854,1.17805,-1.49888,0,0,0,0,0,0,0,0,0,0,0,0,0,0,0,0,0,0,0,0,0,0,0,0
1770178394518684183,0.00522934,0.497894,-2.08805,-0.0615006,0.600871,-1.85541,0.171882,0.821145,-1.71286,0.0443915,1.17988,-1.49711,0,0,0,0,0,0,0,0,0,0,0,0,0,0,0,0,0,0,0,0,0,0,0,0
1770178394538762580,0.0037095,0.496353,-2.08958,-0.0640423,0.598315,-1.85283,0.169273,0.823826,-1.71554,0.0420863,1.17805,-1.49888,0,0,0,0,0,0,0,0,0,0,0,0,0,0,0,0,0,0,0,0,0,0,0,0
1770178394558844560,0.0053154,0.497982,-2.08796,-0.0614728,0.600899,-1.85544,0.171891,0.821136,-1.71285,0.0443905,1.17988,-1.49711,0,0,0,0,0,0,0,0,0,0,0,0,0,0,0,0,0,0,0,0,0,0,0,0
1770178394578917837,0.00361038,0.496254,-2.08968,-0.0640739,0.598283,-1.8528,0.169267,0.823833,-1.71555,0.0420871,1.17805,-1.49888,0,0,0,0,0,0,0,0,0,0,0,0,0,0,0,0,0,0,0,0,0,0,0,0
1770178394598992105,0.00540507,0.498074,-2.08787,-0.0614506,0.60092,-1.85546,0.171899,0.821128,-1.71284,0.0443895,1.17988,-1.49711,0,0,0,0,0,0,0,0,0,0,0,0,0,0,0,0,0,0,0,0,0,0,0,0
1770178394619078086,0.00350674,0.49615,-2.08979,-0.0640989,0.598257,-1.85278,0.169261,0.823838,-1.71555,0.0420878,1.17805,-1.49888,0,0,0,0,0,0,0,0,0,0,0,0,0,0,0,0,0,0,0,0,0,0,0,0
1770178394639155554,0.0054959,0.498167,-2.08778,-0.0614338,0.600937,-1.85548,0.171905,0.821122,-1.71284,0.0443887,1.17988,-1.49711,0,0,0,0,0,0,0,0,0,0,0,0,0,0,0,0,0,0,0,0,0,0,0,0
1770178394659231359,0.00340148,0.496044,-2.08989,-0.0641179,0.598238,-1.85276,0.169257,0.823842,-1.71556,0.0420885,1.17805,-1.49888,0,0,0,0,0,0,0,0,0,0,0,0,0,0,0,0,0,0,0,0,0,0,0,0
1770178394679311675,0.00558432,0.498258,-2.08769,-0.0614217,0.600948,-1.85549,0.171909,0.821117,-1.71283,0.0443879,1.17988,-1.49711,0,0,0,0,0,0,0,0,0,0,0,0,0,0,0,0,0,0,0,0,0,0,0,0
1770178394699392600,0.00329883,0.495941,-2.09,-0.0641312,0.598224,-1.85274,0.169254,0.823845,-1.71556,0.042089,1.17805,-1.49888,0,0,0,0,0,0,0,0,0,0,0,0,0,0,0,0,0,0,0,0,0,0,0,0
1770178394719480692,0.00566289,0.498339,-2.08761,-0.0614138,0.600955,-1.8555,0.171913,0.821113,-1.71283,0.0443872,1.17988,-1.49711,0,0,0,0,0,0,0,0,0,0,0,0,0,0,0,0,0,0,0,0,0,0,0,0
1770178394739566385,0.00320734,0.495849,-2.09009,-0.0641398,0.598215,-1.85273,0.169252,0.823848,-1.71556,0.0420895,1.17805,-1.49888,0,0,0,0,0,0,0,0,0,0,0,0,0,0,0,0,0,0,0,0,0,0,0,0
1770178394759646286,0.00580167,0.493212,-2.08746,-0.0614091,0.600959,-1.8555,0.171916,0.82111,-1.71283,0.0443867,1.17988,-1.49711,0,0,0,0,0,0,0,0,0,0,0,0,0,0,0,0,0,0,0,0,0,0,0,0
1770178394779722218,0.00330529,0.495751,-2.08997,-0.0641448,0.59821,-1.85273,0.16925,0.82385,-1.71556,0.04209,1.17805,-1.49888,0,0,0,0,0,0,0,0,0,0,0,0,0,0,0,0,0,0,0,0,0,0,0,0
1770178394799794662,0.00588852,0.493239,-2.08743,-0.0614065,0.600961,-1.8555,0.171918,0.821108,-1.71282,0.0443861,1.17988,-1.49711,0,0,0,0,0,0,0,0,0,0,0,0,0,0,0,0,0,0,0,0,0,0,0,0
1770178394819871619,0.00325286,0.495793,-2.09002,-0.0641474,0.598208,-1.85273,0.169249,0.823851,-1.71557,0.0420904,1.17805,-1.49888,0,0,0,0,0,0,0,0,0,0,0,0,0,0,0,0,0,0,0,0,0,0,0,0
1770178394839947103,0.00591512,0.493212,-2.0874,-0.0614052,0.600962,-1.8555,0.17192,0.821106,-1.71282,0.0443856,1.17988,-1.49711,0,0,0,0,0,0,0,0,0,0,0,0,0,0,0,0,0,0,0,0,0,0,0,0
1770178394860026396,0.00322026,0.495825,-2.09005,-0.0641486,0.598206,-1.85272,0.169247,0.823852,-1.71557,0.0420907,1.17805,-1.49888,0,0,0,0,0,0,0,0,0,0,0,0,0,0,0,0,0,0,0,0,0,0,0,0
1770178394880103704,0.00592445,0.493203,-2.08739,-0.0614046,0.600963,-1.8555,0.171921,0.821105,-1.71282,0.0443852,1.17988,-1.49711,0,0,0,0,0,0,0,0,0,0,0,0,0,0,0,0,0,0,0,0,0,0,0,0
1770178394900174229,0.00320846,0.495837,-2.09006,-0.0641492,0.598206,-1.85272,0.169247,0.823853,-1.71557,0.0420911,1.17805,-1.49888,0,0,0,0,0,0,0,0,0,0,0,0,0,0,0,0,0,0,0,0,0,0,0,0
1770178394920251345,0.00592173,0.493204,-2.08739,-0.0614044,0.600963,-1.8555,0.171922,0.821104,-1.71282,0.0443848,1.17988,-1.49712,0,0,0,0,0,0,0,0,0,0,0,0,0,0,0,0,0,0,0,0,0,0,0,0
1770178394940324461,0.00321066,0.495835,-2.09006,-0.0641495,0.598205,-1.85272,0.169246,0.823854,-1.71557,0.0420914,1.17805,-1.49888,0,0,0,0,0,0,0,0,0,0,0,0,0,0,0,0,0,0,0,0,0,0,0,0
1770178394960402986,0.00592266,0.493204,-2.08739,-0.0614042,0.600963,-1.8555,0.171923,0.821103,-1.71282,0.0443845,1.17988,-1.49712,0,0,0,0,0,0,0,0,0,0,0,0,0,0,0,0,0,0,0,0,0,0,0,0
1770178394980479462,0.0032098,0.495836,-2.09006,-0.0641496,0.598205,-1.85272,0.169245,0.823854,-1.71557,0.0420916,1.17806,-1.49888,0,0,0,0,0,0,0,0,0,0,0,0,0,0,0,0,0,0,0,0,0,0,0,0
1770178395000557379,0.00592231,0.493204,-2.08739,-0.0614042,0.600963,-1.8555,0.171923,0.821103,-1.71282,0.0443842,1.17987,-1.49712,0,0,0,0,0,0,0,0,0,0,0,0,0,0,0,0,0,0,0,0,0,0,0,0
1770178395020634495,0.00321011,0.495835,-2.09006,-0.0641496,0.598205,-1.85272,0.169245,0.823855,-1.71557,0.0420918,1.17806,-1.49888,0,0,0,0,0,0,0,0,0,0,0,0,0,0,0,0,0,0,0,0,0,0,0,0
1770178395040709788,0.00592244,0.493204,-2.08739,-0.0614042,0.600963,-1.8555,0.171923,0.821102,-1.71282,0.0443839,1.17987,-1.49712,0,0,0,0,0,0,0,0,0,0,0,0,0,0,0,0,0,0,0,0,0,0,0,0
1770178395060783160,0.00320999,0.495835,-2.09006,-0.0641497,0.598205,-1.85272,0.169245,0.823855,-1.71557,0.042092,1.17806,-1.49888,0,0,0,0,0,0,0,0,0,0,0,0,0,0,0,0,0,0,0,0,0,0,0,0
1770178395080862133,0.00592239,0.493204,-2.08739,-0.0614041,0.600963,-1.8555,0.171924,0.821102,-1.71282,0.0443837,1.17987,-1.49712,0,0,0,0,0,0,0,0,0,0,0,0,0,0,0,0,0,0,0,0,0,0,0,0
1770178395100943697,0.00321004,0.495835,-2.09006,-0.0641497,0.598205,-1.85272,0.169245,0.823855,-1.71557,0.0420922,1.17806,-1.49888,0,0,0,0,0,0,0,0,0,0,0,0,0,0,0,0,0,0,0,0,0,0,0,0
1770178395121032110,0.00592241,0.493204,-2.08739,-0.0614041,0.600963,-1.8555,0.171924,0.821102,-1.71282,0.0443835,1.17987,-1.49712,0,0,0,0,0,0,0,0,0,0,0,0,0,0,0,0,0,0,0,0,0,0,0,0
1770178395141112394,0.00321002,0.495835,-2.09006,-0.0641497,0.598205,-1.85272,0.169244,0.823855,-1.71557,0.0420924,1.17806,-1.49888,0,0,0,0,0,0,0,0,0,0,0,0,0,0,0,0,0,0,0,0,0,0,0,0
1770178395161190247,0.0059224,0.493204,-2.08739,-0.0614041,0.600963,-1.8555,0.171924,0.821101,-1.71282,0.0443833,1.17987,-1.49712,0,0,0,0,0,0,0,0,0,0,0,0,0,0,0,0,0,0,0,0,0,0,0,0
1770178395181266179,0.00321003,0.495835,-2.09006,-0.0641497,0.598205,-1.85272,0.169244,0.823855,-1.71557,0.0420925,1.17806,-1.49888,0,0,0,0,0,0,0,0,0,0,0,0,0,0,0,0,0,0,0,0,0,0,0,0
1770178395201345824,0.0059224,0.493204,-2.08739,-0.0614041,0.600963,-1.8555,0.171924,0.821101,-1.71282,0.0443831,1.17987,-1.49712,0,0,0,0,0,0,0,0,0,0,0,0,0,0,0,0,0,0,0,0,0,0,0,0
1770178395221421788,0.115513,0.652854,-1.97519,-0.113064,0.738707,-1.77493,-0.0663357,0.520406,-1.82314,0.0324944,0.692288,-1.73851,0,0,0,0,0,0,0,0,0,0,0,0,0,0,0,0,0,0,0,0,0,0,0,0
1770178395241498361,0.131249,0.661344,-1.97042,-0.117604,0.741956,-1.77784,-0.0715206,0.511552,-1.81715,0.0412775,0.703078,-1.70793,0,0,0,0,0,0,0,0,0,0,0,0,0,0,0,0,0,0,0,0,0,0,0,0
1770178395261572565,0.126373,0.659274,-1.97267,-0.118956,0.744407,-1.77999,-0.0716811,0.51285,-1.81805,0.0412499,0.703641,-1.70794,0,0,0,0,0,0,0,0,0,0,0,0,0,0,0,0,0,0,0,0,0,0,0,0
1770178395281650770,0.123827,0.656679,-1.97523,-0.117671,0.741847,-1.77776,-0.0713368,0.511295,-1.817,0.0410417,0.703408,-1.70827,0,0,0,0,0,0,0,0,0,0,0,0,0,0,0,0,0,0,0,0,0,0,0,0
1770178395301722286,0.126378,0.659255,-1.97267,-0.118852,0.744542,-1.78007,-0.0719217,0.513154,-1.81821,0.0413,0.703695,-1.70799,0,0,0,0,0,0,0,0,0,0,0,0,0,0,0,0,0,0,0,0,0,0,0,0
1770178395321801194,0.123837,0.656681,-1.97522,-0.117787,0.741724,-1.77769,-0.0710153,0.510912,-1.81683,0.0410074,0.703391,-1.70829,0,0,0,0,0,0,0,0,0,0,0,0,0,0,0,0,0,0,0,0,0,0,0,0
1770178395341877223,0.126373,0.659249,-1.97268,-0.118692,0.744695,-1.78015,-0.0723327,0.513574,-1.81843,0.0413287,0.703723,-1.70796,0,0,0,0,0,0,0,0,0,0,0,0,0,0,0,0,0,0,0,0,0,0,0,0
1770178395361954883,0.123841,0.656684,-1.97522,-0.117973,0.741598,-1.77764,-0.0714136,0.514962,-1.81712,0.0409777,0.703361,-1.70832,0,0,0,0,0,0,0,0,0,0,0,0,0,0,0,0,0,0,0,0,0,0,0,0
1770178395382032320,0.126368,0.659244,-1.97268,-0.118883,0.73826,-1.78059,-0.0707009,0.513766,-1.81839,0.04136,0.703755,-1.70793,0,0,0,0,0,0,0,0,0,0,0,0,0,0,0,0,0,0,0,0,0,0,0,0
1770178395402106620,0.123845,0.656688,-1.97522,-0.117914,0.740958,-1.77767,-0.0718421,0.51501,-1.81714,0.040943,0.703325,-1.70836,0,0,0,0,0,0,0,0,0,0,0,0,0,0,0,0,0,0,0,0,0,0,0,0
1770178395422185785,0.126365,0.65924,-1.97268,-0.118937,0.738384,-1.7804,-0.0705877,0.513662,-1.81849,0.0413968,0.703793,-1.70789,0,0,0,0,0,0,0,0,0,0,0,0,0,0,0,0,0,0,0,0,0,0,0,0
1770178395442262133,0.123847,0.65669,-1.97521,-0.117891,0.740834,-1.77781,-0.0719428,0.515118,-1.81703,0.040902,0.703283,-1.7084,0,0,0,0,0,0,0,0,0,0,0,0,0,0,0,0,0,0,0,0,0,0,0,0
1770178395462340370,0.126362,0.659237,-1.97269,-0.11899,0.738483,-1.78029,-0.070474,0.513542,-1.81862,0.0414401,0.703838,-1.70785,0,0,0,0,0,0,0,0,0,0,0,0,0,0,0,0,0,0,0,0,0,0,0,0
1770178395482419438,0.123849,0.656692,-1.97521,-0.117864,0.740749,-1.77791,-0.0720498,0.515235,-1.81691,0.0408535,0.703234,-1.70845,0,0,0,0,0,0,0,0,0,0,0,0,0,0,0,0,0,0,0,0,0,0,0,0
1770178395502497931,0.126359,0.659235,-1.97269,-0.119037,0.738554,-1.7802,-0.0703498,0.51341,-1.81875,0.0414909,0.703891,-1.70779,0,0,0,0,0,0,0,0,0,0,0,0,0,0,0,0,0,0,0,0,0,0,0,0
1770178395522579431,0.123851,0.656694,-1.97521,-0.117837,0.740687,-1.77798,-0.0721452,0.515349,-1.8168,0.0407964,0.703175,-1.70851,0,0,0,0,0,0,0,0,0,0,0,0,0,0,0,0,0,0,0,0,0,0,0,0
1770178395542657604,0.126357,0.659232,-1.97269,-0.119079,0.738608,-1.78013,-0.0702309,0.513284,-1.81888,0.0415503,0.703952,-1.70773,0,0,0,0,0,0,0,0,0,0,0,0,0,0,0,0,0,0,0,0,0,0,0,0
1770178395562728064,0.123853,0.656696,-1.97521,-0.117811,0.74064,-1.77804,-0.0667696,0.510092,-1.82205,0.0407294,0.703107,-1.70858,0,0,0,0,0,0,0,0,0,0,0,0,0,0,0,0,0,0,0,0,0,0,0,0
1770178395582804732,0.126355,0.659231,-1.97269,-0.119116,0.738651,-1.78008,-0.0699493,0.513005,-1.81916,0.0416193,0.704024,-1.70766,0,0,0,0,0,0,0,0,0,0,0,0,0,0,0,0,0,0,0,0,0,0,0,0
1770178395602879481,0.123854,0.656697,-1.97521,-0.117789,0.740603,-1.77808,-0.0669189,0.510223,-1.82192,0.0406512,0.703027,-1.70866,0,0,0,0,0,0,0,0,0,0,0,0,0,0,0,0,0,0,0,0,0,0,0,0
1770178395622952117,0.126354,0.659229,-1.97269,-0.119148,0.738684,-1.78004,-0.0697838,0.512846,-1.81932,0.0416987,0.704107,-1.70758,0,0,0,0,0,0,0,0,0,0,0,0,0,0,0,0,0,0,0,0,0,0,0,0
1770178395643024690,0.123855,0.656698,-1.97521,-0.11777,0.740573,-1.77812,-0.0670248,0.510314,-1.82183,0.0405608,0.702935,-1.70875,0,0,0,0,0,0,0,0,0,0,0,0,0,0,0,0,0,0,0,0,0,0,0,0
1770178395663100942,0.126353,0.659228,-1.9727,-0.119175,0.738711,-1.78001,-0.0696687,0.512735,-1.81943,0.0417889,0.704201,-1.70748,0,0,0,0,0,0,0,0,0,0,0,0,0,0,0,0,0,0,0,0,0,0,0,0
1770178395683179531,0.123856,0.656699,-1.9752,-0.117754,0.740549,-1.77814,-0.0671039,0.510382,-1.82176,0.0404577,0.702831,-1.70886,0,0,0,0,0,0,0,0,0,0,0,0,0,0,0,0,0,0,0,0,0,0,0,0
1770178395703255207,0.126352,0.659227,-1.9727,-0.119198,0.738733,-1.77998,-0.0695826,0.512653,-1.81951,0.0418893,0.704306,-1.70738,0,0,0,0,0,0,0,0,0,0,0,0,0,0,0,0,0,0,0,0,0,0,0,0
1770178395723337220,0.123857,0.6567,-1.9752,-0.117741,0.740529,-1.77817,-0.0671657,0.510436,-1.8217,0.0403423,0.702714,-1.70898,0,0,0,0,0,0,0,0,0,0,0,0,0,0,0,0,0,0,0,0,0,0,0,0
1770178395743416480,0.126351,0.659226,-1.9727,-0.119216,0.738751,-1.77996,-0.0695152,0.512588,-1.81957,0.0419967,0.704418,-1.70727,0,0,0,0,0,0,0,0,0,0,0,0,0,0,0,0,0,0,0,0,0,0,0,0
1770178395763493757,0.123857,0.6567,-1.9752,-0.117731,0.740513,-1.77819,-0.0672156,0.510479,-1.82166,0.0402184,0.702589,-1.7091,0,0,0,0,0,0,0,0,0,0,0,0,0,0,0,0,0,0,0,0,0,0,0,0
1770178395783571929,0.12635,0.659226,-1.9727,-0.119231,0.738766,-1.77994,-0.0694607,0.512536,-1.81962,0.0425628,0.700363,-1.70683,0,0,0,0,0,0,0,0,0,0,0,0,0,0,0,0,0,0,0,0,0,0,0,0
1770178395803647861,0.123858,0.656701,-1.9752,-0.117723,0.740499,-1.7782,-0.0672568,0.510516,-1.82163,0.0401499,0.7026,-1.70918,0,0,0,0,0,0,0,0,0,0,0,0,0,0,0,0,0,0,0,0,0,0,0,0
1770178395823730642,0.12635,0.659225,-1.9727,-0.119242,0.738779,-1.77992,-0.0694157,0.512494,-1.81967,0.0375489,0.700008,-1.70662,0,0,0,0,0,0,0,0,0,0,0,0,0,0,0,0,0,0,0,0,0,0,0,0
1770178395843813263,0.123858,0.656701,-1.9752,-0.117718,0.740487,-1.77822,-0.0672916,0.510546,-1.8216,0.0401361,0.702657,-1.70924,0,0,0,0,0,0,0,0,0,0,0,0,0,0,0,0,0,0,0,0,0,0,0,0
1770178395863892171,0.126349,0.659224,-1.9727,-0.119251,0.73879,-1.77991,-0.0693778,0.512458,-1.8197,0.03704,0.705578,-1.71215,0,0,0,0,0,0,0,0,0,0,0,0,0,0,0,0,0,0,0,0,0,0,0,0
1770178395883973672,0.123858,0.656701,-1.9752,-0.117714,0.740477,-1.77823,-0.0673213,0.510572,-1.82157,0.0400551,0.702905,-1.70944,0,0,0,0,0,0,0,0,0,0,0,0,0,0,0,0,0,0,0,0,0,0,0,0
1770178395904046788,0.126349,0.659224,-1.9727,-0.119258,0.738799,-1.7799,-0.0693453,0.512427,-1.81973,0.0370911,0.705531,-1.7121,0,0,0,0,0,0,0,0,0,0,0,0,0,0,0,0,0,0,0,0,0,0,0,0
1770178395924122368,0.123859,0.656702,-1.9752,-0.117711,0.740468,-1.77824,-0.067347,0.510595,-1.82155,0.0399974,0.702965,-1.70949,0,0,0,0,0,0,0,0,0,0,0,0,0,0,0,0,0,0,0,0,0,0,0,0
1770178395944200413,0.126349,0.659224,-1.9727,-0.119263,0.738807,-1.77989,-0.0693173,0.5124,-1.81976,0.0371247,0.70549,-1.71206,0,0,0,0,0,0,0,0,0,0,0,0,0,0,0,0,0,0,0,0,0,0,0,0
1770178395964280889,0.123859,0.656702,-1.9752,-0.11771,0.74046,-1.77825,-0.0673695,0.510615,-1.82153,0.039958,0.703013,-1.70954,0,0,0,0,0,0,0,0,0,0,0,0,0,0,0,0,0,0,0,0,0,0,0,0
1770178395984358646,0.126348,0.659223,-1.9727,-0.119267,0.738814,-1.77988,-0.0692928,0.512377,-1.81978,0.0371477,0.705455,-1.71203,0,0,0,0,0,0,0,0,0,0,0,0,0,0,0,0,0,0,0,0,0,0,0,0
1770178396004440851,0.123859,0.656702,-1.9752,-0.117709,0.740454,-1.77826,-0.0673892,0.510632,-1.82151,0.0399298,0.703054,-1.70957,0,0,0,0,0,0,0,0,0,0,0,0,0,0,0,0,0,0,0,0,0,0,0,0
1770178396024523183,0.126348,0.659223,-1.9727,-0.119269,0.73882,-1.77987,-0.0692712,0.512357,-1.8198,0.0371631,0.705423,-1.712,0,0,0,0,0,0,0,0,0,0,0,0,0,0,0,0,0,0,0,0,0,0,0,0
1770178396044605548,0.123859,0.656702,-1.9752,-0.117709,0.740448,-1.77826,-0.0674068,0.510647,-1.82149,0.0399096,0.703089,-1.7096,0,0,0,0,0,0,0,0,0,0,0,0,0,0,0,0,0,0,0,0,0,0,0,0
1770178396064686120,0.126348,0.659223,-1.9727,-0.11927,0.738825,-1.77987,-0.0692521,0.512338,-1.81982,0.0371728,0.705393,-1.71198,0,0,0,0,0,0,0,0,0,0,0,0,0,0,0,0,0,0,0,0,0,0,0,0
1770178396084762021,0.123859,0.656702,-1.9752,-0.11771,0.740443,-1.77827,-0.0674225,0.510661,-1.82148,0.0398952,0.703121,-1.70963,0,0,0,0,0,0,0,0,0,0,0,0,0,0,0,0,0,0,0,0,0,0,0,0
1770178396104845729,0.126348,0.659223,-1.9727,-0.119271,0.73883,-1.77986,-0.069235,0.512322,-1.81984,0.0371778,0.705365,-1.71195,0,0,0,0,0,0,0,0,0,0,0,0,0,0,0,0,0,0,0,0,0,0,0,0
1770178396124926782,0.123859,0.656702,-1.9752,-0.117711,0.740438,-1.77827,-0.0674365,0.510674,-1.82147,0.0398855,0.703152,-1.70965,0,0,0,0,0,0,0,0,0,0,0,0,0,0,0,0,0,0,0,0,0,0,0,0
1770178396145000730,0.126348,0.659223,-1.9727,-0.119271,0.738834,-1.77986,-0.0692197,0.512308,-1.81985,0.037179,0.705336,-1.71193,0,0,0,0,0,0,0,0,0,0,0,0,0,0,0,0,0,0,0,0,0,0,0,0
1770178396165078615,0.12386,0.656702,-1.9752,-0.117712,0.740434,-1.77828,-0.0674492,0.510685,-1.82146,0.0398794,0.703181,-1.70967,0,0,0,0,0,0,0,0,0,0,0,0,0,0,0,0,0,0,0,0,0,0,0,0
1770178396185156275,0.126348,0.659223,-1.9727,-0.119271,0.738838,-1.77985,-0.0692059,0.512295,-1.81986,0.0371769,0.705307,-1.71191,0,0,0,0,0,0,0,0,0,0,0,0,0,0,0,0,0,0,0,0,0,0,0,0
1770178396205232496,0.12386,0.656703,-1.9752,-0.117713,0.74043,-1.77828,-0.0674607,0.510695,-1.82145,0.0398765,0.703211,-1.7097,0,0,0,0,0,0,0,0,0,0,0,0,0,0,0,0,0,0,0,0,0,0,0,0
1770178396225311084,0.126348,0.659223,-1.9727,-0.11927,0.738841,-1.77985,-0.0691934,0.512283,-1.81987,0.0371719,0.705276,-1.71189,0,0,0,0,0,0,0,0,0,0,0,0,0,0,0,0,0,0,0,0,0,0,0,0
1770178396245386088,0.12386,0.656703,-1.9752,-0.117715,0.740426,-1.77829,-0.0674711,0.510704,-1.82144,0.0398761,0.703243,-1.70972,0,0,0,0,0,0,0,0,0,0,0,0,0,0,0,0,0,0,0,0,0,0,0,0
1770178396265465285,0.126348,0.659223,-1.9727,-0.119269,0.738844,-1.77985,-0.0691821,0.512272,-1.81988,0.0371641,0.705243,-1.71187,0,0,0,0,0,0,0,0,0,0,0,0,0,0,0,0,0,0,0,0,0,0,0,0
1770178396285542945,0.12386,0.656703,-1.9752,-0.117717,0.740423,-1.77829,-0.0674806,0.510713,-1.82143,0.0398778,0.703276,-1.70974,0,0,0,0,0,0,0,0,0,0,0,0,0,0,0,0,0,0,0,0,0,0,0,0
1770178396305624606,0.126347,0.659222,-1.9727,-0.119269,0.738847,-1.77984,-0.0691718,0.512263,-1.81989,0.0371538,0.705207,-1.71185,0,0,0,0,0,0,0,0,0,0,0,0,0,0,0,0,0,0,0,0,0,0,0,0
1770178396325701658,0.12386,0.656703,-1.9752,-0.117718,0.74042,-1.77829,-0.0674893,0.51072,-1.82142,0.0398814,0.703313,-1.70976,0,0,0,0,0,0,0,0,0,0,0,0,0,0,0,0,0,0,0,0,0,0,0,0
1770178396345780695,0.126347,0.659222,-1.9727,-0.119268,0.738849,-1.77984,-0.0691623,0.512254,-1.8199,0.0371409,0.705166,-1.71182,0,0,0,0,0,0,0,0,0,0,0,0,0,0,0,0,0,0,0,0,0,0,0,0
1770178396365857971,0.12386,0.656703,-1.9752,-0.11772,0.740418,-1.77829,-0.0674973,0.510727,-1.82141,0.0398866,0.703355,-1.70979,0,0,0,0,0,0,0,0,0,0,0,0,0,0,0,0,0,0,0,0,0,0,0,0
1770178396385939024,0.126347,0.659222,-1.9727,-0.119266,0.738851,-1.77984,-0.0691537,0.512245,-1.81991,0.0371256,0.70512,-1.7118,0,0,0,0,0,0,0,0,0,0,0,0,0,0,0,0,0,0,0,0,0,0,0,0
1770178396406019309,0.12386,0.656703,-1.9752,-0.117721,0.740415,-1.7783,-0.0675046,0.510734,-1.82141,0.0398931,0.703403,-1.70982,0,0,0,0,0,0,0,0,0,0,0,0,0,0,0,0,0,0,0,0,0,0,0,0
1770178396426093161,0.126347,0.659222,-1.9727,-0.119265,0.738853,-1.77984,-0.0691457,0.512238,-1.81992,0.0371078,0.705068,-1.71176,0,0,0,0,0,0,0,0,0,0,0,0,0,0,0,0,0,0,0,0,0,0,0,0
1770178396446172581,0.12386,0.656703,-1.9752,-0.117723,0.740413,-1.7783,-0.0675113,0.51074,-1.8214,0.0399006,0.703458,-1.70985,0,0,0,0,0,0,0,0,0,0,0,0,0,0,0,0,0,0,0,0,0,0,0,0
1770178396466251554,0.126347,0.659222,-1.9727,-0.119264,0.738855,-1.77984,-0.0691384,0.512231,-1.81993,0.0370875,0.705006,-1.71173,0,0,0,0,0,0,0,0,0,0,0,0,0,0,0,0,0,0,0,0,0,0,0,0
1770178396486330462,0.12386,0.656703,-1.9752,-0.117725,0.740411,-1.7783,-0.0675175,0.510745,-1.8214,0.039909,0.703524,-1.70989,0,0,0,0,0,0,0,0,0,0,0,0,0,0,0,0,0,0,0,0,0,0,0,0
1770178396506408603,0.126347,0.659222,-1.9727,-0.119263,0.738857,-1.77983,-0.0691316,0.512225,-1.81993,0.0370646,0.704934,-1.71168,0,0,0,0,0,0,0,0,0,0,0,0,0,0,0,0,0,0,0,0,0,0,0,0
1770178396526479415,0.12386,0.656703,-1.9752,-0.117726,0.740409,-1.7783,-0.0675233,0.510751,-1.82139,0.0399179,0.703603,-1.70994,0,0,0,0,0,0,0,0,0,0,0,0,0,0,0,0,0,0,0,0,0,0,0,0
1770178396546556436,0.126347,0.659222,-1.9727,-0.119262,0.738858,-1.77983,-0.0691254,0.512219,-1.81994,0.037039,0.704847,-1.71163,0,0,0,0,0,0,0,0,0,0,0,0,0,0,0,0,0,0,0,0,0,0,0,0
1770178396566635632,0.12386,0.656703,-1.9752,-0.117727,0.740407,-1.77831,-0.0675286,0.510755,-1.82139,0.0399267,0.703699,-1.71001,0,0,0,0,0,0,0,0,0,0,0,0,0,0,0,0,0,0,0,0,0,0,0,0
1770178396586707661,0.126347,0.659222,-1.9727,-0.119261,0.73886,-1.77983,-0.0691196,0.512213,-1.81994,0.037011,0.704743,-1.71156,0,0,0,0,0,0,0,0,0,0,0,0,0,0,0,0,0,0,0,0,0,0,0,0
1770178396606789033,0.12386,0.656703,-1.9752,-0.117729,0.740406,-1.77831,-0.0675335,0.51076,-1.82138,0.0399352,0.703818,-1.71008,0,0,0,0,0,0,0,0,0,0,0,0,0,0,0,0,0,0,0,0,0,0,0,0
1770178396626866694,0.126347,0.659222,-1.9727,-0.11926,0.738861,-1.77983,-0.0691143,0.512208,-1.81995,0.0369807,0.704617,-1.71149,0,0,0,0,0,0,0,0,0,0,0,0,0,0,0,0,0,0,0,0,0,0,0,0
1770178396646945538,0.12386,0.656703,-1.9752,-0.11773,0.740404,-1.77831,-0.0675381,0.510764,-1.82138,0.0399425,0.703965,-1.71018,0,0,0,0,0,0,0,0,0,0,0,0,0,0,0,0,0,0,0,0,0,0,0,0
1770178396667021567,0.126347,0.659222,-1.9727,-0.119259,0.738862,-1.77983,-0.0691093,0.512204,-1.81995,0.0369489,0.704464,-1.71139,0,0,0,0,0,0,0,0,0,0,0,0,0,0,0,0,0,0,0,0,0,0,0,0
1770178396687099675,0.12386,0.656703,-1.9752,-0.117731,0.740403,-1.77831,-0.0675424,0.510768,-1.82138,0.0399479,0.704148,-1.7103,0,0,0,0,0,0,0,0,0,0,0,0,0,0,0,0,0,0,0,0,0,0,0,0
1770178396707178680,0.126347,0.659222,-1.9727,-0.119258,0.738863,-1.77983,-0.0691047,0.512199,-1.81996,0.0369172,0.704278,-1.71127,0,0,0,0,0,0,0,0,0,0,0,0,0,0,0,0,0,0,0,0,0,0,0,0
1770178396727259444,0.12386,0.656703,-1.9752,-0.117732,0.740402,-1.77831,-0.0675463,0.510771,-1.82137,0.0399506,0.704373,-1.71045,0,0,0,0,0,0,0,0,0,0,0,0,0,0,0,0,0,0,0,0,0,0,0,0
1770178396747335056,0.126347,0.659222,-1.9727,-0.119257,0.738864,-1.77983,-0.0691004,0.512195,-1.81996,0.0368883,0.704059,-1.71113,0,0,0,0,0,0,0,0,0,0,0,0,0,0,0,0,0,0,0,0,0,0,0,0
1770178396767413005,0.12386,0.656703,-1.9752,-0.117733,0.7404,-1.77831,-0.06755,0.510774,-1.82137,0.03995,0.704643,-1.71063,0,0,0,0,0,0,0,0,0,0,0,0,0,0,0,0,0,0,0,0,0,0,0,0
1770178396787483465,0.126347,0.659222,-1.9727,-0.119256,0.738865,-1.77982,-0.0690964,0.512191,-1.81996,0.0368666,0.703812,-1.71097,0,0,0,0,0,0,0,0,0,0,0,0,0,0,0,0,0,0,0,0,0,0,0,0
1770178396807558406,0.12386,0.656703,-1.9752,-0.117734,0.740399,-1.77831,-0.0675535,0.510777,-1.82137,0.0399462,0.704948,-1.71083,0,0,0,0,0,0,0,0,0,0,0,0,0,0,0,0,0,0,0,0,0,0,0,0
1770178396827633986,0.126347,0.659222,-1.9727,-0.119256,0.738866,-1.77982,-0.0690926,0.512188,-1.81997,0.0368567,0.703558,-1.7108,0,0,0,0,0,0,0,0,0,0,0,0,0,0,0,0,0,0,0,0,0,0,0,0
1770178396847708767,0.12386,0.656703,-1.9752,-0.117735,0.740398,-1.77831,-0.0675567,0.51078,-1.82136,0.0399397,0.705259,-1.71104,0,0,0,0,0,0,0,0,0,0,0,0,0,0,0,0,0,0,0,0,0,0,0,0
1770178396867782587,0.126347,0.659222,-1.9727,-0.119255,0.738867,-1.77982,-0.0690892,0.512185,-1.81997,0.0368613,0.703329,-1.71065,0,0,0,0,0,0,0,0,0,0,0,0,0,0,0,0,0,0,0,0,0,0,0,0
1770178396887869496,0.12386,0.656703,-1.9752,-0.117736,0.740397,-1.77832,-0.0675597,0.510783,-1.82136,0.0399315,0.705532,-1.71123,0,0,0,0,0,0,0,0,0,0,0,0,0,0,0,0,0,0,0,0,0,0,0,0
1770178396907945364,0.126347,0.659222,-1.9727,-0.119254,0.738868,-1.77982,-0.0690859,0.512182,-1.81997,0.0368773,0.703158,-1.71053,0,0,0,0,0,0,0,0,0,0,0,0,0,0,0,0,0,0,0,0,0,0,0,0
1770178396928024017,0.12386,0.656703,-1.9752,-0.117737,0.740396,-1.77832,-0.0675625,0.510785,-1.82136,0.0399218,0.705729,-1.71137,0,0,0,0,0,0,0,0,0,0,0,0,0,0,0,0,0,0,0,0,0,0,0,0
1770178396948109581,0.126347,0.659222,-1.9727,-0.119253,0.738869,-1.77982,-0.0690828,0.512179,-1.81998,0.0368965,0.703051,-1.71045,0,0,0,0,0,0,0,0,0,0,0,0,0,0,0,0,0,0,0,0,0,0,0,0
1770178396968189002,0.12386,0.656703,-1.9752,-0.117738,0.740396,-1.77832,-0.0675651,0.510788,-1.82136,0.0399111,0.70584,-1.71145,0,0,0,0,0,0,0,0,0,0,0,0,0,0,0,0,0,0,0,0,0,0,0,0
1770178396988266150,0.126347,0.659222,-1.9727,-0.119253,0.738869,-1.77982,-0.06908,0.512176,-1.81998,0.0369121,0.702998,-1.71041,0,0,0,0,0,0,0,0,0,0,0,0,0,0,0,0,0,0,0,0,0,0,0,0
1770178397008344611,0.12386,0.656703,-1.9752,-0.117738,0.740395,-1.77832,-0.0675676,0.51079,-1.82135,0.0398992,0.705873,-1.71148,0,0,0,0,0,0,0,0,0,0,0,0,0,0,0,0,0,0,0,0,0,0,0,0
1770178397028418367,0.126347,0.659222,-1.9727,-0.119252,0.73887,-1.77982,-0.0690773,0.512174,-1.81998,0.0369228,0.702983,-1.7104,0,0,0,0,0,0,0,0,0,0,0,0,0,0,0,0,0,0,0,0,0,0,0,0
1770178397048495419,-0.121593,1.06131,-1.60456,0.229024,0.795707,-1.85236,-0.0577773,0.878358,-1.6854,0.0688422,0.684455,-1.70414,0,0,0,0,0,0,0,0,0,0,0,0,0,0,0,0,0,0,0,0,0,0,0,0
1770178397068572600,-0.110746,1.06044,-1.61791,0.212487,0.795397,-1.86146,-0.0675229,0.891508,-1.6749,0.0692367,0.681441,-1.70448,0,0,0,0,0,0,0,0,0,0,0,0,0,0,0,0,0,0,0,0,0,0,0,0
1770178397088650612,-0.111356,1.06249,-1.61614,0.212592,0.794719,-1.86062,-0.0640126,0.89075,-1.67347,0.0700329,0.682725,-1.70273,0,0,0,0,0,0,0,0,0,0,0,0,0,0,0,0,0,0,0,0,0,0,0,0
1770178397108725521,-0.11085,1.0603,-1.61772,0.212584,0.794772,-1.8607,-0.0647789,0.892276,-1.6719,0.0689702,0.681393,-1.70408,0,0,0,0,0,0,0,0,0,0,0,0,0,0,0,0,0,0,0,0,0,0,0,0
1770178397128804813,-0.111306,1.06248,-1.6161,0.212589,0.794773,-1.86069,-0.0637474,0.891025,-1.6733,0.0701499,0.682662,-1.70278,0,0,0,0,0,0,0,0,0,0,0,0,0,0,0,0,0,0,0,0,0,0,0,0
1770178397148884746,-0.110911,1.0603,-1.61773,0.212584,0.794767,-1.8607,-0.0649276,0.892376,-1.6719,0.0689023,0.681419,-1.70403,0,0,0,0,0,0,0,0,0,0,0,0,0,0,0,0,0,0,0,0,0,0,0,0
1770178397168962630,-0.111246,1.06248,-1.61609,0.21259,0.794773,-1.86069,-0.0635809,0.890945,-1.67337,0.070166,0.68265,-1.70279,0,0,0,0,0,0,0,0,0,0,0,0,0,0,0,0,0,0,0,0,0,0,0,0
1770178397189039843,-0.110976,1.0603,-1.61774,0.212584,0.794767,-1.8607,-0.0651068,0.892453,-1.67184,0.0688928,0.681427,-1.70402,0,0,0,0,0,0,0,0,0,0,0,0,0,0,0,0,0,0,0,0,0,0,0,0
1770178397209118911,-0.11118,1.06248,-1.61607,0.21259,0.794773,-1.86069,-0.0634018,0.890848,-1.67345,0.0701647,0.682643,-1.7028,0,0,0,0,0,0,0,0,0,0,0,0,0,0,0,0,0,0,0,0,0,0,0,0
1770178397229194972,-0.111046,1.06029,-1.61776,0.212584,0.794767,-1.8607,-0.0653,0.892539,-1.67178,0.0688947,0.681433,-1.70401,0,0,0,0,0,0,0,0,0,0,0,0,0,0,0,0,0,0,0,0,0,0,0,0
1770178397249271416,-0.111107,1.06249,-1.61605,0.21259,0.794773,-1.86069,-0.0632205,0.89074,-1.67355,0.0701605,0.682638,-1.70281,0,0,0,0,0,0,0,0,0,0,0,0,0,0,0,0,0,0,0,0,0,0,0,0
1770178397269351381,-0.111124,1.06029,-1.61778,0.212584,0.794767,-1.8607,-0.0654163,0.888384,-1.67126,0.0688986,0.681437,-1.70401,0,0,0,0,0,0,0,0,0,0,0,0,0,0,0,0,0,0,0,0,0,0,0,0
1770178397289430609,-0.111027,1.06249,-1.61602,0.21259,0.794773,-1.86069,-0.0632273,0.890796,-1.67363,0.0701559,0.682634,-1.70281,0,0,0,0,0,0,0,0,0,0,0,0,0,0,0,0,0,0,0,0,0,0,0,0
1770178397309509582,-0.111208,1.06029,-1.6178,0.212584,0.794767,-1.8607,-0.0656151,0.888987,-1.67168,0.0689026,0.681441,-1.70401,0,0,0,0,0,0,0,0,0,0,0,0,0,0,0,0,0,0,0,0,0,0,0,0
1770178397329587594,-0.110938,1.0625,-1.616,0.21259,0.794773,-1.86069,-0.0633763,0.890451,-1.67334,0.0701515,0.682629,-1.70282,0,0,0,0,0,0,0,0,0,0,0,0,0,0,0,0,0,0,0,0,0,0,0,0
1770178397349665095,-0.1113,1.06028,-1.61783,0.212584,0.794767,-1.8607,-0.0654294,0.888634,-1.67146,0.0689064,0.681444,-1.704,0,0,0,0,0,0,0,0,0,0,0,0,0,0,0,0,0,0,0,0,0,0,0,0
1770178397369750467,-0.11084,1.06251,-1.61597,0.21259,0.794773,-1.86069,-0.0633295,0.890639,-1.67349,0.0701473,0.682625,-1.70282,0,0,0,0,0,0,0,0,0,0,0,0,0,0,0,0,0,0,0,0,0,0,0,0
1770178397389824544,-0.111399,1.06027,-1.61785,0.212584,0.794767,-1.8607,-0.0654677,0.888475,-1.67133,0.0689102,0.681448,-1.704,0,0,0,0,0,0,0,0,0,0,0,0,0,0,0,0,0,0,0,0,0,0,0,0
1770178397409899196,-0.110733,1.06252,-1.61593,0.21259,0.794773,-1.86069,-0.0632331,0.890764,-1.6736,0.0701433,0.682621,-1.70282,0,0,0,0,0,0,0,0,0,0,0,0,0,0,0,0,0,0,0,0,0,0,0,0
1770178397429980729,-0.111506,1.06026,-1.61788,0.212584,0.794767,-1.8607,-0.0655213,0.888423,-1.6713,0.0689137,0.681451,-1.704,0,0,0,0,0,0,0,0,0,0,0,0,0,0,0,0,0,0,0,0,0,0,0,0
1770178397450059893,-0.110617,1.06253,-1.6159,0.21259,0.794773,-1.86069,-0.0631763,0.890821,-1.67366,0.0701395,0.682618,-1.70283,0,0,0,0,0,0,0,0,0,0,0,0,0,0,0,0,0,0,0,0,0,0,0,0
1770178397470139378,-0.11162,1.06025,-1.61791,0.212584,0.794767,-1.8607,-0.0600311,0.893745,-1.67661,0.068917,0.681454,-1.70399,0,0,0,0,0,0,0,0,0,0,0,0,0,0,0,0,0,0,0,0,0,0,0,0
1770178397490216942,-0.110491,1.06254,-1.61586,0.21259,0.794773,-1.86069,-0.0630194,0.891031,-1.67382,0.0701358,0.682614,-1.70283,0,0,0,0,0,0,0,0,0,0,0,0,0,0,0,0,0,0,0,0,0,0,0,0
1770178397510294123,-0.11174,1.06024,-1.61795,0.212584,0.794767,-1.8607,-0.0601164,0.893719,-1.67659,0.0689202,0.681457,-1.70399,0,0,0,0,0,0,0,0,0,0,0,0,0,0,0,0,0,0,0,0,0,0,0,0
1770178397530370375,-0.110359,1.06255,-1.61582,0.21259,0.794773,-1.86069,-0.0629491,0.891086,-1.67388,0.0701323,0.682611,-1.70283,0,0,0,0,0,0,0,0,0,0,0,0,0,0,0,0,0,0,0,0,0,0,0,0
1770178397550452260,-0.111862,1.06023,-1.61798,0.212584,0.794767,-1.8607,-0.0601658,0.89369,-1.67656,0.0689233,0.68146,-1.70399,0,0,0,0,0,0,0,0,0,0,0,0,0,0,0,0,0,0,0,0,0,0,0,0
1770178397570530336,-0.110222,1.06256,-1.61578,0.21259,0.794773,-1.86069,-0.0629009,0.891128,-1.67392,0.070129,0.682608,-1.70284,0,0,0,0,0,0,0,0,0,0,0,0,0,0,0,0,0,0,0,0,0,0,0,0
1770178397590608221,-0.111984,1.06022,-1.61802,0.212584,0.794767,-1.8607,-0.0601997,0.893664,-1.67653,0.0689262,0.681463,-1.70398,0,0,0,0,0,0,0,0,0,0,0,0,0,0,0,0,0,0,0,0,0,0,0,0
1770178397610678297,-0.110084,1.06258,-1.61573,0.212589,0.794773,-1.86069,-0.0628651,0.891162,-1.67396,0.0701259,0.682604,-1.70284,0,0,0,0,0,0,0,0,0,0,0,0,0,0,0,0,0,0,0,0,0,0,0,0
1770178397630754773,-0.112102,1.06021,-1.61806,0.212584,0.794767,-1.8607,-0.0602249,0.893642,-1.67651,0.068929,0.681465,-1.70398,0,0,0,0,0,0,0,0,0,0,0,0,0,0,0,0,0,0,0,0,0,0,0,0
1770178397650831986,-0.10995,1.06259,-1.61569,0.212589,0.794773,-1.86069,-0.0628374,0.891189,-1.67398,0.0701228,0.682602,-1.70284,0,0,0,0,0,0,0,0,0,0,0,0,0,0,0,0,0,0,0,0,0,0,0,0
1770178397670909806,-0.112211,1.06019,-1.61809,0.212584,0.794767,-1.8607,-0.0602446,0.893625,-1.67649,0.0689316,0.681468,-1.70398,0,0,0,0,0,0,0,0,0,0,0,0,0,0,0,0,0,0,0,0,0,0,0,0
1770178397690983755,-0.109826,1.06261,-1.61565,0.212589,0.794773,-1.86069,-0.0628154,0.89121,-1.674,0.07012,0.682599,-1.70285,0,0,0,0,0,0,0,0,0,0,0,0,0,0,0,0,0,0,0,0,0,0,0,0
1770178397711057511,-0.112302,1.06018,-1.61813,0.212584,0.794767,-1.8607,-0.0602604,0.89361,-1.67648,0.0689342,0.68147,-1.70398,0,0,0,0,0,0,0,0,0,0,0,0,0,0,0,0,0,0,0,0,0,0,0,0
1770178397731129443,-0.109723,1.06263,-1.61561,0.212589,0.794773,-1.86069,-0.0627976,0.891228,-1.67402,0.0701172,0.682596,-1.70285,0,0,0,0,0,0,0,0,0,0,0,0,0,0,0,0,0,0,0,0,0,0,0,0
1770178397751202560,-0.106944,1.05959,-1.61883,0.212584,0.794767,-1.8607,-0.0602732,0.893598,-1.67647,0.0689366,0.681473,-1.70397,0,0,0,0,0,0,0,0,0,0,0,0,0,0,0,0,0,0,0,0,0,0,0,0
1770178397771277116,-0.109412,1.06251,-1.61582,0.212589,0.794773,-1.86069,-0.0627832,0.891242,-1.67404,0.0701146,0.682594,-1.70285,0,0,0,0,0,0,0,0,0,0,0,0,0,0,0,0,0,0,0,0,0,0,0,0
1770178397791354681,-0.107142,1.05969,-1.61878,0.212584,0.794767,-1.8607,-0.0602837,0.893588,-1.67646,0.068939,0.681475,-1.70397,0,0,0,0,0,0,0,0,0,0,0,0,0,0,0,0,0,0,0,0,0,0,0,0
1770178397811432149,-0.109177,1.06241,-1.61589,0.212589,0.794773,-1.86069,-0.0627713,0.891254,-1.67405,0.070112,0.682591,-1.70285,0,0,0,0,0,0,0,0,0,0,0,0,0,0,0,0,0,0,0,0,0,0,0,0
1770178397831508018,-0.107358,1.05974,-1.61877,0.212584,0.794768,-1.8607,-0.0602924,0.89358,-1.67645,0.0689412,0.681477,-1.70397,0,0,0,0,0,0,0,0,0,0,0,0,0,0,0,0,0,0,0,0,0,0,0,0
1770178397851583406,-0.108915,1.06235,-1.61588,0.212589,0.794773,-1.86069,-0.0627614,0.891264,-1.67406,0.0701096,0.682589,-1.70286,0,0,0,0,0,0,0,0,0,0,0,0,0,0,0,0,0,0,0,0,0,0,0,0
1770178397871656746,-0.107635,1.05976,-1.61882,0.212584,0.794768,-1.8607,-0.0602996,0.893573,-1.67644,0.0689433,0.681479,-1.70397,0,0,0,0,0,0,0,0,0,0,0,0,0,0,0,0,0,0,0,0,0,0,0,0
1770178397891735015,-0.108572,1.06233,-1.61581,0.212589,0.794773,-1.86069,-0.0627532,0.891272,-1.67407,0.0701073,0.682586,-1.70286,0,0,0,0,0,0,0,0,0,0,0,0,0,0,0,0,0,0,0,0,0,0,0,0
1770178397911812611,-0.108032,1.05975,-1.61892,0.212584,0.794768,-1.8607,-0.0603056,0.893568,-1.67644,0.0689454,0.681481,-1.70397,0,0,0,0,0,0,0,0,0,0,0,0,0,0,0,0,0,0,0,0,0,0,0,0
1770178397931890624,-0.108073,1.06234,-1.61564,0.212589,0.794773,-1.86069,-0.0627464,0.891279,-1.67407,0.0701051,0.682584,-1.70286,0,0,0,0,0,0,0,0,0,0,0,0,0,0,0,0,0,0,0,0,0,0,0,0
1770178397951966972,-0.108635,1.05971,-1.61909,0.212584,0.794768,-1.8607,-0.0603107,0.893563,-1.67643,0.0689474,0.681483,-1.70396,0,0,0,0,0,0,0,0,0,0,0,0,0,0,0,0,0,0,0,0,0,0,0,0
1770178397972041177,-0.10733,1.06237,-1.61533,0.212589,0.794773,-1.86069,-0.0627406,0.891285,-1.67408,0.0701029,0.682582,-1.70286,0,0,0,0,0,0,0,0,0,0,0,0,0,0,0,0,0,0,0,0,0,0,0,0
1770178397992120085,-0.108153,1.06197,-1.6145,0.212584,0.794768,-1.8607,-0.0603149,0.893559,-1.67643,0.0689492,0.681484,-1.70396,0,0,0,0,0,0,0,0,0,0,0,0,0,0,0,0,0,0,0,0,0,0,0,0
1770178398012199154,-0.108209,1.06166,-1.61416,0.212589,0.794773,-1.86069,-0.0627358,0.891289,-1.67408,0.0701009,0.68258,-1.70286,0,0,0,0,0,0,0,0,0,0,0,0,0,0,0,0,0,0,0,0,0,0,0,0
1770178398032274478,-0.108399,1.06176,-1.61425,0.212584,0.794768,-1.8607,-0.0603185,0.893556,-1.67642,0.0689511,0.681486,-1.70396,0,0,0,0,0,0,0,0,0,0,0,0,0,0,0,0,0,0,0,0,0,0,0,0
1770178398052349515,-0.10826,1.06159,-1.61408,0.212589,0.794773,-1.86069,-0.0627317,0.891293,-1.67409,0.0700989,0.682578,-1.70287,0,0,0,0,0,0,0,0,0,0,0,0,0,0,0,0,0,0,0,0,0,0,0,0
1770178398072428167,-0.108427,1.06175,-1.61425,0.212584,0.794768,-1.8607,-0.0603215,0.893553,-1.67642,0.0689528,0.681488,-1.70396,0,0,0,0,0,0,0,0,0,0,0,0,0,0,0,0,0,0,0,0,0,0,0,0
1770178398092505572,-0.108253,1.06158,-1.61406,0.212589,0.794773,-1.86069,-0.0627283,0.891297,-1.67409,0.070097,0.682577,-1.70287,0,0,0,0,0,0,0,0,0,0,0,0,0,0,0,0,0,0,0,0,0,0,0,0
1770178398112583200,-0.10844,1.06177,-1.61426,0.212584,0.794768,-1.8607,-0.0603241,0.89355,-1.67642,0.0689545,0.681489,-1.70396,0,0,0,0,0,0,0,0,0,0,0,0,0,0,0,0,0,0,0,0,0,0,0,0
1770178398132654812,-0.10824,1.06156,-1.61405,0.212589,0.794773,-1.86069,-0.0627254,0.8913,-1.6741,0.0700952,0.682575,-1.70287,0,0,0,0,0,0,0,0,0,0,0,0,0,0,0,0,0,0,0,0,0,0,0,0
1770178398152732505,-0.108455,1.06178,-1.61427,0.212584,0.794768,-1.8607,-0.0603263,0.893548,-1.67642,0.0689561,0.681491,-1.70396,0,0,0,0,0,0,0,0,0,0,0,0,0,0,0,0,0,0,0,0,0,0,0,0
1770178398172810421,-0.108225,1.06155,-1.61403,0.212589,0.794773,-1.86069,-0.0627229,0.891302,-1.6741,0.0700935,0.682573,-1.70287,0,0,0,0,0,0,0,0,0,0,0,0,0,0,0,0,0,0,0,0,0,0,0,0
1770178398192882834,-0.108471,1.0618,-1.61429,0.212584,0.794768,-1.8607,-0.0603281,0.893547,-1.67641,0.0689576,0.681492,-1.70395,0,0,0,0,0,0,0,0,0,0,0,0,0,0,0,0,0,0,0,0,0,0,0,0
1770178398212961838,-0.108208,1.06153,-1.61402,0.212589,0.794773,-1.86069,-0.0627208,0.891304,-1.6741,0.0700918,0.682571,-1.70287,0,0,0,0,0,0,0,0,0,0,0,0,0,0,0,0,0,0,0,0,0,0,0,0
1770178398233036235,-0.10849,1.06182,-1.61431,0.212584,0.794768,-1.8607,-0.0603297,0.893545,-1.67641,0.0689591,0.681494,-1.70395,0,0,0,0,0,0,0,0,0,0,0,0,0,0,0,0,0,0,0,0,0,0,0,0
1770178398253109127,-0.108188,1.06151,-1.614,0.212589,0.794773,-1.86069,-0.0627191,0.891306,-1.6741,0.0700902,0.68257,-1.70287,0,0,0,0,0,0,0,0,0,0,0,0,0,0,0,0,0,0,0,0,0,0,0,0
1770178398273186723,-0.108512,1.06184,-1.61433,0.212584,0.794768,-1.8607,-0.060331,0.893544,-1.67641,0.0689606,0.681495,-1.70395,0,0,0,0,0,0,0,0,0,0,0,0,0,0,0,0,0,0,0,0,0,0,0,0
1770178398293264544,-0.108165,1.06149,-1.61397,0.212589,0.794773,-1.86069,-0.0627176,0.891307,-1.6741,0.0700887,0.682568,-1.70288,0,0,0,0,0,0,0,0,0,0,0,0,0,0,0,0,0,0,0,0,0,0,0,0
1770178398313340668,-0.108537,1.06186,-1.61436,0.212584,0.794768,-1.8607,-0.0603321,0.893543,-1.67641,0.0689619,0.681496,-1.70395,0,0,0,0,0,0,0,0,0,0,0,0,0,0,0,0,0,0,0,0,0,0,0,0
1770178398333415129,-0.10814,1.06146,-1.61395,0.212589,0.794773,-1.86069,-0.0627163,0.891309,-1.6741,0.0700872,0.682567,-1.70288,0,0,0,0,0,0,0,0,0,0,0,0,0,0,0,0,0,0,0,0,0,0,0,0
1770178398353492021,-0.108565,1.06189,-1.61439,0.212584,0.794768,-1.8607,-0.0603331,0.893542,-1.67641,0.0689633,0.681498,-1.70395,0,0,0,0,0,0,0,0,0,0,0,0,0,0,0,0,0,0,0,0,0,0,0,0
1770178398373571378,-0.10811,1.06143,-1.61391,0.212589,0.794773,-1.86069,-0.0627152,0.89131,-1.67411,0.0700857,0.682566,-1.70288,0,0,0,0,0,0,0,0,0,0,0,0,0,0,0,0,0,0,0,0,0,0,0,0
1770178398393649198,-0.108598,1.06192,-1.61442,0.212584,0.794768,-1.8607,-0.0603339,0.893541,-1.67641,0.0689645,0.681499,-1.70395,0,0,0,0,0,0,0,0,0,0,0,0,0,0,0,0,0,0,0,0,0,0,0,0
1770178398413726123,-0.108077,1.0614,-1.61388,0.212589,0.794773,-1.86069,-0.0627143,0.891311,-1.67411,0.0700844,0.682564,-1.70288,0,0,0,0,0,0,0,0,0,0,0,0,0,0,0,0,0,0,0,0,0,0,0,0
1770178398433802567,-0.108635,1.06196,-1.61446,0.212584,0.794768,-1.8607,-0.0603346,0.89354,-1.67641,0.0689658,0.6815,-1.70395,0,0,0,0,0,0,0,0,0,0,0,0,0,0,0,0,0,0,0,0,0,0,0,0
1770178398453880100,-0.108039,1.06136,-1.61384,0.212589,0.794773,-1.86069,-0.0627135,0.891311,-1.67411,0.070083,0.682563,-1.70288,0,0,0,0,0,0,0,0,0,0,0,0,0,0,0,0,0,0,0,0,0,0,0,0
1770178398473956448,-0.108677,1.062,-1.6145,0.212584,0.794768,-1.8607,-0.0603352,0.89354,-1.67641,0.0689669,0.681501,-1.70395,0,0,0,0,0,0,0,0,0,0,0,0,0,0,0,0,0,0,0,0,0,0,0,0
1770178398494033341,-0.107996,1.06132,-1.61379,0.212589,0.794773,-1.86069,-0.0627128,0.891312,-1.67411,0.0700818,0.682562,-1.70288,0,0,0,0,0,0,0,0,0,0,0,0,0,0,0,0,0,0,0,0,0,0,0,0
1770178398514109721,-0.108725,1.06205,-1.61455,0.212584,0.794768,-1.8607,-0.0603357,0.893539,-1.67641,0.0689681,0.681502,-1.70394,0,0,0,0,0,0,0,0,0,0,0,0,0,0,0,0,0,0,0,0,0,0,0,0
1770178398534187029,-0.107947,1.06127,-1.61374,0.212589,0.794773,-1.86069,-0.0627123,0.891313,-1.67411,0.0700805,0.682561,-1.70288,0,0,0,0,0,0,0,0,0,0,0,0,0,0,0,0,0,0,0,0,0,0,0,0
1770178398554266674,-0.108779,1.06211,-1.61461,0.212584,0.794768,-1.8607,-0.0603361,0.893539,-1.67641,0.0689692,0.681503,-1.70394,0,0,0,0,0,0,0,0,0,0,0,0,0,0,0,0,0,0,0,0,0,0,0,0
1770178398574337230,-0.107893,1.06121,-1.61369,0.212589,0.794773,-1.86069,-0.0627118,0.891313,-1.67411,0.0700793,0.682559,-1.70289,0,0,0,0,0,0,0,0,0,0,0,0,0,0,0,0,0,0,0,0,0,0,0,0
1770178398594413899,-0.10884,1.06217,-1.61467,0.212584,0.794768,-1.8607,-0.0603364,0.893539,-1.67641,0.0689702,0.681504,-1.70394,0,0,0,0,0,0,0,0,0,0,0,0,0,0,0,0,0,0,0,0,0,0,0,0
1770178398614492487,-0.107833,1.06115,-1.61362,0.212589,0.794773,-1.86069,-0.0627114,0.891314,-1.67411,0.0700782,0.682558,-1.70289,0,0,0,0,0,0,0,0,0,0,0,0,0,0,0,0,0,0,0,0,0,0,0,0
1770178398634567012,-0.108908,1.06224,-1.61474,0.212584,0.794768,-1.8607,-0.0603368,0.893538,-1.67641,0.0689713,0.681505,-1.70394,0,0,0,0,0,0,0,0,0,0,0,0,0,0,0,0,0,0,0,0,0,0,0,0
1770178398654646368,-0.107767,1.06108,-1.61355,0.212589,0.794773,-1.86069,-0.062711,0.891314,-1.67411,0.0700771,0.682557,-1.70289,0,0,0,0,0,0,0,0,0,0,0,0,0,0,0,0,0,0,0,0,0,0,0,0
1770178398674724186,-0.108983,1.06231,-1.61482,0.212584,0.794768,-1.8607,-0.060337,0.893538,-1.67641,0.0689723,0.681506,-1.70394,0,0,0,0,0,0,0,0,0,0,0,0,0,0,0,0,0,0,0,0,0,0,0,0
1770178398694804949,-0.107695,1.06101,-1.61348,0.212589,0.794773,-1.86069,-0.0627107,0.891314,-1.67411,0.070076,0.682556,-1.70289,0,0,0,0,0,0,0,0,0,0,0,0,0,0,0,0,0,0,0,0,0,0,0,0
1770178398714881999,-0.109066,1.06239,-1.61491,0.212584,0.794768,-1.8607,-0.0603372,0.893538,-1.6764,0.0689732,0.681507,-1.70394,0,0,0,0,0,0,0,0,0,0,0,0,0,0,0,0,0,0,0,0,0,0,0,0
1770178398734959785,-0.107618,1.06093,-1.6134,0.212589,0.794773,-1.86069,-0.0627104,0.891314,-1.67411,0.070075,0.682555,-1.70289,0,0,0,0,0,0,0,0,0,0,0,0,0,0,0,0,0,0,0,0,0,0,0,0
1770178398755032996,-0.109155,1.06248,-1.615,0.212584,0.794768,-1.8607,-0.0603374,0.893538,-1.6764,0.0689741,0.681508,-1.70394,0,0,0,0,0,0,0,0,0,0,0,0,0,0,0,0,0,0,0,0,0,0,0,0
1770178398775112318,-0.107536,1.06085,-1.61331,0.212589,0.794773,-1.86069,-0.0627102,0.891315,-1.67411,0.070074,0.682554,-1.70289,0,0,0,0,0,0,0,0,0,0,0,0,0,0,0,0,0,0,0,0,0,0,0,0
1770178398795182585,-0.109249,1.06258,-1.61509,0.212584,0.794768,-1.8607,-0.0603376,0.893538,-1.6764,0.068975,0.681509,-1.70394,0,0,0,0,0,0,0,0,0,0,0,0,0,0,0,0,0,0,0,0,0,0,0,0
1770178398815260339,-0.107452,1.06076,-1.61322,0.212589,0.794773,-1.86069,-0.06271,0.891315,-1.67411,0.0700731,0.682553,-1.70289,0,0,0,0,0,0,0,0,0,0,0,0,0,0,0,0,0,0,0,0,0,0,0,0
1770178398835336653,-0.109346,1.06267,-1.61519,0.212584,0.794768,-1.8607,-0.0603377,0.893537,-1.6764,0.0689759,0.681509,-1.70394,0,0,0,0,0,0,0,0,0,0,0,0,0,0,0,0,0,0,0,0,0,0,0,0
1770178398855416168,-0.107368,1.06068,-1.61313,0.212589,0.794773,-1.86069,-0.0627099,0.891315,-1.67411,0.0700721,0.682552,-1.70289,0,0,0,0,0,0,0,0,0,0,0,0,0,0,0,0,0,0,0,0,0,0,0,0
1770178398875493346,-0.109445,1.06277,-1.61529,0.212584,0.794768,-1.8607,-0.0603379,0.893537,-1.6764,0.0689767,0.68151,-1.70394,0,0,0,0,0,0,0,0,0,0,0,0,0,0,0,0,0,0,0,0,0,0,0,0
1770178398895566813,-0.107286,1.06059,-1.61304,0.212589,0.794773,-1.86069,-0.0627098,0.891315,-1.67411,0.0700713,0.682552,-1.70289,0,0,0,0,0,0,0,0,0,0,0,0,0,0,0,0,0,0,0,0,0,0,0,0
1770178398915640855,-0.109541,1.06287,-1.61539,0.212584,0.794768,-1.8607,-0.060338,0.893537,-1.6764,0.0689775,0.681511,-1.70394,0,0,0,0,0,0,0,0,0,0,0,0,0,0,0,0,0,0,0,0,0,0,0,0
1770178398935717586,-0.107211,1.06051,-1.61296,0.212589,0.794773,-1.86069,-0.0627096,0.891315,-1.67411,0.0700704,0.682551,-1.70289,0,0,0,0,0,0,0,0,0,0,0,0,0,0,0,0,0,0,0,0,0,0,0,0
1770178398955795852,-0.109628,1.06296,-1.61548,0.212584,0.794768,-1.8607,-0.060338,0.893537,-1.6764,0.0689782,0.681512,-1.70393,0,0,0,0,0,0,0,0,0,0,0,0,0,0,0,0,0,0,0,0,0,0,0,0
1770178398975869286,-0.107163,1.06046,-1.61292,0.212589,0.794773,-1.86069,-0.0627095,0.891315,-1.67411,0.0700696,0.68255,-1.70289,0,0,0,0,0,0,0,0,0,0,0,0,0,0,0,0,0,0,0,0,0,0,0,0
1770178398995949377,-0.109686,1.06301,-1.61554,0.212584,0.794768,-1.8607,-0.0603381,0.893537,-1.6764,0.068979,0.681512,-1.70393,0,0,0,0,0,0,0,0,0,0,0,0,0,0,0,0,0,0,0,0,0,0,0,0
1770178399016034716,-0.106545,1.06596,-1.61843,0.212589,0.794773,-1.86069,-0.0627095,0.891315,-1.67411,0.0700688,0.682549,-1.7029,0,0,0,0,0,0,0,0,0,0,0,0,0,0,0,0,0,0,0,0,0,0,0,0
1770178399036151095,-0.109552,1.06317,-1.61572,0.212584,0.794768,-1.8607,-0.0603382,0.893537,-1.6764,0.0689797,0.681513,-1.70393,0,0,0,0,0,0,0,0,0,0,0,0,0,0,0,0,0,0,0,0,0,0,0,0
1770178399056225681,-0.106641,1.06594,-1.6184,0.212589,0.794773,-1.86069,-0.0627094,0.891316,-1.67411,0.070068,0.682548,-1.7029,0,0,0,0,0,0,0,0,0,0,0,0,0,0,0,0,0,0,0,0,0,0,0,0
1770178399076304492,-0.109487,1.06324,-1.61579,0.212584,0.794768,-1.8607,-0.0603382,0.893537,-1.6764,0.0689804,0.681514,-1.70393,0,0,0,0,0,0,0,0,0,0,0,0,0,0,0,0,0,0,0,0,0,0,0,0
1770178399096382662,-0.106683,1.0659,-1.61837,0.212589,0.794773,-1.86069,-0.0627093,0.891316,-1.67411,0.0700672,0.682548,-1.7029,0,0,0,0,0,0,0,0,0,0,0,0,0,0,0,0,0,0,0,0,0,0,0,0
1770178399116467841,-0.109438,1.06328,-1.61584,0.212584,0.794768,-1.8607,-0.0603383,0.893537,-1.6764,0.0689811,0.681514,-1.70393,0,0,0,0,0,0,0,0,0,0,0,0,0,0,0,0,0,0,0,0,0,0,0,0
1770178399136544091,-0.106717,1.06587,-1.61834,0.212589,0.794773,-1.86069,-0.0627093,0.891316,-1.67411,0.0700665,0.682547,-1.7029,0,0,0,0,0,0,0,0,0,0,0,0,0,0,0,0,0,0,0,0,0,0,0,0
1770178399156621878,-0.109401,1.06332,-1.61587,0.212584,0.794768,-1.8607,-0.0603383,0.893537,-1.6764,0.0689817,0.681515,-1.70393,0,0,0,0,0,0,0,0,0,0,0,0,0,0,0,0,0,0,0,0,0,0,0,0
1770178399176697872,-0.106743,1.06585,-1.61831,0.212589,0.794773,-1.86069,-0.0627092,0.891316,-1.67411,0.0700658,0.682546,-1.7029,0,0,0,0,0,0,0,0,0,0,0,0,0,0,0,0,0,0,0,0,0,0,0,0
1770178399196776042,-0.109372,1.06335,-1.6159,0.212584,0.794768,-1.8607,-0.0603384,0.893537,-1.6764,0.0689823,0.681515,-1.70393,0,0,0,0,0,0,0,0,0,0,0,0,0,0,0,0,0,0,0,0,0,0,0,0
1770178399216849221,-0.106764,1.06583,-1.6183,0.212589,0.794773,-1.86069,-0.0627092,0.891316,-1.67411,0.0700652,0.682546,-1.7029,0,0,0,0,0,0,0,0,0,0,0,0,0,0,0,0,0,0,0,0,0,0,0,0
1770178399236919967,-0.109349,1.06337,-1.61593,0.212584,0.794768,-1.8607,-0.0603384,0.893537,-1.6764,0.0689829,0.681516,-1.70393,0,0,0,0,0,0,0,0,0,0,0,0,0,0,0,0,0,0,0,0,0,0,0,0
1770178399256990649,-0.106781,1.06581,-1.61828,0.212589,0.794773,-1.86069,-0.0627092,0.891316,-1.67411,0.0700645,0.682545,-1.7029,0,0,0,0,0,0,0,0,0,0,0,0,0,0,0,0,0,0,0,0,0,0,0,0
1770178399277078548,-0.10933,1.06339,-1.61594,0.212584,0.794768,-1.8607,-0.0603384,0.893537,-1.6764,0.0689835,0.681517,-1.70393,0,0,0,0,0,0,0,0,0,0,0,0,0,0,0,0,0,0,0,0,0,0,0,0
1770178399297161807,-0.106794,1.0658,-1.61827,0.212589,0.794773,-1.86069,-0.0627091,0.891316,-1.67411,0.0700639,0.682544,-1.7029,0,0,0,0,0,0,0,0,0,0,0,0,0,0,0,0,0,0,0,0,0,0,0,0
1770178399317248649,-0.109314,1.06341,-1.61596,0.212584,0.794768,-1.8607,-0.0603384,0.893537,-1.6764,0.0689841,0.681517,-1.70393,0,0,0,0,0,0,0,0,0,0,0,0,0,0,0,0,0,0,0,0,0,0,0,0
1770178399337331652,-0.106806,1.06579,-1.61826,0.212589,0.794773,-1.86069,-0.0627091,0.891316,-1.67411,0.0700633,0.682544,-1.7029,0,0,0,0,0,0,0,0,0,0,0,0,0,0,0,0,0,0,0,0,0,0,0,0
1770178399357408318,-0.109302,1.06342,-1.61597,0.212584,0.794768,-1.8607,-0.0603384,0.893537,-1.6764,0.0689846,0.681518,-1.70393,0,0,0,0,0,0,0,0,0,0,0,0,0,0,0,0,0,0,0,0,0,0,0,0
1770178399377490649,-0.106815,1.06578,-1.61825,0.212589,0.794773,-1.86069,-0.0627091,0.891316,-1.67411,0.0700627,0.682543,-1.7029,0,0,0,0,0,0,0,0,0,0,0,0,0,0,0,0,0,0,0,0,0,0,0,0
1770178399397570035,-0.109291,1.06343,-1.61598,0.212584,0.794768,-1.8607,-0.0603385,0.893537,-1.6764,0.0689851,0.681518,-1.70393,0,0,0,0,0,0,0,0,0,0,0,0,0,0,0,0,0,0,0,0,0,0,0,0
1770178399417647662,-0.106823,1.06577,-1.61824,0.212589,0.794773,-1.86069,-0.0627091,0.891316,-1.67411,0.0700621,0.682543,-1.7029,0,0,0,0,0,0,0,0,0,0,0,0,0,0,0,0,0,0,0,0,0,0,0,0
1770178399437726408,-0.109283,1.06344,-1.61599,0.212584,0.794768,-1.8607,-0.0603385,0.893537,-1.6764,0.0689856,0.681518,-1.70393,0,0,0,0,0,0,0,0,0,0,0,0,0,0,0,0,0,0,0,0,0,0,0,0
1770178399457803747,-0.106829,1.06577,-1.61824,0.212589,0.794773,-1.86069,-0.0627091,0.891316,-1.67411,0.0700616,0.682542,-1.7029,0,0,0,0,0,0,0,0,0,0,0,0,0,0,0,0,0,0,0,0,0,0,0,0
1770178399477880605,-0.109275,1.06345,-1.616,0.212584,0.794768,-1.8607,-0.0603385,0.893537,-1.6764,0.0689861,0.681519,-1.70393,0,0,0,0,0,0,0,0,0,0,0,0,0,0,0,0,0,0,0,0,0,0,0,0
1770178399497953335,-0.106835,1.06576,-1.61823,0.212589,0.794773,-1.86069,-0.062709,0.891316,-1.67411,0.070061,0.682542,-1.7029,0,0,0,0,0,0,0,0,0,0,0,0,0,0,0,0,0,0,0,0,0,0,0,0
1770178399518031250,-0.109269,1.06345,-1.616,0.212584,0.794768,-1.8607,-0.0603385,0.893537,-1.6764,0.0689866,0.681519,-1.70393,0,0,0,0,0,0,0,0,0,0,0,0,0,0,0,0,0,0,0,0,0,0,0,0
1770178399538108396,-0.106839,1.06576,-1.61823,0.212589,0.794773,-1.86069,-0.062709,0.891316,-1.67411,0.0700605,0.682541,-1.7029,0,0,0,0,0,0,0,0,0,0,0,0,0,0,0,0,0,0,0,0,0,0,0,0
1770178399558181127,-0.109264,1.06346,-1.61601,0.212584,0.794768,-1.8607,-0.0603385,0.893537,-1.6764,0.0689871,0.68152,-1.70393,0,0,0,0,0,0,0,0,0,0,0,0,0,0,0,0,0,0,0,0,0,0,0,0
1770178399578260417,-0.106843,1.06575,-1.61823,0.212589,0.794773,-1.86069,-0.062709,0.891316,-1.67411,0.07006,0.682541,-1.7029,0,0,0,0,0,0,0,0,0,0,0,0,0,0,0,0,0,0,0,0,0,0,0,0
1770178399598330619,-0.10926,1.06346,-1.61601,0.212584,0.794768,-1.8607,-0.0603385,0.893537,-1.6764,0.0689875,0.68152,-1.70393,0,0,0,0,0,0,0,0,0,0,0,0,0,0,0,0,0,0,0,0,0,0,0,0
1770178399618405238,-0.106846,1.06575,-1.61822,0.212589,0.794773,-1.86069,-0.062709,0.891316,-1.67411,0.0700596,0.68254,-1.7029,0,0,0,0,0,0,0,0,0,0,0,0,0,0,0,0,0,0,0,0,0,0,0,0
1770178399638481392,-0.109256,1.06346,-1.61602,0.212584,0.794768,-1.8607,-0.0603385,0.893537,-1.6764,0.068988,0.681521,-1.70393,0,0,0,0,0,0,0,0,0,0,0,0,0,0,0,0,0,0,0,0,0,0,0,0
1770178399658559627,-0.106849,1.06575,-1.61822,0.212589,0.794773,-1.86069,-0.062709,0.891316,-1.67411,0.0700591,0.68254,-1.7029,0,0,0,0,0,0,0,0,0,0,0,0,0,0,0,0,0,0,0,0,0,0,0,0
1770178399678638405,-0.109253,1.06347,-1.61602,0.212584,0.794768,-1.8607,-0.0603385,0.893537,-1.6764,0.0689884,0.681521,-1.70393,0,0,0,0,0,0,0,0,0,0,0,0,0,0,0,0,0,0,0,0,0,0,0,0
1770178399698718944,-0.106851,1.06575,-1.61822,0.212589,0.794773,-1.86069,-0.062709,0.891316,-1.67411,0.0700586,0.682539,-1.70291,0,0,0,0,0,0,0,0,0,0,0,0,0,0,0,0,0,0,0,0,0,0,0,0
1770178399718800154,-0.10925,1.06347,-1.61602,0.212584,0.794768,-1.8607,-0.0603385,0.893537,-1.6764,0.0689888,0.681521,-1.70392,0,0,0,0,0,0,0,0,0,0,0,0,0,0,0,0,0,0,0,0,0,0,0,0
1770178399738881653,-0.106853,1.06574,-1.61822,0.212589,0.794773,-1.86069,-0.062709,0.891316,-1.67411,0.0700582,0.682539,-1.70291,0,0,0,0,0,0,0,0,0,0,0,0,0,0,0,0,0,0,0,0,0,0,0,0
1770178399758958031,-0.109248,1.06347,-1.61602,0.212584,0.794768,-1.8607,-0.0603385,0.893537,-1.6764,0.0689892,0.681522,-1.70392,0,0,0,0,0,0,0,0,0,0,0,0,0,0,0,0,0,0,0,0,0,0,0,0
1770178399779042634,-0.106855,1.06574,-1.61822,0.212589,0.794773,-1.86069,-0.062709,0.891316,-1.67411,0.0700578,0.682539,-1.70291,0,0,0,0,0,0,0,0,0,0,0,0,0,0,0,0,0,0,0,0,0,0,0,0
1770178399799120324,-0.109246,1.06347,-1.61602,0.212584,0.794768,-1.8607,-0.0603385,0.893537,-1.6764,0.0689895,0.681522,-1.70392,0,0,0,0,0,0,0,0,0,0,0,0,0,0,0,0,0,0,0,0,0,0,0,0
1770178399819198015,-0.106856,1.06574,-1.61822,0.212589,0.794773,-1.86069,-0.062709,0.891316,-1.67411,0.0700574,0.682538,-1.70291,0,0,0,0,0,0,0,0,0,0,0,0,0,0,0,0,0,0,0,0,0,0,0,0
1770178399839275833,-0.109245,1.06348,-1.61603,0.212584,0.794768,-1.8607,-0.0603385,0.893537,-1.6764,0.0689899,0.681522,-1.70392,0,0,0,0,0,0,0,0,0,0,0,0,0,0,0,0,0,0,0,0,0,0,0,0
1770178399859349011,-0.106858,1.06574,-1.61821,0.212589,0.794773,-1.86069,-0.062709,0.891316,-1.67411,0.070057,0.682538,-1.70291,0,0,0,0,0,0,0,0,0,0,0,0,0,0,0,0,0,0,0,0,0,0,0,0
1770178399879427214,-0.109243,1.06348,-1.61603,0.212584,0.794768,-1.8607,-0.0603385,0.893537,-1.6764,0.0689903,0.681523,-1.70392,0,0,0,0,0,0,0,0,0,0,0,0,0,0,0,0,0,0,0,0,0,0,0,0
1770178399899502152,-0.106859,1.06574,-1.61821,0.212589,0.794773,-1.86069,-0.062709,0.891316,-1.67411,0.0700566,0.682537,-1.70291,0,0,0,0,0,0,0,0,0,0,0,0,0,0,0,0,0,0,0,0,0,0,0,0
1770178399919576195,-0.109242,1.06348,-1.61603,0.212584,0.794768,-1.8607,-0.0603385,0.893537,-1.6764,0.0689906,0.681523,-1.70392,0,0,0,0,0,0,0,0,0,0,0,0,0,0,0,0,0,0,0,0,0,0,0,0
1770178399939648573,-0.10686,1.06574,-1.61821,0.212589,0.794773,-1.86069,-0.062709,0.891316,-1.67411,0.0700562,0.682537,-1.70291,0,0,0,0,0,0,0,0,0,0,0,0,0,0,0,0,0,0,0,0,0,0,0,0
1770178399959724311,-0.109241,1.06348,-1.61603,0.212584,0.794768,-1.8607,-0.0603385,0.893537,-1.6764,0.0689909,0.681524,-1.70392,0,0,0,0,0,0,0,0,0,0,0,0,0,0,0,0,0,0,0,0,0,0,0,0
1770178399979802290,-0.10686,1.06574,-1.61821,0.212589,0.794773,-1.86069,-0.062709,0.891316,-1.67411,0.0700559,0.682537,-1.70291,0,0,0,0,0,0,0,0,0,0,0,0,0,0,0,0,0,0,0,0,0,0,0,0
1770178399999882700,-0.10924,1.06348,-1.61603,0.212584,0.794768,-1.8607,-0.0603385,0.893537,-1.6764,0.0689912,0.681524,-1.70392,0,0,0,0,0,0,0,0,0,0,0,0,0,0,0,0,0,0,0,0,0,0,0,0
1770178400019953831,-0.106861,1.06574,-1.61821,0.212589,0.794773,-1.86069,-0.062709,0.891316,-1.67411,0.0700555,0.682536,-1.70291,0,0,0,0,0,0,0,0,0,0,0,0,0,0,0,0,0,0,0,0,0,0,0,0
1770178400040027745,-0.10924,1.06348,-1.61603,0.212584,0.794768,-1.8607,-0.0603385,0.893537,-1.6764,0.0689915,0.681524,-1.70392,0,0,0,0,0,0,0,0,0,0,0,0,0,0,0,0,0,0,0,0,0,0,0,0
1770178400060103643,-0.106861,1.06574,-1.61821,0.212589,0.794773,-1.86069,-0.062709,0.891316,-1.67411,0.0700552,0.682536,-1.70291,0,0,0,0,0,0,0,0,0,0,0,0,0,0,0,0,0,0,0,0,0,0,0,0
1770178400080179062,-0.109239,1.06348,-1.61603,0.212584,0.794768,-1.8607,-0.0603385,0.893537,-1.6764,0.0689919,0.681524,-1.70392,0,0,0,0,0,0,0,0,0,0,0,0,0,0,0,0,0,0,0,0,0,0,0,0
1770178400100255152,-0.106862,1.06574,-1.61821,0.212589,0.794773,-1.86069,-0.062709,0.891316,-1.67411,0.0700549,0.682536,-1.70291,0,0,0,0,0,0,0,0,0,0,0,0,0,0,0,0,0,0,0,0,0,0,0,0
1770178400120330827,-0.109239,1.06348,-1.61603,0.212584,0.794768,-1.8607,-0.0603385,0.893537,-1.6764,0.0689921,0.681525,-1.70392,0,0,0,0,0,0,0,0,0,0,0,0,0,0,0,0,0,0,0,0,0,0,0,0
1770178400140409925,-0.106862,1.06574,-1.61821,0.212589,0.794773,-1.86069,-0.062709,0.891316,-1.67411,0.0700546,0.682535,-1.70291,0,0,0,0,0,0,0,0,0,0,0,0,0,0,0,0,0,0,0,0,0,0,0,0
1770178400160490016,-0.109238,1.06348,-1.61603,0.212584,0.794768,-1.8607,-0.0603385,0.893537,-1.6764,0.0689924,0.681525,-1.70392,0,0,0,0,0,0,0,0,0,0,0,0,0,0,0,0,0,0,0,0,0,0,0,0
1770178400180565274,-0.106863,1.06574,-1.61821,0.212589,0.794773,-1.86069,-0.062709,0.891316,-1.67411,0.0700543,0.682535,-1.70291,0,0,0,0,0,0,0,0,0,0,0,0,0,0,0,0,0,0,0,0,0,0,0,0
1770178400200646357,-0.109238,1.06348,-1.61603,0.212584,0.794768,-1.8607,-0.0603385,0.893537,-1.6764,0.0689927,0.681525,-1.70392,0,0,0,0,0,0,0,0,0,0,0,0,0,0,0,0,0,0,0,0,0,0,0,0
1770178400220725071,-0.106863,1.06573,-1.61821,0.212589,0.794773,-1.86069,-0.062709,0.891316,-1.67411,0.070054,0.682535,-1.70291,0,0,0,0,0,0,0,0,0,0,0,0,0,0,0,0,0,0,0,0,0,0,0,0
1770178400240812266,-0.109237,1.06348,-1.61603,0.212584,0.794768,-1.8607,-0.0603385,0.893537,-1.6764,0.068993,0.681525,-1.70392,0,0,0,0,0,0,0,0,0,0,0,0,0,0,0,0,0,0,0,0,0,0,0,0
1770178400260895236,-0.106863,1.06573,-1.61821,0.212589,0.794773,-1.86069,-0.062709,0.891316,-1.67411,0.0700537,0.682535,-1.70291,0,0,0,0,0,0,0,0,0,0,0,0,0,0,0,0,0,0,0,0,0,0,0,0
1770178400280973183,-0.109237,1.06348,-1.61603,0.212584,0.794768,-1.8607,-0.0603385,0.893537,-1.6764,0.0689932,0.681526,-1.70392,0,0,0,0,0,0,0,0,0,0,0,0,0,0,0,0,0,0,0,0,0,0,0,0
1770178400301052857,-0.106863,1.06573,-1.61821,0.212589,0.794773,-1.86069,-0.062709,0.891316,-1.67411,0.0700534,0.682534,-1.70291,0,0,0,0,0,0,0,0,0,0,0,0,0,0,0,0,0,0,0,0,0,0,0,0
1770178400321129396,-0.109237,1.06348,-1.61603,0.212584,0.794768,-1.8607,-0.0603385,0.893537,-1.6764,0.0689935,0.681526,-1.70392,0,0,0,0,0,0,0,0,0,0,0,0,0,0,0,0,0,0,0,0,0,0,0,0
1770178400341206958,-0.106864,1.06573,-1.61821,0.212589,0.794773,-1.86069,-0.062709,0.891316,-1.67411,0.0700531,0.682534,-1.70291,0,0,0,0,0,0,0,0,0,0,0,0,0,0,0,0,0,0,0,0,0,0,0,0
1770178400361285129,-0.109237,1.06348,-1.61603,0.212584,0.794768,-1.8607,-0.0603385,0.893537,-1.6764,0.0689937,0.681526,-1.70392,0,0,0,0,0,0,0,0,0,0,0,0,0,0,0,0,0,0,0,0,0,0,0,0
1770178400381357283,-0.106864,1.06573,-1.61821,0.212589,0.794773,-1.86069,-0.062709,0.891316,-1.67411,0.0700529,0.682534,-1.70291,0,0,0,0,0,0,0,0,0,0,0,0,0,0,0,0,0,0,0,0,0,0,0,0
1770178400401435037,-0.109237,1.06348,-1.61603,0.212584,0.794768,-1.8607,-0.0603385,0.893537,-1.6764,0.0689939,0.681526,-1.70392,0,0,0,0,0,0,0,0,0,0,0,0,0,0,0,0,0,0,0,0,0,0,0,0
1770178400421515000,-0.106864,1.06573,-1.61821,0.212589,0.794773,-1.86069,-0.062709,0.891316,-1.67411,0.0700526,0.682534,-1.70291,0,0,0,0,0,0,0,0,0,0,0,0,0,0,0,0,0,0,0,0,0,0,0,0
1770178400441593042,-0.109236,1.06348,-1.61603,0.212584,0.794768,-1.8607,-0.0603385,0.893537,-1.6764,0.0689942,0.681526,-1.70392,0,0,0,0,0,0,0,0,0,0,0,0,0,0,0,0,0,0,0,0,0,0,0,0
1770178400461671405,-0.106864,1.06573,-1.61821,0.212589,0.794773,-1.86069,-0.062709,0.891316,-1.67411,0.0700524,0.682533,-1.70291,0,0,0,0,0,0,0,0,0,0,0,0,0,0,0,0,0,0,0,0,0,0,0,0
1770178400481745415,-0.109236,1.06348,-1.61603,0.212584,0.794768,-1.8607,-0.0603385,0.893537,-1.6764,0.0689944,0.681527,-1.70392,0,0,0,0,0,0,0,0,0,0,0,0,0,0,0,0,0,0,0,0,0,0,0,0
1770178400501820002,-0.106864,1.06573,-1.61821,0.212589,0.794773,-1.86069,-0.062709,0.891316,-1.67411,0.0700522,0.682533,-1.70291,0,0,0,0,0,0,0,0,0,0,0,0,0,0,0,0,0,0,0,0,0,0,0,0
1770178400521897308,-0.109236,1.06348,-1.61603,0.212584,0.794768,-1.8607,-0.0603385,0.893537,-1.6764,0.0689946,0.681527,-1.70392,0,0,0,0,0,0,0,0,0,0,0,0,0,0,0,0,0,0,0,0,0,0,0,0
1770178400541975254,-0.106864,1.06573,-1.61821,0.212589,0.794773,-1.86069,-0.062709,0.891316,-1.67411,0.0700519,0.682533,-1.70291,0,0,0,0,0,0,0,0,0,0,0,0,0,0,0,0,0,0,0,0,0,0,0,0
1770178400562053457,-0.109236,1.06348,-1.61603,0.212584,0.794768,-1.8607,-0.0603385,0.893537,-1.6764,0.0689948,0.681527,-1.70392,0,0,0,0,0,0,0,0,0,0,0,0,0,0,0,0,0,0,0,0,0,0,0,0
1770178400582131723,-0.106864,1.06573,-1.61821,0.212589,0.794773,-1.86069,-0.062709,0.891316,-1.67411,0.0700517,0.682533,-1.70291,0,0,0,0,0,0,0,0,0,0,0,0,0,0,0,0,0,0,0,0,0,0,0,0
1770178400602210182,-0.109236,1.06348,-1.61603,0.212584,0.794768,-1.8607,-0.0603385,0.893537,-1.6764,0.068995,0.681527,-1.70392,0,0,0,0,0,0,0,0,0,0,0,0,0,0,0,0,0,0,0,0,0,0,0,0
1770178400622289344,-0.106864,1.06573,-1.61821,0.212589,0.794773,-1.86069,-0.062709,0.891316,-1.67411,0.0700515,0.682532,-1.70291,0,0,0,0,0,0,0,0,0,0,0,0,0,0,0,0,0,0,0,0,0,0,0,0
1770178400642367387,-0.109236,1.06348,-1.61603,0.212584,0.794768,-1.8607,-0.0603385,0.893537,-1.6764,0.0689952,0.681527,-1.70392,0,0,0,0,0,0,0,0,0,0,0,0,0,0,0,0,0,0,0,0,0,0,0,0
1770178400662446837,-0.106864,1.06573,-1.61821,0.212589,0.794773,-1.86069,-0.062709,0.891316,-1.67411,0.0700513,0.682532,-1.70291,0,0,0,0,0,0,0,0,0,0,0,0,0,0,0,0,0,0,0,0,0,0,0,0
1770178400682525584,-0.109236,1.06348,-1.61603,0.212584,0.794768,-1.8607,-0.0603385,0.893537,-1.6764,0.0689954,0.681528,-1.70392,0,0,0,0,0,0,0,0,0,0,0,0,0,0,0,0,0,0,0,0,0,0,0,0
1770178400702603594,-0.106864,1.06573,-1.61821,0.212589,0.794773,-1.86069,-0.062709,0.891316,-1.67411,0.0700511,0.682532,-1.70291,0,0,0,0,0,0,0,0,0,0,0,0,0,0,0,0,0,0,0,0,0,0,0,0
1770178400722681541,-0.109236,1.06348,-1.61603,0.212584,0.794768,-1.8607,-0.0603385,0.893537,-1.6764,0.0689955,0.681528,-1.70392,0,0,0,0,0,0,0,0,0,0,0,0,0,0,0,0,0,0,0,0,0,0,0,0
1770178400742764831,-0.106864,1.06573,-1.61821,0.212589,0.794773,-1.86069,-0.062709,0.891316,-1.67411,0.0700509,0.682532,-1.70291,0,0,0,0,0,0,0,0,0,0,0,0,0,0,0,0,0,0,0,0,0,0,0,0
1770178400762840858,-0.109236,1.06348,-1.61603,0.212584,0.794768,-1.8607,-0.0603385,0.893537,-1.6764,0.0689957,0.681528,-1.70392,0,0,0,0,0,0,0,0,0,0,0,0,0,0,0,0,0,0,0,0,0,0,0,0
1770178400782915188,-0.106864,1.06573,-1.61821,0.212589,0.794773,-1.86069,-0.062709,0.891316,-1.67411,0.0700507,0.682532,-1.70291,0,0,0,0,0,0,0,0,0,0,0,0,0,0,0,0,0,0,0,0,0,0,0,0
1770178400802988686,-0.109236,1.06348,-1.61603,0.212584,0.794768,-1.8607,-0.0603385,0.893537,-1.6764,0.0689959,0.681528,-1.70392,0,0,0,0,0,0,0,0,0,0,0,0,0,0,0,0,0,0,0,0,0,0,0,0
1770178400823062281,-0.106864,1.06573,-1.61821,0.212589,0.794773,-1.86069,-0.062709,0.891316,-1.67411,0.0700505,0.682532,-1.70291,0,0,0,0,0,0,0,0,0,0,0,0,0,0,0,0,0,0,0,0,0,0,0,0
1770178400843132451,-0.109236,1.06349,-1.61603,0.212584,0.794768,-1.8607,-0.0603385,0.893537,-1.6764,0.068996,0.681528,-1.70392,0,0,0,0,0,0,0,0,0,0,0,0,0,0,0,0,0,0,0,0,0,0,0,0
1770178400863210749,-0.106864,1.06573,-1.61821,0.212589,0.794773,-1.86069,-0.062709,0.891316,-1.67411,0.0700504,0.682531,-1.70291,0,0,0,0,0,0,0,0,0,0,0,0,0,0,0,0,0,0,0,0,0,0,0,0
1770178400883285592,-0.109236,1.06349,-1.61604,0.212584,0.794768,-1.86069,-0.0603385,0.893537,-1.6764,0.0689962,0.681528,-1.70392,0,0,0,0,0,0,0,0,0,0,0,0,0,0,0,0,0,0,0,0,0,0,0,0
1770178400903363730,-0.106865,1.06573,-1.61821,0.212589,0.794773,-1.86069,-0.062709,0.891316,-1.67411,0.0700502,0.682531,-1.70291,0,0,0,0,0,0,0,0,0,0,0,0,0,0,0,0,0,0,0,0,0,0,0,0
1770178400923442605,-0.109236,1.06349,-1.61604,0.212584,0.794768,-1.86069,-0.0603385,0.893537,-1.6764,0.0689964,0.681529,-1.70392,0,0,0,0,0,0,0,0,0,0,0,0,0,0,0,0,0,0,0,0,0,0,0,0
1770178400943517127,-0.106865,1.06573,-1.61821,0.212589,0.794773,-1.86069,-0.062709,0.891316,-1.67411,0.07005,0.682531,-1.70291,0,0,0,0,0,0,0,0,0,0,0,0,0,0,0,0,0,0,0,0,0,0,0,0
1770178400963593794,-0.109236,1.06349,-1.61604,0.212584,0.794768,-1.86069,-0.0603385,0.893537,-1.6764,0.0689965,0.681529,-1.70392,0,0,0,0,0,0,0,0,0,0,0,0,0,0,0,0,0,0,0,0,0,0,0,0
1770178400983674108,-0.106865,1.06573,-1.61821,0.212589,0.794773,-1.86069,-0.062709,0.891316,-1.67411,0.0700499,0.682531,-1.70291,0,0,0,0,0,0,0,0,0,0,0,0,0,0,0,0,0,0,0,0,0,0,0,0
1770178401003749559,-0.109236,1.06349,-1.61604,0.212584,0.794768,-1.86069,-0.0603385,0.893537,-1.6764,0.0689967,0.681529,-1.70392,0,0,0,0,0,0,0,0,0,0,0,0,0,0,0,0,0,0,0,0,0,0,0,0
1770178401023829873,-0.106865,1.06573,-1.61821,0.212589,0.794773,-1.86069,-0.062709,0.891316,-1.67411,0.0700497,0.682531,-1.70291,0,0,0,0,0,0,0,0,0,0,0,0,0,0,0,0,0,0,0,0,0,0,0,0
1770178401043908747,-0.109236,1.06349,-1.61604,0.212584,0.794768,-1.86069,-0.0603385,0.893537,-1.6764,0.0689968,0.681529,-1.70392,0,0,0,0,0,0,0,0,0,0,0,0,0,0,0,0,0,0,0,0,0,0,0,0
1770178401063988006,-0.106865,1.06573,-1.61821,0.212589,0.794773,-1.86069,-0.062709,0.891316,-1.67411,0.0700496,0.682531,-1.70291,0,0,0,0,0,0,0,0,0,0,0,0,0,0,0,0,0,0,0,0,0,0,0,0
1770178401084067008,-0.109236,1.06349,-1.61604,0.212584,0.794768,-1.86069,-0.0603385,0.893537,-1.6764,0.0689969,0.681529,-1.70392,0,0,0,0,0,0,0,0,0,0,0,0,0,0,0,0,0,0,0,0,0,0,0,0
1770178401104141275,-0.106865,1.06573,-1.61821,0.212589,0.794773,-1.86069,-0.062709,0.891316,-1.67411,0.0700494,0.68253,-1.70291,0,0,0,0,0,0,0,0,0,0,0,0,0,0,0,0,0,0,0,0,0,0,0,0
1770178401124218421,-0.109236,1.06349,-1.61604,0.212584,0.794768,-1.86069,-0.0603385,0.893537,-1.6764,0.0689971,0.681529,-1.70392,0,0,0,0,0,0,0,0,0,0,0,0,0,0,0,0,0,0,0,0,0,0,0,0
1770178401144291472,-0.106865,1.06573,-1.61821,0.212589,0.794773,-1.86069,-0.062709,0.891316,-1.67411,0.0700493,0.68253,-1.70291,0,0,0,0,0,0,0,0,0,0,0,0,0,0,0,0,0,0,0,0,0,0,0,0
1770178401164365738,-0.109236,1.06349,-1.61604,0.212584,0.794768,-1.86069,-0.0603385,0.893537,-1.6764,0.0689972,0.681529,-1.70392,0,0,0,0,0,0,0,0,0,0,0,0,0,0,0,0,0,0,0,0,0,0,0,0
1770178401184444868,-0.106865,1.06573,-1.61821,0.212589,0.794773,-1.86069,-0.062709,0.891316,-1.67411,0.0700491,0.68253,-1.70291,0,0,0,0,0,0,0,0,0,0,0,0,0,0,0,0,0,0,0,0,0,0,0,0
1770178401204517599,-0.109236,1.06349,-1.61604,0.212584,0.794768,-1.86069,-0.0603385,0.893537,-1.6764,0.0689973,0.681529,-1.70392,0,0,0,0,0,0,0,0,0,0,0,0,0,0,0,0,0,0,0,0,0,0,0,0
1770178401224594649,-0.106865,1.06573,-1.61821,0.212589,0.794773,-1.86069,-0.062709,0.891316,-1.67411,0.070049,0.68253,-1.70291,0,0,0,0,0,0,0,0,0,0,0,0,0,0,0,0,0,0,0,0,0,0,0,0
1770178401244674100,-0.109236,1.06349,-1.61604,0.212584,0.794768,-1.86069,-0.0603385,0.893537,-1.6764,0.0689974,0.68153,-1.70392,0,0,0,0,0,0,0,0,0,0,0,0,0,0,0,0,0,0,0,0,0,0,0,0
1770178401264750830,-0.106865,1.06573,-1.61821,0.212589,0.794773,-1.86069,-0.062709,0.891316,-1.67411,0.0700489,0.68253,-1.70291,0,0,0,0,0,0,0,0,0,0,0,0,0,0,0,0,0,0,0,0,0,0,0,0
1770178401284826633,-0.109236,1.06349,-1.61604,0.212584,0.794768,-1.86069,-0.0603385,0.893537,-1.6764,0.0689975,0.68153,-1.70392,0,0,0,0,0,0,0,0,0,0,0,0,0,0,0,0,0,0,0,0,0,0,0,0
1770178401304902627,-0.106865,1.06573,-1.61821,0.212589,0.794773,-1.86069,-0.062709,0.891316,-1.67411,0.0700487,0.68253,-1.70291,0,0,0,0,0,0,0,0,0,0,0,0,0,0,0,0,0,0,0,0,0,0,0,0
1770178401324976829,-0.109236,1.06349,-1.61604,0.212584,0.794768,-1.86069,-0.0603385,0.893537,-1.6764,0.0689977,0.68153,-1.70392,0,0,0,0,0,0,0,0,0,0,0,0,0,0,0,0,0,0,0,0,0,0,0,0
1770178401345055512,-0.106865,1.06573,-1.61821,0.212589,0.794773,-1.86069,-0.062709,0.891316,-1.67411,0.0700486,0.68253,-1.70292,0,0,0,0,0,0,0,0,0,0,0,0,0,0,0,0,0,0,0,0,0,0,0,0
1770178401365131922,-0.109236,1.06349,-1.61604,0.212584,0.794768,-1.86069,-0.0603385,0.893537,-1.6764,0.0689978,0.68153,-1.70392,0,0,0,0,0,0,0,0,0,0,0,0,0,0,0,0,0,0,0,0,0,0,0,0
1770178401385206189,-0.106865,1.06573,-1.61821,0.212589,0.794773,-1.86069,-0.062709,0.891316,-1.67411,0.0700485,0.68253,-1.70292,0,0,0,0,0,0,0,0,0,0,0,0,0,0,0,0,0,0,0,0,0,0,0,0
1770178401405279175,-0.109236,1.06349,-1.61604,0.212584,0.794768,-1.86069,-0.0603385,0.893537,-1.6764,0.0689979,0.68153,-1.70392,0,0,0,0,0,0,0,0,0,0,0,0,0,0,0,0,0,0,0,0,0,0,0,0
1770178401425350241,-0.106865,1.06573,-1.61821,0.212589,0.794773,-1.86069,-0.062709,0.891316,-1.67411,0.0700484,0.682529,-1.70292,0,0,0,0,0,0,0,0,0,0,0,0,0,0,0,0,0,0,0,0,0,0,0,0
1770178401445422428,-0.109236,1.06349,-1.61604,0.212584,0.794768,-1.86069,-0.0603385,0.893537,-1.6764,0.068998,0.68153,-1.70392,0,0,0,0,0,0,0,0,0,0,0,0,0,0,0,0,0,0,0,0,0,0,0,0
1770178401465497718,-0.106865,1.06573,-1.61821,0.212589,0.794773,-1.86069,-0.062709,0.891316,-1.67411,0.0700483,0.682529,-1.70292,0,0,0,0,0,0,0,0,0,0,0,0,0,0,0,0,0,0,0,0,0,0,0,0
1770178401485575473,-0.109236,1.06349,-1.61604,0.212584,0.794768,-1.86069,-0.0603385,0.893537,-1.6764,0.0689981,0.68153,-1.70392,0,0,0,0,0,0,0,0,0,0,0,0,0,0,0,0,0,0,0,0,0,0,0,0
1770178401505652043,-0.106865,1.06573,-1.61821,0.212589,0.794773,-1.86069,-0.062709,0.891316,-1.67411,0.0700482,0.682529,-1.70292,0,0,0,0,0,0,0,0,0,0,0,0,0,0,0,0,0,0,0,0,0,0,0,0
1770178401525730597,-0.109236,1.06349,-1.61604,0.212584,0.794768,-1.86069,-0.0603385,0.893537,-1.6764,0.0689982,0.68153,-1.70392,0,0,0,0,0,0,0,0,0,0,0,0,0,0,0,0,0,0,0,0,0,0,0,0
1770178401545802304,-0.106865,1.06573,-1.61821,0.212589,0.794773,-1.86069,-0.062709,0.891316,-1.67411,0.0700481,0.682529,-1.70292,0,0,0,0,0,0,0,0,0,0,0,0,0,0,0,0,0,0,0,0,0,0,0,0
1770178401565880346,-0.109236,1.06349,-1.61604,0.212584,0.794768,-1.86069,-0.0603385,0.893537,-1.6764,0.0689983,0.68153,-1.70392,0,0,0,0,0,0,0,0,0,0,0,0,0,0,0,0,0,0,0,0,0,0,0,0
1770178401585956821,-0.106865,1.06573,-1.61821,0.212589,0.794773,-1.86069,-0.062709,0.891316,-1.67411,0.070048,0.682529,-1.70292,0,0,0,0,0,0,0,0,0,0,0,0,0,0,0,0,0,0,0,0,0,0,0,0
1770178401606035983,-0.109236,1.06349,-1.61604,0.212584,0.794768,-1.86069,-0.0603385,0.893537,-1.6764,0.0689984,0.68153,-1.70392,0,0,0,0,0,0,0,0,0,0,0,0,0,0,0,0,0,0,0,0,0,0,0,0
1770178401626112554,-0.106865,1.06573,-1.61821,0.212589,0.794773,-1.86069,-0.062709,0.891316,-1.67411,0.0700479,0.682529,-1.70292,0,0,0,0,0,0,0,0,0,0,0,0,0,0,0,0,0,0,0,0,0,0,0,0
1770178401646190852,-0.109236,1.06349,-1.61604,0.212584,0.794768,-1.86069,-0.0603385,0.893537,-1.6764,0.0689984,0.681531,-1.70392,0,0,0,0,0,0,0,0,0,0,0,0,0,0,0,0,0,0,0,0,0,0,0,0
1770178401666268190,-0.106865,1.06573,-1.61821,0.212589,0.794773,-1.86069,-0.062709,0.891316,-1.67411,0.0700478,0.682529,-1.70292,0,0,0,0,0,0,0,0,0,0,0,0,0,0,0,0,0,0,0,0,0,0,0,0
1770178401686345337,-0.109236,1.06349,-1.61604,0.212584,0.794768,-1.86069,-0.0603385,0.893537,-1.6764,0.0689985,0.681531,-1.70392,0,0,0,0,0,0,0,0,0,0,0,0,0,0,0,0,0,0,0,0,0,0,0,0
1770178401706420915,-0.106865,1.06573,-1.61821,0.212589,0.794773,-1.86069,-0.062709,0.891316,-1.67411,0.0700477,0.682529,-1.70292,0,0,0,0,0,0,0,0,0,0,0,0,0,0,0,0,0,0,0,0,0,0,0,0
1770178401726498990,-0.109236,1.06349,-1.61604,0.212585,0.794768,-1.86069,-0.0603385,0.893537,-1.6764,0.0689986,0.681531,-1.70392,0,0,0,0,0,0,0,0,0,0,0,0,0,0,0,0,0,0,0,0,0,0,0,0
1770178401746576744,-0.106865,1.06573,-1.61821,0.212589,0.794772,-1.86069,-0.062709,0.891316,-1.67411,0.0700476,0.682529,-1.70292,0,0,0,0,0,0,0,0,0,0,0,0,0,0,0,0,0,0,0,0,0,0,0,0
1770178401766651107,-0.109236,1.06349,-1.61604,0.212585,0.794768,-1.86069,-0.0603385,0.893537,-1.6764,0.0689987,0.681531,-1.70392,0,0,0,0,0,0,0,0,0,0,0,0,0,0,0,0,0,0,0,0,0,0,0,0
1770178401786729021,-0.106865,1.06573,-1.61821,0.212589,0.794772,-1.86069,-0.062709,0.891316,-1.67411,0.0700475,0.682529,-1.70292,0,0,0,0,0,0,0,0,0,0,0,0,0,0,0,0,0,0,0,0,0,0,0,0
1770178401806804951,-0.109236,1.06349,-1.61604,0.212585,0.794768,-1.86069,-0.0603385,0.893537,-1.6764,0.0689988,0.681531,-1.70392,0,0,0,0,0,0,0,0,0,0,0,0,0,0,0,0,0,0,0,0,0,0,0,0
1770178401826883634,-0.106865,1.06573,-1.61821,0.212589,0.794772,-1.86069,-0.062709,0.891316,-1.67411,0.0700474,0.682529,-1.70292,0,0,0,0,0,0,0,0,0,0,0,0,0,0,0,0,0,0,0,0,0,0,0,0
1770178401846960108,-0.109236,1.06349,-1.61604,0.212585,0.794768,-1.86069,-0.0603385,0.893537,-1.6764,0.0689988,0.681531,-1.70392,0,0,0,0,0,0,0,0,0,0,0,0,0,0,0,0,0,0,0,0,0,0,0,0
1770178401867035879,-0.106865,1.06573,-1.61821,0.212589,0.794772,-1.86069,-0.062709,0.891316,-1.67411,0.0700474,0.682528,-1.70292,0,0,0,0,0,0,0,0,0,0,0,0,0,0,0,0,0,0,0,0,0,0,0,0
1770178401887117377,-0.109236,1.06349,-1.61604,0.212585,0.794768,-1.86069,-0.0603385,0.893537,-1.6764,0.0689989,0.681531,-1.70392,0,0,0,0,0,0,0,0,0,0,0,0,0,0,0,0,0,0,0,0,0,0,0,0
1770178401907191932,-0.106865,1.06573,-1.61821,0.212589,0.794772,-1.86069,-0.062709,0.891316,-1.67411,0.0700473,0.682528,-1.70292,0,0,0,0,0,0,0,0,0,0,0,0,0,0,0,0,0,0,0,0,0,0,0,0
1770178401927270422,-0.109236,1.06349,-1.61604,0.212585,0.794768,-1.86069,-0.0603385,0.893537,-1.6764,0.068999,0.681531,-1.70391,0,0,0,0,0,0,0,0,0,0,0,0,0,0,0,0,0,0,0,0,0,0,0,0
1770178401947345233,-0.106865,1.06573,-1.61821,0.212589,0.794772,-1.86069,-0.062709,0.891316,-1.67411,0.0700472,0.682528,-1.70292,0,0,0,0,0,0,0,0,0,0,0,0,0,0,0,0,0,0,0,0,0,0,0,0
1770178401967422027,-0.109236,1.06349,-1.61604,0.212585,0.794768,-1.86069,-0.0603385,0.893537,-1.6764,0.068999,0.681531,-1.70391,0,0,0,0,0,0,0,0,0,0,0,0,0,0,0,0,0,0,0,0,0,0,0,0
1770178401987499077,-0.106865,1.06573,-1.61821,0.212589,0.794772,-1.86069,-0.062709,0.891316,-1.67411,0.0700471,0.682528,-1.70292,0,0,0,0,0,0,0,0,0,0,0,0,0,0,0,0,0,0,0,0,0,0,0,0
1770178402007577280,-0.109236,1.06349,-1.61604,0.212585,0.794768,-1.86069,-0.0603385,0.893537,-1.6764,0.0689991,0.681531,-1.70391,0,0,0,0,0,0,0,0,0,0,0,0,0,0,0,0,0,0,0,0,0,0,0,0
1770178402027657658,-0.106865,1.06573,-1.61821,0.212589,0.794772,-1.86069,-0.062709,0.891316,-1.67411,0.0700471,0.682528,-1.70292,0,0,0,0,0,0,0,0,0,0,0,0,0,0,0,0,0,0,0,0,0,0,0,0
1770178402047737653,-0.109236,1.06349,-1.61604,0.212585,0.794768,-1.86069,-0.0603385,0.893537,-1.6764,0.0689992,0.681531,-1.70391,0,0,0,0,0,0,0,0,0,0,0,0,0,0,0,0,0,0,0,0,0,0,0,0
1770178402067812719,-0.106865,1.06573,-1.61821,0.212589,0.794772,-1.86069,-0.062709,0.891316,-1.67411,0.070047,0.682528,-1.70292,0,0,0,0,0,0,0,0,0,0,0,0,0,0,0,0,0,0,0,0,0,0,0,0
1770178402087890762,-0.109236,1.06349,-1.61604,0.212585,0.794768,-1.86069,-0.0603385,0.893537,-1.6764,0.0689992,0.681531,-1.70391,0,0,0,0,0,0,0,0,0,0,0,0,0,0,0,0,0,0,0,0,0,0,0,0
1770178402107970788,-0.106865,1.06573,-1.61821,0.212589,0.794772,-1.86069,-0.062709,0.891316,-1.67411,0.0700469,0.682528,-1.70292,0,0,0,0,0,0,0,0,0,0,0,0,0,0,0,0,0,0,0,0,0,0,0,0
1770178402128048095,-0.109236,1.06349,-1.61604,0.212585,0.794768,-1.86069,-0.0603385,0.893537,-1.6764,0.0689993,0.681531,-1.70391,0,0,0,0,0,0,0,0,0,0,0,0,0,0,0,0,0,0,0,0,0,0,0,0
1770178402148124985,-0.106865,1.06573,-1.61821,0.212589,0.794772,-1.86069,-0.062709,0.891316,-1.67411,0.0700469,0.682528,-1.70292,0,0,0,0,0,0,0,0,0,0,0,0,0,0,0,0,0,0,0,0,0,0,0,0
1770178402168203700,-0.109236,1.06349,-1.61604,0.212585,0.794768,-1.86069,-0.0603385,0.893537,-1.6764,0.0689994,0.681531,-1.70391,0,0,0,0,0,0,0,0,0,0,0,0,0,0,0,0,0,0,0,0,0,0,0,0
1770178402188277102,-0.106865,1.06573,-1.61821,0.212589,0.794772,-1.86069,-0.062709,0.891316,-1.67411,0.0700468,0.682528,-1.70292,0,0,0,0,0,0,0,0,0,0,0,0,0,0,0,0,0,0,0,0,0,0,0,0
1770178402208356840,-0.109236,1.06349,-1.61604,0.212585,0.794768,-1.86069,-0.0603385,0.893537,-1.6764,0.0689994,0.681531,-1.70391,0,0,0,0,0,0,0,0,0,0,0,0,0,0,0,0,0,0,0,0,0,0,0,0
1770178402228431459,-0.106865,1.06573,-1.61821,0.212589,0.794772,-1.86069,-0.062709,0.891316,-1.67411,0.0700467,0.682528,-1.70292,0,0,0,0,0,0,0,0,0,0,0,0,0,0,0,0,0,0,0,0,0,0,0,0
1770178402248510269,-0.109236,1.06349,-1.61604,0.212585,0.794768,-1.86069,-0.0603385,0.893537,-1.6764,0.0689995,0.681531,-1.70391,0,0,0,0,0,0,0,0,0,0,0,0,0,0,0,0,0,0,0,0,0,0,0,0
1770178402268586200,-0.106865,1.06573,-1.61821,0.212589,0.794772,-1.86069,-0.062709,0.891316,-1.67411,0.0700467,0.682528,-1.70292,0,0,0,0,0,0,0,0,0,0,0,0,0,0,0,0,0,0,0,0,0,0,0,0
1770178402288670642,-0.109236,1.06349,-1.61604,0.212585,0.794768,-1.86069,-0.0603385,0.893537,-1.6764,0.0689995,0.681532,-1.70391,0,0,0,0,0,0,0,0,0,0,0,0,0,0,0,0,0,0,0,0,0,0,0,0
1770178402308747917,-0.106865,1.06573,-1.61821,0.212589,0.794772,-1.86069,-0.062709,0.891316,-1.67411,0.0700466,0.682528,-1.70292,0,0,0,0,0,0,0,0,0,0,0,0,0,0,0,0,0,0,0,0,0,0,0,0
1770178402328826023,-0.109236,1.06349,-1.61604,0.212585,0.794768,-1.86069,-0.0603385,0.893537,-1.6764,0.0689996,0.681532,-1.70391,0,0,0,0,0,0,0,0,0,0,0,0,0,0,0,0,0,0,0,0,0,0,0,0
1770178402348904066,-0.106865,1.06573,-1.61821,0.212589,0.794772,-1.86069,-0.062709,0.891316,-1.67411,0.0700466,0.682528,-1.70292,0,0,0,0,0,0,0,0,0,0,0,0,0,0,0,0,0,0,0,0,0,0,0,0
1770178402368978044,-0.109236,1.06349,-1.61604,0.212585,0.794768,-1.86069,-0.0603385,0.893537,-1.6764,0.0689996,0.681532,-1.70391,0,0,0,0,0,0,0,0,0,0,0,0,0,0,0,0,0,0,0,0,0,0,0,0
1770178402389056374,-0.106865,1.06573,-1.61821,0.212589,0.794772,-1.86069,-0.062709,0.891316,-1.67411,0.0700465,0.682528,-1.70292,0,0,0,0,0,0,0,0,0,0,0,0,0,0,0,0,0,0,0,0,0,0,0,0
1770178402409132977,-0.109236,1.06349,-1.61604,0.212585,0.794768,-1.86069,-0.0603385,0.893537,-1.6764,0.0689997,0.681532,-1.70391,0,0,0,0,0,0,0,0,0,0,0,0,0,0,0,0,0,0,0,0,0,0,0,0
1770178402429212267,-0.106865,1.06573,-1.61821,0.212589,0.794772,-1.86069,-0.062709,0.891316,-1.67411,0.0700465,0.682528,-1.70292,0,0,0,0,0,0,0,0,0,0,0,0,0,0,0,0,0,0,0,0,0,0,0,0
1770178402449290918,-0.109236,1.06349,-1.61604,0.212585,0.794768,-1.86069,-0.0603385,0.893537,-1.6764,0.0689997,0.681532,-1.70391,0,0,0,0,0,0,0,0,0,0,0,0,0,0,0,0,0,0,0,0,0,0,0,0
1770178402469369792,-0.106865,1.06573,-1.61821,0.212589,0.794772,-1.86069,-0.062709,0.891316,-1.67411,0.0700464,0.682528,-1.70292,0,0,0,0,0,0,0,0,0,0,0,0,0,0,0,0,0,0,0,0,0,0,0,0
1770178402489447579,-0.109236,1.06349,-1.61604,0.212585,0.794768,-1.86069,-0.0603385,0.893537,-1.6764,0.0689998,0.681532,-1.70391,0,0,0,0,0,0,0,0,0,0,0,0,0,0,0,0,0,0,0,0,0,0,0,0
1770178402509526773,-0.106865,1.06573,-1.61821,0.212589,0.794772,-1.86069,-0.062709,0.891316,-1.67411,0.0700464,0.682527,-1.70292,0,0,0,0,0,0,0,0,0,0,0,0,0,0,0,0,0,0,0,0,0,0,0,0
1770178402529604816,-0.109236,1.06349,-1.61604,0.212585,0.794768,-1.86069,-0.0603385,0.893537,-1.6764,0.0689998,0.681532,-1.70391,0,0,0,0,0,0,0,0,0,0,0,0,0,0,0,0,0,0,0,0,0,0,0,0
1770178402549683306,-0.106865,1.06573,-1.61821,0.212589,0.794772,-1.86069,-0.062709,0.891316,-1.67411,0.0700463,0.682527,-1.70292,0,0,0,0,0,0,0,0,0,0,0,0,0,0,0,0,0,0,0,0,0,0,0,0
1770178402569771941,-0.109236,1.06349,-1.61604,0.212585,0.794768,-1.86069,-0.0603385,0.893537,-1.6764,0.0689998,0.681532,-1.70391,0,0,0,0,0,0,0,0,0,0,0,0,0,0,0,0,0,0,0,0,0,0,0,0
1770178402589852639,-0.106865,1.06573,-1.61821,0.212589,0.794772,-1.86069,-0.062709,0.891316,-1.67411,0.0700463,0.682527,-1.70292,0,0,0,0,0,0,0,0,0,0,0,0,0,0,0,0,0,0,0,0,0,0,0,0
1770178402609935834,-0.109236,1.06349,-1.61604,0.212585,0.794768,-1.86069,-0.0603385,0.893537,-1.6764,0.0689999,0.681532,-1.70391,0,0,0,0,0,0,0,0,0,0,0,0,0,0,0,0,0,0,0,0,0,0,0,0
1770178402630014036,-0.106865,1.06573,-1.61821,0.212589,0.794772,-1.86069,-0.062709,0.891316,-1.67411,0.0700462,0.682527,-1.70292,0,0,0,0,0,0,0,0,0,0,0,0,0,0,0,0,0,0,0,0,0,0,0,0
1770178402650091631,-0.109236,1.06349,-1.61604,0.212585,0.794768,-1.86069,-0.0603385,0.893537,-1.6764,0.0689999,0.681532,-1.70391,0,0,0,0,0,0,0,0,0,0,0,0,0,0,0,0,0,0,0,0,0,0,0,0
1770178402670171625,-0.106865,1.06573,-1.61821,0.212589,0.794772,-1.86069,-0.062709,0.891316,-1.67411,0.0700462,0.682527,-1.70292,0,0,0,0,0,0,0,0,0,0,0,0,0,0,0,0,0,0,0,0,0,0,0,0
1770178402690250212,-0.109236,1.06349,-1.61604,0.212585,0.794768,-1.86069,-0.0603385,0.893537,-1.6764,0.069,0.681532,-1.70391,0,0,0,0,0,0,0,0,0,0,0,0,0,0,0,0,0,0,0,0,0,0,0,0
1770178402710328798,-0.106865,1.06573,-1.61821,0.212589,0.794772,-1.86069,-0.062709,0.891316,-1.67411,0.0700461,0.682527,-1.70292,0,0,0,0,0,0,0,0,0,0,0,0,0,0,0,0,0,0,0,0,0,0,0,0
1770178402730404121,-0.109236,1.06349,-1.61604,0.212585,0.794768,-1.86069,-0.0603385,0.893537,-1.6764,0.069,0.681532,-1.70391,0,0,0,0,0,0,0,0,0,0,0,0,0,0,0,0,0,0,0,0,0,0,0,0
1770178402750482707,-0.106865,1.06573,-1.61821,0.212589,0.794772,-1.86069,-0.062709,0.891316,-1.67411,0.0700461,0.682527,-1.70292,0,0,0,0,0,0,0,0,0,0,0,0,0,0,0,0,0,0,0,0,0,0,0,0
1770178402770560942,-0.109236,1.06349,-1.61604,0.212585,0.794768,-1.86069,-0.0603385,0.893537,-1.6764,0.069,0.681532,-1.70391,0,0,0,0,0,0,0,0,0,0,0,0,0,0,0,0,0,0,0,0,0,0,0,0
1770178402790639240,-0.106865,1.06573,-1.61821,0.212589,0.794772,-1.86069,-0.062709,0.891316,-1.67411,0.0700461,0.682527,-1.70292,0,0,0,0,0,0,0,0,0,0,0,0,0,0,0,0,0,0,0,0,0,0,0,0
1770178402810718435,-0.109236,1.06349,-1.61604,0.212585,0.794768,-1.86069,-0.0603385,0.893537,-1.6764,0.0690001,0.681532,-1.70391,0,0,0,0,0,0,0,0,0,0,0,0,0,0,0,0,0,0,0,0,0,0,0,0
1770178402830793917,-0.106865,1.06573,-1.61821,0.212589,0.794772,-1.86069,-0.062709,0.891316,-1.67411,0.070046,0.682527,-1.70292,0,0,0,0,0,0,0,0,0,0,0,0,0,0,0,0,0,0,0,0,0,0,0,0
1770178402850871927,-0.109236,1.06349,-1.61604,0.212585,0.794768,-1.86069,-0.0603385,0.893537,-1.6764,0.0690001,0.681532,-1.70391,0,0,0,0,0,0,0,0,0,0,0,0,0,0,0,0,0,0,0,0,0,0,0,0
1770178402870947954,-0.106865,1.06573,-1.61821,0.212589,0.794772,-1.86069,-0.062709,0.891316,-1.67411,0.070046,0.682527,-1.70292,0,0,0,0,0,0,0,0,0,0,0,0,0,0,0,0,0,0,0,0,0,0,0,0
1770178402891034380,-0.109236,1.06349,-1.61604,0.212585,0.794768,-1.86069,-0.0603385,0.893537,-1.6764,0.0690001,0.681532,-1.70391,0,0,0,0,0,0,0,0,0,0,0,0,0,0,0,0,0,0,0,0,0,0,0,0
1770178402911112039,-0.106865,1.06573,-1.61821,0.212589,0.794772,-1.86069,-0.062709,0.891316,-1.67411,0.0700459,0.682527,-1.70292,0,0,0,0,0,0,0,0,0,0,0,0,0,0,0,0,0,0,0,0,0,0,0,0
1770178402931187201,-0.109236,1.06349,-1.61604,0.212585,0.794768,-1.86069,-0.0603385,0.893537,-1.6764,0.0690002,0.681532,-1.70391,0,0,0,0,0,0,0,0,0,0,0,0,0,0,0,0,0,0,0,0,0,0,0,0
1770178402951264508,-0.106865,1.06573,-1.61821,0.212589,0.794772,-1.86069,-0.062709,0.891316,-1.67411,0.0700459,0.682527,-1.70292,0,0,0,0,0,0,0,0,0,0,0,0,0,0,0,0,0,0,0,0,0,0,0,0
1770178402971341910,-0.109236,1.06349,-1.61604,0.212585,0.794768,-1.86069,-0.0603385,0.893537,-1.6764,0.0690002,0.681532,-1.70391,0,0,0,0,0,0,0,0,0,0,0,0,0,0,0,0,0,0,0,0,0,0,0,0
1770178402991416241,-0.106865,1.06573,-1.61821,0.212589,0.794772,-1.86069,-0.062709,0.891316,-1.67411,0.0700459,0.682527,-1.70292,0,0,0,0,0,0,0,0,0,0,0,0,0,0,0,0,0,0,0,0,0,0,0,0
1770178403011490859,-0.109236,1.06349,-1.61604,0.212585,0.794768,-1.86069,-0.0603385,0.893537,-1.6764,0.0690002,0.681532,-1.70391,0,0,0,0,0,0,0,0,0,0,0,0,0,0,0,0,0,0,0,0,0,0,0,0
1770178403031566341,-0.106865,1.06573,-1.61821,0.212589,0.794772,-1.86069,-0.062709,0.891316,-1.67411,0.0700458,0.682527,-1.70292,0,0,0,0,0,0,0,0,0,0,0,0,0,0,0,0,0,0,0,0,0,0,0,0
1770178403051654944,-0.109236,1.06349,-1.61604,0.212585,0.794768,-1.86069,-0.0603385,0.893537,-1.6764,0.0690003,0.681532,-1.70391,0,0,0,0,0,0,0,0,0,0,0,0,0,0,0,0,0,0,0,0,0,0,0,0
1770178403071734106,-0.106865,1.06573,-1.61821,0.212589,0.794772,-1.86069,-0.062709,0.891316,-1.67411,0.0700458,0.682527,-1.70292,0,0,0,0,0,0,0,0,0,0,0,0,0,0,0,0,0,0,0,0,0,0,0,0
1770178403091808757,-0.109236,1.06349,-1.61604,0.212585,0.794768,-1.86069,-0.0603385,0.893537,-1.6764,0.0690003,0.681532,-1.70391,0,0,0,0,0,0,0,0,0,0,0,0,0,0,0,0,0,0,0,0,0,0,0,0
1770178403111885839,-0.106865,1.06573,-1.61821,0.212589,0.794772,-1.86069,-0.062709,0.891316,-1.67411,0.0700458,0.682527,-1.70292,0,0,0,0,0,0,0,0,0,0,0,0,0,0,0,0,0,0,0,0,0,0,0,0
1770178403131968810,-0.109236,1.06349,-1.61604,0.212585,0.794768,-1.86069,-0.0603385,0.893537,-1.6764,0.0690003,0.681532,-1.70391,0,0,0,0,0,0,0,0,0,0,0,0,0,0,0,0,0,0,0,0,0,0,0,0
1770178403152050276,-0.106865,1.06573,-1.61821,0.212588,0.794772,-1.86069,-0.062709,0.891316,-1.67411,0.0700458,0.682527,-1.70292,0,0,0,0,0,0,0,0,0,0,0,0,0,0,0,0,0,0,0,0,0,0,0,0
1770178403172120127,-0.109236,1.06349,-1.61604,0.212585,0.794769,-1.86069,-0.0603385,0.893537,-1.6764,0.0690004,0.681532,-1.70391,0,0,0,0,0,0,0,0,0,0,0,0,0,0,0,0,0,0,0,0,0,0,0,0
1770178403192196281,-0.106865,1.06573,-1.61821,0.212588,0.794772,-1.86069,-0.062709,0.891316,-1.67411,0.0700457,0.682527,-1.70292,0,0,0,0,0,0,0,0,0,0,0,0,0,0,0,0,0,0,0,0,0,0,0,0
1770178403212279572,-0.109236,1.06349,-1.61604,0.212585,0.794769,-1.86069,-0.0603385,0.893537,-1.6764,0.0690004,0.681532,-1.70391,0,0,0,0,0,0,0,0,0,0,0,0,0,0,0,0,0,0,0,0,0,0,0,0
1770178403232352494,-0.106865,1.06573,-1.61821,0.212588,0.794772,-1.86069,-0.062709,0.891316,-1.67411,0.0700457,0.682527,-1.70292,0,0,0,0,0,0,0,0,0,0,0,0,0,0,0,0,0,0,0,0,0,0,0,0
1770178403252427112,-0.109236,1.06349,-1.61604,0.212585,0.794769,-1.86069,-0.0603385,0.893537,-1.6764,0.0690004,0.681532,-1.70391,0,0,0,0,0,0,0,0,0,0,0,0,0,0,0,0,0,0,0,0,0,0,0,0
1770178403272505475,-0.106865,1.06573,-1.61821,0.212588,0.794772,-1.86069,-0.062709,0.891316,-1.67411,0.0700457,0.682527,-1.70292,0,0,0,0,0,0,0,0,0,0,0,0,0,0,0,0,0,0,0,0,0,0,0,0
1770178403292578525,-0.109236,1.06349,-1.61604,0.212585,0.794769,-1.86069,-0.0603385,0.893537,-1.6764,0.0690004,0.681532,-1.70391,0,0,0,0,0,0,0,0,0,0,0,0,0,0,0,0,0,0,0,0,0,0,0,0
1770178403312652888,-0.106865,1.06573,-1.61821,0.212588,0.794772,-1.86069,-0.062709,0.891316,-1.67411,0.0700456,0.682527,-1.70292,0,0,0,0,0,0,0,0,0,0,0,0,0,0,0,0,0,0,0,0,0,0,0,0
1770178403332733042,-0.109236,1.06349,-1.61604,0.212585,0.794769,-1.86069,-0.0603385,0.893537,-1.6764,0.0690005,0.681532,-1.70391,0,0,0,0,0,0,0,0,0,0,0,0,0,0,0,0,0,0,0,0,0,0,0,0
1770178403352806636,-0.106865,1.06573,-1.61821,0.212588,0.794772,-1.86069,-0.062709,0.891316,-1.67411,0.0700456,0.682527,-1.70292,0,0,0,0,0,0,0,0,0,0,0,0,0,0,0,0,0,0,0,0,0,0,0,0
1770178403372889863,-0.109236,1.06349,-1.61604,0.212585,0.794769,-1.86069,-0.0603385,0.893537,-1.6764,0.0690005,0.681532,-1.70391,0,0,0,0,0,0,0,0,0,0,0,0,0,0,0,0,0,0,0,0,0,0,0,0
1770178403392968066,-0.106865,1.06573,-1.61821,0.212588,0.794772,-1.86069,-0.062709,0.891316,-1.67411,0.0700456,0.682527,-1.70292,0,0,0,0,0,0,0,0,0,0,0,0,0,0,0,0,0,0,0,0,0,0,0,0
1770178403413049180,-0.109236,1.06349,-1.61604,0.212585,0.794769,-1.86069,-0.0603385,0.893537,-1.6764,0.0690005,0.681532,-1.70391,0,0,0,0,0,0,0,0,0,0,0,0,0,0,0,0,0,0,0,0,0,0,0,0
1770178403433130423,-0.106865,1.06573,-1.61821,0.212588,0.794772,-1.86069,-0.062709,0.891316,-1.67411,0.0700456,0.682527,-1.70292,0,0,0,0,0,0,0,0,0,0,0,0,0,0,0,0,0,0,0,0,0,0,0,0
1770178403453209009,-0.109236,1.06349,-1.61604,0.212585,0.794769,-1.86069,-0.0603385,0.893537,-1.6764,0.0690005,0.681533,-1.70391,0,0,0,0,0,0,0,0,0,0,0,0,0,0,0,0,0,0,0,0,0,0,0,0
1770178403473290508,-0.106865,1.06573,-1.61821,0.212588,0.794772,-1.86069,-0.062709,0.891316,-1.67411,0.0700455,0.682527,-1.70292,0,0,0,0,0,0,0,0,0,0,0,0,0,0,0,0,0,0,0,0,0,0,0,0
1770178403493370246,-0.109236,1.06349,-1.61604,0.212585,0.794769,-1.86069,-0.0603385,0.893537,-1.6764,0.0690005,0.681533,-1.70391,0,0,0,0,0,0,0,0,0,0,0,0,0,0,0,0,0,0,0,0,0,0,0,0
1770178403513445824,-0.106865,1.06573,-1.61821,0.212588,0.794772,-1.86069,-0.062709,0.891316,-1.67411,0.0700455,0.682527,-1.70292,0,0,0,0,0,0,0,0,0,0,0,0,0,0,0,0,0,0,0,0,0,0,0,0
1770178403533524635,-0.109236,1.06349,-1.61604,0.212585,0.794769,-1.86069,-0.0603385,0.893537,-1.6764,0.0690006,0.681533,-1.70391,0,0,0,0,0,0,0,0,0,0,0,0,0,0,0,0,0,0,0,0,0,0,0,0
1770178403553601429,-0.106865,1.06573,-1.61821,0.212588,0.794772,-1.86069,-0.062709,0.891316,-1.67411,0.0700455,0.682527,-1.70292,0,0,0,0,0,0,0,0,0,0,0,0,0,0,0,0,0,0,0,0,0,0,0,0
1770178403573683792,-0.109236,1.06349,-1.61604,0.212585,0.794769,-1.86069,-0.0603385,0.893537,-1.6764,0.0690006,0.681533,-1.70391,0,0,0,0,0,0,0,0,0,0,0,0,0,0,0,0,0,0,0,0,0,0,0,0
1770178403593764522,-0.106865,1.06573,-1.61821,0.212588,0.794772,-1.86069,-0.062709,0.891316,-1.67411,0.0700455,0.682527,-1.70292,0,0,0,0,0,0,0,0,0,0,0,0,0,0,0,0,0,0,0,0,0,0,0,0
1770178403613846213,-0.109236,1.06349,-1.61604,0.212585,0.794769,-1.86069,-0.0603385,0.893537,-1.6764,0.0690006,0.681533,-1.70391,0,0,0,0,0,0,0,0,0,0,0,0,0,0,0,0,0,0,0,0,0,0,0,0
1770178403633936800,-0.106865,1.06573,-1.61821,0.212588,0.794772,-1.86069,-0.062709,0.891316,-1.67411,0.0700455,0.682527,-1.70292,0,0,0,0,0,0,0,0,0,0,0,0,0,0,0,0,0,0,0,0,0,0,0,0
1770178403654019962,-0.109236,1.06349,-1.61604,0.212585,0.794769,-1.86069,-0.0603385,0.893537,-1.6764,0.0690006,0.681533,-1.70391,0,0,0,0,0,0,0,0,0,0,0,0,0,0,0,0,0,0,0,0,0,0,0,0
1770178403674109813,-0.106865,1.06573,-1.61821,0.212588,0.794772,-1.86069,-0.062709,0.891316,-1.67411,0.0700454,0.682527,-1.70292,0,0,0,0,0,0,0,0,0,0,0,0,0,0,0,0,0,0,0,0,0,0,0,0
1770178408707648330,-0.376074,0.99582,-1.98054,0.180316,0.567715,-1.87759,0.158644,0.779064,-1.91637,0.0318773,1.49617,-1.77154,0,0,0,0,0,0,0,0,0,0,0,0,0,0,0,0,0,0,0,0,0,0,0,0
1770178408727729316,-0.387669,0.994328,-1.99452,0.161313,0.574147,-1.87325,0.157498,0.779317,-1.91551,0.0236441,1.52762,-1.78573,0,0,0,0,0,0,0,0,0,0,0,0,0,0,0,0,0,0,0,0,0,0,0,0
1770178408747776638,-0.384326,0.994746,-1.99123,0.161454,0.570452,-1.87655,0.15865,0.778771,-1.91606,0.0210852,1.52744,-1.78533,0,0,0,0,0,0,0,0,0,0,0,0,0,0,0,0,0,0,0,0,0,0,0,0
1770178408767858233,-0.386888,0.992134,-1.99373,0.16291,0.572208,-1.87466,0.15746,0.779352,-1.91555,0.0235764,1.52749,-1.78597,0,0,0,0,0,0,0,0,0,0,0,0,0,0,0,0,0,0,0,0,0,0,0,0
1770178408787929811,-0.384231,0.994712,-1.99116,0.161187,0.570307,-1.8766,0.1587,0.77877,-1.91605,0.0211559,1.52753,-1.78516,0,0,0,0,0,0,0,0,0,0,0,0,0,0,0,0,0,0,0,0,0,0,0,0
1770178408808002317,-0.386907,0.992076,-1.99376,0.158519,0.567659,-1.87392,0.157416,0.779351,-1.91556,0.0235808,1.52738,-1.78617,0,0,0,0,0,0,0,0,0,0,0,0,0,0,0,0,0,0,0,0,0,0,0,0
1770178408828077320,-0.38419,0.994752,-1.99112,0.161125,0.570267,-1.87657,0.158754,0.778774,-1.91604,0.0211446,1.5276,-1.78505,0,0,0,0,0,0,0,0,0,0,0,0,0,0,0,0,0,0,0,0,0,0,0,0
1770178408848155106,-0.386896,0.992073,-1.99376,0.158495,0.567597,-1.87391,0.15737,0.779348,-1.91557,0.0236137,1.5273,-1.78632,0,0,0,0,0,0,0,0,0,0,0,0,0,0,0,0,0,0,0,0,0,0,0,0
1770178408868234685,-0.384193,0.994748,-1.99113,0.161156,0.570301,-1.8766,0.15881,0.77878,-1.91603,0.0211041,1.52767,-1.78497,0,0,0,0,0,0,0,0,0,0,0,0,0,0,0,0,0,0,0,0,0,0,0,0
1770178408888312695,-0.386903,0.992069,-1.99376,0.158497,0.567612,-1.87391,0.157325,0.779342,-1.91558,0.0236559,1.52722,-1.78642,0,0,0,0,0,0,0,0,0,0,0,0,0,0,0,0,0,0,0,0,0,0,0,0
1770178408908386162,-0.384188,0.994754,-1.99112,0.16115,0.570295,-1.8766,0.158867,0.77879,-1.91601,0.0210569,1.52773,-1.78493,0,0,0,0,0,0,0,0,0,0,0,0,0,0,0,0,0,0,0,0,0,0,0,0
1770178408928463468,-0.386891,0.992076,-1.99376,0.158493,0.567603,-1.87391,0.157281,0.779333,-1.91559,0.0236991,1.52714,-1.78647,0,0,0,0,0,0,0,0,0,0,0,0,0,0,0,0,0,0,0,0,0,0,0,0
1770178408948542535,-0.384198,0.994744,-1.99113,0.161156,0.570301,-1.8766,0.158923,0.778802,-1.91599,0.0210122,1.52779,-1.78492,0,0,0,0,0,0,0,0,0,0,0,0,0,0,0,0,0,0,0,0,0,0,0,0
1770178408968615073,-0.386908,0.992067,-1.99376,0.158497,0.567611,-1.87391,0.157241,0.779321,-1.91561,0.0237412,1.52707,-1.78649,0,0,0,0,0,0,0,0,0,0,0,0,0,0,0,0,0,0,0,0,0,0,0,0
1770178408988688443,-0.384184,0.994757,-1.99112,0.16115,0.570295,-1.8766,0.158976,0.778817,-1.91597,0.0209719,1.52786,-1.78493,0,0,0,0,0,0,0,0,0,0,0,0,0,0,0,0,0,0,0,0,0,0,0,0
1770178409008766902,-0.386874,0.992087,-1.99374,0.158493,0.567603,-1.87391,0.157205,0.779306,-1.91563,0.023783,1.52699,-1.78648,0,0,0,0,0,0,0,0,0,0,0,0,0,0,0,0,0,0,0,0,0,0,0,0
1770178409028847216,-0.384213,0.994729,-1.99114,0.161155,0.570301,-1.8766,0.159025,0.778834,-1.91594,0.0209349,1.52793,-1.78495,0,0,0,0,0,0,0,0,0,0,0,0,0,0,0,0,0,0,0,0,0,0,0,0
1770178409048927179,-0.386912,0.992068,-1.99376,0.158497,0.567611,-1.87391,0.157175,0.779288,-1.91565,0.0238254,1.52692,-1.78647,0,0,0,0,0,0,0,0,0,0,0,0,0,0,0,0,0,0,0,0,0,0,0,0
1770178409069003557,-0.384183,0.994759,-1.99111,0.16115,0.570295,-1.8766,0.159067,0.778855,-1.91591,0.0209001,1.52801,-1.78496,0,0,0,0,0,0,0,0,0,0,0,0,0,0,0,0,0,0,0,0,0,0,0,0
1770178409089085792,-0.386866,0.992093,-1.99374,0.158493,0.567603,-1.87391,0.157151,0.779267,-1.91568,0.0238692,1.52684,-1.78645,0,0,0,0,0,0,0,0,0,0,0,0,0,0,0,0,0,0,0,0,0,0,0,0
1770178409109165722,-0.384221,0.994722,-1.99115,0.161155,0.570301,-1.8766,0.159102,0.778878,-1.91588,0.0208676,1.52809,-1.78498,0,0,0,0,0,0,0,0,0,0,0,0,0,0,0,0,0,0,0,0,0,0,0,0
1770178409129246453,-0.386911,0.992071,-1.99376,0.158497,0.567611,-1.87391,0.157134,0.779242,-1.9157,0.0239141,1.52676,-1.78643,0,0,0,0,0,0,0,0,0,0,0,0,0,0,0,0,0,0,0,0,0,0,0,0
1770178409149327791,-0.384185,0.994756,-1.99112,0.16115,0.570295,-1.8766,0.15913,0.778904,-1.91585,0.0208392,1.52817,-1.78501,0,0,0,0,0,0,0,0,0,0,0,0,0,0,0,0,0,0,0,0,0,0,0,0
1770178409169401674,-0.38688,0.992083,-1.99375,0.158493,0.567603,-1.87391,0.157123,0.779214,-1.91573,0.0239593,1.52668,-1.7864,0,0,0,0,0,0,0,0,0,0,0,0,0,0,0,0,0,0,0,0,0,0,0,0
1770178409189477124,-0.384208,0.994734,-1.99114,0.161155,0.570301,-1.8766,0.159152,0.778932,-1.91581,0.0208207,1.52825,-1.78503,0,0,0,0,0,0,0,0,0,0,0,0,0,0,0,0,0,0,0,0,0,0,0,0
1770178409209555966,-0.386912,0.992067,-1.99377,0.158497,0.567611,-1.87391,0.157116,0.779184,-1.91577,0.0240024,1.5266,-1.78637,0,0,0,0,0,0,0,0,0,0,0,0,0,0,0,0,0,0,0,0,0,0,0,0
1770178409229631769,-0.384182,0.99476,-1.99111,0.16115,0.570295,-1.8766,0.159167,0.778962,-1.91578,0.0208328,1.52834,-1.78505,0,0,0,0,0,0,0,0,0,0,0,0,0,0,0,0,0,0,0,0,0,0,0,0
1770178409249710227,-0.386859,0.992098,-1.99374,0.158493,0.567603,-1.87391,0.157115,0.77915,-1.9158,0.0240369,1.52653,-1.78634,0,0,0,0,0,0,0,0,0,0,0,0,0,0,0,0,0,0,0,0,0,0,0,0
1770178409269780622,-0.384227,0.994716,-1.99116,0.161155,0.5703,-1.8766,0.159177,0.778995,-1.91574,0.0209752,1.52846,-1.78509,0,0,0,0,0,0,0,0,0,0,0,0,0,0,0,0,0,0,0,0,0,0,0,0
1770178409289858152,-0.386909,0.992074,-1.99376,0.158497,0.567611,-1.87391,0.157117,0.779114,-1.91584,0.0240242,1.52647,-1.78628,0,0,0,0,0,0,0,0,0,0,0,0,0,0,0,0,0,0,0,0,0,0,0,0
1770178409309935747,-0.384188,0.994753,-1.99112,0.16115,0.570295,-1.8766,0.159183,0.779031,-1.9157,0.0208645,1.52849,-1.78511,0,0,0,0,0,0,0,0,0,0,0,0,0,0,0,0,0,0,0,0,0,0,0,0
1770178409330007453,-0.386891,0.992076,-1.99376,0.158493,0.567603,-1.87391,0.157122,0.779075,-1.91588,0.0240888,1.52641,-1.78626,0,0,0,0,0,0,0,0,0,0,0,0,0,0,0,0,0,0,0,0,0,0,0,0
1770178409350083287,-0.384198,0.994744,-1.99113,0.161155,0.5703,-1.8766,0.159185,0.779069,-1.91566,0.026454,1.52923,-1.78488,0,0,0,0,0,0,0,0,0,0,0,0,0,0,0,0,0,0,0,0,0,0,0,0
1770178409370155762,-0.386908,0.992067,-1.99376,0.158497,0.567611,-1.87391,0.157129,0.779034,-1.91593,0.0247533,1.52564,-1.78681,0,0,0,0,0,0,0,0,0,0,0,0,0,0,0,0,0,0,0,0,0,0,0,0
1770178409390228204,-0.384184,0.994757,-1.99112,0.16115,0.570295,-1.8766,0.159185,0.779109,-1.91561,0.0252535,1.52311,-1.78689,0,0,0,0,0,0,0,0,0,0,0,0,0,0,0,0,0,0,0,0,0,0,0,0
1770178409410307302,-0.386874,0.992087,-1.99374,0.158493,0.567603,-1.87391,0.157138,0.778989,-1.91597,0.0256808,1.52516,-1.78534,0,0,0,0,0,0,0,0,0,0,0,0,0,0,0,0,0,0,0,0,0,0,0,0
1770178409430386497,-0.384213,0.994729,-1.99114,0.161155,0.5703,-1.8766,0.159182,0.779152,-1.91556,0.0248755,1.52269,-1.78673,0,0,0,0,0,0,0,0,0,0,0,0,0,0,0,0,0,0,0,0,0,0,0,0
1770178409450459259,-0.386912,0.992068,-1.99376,0.158497,0.567611,-1.87391,0.157149,0.778943,-1.91602,0.0262735,1.52559,-1.78534,0,0,0,0,0,0,0,0,0,0,0,0,0,0,0,0,0,0,0,0,0,0,0,0
1770178409470531254,-0.384183,0.994759,-1.99111,0.16115,0.570295,-1.8766,0.159178,0.779197,-1.91551,0.0242512,1.52238,-1.78692,0,0,0,0,0,0,0,0,0,0,0,0,0,0,0,0,0,0,0,0,0,0,0,0
1770178409490606992,-0.386865,0.992094,-1.99374,0.158493,0.567603,-1.87391,0.15716,0.778894,-1.91607,0.02251,1.52416,-1.78508,0,0,0,0,0,0,0,0,0,0,0,0,0,0,0,0,0,0,0,0,0,0,0,0
1770178409510685354,-0.384221,0.994721,-1.99115,0.161155,0.5703,-1.8766,0.159172,0.779244,-1.91546,0.0227458,1.52365,-1.78731,0,0,0,0,0,0,0,0,0,0,0,0,0,0,0,0,0,0,0,0,0,0,0,0
1770178409530765253,-0.38691,0.992071,-1.99376,0.158497,0.567611,-1.87391,0.157173,0.778843,-1.91613,0.0224884,1.52444,-1.78579,0,0,0,0,0,0,0,0,0,0,0,0,0,0,0,0,0,0,0,0,0,0,0,0
1770178409550839999,-0.384185,0.994756,-1.99112,0.16115,0.570295,-1.8766,0.159165,0.779294,-1.91541,0.0224581,1.52383,-1.78719,0,0,0,0,0,0,0,0,0,0,0,0,0,0,0,0,0,0,0,0,0,0,0,0
1770178409570914266,-0.386881,0.992082,-1.99375,0.158493,0.567603,-1.87391,0.157186,0.778789,-1.91618,0.0225918,1.52447,-1.78604,0,0,0,0,0,0,0,0,0,0,0,0,0,0,0,0,0,0,0,0,0,0,0,0
1770178409590985556,-0.384207,0.994735,-1.99114,0.161155,0.5703,-1.8766,0.159157,0.779345,-1.91535,0.0223301,1.52386,-1.78706,0,0,0,0,0,0,0,0,0,0,0,0,0,0,0,0,0,0,0,0,0,0,0,0
1770178409611059534,-0.386912,0.992067,-1.99377,0.158497,0.56761,-1.87391,0.1572,0.778735,-1.91624,0.0226795,1.52447,-1.78618,0,0,0,0,0,0,0,0,0,0,0,0,0,0,0,0,0,0,0,0,0,0,0,0
1770178409631134761,-0.384182,0.99476,-1.99111,0.16115,0.570295,-1.8766,0.159147,0.779398,-1.91529,0.0222492,1.52387,-1.78698,0,0,0,0,0,0,0,0,0,0,0,0,0,0,0,0,0,0,0,0,0,0,0,0
1770178409651215651,-0.386859,0.992098,-1.99374,0.158493,0.567603,-1.87391,0.157214,0.778679,-1.9163,0.0227456,1.52447,-1.78627,0,0,0,0,0,0,0,0,0,0,0,0,0,0,0,0,0,0,0,0,0,0,0,0
1770178409671289886,-0.384227,0.994715,-1.99116,0.161155,0.5703,-1.8766,0.159137,0.779451,-1.91523,0.0221926,1.52388,-1.78692,0,0,0,0,0,0,0,0,0,0,0,0,0,0,0,0,0,0,0,0,0,0,0,0
1770178409691368184,-0.386909,0.992074,-1.99376,0.158497,0.56761,-1.87391,0.157228,0.778622,-1.91636,0.0227957,1.52447,-1.78632,0,0,0,0,0,0,0,0,0,0,0,0,0,0,0,0,0,0,0,0,0,0,0,0
1770178409711444787,-0.384188,0.994753,-1.99112,0.16115,0.570295,-1.8766,0.159126,0.779505,-1.91517,0.022151,1.52387,-1.78688,0,0,0,0,0,0,0,0,0,0,0,0,0,0,0,0,0,0,0,0,0,0,0,0
1770178409731524621,-0.386892,0.992076,-1.99376,0.158494,0.567603,-1.87391,0.157242,0.778566,-1.91642,0.0228346,1.52447,-1.78636,0,0,0,0,0,0,0,0,0,0,0,0,0,0,0,0,0,0,0,0,0,0,0,0
1770178409751603656,-0.384198,0.994744,-1.99113,0.161155,0.5703,-1.8766,0.159114,0.779559,-1.91511,0.0221189,1.52387,-1.78685,0,0,0,0,0,0,0,0,0,0,0,0,0,0,0,0,0,0,0,0,0,0,0,0
1770178409771680962,-0.386908,0.992067,-1.99376,0.158497,0.56761,-1.87391,0.157256,0.778511,-1.91647,0.0228657,1.52448,-1.78638,0,0,0,0,0,0,0,0,0,0,0,0,0,0,0,0,0,0,0,0,0,0,0,0
1770178409791755452,-0.384184,0.994757,-1.99112,0.16115,0.570295,-1.8766,0.159103,0.779612,-1.91506,0.0220932,1.52386,-1.78684,0,0,0,0,0,0,0,0,0,0,0,0,0,0,0,0,0,0,0,0,0,0,0,0
1770178409811834615,-0.386876,0.992086,-1.99375,0.158494,0.567604,-1.87391,0.157269,0.778457,-1.91653,0.0228915,1.52448,-1.78639,0,0,0,0,0,0,0,0,0,0,0,0,0,0,0,0,0,0,0,0,0,0,0,0
1770178409831912273,-0.384212,0.99473,-1.99114,0.161155,0.5703,-1.8766,0.159091,0.779663,-1.915,0.0220716,1.52385,-1.78683,0,0,0,0,0,0,0,0,0,0,0,0,0,0,0,0,0,0,0,0,0,0,0,0
1770178409851995692,-0.386912,0.992068,-1.99376,0.158497,0.56761,-1.87391,0.157281,0.778405,-1.91658,0.0229137,1.52449,-1.7864,0,0,0,0,0,0,0,0,0,0,0,0,0,0,0,0,0,0,0,0,0,0,0,0
1770178409872069766,-0.384182,0.994759,-1.99111,0.16115,0.570296,-1.8766,0.159079,0.779712,-1.91495,0.0220528,1.52385,-1.78683,0,0,0,0,0,0,0,0,0,0,0,0,0,0,0,0,0,0,0,0,0,0,0,0
1770178409892150113,-0.386863,0.992095,-1.99374,0.158494,0.567604,-1.87391,0.157293,0.778356,-1.91663,0.0229335,1.5245,-1.7864,0,0,0,0,0,0,0,0,0,0,0,0,0,0,0,0,0,0,0,0,0,0,0,0
1770178409912225243,-0.384223,0.994719,-1.99115,0.161155,0.5703,-1.8766,0.159068,0.779758,-1.9149,0.0220358,1.52384,-1.78683,0,0,0,0,0,0,0,0,0,0,0,0,0,0,0,0,0,0,0,0,0,0,0,0
1770178409932304662,-0.38691,0.992072,-1.99376,0.158497,0.56761,-1.87391,0.157303,0.778311,-1.91668,0.0229517,1.52451,-1.7864,0,0,0,0,0,0,0,0,0,0,0,0,0,0,0,0,0,0,0,0,0,0,0,0
1770178409952384560,-0.384186,0.994755,-1.99112,0.161151,0.570296,-1.8766,0.159057,0.7798,-1.91485,0.02202,1.52383,-1.78683,0,0,0,0,0,0,0,0,0,0,0,0,0,0,0,0,0,0,0,0,0,0,0,0
1770178409972458187,-0.386885,0.99208,-1.99375,0.158494,0.567604,-1.87391,0.157312,0.77827,-1.91672,0.0229688,1.52452,-1.7864,0,0,0,0,0,0,0,0,0,0,0,0,0,0,0,0,0,0,0,0,0,0,0,0
1770178409992555013,-0.384204,0.994738,-1.99114,0.161155,0.5703,-1.8766,0.159048,0.779839,-1.91481,0.022005,1.52382,-1.78683,0,0,0,0,0,0,0,0,0,0,0,0,0,0,0,0,0,0,0,0,0,0,0,0
1770178410012632480,-0.386911,0.992067,-1.99377,0.158497,0.56761,-1.87391,0.15732,0.778233,-1.91676,0.0229853,1.52453,-1.78639,0,0,0,0,0,0,0,0,0,0,0,0,0,0,0,0,0,0,0,0,0,0,0,0
1770178410032711162,-0.384182,0.994759,-1.99111,0.161151,0.570296,-1.8766,0.159039,0.779873,-1.91477,0.0219905,1.52381,-1.78684,0,0,0,0,0,0,0,0,0,0,0,0,0,0,0,0,0,0,0,0,0,0,0,0
1770178410052791029,-0.386861,0.992097,-1.99374,0.158494,0.567604,-1.87391,0.157327,0.778199,-1.9168,0.0230013,1.52454,-1.78639,0,0,0,0,0,0,0,0,0,0,0,0,0,0,0,0,0,0,0,0,0,0,0,0
1770178410072866639,-0.384225,0.994717,-1.99116,0.161155,0.5703,-1.8766,0.159031,0.779904,-1.91474,0.0219763,1.5238,-1.78684,0,0,0,0,0,0,0,0,0,0,0,0,0,0,0,0,0,0,0,0,0,0,0,0
1770178410092948234,-0.386909,0.992073,-1.99376,0.158497,0.56761,-1.87391,0.157334,0.778171,-1.91683,0.023017,1.52455,-1.78638,0,0,0,0,0,0,0,0,0,0,0,0,0,0,0,0,0,0,0,0,0,0,0,0
1770178410113030564,-0.384187,0.994754,-1.99112,0.161151,0.570296,-1.8766,0.159023,0.77993,-1.91471,0.0219623,1.52379,-1.78685,0,0,0,0,0,0,0,0,0,0,0,0,0,0,0,0,0,0,0,0,0,0,0,0
1770178410133106175,-0.386889,0.992078,-1.99375,0.158494,0.567604,-1.87391,0.157339,0.778145,-1.91685,0.0230326,1.52456,-1.78638,0,0,0,0,0,0,0,0,0,0,0,0,0,0,0,0,0,0,0,0,0,0,0,0
1770178410153186457,-0.3842,0.994742,-1.99113,0.161155,0.5703,-1.8766,0.159017,0.779953,-1.91468,0.0219485,1.52378,-1.78685,0,0,0,0,0,0,0,0,0,0,0,0,0,0,0,0,0,0,0,0,0,0,0,0
1770178410173262900,-0.386909,0.992067,-1.99377,0.158497,0.56761,-1.87391,0.157343,0.778124,-1.91688,0.0230481,1.52457,-1.78637,0,0,0,0,0,0,0,0,0,0,0,0,0,0,0,0,0,0,0,0,0,0,0,0
1770178410193342830,-0.384183,0.994758,-1.99112,0.161151,0.570296,-1.8766,0.159012,0.779973,-1.91466,0.0219348,1.52377,-1.78686,0,0,0,0,0,0,0,0,0,0,0,0,0,0,0,0,0,0,0,0,0,0,0,0
1770178410213422601,-0.386868,0.992092,-1.99374,0.158494,0.567604,-1.87391,0.157347,0.778106,-1.91689,0.0230635,1.52458,-1.78636,0,0,0,0,0,0,0,0,0,0,0,0,0,0,0,0,0,0,0,0,0,0,0,0
1770178410233502595,-0.384219,0.994723,-1.99115,0.161155,0.5703,-1.8766,0.159008,0.779989,-1.91464,0.0219211,1.52376,-1.78686,0,0,0,0,0,0,0,0,0,0,0,0,0,0,0,0,0,0,0,0,0,0,0,0
1770178410253588254,-0.386911,0.99207,-1.99376,0.158497,0.56761,-1.87391,0.15735,0.778091,-1.91691,0.0230788,1.52459,-1.78636,0,0,0,0,0,0,0,0,0,0,0,0,0,0,0,0,0,0,0,0,0,0,0,0
1770178410273662584,-0.384185,0.994757,-1.99112,0.161151,0.570296,-1.8766,0.159004,0.780003,-1.91463,0.0219076,1.52375,-1.78687,0,0,0,0,0,0,0,0,0,0,0,0,0,0,0,0,0,0,0,0,0,0,0,0
1770178410293739859,-0.386877,0.992085,-1.99375,0.158494,0.567604,-1.87391,0.157352,0.778078,-1.91692,0.0230941,1.52461,-1.78635,0,0,0,0,0,0,0,0,0,0,0,0,0,0,0,0,0,0,0,0,0,0,0,0
1770178410313823053,-0.384211,0.994731,-1.99114,0.161155,0.5703,-1.8766,0.159001,0.780015,-1.91462,0.0218942,1.52374,-1.78688,0,0,0,0,0,0,0,0,0,0,0,0,0,0,0,0,0,0,0,0,0,0,0,0
1770178410333901160,-0.386912,0.992068,-1.99377,0.158497,0.56761,-1.87391,0.157355,0.778067,-1.91693,0.0231093,1.52462,-1.78634,0,0,0,0,0,0,0,0,0,0,0,0,0,0,0,0,0,0,0,0,0,0,0,0
1770178410353958658,-0.384182,0.994759,-1.99111,0.161151,0.570296,-1.8766,0.158998,0.780024,-1.91461,0.0218809,1.52373,-1.78688,0,0,0,0,0,0,0,0,0,0,0,0,0,0,0,0,0,0,0,0,0,0,0,0
1770178410374036028,-0.386862,0.992096,-1.99374,0.158494,0.567604,-1.87391,0.157356,0.778059,-1.91694,0.0231245,1.52463,-1.78634,0,0,0,0,0,0,0,0,0,0,0,0,0,0,0,0,0,0,0,0,0,0,0,0
1770178410394116215,-0.384224,0.994718,-1.99116,0.161155,0.5703,-1.8766,0.158996,0.780032,-1.9146,0.0218677,1.52372,-1.78689,0,0,0,0,0,0,0,0,0,0,0,0,0,0,0,0,0,0,0,0,0,0,0,0
1770178410414195505,-0.38691,0.992073,-1.99376,0.158497,0.56761,-1.87391,0.157358,0.778052,-1.91695,0.0231395,1.52464,-1.78633,0,0,0,0,0,0,0,0,0,0,0,0,0,0,0,0,0,0,0,0,0,0,0,0
1770178410434276268,-0.384187,0.994755,-1.99112,0.161151,0.570296,-1.8766,0.158994,0.780038,-1.91459,0.0218546,1.52371,-1.7869,0,0,0,0,0,0,0,0,0,0,0,0,0,0,0,0,0,0,0,0,0,0,0,0
1770178410454350470,-0.386887,0.992079,-1.99375,0.158494,0.567604,-1.87391,0.157359,0.778046,-1.91696,0.0231543,1.52465,-1.78632,0,0,0,0,0,0,0,0,0,0,0,0,0,0,0,0,0,0,0,0,0,0,0,0
1770178410474426688,-0.384202,0.99474,-1.99113,0.161155,0.5703,-1.8766,0.158993,0.780044,-1.91458,0.0218418,1.5237,-1.7869,0,0,0,0,0,0,0,0,0,0,0,0,0,0,0,0,0,0,0,0,0,0,0,0
1770178410494502491,-0.38691,0.992067,-1.99377,0.158497,0.56761,-1.87391,0.15736,0.778041,-1.91696,0.023169,1.52466,-1.78631,0,0,0,0,0,0,0,0,0,0,0,0,0,0,0,0,0,0,0,0,0,0,0,0
1770178410514579861,-0.384182,0.994759,-1.99111,0.161151,0.570296,-1.8766,0.158992,0.780048,-1.91458,0.0218291,1.52369,-1.78691,0,0,0,0,0,0,0,0,0,0,0,0,0,0,0,0,0,0,0,0,0,0,0,0
1770178410534655664,-0.386864,0.992095,-1.99374,0.158494,0.567604,-1.87391,0.15736,0.778037,-1.91697,0.0231835,1.52467,-1.78631,0,0,0,0,0,0,0,0,0,0,0,0,0,0,0,0,0,0,0,0,0,0,0,0
1770178410554731242,-0.384223,0.99472,-1.99115,0.161155,0.5703,-1.8766,0.158991,0.780051,-1.91458,0.0218166,1.52368,-1.78691,0,0,0,0,0,0,0,0,0,0,0,0,0,0,0,0,0,0,0,0,0,0,0,0
1770178410574805892,-0.38691,0.992072,-1.99376,0.158497,0.56761,-1.87391,0.157361,0.778034,-1.91697,0.0231978,1.52468,-1.7863,0,0,0,0,0,0,0,0,0,0,0,0,0,0,0,0,0,0,0,0,0,0,0,0
1770178410594876767,-0.384186,0.994755,-1.99112,0.161151,0.570296,-1.8766,0.15899,0.780054,-1.91457,0.0218044,1.52367,-1.78692,0,0,0,0,0,0,0,0,0,0,0,0,0,0,0,0,0,0,0,0,0,0,0,0
1770178410614958649,-0.386884,0.992081,-1.99375,0.158494,0.567604,-1.87391,0.157361,0.778032,-1.91697,0.0232118,1.52469,-1.78629,0,0,0,0,0,0,0,0,0,0,0,0,0,0,0,0,0,0,0,0,0,0,0,0
1770178410635035252,-0.384204,0.994738,-1.99114,0.161155,0.5703,-1.8766,0.158989,0.780056,-1.91457,0.0217924,1.52366,-1.78693,0,0,0,0,0,0,0,0,0,0,0,0,0,0,0,0,0,0,0,0,0,0,0,0
1770178410655116846,-0.386911,0.992067,-1.99377,0.158497,0.56761,-1.87391,0.157362,0.778029,-1.91697,0.0232256,1.5247,-1.78629,0,0,0,0,0,0,0,0,0,0,0,0,0,0,0,0,0,0,0,0,0,0,0,0
1770178410675196649,-0.384182,0.994759,-1.99111,0.161151,0.570296,-1.8766,0.158989,0.780058,-1.91457,0.0217807,1.52365,-1.78693,0,0,0,0,0,0,0,0,0,0,0,0,0,0,0,0,0,0,0,0,0,0,0,0
1770178410695272451,-0.38686,0.992097,-1.99374,0.158494,0.567604,-1.87391,0.157362,0.778028,-1.91697,0.0232391,1.52471,-1.78628,0,0,0,0,0,0,0,0,0,0,0,0,0,0,0,0,0,0,0,0,0,0,0,0
1770178410715352222,-0.384226,0.994716,-1.99116,0.161155,0.5703,-1.8766,0.158989,0.78006,-1.91457,0.0217694,1.52364,-1.78694,0,0,0,0,0,0,0,0,0,0,0,0,0,0,0,0,0,0,0,0,0,0,0,0
1770178410735433176,-0.386909,0.992074,-1.99376,0.158497,0.56761,-1.87391,0.157362,0.778026,-1.91698,0.0232522,1.52472,-1.78627,0,0,0,0,0,0,0,0,0,0,0,0,0,0,0,0,0,0,0,0,0,0,0,0
1770178410755508947,-0.384188,0.994754,-1.99112,0.161151,0.570296,-1.8766,0.158988,0.780061,-1.91456,0.0217583,1.52363,-1.78694,0,0,0,0,0,0,0,0,0,0,0,0,0,0,0,0,0,0,0,0,0,0,0,0
1770178410775585709,-0.38689,0.992077,-1.99375,0.158494,0.567604,-1.87391,0.157363,0.778025,-1.91698,0.023265,1.52473,-1.78627,0,0,0,0,0,0,0,0,0,0,0,0,0,0,0,0,0,0,0,0,0,0,0,0
1770178410795667431,0.0205291,0.887596,-2.0755,0.171002,1.07382,-1.56409,-0.0935283,0.578738,-1.93876,0.0672337,0.817082,-1.99713,0,0,0,0,0,0,0,0,0,0,0,0,0,0,0,0,0,0,0,0,0,0,0,0
1770178410815744418,-0.00118917,0.876627,-2.06636,0.168583,1.08702,-1.60311,-0.102555,0.58788,-1.95113,0.0773145,0.812485,-1.96462,0,0,0,0,0,0,0,0,0,0,0,0,0,0,0,0,0,0,0,0,0,0,0,0
1770178410835829885,-0.000591309,0.879077,-2.06613,0.165789,1.08209,-1.6024,-0.0997747,0.584927,-1.94829,0.0746068,0.808511,-1.96614,0,0,0,0,0,0,0,0,0,0,0,0,0,0,0,0,0,0,0,0,0,0,0,0
1770178410855909591,-0.000361118,0.878842,-2.06632,0.164252,1.07901,-1.60528,-0.0963845,0.581976,-1.95093,0.0717045,0.806137,-1.96885,0,0,0,0,0,0,0,0,0,0,0,0,0,0,0,0,0,0,0,0,0,0,0,0
1770178410875987729,-0.000397977,0.878977,-2.06646,0.165567,1.08171,-1.60207,-0.0991272,0.584228,-1.94894,0.0743328,0.808576,-1.96636,0,0,0,0,0,0,0,0,0,0,0,0,0,0,0,0,0,0,0,0,0,0,0,0
1770178410896065804,-0.00027622,0.878881,-2.06637,0.164584,1.07901,-1.60527,-0.0967564,0.582021,-1.9511,0.071856,0.806169,-1.96877,0,0,0,0,0,0,0,0,0,0,0,0,0,0,0,0,0,0,0,0,0,0,0,0
1770178410916150855,-0.000380392,0.878993,-2.06648,0.165174,1.08166,-1.602,-0.0990571,0.584178,-1.94898,0.0742413,0.808488,-1.96646,0,0,0,0,0,0,0,0,0,0,0,0,0,0,0,0,0,0,0,0,0,0,0,0
1770178410936227297,-0.000261058,0.878878,-2.06637,0.165032,1.07903,-1.60536,-0.0968012,0.582057,-1.95106,0.0719185,0.80623,-1.96871,0,0,0,0,0,0,0,0,0,0,0,0,0,0,0,0,0,0,0,0,0,0,0,0
1770178410956305051,-0.000385502,0.879002,-2.06649,0.164626,1.08163,-1.60183,-0.0990114,0.584134,-1.94903,0.0741685,0.808417,-1.96654,0,0,0,0,0,0,0,0,0,0,0,0,0,0,0,0,0,0,0,0,0,0,0,0
1770178410976382518,-0.000252114,0.87887,-2.06636,0.165669,1.07903,-1.6055,-0.0968351,0.582088,-1.95103,0.0719701,0.80628,-1.96866,0,0,0,0,0,0,0,0,0,0,0,0,0,0,0,0,0,0,0,0,0,0,0,0
1770178410996469296,-0.000393951,0.87901,-2.0665,0.163883,1.08162,-1.60155,-0.0989733,0.584098,-1.94906,0.0741101,0.808359,-1.96659,0,0,0,0,0,0,0,0,0,0,0,0,0,0,0,0,0,0,0,0,0,0,0,0
1770178411016549419,-0.000242845,0.878861,-2.06635,0.165151,1.08139,-1.60093,-0.0968639,0.582114,-1.95101,0.0720128,0.806321,-1.96862,0,0,0,0,0,0,0,0,0,0,0,0,0,0,0,0,0,0,0,0,0,0,0,0
1770178411036626565,-0.000403817,0.87902,-2.06651,0.16487,1.08074,-1.60025,-0.098941,0.584067,-1.94909,0.0740618,0.808311,-1.96664,0,0,0,0,0,0,0,0,0,0,0,0,0,0,0,0,0,0,0,0,0,0,0,0
1770178411056704608,-0.000232435,0.87885,-2.06634,0.165402,1.08122,-1.60073,-0.0968887,0.582137,-1.95099,0.0720488,0.806356,-1.96858,0,0,0,0,0,0,0,0,0,0,0,0,0,0,0,0,0,0,0,0,0,0,0,0
1770178411076787034,-0.00041504,0.879031,-2.06652,0.164877,1.08067,-1.60017,-0.0989133,0.58404,-1.94912,0.0740213,0.808271,-1.96668,0,0,0,0,0,0,0,0,0,0,0,0,0,0,0,0,0,0,0,0,0,0,0,0
1770178411096867125,-0.000220656,0.878839,-2.06633,0.165448,1.08125,-1.60076,-0.0969102,0.582157,-1.95097,0.0720797,0.806385,-1.96856,0,0,0,0,0,0,0,0,0,0,0,0,0,0,0,0,0,0,0,0,0,0,0,0
1770178411116945487,-0.000427774,0.879044,-2.06654,0.16484,1.08063,-1.60012,-0.0988892,0.584017,-1.94914,0.0739866,0.808237,-1.96672,0,0,0,0,0,0,0,0,0,0,0,0,0,0,0,0,0,0,0,0,0,0,0,0
1770178411137026346,-0.000207324,0.878826,-2.06632,0.165491,1.08129,-1.60081,-0.096929,0.582174,-1.95095,0.0721064,0.806411,-1.96853,0,0,0,0,0,0,0,0,0,0,0,0,0,0,0,0,0,0,0,0,0,0,0,0
1770178411157109860,-0.000442217,0.879058,-2.06655,0.164797,1.08059,-1.60008,-0.0988682,0.583997,-1.94916,0.0739565,0.808208,-1.96675,0,0,0,0,0,0,0,0,0,0,0,0,0,0,0,0,0,0,0,0,0,0,0,0
1770178411177183295,-0.000192239,0.878811,-2.0663,0.16554,1.08134,-1.60086,-0.0969456,0.58219,-1.95093,0.0721299,0.806434,-1.96851,0,0,0,0,0,0,0,0,0,0,0,0,0,0,0,0,0,0,0,0,0,0,0,0
1770178411197259257,-0.000458592,0.879074,-2.06657,0.164748,1.08054,-1.60003,-0.0988496,0.58398,-1.94918,0.0739302,0.808182,-1.96677,0,0,0,0,0,0,0,0,0,0,0,0,0,0,0,0,0,0,0,0,0,0,0,0
1770178411217338228,-0.000175184,0.878794,-2.06628,0.165595,1.08139,-1.60091,-0.0969603,0.582203,-1.95092,0.0721506,0.806454,-1.96849,0,0,0,0,0,0,0,0,0,0,0,0,0,0,0,0,0,0,0,0,0,0,0,0
1770178411237421422,-0.000477152,0.879093,-2.06659,0.164693,1.08048,-1.59997,-0.0988332,0.583964,-1.94919,0.073907,0.808159,-1.96679,0,0,0,0,0,0,0,0,0,0,0,0,0,0,0,0,0,0,0,0,0,0,0,0
1770178411257499497,-0.000155916,0.878775,-2.06627,0.165657,1.08146,-1.60098,-0.0969735,0.582215,-1.95091,0.0721691,0.806471,-1.96847,0,0,0,0,0,0,0,0,0,0,0,0,0,0,0,0,0,0,0,0,0,0,0,0
1770178411277577731,-0.000498175,0.879113,-2.06661,0.164632,1.08042,-1.5999,-0.0988185,0.58395,-1.94921,0.0738863,0.808139,-1.96681,0,0,0,0,0,0,0,0,0,0,0,0,0,0,0,0,0,0,0,0,0,0,0,0
1770178411297657822,-0.000134169,0.878753,-2.06624,0.165725,1.08153,-1.60105,-0.0969852,0.582226,-1.9509,0.0721857,0.806487,-1.96845,0,0,0,0,0,0,0,0,0,0,0,0,0,0,0,0,0,0,0,0,0,0,0,0
1770178411317742008,-0.000521973,0.879137,-2.06663,0.164566,1.08035,-1.59983,-0.0988054,0.583937,-1.94922,0.0738678,0.80812,-1.96683,0,0,0,0,0,0,0,0,0,0,0,0,0,0,0,0,0,0,0,0,0,0,0,0
1770178411337817459,-0.000109657,0.878729,-2.06622,0.165801,1.0816,-1.60113,-0.0969958,0.582236,-1.95089,0.0722006,0.806502,-1.96844,0,0,0,0,0,0,0,0,0,0,0,0,0,0,0,0,0,0,0,0,0,0,0,0
1770178411357899341,-0.000548884,0.879163,-2.06666,0.164493,1.08028,-1.59976,-0.0987935,0.583926,-1.94923,0.0738512,0.808104,-1.96685,0,0,0,0,0,0,0,0,0,0,0,0,0,0,0,0,0,0,0,0,0,0,0,0
1770178411377951079,-8.20724e-05,0.878701,-2.06619,0.165884,1.08168,-1.60121,-0.0970054,0.582245,-1.95088,0.0722141,0.806515,-1.96843,0,0,0,0,0,0,0,0,0,0,0,0,0,0,0,0,0,0,0,0,0,0,0,0
1770178411398030242,-0.000579278,0.879193,-2.06669,0.164415,1.0802,-1.59968,-0.0987829,0.583916,-1.94924,0.0738361,0.808089,-1.96686,0,0,0,0,0,0,0,0,0,0,0,0,0,0,0,0,0,0,0,0,0,0,0,0
1770178411418107804,-5.10914e-05,0.87867,-2.06616,0.165973,1.08177,-1.60131,-0.097014,0.582253,-1.95087,0.0722264,0.806526,-1.96842,0,0,0,0,0,0,0,0,0,0,0,0,0,0,0,0,0,0,0,0,0,0,0,0
1770178411438185687,-0.00061355,0.879227,-2.06672,0.164334,1.08012,-1.59959,-0.0987732,0.583907,-1.94925,0.0738224,0.808076,-1.96688,0,0,0,0,0,0,0,0,0,0,0,0,0,0,0,0,0,0,0,0,0,0,0,0
1770178411458260529,-1.63836e-05,0.878636,-2.06613,0.166067,1.08187,-1.6014,-0.0970219,0.58226,-1.95087,0.0722377,0.806537,-1.96841,0,0,0,0,0,0,0,0,0,0,0,0,0,0,0,0,0,0,0,0,0,0,0,0
1770178411478369196,-0.000652109,0.879265,-2.06676,0.16425,1.08003,-1.5995,-0.0987645,0.583898,-1.94926,0.0738099,0.808064,-1.96689,0,0,0,0,0,0,0,0,0,0,0,0,0,0,0,0,0,0,0,0,0,0,0,0
1770178411498447142,2.23771e-05,0.878597,-2.06609,0.166165,1.08197,-1.6015,-0.0970291,0.582267,-1.95086,0.072248,0.806547,-1.9684,0,0,0,0,0,0,0,0,0,0,0,0,0,0,0,0,0,0,0,0,0,0,0,0
1770178411518524417,-0.000695373,0.879308,-2.0668,0.164165,1.07995,-1.59941,-0.0987565,0.583891,-1.94927,0.0737984,0.808052,-1.9669,0,0,0,0,0,0,0,0,0,0,0,0,0,0,0,0,0,0,0,0,0,0,0,0
1770178411538598075,6.54932e-05,0.878555,-2.06604,0.166262,1.08206,-1.6016,-0.0970356,0.582273,-1.95085,0.0722575,0.806556,-1.96839,0,0,0,0,0,0,0,0,0,0,0,0,0,0,0,0,0,0,0,0,0,0,0,0
1770178411558672054,-0.000743739,0.879355,-2.06685,0.164084,1.07986,-1.59932,-0.0987492,0.583884,-1.94927,0.0737879,0.808042,-1.96691,0,0,0,0,0,0,0,0,0,0,0,0,0,0,0,0,0,0,0,0,0,0,0,0
1770178411578749584,0.000113218,0.878507,-2.06599,0.166357,1.08216,-1.6017,-0.0970416,0.582278,-1.95085,0.0722662,0.806565,-1.96838,0,0,0,0,0,0,0,0,0,0,0,0,0,0,0,0,0,0,0,0,0,0,0,0
1770178411598825738,-0.00079756,0.879408,-2.0669,0.16401,1.07979,-1.59924,-0.0987425,0.583878,-1.94928,0.0737782,0.808032,-1.96692,0,0,0,0,0,0,0,0,0,0,0,0,0,0,0,0,0,0,0,0,0,0,0,0
1770178411618905317,0.000165721,0.878455,-2.06594,0.166443,1.08225,-1.60179,-0.0970471,0.582283,-1.95084,0.0722743,0.806573,-1.96837,0,0,0,0,0,0,0,0,0,0,0,0,0,0,0,0,0,0,0,0,0,0,0,0
1770178411638993920,-0.000857103,0.879467,-2.06696,0.163958,1.07973,-1.5992,-0.0987364,0.583872,-1.94928,0.0737692,0.808024,-1.96693,0,0,0,0,0,0,0,0,0,0,0,0,0,0,0,0,0,0,0,0,0,0,0,0
1770178411659075514,0.000223043,0.878397,-2.06588,0.166504,1.08231,-1.60185,-0.0970521,0.582288,-1.95084,0.0722818,0.80658,-1.96836,0,0,0,0,0,0,0,0,0,0,0,0,0,0,0,0,0,0,0,0,0,0,0,0
1770178411679153493,-0.000922488,0.879531,-2.06703,0.163341,1.08527,-1.6048,-0.0987308,0.583866,-1.94929,0.0737609,0.808015,-1.96694,0,0,0,0,0,0,0,0,0,0,0,0,0,0,0,0,0,0,0,0,0,0,0,0
1770178411699234927,0.000285043,0.878335,-2.06582,0.166335,1.08248,-1.60204,-0.0970568,0.582292,-1.95083,0.0722888,0.806587,-1.96836,0,0,0,0,0,0,0,0,0,0,0,0,0,0,0,0,0,0,0,0,0,0,0,0
1770178411719306794,-0.000993627,0.879601,-2.0671,0.163437,1.08525,-1.60477,-0.0987257,0.583862,-1.94929,0.0737532,0.808008,-1.96694,0,0,0,0,0,0,0,0,0,0,0,0,0,0,0,0,0,0,0,0,0,0,0,0
1770178411739394500,0.000351337,0.878269,-2.06575,0.166268,1.08255,-1.60211,-0.097061,0.582296,-1.95083,0.0722953,0.806593,-1.96835,0,0,0,0,0,0,0,0,0,0,0,0,0,0,0,0,0,0,0,0,0,0,0,0
1770178411759476543,-0.00107015,0.879676,-2.06717,0.163482,1.08521,-1.60473,-0.098721,0.583857,-1.9493,0.073746,0.808001,-1.96695,0,0,0,0,0,0,0,0,0,0,0,0,0,0,0,0,0,0,0,0,0,0,0,0
1770178411779557561,0.000421246,0.878199,-2.06568,0.166216,1.0826,-1.60217,-0.097065,0.5823,-1.95083,0.0723013,0.806599,-1.96835,0,0,0,0,0,0,0,0,0,0,0,0,0,0,0,0,0,0,0,0,0,0,0,0
1770178411799630964,-0.00115131,0.879755,-2.06725,0.163517,1.08518,-1.6047,-0.0987166,0.583853,-1.9493,0.0737394,0.807994,-1.96696,0,0,0,0,0,0,0,0,0,0,0,0,0,0,0,0,0,0,0,0,0,0,0,0
1770178411819706158,0.000493749,0.878126,-2.06561,0.166177,1.08264,-1.6022,-0.0970686,0.582303,-1.95082,0.0723069,0.806604,-1.96834,0,0,0,0,0,0,0,0,0,0,0,0,0,0,0,0,0,0,0,0,0,0,0,0
1770178411839791881,-0.00123595,0.879838,-2.06734,0.163544,1.08515,-1.60467,-0.0987126,0.583849,-1.94931,0.0737331,0.807988,-1.96696,0,0,0,0,0,0,0,0,0,0,0,0,0,0,0,0,0,0,0,0,0,0,0,0
1770178411859868931,0.000567465,0.878052,-2.06553,0.166146,1.08267,-1.60224,-0.0970719,0.582306,-1.95082,0.0723122,0.806609,-1.96833,0,0,0,0,0,0,0,0,0,0,0,0,0,0,0,0,0,0,0,0,0,0,0,0
1770178411879955134,-0.00132247,0.879923,-2.06742,0.163566,1.08513,-1.60465,-0.0987088,0.583845,-1.94931,0.0737273,0.807983,-1.96697,0,0,0,0,0,0,0,0,0,0,0,0,0,0,0,0,0,0,0,0,0,0,0,0
1770178411900043192,0.000640664,0.877978,-2.06546,0.166121,1.0827,-1.60226,-0.097075,0.582309,-1.95082,0.0723171,0.806614,-1.96833,0,0,0,0,0,0,0,0,0,0,0,0,0,0,0,0,0,0,0,0,0,0,0,0
1770178411920118483,-0.0014088,0.880007,-2.0675,0.163584,1.08511,-1.60464,-0.0987054,0.583842,-1.94931,0.0737219,0.807977,-1.96698,0,0,0,0,0,0,0,0,0,0,0,0,0,0,0,0,0,0,0,0,0,0,0,0
1770178411940205613,0.00071131,0.877907,-2.06538,0.166101,1.08272,-1.60228,-0.0970779,0.582312,-1.95082,0.0723218,0.806618,-1.96833,0,0,0,0,0,0,0,0,0,0,0,0,0,0,0,0,0,0,0,0,0,0,0,0
1770178411960278664,-0.00149255,0.880089,-2.06759,0.163599,1.0851,-1.60463,-0.0987022,0.583839,-1.94932,0.0737168,0.807972,-1.96698,0,0,0,0,0,0,0,0,0,0,0,0,0,0,0,0,0,0,0,0,0,0,0,0
1770178411980350178,0.00077702,0.87784,-2.06531,0.166085,1.08273,-1.6023,-0.0970806,0.582314,-1.95081,0.0723261,0.806622,-1.96832,0,0,0,0,0,0,0,0,0,0,0,0,0,0,0,0,0,0,0,0,0,0,0,0
1770178412000432221,-0.00157092,0.880165,-2.06766,0.163611,1.08509,-1.60462,-0.0986992,0.583836,-1.94932,0.073712,0.807967,-1.96699,0,0,0,0,0,0,0,0,0,0,0,0,0,0,0,0,0,0,0,0,0,0,0,0
1770178412020504599,0.000834658,0.877781,-2.06525,0.166072,1.08275,-1.60231,-0.097083,0.582317,-1.95081,0.0723302,0.806626,-1.96832,0,0,0,0,0,0,0,0,0,0,0,0,0,0,0,0,0,0,0,0,0,0,0,0
1770178412040590642,-0.00164048,0.880233,-2.06773,0.163621,1.08508,-1.60461,-0.0986965,0.583834,-1.94932,0.0737075,0.807963,-1.96699,0,0,0,0,0,0,0,0,0,0,0,0,0,0,0,0,0,0,0,0,0,0,0,0
1770178412060671820,0.000877597,0.877733,-2.0652,0.16606,1.08276,-1.60232,-0.0970853,0.582319,-1.95081,0.072334,0.80663,-1.96831,0,0,0,0,0,0,0,0,0,0,0,0,0,0,0,0,0,0,0,0,0,0,0,0
1770178412080748166,-0.00169502,0.880285,-2.06778,0.163629,1.08507,-1.6046,-0.098694,0.583831,-1.94932,0.0737032,0.807959,-1.96699,0,0,0,0,0,0,0,0,0,0,0,0,0,0,0,0,0,0,0,0,0,0,0,0
1770178412100822433,0.000856271,0.877707,-2.0652,0.166051,1.08277,-1.60233,-0.0970875,0.582321,-1.95081,0.0723376,0.806634,-1.96831,0,0,0,0,0,0,0,0,0,0,0,0,0,0,0,0,0,0,0,0,0,0,0,0
1770178412120899899,-0.00169728,0.880279,-2.06778,0.163636,1.08507,-1.60459,-0.0986916,0.583829,-1.94933,0.0736992,0.807955,-1.967,0,0,0,0,0,0,0,0,0,0,0,0,0,0,0,0,0,0,0,0,0,0,0,0
1770178412140986774,0.000864475,0.877705,-2.0652,0.166043,1.08277,-1.60234,-0.0970894,0.582323,-1.9508,0.0723411,0.806637,-1.96831,0,0,0,0,0,0,0,0,0,0,0,0,0,0,0,0,0,0,0,0,0,0,0,0
1770178412161065488,-0.00170393,0.880287,-2.06778,0.163642,1.08506,-1.60459,-0.0986894,0.583827,-1.94933,0.0736955,0.807951,-1.967,0,0,0,0,0,0,0,0,0,0,0,0,0,0,0,0,0,0,0,0,0,0,0,0
1770178412181142187,0.000826321,0.877702,-2.06522,0.166036,1.08278,-1.60234,-0.0970913,0.582324,-1.9508,0.0723443,0.80664,-1.9683,0,0,0,0,0,0,0,0,0,0,0,0,0,0,0,0,0,0,0,0,0,0,0,0
1770178412201221061,-0.00167972,0.880257,-2.06776,0.163647,1.08505,-1.60458,-0.0986874,0.583825,-1.94933,0.0736919,0.807948,-1.967,0,0,0,0,0,0,0,0,0,0,0,0,0,0,0,0,0,0,0,0,0,0,0,0
1770178412221298464,0.000884814,0.877713,-2.06519,0.166031,1.08279,-1.60235,-0.097093,0.582326,-1.9508,0.0723473,0.806643,-1.9683,0,0,0,0,0,0,0,0,0,0,0,0,0,0,0,0,0,0,0,0,0,0,0,0
1770178412241377114,-0.00171274,0.8803,-2.0678,0.163651,1.08505,-1.60458,-0.0986855,0.583823,-1.94933,0.0736886,0.807945,-1.96701,0,0,0,0,0,0,0,0,0,0,0,0,0,0,0,0,0,0,0,0,0,0,0,0
1770178412261452437,0.00247376,0.877971,-2.06939,0.166026,1.08279,-1.60235,-0.0970946,0.582327,-1.9508,0.0723502,0.806646,-1.9683,0,0,0,0,0,0,0,0,0,0,0,0,0,0,0,0,0,0,0,0,0,0,0,0
1770178412281533775,-0.000607054,0.879006,-2.06905,0.163655,1.08505,-1.60458,-0.0986837,0.583822,-1.94933,0.0736854,0.807941,-1.96701,0,0,0,0,0,0,0,0,0,0,0,0,0,0,0,0,0,0,0,0,0,0,0,0
1770178412301615178,0.000552197,0.877975,-2.07012,0.166022,1.0828,-1.60236,-0.0970961,0.582329,-1.9508,0.0723529,0.806648,-1.9683,0,0,0,0,0,0,0,0,0,0,0,0,0,0,0,0,0,0,0,0,0,0,0,0
1770178412321693252,-0.00058937,0.879057,-2.06905,0.163658,1.08504,-1.60457,-0.0986821,0.58382,-1.94934,0.0736824,0.807939,-1.96701,0,0,0,0,0,0,0,0,0,0,0,0,0,0,0,0,0,0,0,0,0,0,0,0
1770178412341779615,0.000547351,0.87796,-2.07014,0.166019,1.0828,-1.60236,-0.0970974,0.58233,-1.9508,0.0723555,0.806651,-1.96829,0,0,0,0,0,0,0,0,0,0,0,0,0,0,0,0,0,0,0,0,0,0,0,0
1770178412361853977,-0.000596651,0.879073,-2.06903,0.16366,1.08504,-1.60457,-0.0986805,0.583819,-1.94934,0.0736796,0.807936,-1.96702,0,0,0,0,0,0,0,0,0,0,0,0,0,0,0,0,0,0,0,0,0,0,0,0
1770178412381934484,0.000555071,0.877947,-2.07016,0.166016,1.0828,-1.60236,-0.0970987,0.582331,-1.9508,0.0723579,0.806653,-1.96829,0,0,0,0,0,0,0,0,0,0,0,0,0,0,0,0,0,0,0,0,0,0,0,0
1770178412402009966,-0.000608754,0.879087,-2.06902,0.163662,1.08504,-1.60457,-0.0986791,0.583817,-1.94934,0.0736769,0.807933,-1.96702,0,0,0,0,0,0,0,0,0,0,0,0,0,0,0,0,0,0,0,0,0,0,0,0
1770178412422084904,0.000566153,0.877934,-2.07017,0.166013,1.0828,-1.60237,-0.0970999,0.582332,-1.9508,0.0723602,0.806655,-1.96829,0,0,0,0,0,0,0,0,0,0,0,0,0,0,0,0,0,0,0,0,0,0,0,0
1770178412442172451,-0.000621982,0.879101,-2.069,0.163664,1.08504,-1.60457,-0.0986778,0.583816,-1.94934,0.0736744,0.807931,-1.96702,0,0,0,0,0,0,0,0,0,0,0,0,0,0,0,0,0,0,0,0,0,0,0,0
1770178412462253342,0.000577976,0.877922,-2.07018,0.166011,1.08281,-1.60237,-0.097101,0.582333,-1.95079,0.0723624,0.806657,-1.96829,0,0,0,0,0,0,0,0,0,0,0,0,0,0,0,0,0,0,0,0,0,0,0,0
1770178412482331864,-0.000635334,0.879114,-2.06899,0.163666,1.08504,-1.60457,-0.0986765,0.583815,-1.94934,0.073672,0.807928,-1.96702,0,0,0,0,0,0,0,0,0,0,0,0,0,0,0,0,0,0,0,0,0,0,0,0
1770178412502411219,0.000589809,0.87791,-2.07019,0.166009,1.08281,-1.60237,-0.0971021,0.582334,-1.95079,0.0723645,0.806659,-1.96828,0,0,0,0,0,0,0,0,0,0,0,0,0,0,0,0,0,0,0,0,0,0,0,0
1770178412522481517,-0.000648521,0.879127,-2.06898,0.163667,1.08504,-1.60457,-0.0986754,0.583814,-1.94934,0.0736697,0.807926,-1.96703,0,0,0,0,0,0,0,0,0,0,0,0,0,0,0,0,0,0,0,0,0,0,0,0
1770178412542569096,0.000601436,0.877899,-2.0702,0.166008,1.08281,-1.60237,-0.0971031,0.582335,-1.95079,0.0723664,0.806661,-1.96828,0,0,0,0,0,0,0,0,0,0,0,0,0,0,0,0,0,0,0,0,0,0,0,0
1770178412562648802,-0.000661444,0.87914,-2.06897,0.163668,1.08503,-1.60456,-0.0986743,0.583813,-1.94934,0.0736675,0.807924,-1.96703,0,0,0,0,0,0,0,0,0,0,0,0,0,0,0,0,0,0,0,0,0,0,0,0
1770178412582721244,0.000612784,0.877888,-2.07021,0.166007,1.08281,-1.60237,-0.097104,0.582336,-1.95079,0.0723683,0.806663,-1.96828,0,0,0,0,0,0,0,0,0,0,0,0,0,0,0,0,0,0,0,0,0,0,0,0
1770178412602799639,-0.000674058,0.879153,-2.06895,0.163669,1.08503,-1.60456,-0.0986733,0.583812,-1.94934,0.0736655,0.807922,-1.96703,0,0,0,0,0,0,0,0,0,0,0,0,0,0,0,0,0,0,0,0,0,0,0,0
1770178412622876977,0.000623817,0.877877,-2.07023,0.166006,1.08281,-1.60237,-0.0971048,0.582337,-1.95079,0.0723701,0.806665,-1.96828,0,0,0,0,0,0,0,0,0,0,0,0,0,0,0,0,0,0,0,0,0,0,0,0
1770178412642964556,-0.000686332,0.879165,-2.06894,0.16367,1.08503,-1.60456,-0.0986723,0.583811,-1.94934,0.0736635,0.80792,-1.96703,0,0,0,0,0,0,0,0,0,0,0,0,0,0,0,0,0,0,0,0,0,0,0,0
1770178412663045062,0.000634514,0.877867,-2.07024,0.166005,1.08281,-1.60238,-0.0971056,0.582338,-1.95079,0.0723718,0.806666,-1.96828,0,0,0,0,0,0,0,0,0,0,0,0,0,0,0,0,0,0,0,0,0,0,0,0
1770178412683120417,-0.000698243,0.879176,-2.06893,0.163671,1.08503,-1.60456,-0.0986715,0.58381,-1.94935,0.0736617,0.807918,-1.96703,0,0,0,0,0,0,0,0,0,0,0,0,0,0,0,0,0,0,0,0,0,0,0,0
1770178412703197563,0.000644857,0.877856,-2.07025,0.166004,1.08281,-1.60238,-0.0971064,0.582338,-1.95079,0.0723734,0.806668,-1.96828,0,0,0,0,0,0,0,0,0,0,0,0,0,0,0,0,0,0,0,0,0,0,0,0
1770178412723277302,-0.000709772,0.879188,-2.06892,0.163672,1.08503,-1.60456,-0.0986706,0.583809,-1.94935,0.0736599,0.807916,-1.96704,0,0,0,0,0,0,0,0,0,0,0,0,0,0,0,0,0,0,0,0,0,0,0,0
1770178412743359344,0.000654832,0.877847,-2.07026,0.166003,1.08281,-1.60238,-0.0971071,0.582339,-1.95079,0.0723749,0.806669,-1.96828,0,0,0,0,0,0,0,0,0,0,0,0,0,0,0,0,0,0,0,0,0,0,0,0
1770178412763438283,-0.000720902,0.879199,-2.06891,0.163672,1.08503,-1.60456,-0.0986699,0.583808,-1.94935,0.0736582,0.807915,-1.96704,0,0,0,0,0,0,0,0,0,0,0,0,0,0,0,0,0,0,0,0,0,0,0,0
1770178412783517605,0.000664428,0.877837,-2.07027,0.166002,1.08281,-1.60238,-0.0971077,0.58234,-1.95079,0.0723763,0.806671,-1.96827,0,0,0,0,0,0,0,0,0,0,0,0,0,0,0,0,0,0,0,0,0,0,0,0
1770178412803592224,-0.000731619,0.879209,-2.0689,0.163673,1.08503,-1.60456,-0.0986692,0.583808,-1.94935,0.0736566,0.807913,-1.96704,0,0,0,0,0,0,0,0,0,0,0,0,0,0,0,0,0,0,0,0,0,0,0,0
1770178412823671226,0.000673638,0.877828,-2.07027,0.166002,1.08281,-1.60238,-0.0971083,0.58234,-1.95079,0.0723777,0.806672,-1.96827,0,0,0,0,0,0,0,0,0,0,0,0,0,0,0,0,0,0,0,0,0,0,0,0
1770178412843758581,-0.000741914,0.87922,-2.06889,0.163673,1.08503,-1.60456,-0.0986685,0.583807,-1.94935,0.0736551,0.807912,-1.96704,0,0,0,0,0,0,0,0,0,0,0,0,0,0,0,0,0,0,0,0,0,0,0,0
1770178412863832143,0.000682456,0.87782,-2.07028,0.166001,1.08282,-1.60238,-0.0971089,0.582341,-1.95079,0.072379,0.806673,-1.96827,0,0,0,0,0,0,0,0,0,0,0,0,0,0,0,0,0,0,0,0,0,0,0,0
1770178412883908650,-0.000751779,0.879229,-2.06888,0.163673,1.08503,-1.60456,-0.0986679,0.583807,-1.94935,0.0736537,0.80791,-1.96704,0,0,0,0,0,0,0,0,0,0,0,0,0,0,0,0,0,0,0,0,0,0,0,0
1770178412903992228,0.00069088,0.877811,-2.07029,0.166001,1.08282,-1.60238,-0.0971094,0.582341,-1.95079,0.0723803,0.806675,-1.96827,0,0,0,0,0,0,0,0,0,0,0,0,0,0,0,0,0,0,0,0,0,0,0,0
1770178412924066270,-0.000761209,0.879239,-2.06887,0.163674,1.08503,-1.60456,-0.0986673,0.583806,-1.94935,0.0736523,0.807909,-1.96704,0,0,0,0,0,0,0,0,0,0,0,0,0,0,0,0,0,0,0,0,0,0,0,0
1770178412944142489,0.000698908,0.877803,-2.0703,0.166001,1.08282,-1.60238,-0.0971099,0.582342,-1.95079,0.0723815,0.806676,-1.96827,0,0,0,0,0,0,0,0,0,0,0,0,0,0,0,0,0,0,0,0,0,0,0,0
1770178412964219635,-0.000770204,0.879248,-2.06886,0.163674,1.08503,-1.60456,-0.0986667,0.583805,-1.94935,0.073651,0.807908,-1.96704,0,0,0,0,0,0,0,0,0,0,0,0,0,0,0,0,0,0,0,0,0,0,0,0
1770178412984294350,0.000706542,0.877796,-2.07031,0.166,1.08282,-1.60238,-0.0971103,0.582342,-1.95079,0.0723826,0.806677,-1.96827,0,0,0,0,0,0,0,0,0,0,0,0,0,0,0,0,0,0,0,0,0,0,0,0
1770178413004373640,-0.000778764,0.879256,-2.06885,0.163674,1.08503,-1.60456,-0.0986662,0.583805,-1.94935,0.0736498,0.807907,-1.96705,0,0,0,0,0,0,0,0,0,0,0,0,0,0,0,0,0,0,0,0,0,0,0,0
1770178413024444835,0.000713788,0.877789,-2.07031,0.166,1.08282,-1.60238,-0.0971108,0.582342,-1.95079,0.0723837,0.806678,-1.96827,0,0,0,0,0,0,0,0,0,0,0,0,0,0,0,0,0,0,0,0,0,0,0,0
1770178413044524189,-0.000786893,0.879264,-2.06884,0.163674,1.08503,-1.60456,-0.0986658,0.583804,-1.94935,0.0736486,0.807905,-1.96705,0,0,0,0,0,0,0,0,0,0,0,0,0,0,0,0,0,0,0,0,0,0,0,0
1770178413064595959,0.00072065,0.877782,-2.07032,0.166,1.08282,-1.60238,-0.0971112,0.582343,-1.95079,0.0723847,0.806679,-1.96827,0,0,0,0,0,0,0,0,0,0,0,0,0,0,0,0,0,0,0,0,0,0,0,0
1770178413084671378,-0.000794597,0.879272,-2.06883,0.163675,1.08503,-1.60456,-0.0986653,0.583804,-1.94935,0.0736474,0.807904,-1.96705,0,0,0,0,0,0,0,0,0,0,0,0,0,0,0,0,0,0,0,0,0,0,0,0
1770178413104744972,0.000727137,0.877776,-2.07033,0.166,1.08282,-1.60238,-0.0971116,0.582343,-1.95078,0.0723857,0.80668,-1.96826,0,0,0,0,0,0,0,0,0,0,0,0,0,0,0,0,0,0,0,0,0,0,0,0
1770178413124821511,-0.000801884,0.879279,-2.06883,0.163675,1.08503,-1.60456,-0.0986649,0.583804,-1.94935,0.0736464,0.807903,-1.96705,0,0,0,0,0,0,0,0,0,0,0,0,0,0,0,0,0,0,0,0,0,0,0,0
1770178413144898049,0.000733258,0.87777,-2.07033,0.166,1.08282,-1.60238,-0.0971119,0.582344,-1.95078,0.0723867,0.806681,-1.96826,0,0,0,0,0,0,0,0,0,0,0,0,0,0,0,0,0,0,0,0,0,0,0,0
1770178413164971931,-0.000808764,0.879286,-2.06882,0.163675,1.08503,-1.60456,-0.0986645,0.583803,-1.94935,0.0736453,0.807902,-1.96705,0,0,0,0,0,0,0,0,0,0,0,0,0,0,0,0,0,0,0,0,0,0,0,0
1770178413185053846,0.000739023,0.877764,-2.07034,0.166,1.08282,-1.60238,-0.0971122,0.582344,-1.95078,0.0723876,0.806682,-1.96826,0,0,0,0,0,0,0,0,0,0,0,0,0,0,0,0,0,0,0,0,0,0,0,0
1770178413205127664,-0.000815247,0.879292,-2.06881,0.163675,1.08503,-1.60456,-0.0986641,0.583803,-1.94935,0.0736443,0.807901,-1.96705,0,0,0,0,0,0,0,0,0,0,0,0,0,0,0,0,0,0,0,0,0,0,0,0
1770178413225204523,0.000744444,0.877759,-2.07034,0.165999,1.08282,-1.60238,-0.0971126,0.582344,-1.95078,0.0723884,0.806682,-1.96826,0,0,0,0,0,0,0,0,0,0,0,0,0,0,0,0,0,0,0,0,0,0,0,0
1770178413245281157,-0.000821346,0.879298,-2.06881,0.163675,1.08503,-1.60456,-0.0986638,0.583803,-1.94935,0.0736434,0.8079,-1.96705,0,0,0,0,0,0,0,0,0,0,0,0,0,0,0,0,0,0,0,0,0,0,0,0
1770178413265361024,0.000749534,0.877754,-2.07035,0.165999,1.08282,-1.60238,-0.0971128,0.582344,-1.95078,0.0723892,0.806683,-1.96826,0,0,0,0,0,0,0,0,0,0,0,0,0,0,0,0,0,0,0,0,0,0,0,0
1770178413285439802,-0.000827075,0.879304,-2.0688,0.163675,1.08503,-1.60456,-0.0986635,0.583802,-1.94935,0.0736425,0.807899,-1.96705,0,0,0,0,0,0,0,0,0,0,0,0,0,0,0,0,0,0,0,0,0,0,0,0
1770178413305518389,0.000754305,0.877749,-2.07035,0.165999,1.08282,-1.60238,-0.0971131,0.582345,-1.95078,0.07239,0.806684,-1.96826,0,0,0,0,0,0,0,0,0,0,0,0,0,0,0,0,0,0,0,0,0,0,0,0
1770178413325599247,-0.000832447,0.879309,-2.0688,0.163675,1.08503,-1.60456,-0.0986632,0.583802,-1.94935,0.0736417,0.807899,-1.96705,0,0,0,0,0,0,0,0,0,0,0,0,0,0,0,0,0,0,0,0,0,0,0,0
1770178413345674377,0.000758771,0.877745,-2.07036,0.165999,1.08282,-1.60238,-0.0971134,0.582345,-1.95078,0.0723908,0.806685,-1.96826,0,0,0,0,0,0,0,0,0,0,0,0,0,0,0,0,0,0,0,0,0,0,0,0
1770178413365746500,-0.000837478,0.879314,-2.06879,0.163675,1.08503,-1.60456,-0.0986629,0.583802,-1.94935,0.0736408,0.807898,-1.96705,0,0,0,0,0,0,0,0,0,0,0,0,0,0,0,0,0,0,0,0,0,0,0,0
1770178413385821150,0.000762946,0.877741,-2.07036,0.165999,1.08282,-1.60238,-0.0971136,0.582345,-1.95078,0.0723915,0.806685,-1.96826,0,0,0,0,0,0,0,0,0,0,0,0,0,0,0,0,0,0,0,0,0,0,0,0
1770178413405898937,-0.000842182,0.879319,-2.06879,0.163675,1.08503,-1.60456,-0.0986626,0.583802,-1.94935,0.0736401,0.807897,-1.96706,0,0,0,0,0,0,0,0,0,0,0,0,0,0,0,0,0,0,0,0,0,0,0,0
1770178413425971635,0.000766843,0.877737,-2.07037,0.165999,1.08282,-1.60238,-0.0971138,0.582345,-1.95078,0.0723921,0.806686,-1.96826,0,0,0,0,0,0,0,0,0,0,0,0,0,0,0,0,0,0,0,0,0,0,0,0
1770178413446049677,-0.000846576,0.879323,-2.06878,0.163675,1.08503,-1.60456,-0.0986624,0.583801,-1.94935,0.0736393,0.807896,-1.96706,0,0,0,0,0,0,0,0,0,0,0,0,0,0,0,0,0,0,0,0,0,0,0,0
1770178413466128616,0.000770478,0.877733,-2.07037,0.165999,1.08282,-1.60238,-0.097114,0.582345,-1.95078,0.0723928,0.806687,-1.96826,0,0,0,0,0,0,0,0,0,0,0,0,0,0,0,0,0,0,0,0,0,0,0,0
1770178413486202658,-0.000850675,0.879327,-2.06878,0.163675,1.08503,-1.60456,-0.0986621,0.583801,-1.94935,0.0736386,0.807896,-1.96706,0,0,0,0,0,0,0,0,0,0,0,0,0,0,0,0,0,0,0,0,0,0,0,0
1770178413506282877,0.000773864,0.87773,-2.07037,0.165999,1.08282,-1.60238,-0.0971142,0.582346,-1.95078,0.0723934,0.806687,-1.96826,0,0,0,0,0,0,0,0,0,0,0,0,0,0,0,0,0,0,0,0,0,0,0,0
1770178413526362647,-0.000854494,0.879331,-2.06877,0.163675,1.08503,-1.60456,-0.0986619,0.583801,-1.94935,0.0736379,0.807895,-1.96706,0,0,0,0,0,0,0,0,0,0,0,0,0,0,0,0,0,0,0,0,0,0,0,0
1770178413546443506,0.000777015,0.877727,-2.07038,0.165999,1.08282,-1.60238,-0.0971144,0.582346,-1.95078,0.072394,0.806688,-1.96826,0,0,0,0,0,0,0,0,0,0,0,0,0,0,0,0,0,0,0,0,0,0,0,0
1770178413566527340,-0.000858048,0.879335,-2.06877,0.163675,1.08503,-1.60456,-0.0986617,0.583801,-1.94935,0.0736373,0.807894,-1.96706,0,0,0,0,0,0,0,0,0,0,0,0,0,0,0,0,0,0,0,0,0,0,0,0
1770178413586598663,0.000779943,0.877724,-2.07038,0.165999,1.08282,-1.60238,-0.0971146,0.582346,-1.95078,0.0723946,0.806688,-1.96826,0,0,0,0,0,0,0,0,0,0,0,0,0,0,0,0,0,0,0,0,0,0,0,0
1770178413606677761,-0.000861354,0.879338,-2.06877,0.163675,1.08503,-1.60456,-0.0986615,0.5838,-1.94935,0.0736367,0.807894,-1.96706,0,0,0,0,0,0,0,0,0,0,0,0,0,0,0,0,0,0,0,0,0,0,0,0
1770178413626753084,0.000782663,0.877721,-2.07038,0.165999,1.08282,-1.60238,-0.0971147,0.582346,-1.95078,0.0723951,0.806689,-1.96826,0,0,0,0,0,0,0,0,0,0,0,0,0,0,0,0,0,0,0,0,0,0,0,0
1770178413646833654,-0.000864424,0.879341,-2.06876,0.163675,1.08503,-1.60456,-0.0986614,0.5838,-1.94935,0.0736361,0.807893,-1.96706,0,0,0,0,0,0,0,0,0,0,0,0,0,0,0,0,0,0,0,0,0,0,0,0
1770178413666915217,0.000785187,0.877719,-2.07038,0.165999,1.08282,-1.60238,-0.0971149,0.582346,-1.95078,0.0723956,0.806689,-1.96826,0,0,0,0,0,0,0,0,0,0,0,0,0,0,0,0,0,0,0,0,0,0,0,0
1770178413686996267,-0.000867274,0.879344,-2.06876,0.163675,1.08503,-1.60456,-0.0986612,0.5838,-1.94935,0.0736355,0.807893,-1.96706,0,0,0,0,0,0,0,0,0,0,0,0,0,0,0,0,0,0,0,0,0,0,0,0
1770178413707078598,0.000787528,0.877717,-2.07039,0.165999,1.08282,-1.60238,-0.097115,0.582346,-1.95078,0.0723961,0.80669,-1.96825,0,0,0,0,0,0,0,0,0,0,0,0,0,0,0,0,0,0,0,0,0,0,0,0
1770178413727157888,-0.000869917,0.879347,-2.06876,0.163675,1.08503,-1.60456,-0.098661,0.5838,-1.94936,0.073635,0.807892,-1.96706,0,0,0,0,0,0,0,0,0,0,0,0,0,0,0,0,0,0,0,0,0,0,0,0
1770178413747242331,0.000789696,0.877714,-2.07039,0.165999,1.08282,-1.60238,-0.0971152,0.582346,-1.95078,0.0723966,0.80669,-1.96825,0,0,0,0,0,0,0,0,0,0,0,0,0,0,0,0,0,0,0,0,0,0,0,0
1770178413767320597,0.00636971,1.1258,-1.62415,0.179555,1.12049,-1.67552,-0.241235,0.773416,-2.19561,0.330902,0.541852,-2.12077,0,0,0,0,0,0,0,0,0,0,0,0,0,0,0,0,0,0,0,0,0,0,0,0
1770178413787397712,0.00112022,1.12583,-1.59975,0.176805,1.12212,-1.67856,-0.225962,0.764783,-2.18847,0.333106,0.538771,-2.12079,0,0,0,0,0,0,0,0,0,0,0,0,0,0,0,0,0,0,0,0,0,0,0,0
1770178413807480202,-0.000656261,1.12481,-1.59998,0.179074,1.12282,-1.67838,-0.225938,0.766412,-2.19069,0.331499,0.540438,-2.119,0,0,0,0,0,0,0,0,0,0,0,0,0,0,0,0,0,0,0,0,0,0,0,0
1770178413827559365,0.000798989,1.12584,-1.6011,0.176376,1.12212,-1.67832,-0.224783,0.765067,-2.18931,0.333305,0.538634,-2.12077,0,0,0,0,0,0,0,0,0,0,0,0,0,0,0,0,0,0,0,0,0,0,0,0
1770178413847635391,-0.000500197,1.12455,-1.59978,0.173828,1.12339,-1.67688,-0.226108,0.766442,-2.19067,0.331415,0.540517,-2.11891,0,0,0,0,0,0,0,0,0,0,0,0,0,0,0,0,0,0,0,0,0,0,0,0
1770178413867712698,0.000850218,1.12597,-1.60122,0.176347,1.12213,-1.67857,-0.224707,0.765013,-2.18926,0.3334,0.53854,-2.12086,0,0,0,0,0,0,0,0,0,0,0,0,0,0,0,0,0,0,0,0,0,0,0,0
1770178413887799188,-0.000561423,1.12443,-1.59966,0.173808,1.12349,-1.67683,-0.226177,0.76651,-2.19074,0.331332,0.5406,-2.11883,0,0,0,0,0,0,0,0,0,0,0,0,0,0,0,0,0,0,0,0,0,0,0,0
1770178413907879855,0.000947015,1.12608,-1.60133,0.176364,1.12203,-1.67865,-0.224645,0.764951,-2.1892,0.333495,0.538445,-2.12096,0,0,0,0,0,0,0,0,0,0,0,0,0,0,0,0,0,0,0,0,0,0,0,0
1770178413927957225,-0.000650203,1.12432,-1.59956,0.173795,1.12359,-1.67676,-0.226247,0.766581,-2.19081,0.331252,0.54068,-2.11875,0,0,0,0,0,0,0,0,0,0,0,0,0,0,0,0,0,0,0,0,0,0,0,0
1770178413948029763,0.00105536,1.12619,-1.60145,0.176378,1.12193,-1.67873,-0.224583,0.764887,-2.18913,0.333587,0.538354,-2.12105,0,0,0,0,0,0,0,0,0,0,0,0,0,0,0,0,0,0,0,0,0,0,0,0
1770178413968108798,-0.00074501,1.12422,-1.59945,0.173785,1.12368,-1.67669,-0.226319,0.766654,-2.19088,0.331178,0.540753,-2.11868,0,0,0,0,0,0,0,0,0,0,0,0,0,0,0,0,0,0,0,0,0,0,0,0
1770178413988187576,0.00116864,1.12631,-1.60157,0.17639,1.12182,-1.67881,-0.22452,0.764824,-2.18907,0.333671,0.53827,-2.12113,0,0,0,0,0,0,0,0,0,0,0,0,0,0,0,0,0,0,0,0,0,0,0,0
1770178414008261715,-0.000839706,1.12411,-1.59934,0.173777,1.12378,-1.67662,-0.22639,0.766727,-2.19096,0.331117,0.540814,-2.11862,0,0,0,0,0,0,0,0,0,0,0,0,0,0,0,0,0,0,0,0,0,0,0,0
1770178414028340717,0.00128098,1.12642,-1.60169,0.176399,1.12171,-1.6789,-0.224459,0.764762,-2.18901,0.333741,0.5382,-2.1212,0,0,0,0,0,0,0,0,0,0,0,0,0,0,0,0,0,0,0,0,0,0,0,0
1770178414048414216,-0.000924717,1.12403,-1.59926,0.173771,1.12387,-1.67655,-0.226461,0.766798,-2.19103,0.331257,0.540661,-2.11875,0,0,0,0,0,0,0,0,0,0,0,0,0,0,0,0,0,0,0,0,0,0,0,0
1770178414068493058,0.0013743,1.12652,-1.60178,0.176408,1.1216,-1.67898,-0.2244,0.764702,-2.18895,0.333579,0.538363,-2.12104,0,0,0,0,0,0,0,0,0,0,0,0,0,0,0,0,0,0,0,0,0,0,0,0
1770178414088565756,0.00431634,1.12882,-1.59918,0.173764,1.12396,-1.67649,-0.226528,0.766867,-2.19109,0.331185,0.540747,-2.11869,0,0,0,0,0,0,0,0,0,0,0,0,0,0,0,0,0,0,0,0,0,0,0,0
1770178414108636407,0.00140101,1.12642,-1.60167,0.176415,1.12151,-1.67905,-0.224345,0.764646,-2.18889,0.333664,0.538278,-2.12112,0,0,0,0,0,0,0,0,0,0,0,0,0,0,0,0,0,0,0,0,0,0,0,0
1770178414128709457,0.00394975,1.124,-1.59921,0.174045,1.11905,-1.67656,-0.226592,0.766931,-2.19116,0.331122,0.540809,-2.11863,0,0,0,0,0,0,0,0,0,0,0,0,0,0,0,0,0,0,0,0,0,0,0,0
1770178414148786892,0.00142135,1.12655,-1.60187,0.17651,1.12153,-1.67915,-0.224295,0.764595,-2.18884,0.333735,0.538206,-2.12119,0,0,0,0,0,0,0,0,0,0,0,0,0,0,0,0,0,0,0,0,0,0,0,0
1770178414168862854,0.00455715,1.12946,-1.60465,0.173998,1.119,-1.67651,-0.22665,0.76699,-2.19122,0.331143,0.540785,-2.11864,0,0,0,0,0,0,0,0,0,0,0,0,0,0,0,0,0,0,0,0,0,0,0,0
1770178414188936896,0.00152172,1.12667,-1.60193,0.176565,1.12159,-1.67921,-0.22425,0.764551,-2.1888,0.333711,0.53823,-2.12117,0,0,0,0,0,0,0,0,0,0,0,0,0,0,0,0,0,0,0,0,0,0,0,0
1770178414209011099,0.0045019,1.12941,-1.60459,0.173392,1.12453,-1.68195,-0.226701,0.767042,-2.19127,0.331101,0.54083,-2.1186,0,0,0,0,0,0,0,0,0,0,0,0,0,0,0,0,0,0,0,0,0,0,0,0
1770178414229088757,0.00158273,1.12673,-1.60199,0.176378,1.12179,-1.67936,-0.224212,0.764513,-2.18876,0.33376,0.538182,-2.12122,0,0,0,0,0,0,0,0,0,0,0,0,0,0,0,0,0,0,0,0,0,0,0,0
1770178414249169616,0.00446077,1.12937,-1.60456,0.173506,1.12451,-1.68205,-0.226745,0.767087,-2.19131,0.336469,0.53546,-2.12396,0,0,0,0,0,0,0,0,0,0,0,0,0,0,0,0,0,0,0,0,0,0,0,0
1770178414269247178,0.00162625,1.12677,-1.60203,0.176328,1.12185,-1.67943,-0.224181,0.764482,-2.18873,0.333927,0.538017,-2.12139,0,0,0,0,0,0,0,0,0,0,0,0,0,0,0,0,0,0,0,0,0,0,0,0
1770178414289327013,0.00443056,1.12935,-1.60454,0.17354,1.12447,-1.68202,-0.226781,0.767123,-2.19135,0.336495,0.535437,-2.124,0,0,0,0,0,0,0,0,0,0,0,0,0,0,0,0,0,0,0,0,0,0,0,0
1770178414309406655,0.00165899,1.12681,-1.60206,0.176288,1.12189,-1.67947,-0.224157,0.764459,-2.1887,0.333892,0.538053,-2.12135,0,0,0,0,0,0,0,0,0,0,0,0,0,0,0,0,0,0,0,0,0,0,0,0
1770178414329485210,0.0044074,1.12933,-1.60452,0.173568,1.12445,-1.682,-0.226808,0.767151,-2.19138,0.33652,0.535412,-2.12403,0,0,0,0,0,0,0,0,0,0,0,0,0,0,0,0,0,0,0,0,0,0,0,0
1770178414349566964,0.00168435,1.12683,-1.60209,0.176257,1.12192,-1.6795,-0.224141,0.764444,-2.18869,0.333863,0.538082,-2.12132,0,0,0,0,0,0,0,0,0,0,0,0,0,0,0,0,0,0,0,0,0,0,0,0
1770178414369643279,0.00438921,1.12931,-1.6045,0.17359,1.12443,-1.68198,-0.226827,0.76717,-2.1914,0.336539,0.535393,-2.12405,0,0,0,0,0,0,0,0,0,0,0,0,0,0,0,0,0,0,0,0,0,0,0,0
1770178414389719465,0.00170436,1.12685,-1.60211,0.176232,1.12195,-1.67952,-0.224131,0.764435,-2.18868,0.333841,0.538104,-2.1213,0,0,0,0,0,0,0,0,0,0,0,0,0,0,0,0,0,0,0,0,0,0,0,0
1770178414409797155,0.0043747,1.1293,-1.60449,0.173608,1.12441,-1.68196,-0.226838,0.767182,-2.19141,0.336553,0.535379,-2.12406,0,0,0,0,0,0,0,0,0,0,0,0,0,0,0,0,0,0,0,0,0,0,0,0
1770178414429876094,0.00172035,1.12687,-1.60212,0.176213,1.12197,-1.67954,-0.224127,0.764432,-2.18867,0.333825,0.53812,-2.12128,0,0,0,0,0,0,0,0,0,0,0,0,0,0,0,0,0,0,0,0,0,0,0,0
1770178414449957208,0.004363,1.12929,-1.60448,0.173622,1.1244,-1.68195,-0.226844,0.767187,-2.19141,0.336562,0.535369,-2.12407,0,0,0,0,0,0,0,0,0,0,0,0,0,0,0,0,0,0,0,0,0,0,0,0
1770178414470031955,0.00173326,1.12688,-1.60214,0.176197,1.12198,-1.67955,-0.224125,0.76443,-2.18867,0.333814,0.538131,-2.12127,0,0,0,0,0,0,0,0,0,0,0,0,0,0,0,0,0,0,0,0,0,0,0,0
1770178414490108141,0.0043535,1.12928,-1.60447,0.173633,1.12439,-1.68194,-0.226846,0.767189,-2.19141,0.336567,0.535364,-2.12407,0,0,0,0,0,0,0,0,0,0,0,0,0,0,0,0,0,0,0,0,0,0,0,0
1770178414510182600,0.00174377,1.12689,-1.60215,0.176184,1.12199,-1.67957,-0.224124,0.76443,-2.18867,0.333808,0.538137,-2.12127,0,0,0,0,0,0,0,0,0,0,0,0,0,0,0,0,0,0,0,0,0,0,0,0
1770178414530259362,0.00434573,1.12927,-1.60447,0.173643,1.12438,-1.68193,-0.226846,0.76719,-2.19142,0.33657,0.535361,-2.12408,0,0,0,0,0,0,0,0,0,0,0,0,0,0,0,0,0,0,0,0,0,0,0,0
1770178414550341213,0.00175236,1.1269,-1.60215,0.176174,1.122,-1.67958,-0.224124,0.76443,-2.18867,0.333805,0.538141,-2.12126,0,0,0,0,0,0,0,0,0,0,0,0,0,0,0,0,0,0,0,0,0,0,0,0
1770178414570419127,0.00433935,1.12926,-1.60446,0.17365,1.12437,-1.68193,-0.226846,0.76719,-2.19142,0.336571,0.53536,-2.12408,0,0,0,0,0,0,0,0,0,0,0,0,0,0,0,0,0,0,0,0,0,0,0,0
1770178414590495249,0.00175941,1.12691,-1.60216,0.176165,1.12201,-1.67958,-0.224124,0.76443,-2.18867,0.333803,0.538142,-2.12126,0,0,0,0,0,0,0,0,0,0,0,0,0,0,0,0,0,0,0,0,0,0,0,0
1770178414610574316,0.00433409,1.12926,-1.60446,0.173657,1.12437,-1.68192,-0.226846,0.76719,-2.19142,0.336572,0.53536,-2.12408,0,0,0,0,0,0,0,0,0,0,0,0,0,0,0,0,0,0,0,0,0,0,0,0
1770178414630654118,0.00176524,1.12691,-1.60217,0.176158,1.12202,-1.67959,-0.224124,0.76443,-2.18867,0.333803,0.538143,-2.12126,0,0,0,0,0,0,0,0,0,0,0,0,0,0,0,0,0,0,0,0,0,0,0,0
1770178414650736385,0.00432973,1.12926,-1.60445,0.173662,1.12436,-1.68191,-0.226846,0.76719,-2.19142,0.336572,0.535359,-2.12408,0,0,0,0,0,0,0,0,0,0,0,0,0,0,0,0,0,0,0,0,0,0,0,0
1770178414670810875,0.00177005,1.12692,-1.60217,0.176152,1.12203,-1.6796,-0.224124,0.76443,-2.18867,0.333802,0.538143,-2.12126,0,0,0,0,0,0,0,0,0,0,0,0,0,0,0,0,0,0,0,0,0,0,0,0
1770178414690885526,0.00432612,1.12925,-1.60445,0.173667,1.12436,-1.68191,-0.226847,0.76719,-2.19142,0.336572,0.535359,-2.12408,0,0,0,0,0,0,0,0,0,0,0,0,0,0,0,0,0,0,0,0,0,0,0,0
1770178414710959920,0.00177405,1.12692,-1.60217,0.176147,1.12203,-1.6796,-0.224124,0.76443,-2.18867,0.333802,0.538143,-2.12126,0,0,0,0,0,0,0,0,0,0,0,0,0,0,0,0,0,0,0,0,0,0,0,0
1770178414731041259,0.00432312,1.12925,-1.60445,0.17367,1.12435,-1.68191,-0.226847,0.76719,-2.19142,0.336572,0.535359,-2.12408,0,0,0,0,0,0,0,0,0,0,0,0,0,0,0,0,0,0,0,0,0,0,0,0
1770178414751115365,0.00177737,1.12692,-1.60218,0.176143,1.12203,-1.67961,-0.224124,0.76443,-2.18867,0.333802,0.538143,-2.12126,0,0,0,0,0,0,0,0,0,0,0,0,0,0,0,0,0,0,0,0,0,0,0,0
1770178414771184511,0.00432063,1.12925,-1.60444,0.173673,1.12435,-1.6819,-0.226847,0.76719,-2.19142,0.336572,0.535359,-2.12408,0,0,0,0,0,0,0,0,0,0,0,0,0,0,0,0,0,0,0,0,0,0,0,0
1770178414791260122,0.00178013,1.12693,-1.60218,0.176139,1.12204,-1.67961,-0.224124,0.76443,-2.18867,0.333802,0.538143,-2.12126,0,0,0,0,0,0,0,0,0,0,0,0,0,0,0,0,0,0,0,0,0,0,0,0
1770178414811333652,0.00431855,1.12925,-1.60444,0.173676,1.12435,-1.6819,-0.226847,0.76719,-2.19142,0.336572,0.535359,-2.12408,0,0,0,0,0,0,0,0,0,0,0,0,0,0,0,0,0,0,0,0,0,0,0,0
1770178414831412111,0.00178243,1.12693,-1.60218,0.176136,1.12204,-1.67961,-0.224124,0.76443,-2.18867,0.333802,0.538143,-2.12126,0,0,0,0,0,0,0,0,0,0,0,0,0,0,0,0,0,0,0,0,0,0,0,0
1770178414851486505,0.00431681,1.12924,-1.60444,0.173678,1.12435,-1.6819,-0.226847,0.76719,-2.19142,0.336572,0.535359,-2.12408,0,0,0,0,0,0,0,0,0,0,0,0,0,0,0,0,0,0,0,0,0,0,0,0
1770178414871563715,0.00178436,1.12693,-1.60218,0.176134,1.12204,-1.67961,-0.224124,0.76443,-2.18867,0.333802,0.538143,-2.12126,0,0,0,0,0,0,0,0,0,0,0,0,0,0,0,0,0,0,0,0,0,0,0,0
1770178414891643614,0.00431536,1.12924,-1.60444,0.17368,1.12434,-1.6819,-0.226847,0.76719,-2.19142,0.336572,0.535359,-2.12408,0,0,0,0,0,0,0,0,0,0,0,0,0,0,0,0,0,0,0,0,0,0,0,0
1770178414911722008,0.00178596,1.12693,-1.60219,0.176132,1.12205,-1.67962,-0.224124,0.76443,-2.18867,0.333802,0.538143,-2.12126,0,0,0,0,0,0,0,0,0,0,0,0,0,0,0,0,0,0,0,0,0,0,0,0
1770178414931795955,0.00431415,1.12924,-1.60444,0.173682,1.12434,-1.6819,-0.226847,0.76719,-2.19142,0.336572,0.535359,-2.12408,0,0,0,0,0,0,0,0,0,0,0,0,0,0,0,0,0,0,0,0,0,0,0,0
1770178414951869677,0.0017873,1.12693,-1.60219,0.17613,1.12205,-1.67962,-0.224124,0.76443,-2.18867,0.333802,0.538143,-2.12126,0,0,0,0,0,0,0,0,0,0,0,0,0,0,0,0,0,0,0,0,0,0,0,0
1770178414971939431,0.00431313,1.12924,-1.60444,0.173683,1.12434,-1.6819,-0.226847,0.76719,-2.19142,0.336572,0.535359,-2.12408,0,0,0,0,0,0,0,0,0,0,0,0,0,0,0,0,0,0,0,0,0,0,0,0
1770178414992014980,0.00178843,1.12693,-1.60219,0.176129,1.12205,-1.67962,-0.224124,0.76443,-2.18867,0.333802,0.538143,-2.12126,0,0,0,0,0,0,0,0,0,0,0,0,0,0,0,0,0,0,0,0,0,0,0,0
1770178415012086981,0.00431229,1.12924,-1.60444,0.173684,1.12434,-1.6819,-0.226847,0.76719,-2.19142,0.336572,0.535359,-2.12408,0,0,0,0,0,0,0,0,0,0,0,0,0,0,0,0,0,0,0,0,0,0,0,0
1770178415032162822,0.00178936,1.12694,-1.60219,0.176128,1.12205,-1.67962,-0.224124,0.76443,-2.18867,0.333802,0.538143,-2.12126,0,0,0,0,0,0,0,0,0,0,0,0,0,0,0,0,0,0,0,0,0,0,0,0
1770178415052233895,0.00431158,1.12924,-1.60444,0.173685,1.12434,-1.68189,-0.226847,0.76719,-2.19142,0.336572,0.535359,-2.12408,0,0,0,0,0,0,0,0,0,0,0,0,0,0,0,0,0,0,0,0,0,0,0,0
1770178415072310440,0.00179015,1.12694,-1.60219,0.176126,1.12205,-1.67962,-0.224124,0.76443,-2.18867,0.333802,0.538143,-2.12126,0,0,0,0,0,0,0,0,0,0,0,0,0,0,0,0,0,0,0,0,0,0,0,0
1770178415092393417,0.00431098,1.12924,-1.60444,0.173686,1.12434,-1.68189,-0.226847,0.76719,-2.19142,0.336572,0.535359,-2.12408,0,0,0,0,0,0,0,0,0,0,0,0,0,0,0,0,0,0,0,0,0,0,0,0
1770178415112463562,0.00179081,1.12694,-1.60219,0.176126,1.12205,-1.67962,-0.224124,0.76443,-2.18867,0.333802,0.538143,-2.12126,0,0,0,0,0,0,0,0,0,0,0,0,0,0,0,0,0,0,0,0,0,0,0,0
1770178415132540267,0.00431048,1.12924,-1.60444,0.173686,1.12434,-1.68189,-0.226847,0.76719,-2.19142,0.336572,0.535359,-2.12408,0,0,0,0,0,0,0,0,0,0,0,0,0,0,0,0,0,0,0,0,0,0,0,0
1770178415152622028,0.00179136,1.12694,-1.60219,0.176125,1.12205,-1.67962,-0.224124,0.76443,-2.18867,0.333802,0.538143,-2.12126,0,0,0,0,0,0,0,0,0,0,0,0,0,0,0,0,0,0,0,0,0,0,0,0
1770178415172696588,0.00431006,1.12924,-1.60444,0.173687,1.12434,-1.68189,-0.226847,0.76719,-2.19142,0.336572,0.535359,-2.12408,0,0,0,0,0,0,0,0,0,0,0,0,0,0,0,0,0,0,0,0,0,0,0,0
1770178415192770061,0.00179182,1.12694,-1.60219,0.176124,1.12205,-1.67962,-0.224124,0.76443,-2.18867,0.333802,0.538143,-2.12126,0,0,0,0,0,0,0,0,0,0,0,0,0,0,0,0,0,0,0,0,0,0,0,0
1770178415212853166,0.00430971,1.12924,-1.60444,0.173687,1.12434,-1.68189,-0.226847,0.76719,-2.19142,0.336572,0.535359,-2.12408,0,0,0,0,0,0,0,0,0,0,0,0,0,0,0,0,0,0,0,0,0,0,0,0
1770178415232937391,0.00179221,1.12694,-1.60219,0.176124,1.12205,-1.67962,-0.224124,0.76443,-2.18867,0.333802,0.538143,-2.12126,0,0,0,0,0,0,0,0,0,0,0,0,0,0,0,0,0,0,0,0,0,0,0,0
1770178415253015120,0.00430942,1.12924,-1.60443,0.173688,1.12434,-1.68189,-0.226847,0.76719,-2.19142,0.336572,0.535359,-2.12408,0,0,0,0,0,0,0,0,0,0,0,0,0,0,0,0,0,0,0,0,0,0,0,0
1770178415273093073,0.00179254,1.12694,-1.60219,0.176123,1.12205,-1.67962,-0.224124,0.76443,-2.18867,0.333802,0.538143,-2.12126,0,0,0,0,0,0,0,0,0,0,0,0,0,0,0,0,0,0,0,0,0,0,0,0
1770178415293170770,0.00430917,1.12924,-1.60443,0.173688,1.12434,-1.68189,-0.226847,0.76719,-2.19142,0.336572,0.535359,-2.12408,0,0,0,0,0,0,0,0,0,0,0,0,0,0,0,0,0,0,0,0,0,0,0,0
1770178415313247411,0.00179281,1.12694,-1.60219,0.176123,1.12205,-1.67962,-0.224124,0.76443,-2.18867,0.333802,0.538143,-2.12126,0,0,0,0,0,0,0,0,0,0,0,0,0,0,0,0,0,0,0,0,0,0,0,0
1770178415333324788,0.00430897,1.12924,-1.60443,0.173688,1.12434,-1.68189,-0.226847,0.76719,-2.19142,0.336572,0.535359,-2.12408,0,0,0,0,0,0,0,0,0,0,0,0,0,0,0,0,0,0,0,0,0,0,0,0
1770178415353403893,0.00179304,1.12694,-1.60219,0.176123,1.12205,-1.67962,-0.224124,0.76443,-2.18867,0.333802,0.538143,-2.12126,0,0,0,0,0,0,0,0,0,0,0,0,0,0,0,0,0,0,0,0,0,0,0,0
1770178415373481910,0.00430879,1.12924,-1.60443,0.173689,1.12434,-1.68189,-0.226847,0.76719,-2.19142,0.336572,0.535359,-2.12408,0,0,0,0,0,0,0,0,0,0,0,0,0,0,0,0,0,0,0,0,0,0,0,0
1770178415393559671,0.00179323,1.12694,-1.60219,0.176122,1.12205,-1.67963,-0.224124,0.76443,-2.18867,0.333802,0.538143,-2.12126,0,0,0,0,0,0,0,0,0,0,0,0,0,0,0,0,0,0,0,0,0,0,0,0
1770178415413638712,0.00430865,1.12924,-1.60443,0.173689,1.12434,-1.68189,-0.226847,0.76719,-2.19142,0.336572,0.535359,-2.12408,0,0,0,0,0,0,0,0,0,0,0,0,0,0,0,0,0,0,0,0,0,0,0,0
1770178415433721017,0.00179339,1.12694,-1.60219,0.176122,1.12205,-1.67963,-0.224124,0.76443,-2.18867,0.333802,0.538143,-2.12126,0,0,0,0,0,0,0,0,0,0,0,0,0,0,0,0,0,0,0,0,0,0,0,0
1770178415453800538,0.00430853,1.12924,-1.60443,0.173689,1.12434,-1.68189,-0.226847,0.76719,-2.19142,0.336572,0.535359,-2.12408,0,0,0,0,0,0,0,0,0,0,0,0,0,0,0,0,0,0,0,0,0,0,0,0
1770178415473879259,0.00179353,1.12694,-1.60219,0.176122,1.12205,-1.67963,-0.224124,0.76443,-2.18867,0.333802,0.538143,-2.12126,0,0,0,0,0,0,0,0,0,0,0,0,0,0,0,0,0,0,0,0,0,0,0,0
1770178415493957660,0.00430842,1.12924,-1.60443,0.173689,1.12434,-1.68189,-0.226847,0.76719,-2.19142,0.336572,0.535359,-2.12408,0,0,0,0,0,0,0,0,0,0,0,0,0,0,0,0,0,0,0,0,0,0,0,0
1770178415514034429,0.00179364,1.12694,-1.60219,0.176122,1.12206,-1.67963,-0.224124,0.76443,-2.18867,0.333802,0.538143,-2.12126,0,0,0,0,0,0,0,0,0,0,0,0,0,0,0,0,0,0,0,0,0,0,0,0
1770178415534111966,0.00430834,1.12924,-1.60443,0.173689,1.12434,-1.68189,-0.226847,0.76719,-2.19142,0.336572,0.535359,-2.12408,0,0,0,0,0,0,0,0,0,0,0,0,0,0,0,0,0,0,0,0,0,0,0,0
1770178415554189023,0.00179374,1.12694,-1.60219,0.176122,1.12206,-1.67963,-0.224124,0.76443,-2.18867,0.333802,0.538143,-2.12126,0,0,0,0,0,0,0,0,0,0,0,0,0,0,0,0,0,0,0,0,0,0,0,0
1770178415574267648,0.00430827,1.12924,-1.60443,0.173689,1.12434,-1.68189,-0.226847,0.76719,-2.19142,0.336572,0.535359,-2.12408,0,0,0,0,0,0,0,0,0,0,0,0,0,0,0,0,0,0,0,0,0,0,0,0
1770178415594346337,0.00179381,1.12694,-1.60219,0.176122,1.12206,-1.67963,-0.224124,0.76443,-2.18867,0.333802,0.538143,-2.12126,0,0,0,0,0,0,0,0,0,0,0,0,0,0,0,0,0,0,0,0,0,0,0,0
1770178415614424258,0.00430821,1.12924,-1.60443,0.173689,1.12434,-1.68189,-0.226847,0.76719,-2.19142,0.336572,0.535359,-2.12408,0,0,0,0,0,0,0,0,0,0,0,0,0,0,0,0,0,0,0,0,0,0,0,0
1770178415634505219,0.00179388,1.12694,-1.60219,0.176121,1.12206,-1.67963,-0.224124,0.76443,-2.18867,0.333802,0.538143,-2.12126,0,0,0,0,0,0,0,0,0,0,0,0,0,0,0,0,0,0,0,0,0,0,0,0
1770178415654583620,0.00430816,1.12924,-1.60443,0.17369,1.12434,-1.68189,-0.226847,0.76719,-2.19142,0.336572,0.535359,-2.12408,0,0,0,0,0,0,0,0,0,0,0,0,0,0,0,0,0,0,0,0,0,0,0,0
1770178415674664005,0.00179394,1.12694,-1.60219,0.176121,1.12206,-1.67963,-0.224124,0.76443,-2.18867,0.333802,0.538143,-2.12126,0,0,0,0,0,0,0,0,0,0,0,0,0,0,0,0,0,0,0,0,0,0,0,0
1770178415694741606,0.00430811,1.12924,-1.60443,0.17369,1.12434,-1.68189,-0.226847,0.76719,-2.19142,0.336572,0.535359,-2.12408,0,0,0,0,0,0,0,0,0,0,0,0,0,0,0,0,0,0,0,0,0,0,0,0
1770178415714820263,0.00179399,1.12694,-1.60219,0.176121,1.12206,-1.67963,-0.224124,0.76443,-2.18867,0.333802,0.538143,-2.12126,0,0,0,0,0,0,0,0,0,0,0,0,0,0,0,0,0,0,0,0,0,0,0,0
1770178415734898248,0.00430808,1.12924,-1.60443,0.17369,1.12434,-1.68189,-0.226847,0.76719,-2.19142,0.336572,0.535359,-2.12408,0,0,0,0,0,0,0,0,0,0,0,0,0,0,0,0,0,0,0,0,0,0,0,0
1770178415754975657,0.00179402,1.12694,-1.60219,0.176121,1.12206,-1.67963,-0.224124,0.76443,-2.18867,0.333802,0.538143,-2.12126,0,0,0,0,0,0,0,0,0,0,0,0,0,0,0,0,0,0,0,0,0,0,0,0
1770178415775055274,0.00430805,1.12924,-1.60443,0.17369,1.12434,-1.68189,-0.226847,0.76719,-2.19142,0.336572,0.535359,-2.12408,0,0,0,0,0,0,0,0,0,0,0,0,0,0,0,0,0,0,0,0,0,0,0,0
1770178415795134091,0.00179406,1.12694,-1.60219,0.176121,1.12206,-1.67963,-0.224124,0.76443,-2.18867,0.333802,0.538143,-2.12126,0,0,0,0,0,0,0,0,0,0,0,0,0,0,0,0,0,0,0,0,0,0,0,0
1770178415815203084,0.00430802,1.12924,-1.60443,0.17369,1.12434,-1.68189,-0.226847,0.76719,-2.19142,0.336572,0.535359,-2.12408,0,0,0,0,0,0,0,0,0,0,0,0,0,0,0,0,0,0,0,0,0,0,0,0
1770178415835282989,0.00179409,1.12694,-1.60219,0.176121,1.12206,-1.67963,-0.224124,0.76443,-2.18867,0.333802,0.538143,-2.12126,0,0,0,0,0,0,0,0,0,0,0,0,0,0,0,0,0,0,0,0,0,0,0,0
1770178415855359085,0.112341,1.20149,-1.55383,0.0913758,0.965512,-1.98229,-0.134478,0.490505,-2.19444,-0.179304,1.21815,-1.66224,0,0,0,0,0,0,0,0,0,0,0,0,0,0,0,0,0,0,0,0,0,0,0,0
1770178415875440783,0.106023,1.19873,-1.56107,0.0916807,0.940818,-1.98073,-0.138237,0.480733,-2.18562,-0.170386,1.24437,-1.72419,0,0,0,0,0,0,0,0,0,0,0,0,0,0,0,0,0,0,0,0,0,0,0,0
1770178415895512655,0.107345,1.19758,-1.5621,0.0917056,0.944285,-1.98135,-0.139121,0.478584,-2.18375,-0.171243,1.24261,-1.7214,0,0,0,0,0,0,0,0,0,0,0,0,0,0,0,0,0,0,0,0,0,0,0,0
1770178415915589648,0.105548,1.19913,-1.56107,0.0906126,0.943259,-1.98277,-0.138323,0.480951,-2.18574,-0.169894,1.24299,-1.72208,0,0,0,0,0,0,0,0,0,0,0,0,0,0,0,0,0,0,0,0,0,0,0,0
1770178415935664465,0.107962,1.19728,-1.56232,0.0917111,0.944428,-1.98154,-0.139001,0.478407,-2.18365,-0.171486,1.24283,-1.72183,0,0,0,0,0,0,0,0,0,0,0,0,0,0,0,0,0,0,0,0,0,0,0,0
1770178415955739474,0.110285,1.19848,-1.56119,0.0905881,0.943261,-1.98274,-0.138472,0.481157,-2.18585,-0.169701,1.243,-1.72198,0,0,0,0,0,0,0,0,0,0,0,0,0,0,0,0,0,0,0,0,0,0,0,0
1770178415975819155,0.108504,1.19775,-1.56247,0.0917146,0.944424,-1.98155,-0.139365,0.483379,-2.18373,-0.171707,1.24276,-1.72187,0,0,0,0,0,0,0,0,0,0,0,0,0,0,0,0,0,0,0,0,0,0,0,0
1770178415995896756,0.109999,1.19838,-1.56147,0.0905873,0.943264,-1.98274,-0.137543,0.481212,-2.18588,-0.169489,1.24309,-1.72193,0,0,0,0,0,0,0,0,0,0,0,0,0,0,0,0,0,0,0,0,0,0,0,0
1770178416015974677,0.108782,1.19786,-1.56231,0.0917125,0.944421,-1.98155,-0.139606,0.483451,-2.18366,-0.171961,1.24267,-1.72192,0,0,0,0,0,0,0,0,0,0,0,0,0,0,0,0,0,0,0,0,0,0,0,0
1770178416036053302,0.109803,1.19829,-1.56162,0.0905892,0.943267,-1.98274,-0.137433,0.481108,-2.18598,-0.169417,1.24319,-1.72187,0,0,0,0,0,0,0,0,0,0,0,0,0,0,0,0,0,0,0,0,0,0,0,0
1770178416056135927,0.108961,1.19794,-1.5622,0.09171,0.944418,-1.98155,-0.139673,0.483533,-2.18358,-0.172052,1.24257,-1.722,0,0,0,0,0,0,0,0,0,0,0,0,0,0,0,0,0,0,0,0,0,0,0,0
1770178416076216504,0.109669,1.19823,-1.56172,0.0905914,0.943269,-1.98274,-0.137346,0.481016,-2.18607,-0.174774,1.24278,-1.72201,0,0,0,0,0,0,0,0,0,0,0,0,0,0,0,0,0,0,0,0,0,0,0,0
1770178416096295833,0.10908,1.19799,-1.56212,0.0917075,0.944416,-1.98155,-0.139196,0.48325,-2.18389,-0.172039,1.2428,-1.72232,0,0,0,0,0,0,0,0,0,0,0,0,0,0,0,0,0,0,0,0,0,0,0,0
1770178416116374906,0.109576,1.19819,-1.56179,0.0905935,0.943271,-1.98273,-0.137714,0.481386,-2.1857,-0.174802,1.24275,-1.72193,0,0,0,0,0,0,0,0,0,0,0,0,0,0,0,0,0,0,0,0,0,0,0,0
1770178416136452795,0.109161,1.19802,-1.56206,0.0917051,0.944413,-1.98156,-0.139469,0.483299,-2.18381,-0.171998,1.2428,-1.72236,0,0,0,0,0,0,0,0,0,0,0,0,0,0,0,0,0,0,0,0,0,0,0,0
1770178416156529660,0.109512,1.19816,-1.56184,0.0905955,0.943273,-1.98273,-0.137596,0.481281,-2.18581,-0.174529,1.24277,-1.72194,0,0,0,0,0,0,0,0,0,0,0,0,0,0,0,0,0,0,0,0,0,0,0,0
1770178416176611037,0.109217,1.19805,-1.56202,0.0917029,0.944411,-1.98156,-0.139558,0.483394,-2.18372,-0.172311,1.24277,-1.72235,0,0,0,0,0,0,0,0,0,0,0,0,0,0,0,0,0,0,0,0,0,0,0,0
1770178416196684446,0.109467,1.19814,-1.56187,0.0905974,0.943276,-1.98273,-0.137494,0.481173,-2.18592,-0.174614,1.24279,-1.72192,0,0,0,0,0,0,0,0,0,0,0,0,0,0,0,0,0,0,0,0,0,0,0,0
1770178416216763135,0.109255,1.19807,-1.562,0.0917007,0.944409,-1.98156,-0.139636,0.483484,-2.18363,-0.172214,1.24276,-1.72237,0,0,0,0,0,0,0,0,0,0,0,0,0,0,0,0,0,0,0,0,0,0,0,0
1770178416236837280,0.109436,1.19812,-1.56189,0.0905993,0.943277,-1.98273,-0.137397,0.48107,-2.18602,-0.174691,1.2428,-1.72189,0,0,0,0,0,0,0,0,0,0,0,0,0,0,0,0,0,0,0,0,0,0,0,0
1770178416256915553,0.109281,1.19808,-1.56198,0.0916986,0.944407,-1.98156,-0.139681,0.483554,-2.18356,-0.172125,1.24275,-1.7224,0,0,0,0,0,0,0,0,0,0,0,0,0,0,0,0,0,0,0,0,0,0,0,0
1770178416276991298,0.109415,1.19811,-1.56191,0.090601,0.943279,-1.98273,-0.137325,0.480993,-2.18609,-0.174758,1.24281,-1.72186,0,0,0,0,0,0,0,0,0,0,0,0,0,0,0,0,0,0,0,0,0,0,0,0
1770178416297068291,0.109299,1.19809,-1.56196,0.0916966,0.944405,-1.98157,-0.134295,0.478088,-2.18903,-0.172047,1.24273,-1.72242,0,0,0,0,0,0,0,0,0,0,0,0,0,0,0,0,0,0,0,0,0,0,0,0
1770178416317149412,0.1094,1.1981,-1.56192,0.0906027,0.943281,-1.98272,-0.137151,0.480847,-2.18624,-0.174802,1.24282,-1.72183,0,0,0,0,0,0,0,0,0,0,0,0,0,0,0,0,0,0,0,0,0,0,0,0
1770178416337228069,0.109312,1.19809,-1.56195,0.0916947,0.944403,-1.98157,-0.134237,0.478122,-2.18899,-0.171996,1.24272,-1.72245,0,0,0,0,0,0,0,0,0,0,0,0,0,0,0,0,0,0,0,0,0,0,0,0
1770178416357307142,0.10939,1.1981,-1.56193,0.0906044,0.943283,-1.98272,-0.137133,0.480823,-2.18626,-0.17409,1.24288,-1.72188,0,0,0,0,0,0,0,0,0,0,0,0,0,0,0,0,0,0,0,0,0,0,0,0
1770178416377388039,0.10932,1.1981,-1.56195,0.0916929,0.944401,-1.98157,-0.134251,0.478137,-2.18898,-0.172813,1.24266,-1.7224,0,0,0,0,0,0,0,0,0,0,0,0,0,0,0,0,0,0,0,0,0,0,0,0
1770178416397466440,0.109383,1.1981,-1.56194,0.0906059,0.943284,-1.98272,-0.137115,0.480806,-2.18628,-0.174172,1.2429,-1.72187,0,0,0,0,0,0,0,0,0,0,0,0,0,0,0,0,0,0,0,0,0,0,0,0
1770178416417545385,0.109325,1.1981,-1.56194,0.0916911,0.944399,-1.98157,-0.134263,0.478148,-2.18896,-0.172722,1.24265,-1.72241,0,0,0,0,0,0,0,0,0,0,0,0,0,0,0,0,0,0,0,0,0,0,0,0
1770178416437620425,0.109379,1.19809,-1.56194,0.0906074,0.943286,-1.98272,-0.137102,0.480793,-2.18629,-0.174257,1.2429,-1.72185,0,0,0,0,0,0,0,0,0,0,0,0,0,0,0,0,0,0,0,0,0,0,0,0
1770178416457698314,0.109329,1.1981,-1.56194,0.0916894,0.944397,-1.98157,-0.134272,0.478157,-2.18896,-0.172625,1.24264,-1.72244,0,0,0,0,0,0,0,0,0,0,0,0,0,0,0,0,0,0,0,0,0,0,0,0
1770178416477774571,0.109376,1.19809,-1.56194,0.0906089,0.943287,-1.98272,-0.137091,0.480783,-2.1863,-0.174346,1.24291,-1.72182,0,0,0,0,0,0,0,0,0,0,0,0,0,0,0,0,0,0,0,0,0,0,0,0
1770178416497853516,0.109331,1.1981,-1.56194,0.0916878,0.944396,-1.98157,-0.134279,0.478163,-2.18895,-0.172522,1.24264,-1.72246,0,0,0,0,0,0,0,0,0,0,0,0,0,0,0,0,0,0,0,0,0,0,0,0
1770178416517942350,0.109375,1.19809,-1.56195,0.0906103,0.943289,-1.98272,-0.137083,0.480775,-2.18631,-0.174438,1.24292,-1.72179,0,0,0,0,0,0,0,0,0,0,0,0,0,0,0,0,0,0,0,0,0,0,0,0
1770178416538026383,0.109332,1.19811,-1.56193,0.0916863,0.944394,-1.98158,-0.134284,0.478169,-2.18894,-0.172416,1.24263,-1.72249,0,0,0,0,0,0,0,0,0,0,0,0,0,0,0,0,0,0,0,0,0,0,0,0
1770178416558104272,0.109374,1.19809,-1.56195,0.0906116,0.94329,-1.98271,-0.137076,0.480769,-2.18632,-0.174529,1.24293,-1.72176,0,0,0,0,0,0,0,0,0,0,0,0,0,0,0,0,0,0,0,0,0,0,0,0
1770178416578184177,0.109333,1.19811,-1.56193,0.0916848,0.944393,-1.98158,-0.134289,0.478173,-2.18894,-0.17231,1.24262,-1.72252,0,0,0,0,0,0,0,0,0,0,0,0,0,0,0,0,0,0,0,0,0,0,0,0
1770178416598262386,0.109374,1.19809,-1.56195,0.0906129,0.943291,-1.98271,-0.137071,0.480764,-2.18632,-0.174617,1.24294,-1.72173,0,0,0,0,0,0,0,0,0,0,0,0,0,0,0,0,0,0,0,0,0,0,0,0
1770178416618344211,0.109332,1.19811,-1.56193,0.0916833,0.944391,-1.98158,-0.134292,0.478176,-2.18894,-0.172208,1.2426,-1.72255,0,0,0,0,0,0,0,0,0,0,0,0,0,0,0,0,0,0,0,0,0,0,0,0
1770178416638424340,0.109374,1.19808,-1.56195,0.0906141,0.943293,-1.98271,-0.137067,0.48076,-2.18633,-0.174699,1.24295,-1.7217,0,0,0,0,0,0,0,0,0,0,0,0,0,0,0,0,0,0,0,0,0,0,0,0
1770178416658502197,0.109332,1.19811,-1.56193,0.0916819,0.94439,-1.98158,-0.134295,0.478179,-2.18893,-0.172113,1.24259,-1.72258,0,0,0,0,0,0,0,0,0,0,0,0,0,0,0,0,0,0,0,0,0,0,0,0
1770178416678583606,0.109375,1.19808,-1.56195,0.0906153,0.943294,-1.98271,-0.137063,0.480757,-2.18633,-0.174769,1.24297,-1.72166,0,0,0,0,0,0,0,0,0,0,0,0,0,0,0,0,0,0,0,0,0,0,0,0
1770178416698659447,0.109331,1.19811,-1.56193,0.0916806,0.944388,-1.98158,-0.134297,0.478181,-2.18893,-0.172032,1.24257,-1.72261,0,0,0,0,0,0,0,0,0,0,0,0,0,0,0,0,0,0,0,0,0,0,0,0
1770178416718735991,0.109375,1.19808,-1.56195,0.0906164,0.943295,-1.98271,-0.137061,0.480754,-2.18633,-0.174806,1.24299,-1.72163,0,0,0,0,0,0,0,0,0,0,0,0,0,0,0,0,0,0,0,0,0,0,0,0
1770178416738814712,0.10933,1.19811,-1.56193,0.0916793,0.944387,-1.98158,-0.134299,0.478183,-2.18893,-0.171989,1.24255,-1.72263,0,0,0,0,0,0,0,0,0,0,0,0,0,0,0,0,0,0,0,0,0,0,0,0
1770178416758892185,0.109377,1.19808,-1.56195,0.0906175,0.943296,-1.98271,-0.137059,0.480752,-2.18633,-0.169575,1.24354,-1.72144,0,0,0,0,0,0,0,0,0,0,0,0,0,0,0,0,0,0,0,0,0,0,0,0
1770178416778969178,0.109329,1.19811,-1.56193,0.0916781,0.944386,-1.98158,-0.134301,0.478184,-2.18893,-0.171887,1.24218,-1.72237,0,0,0,0,0,0,0,0,0,0,0,0,0,0,0,0,0,0,0,0,0,0,0,0
1770178416799045339,0.109378,1.19808,-1.56196,0.0906186,0.943297,-1.98271,-0.137057,0.480751,-2.18634,-0.169303,1.24377,-1.7214,0,0,0,0,0,0,0,0,0,0,0,0,0,0,0,0,0,0,0,0,0,0,0,0
1770178416819128060,0.109328,1.19811,-1.56192,0.0916769,0.944385,-1.98159,-0.134302,0.478185,-2.18893,-0.172226,1.24201,-1.72246,0,0,0,0,0,0,0,0,0,0,0,0,0,0,0,0,0,0,0,0,0,0,0,0
1770178416839206333,0.109379,1.19808,-1.56196,0.0906196,0.943298,-1.98271,-0.137056,0.480749,-2.18634,-0.174647,1.24331,-1.72143,0,0,0,0,0,0,0,0,0,0,0,0,0,0,0,0,0,0,0,0,0,0,0,0
1770178416859282590,0.109326,1.19812,-1.56192,0.0916758,0.944383,-1.98159,-0.134303,0.478186,-2.18893,-0.172179,1.2423,-1.72286,0,0,0,0,0,0,0,0,0,0,0,0,0,0,0,0,0,0,0,0,0,0,0,0
1770178416879357535,0.109381,1.19808,-1.56196,0.0906206,0.943299,-1.9827,-0.137055,0.480748,-2.18634,-0.174724,1.24326,-1.72133,0,0,0,0,0,0,0,0,0,0,0,0,0,0,0,0,0,0,0,0,0,0,0,0
1770178416899437632,0.109325,1.19812,-1.56192,0.0916747,0.944382,-1.98159,-0.134304,0.478187,-2.18893,-0.172079,1.2423,-1.7229,0,0,0,0,0,0,0,0,0,0,0,0,0,0,0,0,0,0,0,0,0,0,0,0
1770178416919515713,0.109382,1.19808,-1.56196,0.0906215,0.9433,-1.9827,-0.137054,0.480747,-2.18634,-0.174794,1.24327,-1.72129,0,0,0,0,0,0,0,0,0,0,0,0,0,0,0,0,0,0,0,0,0,0,0,0
1770178416939596546,0.109323,1.19812,-1.56192,0.0916736,0.944381,-1.98159,-0.134304,0.478187,-2.18892,-0.171997,1.24229,-1.72293,0,0,0,0,0,0,0,0,0,0,0,0,0,0,0,0,0,0,0,0,0,0,0,0
1770178416959672963,0.109384,1.19808,-1.56196,0.0906224,0.943301,-1.9827,-0.137053,0.480747,-2.18634,-0.174278,1.24332,-1.72132,0,0,0,0,0,0,0,0,0,0,0,0,0,0,0,0,0,0,0,0,0,0,0,0
1770178416979748996,0.109321,1.19812,-1.56192,0.0916726,0.94438,-1.98159,-0.134305,0.478188,-2.18892,-0.172591,1.24225,-1.7229,0,0,0,0,0,0,0,0,0,0,0,0,0,0,0,0,0,0,0,0,0,0,0,0
1770178416999831909,0.109386,1.19807,-1.56196,0.0906233,0.943302,-1.9827,-0.137052,0.480746,-2.18634,-0.174382,1.24334,-1.7213,0,0,0,0,0,0,0,0,0,0,0,0,0,0,0,0,0,0,0,0,0,0,0,0
1770178417019924678,0.109319,1.19812,-1.56192,0.0916716,0.944379,-1.98159,-0.134305,0.478188,-2.18892,-0.172472,1.24224,-1.72292,0,0,0,0,0,0,0,0,0,0,0,0,0,0,0,0,0,0,0,0,0,0,0,0
1770178417040001415,0.109388,1.19807,-1.56196,0.0906241,0.943303,-1.9827,-0.137052,0.480746,-2.18634,-0.174487,1.24334,-1.72128,0,0,0,0,0,0,0,0,0,0,0,0,0,0,0,0,0,0,0,0,0,0,0,0
1770178417060076776,0.109317,1.19812,-1.56192,0.0916707,0.944378,-1.98159,-0.134305,0.478188,-2.18892,-0.172352,1.24223,-1.72294,0,0,0,0,0,0,0,0,0,0,0,0,0,0,0,0,0,0,0,0,0,0,0,0
1770178417080149001,0.109391,1.19807,-1.56196,0.0906249,0.943304,-1.9827,-0.137052,0.480746,-2.18634,-0.174589,1.24335,-1.72125,0,0,0,0,0,0,0,0,0,0,0,0,0,0,0,0,0,0,0,0,0,0,0,0
1770178417100226570,0.109314,1.19812,-1.56192,0.0916698,0.944377,-1.98159,-0.134306,0.478189,-2.18892,-0.172233,1.24223,-1.72297,0,0,0,0,0,0,0,0,0,0,0,0,0,0,0,0,0,0,0,0,0,0,0,0
1770178417120300523,0.109393,1.19807,-1.56197,0.0906257,0.943305,-1.9827,-0.137051,0.480745,-2.18634,-0.174684,1.24335,-1.72122,0,0,0,0,0,0,0,0,0,0,0,0,0,0,0,0,0,0,0,0,0,0,0,0
1770178417140377004,0.109312,1.19813,-1.56191,0.0916689,0.944376,-1.98159,-0.134306,0.478189,-2.18892,-0.172122,1.24222,-1.72299,0,0,0,0,0,0,0,0,0,0,0,0,0,0,0,0,0,0,0,0,0,0,0,0
1770178417160461453,0.109395,1.19807,-1.56197,0.0906265,0.943306,-1.9827,-0.137051,0.480745,-2.18634,-0.174767,1.24336,-1.72119,0,0,0,0,0,0,0,0,0,0,0,0,0,0,0,0,0,0,0,0,0,0,0,0
1770178417180537678,0.109309,1.19813,-1.56191,0.0916681,0.944376,-1.9816,-0.134306,0.478189,-2.18892,-0.172026,1.24221,-1.72301,0,0,0,0,0,0,0,0,0,0,0,0,0,0,0,0,0,0,0,0,0,0,0,0
1770178417200611727,0.109398,1.19807,-1.56197,0.0906272,0.943306,-1.9827,-0.137051,0.480745,-2.18634,-0.174808,1.24337,-1.72117,0,0,0,0,0,0,0,0,0,0,0,0,0,0,0,0,0,0,0,0,0,0,0,0
1770178417220688752,0.109307,1.19813,-1.56191,0.0916672,0.944375,-1.9816,-0.134306,0.478189,-2.18892,-0.171979,1.2422,-1.72303,0,0,0,0,0,0,0,0,0,0,0,0,0,0,0,0,0,0,0,0,0,0,0,0
1770178417240772593,0.109401,1.19806,-1.56197,0.0906279,0.943307,-1.9827,-0.137051,0.480745,-2.18634,-0.169347,1.24403,-1.72106,0,0,0,0,0,0,0,0,0,0,0,0,0,0,0,0,0,0,0,0,0,0,0,0
1770178417260846002,0.109304,1.19813,-1.56191,0.0916665,0.944374,-1.9816,-0.134306,0.478189,-2.18892,-0.172188,1.24176,-1.72271,0,0,0,0,0,0,0,0,0,0,0,0,0,0,0,0,0,0,0,0,0,0,0,0
1770178417280922323,0.109404,1.19806,-1.56197,0.0906286,0.943308,-1.9827,-0.137051,0.480745,-2.18634,-0.174677,1.24356,-1.72112,0,0,0,0,0,0,0,0,0,0,0,0,0,0,0,0,0,0,0,0,0,0,0,0
1770178417300995731,0.1093,1.19813,-1.56191,0.0916657,0.944373,-1.9816,-0.134306,0.478189,-2.18892,-0.17214,1.24208,-1.72311,0,0,0,0,0,0,0,0,0,0,0,0,0,0,0,0,0,0,0,0,0,0,0,0
1770178417321070708,0.109407,1.19806,-1.56197,0.0906292,0.943308,-1.98269,-0.13705,0.480744,-2.18634,-0.174755,1.2435,-1.72103,0,0,0,0,0,0,0,0,0,0,0,0,0,0,0,0,0,0,0,0,0,0,0,0
1770178417341144437,0.109297,1.19814,-1.5619,0.091665,0.944372,-1.9816,-0.134306,0.478189,-2.18892,-0.172038,1.2421,-1.72314,0,0,0,0,0,0,0,0,0,0,0,0,0,0,0,0,0,0,0,0,0,0,0,0
1770178417361219990,0.109411,1.19806,-1.56198,0.0906299,0.943309,-1.98269,-0.13705,0.480744,-2.18634,-0.174812,1.2435,-1.72101,0,0,0,0,0,0,0,0,0,0,0,0,0,0,0,0,0,0,0,0,0,0,0,0
1770178417381296471,0.109293,1.19814,-1.5619,0.0916643,0.944372,-1.9816,-0.134306,0.478189,-2.18892,-0.171971,1.2421,-1.72315,0,0,0,0,0,0,0,0,0,0,0,0,0,0,0,0,0,0,0,0,0,0,0,0
1770178417401372024,0.109414,1.19805,-1.56198,0.0906305,0.94331,-1.98269,-0.13705,0.480744,-2.18634,-0.169314,1.24417,-1.72095,0,0,0,0,0,0,0,0,0,0,0,0,0,0,0,0,0,0,0,0,0,0,0,0
1770178417421448665,0.10929,1.19814,-1.5619,0.0916636,0.944371,-1.9816,-0.134306,0.478189,-2.18892,-0.172237,1.24165,-1.7228,0,0,0,0,0,0,0,0,0,0,0,0,0,0,0,0,0,0,0,0,0,0,0,0
1770178417441524858,0.109418,1.19805,-1.56198,0.0906311,0.94331,-1.98269,-0.13705,0.480744,-2.18634,-0.174636,1.24368,-1.72099,0,0,0,0,0,0,0,0,0,0,0,0,0,0,0,0,0,0,0,0,0,0,0,0
1770178417461601083,0.109286,1.19814,-1.5619,0.0916629,0.94437,-1.9816,-0.134307,0.478189,-2.18892,-0.172184,1.24199,-1.72321,0,0,0,0,0,0,0,0,0,0,0,0,0,0,0,0,0,0,0,0,0,0,0,0
1770178417481676380,0.109422,1.19805,-1.56198,0.0906316,0.943311,-1.98269,-0.13705,0.480744,-2.18634,-0.174723,1.2436,-1.72092,0,0,0,0,0,0,0,0,0,0,0,0,0,0,0,0,0,0,0,0,0,0,0,0
1770178417501751261,0.109281,1.19815,-1.56189,0.0916623,0.94437,-1.9816,-0.134307,0.47819,-2.18892,-0.172074,1.24202,-1.72322,0,0,0,0,0,0,0,0,0,0,0,0,0,0,0,0,0,0,0,0,0,0,0,0
1770178417521827549,0.109427,1.19805,-1.56199,0.0906322,0.943311,-1.98269,-0.13705,0.480744,-2.18634,-0.1748,1.24358,-1.72091,0,0,0,0,0,0,0,0,0,0,0,0,0,0,0,0,0,0,0,0,0,0,0,0
1770178417541904446,0.109277,1.19815,-1.56189,0.0916617,0.944369,-1.9816,-0.134307,0.47819,-2.18892,-0.171984,1.24203,-1.72322,0,0,0,0,0,0,0,0,0,0,0,0,0,0,0,0,0,0,0,0,0,0,0,0
1770178417561987359,0.109431,1.19804,-1.56199,0.0906327,0.943312,-1.98269,-0.13705,0.480744,-2.18634,-0.169384,1.24425,-1.72087,0,0,0,0,0,0,0,0,0,0,0,0,0,0,0,0,0,0,0,0,0,0,0,0
1770178417582066464,0.109272,1.19815,-1.56189,0.0916611,0.944368,-1.9816,-0.134307,0.47819,-2.18892,-0.172164,1.24159,-1.72286,0,0,0,0,0,0,0,0,0,0,0,0,0,0,0,0,0,0,0,0,0,0,0,0
1770178417602143745,0.109436,1.19804,-1.56199,0.0906332,0.943313,-1.98269,-0.13705,0.480744,-2.18634,-0.174694,1.24373,-1.72091,0,0,0,0,0,0,0,0,0,0,0,0,0,0,0,0,0,0,0,0,0,0,0,0
1770178417622237891,0.109267,1.19816,-1.56188,0.0916605,0.944368,-1.9816,-0.134307,0.47819,-2.18892,-0.172116,1.24195,-1.72326,0,0,0,0,0,0,0,0,0,0,0,0,0,0,0,0,0,0,0,0,0,0,0,0
1770178417642317156,0.109442,1.19803,-1.562,0.0906337,0.943313,-1.98269,-0.13705,0.480744,-2.18634,-0.174772,1.24365,-1.72084,0,0,0,0,0,0,0,0,0,0,0,0,0,0,0,0,0,0,0,0,0,0,0,0
1770178417662395045,0.109261,1.19816,-1.56188,0.09166,0.944367,-1.9816,-0.134307,0.47819,-2.18892,-0.172015,1.24198,-1.72327,0,0,0,0,0,0,0,0,0,0,0,0,0,0,0,0,0,0,0,0,0,0,0,0
1770178417682475590,0.109447,1.19803,-1.562,0.0906342,0.943314,-1.98269,-0.13705,0.480744,-2.18634,-0.174794,1.24363,-1.72086,0,0,0,0,0,0,0,0,0,0,0,0,0,0,0,0,0,0,0,0,0,0,0,0
1770178417702554055,0.109255,1.19817,-1.56188,0.0916594,0.944367,-1.9816,-0.134307,0.47819,-2.18892,-0.17199,1.24199,-1.72326,0,0,0,0,0,0,0,0,0,0,0,0,0,0,0,0,0,0,0,0,0,0,0,0
1770178417722634824,0.109453,1.19803,-1.562,0.0906346,0.943314,-1.98269,-0.13705,0.480744,-2.18634,-0.169622,1.24426,-1.72082,0,0,0,0,0,0,0,0,0,0,0,0,0,0,0,0,0,0,0,0,0,0,0,0
1770178417742710537,0.109249,1.19817,-1.56187,0.0916589,0.944366,-1.9816,-0.134307,0.47819,-2.18892,-0.17189,1.24158,-1.7229,0,0,0,0,0,0,0,0,0,0,0,0,0,0,0,0,0,0,0,0,0,0,0,0
1770178417762787370,0.10946,1.19802,-1.56201,0.0906351,0.943314,-1.98269,-0.13705,0.480744,-2.18634,-0.169272,1.2445,-1.72081,0,0,0,0,0,0,0,0,0,0,0,0,0,0,0,0,0,0,0,0,0,0,0,0
1770178417782863370,0.109242,1.19818,-1.56187,0.0916584,0.944366,-1.98161,-0.134307,0.47819,-2.18892,-0.172319,1.24144,-1.72296,0,0,0,0,0,0,0,0,0,0,0,0,0,0,0,0,0,0,0,0,0,0,0,0
1770178417802949516,0.109466,1.19802,-1.56201,0.0906355,0.943315,-1.98269,-0.13705,0.480744,-2.18634,-0.174566,1.24388,-1.72077,0,0,0,0,0,0,0,0,0,0,0,0,0,0,0,0,0,0,0,0,0,0,0,0
1770178417823027309,0.109235,1.19818,-1.56186,0.091658,0.944365,-1.98161,-0.134307,0.47819,-2.18892,-0.172263,1.24184,-1.72336,0,0,0,0,0,0,0,0,0,0,0,0,0,0,0,0,0,0,0,0,0,0,0,0
1770178417843104366,0.109474,1.19801,-1.56202,0.0906359,0.943315,-1.98269,-0.13705,0.480744,-2.18634,-0.174662,1.24376,-1.72073,0,0,0,0,0,0,0,0,0,0,0,0,0,0,0,0,0,0,0,0,0,0,0,0
1770178417863181870,0.109228,1.19819,-1.56186,0.0916575,0.944365,-1.98161,-0.134307,0.47819,-2.18892,-0.17214,1.24189,-1.72335,0,0,0,0,0,0,0,0,0,0,0,0,0,0,0,0,0,0,0,0,0,0,0,0
1770178417883257167,0.109481,1.19801,-1.56202,0.0906363,0.943316,-1.98269,-0.13705,0.480744,-2.18634,-0.174758,1.24372,-1.72075,0,0,0,0,0,0,0,0,0,0,0,0,0,0,0,0,0,0,0,0,0,0,0,0
1770178417903336048,0.10922,1.19819,-1.56185,0.091657,0.944364,-1.98161,-0.134307,0.47819,-2.18892,-0.17203,1.24192,-1.72333,0,0,0,0,0,0,0,0,0,0,0,0,0,0,0,0,0,0,0,0,0,0,0,0
1770178417923413233,0.109489,1.198,-1.56203,0.0906367,0.943316,-1.98269,-0.13705,0.480744,-2.18634,-0.174812,1.24369,-1.72078,0,0,0,0,0,0,0,0,0,0,0,0,0,0,0,0,0,0,0,0,0,0,0,0
1770178417943488850,0.109211,1.1982,-1.56185,0.0916566,0.944364,-1.98161,-0.134307,0.47819,-2.18892,-0.171967,1.24195,-1.72331,0,0,0,0,0,0,0,0,0,0,0,0,0,0,0,0,0,0,0,0,0,0,0,0
1770178417963557747,0.109498,1.198,-1.56203,0.0906371,0.943317,-1.98269,-0.13705,0.480744,-2.18634,-0.169301,1.24436,-1.72079,0,0,0,0,0,0,0,0,0,0,0,0,0,0,0,0,0,0,0,0,0,0,0,0
1770178417983632852,0.109202,1.1982,-1.56184,0.0916562,0.944364,-1.98161,-0.134307,0.47819,-2.18892,-0.172268,1.2415,-1.72293,0,0,0,0,0,0,0,0,0,0,0,0,0,0,0,0,0,0,0,0,0,0,0,0
1770178418003709173,0.109507,1.19799,-1.56204,0.0906374,0.943317,-1.98269,-0.13705,0.480744,-2.18634,-0.17461,1.24382,-1.72082,0,0,0,0,0,0,0,0,0,0,0,0,0,0,0,0,0,0,0,0,0,0,0,0
1770178418023785654,0.109193,1.19821,-1.56184,0.0916558,0.944363,-1.98161,-0.134307,0.47819,-2.18892,-0.172212,1.24188,-1.72332,0,0,0,0,0,0,0,0,0,0,0,0,0,0,0,0,0,0,0,0,0,0,0,0
1770178418043862487,0.109516,1.19798,-1.56204,0.0906378,0.943317,-1.98269,-0.13705,0.480744,-2.18634,-0.174702,1.24372,-1.72077,0,0,0,0,0,0,0,0,0,0,0,0,0,0,0,0,0,0,0,0,0,0,0,0
1770178418063939160,0.109182,1.19822,-1.56183,0.0916554,0.944363,-1.98161,-0.134307,0.47819,-2.18892,-0.172095,1.24192,-1.72332,0,0,0,0,0,0,0,0,0,0,0,0,0,0,0,0,0,0,0,0,0,0,0,0
1770178418084013049,0.109527,1.19797,-1.56205,0.0906381,0.943318,-1.98269,-0.13705,0.480744,-2.18634,-0.174789,1.24368,-1.72079,0,0,0,0,0,0,0,0,0,0,0,0,0,0,0,0,0,0,0,0,0,0,0,0
1770178418104089017,0.109172,1.19822,-1.56182,0.091655,0.944362,-1.98161,-0.134307,0.47819,-2.18892,-0.171995,1.24195,-1.72331,0,0,0,0,0,0,0,0,0,0,0,0,0,0,0,0,0,0,0,0,0,0,0,0
1770178418124162170,0.109537,1.19797,-1.56206,0.0906384,0.943318,-1.98268,-0.13705,0.480744,-2.18634,-0.171918,1.24383,-1.72108,0,0,0,0,0,0,0,0,0,0,0,0,0,0,0,0,0,0,0,0,0,0,0,0
1770178418144237947,0.10916,1.19823,-1.56182,0.0916547,0.944362,-1.98161,-0.134307,0.47819,-2.18892,-0.169405,1.24208,-1.72276,0,0,0,0,0,0,0,0,0,0,0,0,0,0,0,0,0,0,0,0,0,0,0,0
1770178418164313372,0.109549,1.19796,-1.56207,0.0906388,0.943318,-1.98268,-0.13705,0.480744,-2.18634,-0.171996,1.24378,-1.72097,0,0,0,0,0,0,0,0,0,0,0,0,0,0,0,0,0,0,0,0,0,0,0,0
1770178418184390589,-0.00166505,0.644342,-1.74853,0.180698,1.07728,-1.57614,0.167404,0.801324,-1.68486,-0.0827331,1.15314,-1.49033,0,0,0,0,0,0,0,0,0,0,0,0,0,0,0,0,0,0,0,0,0,0,0,0
1770178418204467742,-0.0103942,0.650418,-1.71805,0.180377,1.07824,-1.57508,0.175634,0.779918,-1.68148,-0.0828507,1.14887,-1.4792,0,0,0,0,0,0,0,0,0,0,0,0,0,0,0,0,0,0,0,0,0,0,0,0
1770178418224544703,-0.0112132,0.650567,-1.71959,0.180703,1.07709,-1.57605,0.173625,0.779024,-1.68461,-0.0820986,1.14979,-1.47932,0,0,0,0,0,0,0,0,0,0,0,0,0,0,0,0,0,0,0,0,0,0,0,0
1770178418244622400,-0.0110103,0.651007,-1.71924,0.180423,1.07833,-1.575,0.176127,0.780945,-1.6823,-0.0828607,1.14899,-1.47861,0,0,0,0,0,0,0,0,0,0,0,0,0,0,0,0,0,0,0,0,0,0,0,0
1770178418264695969,-0.0109965,0.650729,-1.71958,0.180646,1.07699,-1.57611,0.1735,0.77898,-1.68491,-0.0820566,1.1498,-1.47939,0,0,0,0,0,0,0,0,0,0,0,0,0,0,0,0,0,0,0,0,0,0,0,0
1770178418284771586,-0.0111231,0.650987,-1.71931,0.180496,1.07845,-1.57492,0.176329,0.781103,-1.68211,-0.0828942,1.14895,-1.47857,0,0,0,0,0,0,0,0,0,0,0,0,0,0,0,0,0,0,0,0,0,0,0,0
1770178418304852867,-0.010939,0.650747,-1.71956,0.180553,1.07687,-1.57619,0.173468,0.778853,-1.68505,-0.0820204,1.14983,-1.47942,0,0,0,0,0,0,0,0,0,0,0,0,0,0,0,0,0,0,0,0,0,0,0,0
1770178418324925252,-0.0111525,0.65098,-1.71932,0.180611,1.07859,-1.57483,0.176379,0.781219,-1.68196,-0.0829326,1.14891,-1.47853,0,0,0,0,0,0,0,0,0,0,0,0,0,0,0,0,0,0,0,0,0,0,0,0
1770178418345000005,-0.0109222,0.65075,-1.71955,0.180408,1.07673,-1.57628,0.173636,0.781484,-1.68147,-0.0819829,1.14987,-1.47946,0,0,0,0,0,0,0,0,0,0,0,0,0,0,0,0,0,0,0,0,0,0,0,0
1770178418365077573,-0.0111618,0.65098,-1.71932,0.180784,1.07877,-1.57474,0.175112,0.779887,-1.67983,-0.0829739,1.14887,-1.47849,0,0,0,0,0,0,0,0,0,0,0,0,0,0,0,0,0,0,0,0,0,0,0,0
1770178418385154214,-0.0109161,0.650749,-1.71955,0.18019,1.07656,-1.57637,0.173425,0.781471,-1.68141,-0.0819432,1.14991,-1.47949,0,0,0,0,0,0,0,0,0,0,0,0,0,0,0,0,0,0,0,0,0,0,0,0
1770178418405230791,-0.011166,0.650982,-1.71932,0.181036,1.07899,-1.57464,0.175165,0.779772,-1.67971,-0.0830177,1.14882,-1.47844,0,0,0,0,0,0,0,0,0,0,0,0,0,0,0,0,0,0,0,0,0,0,0,0
1770178418425307816,-0.0109126,0.650747,-1.71955,0.179875,1.07638,-1.57647,0.173324,0.781565,-1.6815,-0.0819016,1.14995,-1.47953,0,0,0,0,0,0,0,0,0,0,0,0,0,0,0,0,0,0,0,0,0,0,0,0
1770178418445381833,-0.011169,0.650984,-1.71932,0.181382,1.07924,-1.57454,0.175252,0.779684,-1.67962,-0.0830638,1.14878,-1.4784,0,0,0,0,0,0,0,0,0,0,0,0,0,0,0,0,0,0,0,0,0,0,0,0
1770178418465459818,-0.0109099,0.650745,-1.71956,0.179454,1.0762,-1.57654,0.173222,0.781663,-1.6816,-0.0818581,1.15,-1.47958,0,0,0,0,0,0,0,0,0,0,0,0,0,0,0,0,0,0,0,0,0,0,0,0
1770178418485536651,-0.0111717,0.650987,-1.71931,0.181805,1.07949,-1.57447,0.175338,0.779598,-1.67953,-0.0831122,1.14873,-1.47835,0,0,0,0,0,0,0,0,0,0,0,0,0,0,0,0,0,0,0,0,0,0,0,0
1770178418505613260,-0.0109072,0.650742,-1.71956,0.181255,1.08091,-1.57563,0.173121,0.781761,-1.6817,-0.0818132,1.15004,-1.47962,0,0,0,0,0,0,0,0,0,0,0,0,0,0,0,0,0,0,0,0,0,0,0,0
1770178418525691085,-0.0111744,0.650989,-1.71931,0.180684,1.08065,-1.57543,0.17542,0.779516,-1.67945,-0.0831623,1.14868,-1.4783,0,0,0,0,0,0,0,0,0,0,0,0,0,0,0,0,0,0,0,0,0,0,0,0
1770178418545767054,-0.0109046,0.65074,-1.71956,0.181081,1.08111,-1.57588,0.173026,0.781853,-1.68179,-0.0817671,1.15009,-1.47966,0,0,0,0,0,0,0,0,0,0,0,0,0,0,0,0,0,0,0,0,0,0,0,0
1770178418565839279,-0.0111771,0.650992,-1.71931,0.180623,1.08067,-1.57545,0.175487,0.779444,-1.67938,-0.0832137,1.14862,-1.47825,0,0,0,0,0,0,0,0,0,0,0,0,0,0,0,0,0,0,0,0,0,0,0,0
1770178418585916816,-0.0109019,0.650737,-1.71956,0.181097,1.08114,-1.57591,0.172945,0.781931,-1.68187,-0.0817204,1.15013,-1.47971,0,0,0,0,0,0,0,0,0,0,0,0,0,0,0,0,0,0,0,0,0,0,0,0
1770178418606007633,-0.0111799,0.650994,-1.71931,0.180597,1.08064,-1.57543,0.176615,0.779286,-1.68426,-0.083266,1.14857,-1.4782,0,0,0,0,0,0,0,0,0,0,0,0,0,0,0,0,0,0,0,0,0,0,0,0
1770178418626084530,-0.0108992,0.650735,-1.71957,0.181122,1.08116,-1.57593,0.172994,0.780851,-1.68291,-0.0816736,1.15018,-1.47975,0,0,0,0,0,0,0,0,0,0,0,0,0,0,0,0,0,0,0,0,0,0,0,0
1770178418646157011,-0.0111827,0.650997,-1.7193,0.180569,1.08062,-1.5754,0.170512,0.779413,-1.68435,-0.0833186,1.14852,-1.47814,0,0,0,0,0,0,0,0,0,0,0,0,0,0,0,0,0,0,0,0,0,0,0,0
1770178418666235316,-0.0108964,0.650732,-1.71957,0.181149,1.08119,-1.57596,0.172188,0.781215,-1.68252,-0.0816272,1.15023,-1.4798,0,0,0,0,0,0,0,0,0,0,0,0,0,0,0,0,0,0,0,0,0,0,0,0
1770178418686315029,-0.0111855,0.651,-1.7193,0.18054,1.08059,-1.57537,0.170373,0.779423,-1.68436,-0.0833707,1.14846,-1.47809,0,0,0,0,0,0,0,0,0,0,0,0,0,0,0,0,0,0,0,0,0,0,0,0
1770178418706391926,-0.0108936,0.65073,-1.71957,0.181179,1.08122,-1.57599,0.172262,0.781249,-1.68248,-0.0815819,1.15027,-1.47984,0,0,0,0,0,0,0,0,0,0,0,0,0,0,0,0,0,0,0,0,0,0,0,0
1770178418726470711,-0.0111884,0.651002,-1.7193,0.180507,1.08055,-1.57534,0.170336,0.779382,-1.6844,-0.0834217,1.14841,-1.47804,0,0,0,0,0,0,0,0,0,0,0,0,0,0,0,0,0,0,0,0,0,0,0,0
1770178423759607107,-0.125738,0.637182,-1.71107,-0.119791,1.21473,-1.84533,-0.2084,1.09756,-1.67007,-0.0458959,0.562318,-1.69899,0,0,0,0,0,0,0,0,0,0,0,0,0,0,0,0,0,0,0,0,0,0,0,0
1770178423779684740,-0.11985,0.627716,-1.69898,-0.115209,1.2154,-1.84734,-0.194464,1.09276,-1.66039,-0.0478232,0.571015,-1.70936,0,0,0,0,0,0,0,0,0,0,0,0,0,0,0,0,0,0,0,0,0,0,0,0
1770178423799761541,-0.1225,0.629869,-1.701,-0.113635,1.21314,-1.84523,-0.196722,1.09634,-1.66275,-0.0489599,0.572237,-1.7106,0,0,0,0,0,0,0,0,0,0,0,0,0,0,0,0,0,0,0,0,0,0,0,0
1770178423819841254,-0.120218,0.627344,-1.69849,-0.115218,1.21546,-1.84759,-0.199145,1.09803,-1.66135,-0.0489711,0.572431,-1.71066,0,0,0,0,0,0,0,0,0,0,0,0,0,0,0,0,0,0,0,0,0,0,0,0
1770178423839922055,-0.122639,0.629808,-1.70086,-0.113654,1.21301,-1.84506,-0.196387,1.09633,-1.66271,-0.0490321,0.572373,-1.71075,0,0,0,0,0,0,0,0,0,0,0,0,0,0,0,0,0,0,0,0,0,0,0,0
1770178423859994952,-0.120179,0.627295,-1.69837,-0.115226,1.21561,-1.84773,-0.193311,1.09394,-1.66405,-0.0489635,0.572451,-1.71067,0,0,0,0,0,0,0,0,0,0,0,0,0,0,0,0,0,0,0,0,0,0,0,0
1770178423880075241,-0.122716,0.629871,-1.70092,-0.113661,1.21293,-1.84496,-0.196942,1.09427,-1.66543,-0.0490391,0.572368,-1.71076,0,0,0,0,0,0,0,0,0,0,0,0,0,0,0,0,0,0,0,0,0,0,0,0
1770178423900154378,-0.120144,0.627254,-1.69833,-0.115234,1.2157,-1.84781,-0.198733,1.09574,-1.66387,-0.0489566,0.572459,-1.71067,0,0,0,0,0,0,0,0,0,0,0,0,0,0,0,0,0,0,0,0,0,0,0,0
1770178423920231659,-0.122761,0.629914,-1.70097,-0.112912,1.21867,-1.85037,-0.197083,1.09378,-1.66473,-0.0490468,0.572359,-1.71077,0,0,0,0,0,0,0,0,0,0,0,0,0,0,0,0,0,0,0,0,0,0,0,0
1770178423940311660,-0.119176,0.631157,-1.70287,-0.115421,1.21586,-1.84801,-0.198814,1.09573,-1.66377,-0.0489482,0.572468,-1.71066,0,0,0,0,0,0,0,0,0,0,0,0,0,0,0,0,0,0,0,0,0,0,0,0
1770178423960388749,-0.122892,0.632213,-1.70255,-0.112923,1.21863,-1.85052,-0.197021,1.09373,-1.66474,-0.049056,0.572349,-1.71078,0,0,0,0,0,0,0,0,0,0,0,0,0,0,0,0,0,0,0,0,0,0,0,0
1770178423980461870,-0.12469,0.632057,-1.70337,-0.115437,1.21583,-1.84799,-0.198872,1.09578,-1.66376,-0.0489383,0.572479,-1.71065,0,0,0,0,0,0,0,0,0,0,0,0,0,0,0,0,0,0,0,0,0,0,0,0
1770178424000541487,-0.123655,0.630893,-1.70197,-0.112904,1.21866,-1.85053,-0.196954,1.09369,-1.66475,-0.0490669,0.572337,-1.71079,0,0,0,0,0,0,0,0,0,0,0,0,0,0,0,0,0,0,0,0,0,0,0,0
1770178424020626864,-0.124912,0.632047,-1.70313,-0.115457,1.21581,-1.84797,-0.198929,1.09583,-1.66374,-0.0489265,0.572492,-1.71063,0,0,0,0,0,0,0,0,0,0,0,0,0,0,0,0,0,0,0,0,0,0,0,0
1770178424040700465,-0.123645,0.630789,-1.70185,-0.112891,1.21867,-1.85055,-0.196888,1.09366,-1.66476,-0.04908,0.572323,-1.7108,0,0,0,0,0,0,0,0,0,0,0,0,0,0,0,0,0,0,0,0,0,0,0,0
1770178424060780082,-0.124981,0.632094,-1.70317,-0.115472,1.21579,-1.84795,-0.198984,1.09587,-1.66373,-0.0489124,0.572508,-1.71062,0,0,0,0,0,0,0,0,0,0,0,0,0,0,0,0,0,0,0,0,0,0,0,0
1770178424080858419,-0.123585,0.630723,-1.70178,-0.112881,1.21868,-1.85056,-0.196824,1.09362,-1.66478,-0.0490956,0.572306,-1.71082,0,0,0,0,0,0,0,0,0,0,0,0,0,0,0,0,0,0,0,0,0,0,0,0
1770178424100938132,-0.125042,0.632151,-1.70323,-0.115483,1.21578,-1.84794,-0.199036,1.09591,-1.66372,-0.0488956,0.572526,-1.7106,0,0,0,0,0,0,0,0,0,0,0,0,0,0,0,0,0,0,0,0,0,0,0,0
1770178424121015509,-0.123518,0.630656,-1.70171,-0.112873,1.21869,-1.85056,-0.196764,1.09359,-1.66479,-0.0491143,0.572285,-1.71084,0,0,0,0,0,0,0,0,0,0,0,0,0,0,0,0,0,0,0,0,0,0,0,0
1770178424141093526,-0.125103,0.63221,-1.70329,-0.115491,1.21577,-1.84793,-0.199084,1.09595,-1.66371,-0.0488756,0.572548,-1.71058,0,0,0,0,0,0,0,0,0,0,0,0,0,0,0,0,0,0,0,0,0,0,0,0
1770178424161170391,-0.123449,0.630588,-1.70165,-0.112869,1.2187,-1.85057,-0.196708,1.09356,-1.6648,-0.0491366,0.572261,-1.71086,0,0,0,0,0,0,0,0,0,0,0,0,0,0,0,0,0,0,0,0,0,0,0,0
1770178424181249912,-0.125164,0.63227,-1.70335,-0.115497,1.21576,-1.84792,-0.199123,1.09598,-1.6637,-0.0488519,0.572575,-1.71055,0,0,0,0,0,0,0,0,0,0,0,0,0,0,0,0,0,0,0,0,0,0,0,0
1770178424201327640,-0.123379,0.630519,-1.70157,-0.112865,1.2187,-1.85057,-0.196663,1.09354,-1.66481,-0.0491632,0.572232,-1.71089,0,0,0,0,0,0,0,0,0,0,0,0,0,0,0,0,0,0,0,0,0,0,0,0
1770178424221408057,-0.125226,0.63233,-1.70341,-0.115501,1.21576,-1.84792,-0.199143,1.09601,-1.66369,-0.0488236,0.572606,-1.71052,0,0,0,0,0,0,0,0,0,0,0,0,0,0,0,0,0,0,0,0,0,0,0,0
1770178424241480346,-0.123309,0.630449,-1.7015,-0.112863,1.2187,-1.85057,-0.19664,1.09352,-1.66482,-0.0491949,0.572197,-1.71093,0,0,0,0,0,0,0,0,0,0,0,0,0,0,0,0,0,0,0,0,0,0,0,0
1770178424261560795,-0.125286,0.632388,-1.70347,-0.115503,1.21575,-1.84791,-0.199111,1.09602,-1.66367,-0.0487902,0.572644,-1.71048,0,0,0,0,0,0,0,0,0,0,0,0,0,0,0,0,0,0,0,0,0,0,0,0
1770178424281637628,-0.12324,0.630382,-1.70144,-0.112862,1.2187,-1.85057,-0.196678,1.0935,-1.66484,-0.0492327,0.572156,-1.71097,0,0,0,0,0,0,0,0,0,0,0,0,0,0,0,0,0,0,0,0,0,0,0,0
1770178424301713949,-0.125343,0.632444,-1.70353,-0.115505,1.21575,-1.84791,-0.199139,1.09605,-1.66366,-0.0487507,0.572688,-1.71044,0,0,0,0,0,0,0,0,0,0,0,0,0,0,0,0,0,0,0,0,0,0,0,0
1770178424321793726,-0.123175,0.630317,-1.70137,-0.112861,1.2187,-1.85057,-0.196645,1.09349,-1.66484,-0.0492776,0.572107,-1.71102,0,0,0,0,0,0,0,0,0,0,0,0,0,0,0,0,0,0,0,0,0,0,0,0
1770178424341869119,-0.125397,0.632496,-1.70358,-0.115506,1.21575,-1.84791,-0.19913,1.09607,-1.66365,-0.048704,0.57274,-1.71039,0,0,0,0,0,0,0,0,0,0,0,0,0,0,0,0,0,0,0,0,0,0,0,0
1770178424361948256,-0.123113,0.630256,-1.70131,-0.11286,1.2187,-1.85058,-0.196656,1.09347,-1.66486,-0.0493309,0.572049,-1.71107,0,0,0,0,0,0,0,0,0,0,0,0,0,0,0,0,0,0,0,0,0,0,0,0
1770178424382024033,-0.125446,0.632543,-1.70363,-0.115507,1.21575,-1.84791,-0.199141,1.09609,-1.66364,-0.0486493,0.572801,-1.71033,0,0,0,0,0,0,0,0,0,0,0,0,0,0,0,0,0,0,0,0,0,0,0,0
1770178424402103490,-0.123057,0.630201,-1.70125,-0.11286,1.21871,-1.85058,-0.196643,1.09346,-1.66487,-0.049394,0.571981,-1.71114,0,0,0,0,0,0,0,0,0,0,0,0,0,0,0,0,0,0,0,0,0,0,0,0
1770178424422183395,-0.125489,0.632586,-1.70367,-0.115507,1.21575,-1.84791,-0.199125,1.0961,-1.66362,-0.0485855,0.572873,-1.71026,0,0,0,0,0,0,0,0,0,0,0,0,0,0,0,0,0,0,0,0,0,0,0,0
1770178424442262532,-0.123007,0.630151,-1.7012,-0.11286,1.21871,-1.85058,-0.196663,1.09345,-1.66488,-0.0494681,0.571901,-1.71122,0,0,0,0,0,0,0,0,0,0,0,0,0,0,0,0,0,0,0,0,0,0,0,0
1770178424462340229,-0.125527,0.632622,-1.70371,-0.115507,1.21575,-1.84791,-0.199142,1.09612,-1.66362,-0.0485117,0.572956,-1.71017,0,0,0,0,0,0,0,0,0,0,0,0,0,0,0,0,0,0,0,0,0,0,0,0
1770178424482411238,-0.122964,0.630108,-1.70116,-0.112859,1.21871,-1.85058,-0.196642,1.09344,-1.66488,-0.0495545,0.571809,-1.71131,0,0,0,0,0,0,0,0,0,0,0,0,0,0,0,0,0,0,0,0,0,0,0,0
1770178424502491143,-0.125559,0.632653,-1.70374,-0.115508,1.21575,-1.84791,-0.199124,1.09612,-1.66361,-0.0484274,0.573052,-1.71008,0,0,0,0,0,0,0,0,0,0,0,0,0,0,0,0,0,0,0,0,0,0,0,0
1770178424522563528,-0.122928,0.630072,-1.70112,-0.112859,1.21871,-1.85058,-0.196664,1.09343,-1.66489,-0.0496543,0.571703,-1.71142,0,0,0,0,0,0,0,0,0,0,0,0,0,0,0,0,0,0,0,0,0,0,0,0
1770178424542647305,-0.125585,0.632678,-1.70376,-0.115508,1.21575,-1.84791,-0.199142,1.09614,-1.6636,-0.0483328,0.573159,-1.70997,0,0,0,0,0,0,0,0,0,0,0,0,0,0,0,0,0,0,0,0,0,0,0,0
1770178424562734890,-0.122898,0.630043,-1.70109,-0.112859,1.21871,-1.85058,-0.196643,1.09342,-1.66489,-0.0497673,0.571583,-1.71154,0,0,0,0,0,0,0,0,0,0,0,0,0,0,0,0,0,0,0,0,0,0,0,0
1770178424582809899,-0.125604,0.632697,-1.70378,-0.115508,1.21575,-1.84791,-0.199127,1.09614,-1.66359,-0.0482295,0.573277,-1.70985,0,0,0,0,0,0,0,0,0,0,0,0,0,0,0,0,0,0,0,0,0,0,0,0
1770178424602888076,-0.122876,0.630021,-1.70107,-0.112859,1.21871,-1.85058,-0.196661,1.09342,-1.6649,-0.0498918,0.571453,-1.71167,0,0,0,0,0,0,0,0,0,0,0,0,0,0,0,0,0,0,0,0,0,0,0,0
1770178424622967821,-0.125618,0.632711,-1.7038,-0.115508,1.21575,-1.84791,-0.199142,1.09615,-1.66359,-0.048127,0.573394,-1.70974,0,0,0,0,0,0,0,0,0,0,0,0,0,0,0,0,0,0,0,0,0,0,0,0
1770178424643046286,-0.12286,0.630005,-1.70106,-0.112859,1.21871,-1.85058,-0.196643,1.09341,-1.6649,-0.0500149,0.571325,-1.71179,0,0,0,0,0,0,0,0,0,0,0,0,0,0,0,0,0,0,0,0,0,0,0,0
1770178424663132527,-0.125627,0.632719,-1.7038,-0.115508,1.21575,-1.84791,-0.199128,1.09616,-1.66358,-0.0534819,0.568185,-1.71497,0,0,0,0,0,0,0,0,0,0,0,0,0,0,0,0,0,0,0,0,0,0,0,0
1770178424683212784,-0.12285,0.629995,-1.70105,-0.112859,1.21871,-1.85058,-0.19666,1.09341,-1.66491,-0.0503068,0.57106,-1.71207,0,0,0,0,0,0,0,0,0,0,0,0,0,0,0,0,0,0,0,0,0,0,0,0
1770178424703297841,-0.125632,0.632724,-1.70381,-0.115508,1.21575,-1.84791,-0.199141,1.09617,-1.66359,-0.0533625,0.568318,-1.71483,0,0,0,0,0,0,0,0,0,0,0,0,0,0,0,0,0,0,0,0,0,0,0,0
1770178424723368114,-0.122844,0.629989,-1.70104,-0.112859,1.21871,-1.85058,-0.196644,1.0934,-1.66491,-0.0504624,0.570906,-1.71222,0,0,0,0,0,0,0,0,0,0,0,0,0,0,0,0,0,0,0,0,0,0,0,0
1770178424743443091,-0.125634,0.632726,-1.70381,-0.115508,1.21575,-1.84791,-0.199129,1.09617,-1.66358,-0.0532615,0.568406,-1.71473,0,0,0,0,0,0,0,0,0,0,0,0,0,0,0,0,0,0,0,0,0,0,0,0
1770178424763529076,-0.122842,0.629987,-1.70104,-0.112859,1.21871,-1.85058,-0.196659,1.0934,-1.66492,-0.0505716,0.570798,-1.71233,0,0,0,0,0,0,0,0,0,0,0,0,0,0,0,0,0,0,0,0,0,0,0,0
1770178424783610261,-0.125635,0.632727,-1.70381,-0.115508,1.21575,-1.84791,-0.199141,1.09618,-1.66358,-0.0531852,0.568472,-1.71467,0,0,0,0,0,0,0,0,0,0,0,0,0,0,0,0,0,0,0,0,0,0,0,0
1770178424803698262,-0.122841,0.629986,-1.70104,-0.112859,1.21871,-1.85058,-0.196644,1.0934,-1.66492,-0.0506539,0.570718,-1.71241,0,0,0,0,0,0,0,0,0,0,0,0,0,0,0,0,0,0,0,0,0,0,0,0
1770178424823779383,-0.125636,0.632727,-1.70381,-0.115508,1.21575,-1.84791,-0.19913,1.09618,-1.66357,-0.0531249,0.568524,-1.71461,0,0,0,0,0,0,0,0,0,0,0,0,0,0,0,0,0,0,0,0,0,0,0,0
1770178424843849240,-0.12284,0.629985,-1.70104,-0.112859,1.21871,-1.85058,-0.196658,1.0934,-1.66492,-0.0507185,0.570655,-1.71247,0,0,0,0,0,0,0,0,0,0,0,0,0,0,0,0,0,0,0,0,0,0,0,0
1770178424863925177,-0.125636,0.632728,-1.70381,-0.115508,1.21575,-1.84791,-0.199141,1.09618,-1.66357,-0.053076,0.568566,-1.71457,0,0,0,0,0,0,0,0,0,0,0,0,0,0,0,0,0,0,0,0,0,0,0,0
1770178424883998554,-0.12284,0.629985,-1.70104,-0.112859,1.21871,-1.85058,-0.196645,1.09339,-1.66492,-0.0507709,0.570604,-1.71252,0,0,0,0,0,0,0,0,0,0,0,0,0,0,0,0,0,0,0,0,0,0,0,0
1770178424904077755,-0.125636,0.632728,-1.70381,-0.115508,1.21575,-1.84791,-0.199131,1.09618,-1.66357,-0.0530355,0.568601,-1.71453,0,0,0,0,0,0,0,0,0,0,0,0,0,0,0,0,0,0,0,0,0,0,0,0
1770178424924157084,-0.12284,0.629985,-1.70104,-0.112859,1.21871,-1.85058,-0.196657,1.09339,-1.66492,-0.0508142,0.570563,-1.71257,0,0,0,0,0,0,0,0,0,0,0,0,0,0,0,0,0,0,0,0,0,0,0,0
1770178424944233981,-0.125636,0.632728,-1.70381,-0.115508,1.21575,-1.84791,-0.199141,1.09619,-1.66357,-0.0530012,0.56863,-1.7145,0,0,0,0,0,0,0,0,0,0,0,0,0,0,0,0,0,0,0,0,0,0,0,0
1770178424964312606,-0.12284,0.629985,-1.70104,-0.112859,1.21871,-1.85058,-0.196645,1.09339,-1.66492,-0.0508508,0.570527,-1.7126,0,0,0,0,0,0,0,0,0,0,0,0,0,0,0,0,0,0,0,0,0,0,0,0
1770178424984390271,-0.125636,0.632728,-1.70381,-0.115508,1.21575,-1.84791,-0.199131,1.09619,-1.66357,-0.0529718,0.568655,-1.71448,0,0,0,0,0,0,0,0,0,0,0,0,0,0,0,0,0,0,0,0,0,0,0,0
1770178425004466463,-0.12284,0.629985,-1.70104,-0.112859,1.21871,-1.85058,-0.196657,1.09339,-1.66493,-0.0508821,0.570498,-1.71263,0,0,0,0,0,0,0,0,0,0,0,0,0,0,0,0,0,0,0,0,0,0,0,0
1770178425024545568,-0.125636,0.632728,-1.70381,-0.115508,1.21575,-1.84791,-0.199141,1.09619,-1.66357,-0.0529465,0.568677,-1.71446,0,0,0,0,0,0,0,0,0,0,0,0,0,0,0,0,0,0,0,0,0,0,0,0
1770178425044621153,-0.12284,0.629985,-1.70104,-0.112859,1.21871,-1.85058,-0.196645,1.09339,-1.66493,-0.0509091,0.570472,-1.71266,0,0,0,0,0,0,0,0,0,0,0,0,0,0,0,0,0,0,0,0,0,0,0,0
1770178425064700802,-0.125636,0.632728,-1.70381,-0.115508,1.21575,-1.84791,-0.199132,1.09619,-1.66357,-0.0529243,0.568696,-1.71444,0,0,0,0,0,0,0,0,0,0,0,0,0,0,0,0,0,0,0,0,0,0,0,0
1770178425084777923,-0.12284,0.629985,-1.70104,-0.112859,1.21871,-1.85058,-0.196656,1.09339,-1.66493,-0.0509327,0.570449,-1.71268,0,0,0,0,0,0,0,0,0,0,0,0,0,0,0,0,0,0,0,0,0,0,0,0
1770178425104851364,-0.125636,0.632728,-1.70381,-0.115508,1.21575,-1.84791,-0.199141,1.09619,-1.66357,-0.0529047,0.568713,-1.71442,0,0,0,0,0,0,0,0,0,0,0,0,0,0,0,0,0,0,0,0,0,0,0,0
1770178425124929893,-0.12284,0.629985,-1.70104,-0.112859,1.21871,-1.85058,-0.196645,1.09339,-1.66493,-0.0509534,0.57043,-1.7127,0,0,0,0,0,0,0,0,0,0,0,0,0,0,0,0,0,0,0,0,0,0,0,0
1770178425145008230,-0.125636,0.632728,-1.70381,-0.115508,1.21575,-1.84791,-0.199132,1.09619,-1.66356,-0.0528874,0.568727,-1.71441,0,0,0,0,0,0,0,0,0,0,0,0,0,0,0,0,0,0,0,0,0,0,0,0
1770178425165087079,-0.12284,0.629985,-1.70104,-0.112859,1.21871,-1.85058,-0.196656,1.09339,-1.66493,-0.0509718,0.570412,-1.71272,0,0,0,0,0,0,0,0,0,0,0,0,0,0,0,0,0,0,0,0,0,0,0,0
1770178425185166088,-0.125636,0.632728,-1.70381,-0.115508,1.21575,-1.84791,-0.199141,1.09619,-1.66357,-0.052872,0.56874,-1.71439,0,0,0,0,0,0,0,0,0,0,0,0,0,0,0,0,0,0,0,0,0,0,0,0
1770178425205247113,-0.12284,0.629985,-1.70104,-0.112859,1.21871,-1.85058,-0.196646,1.09338,-1.66493,-0.0509882,0.570397,-1.71273,0,0,0,0,0,0,0,0,0,0,0,0,0,0,0,0,0,0,0,0,0,0,0,0
1770178425225321354,-0.125636,0.632728,-1.70381,-0.115508,1.21575,-1.84791,-0.199132,1.09619,-1.66356,-0.0528581,0.568752,-1.71438,0,0,0,0,0,0,0,0,0,0,0,0,0,0,0,0,0,0,0,0,0,0,0,0
1770178425245398859,-0.12284,0.629985,-1.70104,-0.112859,1.21871,-1.85058,-0.196655,1.09339,-1.66493,-0.0510029,0.570383,-1.71275,0,0,0,0,0,0,0,0,0,0,0,0,0,0,0,0,0,0,0,0,0,0,0,0
1770178425265475212,0.14285,0.6996,-1.92719,-0.0410113,1.25409,-1.82474,-0.0205873,1.13233,-1.53225,0.354103,1.35457,-1.70328,0,0,0,0,0,0,0,0,0,0,0,0,0,0,0,0,0,0,0,0,0,0,0,0
1770178425285552365,0.160578,0.698229,-1.92916,-0.0360238,1.25139,-1.82721,-0.0297649,1.13593,-1.534,0.325095,1.37222,-1.74807,0,0,0,0,0,0,0,0,0,0,0,0,0,0,0,0,0,0,0,0,0,0,0,0
1770178425305626926,0.157871,0.698603,-1.92809,-0.035558,1.25444,-1.8239,-0.0256352,1.13476,-1.53446,0.326938,1.37076,-1.7465,0,0,0,0,0,0,0,0,0,0,0,0,0,0,0,0,0,0,0,0,0,0,0,0
1770178425325704623,0.161046,0.698048,-1.92835,-0.0346048,1.25661,-1.82538,-0.0245655,1.13523,-1.53432,0.325181,1.37244,-1.74804,0,0,0,0,0,0,0,0,0,0,0,0,0,0,0,0,0,0,0,0,0,0,0,0
1770178425345782576,0.157463,0.699118,-1.92845,-0.036359,1.25495,-1.8242,-0.025506,1.13509,-1.53481,0.326986,1.37069,-1.74646,0,0,0,0,0,0,0,0,0,0,0,0,0,0,0,0,0,0,0,0,0,0,0,0
1770178425365856081,0.155957,0.698824,-1.92885,-0.0347775,1.25675,-1.82572,-0.0245945,1.13524,-1.53442,0.325134,1.37249,-1.74808,0,0,0,0,0,0,0,0,0,0,0,0,0,0,0,0,0,0,0,0,0,0,0,0
1770178425385932369,0.156546,0.698054,-1.92796,-0.0364668,1.25491,-1.82414,-0.0254669,1.13513,-1.53477,0.327042,1.37063,-1.74641,0,0,0,0,0,0,0,0,0,0,0,0,0,0,0,0,0,0,0,0,0,0,0,0
1770178425406008690,0.155807,0.69883,-1.92874,-0.0347307,1.25681,-1.82579,-0.0246258,1.13522,-1.53446,0.325087,1.37253,-1.74812,0,0,0,0,0,0,0,0,0,0,0,0,0,0,0,0,0,0,0,0,0,0,0,0
1770178425426080531,0.156589,0.698016,-1.92793,-0.0365356,1.25484,-1.82408,-0.0254363,1.13515,-1.53474,0.327095,1.37058,-1.74636,0,0,0,0,0,0,0,0,0,0,0,0,0,0,0,0,0,0,0,0,0,0,0,0
1770178425446158932,0.15577,0.69887,-1.92878,-0.0346731,1.25688,-1.82585,-0.0246511,1.13519,-1.5345,0.325042,1.37258,-1.74816,0,0,0,0,0,0,0,0,0,0,0,0,0,0,0,0,0,0,0,0,0,0,0,0
1770178425466234101,0.156631,0.697972,-1.92788,-0.036601,1.25477,-1.82401,-0.0254121,1.13517,-1.5347,0.327147,1.37053,-1.74632,0,0,0,0,0,0,0,0,0,0,0,0,0,0,0,0,0,0,0,0,0,0,0,0
1770178425486307318,0.155729,0.698913,-1.92883,-0.0346171,1.25694,-1.8259,-0.0246711,1.13517,-1.53453,0.325,1.37262,-1.74819,0,0,0,0,0,0,0,0,0,0,0,0,0,0,0,0,0,0,0,0,0,0,0,0
1770178425506385591,0.156677,0.697924,-1.92783,-0.0366636,1.2547,-1.82395,-0.0253931,1.13519,-1.53467,0.327194,1.37048,-1.74627,0,0,0,0,0,0,0,0,0,0,0,0,0,0,0,0,0,0,0,0,0,0,0,0
1770178425526462424,0.155685,0.698958,-1.92887,-0.0345644,1.25699,-1.82594,-0.0246865,1.13515,-1.53456,0.324962,1.37265,-1.74823,0,0,0,0,0,0,0,0,0,0,0,0,0,0,0,0,0,0,0,0,0,0,0,0
1770178425546545977,0.156726,0.697873,-1.92778,-0.0367225,1.25464,-1.82389,-0.0253789,1.13521,-1.53465,0.327238,1.37044,-1.74623,0,0,0,0,0,0,0,0,0,0,0,0,0,0,0,0,0,0,0,0,0,0,0,0
1770178425566626490,0.155638,0.699007,-1.92892,-0.034516,1.25705,-1.82599,-0.0246979,1.13513,-1.53459,0.324928,1.37269,-1.74825,0,0,0,0,0,0,0,0,0,0,0,0,0,0,0,0,0,0,0,0,0,0,0,0
1770178425586705403,0.156778,0.697818,-1.92773,-0.0367765,1.25458,-1.82383,-0.0253686,1.13523,-1.53462,0.327277,1.3704,-1.7462,0,0,0,0,0,0,0,0,0,0,0,0,0,0,0,0,0,0,0,0,0,0,0,0
1770178425606783772,0.155588,0.699058,-1.92897,-0.0344726,1.25709,-1.82603,-0.0247058,1.13512,-1.53461,0.324897,1.37272,-1.74828,0,0,0,0,0,0,0,0,0,0,0,0,0,0,0,0,0,0,0,0,0,0,0,0
1770178425626860349,0.156834,0.69776,-1.92767,-0.0368249,1.25453,-1.82378,-0.0253619,1.13525,-1.5346,0.327312,1.37037,-1.74617,0,0,0,0,0,0,0,0,0,0,0,0,0,0,0,0,0,0,0,0,0,0,0,0
1770178425646937982,0.155536,0.699112,-1.92902,-0.0344345,1.25713,-1.82606,-0.0247105,1.1351,-1.53463,0.32487,1.37274,-1.7483,0,0,0,0,0,0,0,0,0,0,0,0,0,0,0,0,0,0,0,0,0,0,0,0
1770178425667017503,0.156892,0.697699,-1.92761,-0.0368672,1.25448,-1.82373,-0.0253584,1.13526,-1.53458,0.327343,1.37034,-1.74614,0,0,0,0,0,0,0,0,0,0,0,0,0,0,0,0,0,0,0,0,0,0,0,0
1770178425687090400,0.155482,0.699167,-1.92908,-0.034402,1.25717,-1.82609,-0.0247124,1.13509,-1.53465,0.324847,1.37276,-1.74832,0,0,0,0,0,0,0,0,0,0,0,0,0,0,0,0,0,0,0,0,0,0,0,0
1770178425707169729,0.156952,0.697636,-1.92754,-0.0369031,1.25444,-1.8237,-0.0253577,1.13528,-1.53456,0.327369,1.37031,-1.74612,0,0,0,0,0,0,0,0,0,0,0,0,0,0,0,0,0,0,0,0,0,0,0,0
1770178425727250786,0.155427,0.699224,-1.92914,-0.0343751,1.2572,-1.82611,-0.0247118,1.13507,-1.53467,0.324828,1.37278,-1.74834,0,0,0,0,0,0,0,0,0,0,0,0,0,0,0,0,0,0,0,0,0,0,0,0
1770178425747329667,0.157014,0.697571,-1.92748,-0.0369327,1.25441,-1.82367,-0.0253596,1.13529,-1.53454,0.327392,1.37029,-1.7461,0,0,0,0,0,0,0,0,0,0,0,0,0,0,0,0,0,0,0,0,0,0,0,0
1770178425767404868,0.155372,0.699281,-1.92919,-0.0343535,1.25722,-1.82613,-0.0247089,1.13506,-1.53468,0.324811,1.3728,-1.74835,0,0,0,0,0,0,0,0,0,0,0,0,0,0,0,0,0,0,0,0,0,0,0,0
1770178425787481733,0.157077,0.697505,-1.92741,-0.0369562,1.25439,-1.82364,-0.0253637,1.13531,-1.53453,0.327411,1.37027,-1.74608,0,0,0,0,0,0,0,0,0,0,0,0,0,0,0,0,0,0,0,0,0,0,0,0
1770178425807562374,0.155317,0.699337,-1.92925,-0.0343369,1.25723,-1.82614,-0.0247039,1.13504,-1.5347,0.324797,1.37281,-1.74836,0,0,0,0,0,0,0,0,0,0,0,0,0,0,0,0,0,0,0,0,0,0,0,0
1770178425827635686,0.157139,0.69744,-1.92735,-0.0369739,1.25437,-1.82362,-0.02537,1.13532,-1.53451,0.327427,1.37026,-1.74606,0,0,0,0,0,0,0,0,0,0,0,0,0,0,0,0,0,0,0,0,0,0,0,0
1770178425847713959,0.155264,0.699392,-1.9293,-0.0343247,1.25725,-1.82615,-0.024697,1.13503,-1.53471,0.324786,1.37282,-1.74837,0,0,0,0,0,0,0,0,0,0,0,0,0,0,0,0,0,0,0,0,0,0,0,0
1770178425867784808,0.157199,0.697377,-1.92728,-0.0369866,1.25436,-1.82361,-0.0253782,1.13533,-1.5345,0.32744,1.37024,-1.74605,0,0,0,0,0,0,0,0,0,0,0,0,0,0,0,0,0,0,0,0,0,0,0,0
1770178425887858377,0.155213,0.699444,-1.92936,-0.0343163,1.25725,-1.82616,-0.0246883,1.13502,-1.53473,0.324777,1.37283,-1.74838,0,0,0,0,0,0,0,0,0,0,0,0,0,0,0,0,0,0,0,0,0,0,0,0
1770178425907932458,0.157257,0.697316,-1.92722,-0.0369948,1.25435,-1.8236,-0.0253882,1.13535,-1.53448,0.32745,1.37023,-1.74604,0,0,0,0,0,0,0,0,0,0,0,0,0,0,0,0,0,0,0,0,0,0,0,0
1770178425928010667,0.155165,0.699493,-1.92941,-0.034311,1.25726,-1.82616,-0.0246781,1.135,-1.53474,0.324769,1.37284,-1.74839,0,0,0,0,0,0,0,0,0,0,0,0,0,0,0,0,0,0,0,0,0,0,0,0
1770178425948090700,0.157312,0.697259,-1.92717,-0.0369997,1.25434,-1.8236,-0.0253998,1.13536,-1.53447,0.327459,1.37022,-1.74603,0,0,0,0,0,0,0,0,0,0,0,0,0,0,0,0,0,0,0,0,0,0,0,0
1770178425968170157,0.155121,0.699538,-1.92945,-0.0343079,1.25726,-1.82616,-0.0246663,1.13499,-1.53476,0.324763,1.37285,-1.74839,0,0,0,0,0,0,0,0,0,0,0,0,0,0,0,0,0,0,0,0,0,0,0,0
1770178425988248110,0.157362,0.697206,-1.92711,-0.0370024,1.25434,-1.82359,-0.0254131,1.13537,-1.53445,0.327466,1.37022,-1.74603,0,0,0,0,0,0,0,0,0,0,0,0,0,0,0,0,0,0,0,0,0,0,0,0
1770178426008324879,0.155082,0.699578,-1.92949,-0.0343063,1.25726,-1.82616,-0.0246531,1.13498,-1.53477,0.324758,1.37285,-1.7484,0,0,0,0,0,0,0,0,0,0,0,0,0,0,0,0,0,0,0,0,0,0,0,0
1770178426028398768,0.157407,0.697159,-1.92707,-0.0370036,1.25434,-1.82359,-0.0254278,1.13539,-1.53444,0.327472,1.37021,-1.74602,0,0,0,0,0,0,0,0,0,0,0,0,0,0,0,0,0,0,0,0,0,0,0,0
1770178426048480273,0.155047,0.699614,-1.92953,-0.0343055,1.25726,-1.82616,-0.0246387,1.13497,-1.53478,0.324754,1.37285,-1.7484,0,0,0,0,0,0,0,0,0,0,0,0,0,0,0,0,0,0,0,0,0,0,0,0
1770178426068558866,0.157446,0.697118,-1.92702,-0.0370043,1.25434,-1.82359,-0.025444,1.1354,-1.53443,0.327476,1.37021,-1.74602,0,0,0,0,0,0,0,0,0,0,0,0,0,0,0,0,0,0,0,0,0,0,0,0
1770178426088637843,0.155017,0.699645,-1.92956,-0.0343051,1.25726,-1.82616,-0.0246229,1.13495,-1.5348,0.324751,1.37286,-1.7484,0,0,0,0,0,0,0,0,0,0,0,0,0,0,0,0,0,0,0,0,0,0,0,0
1770178426108720340,0.15748,0.697082,-1.92699,-0.0370045,1.25434,-1.82359,-0.0254614,1.13542,-1.53441,0.32748,1.3702,-1.74602,0,0,0,0,0,0,0,0,0,0,0,0,0,0,0,0,0,0,0,0,0,0,0,0
1770178426128799349,0.154992,0.69967,-1.92958,-0.034305,1.25726,-1.82616,-0.0246061,1.13494,-1.53481,0.324748,1.37286,-1.7484,0,0,0,0,0,0,0,0,0,0,0,0,0,0,0,0,0,0,0,0,0,0,0,0
1770178426148879254,0.157508,0.697052,-1.92696,-0.0370047,1.25434,-1.82359,-0.0254801,1.13543,-1.5344,0.327483,1.3702,-1.74601,0,0,0,0,0,0,0,0,0,0,0,0,0,0,0,0,0,0,0,0,0,0,0,0
1770178426168959063,0.154972,0.699691,-1.9296,-0.0343049,1.25726,-1.82616,-0.0245881,1.13492,-1.53482,0.324746,1.37286,-1.74841,0,0,0,0,0,0,0,0,0,0,0,0,0,0,0,0,0,0,0,0,0,0,0,0
1770178426189037592,0.157532,0.697028,-1.92693,-0.0370047,1.25434,-1.82359,-0.0255,1.13544,-1.53438,0.327485,1.3702,-1.74601,0,0,0,0,0,0,0,0,0,0,0,0,0,0,0,0,0,0,0,0,0,0,0,0
1770178426209119161,0.154956,0.699707,-1.92962,-0.0343049,1.25726,-1.82616,-0.0245692,1.13491,-1.53484,0.324745,1.37286,-1.74841,0,0,0,0,0,0,0,0,0,0,0,0,0,0,0,0,0,0,0,0,0,0,0,0
1770178426229193658,0.15755,0.697008,-1.92691,-0.0370048,1.25434,-1.82359,-0.025521,1.13546,-1.53437,0.327487,1.3702,-1.74601,0,0,0,0,0,0,0,0,0,0,0,0,0,0,0,0,0,0,0,0,0,0,0,0
1770178426249274235,0.154944,0.69972,-1.92963,-0.0343048,1.25726,-1.82616,-0.0245493,1.13489,-1.53485,0.324744,1.37286,-1.74841,0,0,0,0,0,0,0,0,0,0,0,0,0,0,0,0,0,0,0,0,0,0,0,0
1770178426269353660,0.157564,0.696994,-1.9269,-0.0370048,1.25434,-1.82359,-0.0255431,1.13548,-1.53436,0.327488,1.3702,-1.74601,0,0,0,0,0,0,0,0,0,0,0,0,0,0,0,0,0,0,0,0,0,0,0,0
1770178426289427997,0.154935,0.69973,-1.92964,-0.0343048,1.25726,-1.82616,-0.0245286,1.13488,-1.53486,0.324743,1.37286,-1.74841,0,0,0,0,0,0,0,0,0,0,0,0,0,0,0,0,0,0,0,0,0,0,0,0
1770178426309510270,0.157574,0.696983,-1.92689,-0.0370048,1.25434,-1.82359,-0.0255661,1.13549,-1.53434,0.327489,1.37019,-1.74601,0,0,0,0,0,0,0,0,0,0,0,0,0,0,0,0,0,0,0,0,0,0,0,0
1770178426329591103,0.154928,0.699736,-1.92965,-0.0343048,1.25726,-1.82616,-0.0245071,1.13486,-1.53488,0.324742,1.37287,-1.74841,0,0,0,0,0,0,0,0,0,0,0,0,0,0,0,0,0,0,0,0,0,0,0,0
1770178426349667840,0.157582,0.696975,-1.92688,-0.0370048,1.25434,-1.82359,-0.0255901,1.13551,-1.53433,0.32749,1.37019,-1.74601,0,0,0,0,0,0,0,0,0,0,0,0,0,0,0,0,0,0,0,0,0,0,0,0
1770178426369746017,0.154924,0.699741,-1.92965,-0.0343048,1.25726,-1.82616,-0.0244849,1.13485,-1.53489,0.324741,1.37287,-1.74841,0,0,0,0,0,0,0,0,0,0,0,0,0,0,0,0,0,0,0,0,0,0,0,0
1770178426389819073,0.157587,0.696969,-1.92687,-0.0370048,1.25434,-1.82359,-0.0256148,1.13553,-1.53431,0.327491,1.37019,-1.74601,0,0,0,0,0,0,0,0,0,0,0,0,0,0,0,0,0,0,0,0,0,0,0,0
1770178426409897922,0.154921,0.699744,-1.92966,-0.0343048,1.25726,-1.82616,-0.0244621,1.13483,-1.53491,0.324741,1.37287,-1.74841,0,0,0,0,0,0,0,0,0,0,0,0,0,0,0,0,0,0,0,0,0,0,0,0
1770178426429982020,0.15759,0.696966,-1.92687,-0.0370048,1.25434,-1.82359,-0.0256402,1.13554,-1.53429,0.327491,1.37019,-1.74601,0,0,0,0,0,0,0,0,0,0,0,0,0,0,0,0,0,0,0,0,0,0,0,0
1770178426450063557,0.154919,0.699746,-1.92966,-0.0343048,1.25726,-1.82616,-0.0244388,1.13482,-1.53492,0.32474,1.37287,-1.74841,0,0,0,0,0,0,0,0,0,0,0,0,0,0,0,0,0,0,0,0,0,0,0,0
1770178426470143046,0.157593,0.696963,-1.92687,-0.0370048,1.25434,-1.82359,-0.0256663,1.13556,-1.53428,0.327492,1.37019,-1.74601,0,0,0,0,0,0,0,0,0,0,0,0,0,0,0,0,0,0,0,0,0,0,0,0
1770178426490220167,0.154918,0.699748,-1.92966,-0.0343048,1.25726,-1.82616,-0.0244151,1.1348,-1.53494,0.32474,1.37287,-1.74841,0,0,0,0,0,0,0,0,0,0,0,0,0,0,0,0,0,0,0,0,0,0,0,0
1770178426510298375,0.157594,0.696962,-1.92687,-0.0370048,1.25434,-1.82359,-0.0256929,1.13558,-1.53426,0.327492,1.37019,-1.746,0,0,0,0,0,0,0,0,0,0,0,0,0,0,0,0,0,0,0,0,0,0,0,0
1770178426530373992,0.154917,0.699749,-1.92966,-0.0343048,1.25726,-1.82616,-0.0243911,1.13478,-1.53495,0.32474,1.37287,-1.74841,0,0,0,0,0,0,0,0,0,0,0,0,0,0,0,0,0,0,0,0,0,0,0,0
1770178426550455977,0.157595,0.696961,-1.92687,-0.0370048,1.25434,-1.82359,-0.0257198,1.1356,-1.53425,0.327492,1.37019,-1.746,0,0,0,0,0,0,0,0,0,0,0,0,0,0,0,0,0,0,0,0,0,0,0,0
1770178426570530602,0.154916,0.699749,-1.92966,-0.0343048,1.25726,-1.82616,-0.0243669,1.13477,-1.53497,0.32474,1.37287,-1.74841,0,0,0,0,0,0,0,0,0,0,0,0,0,0,0,0,0,0,0,0,0,0,0,0
1770178426590609963,0.157596,0.69696,-1.92687,-0.0370048,1.25434,-1.82359,-0.0257471,1.13562,-1.53423,0.327493,1.37019,-1.746,0,0,0,0,0,0,0,0,0,0,0,0,0,0,0,0,0,0,0,0,0,0,0,0
1770178426610691052,0.154916,0.69975,-1.92966,-0.0343048,1.25726,-1.82616,-0.0243427,1.13475,-1.53499,0.324739,1.37287,-1.74841,0,0,0,0,0,0,0,0,0,0,0,0,0,0,0,0,0,0,0,0,0,0,0,0
1770178426630766157,0.157596,0.696959,-1.92686,-0.0370048,1.25434,-1.82359,-0.0257745,1.13564,-1.53421,0.327493,1.37019,-1.746,0,0,0,0,0,0,0,0,0,0,0,0,0,0,0,0,0,0,0,0,0,0,0,0
1770178426650847598,0.154916,0.69975,-1.92966,-0.0343048,1.25726,-1.82616,-0.0243185,1.13473,-1.535,0.324739,1.37287,-1.74841,0,0,0,0,0,0,0,0,0,0,0,0,0,0,0,0,0,0,0,0,0,0,0,0
1770178426670922863,0.157596,0.696959,-1.92686,-0.0370048,1.25434,-1.82359,-0.0258019,1.13565,-1.53419,0.327493,1.37019,-1.746,0,0,0,0,0,0,0,0,0,0,0,0,0,0,0,0,0,0,0,0,0,0,0,0
1770178426691001584,0.154916,0.69975,-1.92966,-0.0343048,1.25726,-1.82616,-0.0242944,1.13471,-1.53502,0.324739,1.37287,-1.74841,0,0,0,0,0,0,0,0,0,0,0,0,0,0,0,0,0,0,0,0,0,0,0,0
1770178426711082833,0.157597,0.696959,-1.92686,-0.0370048,1.25434,-1.82359,-0.0258291,1.13567,-1.53418,0.327493,1.37019,-1.746,0,0,0,0,0,0,0,0,0,0,0,0,0,0,0,0,0,0,0,0,0,0,0,0
1770178426731161906,0.154916,0.69975,-1.92966,-0.0343048,1.25726,-1.82616,-0.0242706,1.1347,-1.53503,0.324739,1.37287,-1.74841,0,0,0,0,0,0,0,0,0,0,0,0,0,0,0,0,0,0,0,0,0,0,0,0
1770178426751244179,0.157597,0.696959,-1.92686,-0.0370048,1.25434,-1.82359,-0.0258561,1.13569,-1.53416,0.327493,1.37019,-1.746,0,0,0,0,0,0,0,0,0,0,0,0,0,0,0,0,0,0,0,0,0,0,0,0
1770178426771321396,0.154916,0.69975,-1.92966,-0.0343048,1.25726,-1.82616,-0.0242472,1.13468,-1.53505,0.324739,1.37287,-1.74841,0,0,0,0,0,0,0,0,0,0,0,0,0,0,0,0,0,0,0,0,0,0,0,0
1770178426791400757,0.157597,0.696959,-1.92686,-0.0370048,1.25434,-1.82359,-0.0258828,1.13571,-1.53414,0.327493,1.37019,-1.746,0,0,0,0,0,0,0,0,0,0,0,0,0,0,0,0,0,0,0,0,0,0,0,0
1770178426811483702,0.154915,0.69975,-1.92966,-0.0343048,1.25726,-1.82616,-0.0242244,1.13466,-1.53507,0.324739,1.37287,-1.74841,0,0,0,0,0,0,0,0,0,0,0,0,0,0,0,0,0,0,0,0,0,0,0,0
1770178426831561303,0.157597,0.696959,-1.92686,-0.0370048,1.25434,-1.82359,-0.0259089,1.13573,-1.53412,0.327493,1.37019,-1.746,0,0,0,0,0,0,0,0,0,0,0,0,0,0,0,0,0,0,0,0,0,0,0,0
1770178426851638520,0.154915,0.69975,-1.92966,-0.0343048,1.25726,-1.82616,-0.0242021,1.13465,-1.53508,0.324739,1.37287,-1.74841,0,0,0,0,0,0,0,0,0,0,0,0,0,0,0,0,0,0,0,0,0,0,0,0
1770178426871713817,0.157597,0.696959,-1.92686,-0.0370048,1.25434,-1.82359,-0.0259344,1.13575,-1.53411,0.327493,1.37019,-1.746,0,0,0,0,0,0,0,0,0,0,0,0,0,0,0,0,0,0,0,0,0,0,0,0
1770178426891784634,0.154915,0.69975,-1.92966,-0.0343048,1.25726,-1.82616,-0.0241805,1.13463,-1.5351,0.324739,1.37287,-1.74841,0,0,0,0,0,0,0,0,0,0,0,0,0,0,0,0,0,0,0,0,0,0,0,0
1770178426911868123,0.157597,0.696959,-1.92686,-0.0370048,1.25434,-1.82359,-0.0259591,1.13577,-1.53409,0.327493,1.37019,-1.746,0,0,0,0,0,0,0,0,0,0,0,0,0,0,0,0,0,0,0,0,0,0,0,0
1770178426931945884,0.154915,0.69975,-1.92966,-0.0343048,1.25726,-1.82616,-0.0241596,1.13461,-1.53511,0.324739,1.37287,-1.74841,0,0,0,0,0,0,0,0,0,0,0,0,0,0,0,0,0,0,0,0,0,0,0,0
1770178426952029085,0.157597,0.696959,-1.92686,-0.0370048,1.25434,-1.82359,-0.025983,1.13579,-1.53407,0.327493,1.37019,-1.746,0,0,0,0,0,0,0,0,0,0,0,0,0,0,0,0,0,0,0,0,0,0,0,0
1770178426972108702,0.154915,0.69975,-1.92966,-0.0343048,1.25726,-1.82616,-0.0241396,1.1346,-1.53513,0.324739,1.37287,-1.74841,0,0,0,0,0,0,0,0,0,0,0,0,0,0,0,0,0,0,0,0,0,0,0,0
1770178426992183775,0.157597,0.696959,-1.92686,-0.0370048,1.25434,-1.82359,-0.026006,1.1358,-1.53406,0.327493,1.37019,-1.746,0,0,0,0,0,0,0,0,0,0,0,0,0,0,0,0,0,0,0,0,0,0,0,0
1770178427012264512,0.154915,0.69975,-1.92966,-0.0343048,1.25726,-1.82616,-0.0241205,1.13458,-1.53514,0.324739,1.37287,-1.74841,0,0,0,0,0,0,0,0,0,0,0,0,0,0,0,0,0,0,0,0,0,0,0,0
1770178427032344385,0.157597,0.696959,-1.92686,-0.0370048,1.25434,-1.82359,-0.0260281,1.13582,-1.53404,0.327493,1.37019,-1.746,0,0,0,0,0,0,0,0,0,0,0,0,0,0,0,0,0,0,0,0,0,0,0,0
1770178427052425570,0.154915,0.69975,-1.92966,-0.0343048,1.25726,-1.82616,-0.0241023,1.13457,-1.53516,0.324739,1.37287,-1.74841,0,0,0,0,0,0,0,0,0,0,0,0,0,0,0,0,0,0,0,0,0,0,0,0
1770178427072501187,0.157597,0.696959,-1.92686,-0.0370048,1.25434,-1.82359,-0.026049,1.13584,-1.53403,0.327493,1.37019,-1.746,0,0,0,0,0,0,0,0,0,0,0,0,0,0,0,0,0,0,0,0,0,0,0,0
1770178427092582916,0.154915,0.69975,-1.92966,-0.0343048,1.25726,-1.82616,-0.0240851,1.13455,-1.53517,0.324739,1.37287,-1.74841,0,0,0,0,0,0,0,0,0,0,0,0,0,0,0,0,0,0,0,0,0,0,0,0
1770178427112666981,0.157597,0.696959,-1.92686,-0.0370048,1.25434,-1.82359,-0.0260689,1.13585,-1.53401,0.327493,1.37019,-1.746,0,0,0,0,0,0,0,0,0,0,0,0,0,0,0,0,0,0,0,0,0,0,0,0
1770178427132746726,0.154915,0.69975,-1.92966,-0.0343048,1.25726,-1.82616,-0.0240688,1.13454,-1.53518,0.324739,1.37287,-1.74841,0,0,0,0,0,0,0,0,0,0,0,0,0,0,0,0,0,0,0,0,0,0,0,0
1770178427152827591,0.157597,0.696959,-1.92686,-0.0370048,1.25434,-1.82359,-0.0260877,1.13587,-1.534,0.327493,1.37019,-1.746,0,0,0,0,0,0,0,0,0,0,0,0,0,0,0,0,0,0,0,0,0,0,0,0
1770178427172907720,0.154915,0.69975,-1.92966,-0.0343048,1.25726,-1.82616,-0.0240536,1.13453,-1.5352,0.324739,1.37287,-1.74841,0,0,0,0,0,0,0,0,0,0,0,0,0,0,0,0,0,0,0,0,0,0,0,0
1770178427192986505,0.157597,0.696959,-1.92686,-0.0370048,1.25434,-1.82359,-0.0261054,1.13588,-1.53398,0.327493,1.37019,-1.746,0,0,0,0,0,0,0,0,0,0,0,0,0,0,0,0,0,0,0,0,0,0,0,0
1770178427213065994,0.154915,0.69975,-1.92966,-0.0343048,1.25726,-1.82616,-0.0240393,1.13452,-1.53521,0.324739,1.37287,-1.74841,0,0,0,0,0,0,0,0,0,0,0,0,0,0,0,0,0,0,0,0,0,0,0,0
1770178427233145547,0.157597,0.696959,-1.92686,-0.0370048,1.25434,-1.82359,-0.0261219,1.13589,-1.53397,0.327493,1.37019,-1.746,0,0,0,0,0,0,0,0,0,0,0,0,0,0,0,0,0,0,0,0,0,0,0,0
1770178427253227116,0.154915,0.69975,-1.92966,-0.0343048,1.25726,-1.82616,-0.024026,1.1345,-1.53522,0.324739,1.37287,-1.74841,0,0,0,0,0,0,0,0,0,0,0,0,0,0,0,0,0,0,0,0,0,0,0,0
1770178427273307053,0.157597,0.696959,-1.92686,-0.0370048,1.25434,-1.82359,-0.0261374,1.13591,-1.53396,0.327493,1.37019,-1.746,0,0,0,0,0,0,0,0,0,0,0,0,0,0,0,0,0,0,0,0,0,0,0,0
1770178427293387278,0.154915,0.69975,-1.92966,-0.0343048,1.25726,-1.82616,-0.0240136,1.13449,-1.53523,0.324739,1.37287,-1.74841,0,0,0,0,0,0,0,0,0,0,0,0,0,0,0,0,0,0,0,0,0,0,0,0
1770178427313468495,0.157597,0.696959,-1.92686,-0.0370048,1.25434,-1.82359,-0.0261517,1.13592,-1.53395,0.327493,1.37019,-1.746,0,0,0,0,0,0,0,0,0,0,0,0,0,0,0,0,0,0,0,0,0,0,0,0
1770178427333545488,0.127482,0.973082,-2.07872,0.00557581,0.813135,-1.87305,0.147454,1.19095,-1.75107,0.287489,1.31972,-1.72467,0,0,0,0,0,0,0,0,0,0,0,0,0,0,0,0,0,0,0,0,0,0,0,0
1770178427353627473,0.123538,0.987663,-2.07588,-0.00290433,0.802913,-1.88476,0.145641,1.18821,-1.74882,0.287517,1.31541,-1.72563,0,0,0,0,0,0,0,0,0,0,0,0,0,0,0,0,0,0,0,0,0,0,0,0
1770178427373703346,0.124077,0.985628,-2.07655,0.000476785,0.804653,-1.88512,0.147055,1.18938,-1.74851,0.287994,1.31317,-1.72733,0,0,0,0,0,0,0,0,0,0,0,0,0,0,0,0,0,0,0,0,0,0,0,0
1770178427393781331,0.123335,0.986769,-2.07491,-0.000881406,0.807626,-1.88752,0.145672,1.18845,-1.74936,0.287669,1.31571,-1.72557,0,0,0,0,0,0,0,0,0,0,0,0,0,0,0,0,0,0,0,0,0,0,0,0
1770178427413859956,0.124007,0.985244,-2.07645,0.00042786,0.804712,-1.88513,0.14709,1.18939,-1.74835,0.287756,1.31288,-1.72746,0,0,0,0,0,0,0,0,0,0,0,0,0,0,0,0,0,0,0,0,0,0,0,0
1770178427433941493,0.123366,0.986798,-2.07468,-0.000822573,0.807649,-1.88751,0.145617,1.18838,-1.74945,0.287923,1.31601,-1.72549,0,0,0,0,0,0,0,0,0,0,0,0,0,0,0,0,0,0,0,0,0,0,0,0
1770178427454023766,0.123937,0.985093,-2.0766,0.000360357,0.804704,-1.88515,0.147143,1.18947,-1.74827,0.2892,1.31853,-1.7271,0,0,0,0,0,0,0,0,0,0,0,0,0,0,0,0,0,0,0,0,0,0,0,0
1770178427474102167,0.12347,0.986912,-2.07451,-0.000750125,0.807671,-1.8875,0.145555,1.18829,-1.74954,0.287321,1.31649,-1.72545,0,0,0,0,0,0,0,0,0,0,0,0,0,0,0,0,0,0,0,0,0,0,0,0
1770178427494181016,0.123801,0.984968,-2.07678,0.000276742,0.804696,-1.88516,0.147199,1.18956,-1.74819,0.289306,1.31851,-1.72724,0,0,0,0,0,0,0,0,0,0,0,0,0,0,0,0,0,0,0,0,0,0,0,0
1770178427514263161,0.1224,0.987539,-2.07911,-0.000661617,0.807694,-1.88749,0.145491,1.18819,-1.74964,0.287249,1.31641,-1.72538,0,0,0,0,0,0,0,0,0,0,0,0,0,0,0,0,0,0,0,0,0,0,0,0
1770178427534343450,0.124385,0.985209,-2.07708,0.000172893,0.804689,-1.88519,0.147256,1.18966,-1.74809,0.289367,1.31857,-1.72729,0,0,0,0,0,0,0,0,0,0,0,0,0,0,0,0,0,0,0,0,0,0,0,0
1770178427554421307,0.122345,0.987529,-2.07921,-0.000553679,0.807718,-1.88747,0.145424,1.18808,-1.74974,0.287178,1.31634,-1.72531,0,0,0,0,0,0,0,0,0,0,0,0,0,0,0,0,0,0,0,0,0,0,0,0
1770178427574493532,0.124441,0.985158,-2.077,4.40638e-05,0.804685,-1.88522,0.147314,1.18977,-1.748,0.289425,1.31863,-1.72734,0,0,0,0,0,0,0,0,0,0,0,0,0,0,0,0,0,0,0,0,0,0,0,0
1770178427594571965,0.122297,0.987568,-2.07927,-0.000423064,0.807738,-1.88745,0.145357,1.18796,-1.74985,0.287111,1.31627,-1.72525,0,0,0,0,0,0,0,0,0,0,0,0,0,0,0,0,0,0,0,0,0,0,0,0
1770178427614649566,0.124494,0.985103,-2.07694,-0.000114464,0.804684,-1.88526,0.147372,1.18988,-1.74789,0.289478,1.31869,-1.72738,0,0,0,0,0,0,0,0,0,0,0,0,0,0,0,0,0,0,0,0,0,0,0,0
1770178427634729855,0.122256,0.987611,-2.07931,-0.000267381,0.807751,-1.88741,0.14529,1.18783,-1.74997,0.287051,1.31621,-1.72519,0,0,0,0,0,0,0,0,0,0,0,0,0,0,0,0,0,0,0,0,0,0,0,0
1770178427654807488,0.124541,0.985052,-2.07689,-0.000306182,0.804689,-1.88532,0.147428,1.18998,-1.7478,0.289524,1.31874,-1.72742,0,0,0,0,0,0,0,0,0,0,0,0,0,0,0,0,0,0,0,0,0,0,0,0
1770178427674885889,0.12222,0.98765,-2.07935,-8.48778e-05,0.807755,-1.88736,0.145224,1.18771,-1.75008,0.286997,1.31616,-1.72514,0,0,0,0,0,0,0,0,0,0,0,0,0,0,0,0,0,0,0,0,0,0,0,0
1770178427694963778,0.124582,0.985008,-2.07685,-0.000532897,0.8047,-1.88539,0.148002,1.19025,-1.75246,0.289564,1.31878,-1.72746,0,0,0,0,0,0,0,0,0,0,0,0,0,0,0,0,0,0,0,0,0,0,0,0
1770178427715042947,0.12219,0.987682,-2.07938,0.000124038,0.807752,-1.88729,0.145093,1.18817,-1.75048,0.286952,1.31611,-1.7251,0,0,0,0,0,0,0,0,0,0,0,0,0,0,0,0,0,0,0,0,0,0,0,0
1770178427735119492,0.124616,0.984971,-2.07681,-0.000792397,0.804713,-1.88547,0.14809,1.19017,-1.75245,0.289597,1.31881,-1.72749,0,0,0,0,0,0,0,0,0,0,0,0,0,0,0,0,0,0,0,0,0,0,0,0
1770178427755196133,0.122166,0.987708,-2.07941,0.000347291,0.807728,-1.88721,0.14503,1.18822,-1.75052,0.286914,1.31608,-1.72506,0,0,0,0,0,0,0,0,0,0,0,0,0,0,0,0,0,0,0,0,0,0,0,0
1770178427775273894,0.124643,0.984942,-2.07678,-0.00106749,0.804733,-1.88556,0.148164,1.1901,-1.7524,0.289623,1.31884,-1.72751,0,0,0,0,0,0,0,0,0,0,0,0,0,0,0,0,0,0,0,0,0,0,0,0
1770178427795352711,0.122149,0.987728,-2.07943,0.000582009,0.807736,-1.88713,0.144986,1.18828,-1.75056,0.286884,1.31605,-1.72503,0,0,0,0,0,0,0,0,0,0,0,0,0,0,0,0,0,0,0,0,0,0,0,0
1770178427815429639,0.124663,0.98492,-2.07676,-0.00134909,0.80473,-1.88563,0.148205,1.19004,-1.75235,0.289641,1.31886,-1.72752,0,0,0,0,0,0,0,0,0,0,0,0,0,0,0,0,0,0,0,0,0,0,0,0
1770178427835505896,0.122138,0.987741,-2.07944,-0.000645478,0.801679,-1.88759,0.14497,1.18834,-1.75062,0.286863,1.31603,-1.72501,0,0,0,0,0,0,0,0,0,0,0,0,0,0,0,0,0,0,0,0,0,0,0,0
1770178427855582089,0.124676,0.984906,-2.07674,3.44909e-06,0.803506,-1.88576,0.148206,1.18998,-1.7523,0.289653,1.31887,-1.72753,0,0,0,0,0,0,0,0,0,0,0,0,0,0,0,0,0,0,0,0,0,0,0,0
1770178427875658346,0.122132,0.98775,-2.07945,-0.00101676,0.801896,-1.88741,0.144983,1.18841,-1.75067,0.286851,1.31601,-1.725,0,0,0,0,0,0,0,0,0,0,0,0,0,0,0,0,0,0,0,0,0,0,0,0
1770178427895731691,0.124684,0.984897,-2.07673,0.000187263,0.803436,-1.88585,0.148228,1.18991,-1.75224,0.289659,1.31887,-1.72754,0,0,0,0,0,0,0,0,0,0,0,0,0,0,0,0,0,0,0,0,0,0,0,0
1770178427915811244,0.122129,0.987754,-2.07945,-0.00114148,0.801944,-1.88734,0.144983,1.18848,-1.75074,0.286845,1.31601,-1.72499,0,0,0,0,0,0,0,0,0,0,0,0,0,0,0,0,0,0,0,0,0,0,0,0
1770178427935890509,0.124687,0.984893,-2.07673,0.000232371,0.803416,-1.88588,0.148234,1.18984,-1.75218,0.289661,1.31887,-1.72754,0,0,0,0,0,0,0,0,0,0,0,0,0,0,0,0,0,0,0,0,0,0,0,0
1770178427955966222,0.122129,0.987756,-2.07945,-0.00117519,0.80196,-1.88731,0.144995,1.18856,-1.75081,0.286843,1.316,-1.72499,0,0,0,0,0,0,0,0,0,0,0,0,0,0,0,0,0,0,0,0,0,0,0,0
1770178427976045679,0.124688,0.984892,-2.07673,0.000240793,0.803407,-1.88589,0.148254,1.18975,-1.75211,0.289662,1.31887,-1.72754,0,0,0,0,0,0,0,0,0,0,0,0,0,0,0,0,0,0,0,0,0,0,0,0
1770178427996124432,0.122128,0.987757,-2.07945,-0.00118141,0.801967,-1.8873,0.145,1.18866,-1.75089,0.286842,1.316,-1.72499,0,0,0,0,0,0,0,0,0,0,0,0,0,0,0,0,0,0,0,0,0,0,0,0
1770178428016203569,0.124689,0.984891,-2.07673,0.000239751,0.803401,-1.8859,0.148266,1.18966,-1.75203,0.289662,1.31887,-1.72754,0,0,0,0,0,0,0,0,0,0,0,0,0,0,0,0,0,0,0,0,0,0,0,0
1770178428036282962,0.122128,0.987757,-2.07945,-0.00118034,0.801972,-1.8873,0.145012,1.18877,-1.75098,0.286842,1.316,-1.72499,0,0,0,0,0,0,0,0,0,0,0,0,0,0,0,0,0,0,0,0,0,0,0,0
1770178428056361395,0.124689,0.984891,-2.07673,0.000236447,0.803397,-1.88591,0.148286,1.18955,-1.75194,0.289662,1.31887,-1.72754,0,0,0,0,0,0,0,0,0,0,0,0,0,0,0,0,0,0,0,0,0,0,0,0
1770178428076440980,0.122128,0.987757,-2.07945,-0.00117753,0.801975,-1.8873,0.145023,1.18889,-1.75108,0.286842,1.316,-1.72499,0,0,0,0,0,0,0,0,0,0,0,0,0,0,0,0,0,0,0,0,0,0,0,0
1770178428096522805,0.124689,0.984891,-2.07673,0.000232745,0.803393,-1.88591,0.148302,1.18942,-1.75183,0.289662,1.31887,-1.72754,0,0,0,0,0,0,0,0,0,0,0,0,0,0,0,0,0,0,0,0,0,0,0,0
1770178428116602262,0.122128,0.987757,-2.07945,-0.00117442,0.801979,-1.88729,0.145039,1.18904,-1.75121,0.286842,1.316,-1.72499,0,0,0,0,0,0,0,0,0,0,0,0,0,0,0,0,0,0,0,0,0,0,0,0
1770178428136680631,0.124689,0.984891,-2.07673,0.000229118,0.803389,-1.88591,0.148321,1.18927,-1.75171,0.289662,1.31887,-1.72754,0,0,0,0,0,0,0,0,0,0,0,0,0,0,0,0,0,0,0,0,0,0,0,0
1770178428156758456,0.122128,0.987757,-2.07945,-0.00117138,0.801982,-1.88729,0.145057,1.18921,-1.75135,0.286842,1.316,-1.72499,0,0,0,0,0,0,0,0,0,0,0,0,0,0,0,0,0,0,0,0,0,0,0,0
1770178428176836345,0.124689,0.984891,-2.07673,0.000225674,0.803385,-1.88592,0.148337,1.1891,-1.75156,0.289662,1.31887,-1.72754,0,0,0,0,0,0,0,0,0,0,0,0,0,0,0,0,0,0,0,0,0,0,0,0
1770178428196915514,0.122128,0.987757,-2.07945,-0.0011685,0.801985,-1.88729,0.14508,1.18942,-1.75152,0.286842,1.316,-1.72499,0,0,0,0,0,0,0,0,0,0,0,0,0,0,0,0,0,0,0,0,0,0,0,0
1770178428216993691,0.124689,0.984891,-2.07673,0.00022243,0.803382,-1.88592,0.148349,1.18891,-1.7514,0.289662,1.31887,-1.72754,0,0,0,0,0,0,0,0,0,0,0,0,0,0,0,0,0,0,0,0,0,0,0,0
1770178428237073116,0.122128,0.987757,-2.07945,-0.00116578,0.801988,-1.88728,0.145107,1.18964,-1.75171,0.286842,1.316,-1.72499,0,0,0,0,0,0,0,0,0,0,0,0,0,0,0,0,0,0,0,0,0,0,0,0
1770178428257155357,0.124689,0.984891,-2.07673,0.000219378,0.803379,-1.88592,0.148353,1.1887,-1.75121,0.289662,1.31887,-1.72754,0,0,0,0,0,0,0,0,0,0,0,0,0,0,0,0,0,0,0,0,0,0,0,0
1770178428277235166,0.122128,0.987757,-2.07945,-0.00116321,0.80199,-1.88728,0.145138,1.18989,-1.75191,0.286842,1.316,-1.72499,0,0,0,0,0,0,0,0,0,0,0,0,0,0,0,0,0,0,0,0,0,0,0,0
1770178428297312703,0.124689,0.984891,-2.07673,0.000216508,0.803376,-1.88593,0.148347,1.18849,-1.75103,0.289662,1.31887,-1.72754,0,0,0,0,0,0,0,0,0,0,0,0,0,0,0,0,0,0,0,0,0,0,0,0
1770178428317389248,0.122128,0.987757,-2.07945,-0.0011608,0.801993,-1.88728,0.14517,1.19014,-1.75212,0.286842,1.316,-1.72499,0,0,0,0,0,0,0,0,0,0,0,0,0,0,0,0,0,0,0,0,0,0,0,0
1770178428337466849,0.124689,0.984891,-2.07673,0.000213808,0.803373,-1.88593,0.14833,1.18829,-1.75085,0.289662,1.31887,-1.72754,0,0,0,0,0,0,0,0,0,0,0,0,0,0,0,0,0,0,0,0,0,0,0,0
1770178428357545986,0.122128,0.987757,-2.07945,-0.00115853,0.801995,-1.88728,0.145199,1.19036,-1.7523,0.286842,1.316,-1.72499,0,0,0,0,0,0,0,0,0,0,0,0,0,0,0,0,0,0,0,0,0,0,0,0
1770178428377618403,0.124689,0.984891,-2.07673,0.000211265,0.803371,-1.88593,0.148305,1.18813,-1.7507,0.289662,1.31887,-1.72754,0,0,0,0,0,0,0,0,0,0,0,0,0,0,0,0,0,0,0,0,0,0,0,0
1770178428397694436,0.122128,0.987757,-2.07945,-0.00115639,0.801997,-1.88727,0.145224,1.19054,-1.75245,0.286842,1.316,-1.72499,0,0,0,0,0,0,0,0,0,0,0,0,0,0,0,0,0,0,0,0,0,0,0,0
1770178428417774789,0.124689,0.984891,-2.07673,0.000208869,0.803368,-1.88593,0.14828,1.18801,-1.75059,0.289662,1.31887,-1.72754,0,0,0,0,0,0,0,0,0,0,0,0,0,0,0,0,0,0,0,0,0,0,0,0
1770178428437854502,0.122128,0.987757,-2.07945,-0.00115437,0.801999,-1.88727,0.145244,1.19066,-1.75255,0.286842,1.316,-1.72499,0,0,0,0,0,0,0,0,0,0,0,0,0,0,0,0,0,0,0,0,0,0,0,0
1770178428457933799,0.124689,0.984891,-2.07673,0.00020661,0.803366,-1.88594,0.148257,1.18794,-1.75052,0.289662,1.31887,-1.72754,0,0,0,0,0,0,0,0,0,0,0,0,0,0,0,0,0,0,0,0,0,0,0,0
1770178428478012968,0.122128,0.987757,-2.07945,-0.00115247,0.802001,-1.88727,0.145262,1.19065,-1.75258,0.286842,1.316,-1.72499,0,0,0,0,0,0,0,0,0,0,0,0,0,0,0,0,0,0,0,0,0,0,0,0
1770178428498092105,0.124689,0.984891,-2.07673,0.000204479,0.803364,-1.88594,0.148239,1.18793,-1.75052,0.289662,1.31887,-1.72754,0,0,0,0,0,0,0,0,0,0,0,0,0,0,0,0,0,0,0,0,0,0,0,0
1770178428518170890,0.122128,0.987757,-2.07945,-0.00115067,0.802003,-1.88727,0.145269,1.19064,-1.75258,0.286842,1.316,-1.72499,0,0,0,0,0,0,0,0,0,0,0,0,0,0,0,0,0,0,0,0,0,0,0,0
1770178428538247594,0.124689,0.984891,-2.07673,0.000202468,0.803362,-1.88594,0.148231,1.18794,-1.75052,0.289662,1.31887,-1.72754,0,0,0,0,0,0,0,0,0,0,0,0,0,0,0,0,0,0,0,0,0,0,0,0
1770178428558326987,0.122128,0.987757,-2.07945,-0.00114897,0.802004,-1.88727,0.14527,1.19067,-1.75259,0.286842,1.316,-1.72499,0,0,0,0,0,0,0,0,0,0,0,0,0,0,0,0,0,0,0,0,0,0,0,0
1770178428578406796,0.124689,0.984891,-2.07673,0.00020057,0.80336,-1.88594,0.14823,1.18792,-1.75051,0.289662,1.31887,-1.72754,0,0,0,0,0,0,0,0,0,0,0,0,0,0,0,0,0,0,0,0,0,0,0,0
1770178428598487661,0.122128,0.987757,-2.07945,-0.00114737,0.802006,-1.88727,0.145277,1.19058,-1.75256,0.286842,1.316,-1.72499,0,0,0,0,0,0,0,0,0,0,0,0,0,0,0,0,0,0,0,0,0,0,0,0
1770178428618566638,0.124689,0.984891,-2.07673,0.000198776,0.803358,-1.88594,0.148224,1.18797,-1.75055,0.289662,1.31887,-1.72754,0,0,0,0,0,0,0,0,0,0,0,0,0,0,0,0,0,0,0,0,0,0,0,0
1770178428638642511,0.122128,0.987757,-2.07945,-0.00114585,0.802008,-1.88726,0.145267,1.19069,-1.75258,0.286842,1.316,-1.72499,0,0,0,0,0,0,0,0,0,0,0,0,0,0,0,0,0,0,0,0,0,0,0,0
1770178428658716464,0.124689,0.984891,-2.07673,0.000197082,0.803357,-1.88594,0.148233,1.18792,-1.7505,0.289662,1.31887,-1.72754,0,0,0,0,0,0,0,0,0,0,0,0,0,0,0,0,0,0,0,0,0,0,0,0
1770178428678793361,0.122128,0.987757,-2.07945,-0.00114442,0.802009,-1.88726,0.145298,1.19013,-1.75238,0.286842,1.316,-1.72499,0,0,0,0,0,0,0,0,0,0,0,0,0,0,0,0,0,0,0,0,0,0,0,0
1770178428698875410,0.124689,0.984891,-2.07673,0.000195479,0.803355,-1.88595,0.148199,1.18824,-1.7508,0.289662,1.31887,-1.72754,0,0,0,0,0,0,0,0,0,0,0,0,0,0,0,0,0,0,0,0,0,0,0,0
1770178428718951635,0.122128,0.987757,-2.07945,-0.00114306,0.80201,-1.88726,0.145256,1.19043,-1.75236,0.286842,1.316,-1.72499,0,0,0,0,0,0,0,0,0,0,0,0,0,0,0,0,0,0,0,0,0,0,0,0
1770178428739031668,0.124689,0.984891,-2.07673,0.000193964,0.803353,-1.88595,0.148251,1.18809,-1.75066,0.289662,1.31887,-1.72754,0,0,0,0,0,0,0,0,0,0,0,0,0,0,0,0,0,0,0,0,0,0,0,0
1770178428759104693,0.122128,0.987757,-2.07945,-0.00114178,0.802012,-1.88726,0.145248,1.19059,-1.75249,0.286842,1.316,-1.72499,0,0,0,0,0,0,0,0,0,0,0,0,0,0,0,0,0,0,0,0,0,0,0,0
1770178428779179798,0.124689,0.984891,-2.07673,0.00019253,0.803352,-1.88595,0.148256,1.18798,-1.75056,0.289662,1.31887,-1.72754,0,0,0,0,0,0,0,0,0,0,0,0,0,0,0,0,0,0,0,0,0,0,0,0
1770178428799258423,0.122128,0.987757,-2.07945,-0.00114056,0.802013,-1.88726,0.145255,1.19068,-1.75257,0.286842,1.316,-1.72499,0,0,0,0,0,0,0,0,0,0,0,0,0,0,0,0,0,0,0,0,0,0,0,0
1770178428819339608,0.124689,0.984891,-2.07673,0.000191174,0.803351,-1.88595,0.148246,1.18792,-1.75051,0.289662,1.31887,-1.72754,0,0,0,0,0,0,0,0,0,0,0,0,0,0,0,0,0,0,0,0,0,0,0,0
1770178428839416889,0.122128,0.987757,-2.07945,-0.00113941,0.802014,-1.88726,0.145279,1.19045,-1.75251,0.286842,1.316,-1.72499,0,0,0,0,0,0,0,0,0,0,0,0,0,0,0,0,0,0,0,0,0,0,0,0
1770178428859493178,0.124689,0.984891,-2.07673,0.000189889,0.803349,-1.88595,0.148224,1.18804,-1.75062,0.289662,1.31887,-1.72754,0,0,0,0,0,0,0,0,0,0,0,0,0,0,0,0,0,0,0,0,0,0,0,0
1770178428879571931,0.122128,0.987757,-2.07945,-0.00113832,0.802015,-1.88726,0.145261,1.19064,-1.75253,0.286842,1.316,-1.72499,0,0,0,0,0,0,0,0,0,0,0,0,0,0,0,0,0,0,0,0,0,0,0,0
1770178428899648828,0.124689,0.984891,-2.07673,0.000188673,0.803348,-1.88595,0.148241,1.18795,-1.75053,0.289662,1.31887,-1.72754,0,0,0,0,0,0,0,0,0,0,0,0,0,0,0,0,0,0,0,0,0,0,0,0
1770178428919725085,0.122128,0.987757,-2.07945,-0.00113729,0.802016,-1.88726,0.145264,1.19069,-1.75259,0.286842,1.316,-1.72499,0,0,0,0,0,0,0,0,0,0,0,0,0,0,0,0,0,0,0,0,0,0,0,0
1770178428939799710,0.124689,0.984891,-2.07673,0.00018752,0.803347,-1.88595,0.148236,1.18792,-1.7505,0.289662,1.31887,-1.72754,0,0,0,0,0,0,0,0,0,0,0,0,0,0,0,0,0,0,0,0,0,0,0,0
1770178428959877823,0.122128,0.987757,-2.07945,-0.00113632,0.802017,-1.88725,0.145301,1.19,-1.75232,0.286842,1.316,-1.72499,0,0,0,0,0,0,0,0,0,0,0,0,0,0,0,0,0,0,0,0,0,0,0,0
1770178428979952351,0.124689,0.984891,-2.07673,0.000186428,0.803346,-1.88596,0.148191,1.18833,-1.75088,0.289662,1.31887,-1.72754,0,0,0,0,0,0,0,0,0,0,0,0,0,0,0,0,0,0,0,0,0,0,0,0
1770178429000027840,0.122128,0.987757,-2.07945,-0.00113539,0.802018,-1.88725,0.145252,1.19033,-1.75228,0.286842,1.316,-1.72499,0,0,0,0,0,0,0,0,0,0,0,0,0,0,0,0,0,0,0,0,0,0,0,0
1770178429020120802,0.124689,0.984891,-2.07673,0.000185393,0.803345,-1.88596,0.148255,1.18816,-1.75073,0.289662,1.31887,-1.72754,0,0,0,0,0,0,0,0,0,0,0,0,0,0,0,0,0,0,0,0,0,0,0,0
1770178429040193026,0.122128,0.987757,-2.07945,-0.00113451,0.802019,-1.88725,0.14524,1.19051,-1.75243,0.286842,1.316,-1.72499,0,0,0,0,0,0,0,0,0,0,0,0,0,0,0,0,0,0,0,0,0,0,0,0
1770178429060268547,0.124689,0.984891,-2.07673,0.000184412,0.803344,-1.88596,0.148265,1.18803,-1.75061,0.289662,1.31887,-1.72754,0,0,0,0,0,0,0,0,0,0,0,0,0,0,0,0,0,0,0,0,0,0,0,0
1770178429080346436,0.122128,0.987757,-2.07945,-0.00113368,0.80202,-1.88725,0.145247,1.19064,-1.75254,0.286842,1.316,-1.72499,0,0,0,0,0,0,0,0,0,0,0,0,0,0,0,0,0,0,0,0,0,0,0,0
1770178429100421637,0.124689,0.984891,-2.07673,0.000183482,0.803343,-1.88596,0.148255,1.18794,-1.75053,0.289662,1.31887,-1.72754,0,0,0,0,0,0,0,0,0,0,0,0,0,0,0,0,0,0,0,0,0,0,0,0
1770178429120504070,0.122128,0.987757,-2.07945,-0.00113289,0.802021,-1.88725,0.14526,1.19068,-1.75258,0.286842,1.316,-1.72499,0,0,0,0,0,0,0,0,0,0,0,0,0,0,0,0,0,0,0,0,0,0,0,0
1770178429140583495,0.124689,0.984891,-2.07673,0.0001826,0.803342,-1.88596,0.14824,1.18792,-1.75051,0.289662,1.31887,-1.72754,0,0,0,0,0,0,0,0,0,0,0,0,0,0,0,0,0,0,0,0,0,0,0,0
1770178429160661000,0.122128,0.987757,-2.07945,-0.00113214,0.802021,-1.88725,0.145282,1.19043,-1.7525,0.286842,1.316,-1.72499,0,0,0,0,0,0,0,0,0,0,0,0,0,0,0,0,0,0,0,0,0,0,0,0
1770178429180738025,0.124689,0.984891,-2.07673,0.000181763,0.803341,-1.88596,0.148221,1.18805,-1.75063,0.289662,1.31887,-1.72754,0,0,0,0,0,0,0,0,0,0,0,0,0,0,0,0,0,0,0,0,0,0,0,0
1770178429200813578,0.122128,0.987757,-2.07945,-0.00113142,0.802022,-1.88725,0.145262,1.19062,-1.75252,0.286842,1.316,-1.72499,0,0,0,0,0,0,0,0,0,0,0,0,0,0,0,0,0,0,0,0,0,0,0,0
1770178429220891403,0.124689,0.984891,-2.07673,0.000180969,0.80334,-1.88596,0.148241,1.18796,-1.75054,0.289662,1.31887,-1.72754,0,0,0,0,0,0,0,0,0,0,0,0,0,0,0,0,0,0,0,0,0,0,0,0
1770178429240965772,0.122128,0.987757,-2.07945,-0.00113075,0.802023,-1.88725,0.145262,1.19069,-1.75259,0.286842,1.316,-1.72499,0,0,0,0,0,0,0,0,0,0,0,0,0,0,0,0,0,0,0,0,0,0,0,0
1770178429261043565,0.124689,0.984891,-2.07673,0.000180215,0.80334,-1.88596,0.148237,1.18791,-1.7505,0.289662,1.31887,-1.72754,0,0,0,0,0,0,0,0,0,0,0,0,0,0,0,0,0,0,0,0,0,0,0,0
1770178429281119822,0.122128,0.987757,-2.07945,-0.00113011,0.802023,-1.88725,0.145308,1.18968,-1.75219,0.286842,1.316,-1.72499,0,0,0,0,0,0,0,0,0,0,0,0,0,0,0,0,0,0,0,0,0,0,0,0
1770178429301194319,0.124689,0.984891,-2.07673,0.0001795,0.803339,-1.88596,0.148165,1.18857,-1.75108,0.289662,1.31887,-1.72754,0,0,0,0,0,0,0,0,0,0,0,0,0,0,0,0,0,0,0,0,0,0,0,0
1770178429321277200,0.122128,0.987757,-2.07945,-0.0011295,0.802024,-1.88725,0.145243,1.19006,-1.75206,0.286842,1.316,-1.72499,0,0,0,0,0,0,0,0,0,0,0,0,0,0,0,0,0,0,0,0,0,0,0,0
1770178429341360657,0.124689,0.984891,-2.07673,0.000178821,0.803338,-1.88596,0.148259,1.18836,-1.75091,0.289662,1.31887,-1.72754,0,0,0,0,0,0,0,0,0,0,0,0,0,0,0,0,0,0,0,0,0,0,0,0
1770178429361439282,0.122128,0.987757,-2.07945,-0.00112892,0.802025,-1.88725,0.14522,1.19029,-1.75224,0.286842,1.316,-1.72499,0,0,0,0,0,0,0,0,0,0,0,0,0,0,0,0,0,0,0,0,0,0,0,0
1770178429381518803,0.124689,0.984891,-2.07673,0.000178176,0.803338,-1.88596,0.148287,1.18818,-1.75075,0.289662,1.31887,-1.72754,0,0,0,0,0,0,0,0,0,0,0,0,0,0,0,0,0,0,0,0,0,0,0,0
1770178429401598804,0.122128,0.987757,-2.07945,-0.00112837,0.802025,-1.88725,0.145226,1.19048,-1.7524,0.286842,1.316,-1.72499,0,0,0,0,0,0,0,0,0,0,0,0,0,0,0,0,0,0,0,0,0,0,0,0
1770178429421673909,0.124689,0.984891,-2.07673,0.000177564,0.803337,-1.88596,0.14828,1.18805,-1.75063,0.289662,1.31887,-1.72754,0,0,0,0,0,0,0,0,0,0,0,0,0,0,0,0,0,0,0,0,0,0,0,0
1770178429441747254,0.122128,0.987757,-2.07945,-0.00112785,0.802026,-1.88725,0.145241,1.19063,-1.75252,0.286842,1.316,-1.72499,0,0,0,0,0,0,0,0,0,0,0,0,0,0,0,0,0,0,0,0,0,0,0,0
1770178429461820311,0.124689,0.984891,-2.07673,0.000176983,0.803336,-1.88596,0.148262,1.18796,-1.75054,0.289662,1.31887,-1.72754,0,0,0,0,0,0,0,0,0,0,0,0,0,0,0,0,0,0,0,0,0,0,0,0
1770178429481896663,0.122128,0.987757,-2.07945,-0.00112736,0.802026,-1.88725,0.145256,1.19068,-1.75258,0.286842,1.316,-1.72499,0,0,0,0,0,0,0,0,0,0,0,0,0,0,0,0,0,0,0,0,0,0,0,0
1770178429501982521,0.124689,0.984891,-2.07673,0.00017643,0.803336,-1.88596,0.148244,1.18792,-1.75051,0.289662,1.31887,-1.72754,0,0,0,0,0,0,0,0,0,0,0,0,0,0,0,0,0,0,0,0,0,0,0,0
1770178429522062106,0.122128,0.987757,-2.07945,-0.00112689,0.802027,-1.88725,0.145295,1.19007,-1.75235,0.286842,1.316,-1.72499,0,0,0,0,0,0,0,0,0,0,0,0,0,0,0,0,0,0,0,0,0,0,0,0
1770178429542133946,0.124689,0.984891,-2.07673,0.000175906,0.803335,-1.88597,0.1482,1.18829,-1.75084,0.289662,1.31887,-1.72754,0,0,0,0,0,0,0,0,0,0,0,0,0,0,0,0,0,0,0,0,0,0,0,0
1770178429562211931,0.122128,0.987757,-2.07945,-0.00112644,0.802027,-1.88725,0.145252,1.19038,-1.75232,0.286842,1.316,-1.72499,0,0,0,0,0,0,0,0,0,0,0,0,0,0,0,0,0,0,0,0,0,0,0,0
1770178429582290844,0.124689,0.984891,-2.07673,0.000175407,0.803335,-1.88597,0.148255,1.18812,-1.75069,0.289662,1.31887,-1.72754,0,0,0,0,0,0,0,0,0,0,0,0,0,0,0,0,0,0,0,0,0,0,0,0
1770178429602364477,0.122128,0.987757,-2.07945,-0.00112601,0.802028,-1.88724,0.145243,1.19055,-1.75246,0.286842,1.316,-1.72499,0,0,0,0,0,0,0,0,0,0,0,0,0,0,0,0,0,0,0,0,0,0,0,0
1770178429622441758,0.124689,0.984891,-2.07673,0.000174934,0.803334,-1.88597,0.148261,1.188,-1.75058,0.289662,1.31887,-1.72754,0,0,0,0,0,0,0,0,0,0,0,0,0,0,0,0,0,0,0,0,0,0,0,0
1770178429642518303,0.122128,0.987757,-2.07945,-0.00112561,0.802028,-1.88724,0.145251,1.19067,-1.75256,0.286842,1.316,-1.72499,0,0,0,0,0,0,0,0,0,0,0,0,0,0,0,0,0,0,0,0,0,0,0,0
1770178429662596576,0.124689,0.984891,-2.07673,0.000174483,0.803334,-1.88597,0.14825,1.18793,-1.75052,0.289662,1.31887,-1.72754,0,0,0,0,0,0,0,0,0,0,0,0,0,0,0,0,0,0,0,0,0,0,0,0
1770178429682674977,0.122128,0.987757,-2.07945,-0.00112523,0.802028,-1.88724,0.145267,1.19063,-1.75257,0.286842,1.316,-1.72499,0,0,0,0,0,0,0,0,0,0,0,0,0,0,0,0,0,0,0,0,0,0,0,0
1770178429702744546,0.124689,0.984891,-2.07673,0.000174056,0.803333,-1.88597,0.148235,1.18795,-1.75053,0.289662,1.31887,-1.72754,0,0,0,0,0,0,0,0,0,0,0,0,0,0,0,0,0,0,0,0,0,0,0,0
1770178429722827267,0.122128,0.987757,-2.07945,-0.00112486,0.802029,-1.88724,0.145267,1.19068,-1.75259,0.286842,1.316,-1.72499,0,0,0,0,0,0,0,0,0,0,0,0,0,0,0,0,0,0,0,0,0,0,0,0
1770178429742904068,0.124689,0.984891,-2.07673,0.000173649,0.803333,-1.88597,0.148233,1.18792,-1.75051,0.289662,1.31887,-1.72754,0,0,0,0,0,0,0,0,0,0,0,0,0,0,0,0,0,0,0,0,0,0,0,0
1770178429762977413,0.122128,0.987757,-2.07945,-0.00112452,0.802029,-1.88724,0.145291,1.19031,-1.75245,0.286842,1.316,-1.72499,0,0,0,0,0,0,0,0,0,0,0,0,0,0,0,0,0,0,0,0,0,0,0,0
1770178429783055910,0.124689,0.984891,-2.07673,0.000173263,0.803333,-1.88597,0.14821,1.18813,-1.7507,0.289662,1.31887,-1.72754,0,0,0,0,0,0,0,0,0,0,0,0,0,0,0,0,0,0,0,0,0,0,0,0
1770178429803133991,0.122128,0.987757,-2.07945,-0.00112419,0.802029,-1.88724,0.14526,1.19055,-1.75246,0.286842,1.316,-1.72499,0,0,0,0,0,0,0,0,0,0,0,0,0,0,0,0,0,0,0,0,0,0,0,0
1770178429823209512,0.124689,0.984891,-2.07673,0.000172895,0.803332,-1.88597,0.148245,1.188,-1.75059,0.289662,1.31887,-1.72754,0,0,0,0,0,0,0,0,0,0,0,0,0,0,0,0,0,0,0,0,0,0,0,0
1770178429843288361,0.122128,0.987757,-2.07945,-0.00112387,0.80203,-1.88724,0.145256,1.19067,-1.75256,0.286842,1.316,-1.72499,0,0,0,0,0,0,0,0,0,0,0,0,0,0,0,0,0,0,0,0,0,0,0,0
1770178429863365898,0.124689,0.984891,-2.07673,0.000172546,0.803332,-1.88597,0.148245,1.18793,-1.75052,0.289662,1.31887,-1.72754,0,0,0,0,0,0,0,0,0,0,0,0,0,0,0,0,0,0,0,0,0,0,0,0
1770178429883439434,0.122128,0.987757,-2.07945,-0.00112358,0.80203,-1.88724,0.145268,1.19064,-1.75257,0.286842,1.316,-1.72499,0,0,0,0,0,0,0,0,0,0,0,0,0,0,0,0,0,0,0,0,0,0,0,0
1770178429903515275,0.124689,0.984891,-2.07673,0.000172214,0.803332,-1.88597,0.148233,1.18794,-1.75053,0.289662,1.31887,-1.72754,0,0,0,0,0,0,0,0,0,0,0,0,0,0,0,0,0,0,0,0,0,0,0,0
1770178429923590796,0.122128,0.987757,-2.07945,-0.00112329,0.80203,-1.88724,0.145268,1.19067,-1.75259,0.286842,1.316,-1.72499,0,0,0,0,0,0,0,0,0,0,0,0,0,0,0,0,0,0,0,0,0,0,0,0
1770178429943666733,0.124689,0.984891,-2.07673,0.000171898,0.803331,-1.88597,0.148232,1.18792,-1.75051,0.289662,1.31887,-1.72754,0,0,0,0,0,0,0,0,0,0,0,0,0,0,0,0,0,0,0,0,0,0,0,0
1770178429963745454,0.122128,0.987757,-2.07945,-0.00112302,0.802031,-1.88724,0.145281,1.19051,-1.75253,0.286842,1.316,-1.72499,0,0,0,0,0,0,0,0,0,0,0,0,0,0,0,0,0,0,0,0,0,0,0,0
1770178429983825679,0.124689,0.984891,-2.07673,0.000171598,0.803331,-1.88597,0.148221,1.18801,-1.75059,0.289662,1.31887,-1.72754,0,0,0,0,0,0,0,0,0,0,0,0,0,0,0,0,0,0,0,0,0,0,0,0
1770178430003904432,0.122128,0.987757,-2.07945,-0.00112277,0.802031,-1.88724,0.145265,1.19066,-1.75256,0.286842,1.316,-1.72499,0,0,0,0,0,0,0,0,0,0,0,0,0,0,0,0,0,0,0,0,0,0,0,0
1770178430023983889,0.124689,0.984891,-2.07673,0.000171312,0.803331,-1.88597,0.148237,1.18793,-1.75052,0.289662,1.31887,-1.72754,0,0,0,0,0,0,0,0,0,0,0,0,0,0,0,0,0,0,0,0,0,0,0,0
1770178430044062034,0.122128,0.987757,-2.07945,-0.00112252,0.802031,-1.88724,0.14527,1.19065,-1.75258,0.286842,1.316,-1.72499,0,0,0,0,0,0,0,0,0,0,0,0,0,0,0,0,0,0,0,0,0,0,0,0
1770178430064144371,0.124689,0.984891,-2.07673,0.00017104,0.80333,-1.88597,0.148231,1.18793,-1.75052,0.289662,1.31887,-1.72754,0,0,0,0,0,0,0,0,0,0,0,0,0,0,0,0,0,0,0,0,0,0,0,0
1770178430084224884,0.122128,0.987757,-2.07945,-0.00112229,0.802031,-1.88724,0.145271,1.19066,-1.75258,0.286842,1.316,-1.72499,0,0,0,0,0,0,0,0,0,0,0,0,0,0,0,0,0,0,0,0,0,0,0,0
1770178430104303925,0.124689,0.984891,-2.07673,0.000170782,0.80333,-1.88597,0.148229,1.18793,-1.75052,0.289662,1.31887,-1.72754,0,0,0,0,0,0,0,0,0,0,0,0,0,0,0,0,0,0,0,0,0,0,0,0
1770178430124382806,0.122128,0.987757,-2.07945,-0.00112207,0.802031,-1.88724,0.145274,1.19063,-1.75258,0.286842,1.316,-1.72499,0,0,0,0,0,0,0,0,0,0,0,0,0,0,0,0,0,0,0,0,0,0,0,0
1770178430144463575,0.124689,0.984891,-2.07673,0.000170536,0.80333,-1.88597,0.148227,1.18794,-1.75053,0.289662,1.31887,-1.72754,0,0,0,0,0,0,0,0,0,0,0,0,0,0,0,0,0,0,0,0,0,0,0,0
1770178430164542392,0.122128,0.987757,-2.07945,-0.00112186,0.802032,-1.88724,0.14527,1.19068,-1.75259,0.286842,1.316,-1.72499,0,0,0,0,0,0,0,0,0,0,0,0,0,0,0,0,0,0,0,0,0,0,0,0
1770178430184618905,0.124689,0.984891,-2.07673,0.000170302,0.80333,-1.88597,0.14823,1.18792,-1.75051,0.289662,1.31887,-1.72754,0,0,0,0,0,0,0,0,0,0,0,0,0,0,0,0,0,0,0,0,0,0,0,0
1770178430204693978,0.0660378,0.952486,-1.6213,0.131566,0.560728,-1.68083,-0.0535716,1.2443,-1.80271,-0.0675609,0.622266,-1.80734,0,0,0,0,0,0,0,0,0,0,0,0,0,0,0,0,0,0,0,0,0,0,0,0
1770178430224770075,0.0674554,0.954213,-1.6397,0.12783,0.547076,-1.67279,-0.0441494,1.2415,-1.80067,-0.047222,0.623435,-1.77793,0,0,0,0,0,0,0,0,0,0,0,0,0,0,0,0,0,0,0,0,0,0,0,0
1770178430244856092,0.0667628,0.951977,-1.64019,0.126271,0.545775,-1.67189,-0.0434676,1.24183,-1.8005,-0.0463595,0.623128,-1.77821,0,0,0,0,0,0,0,0,0,0,0,0,0,0,0,0,0,0,0,0,0,0,0,0
1770178430264936797,0.0676783,0.953323,-1.63875,0.127612,0.547263,-1.67339,-0.0435764,1.24209,-1.80098,-0.0467068,0.623225,-1.77804,0,0,0,0,0,0,0,0,0,0,0,0,0,0,0,0,0,0,0,0,0,0,0,0
1770178430285017502,0.0665298,0.951957,-1.64008,0.126108,0.545783,-1.67193,-0.0432547,1.24188,-1.8007,-0.0465099,0.623176,-1.77812,0,0,0,0,0,0,0,0,0,0,0,0,0,0,0,0,0,0,0,0,0,0,0,0
1770178430305092895,0.0678475,0.953302,-1.63872,0.127667,0.547367,-1.67351,-0.043533,1.24217,-1.80104,-0.046615,0.623194,-1.77808,0,0,0,0,0,0,0,0,0,0,0,0,0,0,0,0,0,0,0,0,0,0,0,0
1770178430325170784,0.0664274,0.951933,-1.64012,0.126025,0.545713,-1.67187,-0.0432132,1.24187,-1.8007,-0.0465525,0.623191,-1.7781,0,0,0,0,0,0,0,0,0,0,0,0,0,0,0,0,0,0,0,0,0,0,0,0
1770178430345250177,0.0679443,0.953339,-1.63867,0.127751,0.547456,-1.6736,-0.0435487,1.24219,-1.80107,-0.046592,0.623186,-1.7781,0,0,0,0,0,0,0,0,0,0,0,0,0,0,0,0,0,0,0,0,0,0,0,0
1770178430365328642,0.0663572,0.951889,-1.64017,0.125947,0.545635,-1.67179,-0.0431874,1.24185,-1.80068,-0.0465638,0.623195,-1.77809,0,0,0,0,0,0,0,0,0,0,0,0,0,0,0,0,0,0,0,0,0,0,0,0
1770178430385407203,0.0680195,0.953393,-1.63861,0.127839,0.547545,-1.67369,-0.0435738,1.24222,-1.80109,-0.0465862,0.623183,-1.7781,0,0,0,0,0,0,0,0,0,0,0,0,0,0,0,0,0,0,0,0,0,0,0,0
1770178430405488676,0.0662958,0.951838,-1.64022,0.125871,0.545557,-1.67172,-0.0431604,1.24183,-1.80065,-0.0465667,0.623197,-1.77809,0,0,0,0,0,0,0,0,0,0,0,0,0,0,0,0,0,0,0,0,0,0,0,0
1770178430425560357,0.0680891,0.953452,-1.63855,0.127928,0.547634,-1.67378,-0.0436033,1.24225,-1.80112,-0.0465848,0.623183,-1.7781,0,0,0,0,0,0,0,0,0,0,0,0,0,0,0,0,0,0,0,0,0,0,0,0
1770178430445635750,0.0662372,0.951786,-1.64028,0.125796,0.545481,-1.67164,-0.0431299,1.2418,-1.80062,-0.0465673,0.623197,-1.77809,0,0,0,0,0,0,0,0,0,0,0,0,0,0,0,0,0,0,0,0,0,0,0,0
1770178430465718951,0.0681566,0.953512,-1.63849,0.128014,0.54772,-1.67386,-0.0436371,1.24228,-1.80116,-0.0465846,0.623182,-1.7781,0,0,0,0,0,0,0,0,0,0,0,0,0,0,0,0,0,0,0,0,0,0,0,0
1770178430485798792,0.0661805,0.951735,-1.64033,0.125727,0.54541,-1.67157,-0.0430952,1.24177,-1.80058,-0.0465672,0.623198,-1.77809,0,0,0,0,0,0,0,0,0,0,0,0,0,0,0,0,0,0,0,0,0,0,0,0
1770178430505880169,0.0682226,0.953571,-1.63843,0.128095,0.547801,-1.67394,-0.0436756,1.24231,-1.8012,-0.0465848,0.623182,-1.7781,0,0,0,0,0,0,0,0,0,0,0,0,0,0,0,0,0,0,0,0,0,0,0,0
1770178430525958858,0.0661261,0.951685,-1.64039,0.125665,0.545346,-1.67151,-0.043056,1.24173,-1.80053,-0.046567,0.623198,-1.77809,0,0,0,0,0,0,0,0,0,0,0,0,0,0,0,0,0,0,0,0,0,0,0,0
1770178430546041131,0.0682861,0.953629,-1.63837,0.128167,0.547873,-1.67402,-0.0437193,1.24236,-1.80125,-0.046585,0.623182,-1.7781,0,0,0,0,0,0,0,0,0,0,0,0,0,0,0,0,0,0,0,0,0,0,0,0
1770178430566119500,0.0660747,0.951637,-1.64044,0.125616,0.545295,-1.67146,-0.0430118,1.24169,-1.80049,-0.0465668,0.623198,-1.77809,0,0,0,0,0,0,0,0,0,0,0,0,0,0,0,0,0,0,0,0,0,0,0,0
1770178430586199565,0.0683463,0.953683,-1.63831,0.128225,0.547931,-1.67407,-0.0437689,1.2424,-1.8013,-0.0465853,0.623182,-1.7781,0,0,0,0,0,0,0,0,0,0,0,0,0,0,0,0,0,0,0,0,0,0,0,0
1770178430606276302,0.066027,0.951593,-1.64048,0.125621,0.545277,-1.67146,-0.0429621,1.24164,-1.80043,-0.0465665,0.623198,-1.77809,0,0,0,0,0,0,0,0,0,0,0,0,0,0,0,0,0,0,0,0,0,0,0,0
1770178430626356303,0.0684023,0.953735,-1.63826,0.128228,0.547931,-1.67407,-0.0438249,1.24246,-1.80136,-0.0465855,0.623181,-1.7781,0,0,0,0,0,0,0,0,0,0,0,0,0,0,0,0,0,0,0,0,0,0,0,0
1770178430646438544,0.0659836,0.951553,-1.64052,0.125625,0.545276,-1.67146,-0.0429067,1.24159,-1.80037,-0.0465662,0.623199,-1.77809,0,0,0,0,0,0,0,0,0,0,0,0,0,0,0,0,0,0,0,0,0,0,0,0
1770178430666518129,0.0684532,0.953781,-1.63821,0.128225,0.547928,-1.67407,-0.0438877,1.24252,-1.80142,-0.0465858,0.623181,-1.7781,0,0,0,0,0,0,0,0,0,0,0,0,0,0,0,0,0,0,0,0,0,0,0,0
1770178430686596274,0.065945,0.951517,-1.64056,0.125615,0.545274,-1.67145,-0.0428455,1.24153,-1.8003,-0.046566,0.623199,-1.77809,0,0,0,0,0,0,0,0,0,0,0,0,0,0,0,0,0,0,0,0,0,0,0,0
1770178430706672691,0.0684987,0.953823,-1.63817,0.128234,0.547937,-1.67408,-0.0439576,1.24258,-1.8015,-0.0465861,0.623181,-1.7781,0,0,0,0,0,0,0,0,0,0,0,0,0,0,0,0,0,0,0,0,0,0,0,0
1770178430726750452,0.0659113,0.951486,-1.64059,0.125672,0.545283,-1.67151,-0.0427783,1.24147,-1.80023,-0.0465657,0.623199,-1.77808,0,0,0,0,0,0,0,0,0,0,0,0,0,0,0,0,0,0,0,0,0,0,0,0
1770178430746811540,0.0685383,0.953859,-1.63813,0.128184,0.547882,-1.67402,-0.0440346,1.24266,-1.80158,-0.0465864,0.623181,-1.7781,0,0,0,0,0,0,0,0,0,0,0,0,0,0,0,0,0,0,0,0,0,0,0,0
1770178430766896501,0.0658828,0.951459,-1.64062,0.12561,0.545286,-1.67145,-0.0427056,1.2414,-1.80015,-0.0465654,0.623199,-1.77808,0,0,0,0,0,0,0,0,0,0,0,0,0,0,0,0,0,0,0,0,0,0,0,0
1770178430786973686,0.0685719,0.95389,-1.6381,0.128234,0.547939,-1.67408,-0.0441185,1.24274,-1.80166,-0.0465867,0.62318,-1.7781,0,0,0,0,0,0,0,0,0,0,0,0,0,0,0,0,0,0,0,0,0,0,0,0
1770178430807055319,0.0658595,0.951437,-1.64065,0.125696,0.545286,-1.67153,-0.0426282,1.24132,-1.80006,-0.0465651,0.6232,-1.77808,0,0,0,0,0,0,0,0,0,0,0,0,0,0,0,0,0,0,0,0,0,0,0,0
1770178430827133112,0.0685994,0.953916,-1.63807,0.128163,0.547859,-1.674,-0.0442084,1.24282,-1.80176,-0.046587,0.62318,-1.7781,0,0,0,0,0,0,0,0,0,0,0,0,0,0,0,0,0,0,0,0,0,0,0,0
1770178430847211705,0.0658418,0.95142,-1.64066,0.125622,0.5453,-1.67146,-0.0425473,1.24125,-1.79997,-0.0465647,0.6232,-1.77808,0,0,0,0,0,0,0,0,0,0,0,0,0,0,0,0,0,0,0,0,0,0,0,0
1770178430867297722,0.0686204,0.953936,-1.63805,0.128219,0.547924,-1.67407,-0.0443029,1.24292,-1.80185,-0.0465873,0.62318,-1.7781,0,0,0,0,0,0,0,0,0,0,0,0,0,0,0,0,0,0,0,0,0,0,0,0
1770178430887426652,0.0658308,0.951408,-1.64068,0.125608,0.545274,-1.67144,-0.0424646,1.24117,-1.79988,-0.0465644,0.6232,-1.77808,0,0,0,0,0,0,0,0,0,0,0,0,0,0,0,0,0,0,0,0,0,0,0,0
1770178430907503773,0.0686338,0.95395,-1.63804,0.128239,0.547944,-1.67409,-0.0444,1.24301,-1.80195,-0.0465877,0.623179,-1.7781,0,0,0,0,0,0,0,0,0,0,0,0,0,0,0,0,0,0,0,0,0,0,0,0
1770178430927581438,0.0658277,0.951402,-1.64068,0.123212,0.545787,-1.6761,-0.0423826,1.24109,-1.79979,-0.0465641,0.6232,-1.77808,0,0,0,0,0,0,0,0,0,0,0,0,0,0,0,0,0,0,0,0,0,0,0,0
1770178430947654143,0.0686381,0.953956,-1.63803,0.127218,0.546693,-1.67532,-0.0444968,1.2431,-1.80205,-0.046588,0.623179,-1.7781,0,0,0,0,0,0,0,0,0,0,0,0,0,0,0,0,0,0,0,0,0,0,0,0
1770178430967726560,0.0658284,0.951401,-1.64068,0.125472,0.545347,-1.67661,-0.0423044,1.24101,-1.7997,-0.0465637,0.623201,-1.77808,0,0,0,0,0,0,0,0,0,0,0,0,0,0,0,0,0,0,0,0,0,0,0,0
1770178430987799425,0.0686377,0.953957,-1.63803,0.127065,0.546715,-1.67524,-0.0445897,1.24319,-1.80214,-0.0465884,0.623179,-1.7781,0,0,0,0,0,0,0,0,0,0,0,0,0,0,0,0,0,0,0,0,0,0,0,0
1770178431007875746,0.0658277,0.9514,-1.64068,0.125545,0.54534,-1.67662,-0.042235,1.24094,-1.79962,-0.0465634,0.623201,-1.77808,0,0,0,0,0,0,0,0,0,0,0,0,0,0,0,0,0,0,0,0,0,0,0,0
1770178431027950563,0.0686385,0.953958,-1.63803,0.127049,0.546703,-1.67525,-0.0446735,1.24327,-1.80222,-0.0465887,0.623178,-1.77811,0,0,0,0,0,0,0,0,0,0,0,0,0,0,0,0,0,0,0,0,0,0,0,0
1770178431048027940,0.0658282,0.9514,-1.64068,0.125558,0.54535,-1.67661,-0.0421964,1.24088,-1.79959,-0.046563,0.623201,-1.77808,0,0,0,0,0,0,0,0,0,0,0,0,0,0,0,0,0,0,0,0,0,0,0,0
1770178431068102085,0.0686381,0.953958,-1.63803,0.127036,0.546691,-1.67526,-0.044729,1.24332,-1.80228,-0.0465891,0.623178,-1.77811,0,0,0,0,0,0,0,0,0,0,0,0,0,0,0,0,0,0,0,0,0,0,0,0
1770178431088178534,0.0658278,0.9514,-1.64068,0.125569,0.54536,-1.6766,-0.0422383,1.24,-1.80598,-0.0465626,0.623202,-1.77808,0,0,0,0,0,0,0,0,0,0,0,0,0,0,0,0,0,0,0,0,0,0,0,0
1770178431108250854,0.0686385,0.953958,-1.63803,0.127024,0.546679,-1.67527,-0.0443749,1.24297,-1.80256,-0.0465895,0.623178,-1.77811,0,0,0,0,0,0,0,0,0,0,0,0,0,0,0,0,0,0,0,0,0,0,0,0
1770178431128327431,0.0658281,0.9514,-1.64068,0.125579,0.545369,-1.6766,-0.0425364,1.24011,-1.80594,-0.0465622,0.623202,-1.77808,0,0,0,0,0,0,0,0,0,0,0,0,0,0,0,0,0,0,0,0,0,0,0,0
1770178431148404712,0.0686382,0.953958,-1.63803,0.127013,0.546669,-1.67528,-0.0440202,1.24283,-1.80259,-0.0465899,0.623177,-1.77811,0,0,0,0,0,0,0,0,0,0,0,0,0,0,0,0,0,0,0,0,0,0,0,0
1770178431168478601,0.0658279,0.9514,-1.64068,0.125588,0.545377,-1.67659,-0.0428965,1.24017,-1.80598,-0.0465618,0.623203,-1.77808,0,0,0,0,0,0,0,0,0,0,0,0,0,0,0,0,0,0,0,0,0,0,0,0
1770178431188553194,0.0686385,0.953958,-1.63803,0.127003,0.54666,-1.67529,-0.0435855,1.24273,-1.8025,-0.0465903,0.623177,-1.77811,0,0,0,0,0,0,0,0,0,0,0,0,0,0,0,0,0,0,0,0,0,0,0,0
1770178431208632555,0.065828,0.9514,-1.64068,0.125597,0.545385,-1.67658,-0.0433965,1.24021,-1.8061,-0.0465614,0.623203,-1.77808,0,0,0,0,0,0,0,0,0,0,0,0,0,0,0,0,0,0,0,0,0,0,0,0
1770178431228707980,0.0686383,0.953958,-1.63803,0.126994,0.546651,-1.6753,-0.042986,1.24265,-1.80227,-0.0465907,0.623177,-1.77811,0,0,0,0,0,0,0,0,0,0,0,0,0,0,0,0,0,0,0,0,0,0,0,0
1770178431248785357,0.0658279,0.9514,-1.64068,0.125606,0.545392,-1.67657,-0.0427001,1.2419,-1.80056,-0.046561,0.623203,-1.77808,0,0,0,0,0,0,0,0,0,0,0,0,0,0,0,0,0,0,0,0,0,0,0,0
1770178431268863182,0.0686384,0.953958,-1.63803,0.126985,0.546642,-1.67531,-0.0437344,1.24249,-1.80143,-0.0465911,0.623176,-1.77811,0,0,0,0,0,0,0,0,0,0,0,0,0,0,0,0,0,0,0,0,0,0,0,0
1770178431288938191,0.065828,0.9514,-1.64068,0.125613,0.545399,-1.67656,-0.0428842,1.24162,-1.8004,-0.0465605,0.623204,-1.77808,0,0,0,0,0,0,0,0,0,0,0,0,0,0,0,0,0,0,0,0,0,0,0,0
1770178431309015984,0.0686383,0.953958,-1.63803,0.126976,0.546635,-1.67531,-0.0438721,1.24252,-1.80143,-0.0465916,0.623176,-1.77811,0,0,0,0,0,0,0,0,0,0,0,0,0,0,0,0,0,0,0,0,0,0,0,0
1770178431329091153,0.0658279,0.9514,-1.64068,0.125621,0.545406,-1.67656,-0.0428489,1.24154,-1.80031,-0.0465601,0.623204,-1.77808,0,0,0,0,0,0,0,0,0,0,0,0,0,0,0,0,0,0,0,0,0,0,0,0
1770178431349169426,0.0686384,0.953958,-1.63803,0.126968,0.546627,-1.67532,-0.0439493,1.24258,-1.80149,-0.046592,0.623175,-1.77811,0,0,0,0,0,0,0,0,0,0,0,0,0,0,0,0,0,0,0,0,0,0,0,0
1770178431369246195,0.065828,0.9514,-1.64068,0.125628,0.545412,-1.67655,-0.042785,1.24147,-1.80024,-0.0465596,0.623204,-1.77808,0,0,0,0,0,0,0,0,0,0,0,0,0,0,0,0,0,0,0,0,0,0,0,0
1770178431389320819,0.0686383,0.953958,-1.63803,0.126961,0.54662,-1.67533,-0.0440265,1.24265,-1.80157,-0.0465925,0.623175,-1.77811,0,0,0,0,0,0,0,0,0,0,0,0,0,0,0,0,0,0,0,0,0,0,0,0
1770178431409416469,0.0658279,0.9514,-1.64068,0.125634,0.545417,-1.67655,-0.0427132,1.2414,-1.80016,-0.0465591,0.623205,-1.77808,0,0,0,0,0,0,0,0,0,0,0,0,0,0,0,0,0,0,0,0,0,0,0,0
1770178431429493718,0.0686384,0.953958,-1.63803,0.126954,0.546614,-1.67534,-0.0441098,1.24273,-1.80165,-0.046593,0.623175,-1.77811,0,0,0,0,0,0,0,0,0,0,0,0,0,0,0,0,0,0,0,0,0,0,0,0
1770178431449569079,0.065828,0.9514,-1.64068,0.12564,0.545423,-1.67654,-0.0426362,1.24133,-1.80007,-0.0465586,0.623205,-1.77808,0,0,0,0,0,0,0,0,0,0,0,0,0,0,0,0,0,0,0,0,0,0,0,0
1770178431469648504,0.0686383,0.953958,-1.63803,0.126948,0.546608,-1.67534,-0.0441991,1.24281,-1.80175,-0.0465935,0.623174,-1.77811,0,0,0,0,0,0,0,0,0,0,0,0,0,0,0,0,0,0,0,0,0,0,0,0
1770178431489730137,0.065828,0.9514,-1.64068,0.125646,0.545428,-1.67654,-0.0425555,1.24126,-1.79998,-0.0465581,0.623206,-1.77808,0,0,0,0,0,0,0,0,0,0,0,0,0,0,0,0,0,0,0,0,0,0,0,0
1770178431509803002,0.0686384,0.953958,-1.63803,0.126941,0.546602,-1.67535,-0.0442932,1.24291,-1.80184,-0.046594,0.623174,-1.77811,0,0,0,0,0,0,0,0,0,0,0,0,0,0,0,0,0,0,0,0,0,0,0,0
1770178431529878330,0.065828,0.9514,-1.64068,0.125652,0.545433,-1.67653,-0.0424729,1.24118,-1.79989,-0.0465576,0.623206,-1.77808,0,0,0,0,0,0,0,0,0,0,0,0,0,0,0,0,0,0,0,0,0,0,0,0
1770178431549956251,0.0686383,0.953958,-1.63803,0.126936,0.546596,-1.67535,-0.0443902,1.243,-1.80194,-0.0465945,0.623173,-1.77811,0,0,0,0,0,0,0,0,0,0,0,0,0,0,0,0,0,0,0,0,0,0,0,0
1770178431570030140,0.065828,0.9514,-1.64068,0.125657,0.545437,-1.67653,-0.0423907,1.2411,-1.7998,-0.0465571,0.623207,-1.77808,0,0,0,0,0,0,0,0,0,0,0,0,0,0,0,0,0,0,0,0,0,0,0,0
1770178431590108189,0.0686384,0.953958,-1.63803,0.12693,0.546591,-1.67536,-0.0444871,1.24309,-1.80204,-0.0465951,0.623173,-1.77811,0,0,0,0,0,0,0,0,0,0,0,0,0,0,0,0,0,0,0,0,0,0,0,0
1770178431610187774,0.065828,0.9514,-1.64068,0.125662,0.545442,-1.67652,-0.042312,1.24102,-1.79971,-0.0465565,0.623207,-1.77808,0,0,0,0,0,0,0,0,0,0,0,0,0,0,0,0,0,0,0,0,0,0,0,0
1770178431630267999,0.0686383,0.953958,-1.63803,0.126925,0.546586,-1.67536,-0.0445806,1.24318,-1.80213,-0.0465957,0.623172,-1.77811,0,0,0,0,0,0,0,0,0,0,0,0,0,0,0,0,0,0,0,0,0,0,0,0
1770178431650347072,0.065828,0.9514,-1.64068,0.125666,0.545446,-1.67652,-0.0422414,1.24095,-1.79963,-0.046556,0.623208,-1.77808,0,0,0,0,0,0,0,0,0,0,0,0,0,0,0,0,0,0,0,0,0,0,0,0
1770178431670418849,0.0686384,0.953958,-1.63803,0.12692,0.546582,-1.67537,-0.0446657,1.24327,-1.80222,-0.0465962,0.623172,-1.77811,0,0,0,0,0,0,0,0,0,0,0,0,0,0,0,0,0,0,0,0,0,0,0,0
1770178431690489506,0.065828,0.9514,-1.64068,0.125671,0.54545,-1.67651,-0.0421957,1.24089,-1.79958,-0.0465554,0.623208,-1.77808,0,0,0,0,0,0,0,0,0,0,0,0,0,0,0,0,0,0,0,0,0,0,0,0
1770178431710561123,0.0686383,0.953958,-1.63803,0.126915,0.546577,-1.67537,-0.0447273,1.24332,-1.80228,-0.0465968,0.623171,-1.77811,0,0,0,0,0,0,0,0,0,0,0,0,0,0,0,0,0,0,0,0,0,0,0,0
1770178431730642244,0.065828,0.9514,-1.64068,0.125675,0.545453,-1.67651,-0.0422361,1.24,-1.80598,-0.0465548,0.623209,-1.77808,0,0,0,0,0,0,0,0,0,0,0,0,0,0,0,0,0,0,0,0,0,0,0,0
1770178431750722661,0.0686384,0.953958,-1.63803,0.12691,0.546573,-1.67538,-0.044378,1.24297,-1.80257,-0.0465974,0.623171,-1.77811,0,0,0,0,0,0,0,0,0,0,0,0,0,0,0,0,0,0,0,0,0,0,0,0
1770178431770797222,0.065828,0.9514,-1.64068,0.125679,0.545457,-1.67651,-0.0425319,1.24011,-1.80594,-0.0465541,0.623209,-1.77807,0,0,0,0,0,0,0,0,0,0,0,0,0,0,0,0,0,0,0,0,0,0,0,0
1770178431790870983,0.0686383,0.953958,-1.63803,0.126906,0.546569,-1.67538,-0.0440257,1.24283,-1.8026,-0.0465981,0.62317,-1.77811,0,0,0,0,0,0,0,0,0,0,0,0,0,0,0,0,0,0,0,0,0,0,0,0
1770178431810946823,0.065828,0.9514,-1.64068,0.125683,0.54546,-1.6765,-0.0428892,1.24017,-1.80598,-0.0465535,0.62321,-1.77807,0,0,0,0,0,0,0,0,0,0,0,0,0,0,0,0,0,0,0,0,0,0,0,0
1770178431831026152,0.0686384,0.953958,-1.63803,0.126902,0.546565,-1.67538,-0.0435944,1.24273,-1.80251,-0.0465987,0.623169,-1.77811,0,0,0,0,0,0,0,0,0,0,0,0,0,0,0,0,0,0,0,0,0,0,0,0
1770178431851100905,0.065828,0.9514,-1.64068,0.125687,0.545464,-1.6765,-0.0433849,1.24021,-1.8061,-0.0465529,0.623211,-1.77807,0,0,0,0,0,0,0,0,0,0,0,0,0,0,0,0,0,0,0,0,0,0,0,0
1770178431871180266,0.0686383,0.953958,-1.63803,0.126898,0.546562,-1.67539,-0.0429997,1.24265,-1.80228,-0.0465994,0.623169,-1.77811,0,0,0,0,0,0,0,0,0,0,0,0,0,0,0,0,0,0,0,0,0,0,0,0
1770178431891261131,0.065828,0.9514,-1.64068,0.12569,0.545467,-1.6765,-0.0427156,1.24189,-1.80058,-0.0465522,0.623211,-1.77807,0,0,0,0,0,0,0,0,0,0,0,0,0,0,0,0,0,0,0,0,0,0,0,0
1770178431911341548,0.0686384,0.953958,-1.63803,0.126894,0.546558,-1.67539,-0.043727,1.24248,-1.80142,-0.0466001,0.623168,-1.77812,0,0,0,0,0,0,0,0,0,0,0,0,0,0,0,0,0,0,0,0,0,0,0,0
1770178431931434862,0.065828,0.9514,-1.64068,0.125694,0.54547,-1.67649,-0.0428942,1.24162,-1.80041,-0.0465515,0.623212,-1.77807,0,0,0,0,0,0,0,0,0,0,0,0,0,0,0,0,0,0,0,0,0,0,0,0
1770178431951506511,0.0686383,0.953958,-1.63803,0.126891,0.546555,-1.6754,-0.0438617,1.2425,-1.80141,-0.0466008,0.623168,-1.77812,0,0,0,0,0,0,0,0,0,0,0,0,0,0,0,0,0,0,0,0,0,0,0,0
1770178431971590800,0.065828,0.9514,-1.64068,0.125697,0.545472,-1.67649,-0.0428592,1.24155,-1.80032,-0.0465508,0.623212,-1.77807,0,0,0,0,0,0,0,0,0,0,0,0,0,0,0,0,0,0,0,0,0,0,0,0
1770178431991672785,0.0686384,0.953958,-1.63803,0.126887,0.546552,-1.6754,-0.0439376,1.24257,-1.80148,-0.0466015,0.623167,-1.77812,0,0,0,0,0,0,0,0,0,0,0,0,0,0,0,0,0,0,0,0,0,0,0,0
1770178432011747090,0.065828,0.9514,-1.64068,0.1257,0.545475,-1.67649,-0.0427963,1.24148,-1.80025,-0.04655,0.623213,-1.77807,0,0,0,0,0,0,0,0,0,0,0,0,0,0,0,0,0,0,0,0,0,0,0,0
1770178432031825523,0.0686383,0.953958,-1.63803,0.126884,0.546548,-1.6754,-0.0440136,1.24264,-1.80156,-0.0466022,0.623166,-1.77812,0,0,0,0,0,0,0,0,0,0,0,0,0,0,0,0,0,0,0,0,0,0,0,0
1770178432051903379,0.065828,0.9514,-1.64068,0.125703,0.545478,-1.67648,-0.0427253,1.24142,-1.80017,-0.0465493,0.623214,-1.77807,0,0,0,0,0,0,0,0,0,0,0,0,0,0,0,0,0,0,0,0,0,0,0,0
1770178432071988405,0.0686384,0.953958,-1.63803,0.126881,0.546546,-1.6754,-0.0440958,1.24272,-1.80164,-0.046603,0.623166,-1.77812,0,0,0,0,0,0,0,0,0,0,0,0,0,0,0,0,0,0,0,0,0,0,0,0
1770178432092069558,0.065828,0.9514,-1.64068,0.125706,0.54548,-1.67648,-0.042649,1.24134,-1.80009,-0.0465485,0.623214,-1.77807,0,0,0,0,0,0,0,0,0,0,0,0,0,0,0,0,0,0,0,0,0,0,0,0
1770178432112145431,0.0686383,0.953958,-1.63803,0.126878,0.546543,-1.67541,-0.0441842,1.2428,-1.80173,-0.0466038,0.623165,-1.77812,0,0,0,0,0,0,0,0,0,0,0,0,0,0,0,0,0,0,0,0,0,0,0,0
1770178432132221047,0.065828,0.9514,-1.64068,0.125708,0.545483,-1.67648,-0.0425688,1.24127,-1.8,-0.0465477,0.623215,-1.77807,0,0,0,0,0,0,0,0,0,0,0,0,0,0,0,0,0,0,0,0,0,0,0,0
1770178432152301048,0.0686384,0.953958,-1.63803,0.126875,0.54654,-1.67541,-0.0442777,1.24289,-1.80183,-0.0466046,0.623164,-1.77812,0,0,0,0,0,0,0,0,0,0,0,0,0,0,0,0,0,0,0,0,0,0,0,0
1770178432172386042,0.065828,0.9514,-1.64068,0.125711,0.545485,-1.67648,-0.0424864,1.24119,-1.7999,-0.0465468,0.623216,-1.77807,0,0,0,0,0,0,0,0,0,0,0,0,0,0,0,0,0,0,0,0,0,0,0,0
1770178432192463323,0.0686383,0.953958,-1.63803,0.126872,0.546538,-1.67541,-0.0443743,1.24298,-1.80192,-0.0466055,0.623163,-1.77812,0,0,0,0,0,0,0,0,0,0,0,0,0,0,0,0,0,0,0,0,0,0,0,0
1770178432212539707,0.065828,0.9514,-1.64068,0.125713,0.545487,-1.67648,-0.042404,1.24111,-1.79981,-0.046546,0.623217,-1.77807,0,0,0,0,0,0,0,0,0,0,0,0,0,0,0,0,0,0,0,0,0,0,0,0
1770178432232610364,0.0686384,0.953958,-1.63803,0.12687,0.546535,-1.67542,-0.0444715,1.24308,-1.80202,-0.0466063,0.623163,-1.77812,0,0,0,0,0,0,0,0,0,0,0,0,0,0,0,0,0,0,0,0,0,0,0,0
1770178432252687709,0.065828,0.9514,-1.64068,0.125716,0.545489,-1.67647,-0.0423244,1.24103,-1.79972,-0.0465451,0.623217,-1.77807,0,0,0,0,0,0,0,0,0,0,0,0,0,0,0,0,0,0,0,0,0,0,0,0
1770178432272775134,0.0686383,0.953958,-1.63803,0.126867,0.546533,-1.67542,-0.0445658,1.24317,-1.80212,-0.0466072,0.623162,-1.77812,0,0,0,0,0,0,0,0,0,0,0,0,0,0,0,0,0,0,0,0,0,0,0,0
1770178432292850943,0.065828,0.9514,-1.64068,0.125718,0.545491,-1.67647,-0.042252,1.24096,-1.79964,-0.0465442,0.623218,-1.77807,0,0,0,0,0,0,0,0,0,0,0,0,0,0,0,0,0,0,0,0,0,0,0,0
1770178432312929376,0.0686384,0.953958,-1.63803,0.126865,0.54653,-1.67542,-0.0446528,1.24325,-1.8022,-0.0466081,0.623161,-1.77812,0,0,0,0,0,0,0,0,0,0,0,0,0,0,0,0,0,0,0,0,0,0,0,0
1770178432333007521,0.065828,0.9514,-1.64068,0.12572,0.545493,-1.67647,-0.0421986,1.2409,-1.79958,-0.0465433,0.623219,-1.77807,0,0,0,0,0,0,0,0,0,0,0,0,0,0,0,0,0,0,0,0,0,0,0,0
1770178432353079426,0.0686383,0.953958,-1.63803,0.126862,0.546528,-1.67542,-0.0447212,1.24332,-1.80227,-0.0466091,0.62316,-1.77812,0,0,0,0,0,0,0,0,0,0,0,0,0,0,0,0,0,0,0,0,0,0,0,0
1770178432373162915,0.065828,0.9514,-1.64068,0.125722,0.545495,-1.67647,-0.042224,1.24,-1.80596,-0.0465423,0.62322,-1.77806,0,0,0,0,0,0,0,0,0,0,0,0,0,0,0,0,0,0,0,0,0,0,0,0
1770178432393245732,0.0686384,0.953958,-1.63803,0.12686,0.546526,-1.67542,-0.0443965,1.24296,-1.80259,-0.04661,0.623159,-1.77812,0,0,0,0,0,0,0,0,0,0,0,0,0,0,0,0,0,0,0,0,0,0,0,0
1770178432413322373,0.065828,0.9514,-1.64068,0.125724,0.545497,-1.67647,-0.0425076,1.24011,-1.80592,-0.0465413,0.623221,-1.77806,0,0,0,0,0,0,0,0,0,0,0,0,0,0,0,0,0,0,0,0,0,0,0,0
1770178432433402214,0.0686383,0.953958,-1.63803,0.126858,0.546524,-1.67543,-0.0440551,1.24282,-1.80262,-0.046611,0.623158,-1.77812,0,0,0,0,0,0,0,0,0,0,0,0,0,0,0,0,0,0,0,0,0,0,0,0
1770178432453481447,0.065828,0.9514,-1.64068,0.125726,0.545498,-1.67646,-0.0428513,1.24018,-1.80596,-0.0465403,0.623222,-1.77806,0,0,0,0,0,0,0,0,0,0,0,0,0,0,0,0,0,0,0,0,0,0,0,0
1770178432473554408,0.0686384,0.953958,-1.63803,0.126856,0.546522,-1.67543,-0.0436405,1.24273,-1.80254,-0.046612,0.623158,-1.77813,0,0,0,0,0,0,0,0,0,0,0,0,0,0,0,0,0,0,0,0,0,0,0,0
1770178432493629737,0.065828,0.9514,-1.64068,0.125728,0.5455,-1.67646,-0.0433256,1.24022,-1.80607,-0.0465393,0.623223,-1.77806,0,0,0,0,0,0,0,0,0,0,0,0,0,0,0,0,0,0,0,0,0,0,0,0
1770178432513709802,0.0686383,0.953958,-1.63803,0.126854,0.54652,-1.67543,-0.04307,1.24265,-1.80232,-0.0466131,0.623157,-1.77813,0,0,0,0,0,0,0,0,0,0,0,0,0,0,0,0,0,0,0,0,0,0,0,0
1770178432533790443,0.065828,0.9514,-1.64068,0.12573,0.545502,-1.67646,-0.0439962,1.24024,-1.80622,-0.0465382,0.623224,-1.77806,0,0,0,0,0,0,0,0,0,0,0,0,0,0,0,0,0,0,0,0,0,0,0,0
1770178432553870668,0.0686384,0.953958,-1.63803,0.126852,0.546519,-1.67543,-0.0423053,1.24254,-1.80198,-0.0466142,0.623156,-1.77813,0,0,0,0,0,0,0,0,0,0,0,0,0,0,0,0,0,0,0,0,0,0,0,0
1770178432573947629,0.065828,0.9514,-1.64068,0.125732,0.545503,-1.67646,-0.0430049,1.24229,-1.80111,-0.0465371,0.623225,-1.77806,0,0,0,0,0,0,0,0,0,0,0,0,0,0,0,0,0,0,0,0,0,0,0,0
1770178432594024014,-0.276048,1.05681,-1.9193,0.179394,0.724677,-1.75589,-0.0283646,0.509165,-1.96501,0.222676,1.20373,-1.7327,0,0,0,0,0,0,0,0,0,0,0,0,0,0,0,0,0,0,0,0,0,0,0,0
1770178432614099919,-0.275297,1.0612,-1.92313,0.180343,0.717333,-1.75003,-0.0343291,0.524066,-1.94728,0.223017,1.23709,-1.73829,0,0,0,0,0,0,0,0,0,0,0,0,0,0,0,0,0,0,0,0,0,0,0,0
1770178432634175920,-0.273652,1.05948,-1.9209,0.178331,0.717363,-1.75077,-0.0327793,0.521326,-1.95,0.219702,1.24114,-1.74129,0,0,0,0,0,0,0,0,0,0,0,0,0,0,0,0,0,0,0,0,0,0,0,0
1770178432654255793,-0.275544,1.06131,-1.92296,0.180377,0.717386,-1.75008,-0.0351135,0.523722,-1.9476,0.217407,1.24335,-1.74323,0,0,0,0,0,0,0,0,0,0,0,0,0,0,0,0,0,0,0,0,0,0,0,0
1770178432674336946,-0.273563,1.05935,-1.9209,0.178291,0.717302,-1.75075,-0.032591,0.521427,-1.94986,0.219726,1.24116,-1.74114,0,0,0,0,0,0,0,0,0,0,0,0,0,0,0,0,0,0,0,0,0,0,0,0
1770178432694415123,-0.27563,1.0614,-1.92304,0.180404,0.717454,-1.75011,-0.0350556,0.52368,-1.94764,0.217384,1.24337,-1.74326,0,0,0,0,0,0,0,0,0,0,0,0,0,0,0,0,0,0,0,0,0,0,0,0
1770178432714495316,-0.273492,1.05927,-1.92083,0.178258,0.717234,-1.75071,-0.0326305,0.521457,-1.94983,0.21975,1.24114,-1.74112,0,0,0,0,0,0,0,0,0,0,0,0,0,0,0,0,0,0,0,0,0,0,0,0
1770178432734564564,-0.275711,1.06148,-1.92312,0.180424,0.717531,-1.75015,-0.0350172,0.523643,-1.94768,0.217365,1.24338,-1.74327,0,0,0,0,0,0,0,0,0,0,0,0,0,0,0,0,0,0,0,0,0,0,0,0
1770178432754640661,-0.273426,1.05921,-1.92076,0.178231,0.717161,-1.75068,-0.0326598,0.521482,-1.94981,0.219771,1.24112,-1.7411,0,0,0,0,0,0,0,0,0,0,0,0,0,0,0,0,0,0,0,0,0,0,0,0
1770178432774715766,-0.275787,1.06156,-1.9232,0.180439,0.717615,-1.7502,-0.0349853,0.523612,-1.94771,0.217349,1.2434,-1.74329,0,0,0,0,0,0,0,0,0,0,0,0,0,0,0,0,0,0,0,0,0,0,0,0
1770178432794789207,-0.273366,1.05915,-1.9207,0.178211,0.717084,-1.75064,-0.0326845,0.521504,-1.94978,0.219789,1.2411,-1.74109,0,0,0,0,0,0,0,0,0,0,0,0,0,0,0,0,0,0,0,0,0,0,0,0
1770178432814869688,-0.275855,1.06163,-1.92327,0.180449,0.717706,-1.75025,-0.0349585,0.523587,-1.94773,0.217335,1.24341,-1.7433,0,0,0,0,0,0,0,0,0,0,0,0,0,0,0,0,0,0,0,0,0,0,0,0
1770178432834950009,-0.273318,1.0591,-1.92065,0.178197,0.717004,-1.75059,-0.0327054,0.521522,-1.94977,0.219805,1.24109,-1.74107,0,0,0,0,0,0,0,0,0,0,0,0,0,0,0,0,0,0,0,0,0,0,0,0
1770178432855024922,-0.275911,1.06168,-1.92332,0.180454,0.7178,-1.7503,-0.0349358,0.523565,-1.94775,0.217323,1.24342,-1.74331,0,0,0,0,0,0,0,0,0,0,0,0,0,0,0,0,0,0,0,0,0,0,0,0
1770178432875099707,-0.27329,1.05907,-1.92062,0.178188,0.716926,-1.75055,-0.0327233,0.521538,-1.94975,0.219818,1.24107,-1.74106,0,0,0,0,0,0,0,0,0,0,0,0,0,0,0,0,0,0,0,0,0,0,0,0
1770178432895177436,-0.275943,1.06172,-1.92336,0.180455,0.717895,-1.75036,-0.0349163,0.523547,-1.94777,0.217312,1.24343,-1.74332,0,0,0,0,0,0,0,0,0,0,0,0,0,0,0,0,0,0,0,0,0,0,0,0
1770178432915253405,-0.27336,1.05909,-1.92066,0.178185,0.71685,-1.7505,-0.0327387,0.521551,-1.94974,0.219829,1.24106,-1.74105,0,0,0,0,0,0,0,0,0,0,0,0,0,0,0,0,0,0,0,0,0,0,0,0
1770178432935333630,-0.275888,1.06166,-1.9233,0.180453,0.717986,-1.75041,-0.0348995,0.523531,-1.94779,0.217304,1.24344,-1.74332,0,0,0,0,0,0,0,0,0,0,0,0,0,0,0,0,0,0,0,0,0,0,0,0
1770178432955409247,-0.273298,1.05908,-1.92063,0.178186,0.71678,-1.75045,-0.0327522,0.521563,-1.94973,0.219839,1.24105,-1.74104,0,0,0,0,0,0,0,0,0,0,0,0,0,0,0,0,0,0,0,0,0,0,0,0
1770178432975483552,-0.275933,1.06171,-1.92335,0.180448,0.718071,-1.75047,-0.0348849,0.523517,-1.9478,0.217297,1.24344,-1.74333,0,0,0,0,0,0,0,0,0,0,0,0,0,0,0,0,0,0,0,0,0,0,0,0
1770178432995561089,-0.273303,1.05907,-1.92062,0.178191,0.716718,-1.75041,-0.0327639,0.521574,-1.94972,0.219847,1.24104,-1.74103,0,0,0,0,0,0,0,0,0,0,0,0,0,0,0,0,0,0,0,0,0,0,0,0
1770178433015632033,-0.275934,1.06171,-1.92335,0.180443,0.718147,-1.75051,-0.0348721,0.523505,-1.94781,0.21729,1.24345,-1.74334,0,0,0,0,0,0,0,0,0,0,0,0,0,0,0,0,0,0,0,0,0,0,0,0
1770178433035708866,-0.273305,1.05908,-1.92063,0.178197,0.716665,-1.75038,-0.0327741,0.521583,-1.94971,0.219854,1.24104,-1.74102,0,0,0,0,0,0,0,0,0,0,0,0,0,0,0,0,0,0,0,0,0,0,0,0
1770178433055782147,-0.275932,1.06171,-1.92335,0.180436,0.718211,-1.75056,-0.034861,0.523494,-1.94782,0.217285,1.24345,-1.74334,0,0,0,0,0,0,0,0,0,0,0,0,0,0,0,0,0,0,0,0,0,0,0,0
1770178433075857028,-0.273301,1.05907,-1.92062,0.178205,0.716621,-1.75034,-0.0327832,0.521591,-1.9497,0.219859,1.24103,-1.74102,0,0,0,0,0,0,0,0,0,0,0,0,0,0,0,0,0,0,0,0,0,0,0,0
1770178433095931813,-0.275936,1.06171,-1.92335,0.180429,0.718265,-1.75059,-0.0348511,0.523485,-1.94783,0.217281,1.24346,-1.74334,0,0,0,0,0,0,0,0,0,0,0,0,0,0,0,0,0,0,0,0,0,0,0,0
1770178433116005638,-0.27331,1.05908,-1.92063,0.178214,0.716586,-1.75032,-0.0327912,0.521598,-1.94969,0.219864,1.24103,-1.74102,0,0,0,0,0,0,0,0,0,0,0,0,0,0,0,0,0,0,0,0,0,0,0,0
1770178433136078343,-0.275929,1.0617,-1.92334,0.180423,0.718307,-1.75062,-0.0348424,0.523476,-1.94784,0.217278,1.24346,-1.74335,0,0,0,0,0,0,0,0,0,0,0,0,0,0,0,0,0,0,0,0,0,0,0,0
1770178433156152232,-0.273296,1.05907,-1.92062,0.178222,0.716558,-1.7503,-0.0327983,0.521604,-1.94969,0.219868,1.24102,-1.74101,0,0,0,0,0,0,0,0,0,0,0,0,0,0,0,0,0,0,0,0,0,0,0,0
1770178433176231721,-0.27594,1.06171,-1.92335,0.180417,0.718341,-1.75064,-0.0348347,0.523469,-1.94785,0.217275,1.24346,-1.74335,0,0,0,0,0,0,0,0,0,0,0,0,0,0,0,0,0,0,0,0,0,0,0,0
1770178433196304426,-0.27333,1.05908,-1.92064,0.17823,0.716538,-1.75028,-0.0328046,0.521609,-1.94968,0.219871,1.24102,-1.74101,0,0,0,0,0,0,0,0,0,0,0,0,0,0,0,0,0,0,0,0,0,0,0,0
1770178433216377770,-0.275912,1.06168,-1.92333,0.180411,0.718366,-1.75066,-0.0348279,0.523463,-1.94785,0.217273,1.24347,-1.74335,0,0,0,0,0,0,0,0,0,0,0,0,0,0,0,0,0,0,0,0,0,0,0,0
1770178433236452683,-0.27329,1.05907,-1.92062,0.178236,0.716522,-1.75027,-0.0328102,0.521614,-1.94968,0.219873,1.24102,-1.74101,0,0,0,0,0,0,0,0,0,0,0,0,0,0,0,0,0,0,0,0,0,0,0,0
1770178433256528268,-0.275944,1.06172,-1.92336,0.180406,0.718385,-1.75067,-0.0348218,0.523457,-1.94786,0.217271,1.24347,-1.74335,0,0,0,0,0,0,0,0,0,0,0,0,0,0,0,0,0,0,0,0,0,0,0,0
1770178433276603501,-0.273367,1.05909,-1.92067,0.178242,0.71651,-1.75026,-0.0328152,0.521619,-1.94967,0.219876,1.24102,-1.741,0,0,0,0,0,0,0,0,0,0,0,0,0,0,0,0,0,0,0,0,0,0,0,0
1770178433296676462,-0.275883,1.06166,-1.9233,0.180402,0.718399,-1.75068,-0.0348163,0.523452,-1.94786,0.217269,1.24347,-1.74335,0,0,0,0,0,0,0,0,0,0,0,0,0,0,0,0,0,0,0,0,0,0,0,0
1770178433316754415,-0.273301,1.05908,-1.92063,0.178247,0.716502,-1.75025,-0.0328196,0.521623,-1.94967,0.219877,1.24101,-1.741,0,0,0,0,0,0,0,0,0,0,0,0,0,0,0,0,0,0,0,0,0,0,0,0
1770178433336835248,-0.27593,1.0617,-1.92334,0.180399,0.71841,-1.75069,-0.0348115,0.523447,-1.94787,0.217268,1.24347,-1.74336,0,0,0,0,0,0,0,0,0,0,0,0,0,0,0,0,0,0,0,0,0,0,0,0
1770178433356911761,-0.273297,1.05907,-1.92062,0.178251,0.716495,-1.75025,-0.0328236,0.521626,-1.94966,0.219879,1.24101,-1.741,0,0,0,0,0,0,0,0,0,0,0,0,0,0,0,0,0,0,0,0,0,0,0,0
1770178433376991826,-0.275939,1.06171,-1.92335,0.180396,0.718418,-1.75069,-0.0348071,0.523443,-1.94787,0.217267,1.24347,-1.74336,0,0,0,0,0,0,0,0,0,0,0,0,0,0,0,0,0,0,0,0,0,0,0,0
1770178433397070259,-0.273322,1.05908,-1.92064,0.178255,0.716491,-1.75024,-0.0328272,0.521629,-1.94966,0.21988,1.24101,-1.741,0,0,0,0,0,0,0,0,0,0,0,0,0,0,0,0,0,0,0,0,0,0,0,0
1770178433417147540,-0.275919,1.06169,-1.92333,0.180393,0.718423,-1.7507,-0.0348032,0.523439,-1.94788,0.217266,1.24347,-1.74336,0,0,0,0,0,0,0,0,0,0,0,0,0,0,0,0,0,0,0,0,0,0,0,0
1770178433437226101,-0.27329,1.05907,-1.92062,0.178258,0.716488,-1.75024,-0.0328305,0.521632,-1.94966,0.219881,1.24101,-1.741,0,0,0,0,0,0,0,0,0,0,0,0,0,0,0,0,0,0,0,0,0,0,0,0
1770178433457303734,-0.275944,1.06172,-1.92336,0.180392,0.718428,-1.7507,-0.0347997,0.523436,-1.94788,0.217265,1.24347,-1.74336,0,0,0,0,0,0,0,0,0,0,0,0,0,0,0,0,0,0,0,0,0,0,0,0
1770178433477378327,-0.273375,1.0591,-1.92067,0.17826,0.716485,-1.75024,-0.0328333,0.521635,-1.94966,0.219882,1.24101,-1.741,0,0,0,0,0,0,0,0,0,0,0,0,0,0,0,0,0,0,0,0,0,0,0,0
1770178433497458680,-0.275876,1.06165,-1.92329,0.18039,0.718431,-1.7507,-0.0347965,0.523433,-1.94788,0.217264,1.24347,-1.74336,0,0,0,0,0,0,0,0,0,0,0,0,0,0,0,0,0,0,0,0,0,0,0,0
1770178433517537977,-0.273305,1.05909,-1.92064,0.178262,0.716483,-1.75024,-0.032836,0.521637,-1.94965,0.219883,1.24101,-1.741,0,0,0,0,0,0,0,0,0,0,0,0,0,0,0,0,0,0,0,0,0,0,0,0
1770178433537618522,-0.275926,1.0617,-1.92334,0.180389,0.718433,-1.75071,-0.0347937,0.52343,-1.94789,0.217264,1.24347,-1.74336,0,0,0,0,0,0,0,0,0,0,0,0,0,0,0,0,0,0,0,0,0,0,0,0
1770178433557700251,-0.273293,1.05907,-1.92062,0.178263,0.716482,-1.75023,-0.0328383,0.521639,-1.94965,0.219883,1.24101,-1.741,0,0,0,0,0,0,0,0,0,0,0,0,0,0,0,0,0,0,0,0,0,0,0,0
1770178433577776476,-0.275943,1.06172,-1.92336,0.180388,0.718435,-1.75071,-0.0347911,0.523428,-1.94789,0.217263,1.24347,-1.74336,0,0,0,0,0,0,0,0,0,0,0,0,0,0,0,0,0,0,0,0,0,0,0,0
1770178433597854365,-0.27335,1.05909,-1.92065,0.178264,0.716481,-1.75023,-0.0328404,0.521641,-1.94965,0.219884,1.24101,-1.741,0,0,0,0,0,0,0,0,0,0,0,0,0,0,0,0,0,0,0,0,0,0,0,0
1770178433617932382,-0.275896,1.06167,-1.92331,0.180387,0.718436,-1.75071,-0.0347888,0.523426,-1.94789,0.217263,1.24347,-1.74336,0,0,0,0,0,0,0,0,0,0,0,0,0,0,0,0,0,0,0,0,0,0,0,0
1770178433638006078,-0.273294,1.05908,-1.92063,0.178265,0.71648,-1.75023,-0.0328423,0.521643,-1.94965,0.219884,1.24101,-1.741,0,0,0,0,0,0,0,0,0,0,0,0,0,0,0,0,0,0,0,0,0,0,0,0
1770178433658079871,-0.275938,1.06171,-1.92335,0.180386,0.718437,-1.75071,-0.0347868,0.523424,-1.94789,0.217263,1.24347,-1.74336,0,0,0,0,0,0,0,0,0,0,0,0,0,0,0,0,0,0,0,0,0,0,0,0
1770178433678152864,-0.273317,1.05908,-1.92063,0.178266,0.71648,-1.75023,-0.032844,0.521644,-1.94965,0.219884,1.24101,-1.741,0,0,0,0,0,0,0,0,0,0,0,0,0,0,0,0,0,0,0,0,0,0,0,0
1770178433698228033,-0.275923,1.0617,-1.92334,0.180386,0.718437,-1.75071,-0.0347849,0.523422,-1.94789,0.217263,1.24348,-1.74336,0,0,0,0,0,0,0,0,0,0,0,0,0,0,0,0,0,0,0,0,0,0,0,0
1770178433718307746,-0.273291,1.05907,-1.92062,0.178266,0.716479,-1.75023,-0.0328456,0.521645,-1.94965,0.219884,1.24101,-1.741,0,0,0,0,0,0,0,0,0,0,0,0,0,0,0,0,0,0,0,0,0,0,0,0
1770178433738382243,-0.275943,1.06172,-1.92336,0.180386,0.718438,-1.75071,-0.0347832,0.52342,-1.9479,0.217262,1.24348,-1.74336,0,0,0,0,0,0,0,0,0,0,0,0,0,0,0,0,0,0,0,0,0,0,0,0
1770178433758457572,-0.273362,1.05909,-1.92066,0.178267,0.716479,-1.75023,-0.032847,0.521647,-1.94964,0.219885,1.24101,-1.741,0,0,0,0,0,0,0,0,0,0,0,0,0,0,0,0,0,0,0,0,0,0,0,0
1770178433778532037,-0.275886,1.06166,-1.9233,0.180385,0.718438,-1.75071,-0.0347817,0.523419,-1.9479,0.217262,1.24348,-1.74336,0,0,0,0,0,0,0,0,0,0,0,0,0,0,0,0,0,0,0,0,0,0,0,0
1770178438811708754,0.0975605,0.73798,-1.97899,0.0653413,0.768878,-2.13598,0.197461,1.15125,-1.48048,0.241301,1.35258,-1.95848,0,0,0,0,0,0,0,0,0,0,0,0,0,0,0,0,0,0,0,0,0,0,0,0
1770178438831795955,0.0939963,0.746209,-1.97202,0.0659342,0.74377,-2.12612,0.187985,1.16271,-1.464,0.24951,1.33681,-1.97652,0,0,0,0,0,0,0,0,0,0,0,0,0,0,0,0,0,0,0,0,0,0,0,0
1770178438851875188,0.0921437,0.743507,-1.97442,0.0618627,0.74381,-2.12943,0.190365,1.1642,-1.4619,0.250624,1.33707,-1.97778,0,0,0,0,0,0,0,0,0,0,0,0,0,0,0,0,0,0,0,0,0,0,0,0
1770178438871955445,0.0947243,0.745711,-1.97218,0.0603369,0.742743,-2.12747,0.19309,1.16218,-1.46403,0.24924,1.33701,-1.97679,0,0,0,0,0,0,0,0,0,0,0,0,0,0,0,0,0,0,0,0,0,0,0,0
1770178438892031894,0.0923998,0.743334,-1.97451,0.0620618,0.744269,-2.12918,0.190394,1.16426,-1.46197,0.250579,1.33692,-1.97793,0,0,0,0,0,0,0,0,0,0,0,0,0,0,0,0,0,0,0,0,0,0,0,0
1770178438912106839,0.0947748,0.745712,-1.97217,0.0603414,0.742542,-2.12741,0.193083,1.16218,-1.46404,0.249173,1.33714,-1.97677,0,0,0,0,0,0,0,0,0,0,0,0,0,0,0,0,0,0,0,0,0,0,0,0
1770178438932183992,0.0923982,0.743314,-1.97453,0.0621566,0.744357,-2.12924,0.190401,1.16426,-1.46197,0.250625,1.33679,-1.978,0,0,0,0,0,0,0,0,0,0,0,0,0,0,0,0,0,0,0,0,0,0,0,0
1770178438952259385,0.0947921,0.745727,-1.97215,0.0602786,0.742467,-2.12733,0.19308,1.16218,-1.46404,0.24911,1.33723,-1.97671,0,0,0,0,0,0,0,0,0,0,0,0,0,0,0,0,0,0,0,0,0,0,0,0
1770178438972337338,0.092387,0.743302,-1.97454,0.0622382,0.744436,-2.12932,0.190404,1.16426,-1.46197,0.250693,1.33669,-1.97807,0,0,0,0,0,0,0,0,0,0,0,0,0,0,0,0,0,0,0,0,0,0,0,0
1770178438992415771,0.0948058,0.745741,-1.97214,0.0602124,0.742399,-2.12726,0.193078,1.16218,-1.46404,0.249036,1.33732,-1.97664,0,0,0,0,0,0,0,0,0,0,0,0,0,0,0,0,0,0,0,0,0,0,0,0
1770178439012493884,0.0923769,0.743292,-1.97455,0.0623167,0.744514,-2.1294,0.190406,1.16426,-1.46197,0.250772,1.33659,-1.97815,0,0,0,0,0,0,0,0,0,0,0,0,0,0,0,0,0,0,0,0,0,0,0,0
1770178439032569885,0.0948174,0.745753,-1.97213,0.0601492,0.742334,-2.1272,0.193078,1.16218,-1.46404,0.248954,1.33739,-1.97657,0,0,0,0,0,0,0,0,0,0,0,0,0,0,0,0,0,0,0,0,0,0,0,0
1770178439052646078,0.0923684,0.743283,-1.97456,0.0623911,0.744588,-2.12947,0.190407,1.16426,-1.46197,0.25086,1.33651,-1.97824,0,0,0,0,0,0,0,0,0,0,0,0,0,0,0,0,0,0,0,0,0,0,0,0
1770178439072724703,0.0948273,0.745763,-1.97212,0.0600912,0.742276,-2.12714,0.193077,1.16218,-1.46403,0.248866,1.33746,-1.97649,0,0,0,0,0,0,0,0,0,0,0,0,0,0,0,0,0,0,0,0,0,0,0,0
1770178439092802496,0.0923612,0.743276,-1.97457,0.0624596,0.744656,-2.12954,0.190408,1.16426,-1.46197,0.250952,1.33642,-1.97833,0,0,0,0,0,0,0,0,0,0,0,0,0,0,0,0,0,0,0,0,0,0,0,0
1770178439112878849,0.0948356,0.745771,-1.97211,0.0600405,0.742224,-2.12708,0.193076,1.16218,-1.46403,0.248776,1.33752,-1.97642,0,0,0,0,0,0,0,0,0,0,0,0,0,0,0,0,0,0,0,0,0,0,0,0
1770178439132954370,0.0923551,0.74327,-1.97458,0.0625198,0.744715,-2.1296,0.190408,1.16426,-1.46197,0.251044,1.33634,-1.97842,0,0,0,0,0,0,0,0,0,0,0,0,0,0,0,0,0,0,0,0,0,0,0,0
1770178439153031427,0.0948426,0.745778,-1.9721,0.0599994,0.742183,-2.12704,0.193076,1.16218,-1.46403,0.248687,1.33758,-1.97634,0,0,0,0,0,0,0,0,0,0,0,0,0,0,0,0,0,0,0,0,0,0,0,0
1770178439173110308,0.0923501,0.743265,-1.97458,0.062569,0.744764,-2.12965,0.190409,1.16426,-1.46197,0.251134,1.33627,-1.97851,0,0,0,0,0,0,0,0,0,0,0,0,0,0,0,0,0,0,0,0,0,0,0,0
1770178439193184900,0.0948484,0.745784,-1.9721,0.0599728,0.742155,-2.12701,0.193076,1.16219,-1.46403,0.248604,1.33763,-1.97627,0,0,0,0,0,0,0,0,0,0,0,0,0,0,0,0,0,0,0,0,0,0,0,0
1770178439213262309,0.0923458,0.743261,-1.97458,0.0626022,0.744796,-2.12968,0.190409,1.16426,-1.46197,0.251217,1.33619,-1.97859,0,0,0,0,0,0,0,0,0,0,0,0,0,0,0,0,0,0,0,0,0,0,0,0
1770178439233338086,0.0948533,0.745789,-1.97209,0.0599724,0.742148,-2.127,0.193075,1.16219,-1.46403,0.248532,1.33768,-1.97621,0,0,0,0,0,0,0,0,0,0,0,0,0,0,0,0,0,0,0,0,0,0,0,0
1770178439253411175,0.0923423,0.743257,-1.97459,0.0626087,0.744801,-2.12968,0.190409,1.16426,-1.46197,0.251289,1.33613,-1.97866,0,0,0,0,0,0,0,0,0,0,0,0,0,0,0,0,0,0,0,0,0,0,0,0
1770178439273487912,0.0948574,0.745793,-1.97209,0.0599772,0.742148,-2.12701,0.193075,1.16219,-1.46403,0.248484,1.33773,-1.97617,0,0,0,0,0,0,0,0,0,0,0,0,0,0,0,0,0,0,0,0,0,0,0,0
1770178439293563305,0.0923393,0.743254,-1.97459,0.0626058,0.744798,-2.12968,0.19041,1.16426,-1.46197,0.251339,1.33606,-1.97871,0,0,0,0,0,0,0,0,0,0,0,0,0,0,0,0,0,0,0,0,0,0,0,0
1770178439313637034,0.0948608,0.745797,-1.97209,0.0599729,0.742148,-2.127,0.193075,1.16219,-1.46403,0.250326,1.33885,-1.97802,0,0,0,0,0,0,0,0,0,0,0,0,0,0,0,0,0,0,0,0,0,0,0,0
1770178439333713963,0.0923369,0.743252,-1.97459,0.062609,0.744801,-2.12968,0.19041,1.16426,-1.46197,0.249355,1.33657,-1.97712,0,0,0,0,0,0,0,0,0,0,0,0,0,0,0,0,0,0,0,0,0,0,0,0
1770178439353789100,0.0948636,0.745799,-1.97208,0.0599772,0.742148,-2.12701,0.193075,1.16219,-1.46403,0.250337,1.33743,-1.9777,0,0,0,0,0,0,0,0,0,0,0,0,0,0,0,0,0,0,0,0,0,0,0,0
1770178439373867757,0.0923349,0.74325,-1.9746,0.0626059,0.744798,-2.12968,0.19041,1.16426,-1.46197,0.249435,1.33678,-1.97704,0,0,0,0,0,0,0,0,0,0,0,0,0,0,0,0,0,0,0,0,0,0,0,0
1770178439393946926,0.0948659,0.745802,-1.97208,0.059973,0.742148,-2.127,0.193075,1.16219,-1.46403,0.250336,1.33719,-1.9777,0,0,0,0,0,0,0,0,0,0,0,0,0,0,0,0,0,0,0,0,0,0,0,0
1770178439414025455,0.0923332,0.743248,-1.9746,0.062609,0.744801,-2.12968,0.19041,1.16426,-1.46197,0.249432,1.33692,-1.97701,0,0,0,0,0,0,0,0,0,0,0,0,0,0,0,0,0,0,0,0,0,0,0,0
1770178439434100208,0.0948679,0.745804,-1.97208,0.0599771,0.742148,-2.127,0.193075,1.16219,-1.46403,0.250349,1.33704,-1.97774,0,0,0,0,0,0,0,0,0,0,0,0,0,0,0,0,0,0,0,0,0,0,0,0
1770178439454174256,0.0923318,0.743246,-1.9746,0.0626059,0.744798,-2.12968,0.19041,1.16426,-1.46197,0.249406,1.33703,-1.97698,0,0,0,0,0,0,0,0,0,0,0,0,0,0,0,0,0,0,0,0,0,0,0,0
1770178439474248113,0.0948694,0.745805,-1.97208,0.059973,0.742148,-2.127,0.193074,1.16219,-1.46403,0.250381,1.33693,-1.97778,0,0,0,0,0,0,0,0,0,0,0,0,0,0,0,0,0,0,0,0,0,0,0,0
1770178439494322450,0.0923307,0.743245,-1.9746,0.0626089,0.744801,-2.12968,0.190411,1.16426,-1.46197,0.249365,1.33711,-1.97693,0,0,0,0,0,0,0,0,0,0,0,0,0,0,0,0,0,0,0,0,0,0,0,0
1770178439514400723,0.0948708,0.745807,-1.97208,0.059977,0.742148,-2.127,0.193074,1.16219,-1.46403,0.250428,1.33685,-1.97783,0,0,0,0,0,0,0,0,0,0,0,0,0,0,0,0,0,0,0,0,0,0,0,0
1770178439534474772,0.0923297,0.743244,-1.9746,0.062606,0.744798,-2.12968,0.190411,1.16426,-1.46198,0.249312,1.33719,-1.97688,0,0,0,0,0,0,0,0,0,0,0,0,0,0,0,0,0,0,0,0,0,0,0,0
1770178439554553365,0.0948719,0.745808,-1.97208,0.0599731,0.742148,-2.127,0.193074,1.16219,-1.46403,0.250487,1.33677,-1.97789,0,0,0,0,0,0,0,0,0,0,0,0,0,0,0,0,0,0,0,0,0,0,0,0
1770178439574631254,0.092329,0.743244,-1.9746,0.0626089,0.744801,-2.12968,0.190411,1.16426,-1.46198,0.249248,1.33725,-1.97682,0,0,0,0,0,0,0,0,0,0,0,0,0,0,0,0,0,0,0,0,0,0,0,0
1770178439594710935,0.0948728,0.745809,-1.97207,0.059977,0.742148,-2.127,0.193074,1.16219,-1.46403,0.250557,1.3367,-1.97796,0,0,0,0,0,0,0,0,0,0,0,0,0,0,0,0,0,0,0,0,0,0,0,0
1770178439614789528,0.0923283,0.743243,-1.9746,0.062606,0.744798,-2.12968,0.190411,1.16426,-1.46198,0.249174,1.33731,-1.97676,0,0,0,0,0,0,0,0,0,0,0,0,0,0,0,0,0,0,0,0,0,0,0,0
1770178439634866937,0.0948735,0.745809,-1.97207,0.0599731,0.742148,-2.127,0.193074,1.16219,-1.46403,0.250637,1.33663,-1.97804,0,0,0,0,0,0,0,0,0,0,0,0,0,0,0,0,0,0,0,0,0,0,0,0
1770178439654943962,0.0923278,0.743242,-1.9746,0.0626088,0.744801,-2.12968,0.190411,1.16426,-1.46198,0.249091,1.33736,-1.97668,0,0,0,0,0,0,0,0,0,0,0,0,0,0,0,0,0,0,0,0,0,0,0,0
1770178439675023291,0.0948741,0.74581,-1.97207,0.0599769,0.742148,-2.127,0.193074,1.16219,-1.46403,0.250724,1.33656,-1.97812,0,0,0,0,0,0,0,0,0,0,0,0,0,0,0,0,0,0,0,0,0,0,0,0
1770178439695102524,0.0923274,0.743242,-1.9746,0.0626061,0.744798,-2.12968,0.190411,1.16426,-1.46198,0.249001,1.33742,-1.97661,0,0,0,0,0,0,0,0,0,0,0,0,0,0,0,0,0,0,0,0,0,0,0,0
1770178439715185629,0.0948746,0.745811,-1.97207,0.0599732,0.742148,-2.127,0.193074,1.16219,-1.46403,0.250818,1.33649,-1.97821,0,0,0,0,0,0,0,0,0,0,0,0,0,0,0,0,0,0,0,0,0,0,0,0
1770178439735265534,0.092327,0.743242,-1.9746,0.0626088,0.744801,-2.12968,0.190411,1.16426,-1.46198,0.248908,1.33747,-1.97653,0,0,0,0,0,0,0,0,0,0,0,0,0,0,0,0,0,0,0,0,0,0,0,0
1770178439755338815,0.094875,0.745811,-1.97207,0.0599768,0.742148,-2.127,0.193074,1.16219,-1.46403,0.250914,1.33642,-1.9783,0,0,0,0,0,0,0,0,0,0,0,0,0,0,0,0,0,0,0,0,0,0,0,0
1770178439775417792,0.0923267,0.743241,-1.9746,0.0626061,0.744798,-2.12968,0.190411,1.16426,-1.46198,0.248812,1.33752,-1.97644,0,0,0,0,0,0,0,0,0,0,0,0,0,0,0,0,0,0,0,0,0,0,0,0
1770178439795495809,0.0948754,0.745811,-1.97207,0.0599733,0.742148,-2.127,0.193074,1.16219,-1.46403,0.251011,1.33635,-1.97839,0,0,0,0,0,0,0,0,0,0,0,0,0,0,0,0,0,0,0,0,0,0,0,0
1770178439815582882,0.0923265,0.743241,-1.9746,0.0626087,0.744801,-2.12968,0.190411,1.16426,-1.46198,0.248719,1.33757,-1.97637,0,0,0,0,0,0,0,0,0,0,0,0,0,0,0,0,0,0,0,0,0,0,0,0
1770178439835664515,0.0948756,0.745812,-1.97207,0.0599768,0.742148,-2.127,0.193074,1.16219,-1.46403,0.251105,1.33628,-1.97848,0,0,0,0,0,0,0,0,0,0,0,0,0,0,0,0,0,0,0,0,0,0,0,0
1770178439855740964,0.0923263,0.743241,-1.9746,0.0626062,0.744798,-2.12968,0.190411,1.16426,-1.46198,0.248631,1.33762,-1.97629,0,0,0,0,0,0,0,0,0,0,0,0,0,0,0,0,0,0,0,0,0,0,0,0
1770178439875819333,0.0948759,0.745812,-1.97207,0.0599733,0.742148,-2.127,0.193074,1.16219,-1.46403,0.251193,1.33621,-1.97857,0,0,0,0,0,0,0,0,0,0,0,0,0,0,0,0,0,0,0,0,0,0,0,0
1770178439895904646,0.0923261,0.743241,-1.9746,0.0626087,0.744801,-2.12968,0.190411,1.16426,-1.46198,0.248553,1.33767,-1.97623,0,0,0,0,0,0,0,0,0,0,0,0,0,0,0,0,0,0,0,0,0,0,0,0
1770178439915983815,0.0948761,0.745812,-1.97207,0.0599767,0.742148,-2.127,0.193074,1.16219,-1.46403,0.25127,1.33614,-1.97864,0,0,0,0,0,0,0,0,0,0,0,0,0,0,0,0,0,0,0,0,0,0,0,0
1770178439936062984,0.092326,0.743241,-1.9746,0.0626062,0.744798,-2.12968,0.190411,1.16426,-1.46198,0.248493,1.33772,-1.97618,0,0,0,0,0,0,0,0,0,0,0,0,0,0,0,0,0,0,0,0,0,0,0,0
1770178439956139721,0.0948762,0.745812,-1.97207,0.0599733,0.742148,-2.127,0.193074,1.16219,-1.46403,0.251329,1.33608,-1.9787,0,0,0,0,0,0,0,0,0,0,0,0,0,0,0,0,0,0,0,0,0,0,0,0
1770178439976218378,0.0923259,0.743241,-1.9746,0.0626087,0.744801,-2.12968,0.190411,1.16426,-1.46198,0.248568,1.33783,-1.97624,0,0,0,0,0,0,0,0,0,0,0,0,0,0,0,0,0,0,0,0,0,0,0,0
1770178439996298315,0.0948763,0.745812,-1.97207,0.0599767,0.742148,-2.127,0.193074,1.16219,-1.46403,0.251271,1.33602,-1.97867,0,0,0,0,0,0,0,0,0,0,0,0,0,0,0,0,0,0,0,0,0,0,0,0
1770178440016377260,0.0923258,0.74324,-1.9746,0.0626063,0.744798,-2.12968,0.190411,1.16426,-1.46198,0.248492,1.33783,-1.97617,0,0,0,0,0,0,0,0,0,0,0,0,0,0,0,0,0,0,0,0,0,0,0,0
1770178440036455597,0.0948764,0.745812,-1.97207,0.0599734,0.742148,-2.127,0.193074,1.16219,-1.46403,0.251348,1.33599,-1.97874,0,0,0,0,0,0,0,0,0,0,0,0,0,0,0,0,0,0,0,0,0,0,0,0
1770178440056527982,0.0923257,0.74324,-1.9746,0.0626087,0.744801,-2.12968,0.190411,1.16426,-1.46198,0.252733,1.33717,-1.97773,0,0,0,0,0,0,0,0,0,0,0,0,0,0,0,0,0,0,0,0,0,0,0,0
1770178440076604655,0.0948765,0.745812,-1.97207,0.0599766,0.742148,-2.127,0.193074,1.16219,-1.46403,0.251583,1.33605,-1.97869,0,0,0,0,0,0,0,0,0,0,0,0,0,0,0,0,0,0,0,0,0,0,0,0
1770178440096679696,0.0923256,0.74324,-1.9746,0.0626063,0.744798,-2.12968,0.190411,1.16426,-1.46198,0.252822,1.3373,-1.97765,0,0,0,0,0,0,0,0,0,0,0,0,0,0,0,0,0,0,0,0,0,0,0,0
1770178440116760561,0.0948766,0.745813,-1.97207,0.0599734,0.742148,-2.127,0.193074,1.16219,-1.46403,0.251464,1.33592,-1.97879,0,0,0,0,0,0,0,0,0,0,0,0,0,0,0,0,0,0,0,0,0,0,0,0
1770178440136835889,0.0923256,0.74324,-1.9746,0.0626086,0.744801,-2.12968,0.190411,1.16426,-1.46198,0.252943,1.33742,-1.97756,0,0,0,0,0,0,0,0,0,0,0,0,0,0,0,0,0,0,0,0,0,0,0,0
1770178440156921011,0.0948767,0.745813,-1.97207,0.0599766,0.742148,-2.127,0.193074,1.16219,-1.46403,0.251331,1.33578,-1.97891,0,0,0,0,0,0,0,0,0,0,0,0,0,0,0,0,0,0,0,0,0,0,0,0
1770178440177002612,0.0923255,0.74324,-1.9746,0.0626063,0.744798,-2.12968,0.190411,1.16426,-1.46198,0.24854,1.33774,-1.9763,0,0,0,0,0,0,0,0,0,0,0,0,0,0,0,0,0,0,0,0,0,0,0,0
1770178440197081141,0.0948767,0.745813,-1.97207,0.0599735,0.742148,-2.127,0.193074,1.16219,-1.46403,0.251241,1.3361,-1.97865,0,0,0,0,0,0,0,0,0,0,0,0,0,0,0,0,0,0,0,0,0,0,0,0
1770178440217159446,0.0923255,0.74324,-1.9746,0.0626086,0.744801,-2.12968,0.190411,1.16426,-1.46198,0.2485,1.33776,-1.97618,0,0,0,0,0,0,0,0,0,0,0,0,0,0,0,0,0,0,0,0,0,0,0,0
1770178440237237591,0.0948767,0.745813,-1.97207,0.0599765,0.742148,-2.127,0.193074,1.16219,-1.46403,0.251327,1.33605,-1.97871,0,0,0,0,0,0,0,0,0,0,0,0,0,0,0,0,0,0,0,0,0,0,0,0
1770178440257316952,0.0923255,0.74324,-1.9746,0.0626064,0.744798,-2.12968,0.190411,1.16426,-1.46198,0.248524,1.33783,-1.9762,0,0,0,0,0,0,0,0,0,0,0,0,0,0,0,0,0,0,0,0,0,0,0,0
1770178440277397497,0.0948768,0.745813,-1.97207,0.0599735,0.742148,-2.127,0.193074,1.16219,-1.46403,0.251314,1.336,-1.97871,0,0,0,0,0,0,0,0,0,0,0,0,0,0,0,0,0,0,0,0,0,0,0,0
1770178440297476506,0.0874013,0.663731,-1.9056,-0.0437076,0.769065,-2.10947,-0.303967,0.869297,-1.97874,0.00817233,0.57718,-2.0588,0,0,0,0,0,0,0,0,0,0,0,0,0,0,0,0,0,0,0,0,0,0,0,0
1770178440317556763,0.088775,0.662205,-1.90586,-0.0401568,0.767366,-2.11073,-0.309367,0.896373,-1.97974,0.0113903,0.566006,-2.03246,0,0,0,0,0,0,0,0,0,0,0,0,0,0,0,0,0,0,0,0,0,0,0,0
1770178440337629595,0.0879392,0.66323,-1.9069,-0.0396796,0.768506,-2.10974,-0.307122,0.895312,-1.98236,0.00993211,0.568055,-2.03439,0,0,0,0,0,0,0,0,0,0,0,0,0,0,0,0,0,0,0,0,0,0,0,0
1770178440357707260,0.0889525,0.662248,-1.90593,-0.0403534,0.767508,-2.11076,-0.308984,0.896986,-1.98046,0.0113577,0.56584,-2.03245,0,0,0,0,0,0,0,0,0,0,0,0,0,0,0,0,0,0,0,0,0,0,0,0
1770178440377789405,0.0879286,0.663298,-1.90699,-0.0395508,0.76849,-2.10976,-0.307225,0.895275,-1.98222,0.0100161,0.568207,-2.03446,0,0,0,0,0,0,0,0,0,0,0,0,0,0,0,0,0,0,0,0,0,0,0,0
1770178440397868638,0.0890103,0.662198,-1.90588,-0.0404567,0.767513,-2.11074,-0.308916,0.896923,-1.98053,0.0112444,0.565664,-2.03235,0,0,0,0,0,0,0,0,0,0,0,0,0,0,0,0,0,0,0,0,0,0,0,0
1770178440417949151,0.0878806,0.663349,-1.90704,-0.0394799,0.768501,-2.10976,-0.307275,0.895323,-1.98217,0.0101903,0.568409,-2.03455,0,0,0,0,0,0,0,0,0,0,0,0,0,0,0,0,0,0,0,0,0,0,0,0
1770178440438022560,0.0890661,0.662142,-1.90583,-0.0405187,0.767502,-2.11075,-0.30886,0.896869,-1.98059,0.0110163,0.565428,-2.03225,0,0,0,0,0,0,0,0,0,0,0,0,0,0,0,0,0,0,0,0,0,0,0,0
1770178440458102177,0.0878281,0.663402,-1.90709,-0.0394338,0.768519,-2.10974,-0.307318,0.895365,-1.98213,0.00942238,0.562547,-2.03465,0,0,0,0,0,0,0,0,0,0,0,0,0,0,0,0,0,0,0,0,0,0,0,0
1770178440478182146,0.089125,0.662081,-1.90577,-0.0405608,0.767484,-2.11076,-0.308812,0.896822,-1.98063,0.0115728,0.564707,-2.03255,0,0,0,0,0,0,0,0,0,0,0,0,0,0,0,0,0,0,0,0,0,0,0,0
1770178440498261059,0.0877731,0.663458,-1.90715,-0.0393983,0.768542,-2.10972,-0.307355,0.895401,-1.98209,0.00925557,0.562625,-2.03461,0,0,0,0,0,0,0,0,0,0,0,0,0,0,0,0,0,0,0,0,0,0,0,0
1770178440518336004,0.0891867,0.662018,-1.9057,-0.0405939,0.767464,-2.11078,-0.30877,0.896781,-1.98068,0.0115606,0.564702,-2.03255,0,0,0,0,0,0,0,0,0,0,0,0,0,0,0,0,0,0,0,0,0,0,0,0
1770178440538411909,0.0877162,0.663515,-1.90721,-0.0393672,0.768567,-2.1097,-0.307389,0.895434,-1.98205,0.00926341,0.562628,-2.03461,0,0,0,0,0,0,0,0,0,0,0,0,0,0,0,0,0,0,0,0,0,0,0,0
1770178440558490950,0.0892507,0.661952,-1.90564,-0.040623,0.767442,-2.1108,-0.308733,0.896745,-1.98071,0.011556,0.564698,-2.03256,0,0,0,0,0,0,0,0,0,0,0,0,0,0,0,0,0,0,0,0,0,0,0,0
1770178440578569863,0.0876582,0.663573,-1.90726,-0.0393379,0.768592,-2.10967,-0.307419,0.895463,-1.98202,0.00926721,0.562631,-2.0346,0,0,0,0,0,0,0,0,0,0,0,0,0,0,0,0,0,0,0,0,0,0,0,0
1770178440598646920,0.0893161,0.661885,-1.90557,-0.0406504,0.767419,-2.11083,-0.3087,0.896712,-1.98075,0.0115519,0.564694,-2.03256,0,0,0,0,0,0,0,0,0,0,0,0,0,0,0,0,0,0,0,0,0,0,0,0
1770178440618724009,0.0876,0.663632,-1.90732,-0.0393094,0.768618,-2.10965,-0.307446,0.89549,-1.982,0.00927058,0.562634,-2.0346,0,0,0,0,0,0,0,0,0,0,0,0,0,0,0,0,0,0,0,0,0,0,0,0
1770178440638799114,0.0893819,0.661817,-1.9055,-0.040677,0.767396,-2.11085,-0.30867,0.896683,-1.98078,0.0115483,0.56469,-2.03257,0,0,0,0,0,0,0,0,0,0,0,0,0,0,0,0,0,0,0,0,0,0,0,0
1770178440658884843,0.0875426,0.663689,-1.90738,-0.0392812,0.768645,-2.10962,-0.307471,0.895514,-1.98197,0.00927351,0.562637,-2.0346,0,0,0,0,0,0,0,0,0,0,0,0,0,0,0,0,0,0,0,0,0,0,0,0
1770178440678967372,0.0894469,0.661751,-1.90543,-0.0407031,0.767373,-2.11087,-0.308643,0.896656,-1.9808,0.0115452,0.564687,-2.03257,0,0,0,0,0,0,0,0,0,0,0,0,0,0,0,0,0,0,0,0,0,0,0,0
1770178440699046957,0.087487,0.663745,-1.90744,-0.0392535,0.768671,-2.1096,-0.307494,0.895536,-1.98195,0.00927607,0.562639,-2.0346,0,0,0,0,0,0,0,0,0,0,0,0,0,0,0,0,0,0,0,0,0,0,0,0
1770178440719130222,0.08951,0.661686,-1.90537,-0.0407286,0.767351,-2.11089,-0.308618,0.896632,-1.98083,0.0115425,0.564685,-2.03257,0,0,0,0,0,0,0,0,0,0,0,0,0,0,0,0,0,0,0,0,0,0,0,0
1770178440739210159,0.0874342,0.663798,-1.90749,-0.0392261,0.768696,-2.10957,-0.307515,0.895556,-1.98193,0.0092783,0.562641,-2.03459,0,0,0,0,0,0,0,0,0,0,0,0,0,0,0,0,0,0,0,0,0,0,0,0
1770178440759288656,0.0895699,0.661624,-1.90531,-0.0407536,0.767329,-2.11091,-0.308595,0.896609,-1.98085,0.0115401,0.564682,-2.03257,0,0,0,0,0,0,0,0,0,0,0,0,0,0,0,0,0,0,0,0,0,0,0,0
1770178440779366865,0.0873851,0.663847,-1.90754,-0.0391994,0.768722,-2.10955,-0.307534,0.895575,-1.98191,0.00928025,0.562642,-2.03459,0,0,0,0,0,0,0,0,0,0,0,0,0,0,0,0,0,0,0,0,0,0,0,0
1770178440799445042,0.0896255,0.661567,-1.90525,-0.0407779,0.767307,-2.11094,-0.308574,0.896589,-1.98087,0.011538,0.564681,-2.03258,0,0,0,0,0,0,0,0,0,0,0,0,0,0,0,0,0,0,0,0,0,0,0,0
1770178440819524211,0.0873405,0.663892,-1.90758,-0.0391732,0.768746,-2.10952,-0.307552,0.895593,-1.98189,0.00928195,0.562644,-2.03459,0,0,0,0,0,0,0,0,0,0,0,0,0,0,0,0,0,0,0,0,0,0,0,0
1770178440839602772,0.0896761,0.661515,-1.9052,-0.0408014,0.767286,-2.11096,-0.308554,0.896569,-1.98089,0.0115362,0.564679,-2.03258,0,0,0,0,0,0,0,0,0,0,0,0,0,0,0,0,0,0,0,0,0,0,0,0
1770178440859682101,0.0873009,0.663931,-1.90762,-0.039148,0.76877,-2.1095,-0.307569,0.895609,-1.98187,0.00928344,0.562645,-2.03459,0,0,0,0,0,0,0,0,0,0,0,0,0,0,0,0,0,0,0,0,0,0,0,0
1770178440879759158,0.089721,0.661468,-1.90515,-0.040824,0.767266,-2.11098,-0.308536,0.896551,-1.98091,0.0115346,0.564677,-2.03258,0,0,0,0,0,0,0,0,0,0,0,0,0,0,0,0,0,0,0,0,0,0,0,0
1770178440899840695,0.0872666,0.663965,-1.90766,-0.0391236,0.768794,-2.10947,-0.307585,0.895625,-1.98186,0.00928474,0.562646,-2.03459,0,0,0,0,0,0,0,0,0,0,0,0,0,0,0,0,0,0,0,0,0,0,0,0
1770178440919918648,0.0897598,0.661428,-1.90511,-0.0408456,0.767247,-2.11099,-0.308518,0.896535,-1.98093,0.0115332,0.564676,-2.03258,0,0,0,0,0,0,0,0,0,0,0,0,0,0,0,0,0,0,0,0,0,0,0,0
1770178440939991641,0.0872378,0.663994,-1.90769,-0.0391003,0.768816,-2.10945,-0.3076,0.89564,-1.98184,0.00928588,0.562647,-2.03459,0,0,0,0,0,0,0,0,0,0,0,0,0,0,0,0,0,0,0,0,0,0,0,0
1770178440960069242,0.0897924,0.661395,-1.90507,-0.0408662,0.767229,-2.11101,-0.308502,0.896519,-1.98094,0.011532,0.564675,-2.03258,0,0,0,0,0,0,0,0,0,0,0,0,0,0,0,0,0,0,0,0,0,0,0,0
1770178440980147291,0.0872143,0.664017,-1.90771,-0.0390781,0.768837,-2.10943,-0.307614,0.895653,-1.98183,0.00928688,0.562648,-2.03459,0,0,0,0,0,0,0,0,0,0,0,0,0,0,0,0,0,0,0,0,0,0,0,0
1770178441000226428,0.0898189,0.661367,-1.90505,-0.0408856,0.767211,-2.11103,-0.308487,0.896504,-1.98096,0.0115309,0.564674,-2.03258,0,0,0,0,0,0,0,0,0,0,0,0,0,0,0,0,0,0,0,0,0,0,0,0
1770178441020304157,0.0871959,0.664035,-1.90773,-0.0390571,0.768857,-2.10941,-0.307628,0.895666,-1.98182,0.00928775,0.562649,-2.03459,0,0,0,0,0,0,0,0,0,0,0,0,0,0,0,0,0,0,0,0,0,0,0,0
1770178441040382686,0.0898397,0.661346,-1.90503,-0.0409039,0.767195,-2.11105,-0.308473,0.89649,-1.98097,0.01153,0.564673,-2.03258,0,0,0,0,0,0,0,0,0,0,0,0,0,0,0,0,0,0,0,0,0,0,0,0
1770178441060461023,0.0871821,0.664049,-1.90774,-0.0390373,0.768876,-2.10939,-0.30764,0.895679,-1.9818,0.00928852,0.562649,-2.03459,0,0,0,0,0,0,0,0,0,0,0,0,0,0,0,0,0,0,0,0,0,0,0,0
1770178441080538304,0.0898552,0.66133,-1.90501,-0.040921,0.767179,-2.11106,-0.308459,0.896477,-1.98099,0.0115292,0.564672,-2.03258,0,0,0,0,0,0,0,0,0,0,0,0,0,0,0,0,0,0,0,0,0,0,0,0
1770178441100617729,0.0871722,0.664058,-1.90775,-0.0390188,0.768894,-2.10937,-0.307652,0.89569,-1.98179,0.00928919,0.56265,-2.03458,0,0,0,0,0,0,0,0,0,0,0,0,0,0,0,0,0,0,0,0,0,0,0,0
1770178441120698466,0.0898661,0.661319,-1.905,-0.0409368,0.767165,-2.11107,-0.308446,0.896464,-1.981,0.0115285,0.564671,-2.03258,0,0,0,0,0,0,0,0,0,0,0,0,0,0,0,0,0,0,0,0,0,0,0,0
1770178441140779907,0.0871656,0.664064,-1.90776,-0.0390016,0.768911,-2.10936,-0.307664,0.895702,-1.98178,0.00928978,0.562651,-2.03458,0,0,0,0,0,0,0,0,0,0,0,0,0,0,0,0,0,0,0,0,0,0,0,0
1770178441160854820,0.0898733,0.661311,-1.90499,-0.0409515,0.767152,-2.11109,-0.308434,0.896452,-1.98101,0.0115278,0.564671,-2.03258,0,0,0,0,0,0,0,0,0,0,0,0,0,0,0,0,0,0,0,0,0,0,0,0
1770178441180933413,0.0871615,0.664068,-1.90776,-0.0389857,0.768926,-2.10934,-0.307675,0.895712,-1.98177,0.0092903,0.562651,-2.03458,0,0,0,0,0,0,0,0,0,0,0,0,0,0,0,0,0,0,0,0,0,0,0,0
1770178441201011845,0.0898777,0.661307,-1.90499,-0.0409651,0.76714,-2.1111,-0.308422,0.896441,-1.98102,0.0115273,0.56467,-2.03259,0,0,0,0,0,0,0,0,0,0,0,0,0,0,0,0,0,0,0,0,0,0,0,0
1770178441221089286,0.087159,0.66407,-1.90776,-0.038971,0.768941,-2.10933,-0.307685,0.895722,-1.98176,0.00929076,0.562651,-2.03458,0,0,0,0,0,0,0,0,0,0,0,0,0,0,0,0,0,0,0,0,0,0,0,0
1770178441241169543,0.0898803,0.661304,-1.90498,-0.0409775,0.767129,-2.11111,-0.308411,0.89643,-1.98103,0.0115268,0.56467,-2.03259,0,0,0,0,0,0,0,0,0,0,0,0,0,0,0,0,0,0,0,0,0,0,0,0
1770178441261242824,0.0871577,0.664071,-1.90776,-0.0389575,0.768954,-2.10932,-0.307695,0.895732,-1.98175,0.00929116,0.562652,-2.03458,0,0,0,0,0,0,0,0,0,0,0,0,0,0,0,0,0,0,0,0,0,0,0,0
1770178441281320873,0.0898818,0.661303,-1.90498,-0.0409888,0.767118,-2.11112,-0.308401,0.89642,-1.98104,0.0115264,0.564669,-2.03259,0,0,0,0,0,0,0,0,0,0,0,0,0,0,0,0,0,0,0,0,0,0,0,0
1770178441301393514,0.0871569,0.664072,-1.90776,-0.0389452,0.768966,-2.1093,-0.307705,0.895741,-1.98174,0.00929151,0.562652,-2.03458,0,0,0,0,0,0,0,0,0,0,0,0,0,0,0,0,0,0,0,0,0,0,0,0
1770178441321472747,0.0898826,0.661302,-1.90498,-0.0409991,0.767109,-2.11113,-0.308391,0.89641,-1.98105,0.011526,0.564669,-2.03259,0,0,0,0,0,0,0,0,0,0,0,0,0,0,0,0,0,0,0,0,0,0,0,0
1770178441341553900,0.0871565,0.664072,-1.90777,-0.038934,0.768977,-2.10929,-0.307714,0.89575,-1.98173,0.00929181,0.562652,-2.03458,0,0,0,0,0,0,0,0,0,0,0,0,0,0,0,0,0,0,0,0,0,0,0,0
1770178441361634125,0.089883,0.661301,-1.90498,-0.0410084,0.767101,-2.11114,-0.308381,0.896401,-1.98106,0.0115257,0.564669,-2.03259,0,0,0,0,0,0,0,0,0,0,0,0,0,0,0,0,0,0,0,0,0,0,0,0
1770178441381712110,0.0871563,0.664072,-1.90777,-0.0389238,0.768986,-2.10928,-0.307723,0.895759,-1.98172,0.00929208,0.562653,-2.03458,0,0,0,0,0,0,0,0,0,0,0,0,0,0,0,0,0,0,0,0,0,0,0,0
1770178441401788463,0.0898832,0.661301,-1.90498,-0.0410168,0.767093,-2.11115,-0.308372,0.896391,-1.98107,0.0115254,0.564668,-2.03259,0,0,0,0,0,0,0,0,0,0,0,0,0,0,0,0,0,0,0,0,0,0,0,0
1770178441421862864,0.0871562,0.664073,-1.90777,-0.0389146,0.768995,-2.10927,-0.307731,0.895767,-1.98171,0.00929232,0.562653,-2.03458,0,0,0,0,0,0,0,0,0,0,0,0,0,0,0,0,0,0,0,0,0,0,0,0
1770178441441944369,0.0898833,0.661301,-1.90498,-0.0410244,0.767086,-2.11115,-0.308363,0.896383,-1.98108,0.0115251,0.564668,-2.03259,0,0,0,0,0,0,0,0,0,0,0,0,0,0,0,0,0,0,0,0,0,0,0,0
1770178441462016498,0.0871561,0.664073,-1.90777,-0.0389063,0.769003,-2.10927,-0.307739,0.895775,-1.9817,0.00929253,0.562653,-2.03458,0,0,0,0,0,0,0,0,0,0,0,0,0,0,0,0,0,0,0,0,0,0,0,0
1770178441482093331,0.0898834,0.661301,-1.90498,-0.0410313,0.76708,-2.11116,-0.308354,0.896374,-1.98109,0.0115249,0.564668,-2.03259,0,0,0,0,0,0,0,0,0,0,0,0,0,0,0,0,0,0,0,0,0,0,0,0
1770178441502166964,0.0871561,0.664073,-1.90777,-0.0388989,0.769011,-2.10926,-0.307747,0.895782,-1.9817,0.00929271,0.562653,-2.03458,0,0,0,0,0,0,0,0,0,0,0,0,0,0,0,0,0,0,0,0,0,0,0,0
1770178441522246645,0.0898834,0.661301,-1.90498,-0.0410374,0.767074,-2.11116,-0.308346,0.896366,-1.9811,0.0115247,0.564668,-2.03259,0,0,0,0,0,0,0,0,0,0,0,0,0,0,0,0,0,0,0,0,0,0,0,0
1770178441542326518,0.0871561,0.664073,-1.90777,-0.0388922,0.769017,-2.10925,-0.307755,0.89579,-1.98169,0.00929287,0.562653,-2.03458,0,0,0,0,0,0,0,0,0,0,0,0,0,0,0,0,0,0,0,0,0,0,0,0
1770178441562404247,0.0898834,0.661301,-1.90498,-0.0410429,0.767069,-2.11117,-0.308338,0.896359,-1.98111,0.0115246,0.564668,-2.03259,0,0,0,0,0,0,0,0,0,0,0,0,0,0,0,0,0,0,0,0,0,0,0,0
1770178441582478936,0.087156,0.664073,-1.90777,-0.0388862,0.769023,-2.10925,-0.307762,0.895797,-1.98168,0.00929301,0.562653,-2.03458,0,0,0,0,0,0,0,0,0,0,0,0,0,0,0,0,0,0,0,0,0,0,0,0
1770178441602559353,0.0898834,0.661301,-1.90498,-0.0410477,0.767065,-2.11117,-0.308331,0.896351,-1.98111,0.0115244,0.564668,-2.03259,0,0,0,0,0,0,0,0,0,0,0,0,0,0,0,0,0,0,0,0,0,0,0,0
1770178441622640122,0.087156,0.664073,-1.90777,-0.0388809,0.769028,-2.10924,-0.307769,0.895804,-1.98167,0.00929314,0.562653,-2.03458,0,0,0,0,0,0,0,0,0,0,0,0,0,0,0,0,0,0,0,0,0,0,0,0
1770178441642716026,0.0898834,0.661301,-1.90498,-0.0410521,0.767061,-2.11118,-0.308323,0.896344,-1.98112,0.0115243,0.564667,-2.03259,0,0,0,0,0,0,0,0,0,0,0,0,0,0,0,0,0,0,0,0,0,0,0,0
1770178441662794491,0.087156,0.664073,-1.90777,-0.0388762,0.769033,-2.10924,-0.307776,0.89581,-1.98167,0.00929324,0.562654,-2.03458,0,0,0,0,0,0,0,0,0,0,0,0,0,0,0,0,0,0,0,0,0,0,0,0
1770178441682873596,0.0898834,0.661301,-1.90498,-0.0410559,0.767057,-2.11118,-0.308316,0.896337,-1.98113,0.0115242,0.564667,-2.03259,0,0,0,0,0,0,0,0,0,0,0,0,0,0,0,0,0,0,0,0,0,0,0,0
1770178441702953469,0.087156,0.664073,-1.90777,-0.0388719,0.769037,-2.10923,-0.307782,0.895817,-1.98166,0.00929334,0.562654,-2.03458,0,0,0,0,0,0,0,0,0,0,0,0,0,0,0,0,0,0,0,0,0,0,0,0
1770178441723027742,0.0898834,0.661301,-1.90498,-0.0410594,0.767054,-2.11118,-0.308309,0.896331,-1.98114,0.0115241,0.564667,-2.03259,0,0,0,0,0,0,0,0,0,0,0,0,0,0,0,0,0,0,0,0,0,0,0,0
1770178441743103039,0.087156,0.664073,-1.90777,-0.0388682,0.769041,-2.10923,-0.307789,0.895823,-1.98166,0.00929342,0.562654,-2.03458,0,0,0,0,0,0,0,0,0,0,0,0,0,0,0,0,0,0,0,0,0,0,0,0
1770178441763182976,0.0898834,0.661301,-1.90498,-0.0410624,0.767051,-2.11119,-0.308303,0.896324,-1.98114,0.011524,0.564667,-2.03259,0,0,0,0,0,0,0,0,0,0,0,0,0,0,0,0,0,0,0,0,0,0,0,0
1770178441783261441,0.087156,0.664073,-1.90777,-0.0388649,0.769044,-2.10923,-0.307795,0.895829,-1.98165,0.0092935,0.562654,-2.03458,0,0,0,0,0,0,0,0,0,0,0,0,0,0,0,0,0,0,0,0,0,0,0,0
1770178441803338338,0.0898834,0.661301,-1.90498,-0.0410651,0.767049,-2.11119,-0.308296,0.896318,-1.98115,0.0115239,0.564667,-2.03259,0,0,0,0,0,0,0,0,0,0,0,0,0,0,0,0,0,0,0,0,0,0,0,0
1770178441823415363,0.087156,0.664073,-1.90777,-0.0388619,0.769047,-2.10922,-0.307801,0.895835,-1.98164,0.00929356,0.562654,-2.03458,0,0,0,0,0,0,0,0,0,0,0,0,0,0,0,0,0,0,0,0,0,0,0,0
1770178441843497924,0.0898834,0.661301,-1.90498,-0.0410675,0.767047,-2.11119,-0.30829,0.896312,-1.98115,0.0115238,0.564667,-2.03259,0,0,0,0,0,0,0,0,0,0,0,0,0,0,0,0,0,0,0,0,0,0,0,0
1770178441863575461,0.087156,0.664073,-1.90777,-0.0388593,0.769049,-2.10922,-0.307806,0.89584,-1.98164,0.00929362,0.562654,-2.03458,0,0,0,0,0,0,0,0,0,0,0,0,0,0,0,0,0,0,0,0,0,0,0,0
1770178441883651110,0.0898834,0.661301,-1.90498,-0.0410696,0.767045,-2.11119,-0.308284,0.896306,-1.98116,0.0115238,0.564667,-2.03259,0,0,0,0,0,0,0,0,0,0,0,0,0,0,0,0,0,0,0,0,0,0,0,0
1770178441903728839,0.087156,0.664073,-1.90777,-0.038857,0.769052,-2.10922,-0.307812,0.895846,-1.98163,0.00929367,0.562654,-2.03458,0,0,0,0,0,0,0,0,0,0,0,0,0,0,0,0,0,0,0,0,0,0,0,0
1770178441923807784,0.0898834,0.661301,-1.90498,-0.0410715,0.767043,-2.11119,-0.308278,0.8963,-1.98117,0.0115237,0.564667,-2.03259,0,0,0,0,0,0,0,0,0,0,0,0,0,0,0,0,0,0,0,0,0,0,0,0
1770178441943884681,0.087156,0.664073,-1.90777,-0.038855,0.769054,-2.10922,-0.307817,0.895851,-1.98163,0.00929371,0.562654,-2.03458,0,0,0,0,0,0,0,0,0,0,0,0,0,0,0,0,0,0,0,0,0,0,0,0
1770178441963962058,0.0898834,0.661301,-1.90498,-0.0410731,0.767042,-2.1112,-0.308273,0.896295,-1.98117,0.0115237,0.564667,-2.03259,0,0,0,0,0,0,0,0,0,0,0,0,0,0,0,0,0,0,0,0,0,0,0,0
1770178441984039947,0.087156,0.664073,-1.90777,-0.0388532,0.769055,-2.10921,-0.307823,0.895856,-1.98162,0.00929375,0.562654,-2.03458,0,0,0,0,0,0,0,0,0,0,0,0,0,0,0,0,0,0,0,0,0,0,0,0
1770178442004118188,0.0898834,0.661301,-1.90498,-0.0410746,0.76704,-2.1112,-0.308267,0.89629,-1.98118,0.0115236,0.564667,-2.03259,0,0,0,0,0,0,0,0,0,0,0,0,0,0,0,0,0,0,0,0,0,0,0,0
1770178442024197485,0.087156,0.664073,-1.90777,-0.0388516,0.769057,-2.10921,-0.307828,0.895861,-1.98162,0.00929379,0.562654,-2.03458,0,0,0,0,0,0,0,0,0,0,0,0,0,0,0,0,0,0,0,0,0,0,0,0
1770178442044277294,0.0898834,0.661301,-1.90498,-0.0410758,0.767039,-2.1112,-0.308262,0.896284,-1.98118,0.0115236,0.564667,-2.03259,0,0,0,0,0,0,0,0,0,0,0,0,0,0,0,0,0,0,0,0,0,0,0,0
1770178442064355663,0.087156,0.664073,-1.90777,-0.0388502,0.769058,-2.10921,-0.307833,0.895866,-1.98161,0.00929382,0.562654,-2.03458,0,0,0,0,0,0,0,0,0,0,0,0,0,0,0,0,0,0,0,0,0,0,0,0
1770178442084432304,0.0898834,0.661301,-1.90498,-0.041077,0.767038,-2.1112,-0.308257,0.896279,-1.98119,0.0115235,0.564667,-2.03259,0,0,0,0,0,0,0,0,0,0,0,0,0,0,0,0,0,0,0,0,0,0,0,0
1770178442104509649,0.087156,0.664073,-1.90777,-0.0388489,0.76906,-2.10921,-0.307838,0.895871,-1.98161,0.00929384,0.562654,-2.03458,0,0,0,0,0,0,0,0,0,0,0,0,0,0,0,0,0,0,0,0,0,0,0,0
1770178442124587602,0.0898834,0.661301,-1.90498,-0.041078,0.767037,-2.1112,-0.308252,0.896275,-1.98119,0.0115235,0.564667,-2.03259,0,0,0,0,0,0,0,0,0,0,0,0,0,0,0,0,0,0,0,0,0,0,0,0
1770178442144666835,0.087156,0.664073,-1.90777,-0.0388478,0.769061,-2.10921,-0.307842,0.895875,-1.9816,0.00929386,0.562654,-2.03458,0,0,0,0,0,0,0,0,0,0,0,0,0,0,0,0,0,0,0,0,0,0,0,0
1770178442164743924,0.0898834,0.661301,-1.90498,-0.0410788,0.767036,-2.1112,-0.308247,0.89627,-1.9812,0.0115235,0.564667,-2.03259,0,0,0,0,0,0,0,0,0,0,0,0,0,0,0,0,0,0,0,0,0,0,0,0
1770178442184822645,0.087156,0.664073,-1.90777,-0.0388469,0.769062,-2.10921,-0.307847,0.89588,-1.9816,0.00929388,0.562654,-2.03458,0,0,0,0,0,0,0,0,0,0,0,0,0,0,0,0,0,0,0,0,0,0,0,0
1770178442204903222,0.0898834,0.661301,-1.90498,-0.0410796,0.767036,-2.1112,-0.308242,0.896265,-1.9812,0.0115235,0.564667,-2.03259,0,0,0,0,0,0,0,0,0,0,0,0,0,0,0,0,0,0,0,0,0,0,0,0
1770178442224977974,0.087156,0.664073,-1.90777,-0.038846,0.769062,-2.10921,-0.307851,0.895884,-1.98159,0.0092939,0.562654,-2.03458,0,0,0,0,0,0,0,0,0,0,0,0,0,0,0,0,0,0,0,0,0,0,0,0
1770178442245056951,0.0898834,0.661301,-1.90498,-0.0410803,0.767035,-2.1112,-0.308238,0.896261,-1.98121,0.0115235,0.564667,-2.03259,0,0,0,0,0,0,0,0,0,0,0,0,0,0,0,0,0,0,0,0,0,0,0,0
1770178442265137944,0.087156,0.664073,-1.90777,-0.0388453,0.769063,-2.10921,-0.307856,0.895888,-1.98159,0.00929392,0.562654,-2.03458,0,0,0,0,0,0,0,0,0,0,0,0,0,0,0,0,0,0,0,0,0,0,0,0
1770178442285214265,0.0898834,0.661301,-1.90498,-0.0410809,0.767034,-2.1112,-0.308233,0.896256,-1.98121,0.0115234,0.564667,-2.03259,0,0,0,0,0,0,0,0,0,0,0,0,0,0,0,0,0,0,0,0,0,0,0,0
1770178442305292762,0.087156,0.664073,-1.90777,-0.0388447,0.769064,-2.10921,-0.30786,0.895892,-1.98158,0.00929393,0.562654,-2.03458,0,0,0,0,0,0,0,0,0,0,0,0,0,0,0,0,0,0,0,0,0,0,0,0
1770178442325372091,0.0898834,0.661301,-1.90498,-0.0410814,0.767034,-2.1112,-0.308229,0.896252,-1.98122,0.0115234,0.564667,-2.03259,0,0,0,0,0,0,0,0,0,0,0,0,0,0,0,0,0,0,0,0,0,0,0,0
1770178442345452156,0.087156,0.664073,-1.90777,-0.0388441,0.769064,-2.10921,-0.307864,0.895896,-1.98158,0.00929394,0.562654,-2.03458,0,0,0,0,0,0,0,0,0,0,0,0,0,0,0,0,0,0,0,0,0,0,0,0
1770178442365525693,0.0898834,0.661301,-1.90498,-0.0410819,0.767034,-2.1112,-0.308225,0.896248,-1.98122,0.0115234,0.564667,-2.03259,0,0,0,0,0,0,0,0,0,0,0,0,0,0,0,0,0,0,0,0,0,0,0,0
1770178442385605502,0.087156,0.664073,-1.90777,-0.0388436,0.769065,-2.10921,-0.307868,0.8959,-1.98158,0.00929395,0.562654,-2.03458,0,0,0,0,0,0,0,0,0,0,0,0,0,0,0,0,0,0,0,0,0,0,0,0
1770178442405681375,0.0898834,0.661301,-1.90498,-0.0410823,0.767033,-2.1112,-0.308221,0.896244,-1.98122,0.0115234,0.564667,-2.03259,0,0,0,0,0,0,0,0,0,0,0,0,0,0,0,0,0,0,0,0,0,0,0,0
1770178442425758816,0.087156,0.664073,-1.90777,-0.0388431,0.769065,-2.1092,-0.307872,0.895904,-1.98157,0.00929396,0.562654,-2.03458,0,0,0,0,0,0,0,0,0,0,0,0,0,0,0,0,0,0,0,0,0,0,0,0
1770178442445835361,0.0898834,0.661301,-1.90498,-0.0410826,0.767033,-2.1112,-0.308217,0.89624,-1.98123,0.0115234,0.564667,-2.03259,0,0,0,0,0,0,0,0,0,0,0,0,0,0,0,0,0,0,0,0,0,0,0,0
1770178442465917442,0.087156,0.664073,-1.90777,-0.0388427,0.769066,-2.1092,-0.307876,0.895908,-1.98157,0.00929397,0.562654,-2.03458,0,0,0,0,0,0,0,0,0,0,0,0,0,0,0,0,0,0,0,0,0,0,0,0
1770178442486012803,0.0898834,0.661301,-1.90498,-0.0410829,0.767033,-2.11121,-0.308213,0.896236,-1.98123,0.0115234,0.564667,-2.03259,0,0,0,0,0,0,0,0,0,0,0,0,0,0,0,0,0,0,0,0,0,0,0,0
1770178442506090084,-0.233724,0.687268,-1.85136,0.181682,1.23888,-1.65648,-0.269591,1.32355,-1.78608,-0.0242021,0.620134,-2.22537,0,0,0,0,0,0,0,0,0,0,0,0,0,0,0,0,0,0,0,0,0,0,0,0
1770178442526169349,-0.233454,0.683949,-1.84934,0.173298,1.22478,-1.68437,-0.274204,1.31284,-1.75464,-0.0228515,0.609996,-2.21127,0,0,0,0,0,0,0,0,0,0,0,0,0,0,0,0,0,0,0,0,0,0,0,0
1770178442546247750,-0.234311,0.684662,-1.84848,0.175639,1.22615,-1.68617,-0.273185,1.31324,-1.75793,-0.0229872,0.614456,-2.21588,0,0,0,0,0,0,0,0,0,0,0,0,0,0,0,0,0,0,0,0,0,0,0,0
1770178442566331399,-0.233492,0.683864,-1.84925,0.173801,1.22409,-1.68398,-0.272791,1.31331,-1.75687,-0.0224589,0.615205,-2.21711,0,0,0,0,0,0,0,0,0,0,0,0,0,0,0,0,0,0,0,0,0,0,0,0
1770178442586406344,-0.234304,0.684657,-1.84848,0.175862,1.22615,-1.68615,-0.273253,1.31346,-1.75773,-0.0233005,0.614275,-2.21613,0,0,0,0,0,0,0,0,0,0,0,0,0,0,0,0,0,0,0,0,0,0,0,0
1770178442606481417,-0.233497,0.683868,-1.84924,0.173733,1.224,-1.68388,-0.272765,1.31315,-1.75699,-0.0223738,0.615275,-2.21711,0,0,0,0,0,0,0,0,0,0,0,0,0,0,0,0,0,0,0,0,0,0,0,0
1770178442626557034,-0.234299,0.684652,-1.84849,0.175958,1.22624,-1.68624,-0.273295,1.31356,-1.7577,-0.0233677,0.614222,-2.21608,0,0,0,0,0,0,0,0,0,0,0,0,0,0,0,0,0,0,0,0,0,0,0,0
1770178442646636075,-0.233501,0.683873,-1.84924,0.173659,1.22393,-1.6838,-0.272728,1.31308,-1.75699,-0.0223196,0.615329,-2.21717,0,0,0,0,0,0,0,0,0,0,0,0,0,0,0,0,0,0,0,0,0,0,0,0
1770178442666709516,-0.234294,0.684648,-1.84849,0.176045,1.22633,-1.68633,-0.273337,1.31362,-1.75773,-0.0234271,0.61416,-2.21602,0,0,0,0,0,0,0,0,0,0,0,0,0,0,0,0,0,0,0,0,0,0,0,0
1770178442686784365,-0.233506,0.683877,-1.84923,0.173596,1.22386,-1.68374,-0.272687,1.31303,-1.75696,-0.0222631,0.615389,-2.21722,0,0,0,0,0,0,0,0,0,0,0,0,0,0,0,0,0,0,0,0,0,0,0,0
1770178442706867598,-0.23429,0.684643,-1.8485,0.176118,1.2264,-1.68641,-0.273383,1.31366,-1.75777,-0.0234905,0.614093,-2.21596,0,0,0,0,0,0,0,0,0,0,0,0,0,0,0,0,0,0,0,0,0,0,0,0
1770178442726942607,-0.23351,0.683881,-1.84923,0.173578,1.22386,-1.68372,-0.272641,1.31298,-1.75691,-0.0222032,0.615452,-2.21729,0,0,0,0,0,0,0,0,0,0,0,0,0,0,0,0,0,0,0,0,0,0,0,0
1770178442747020464,-0.234285,0.684638,-1.8485,0.176132,1.22642,-1.68642,-0.273435,1.31372,-1.75783,-0.0235581,0.614021,-2.21589,0,0,0,0,0,0,0,0,0,0,0,0,0,0,0,0,0,0,0,0,0,0,0,0
1770178442767095441,-0.233514,0.683886,-1.84923,0.172449,1.22746,-1.68451,-0.272589,1.31293,-1.75685,-0.0221402,0.615518,-2.21735,0,0,0,0,0,0,0,0,0,0,0,0,0,0,0,0,0,0,0,0,0,0,0,0
1770178442787171346,-0.234281,0.684634,-1.8485,0.176782,1.22792,-1.68548,-0.273493,1.31377,-1.75789,-0.0236293,0.613946,-2.21581,0,0,0,0,0,0,0,0,0,0,0,0,0,0,0,0,0,0,0,0,0,0,0,0
1770178442807247859,-0.233518,0.683889,-1.84922,0.178101,1.22705,-1.6864,-0.272531,1.31288,-1.75678,-0.0220751,0.615587,-2.21742,0,0,0,0,0,0,0,0,0,0,0,0,0,0,0,0,0,0,0,0,0,0,0,0
1770178442827322996,-0.234276,0.68463,-1.84851,0.176863,1.2273,-1.68553,-0.273558,1.31383,-1.75796,-0.0237032,0.613868,-2.21573,0,0,0,0,0,0,0,0,0,0,0,0,0,0,0,0,0,0,0,0,0,0,0,0
1770178442847401588,-0.233522,0.683893,-1.84922,0.178128,1.2274,-1.68597,-0.272468,1.31282,-1.75671,-0.022009,0.615656,-2.21749,0,0,0,0,0,0,0,0,0,0,0,0,0,0,0,0,0,0,0,0,0,0,0,0
1770178442867483638,-0.234272,0.684626,-1.84851,0.176591,1.22732,-1.68534,-0.273629,1.3139,-1.75804,-0.0237785,0.613789,-2.21566,0,0,0,0,0,0,0,0,0,0,0,0,0,0,0,0,0,0,0,0,0,0,0,0
1770178442887559830,-0.233526,0.683897,-1.84922,0.178445,1.22736,-1.68621,-0.272399,1.31276,-1.75663,-0.0219431,0.615725,-2.21755,0,0,0,0,0,0,0,0,0,0,0,0,0,0,0,0,0,0,0,0,0,0,0,0
1770178442907635575,-0.234268,0.684622,-1.84852,0.176186,1.22739,-1.68506,-0.273707,1.31398,-1.75813,-0.0238536,0.61371,-2.21558,0,0,0,0,0,0,0,0,0,0,0,0,0,0,0,0,0,0,0,0,0,0,0,0
1770178442927713656,-0.23353,0.683901,-1.84921,0.172837,1.22746,-1.68462,-0.272325,1.31269,-1.75654,-0.0218789,0.615793,-2.21762,0,0,0,0,0,0,0,0,0,0,0,0,0,0,0,0,0,0,0,0,0,0,0,0
1770178442947793081,-0.234264,0.684618,-1.84852,0.176395,1.22793,-1.68537,-0.273791,1.31406,-1.75822,-0.0239268,0.613633,-2.2155,0,0,0,0,0,0,0,0,0,0,0,0,0,0,0,0,0,0,0,0,0,0,0,0
1770178442967870362,-0.233533,0.683904,-1.84921,0.178519,1.22706,-1.6866,-0.272247,1.31262,-1.75645,-0.0218182,0.615856,-2.21768,0,0,0,0,0,0,0,0,0,0,0,0,0,0,0,0,0,0,0,0,0,0,0,0
1770178442987947195,-0.23426,0.684614,-1.84852,0.178125,1.22811,-1.68806,-0.27388,1.31415,-1.75832,-0.0239962,0.61356,-2.21543,0,0,0,0,0,0,0,0,0,0,0,0,0,0,0,0,0,0,0,0,0,0,0,0
1770178443008022812,-0.233537,0.683908,-1.8492,0.177501,1.22773,-1.68767,-0.272167,1.31255,-1.75636,-0.0217624,0.615914,-2.21774,0,0,0,0,0,0,0,0,0,0,0,0,0,0,0,0,0,0,0,0,0,0,0,0
1770178443028108125,-0.234256,0.68461,-1.84853,0.178003,1.22827,-1.68819,-0.273972,1.31424,-1.75841,-0.0240599,0.613493,-2.21536,0,0,0,0,0,0,0,0,0,0,0,0,0,0,0,0,0,0,0,0,0,0,0,0
1770178443048184062,-0.23354,0.683911,-1.8492,0.177447,1.22772,-1.68767,-0.272086,1.31247,-1.75626,-0.0217131,0.615965,-2.21779,0,0,0,0,0,0,0,0,0,0,0,0,0,0,0,0,0,0,0,0,0,0,0,0
1770178443068256671,-0.234253,0.684607,-1.84853,0.178028,1.2283,-1.68822,-0.274065,1.31433,-1.75851,-0.0241162,0.613433,-2.21531,0,0,0,0,0,0,0,0,0,0,0,0,0,0,0,0,0,0,0,0,0,0,0,0
1770178443088328384,-0.233544,0.683914,-1.8492,0.177414,1.22769,-1.68764,-0.272006,1.3124,-1.75617,-0.021672,0.616008,-2.21783,0,0,0,0,0,0,0,0,0,0,0,0,0,0,0,0,0,0,0,0,0,0,0,0
1770178443108443202,-0.234249,0.684603,-1.84853,0.17806,1.22833,-1.68825,-0.274157,1.31442,-1.75861,-0.0241631,0.613384,-2.21526,0,0,0,0,0,0,0,0,0,0,0,0,0,0,0,0,0,0,0,0,0,0,0,0
1770178443128518275,-0.233547,0.683918,-1.8492,0.17738,1.22766,-1.68761,-0.271931,1.31233,-1.75608,-0.0216411,0.616039,-2.21786,0,0,0,0,0,0,0,0,0,0,0,0,0,0,0,0,0,0,0,0,0,0,0,0
1770178443148594755,-0.234245,0.6846,-1.84854,0.178094,1.22836,-1.68828,-0.274243,1.31451,-1.7587,-0.0241984,0.613346,-2.21522,0,0,0,0,0,0,0,0,0,0,0,0,0,0,0,0,0,0,0,0,0,0,0,0
1770178443168669252,-0.23355,0.683921,-1.84919,0.177342,1.22762,-1.68757,-0.271863,1.31226,-1.75601,-0.0216231,0.616056,-2.21788,0,0,0,0,0,0,0,0,0,0,0,0,0,0,0,0,0,0,0,0,0,0,0,0
1770178443188752837,-0.234242,0.684596,-1.84854,0.178132,1.2284,-1.68832,-0.274321,1.31459,-1.75878,-0.0242193,0.613324,-2.2152,0,0,0,0,0,0,0,0,0,0,0,0,0,0,0,0,0,0,0,0,0,0,0,0
1770178443208826758,-0.233553,0.683924,-1.84919,0.1773,1.22758,-1.68753,-0.271807,1.31221,-1.75595,-0.021619,0.616059,-2.21789,0,0,0,0,0,0,0,0,0,0,0,0,0,0,0,0,0,0,0,0,0,0,0,0
1770178443228903495,-0.234239,0.684593,-1.84854,0.178173,1.22844,-1.68835,-0.274386,1.31465,-1.75885,-0.0242245,0.613317,-2.21519,0,0,0,0,0,0,0,0,0,0,0,0,0,0,0,0,0,0,0,0,0,0,0,0
1770178443248980392,-0.233557,0.683927,-1.84919,0.177255,1.22753,-1.68749,-0.27178,1.31217,-1.75594,-0.0216203,0.616057,-2.21789,0,0,0,0,0,0,0,0,0,0,0,0,0,0,0,0,0,0,0,0,0,0,0,0
1770178443269058761,-0.234235,0.68459,-1.84855,0.178217,1.22848,-1.6884,-0.274417,1.31469,-1.75888,-0.0242233,0.613318,-2.21519,0,0,0,0,0,0,0,0,0,0,0,0,0,0,0,0,0,0,0,0,0,0,0,0
1770178443289134634,-0.23356,0.68393,-1.84918,0.177206,1.22748,-1.68744,-0.27194,1.31219,-1.75619,-0.0216202,0.616057,-2.21789,0,0,0,0,0,0,0,0,0,0,0,0,0,0,0,0,0,0,0,0,0,0,0,0
1770178443309211563,-0.234232,0.684587,-1.84855,0.178265,1.22853,-1.68844,-0.274263,1.31454,-1.7587,-0.0242234,0.613318,-2.21519,0,0,0,0,0,0,0,0,0,0,0,0,0,0,0,0,0,0,0,0,0,0,0,0
1770178443329296268,-0.233562,0.683933,-1.84918,0.177153,1.22743,-1.68739,-0.27185,1.31224,-1.75601,-0.0216202,0.616057,-2.21789,0,0,0,0,0,0,0,0,0,0,0,0,0,0,0,0,0,0,0,0,0,0,0,0
1770178443349374925,-0.234229,0.684584,-1.84855,0.178315,1.22858,-1.68849,-0.274337,1.3146,-1.75879,-0.0242234,0.613318,-2.21519,0,0,0,0,0,0,0,0,0,0,0,0,0,0,0,0,0,0,0,0,0,0,0,0
1770178443369452014,-0.233565,0.683935,-1.84918,0.177097,1.22738,-1.68734,-0.271797,1.3122,-1.75594,-0.0216202,0.616057,-2.21789,0,0,0,0,0,0,0,0,0,0,0,0,0,0,0,0,0,0,0,0,0,0,0,0
1770178443389531727,-0.234226,0.684581,-1.84856,0.178368,1.22863,-1.68854,-0.274397,1.31466,-1.75886,-0.0242234,0.613318,-2.21519,0,0,0,0,0,0,0,0,0,0,0,0,0,0,0,0,0,0,0,0,0,0,0,0
1770178443409609584,-0.233568,0.683938,-1.84918,0.177037,1.22732,-1.68728,-0.271787,1.31216,-1.75596,-0.0216202,0.616057,-2.21789,0,0,0,0,0,0,0,0,0,0,0,0,0,0,0,0,0,0,0,0,0,0,0,0
1770178443429684273,-0.234223,0.684578,-1.84856,0.178424,1.22869,-1.68859,-0.274411,1.31468,-1.75887,-0.0242234,0.613318,-2.21519,0,0,0,0,0,0,0,0,0,0,0,0,0,0,0,0,0,0,0,0,0,0,0,0
1770178443449762482,-0.233571,0.683941,-1.84917,0.176974,1.22725,-1.68722,-0.271829,1.31217,-1.75602,-0.0216202,0.616057,-2.21789,0,0,0,0,0,0,0,0,0,0,0,0,0,0,0,0,0,0,0,0,0,0,0,0
1770178443469833779,-0.23422,0.684575,-1.84856,0.178481,1.22874,-1.68864,-0.27437,1.31464,-1.75882,-0.0242234,0.613318,-2.21519,0,0,0,0,0,0,0,0,0,0,0,0,0,0,0,0,0,0,0,0,0,0,0,0
1770178443489913780,-0.233574,0.683944,-1.84917,0.176909,1.22719,-1.68716,-0.271782,1.31218,-1.75593,-0.0216202,0.616057,-2.21789,0,0,0,0,0,0,0,0,0,0,0,0,0,0,0,0,0,0,0,0,0,0,0,0
1770178443509993429,-0.234217,0.684572,-1.84856,0.17854,1.2288,-1.68869,-0.274415,1.31468,-1.75888,-0.0242234,0.613318,-2.21519,0,0,0,0,0,0,0,0,0,0,0,0,0,0,0,0,0,0,0,0,0,0,0,0
1770178443530072662,-0.233576,0.683946,-1.84917,0.176843,1.22712,-1.6871,-0.271888,1.31217,-1.75614,-0.0216202,0.616057,-2.21789,0,0,0,0,0,0,0,0,0,0,0,0,0,0,0,0,0,0,0,0,0,0,0,0
1770178443550147063,-0.234214,0.684569,-1.84857,0.178598,1.22886,-1.68875,-0.274311,1.31458,-1.75875,-0.0242234,0.613318,-2.21519,0,0,0,0,0,0,0,0,0,0,0,0,0,0,0,0,0,0,0,0,0,0,0,0
1770178443570225048,-0.233579,0.683949,-1.84917,0.176777,1.22706,-1.68704,-0.271815,1.31221,-1.75597,-0.0216202,0.616057,-2.21789,0,0,0,0,0,0,0,0,0,0,0,0,0,0,0,0,0,0,0,0,0,0,0,0
1770178443590302233,-0.234212,0.684567,-1.84857,0.178656,1.22891,-1.6888,-0.274377,1.31464,-1.75884,-0.0242234,0.613318,-2.21519,0,0,0,0,0,0,0,0,0,0,0,0,0,0,0,0,0,0,0,0,0,0,0,0
1770178443610380121,-0.233581,0.683951,-1.84916,0.176711,1.22699,-1.68697,-0.27178,1.31217,-1.75593,-0.0216202,0.616057,-2.21789,0,0,0,0,0,0,0,0,0,0,0,0,0,0,0,0,0,0,0,0,0,0,0,0
1770178443630455514,-0.234209,0.684564,-1.84857,0.178712,1.22897,-1.68885,-0.274417,1.31469,-1.75888,-0.0242234,0.613318,-2.21519,0,0,0,0,0,0,0,0,0,0,0,0,0,0,0,0,0,0,0,0,0,0,0,0
1770178443650535739,-0.233584,0.683954,-1.84916,0.176648,1.22693,-1.68691,-0.271936,1.31218,-1.7562,-0.0216202,0.616057,-2.21789,0,0,0,0,0,0,0,0,0,0,0,0,0,0,0,0,0,0,0,0,0,0,0,0
1770178443670614588,-0.234206,0.684561,-1.84857,0.178766,1.22902,-1.6889,-0.274265,1.31454,-1.7587,-0.0242234,0.613318,-2.21519,0,0,0,0,0,0,0,0,0,0,0,0,0,0,0,0,0,0,0,0,0,0,0,0
1770178443690694813,-0.233586,0.683956,-1.84916,0.176587,1.22687,-1.68685,-0.271848,1.31224,-1.75601,-0.0216202,0.616057,-2.21789,0,0,0,0,0,0,0,0,0,0,0,0,0,0,0,0,0,0,0,0,0,0,0,0
1770178443710765214,-0.234204,0.684559,-1.84858,0.178815,1.22907,-1.68895,-0.274339,1.31461,-1.7588,-0.0242234,0.613318,-2.21519,0,0,0,0,0,0,0,0,0,0,0,0,0,0,0,0,0,0,0,0,0,0,0,0
1770178443730849247,-0.233589,0.683958,-1.84916,0.17653,1.22681,-1.6868,-0.271796,1.31219,-1.75594,-0.0216202,0.616057,-2.21789,0,0,0,0,0,0,0,0,0,0,0,0,0,0,0,0,0,0,0,0,0,0,0,0
1770178443750924864,-0.234201,0.684556,-1.84858,0.178861,1.22911,-1.68899,-0.274398,1.31467,-1.75886,-0.0242234,0.613318,-2.21519,0,0,0,0,0,0,0,0,0,0,0,0,0,0,0,0,0,0,0,0,0,0,0,0
1770178443771004001,-0.233591,0.683961,-1.84915,0.176479,1.22676,-1.68675,-0.271788,1.31216,-1.75596,-0.0216202,0.616057,-2.21789,0,0,0,0,0,0,0,0,0,0,0,0,0,0,0,0,0,0,0,0,0,0,0,0
1770178443791081730,-0.234199,0.684554,-1.84858,0.178901,1.22915,-1.68903,-0.274409,1.31468,-1.75887,-0.0242234,0.613318,-2.21519,0,0,0,0,0,0,0,0,0,0,0,0,0,0,0,0,0,0,0,0,0,0,0,0
1770178443811155843,-0.233593,0.683963,-1.84915,0.176433,1.22671,-1.68671,-0.271818,1.31217,-1.75601,-0.0216202,0.616057,-2.21789,0,0,0,0,0,0,0,0,0,0,0,0,0,0,0,0,0,0,0,0,0,0,0,0
1770178443831232356,-0.234196,0.684552,-1.84858,0.178936,1.22919,-1.68906,-0.27438,1.31465,-1.75884,-0.0242234,0.613318,-2.21519,0,0,0,0,0,0,0,0,0,0,0,0,0,0,0,0,0,0,0,0,0,0,0,0
1770178443851307973,-0.233596,0.683965,-1.84915,0.176393,1.22667,-1.68667,-0.271779,1.31217,-1.75593,-0.0216202,0.616057,-2.21789,0,0,0,0,0,0,0,0,0,0,0,0,0,0,0,0,0,0,0,0,0,0,0,0
1770178443871384518,-0.234194,0.684549,-1.84859,0.178966,1.22922,-1.68908,-0.274418,1.31469,-1.75888,-0.0242234,0.613318,-2.21519,0,0,0,0,0,0,0,0,0,0,0,0,0,0,0,0,0,0,0,0,0,0,0,0
1770178443891457895,-0.233598,0.683967,-1.84915,0.176359,1.22664,-1.68664,-0.271987,1.3122,-1.75626,-0.0216202,0.616057,-2.21789,0,0,0,0,0,0,0,0,0,0,0,0,0,0,0,0,0,0,0,0,0,0,0,0
1770178443911535240,-0.234192,0.684547,-1.84859,0.178991,1.22924,-1.68911,-0.274217,1.3145,-1.75864,-0.0242234,0.613318,-2.21519,0,0,0,0,0,0,0,0,0,0,0,0,0,0,0,0,0,0,0,0,0,0,0,0
1770178443931609609,-0.2336,0.683969,-1.84915,0.17633,1.22661,-1.68661,-0.271886,1.31227,-1.75606,-0.0216202,0.616057,-2.21789,0,0,0,0,0,0,0,0,0,0,0,0,0,0,0,0,0,0,0,0,0,0,0,0
1770178443951689866,-0.234189,0.684545,-1.84859,0.179012,1.22926,-1.68913,-0.274296,1.31456,-1.75875,-0.0242234,0.613318,-2.21519,0,0,0,0,0,0,0,0,0,0,0,0,0,0,0,0,0,0,0,0,0,0,0,0
1770178443971771211,-0.233602,0.683972,-1.84914,0.176307,1.22659,-1.68659,-0.271824,1.31222,-1.75597,-0.0216202,0.616057,-2.21789,0,0,0,0,0,0,0,0,0,0,0,0,0,0,0,0,0,0,0,0,0,0,0,0
1770178443991850124,-0.234187,0.684543,-1.84859,0.179028,1.22928,-1.68914,-0.274366,1.31463,-1.75883,-0.0242234,0.613318,-2.21519,0,0,0,0,0,0,0,0,0,0,0,0,0,0,0,0,0,0,0,0,0,0,0,0
1770178444011928429,-0.233604,0.683974,-1.84914,0.176289,1.22657,-1.68657,-0.271783,1.31218,-1.75593,-0.0216202,0.616057,-2.21789,0,0,0,0,0,0,0,0,0,0,0,0,0,0,0,0,0,0,0,0,0,0,0,0
1770178444032006798,-0.234185,0.68454,-1.84859,0.17904,1.22929,-1.68915,-0.274414,1.31468,-1.75887,-0.0242234,0.613318,-2.21519,0,0,0,0,0,0,0,0,0,0,0,0,0,0,0,0,0,0,0,0,0,0,0,0
1770178444052086159,-0.233607,0.683976,-1.84914,0.176275,1.22656,-1.68655,-0.271859,1.31216,-1.75609,-0.0216202,0.616057,-2.21789,0,0,0,0,0,0,0,0,0,0,0,0,0,0,0,0,0,0,0,0,0,0,0,0
1770178444072161167,-0.234183,0.684538,-1.8486,0.179049,1.2293,-1.68916,-0.274339,1.31461,-1.75879,-0.0242234,0.613318,-2.21519,0,0,0,0,0,0,0,0,0,0,0,0,0,0,0,0,0,0,0,0,0,0,0,0
1770178444092243568,-0.233609,0.683978,-1.84914,0.176265,1.22655,-1.68654,-0.271796,1.31219,-1.75594,-0.0216202,0.616057,-2.21789,0,0,0,0,0,0,0,0,0,0,0,0,0,0,0,0,0,0,0,0,0,0,0,0
1770178444112323313,-0.23418,0.684536,-1.8486,0.179056,1.22931,-1.68916,-0.274398,1.31467,-1.75886,-0.0242234,0.613318,-2.21519,0,0,0,0,0,0,0,0,0,0,0,0,0,0,0,0,0,0,0,0,0,0,0,0
1770178444132403474,-0.233611,0.68398,-1.84914,0.176258,1.22654,-1.68654,-0.271788,1.31216,-1.75596,-0.0216202,0.616057,-2.21789,0,0,0,0,0,0,0,0,0,0,0,0,0,0,0,0,0,0,0,0,0,0,0,0
1770178444152479123,-0.234178,0.684534,-1.8486,0.17906,1.22931,-1.68917,-0.27441,1.31468,-1.75887,-0.0242234,0.613318,-2.21519,0,0,0,0,0,0,0,0,0,0,0,0,0,0,0,0,0,0,0,0,0,0,0,0
1770178444172558740,-0.233613,0.683981,-1.84913,0.176253,1.22653,-1.68653,-0.27182,1.31217,-1.75601,-0.0216202,0.616057,-2.21789,0,0,0,0,0,0,0,0,0,0,0,0,0,0,0,0,0,0,0,0,0,0,0,0
1770178444192637493,-0.234176,0.684532,-1.8486,0.179063,1.22931,-1.68917,-0.274379,1.31465,-1.75883,-0.0242234,0.613318,-2.21519,0,0,0,0,0,0,0,0,0,0,0,0,0,0,0,0,0,0,0,0,0,0,0,0
1770178444212715414,-0.233615,0.683983,-1.84913,0.176249,1.22653,-1.68653,-0.271779,1.31217,-1.75593,-0.0216202,0.616057,-2.21789,0,0,0,0,0,0,0,0,0,0,0,0,0,0,0,0,0,0,0,0,0,0,0,0
1770178444232793943,-0.234174,0.68453,-1.8486,0.179065,1.22932,-1.68917,-0.274418,1.31469,-1.75888,-0.0242234,0.613318,-2.21519,0,0,0,0,0,0,0,0,0,0,0,0,0,0,0,0,0,0,0,0,0,0,0,0
1770178444252872568,-0.233616,0.683985,-1.84913,0.176247,1.22653,-1.68653,-0.271974,1.3122,-1.75624,-0.0216202,0.616057,-2.21789,0,0,0,0,0,0,0,0,0,0,0,0,0,0,0,0,0,0,0,0,0,0,0,0
1770178444272952057,-0.234172,0.684528,-1.84861,0.179066,1.22932,-1.68917,-0.274229,1.31451,-1.75866,-0.0242234,0.613318,-2.21519,0,0,0,0,0,0,0,0,0,0,0,0,0,0,0,0,0,0,0,0,0,0,0,0
1770178444293032090,-0.233618,0.683987,-1.84913,0.176246,1.22653,-1.68653,-0.271876,1.31226,-1.75604,-0.0216202,0.616057,-2.21789,0,0,0,0,0,0,0,0,0,0,0,0,0,0,0,0,0,0,0,0,0,0,0,0
1770178444313111099,-0.146932,1.07164,-1.75685,0.225507,1.33817,-1.7947,0.0758518,1.25378,-2.09268,-0.050186,1.38087,-1.81096,0,0,0,0,0,0,0,0,0,0,0,0,0,0,0,0,0,0,0,0,0,0,0,0
1770178444333189500,-0.156038,1.05595,-1.73786,0.217895,1.34516,-1.80299,0.0653671,1.25669,-2.0857,-0.0542176,1.42673,-1.82038,0,0,0,0,0,0,0,0,0,0,0,0,0,0,0,0,0,0,0,0,0,0,0,0
1770178444353259485,-0.1535,1.05812,-1.74159,0.219243,1.34345,-1.80127,0.0674344,1.25462,-2.08444,-0.0491445,1.42711,-1.82279,0,0,0,0,0,0,0,0,0,0,0,0,0,0,0,0,0,0,0,0,0,0,0,0
1770178444373337374,-0.150409,1.06091,-1.74439,0.217562,1.345,-1.80275,0.0654646,1.25629,-2.08641,-0.0489243,1.42741,-1.82239,0,0,0,0,0,0,0,0,0,0,0,0,0,0,0,0,0,0,0,0,0,0,0,0
1770178444393416063,-0.153382,1.05817,-1.74165,0.219303,1.34337,-1.80123,0.067534,1.25439,-2.08457,-0.0491469,1.42707,-1.82282,0,0,0,0,0,0,0,0,0,0,0,0,0,0,0,0,0,0,0,0,0,0,0,0
1770178444413493664,-0.150477,1.06089,-1.74435,0.217506,1.34506,-1.8028,0.0653972,1.25636,-2.08651,-0.0489092,1.42744,-1.82235,0,0,0,0,0,0,0,0,0,0,0,0,0,0,0,0,0,0,0,0,0,0,0,0
1770178444433569601,-0.153328,1.05822,-1.7417,0.219367,1.34331,-1.80117,0.0676007,1.25431,-2.08451,-0.0491605,1.42703,-1.82286,0,0,0,0,0,0,0,0,0,0,0,0,0,0,0,0,0,0,0,0,0,0,0,0
1770178444453648386,-0.150514,1.06085,-1.74432,0.217449,1.34511,-1.80284,0.0653194,1.25644,-2.08659,-0.048895,1.42747,-1.8223,0,0,0,0,0,0,0,0,0,0,0,0,0,0,0,0,0,0,0,0,0,0,0,0
1770178444473722051,-0.153287,1.05827,-1.74174,0.219429,1.34325,-1.80112,0.0676643,1.25425,-2.08444,-0.0491756,1.427,-1.82291,0,0,0,0,0,0,0,0,0,0,0,0,0,0,0,0,0,0,0,0,0,0,0,0
1770178444493793988,-0.150542,1.06083,-1.7443,0.217395,1.34516,-1.80289,0.0652446,1.25651,-2.08666,-0.0488799,1.42751,-1.82224,0,0,0,0,0,0,0,0,0,0,0,0,0,0,0,0,0,0,0,0,0,0,0,0
1770178444513880389,-0.153256,1.0583,-1.74177,0.21949,1.34319,-1.80106,0.0677215,1.2542,-2.08439,-0.0491917,1.42695,-1.82298,0,0,0,0,0,0,0,0,0,0,0,0,0,0,0,0,0,0,0,0,0,0,0,0
1770178444533965254,-0.150564,1.06081,-1.74428,0.217344,1.34521,-1.80293,0.0651773,1.25658,-2.08672,-0.0488638,1.42756,-1.82218,0,0,0,0,0,0,0,0,0,0,0,0,0,0,0,0,0,0,0,0,0,0,0,0
1770178444554048615,-0.153231,1.05832,-1.7418,0.219547,1.34313,-1.80101,0.0677672,1.25415,-2.08434,-0.049209,1.4269,-1.82306,0,0,0,0,0,0,0,0,0,0,0,0,0,0,0,0,0,0,0,0,0,0,0,0
1770178444574126248,-0.150581,1.06079,-1.74426,0.217296,1.34525,-1.80297,0.0651231,1.25663,-2.08677,-0.0488467,1.42762,-1.8221,0,0,0,0,0,0,0,0,0,0,0,0,0,0,0,0,0,0,0,0,0,0,0,0
1770178444594205833,-0.153212,1.05834,-1.74182,0.2196,1.34308,-1.80096,0.0677822,1.25412,-2.08432,-0.0492274,1.42684,-1.82315,0,0,0,0,0,0,0,0,0,0,0,0,0,0,0,0,0,0,0,0,0,0,0,0
1770178444614277034,-0.150595,1.06078,-1.74425,0.217253,1.34529,-1.80301,0.0651033,1.25666,-2.0868,-0.0488282,1.42768,-1.822,0,0,0,0,0,0,0,0,0,0,0,0,0,0,0,0,0,0,0,0,0,0,0,0
1770178444634352235,-0.153196,1.05836,-1.74183,0.219648,1.34303,-1.80092,0.0676901,1.25414,-2.08437,-0.0492475,1.42677,-1.82325,0,0,0,0,0,0,0,0,0,0,0,0,0,0,0,0,0,0,0,0,0,0,0,0
1770178444654429644,-0.150606,1.06077,-1.74424,0.217214,1.34533,-1.80304,0.0652001,1.25662,-2.08675,-0.0488045,1.42774,-1.82191,0,0,0,0,0,0,0,0,0,0,0,0,0,0,0,0,0,0,0,0,0,0,0,0
1770178444674501388,-0.153184,1.05837,-1.74184,0.219691,1.34299,-1.80088,0.0677711,1.25413,-2.08433,-0.0492726,1.4267,-1.82336,0,0,0,0,0,0,0,0,0,0,0,0,0,0,0,0,0,0,0,0,0,0,0,0
1770178444694546637,-0.150616,1.06076,-1.74423,0.21718,1.34536,-1.80307,0.0651153,1.25665,-2.08679,-0.0480213,1.4287,-1.82554,0,0,0,0,0,0,0,0,0,0,0,0,0,0,0,0,0,0,0,0,0,0,0,0
1770178444714626926,-0.153173,1.05838,-1.74185,0.219728,1.34295,-1.80085,0.0677744,1.25412,-2.08432,-0.0498392,1.42686,-1.82374,0,0,0,0,0,0,0,0,0,0,0,0,0,0,0,0,0,0,0,0,0,0,0,0
1770178444734707919,-0.150623,1.06075,-1.74422,0.217151,1.34538,-1.80309,0.0651104,1.25666,-2.0868,-0.0480201,1.42885,-1.82554,0,0,0,0,0,0,0,0,0,0,0,0,0,0,0,0,0,0,0,0,0,0,0,0
1770178444754782576,-0.153165,1.05839,-1.74186,0.21976,1.34292,-1.80082,0.0677594,1.25412,-2.08433,-0.0498928,1.42672,-1.82375,0,0,0,0,0,0,0,0,0,0,0,0,0,0,0,0,0,0,0,0,0,0,0,0
1770178444774858193,-0.15063,1.06075,-1.74422,0.217126,1.3454,-1.80311,0.0651258,1.25666,-2.08679,-0.0479577,1.42899,-1.82547,0,0,0,0,0,0,0,0,0,0,0,0,0,0,0,0,0,0,0,0,0,0,0,0
1770178444794934033,-0.153158,1.05839,-1.74187,0.219788,1.34289,-1.80079,0.0677903,1.25411,-2.08431,-0.0499579,1.42657,-1.82382,0,0,0,0,0,0,0,0,0,0,0,0,0,0,0,0,0,0,0,0,0,0,0,0
1770178444815009010,-0.150635,1.06074,-1.74421,0.217106,1.34542,-1.80313,0.0650925,1.25667,-2.08681,-0.0478976,1.42915,-1.82534,0,0,0,0,0,0,0,0,0,0,0,0,0,0,0,0,0,0,0,0,0,0,0,0
1770178444835087091,-0.153152,1.0584,-1.74187,0.21981,1.34287,-1.80077,0.0636652,1.25396,-2.08393,-0.0500137,1.42639,-1.82395,0,0,0,0,0,0,0,0,0,0,0,0,0,0,0,0,0,0,0,0,0,0,0,0
1770178444855166548,-0.150639,1.06074,-1.74421,0.217089,1.34544,-1.80314,0.0637429,1.25692,-2.08705,-0.0478426,1.42934,-1.82513,0,0,0,0,0,0,0,0,0,0,0,0,0,0,0,0,0,0,0,0,0,0,0,0
1770178444875242837,-0.153147,1.0584,-1.74188,0.219829,1.34285,-1.80075,0.0629506,1.25939,-2.08943,-0.0500467,1.42619,-1.82417,0,0,0,0,0,0,0,0,0,0,0,0,0,0,0,0,0,0,0,0,0,0,0,0
1770178444895321814,-0.150643,1.06074,-1.74421,0.217076,1.34545,-1.80315,0.0643604,1.25711,-2.08732,-0.0485168,1.42289,-1.82632,0,0,0,0,0,0,0,0,0,0,0,0,0,0,0,0,0,0,0,0,0,0,0,0
1770178444915400023,-0.153143,1.05841,-1.74188,0.219844,1.34284,-1.80074,0.0626993,1.2593,-2.08947,-0.0495884,1.42598,-1.82364,0,0,0,0,0,0,0,0,0,0,0,0,0,0,0,0,0,0,0,0,0,0,0,0
1770178444935476536,-0.150646,1.06073,-1.7442,0.217065,1.34546,-1.80316,0.0645727,1.25713,-2.08728,-0.0488144,1.42266,-1.82612,0,0,0,0,0,0,0,0,0,0,0,0,0,0,0,0,0,0,0,0,0,0,0,0
1770178444955560729,-0.15314,1.05841,-1.74189,0.219856,1.34283,-1.80073,0.0625958,1.25934,-2.08952,-0.0491349,1.42616,-1.82367,0,0,0,0,0,0,0,0,0,0,0,0,0,0,0,0,0,0,0,0,0,0,0,0
1770178444975638490,-0.150648,1.06073,-1.7442,0.217056,1.34547,-1.80317,0.0646723,1.25708,-2.08722,-0.0493171,1.42258,-1.82606,0,0,0,0,0,0,0,0,0,0,0,0,0,0,0,0,0,0,0,0,0,0,0,0
1770178444995711355,-0.153137,1.05841,-1.74189,0.219865,1.34282,-1.80072,0.0625324,1.25939,-2.08957,-0.0485284,1.42634,-1.82381,0,0,0,0,0,0,0,0,0,0,0,0,0,0,0,0,0,0,0,0,0,0,0,0
1770178445015784636,-0.150651,1.06073,-1.7442,0.21705,1.34547,-1.80317,0.0647405,1.25702,-2.08716,-0.0481871,1.42881,-1.8248,0,0,0,0,0,0,0,0,0,0,0,0,0,0,0,0,0,0,0,0,0,0,0,0
1770178445035866589,-0.153135,1.05842,-1.74189,0.219872,1.34281,-1.80071,0.0624824,1.25944,-2.08962,-0.0496116,1.42672,-1.82457,0,0,0,0,0,0,0,0,0,0,0,0,0,0,0,0,0,0,0,0,0,0,0,0
1770178445055945918,-0.150652,1.06073,-1.7442,0.217044,1.34548,-1.80318,0.0647961,1.25696,-2.0871,-0.0481822,1.42909,-1.82455,0,0,0,0,0,0,0,0,0,0,0,0,0,0,0,0,0,0,0,0,0,0,0,0
1770178445076018719,-0.153133,1.05842,-1.74189,0.219878,1.3428,-1.80071,0.0624417,1.25948,-2.08966,-0.0496329,1.42643,-1.82489,0,0,0,0,0,0,0,0,0,0,0,0,0,0,0,0,0,0,0,0,0,0,0,0
1770178445096098016,-0.150654,1.06073,-1.7442,0.217041,1.34548,-1.80318,0.0648416,1.25692,-2.08705,-0.0480982,1.42937,-1.82413,0,0,0,0,0,0,0,0,0,0,0,0,0,0,0,0,0,0,0,0,0,0,0,0
1770178445116173985,-0.153131,1.05842,-1.74189,0.219882,1.3428,-1.80071,0.0624123,1.25951,-2.08969,-0.0496168,1.42609,-1.82537,0,0,0,0,0,0,0,0,0,0,0,0,0,0,0,0,0,0,0,0,0,0,0,0
1770178445136256066,-0.150655,1.06072,-1.7442,0.217037,1.34549,-1.80318,0.0648734,1.25689,-2.08701,-0.0492102,1.42332,-1.82614,0,0,0,0,0,0,0,0,0,0,0,0,0,0,0,0,0,0,0,0,0,0,0,0
1770178445156333795,-0.15313,1.05842,-1.7419,0.219886,1.3428,-1.8007,0.0624057,1.25952,-2.08967,-0.0488662,1.42566,-1.82414,0,0,0,0,0,0,0,0,0,0,0,0,0,0,0,0,0,0,0,0,0,0,0,0
1770178445176411012,-0.150656,1.06072,-1.74419,0.217035,1.34549,-1.80318,0.0648748,1.25689,-2.08702,-0.0495884,1.42286,-1.82582,0,0,0,0,0,0,0,0,0,0,0,0,0,0,0,0,0,0,0,0,0,0,0,0
1770178445196489637,-0.153129,1.05842,-1.7419,0.219888,1.34279,-1.8007,0.0624005,1.25952,-2.08968,-0.0482354,1.42604,-1.8241,0,0,0,0,0,0,0,0,0,0,0,0,0,0,0,0,0,0,0,0,0,0,0,0
1770178445216566214,-0.150657,1.06072,-1.74419,0.217033,1.34549,-1.80319,0.064883,1.25688,-2.08701,-0.0504132,1.42258,-1.82595,0,0,0,0,0,0,0,0,0,0,0,0,0,0,0,0,0,0,0,0,0,0,0,0
1770178445236647559,-0.153128,1.05842,-1.7419,0.21989,1.34279,-1.8007,0.0624084,1.25951,-2.08965,-0.0525454,1.42474,-1.82358,0,0,0,0,0,0,0,0,0,0,0,0,0,0,0,0,0,0,0,0,0,0,0,0
1770178445256723336,-0.150658,1.06072,-1.74419,0.217032,1.34549,-1.80319,0.0648685,1.25691,-2.08703,-0.0510477,1.42357,-1.82653,0,0,0,0,0,0,0,0,0,0,0,0,0,0,0,0,0,0,0,0,0,0,0,0
1770178445276801641,-0.153127,1.05842,-1.7419,0.219891,1.34279,-1.8007,0.0624006,1.25952,-2.08969,-0.0526108,1.42479,-1.82398,0,0,0,0,0,0,0,0,0,0,0,0,0,0,0,0,0,0,0,0,0,0,0,0
1770178445296882474,-0.150658,1.06072,-1.74419,0.217031,1.34549,-1.80319,0.0648847,1.25688,-2.08701,-0.0510965,1.42374,-1.82649,0,0,0,0,0,0,0,0,0,0,0,0,0,0,0,0,0,0,0,0,0,0,0,0
1770178445316967819,-0.153126,1.05842,-1.7419,0.219893,1.34279,-1.8007,0.0624193,1.2595,-2.08961,-0.0526315,1.42472,-1.82415,0,0,0,0,0,0,0,0,0,0,0,0,0,0,0,0,0,0,0,0,0,0,0,0
1770178445337048940,-0.150659,1.06072,-1.74419,0.21703,1.34549,-1.80319,0.064851,1.25693,-2.08705,-0.0510914,1.42383,-1.82641,0,0,0,0,0,0,0,0,0,0,0,0,0,0,0,0,0,0,0,0,0,0,0,0
1770178445357160941,-0.153125,1.05843,-1.7419,0.219893,1.34279,-1.8007,0.0624104,1.25951,-2.08969,-0.0526536,1.42466,-1.82426,0,0,0,0,0,0,0,0,0,0,0,0,0,0,0,0,0,0,0,0,0,0,0,0
1770178445377235374,-0.150659,1.06072,-1.74419,0.21703,1.34549,-1.80319,0.0648751,1.25689,-2.08702,-0.0510731,1.4239,-1.82635,0,0,0,0,0,0,0,0,0,0,0,0,0,0,0,0,0,0,0,0,0,0,0,0
1770178445397314831,-0.153125,1.05843,-1.7419,0.219894,1.34279,-1.80069,0.0624041,1.25952,-2.08967,-0.0526796,1.4246,-1.82435,0,0,0,0,0,0,0,0,0,0,0,0,0,0,0,0,0,0,0,0,0,0,0,0
1770178445417393552,-0.15066,1.06072,-1.74419,0.217029,1.34549,-1.80319,0.064877,1.25689,-2.08702,-0.0510474,1.42395,-1.82629,0,0,0,0,0,0,0,0,0,0,0,0,0,0,0,0,0,0,0,0,0,0,0,0
1770178445437473681,-0.153125,1.05843,-1.7419,0.219894,1.34279,-1.80069,0.0624009,1.25952,-2.08968,-0.0527088,1.42455,-1.82443,0,0,0,0,0,0,0,0,0,0,0,0,0,0,0,0,0,0,0,0,0,0,0,0
1770178445457551314,-0.15066,1.06072,-1.74419,0.217029,1.34549,-1.80319,0.0648816,1.25689,-2.08701,-0.0510166,1.42401,-1.82625,0,0,0,0,0,0,0,0,0,0,0,0,0,0,0,0,0,0,0,0,0,0,0,0
1770178445477629907,-0.153124,1.05843,-1.7419,0.219895,1.34279,-1.80069,0.0624047,1.25952,-2.08966,-0.0527403,1.4245,-1.82449,0,0,0,0,0,0,0,0,0,0,0,0,0,0,0,0,0,0,0,0,0,0,0,0
1770178445497708116,-0.15066,1.06072,-1.74419,0.217029,1.34549,-1.80319,0.0648746,1.2569,-2.08702,-0.050982,1.42405,-1.8262,0,0,0,0,0,0,0,0,0,0,0,0,0,0,0,0,0,0,0,0,0,0,0,0
1770178445517789621,-0.153124,1.05843,-1.7419,0.219895,1.34279,-1.80069,0.0623996,1.25952,-2.08969,-0.0527734,1.42446,-1.82454,0,0,0,0,0,0,0,0,0,0,0,0,0,0,0,0,0,0,0,0,0,0,0,0
1770178445537868662,-0.15066,1.06072,-1.74419,0.217029,1.34549,-1.80319,0.0648846,1.25688,-2.08701,-0.0509446,1.42409,-1.82616,0,0,0,0,0,0,0,0,0,0,0,0,0,0,0,0,0,0,0,0,0,0,0,0
1770178445557949559,-0.153124,1.05843,-1.7419,0.219895,1.34279,-1.80069,0.0624132,1.2595,-2.08963,-0.0528077,1.42442,-1.82459,0,0,0,0,0,0,0,0,0,0,0,0,0,0,0,0,0,0,0,0,0,0,0,0
1770178445578030584,-0.150661,1.06072,-1.74419,0.217029,1.34549,-1.80319,0.0648605,1.25692,-2.08704,-0.0509054,1.42413,-1.82613,0,0,0,0,0,0,0,0,0,0,0,0,0,0,0,0,0,0,0,0,0,0,0,0
1770178445598109113,-0.153123,1.05843,-1.7419,0.219895,1.34279,-1.80069,0.0624044,1.25952,-2.08969,-0.0528423,1.42438,-1.82463,0,0,0,0,0,0,0,0,0,0,0,0,0,0,0,0,0,0,0,0,0,0,0,0
1770178445618188890,-0.150661,1.06072,-1.74419,0.217028,1.34549,-1.80319,0.0648814,1.25688,-2.08701,-0.0508652,1.42417,-1.8261,0,0,0,0,0,0,0,0,0,0,0,0,0,0,0,0,0,0,0,0,0,0,0,0
1770178445638267067,-0.153123,1.05843,-1.7419,0.219895,1.34279,-1.80069,0.0624117,1.25951,-2.08964,-0.0528769,1.42434,-1.82466,0,0,0,0,0,0,0,0,0,0,0,0,0,0,0,0,0,0,0,0,0,0,0,0
1770178445658346524,-0.150661,1.06072,-1.74419,0.217028,1.34549,-1.80319,0.0648636,1.25691,-2.08704,-0.0508249,1.42421,-1.82607,0,0,0,0,0,0,0,0,0,0,0,0,0,0,0,0,0,0,0,0,0,0,0,0
1770178445678427101,-0.153123,1.05843,-1.7419,0.219896,1.34279,-1.80069,0.0624027,1.25952,-2.08969,-0.0529108,1.42431,-1.8247,0,0,0,0,0,0,0,0,0,0,0,0,0,0,0,0,0,0,0,0,0,0,0,0
1770178445698504062,-0.150661,1.06072,-1.74419,0.217028,1.34549,-1.80319,0.064883,1.25688,-2.08701,-0.050785,1.42424,-1.82604,0,0,0,0,0,0,0,0,0,0,0,0,0,0,0,0,0,0,0,0,0,0,0,0
1770178445718581215,-0.153123,1.05843,-1.7419,0.219896,1.34279,-1.80069,0.0624155,1.2595,-2.08963,-0.0529436,1.42428,-1.82473,0,0,0,0,0,0,0,0,0,0,0,0,0,0,0,0,0,0,0,0,0,0,0,0
1770178445738653184,-0.150661,1.06072,-1.74419,0.217028,1.34549,-1.80319,0.0648573,1.25692,-2.08705,-0.0507462,1.42427,-1.82601,0,0,0,0,0,0,0,0,0,0,0,0,0,0,0,0,0,0,0,0,0,0,0,0
1770178445758727745,-0.153123,1.05843,-1.7419,0.219896,1.34279,-1.80069,0.0624062,1.25951,-2.08969,-0.0529749,1.42424,-1.82476,0,0,0,0,0,0,0,0,0,0,0,0,0,0,0,0,0,0,0,0,0,0,0,0
1770178445778804002,-0.150661,1.06072,-1.74419,0.217028,1.34549,-1.80319,0.0648795,1.25688,-2.08701,-0.0507092,1.4243,-1.82599,0,0,0,0,0,0,0,0,0,0,0,0,0,0,0,0,0,0,0,0,0,0,0,0
1770178445798882147,-0.153123,1.05843,-1.7419,0.219896,1.34279,-1.80069,0.0624086,1.25951,-2.08965,-0.0530042,1.42421,-1.82479,0,0,0,0,0,0,0,0,0,0,0,0,0,0,0,0,0,0,0,0,0,0,0,0
1770178445818962564,-0.150661,1.06072,-1.74419,0.217028,1.34549,-1.80319,0.0648689,1.2569,-2.08703,-0.0506745,1.42433,-1.82596,0,0,0,0,0,0,0,0,0,0,0,0,0,0,0,0,0,0,0,0,0,0,0,0
1770178445839043333,-0.153123,1.05843,-1.7419,0.219896,1.34279,-1.80069,0.0624005,1.25952,-2.08969,-0.0530314,1.42419,-1.82481,0,0,0,0,0,0,0,0,0,0,0,0,0,0,0,0,0,0,0,0,0,0,0,0
1770178445859123622,-0.150661,1.06072,-1.74419,0.217028,1.34549,-1.80319,0.0648847,1.25688,-2.08701,-0.0506424,1.42436,-1.82594,0,0,0,0,0,0,0,0,0,0,0,0,0,0,0,0,0,0,0,0,0,0,0,0
1770178445879201959,-0.153123,1.05843,-1.7419,0.219896,1.34279,-1.80069,0.0624187,1.2595,-2.08962,-0.0530561,1.42416,-1.82484,0,0,0,0,0,0,0,0,0,0,0,0,0,0,0,0,0,0,0,0,0,0,0,0
1770178445899281352,-0.150661,1.06072,-1.74419,0.217028,1.34549,-1.80319,0.0648519,1.25693,-2.08705,-0.0506134,1.42438,-1.82592,0,0,0,0,0,0,0,0,0,0,0,0,0,0,0,0,0,0,0,0,0,0,0,0
1770178445919358089,-0.153123,1.05843,-1.7419,0.219896,1.34279,-1.80069,0.0624097,1.25951,-2.08969,-0.0530782,1.42413,-1.82487,0,0,0,0,0,0,0,0,0,0,0,0,0,0,0,0,0,0,0,0,0,0,0,0
1770178445939432330,-0.150661,1.06072,-1.74419,0.217028,1.34549,-1.80319,0.0648758,1.25689,-2.08701,-0.0505875,1.42441,-1.82589,0,0,0,0,0,0,0,0,0,0,0,0,0,0,0,0,0,0,0,0,0,0,0,0
1770178445959510122,-0.153123,1.05843,-1.7419,0.219896,1.34279,-1.80069,0.0624046,1.25952,-2.08967,-0.0530976,1.42411,-1.82489,0,0,0,0,0,0,0,0,0,0,0,0,0,0,0,0,0,0,0,0,0,0,0,0
1770178445979586379,-0.150661,1.06072,-1.74419,0.217028,1.34549,-1.80319,0.0648761,1.25689,-2.08702,-0.0505651,1.42443,-1.82587,0,0,0,0,0,0,0,0,0,0,0,0,0,0,0,0,0,0,0,0,0,0,0,0
1770178445999668396,-0.153123,1.05843,-1.7419,0.219896,1.34279,-1.80069,0.0624005,1.25952,-2.08968,-0.0531143,1.42409,-1.82492,0,0,0,0,0,0,0,0,0,0,0,0,0,0,0,0,0,0,0,0,0,0,0,0
1770178446019744365,-0.150662,1.06072,-1.74419,0.217028,1.34549,-1.80319,0.0648826,1.25688,-2.08701,-0.050546,1.42445,-1.82585,0,0,0,0,0,0,0,0,0,0,0,0,0,0,0,0,0,0,0,0,0,0,0,0
1770178446039824526,-0.153123,1.05843,-1.7419,0.219896,1.34279,-1.80069,0.0624069,1.25951,-2.08965,-0.0531283,1.42407,-1.82494,0,0,0,0,0,0,0,0,0,0,0,0,0,0,0,0,0,0,0,0,0,0,0,0
1770178446059897807,-0.150662,1.06072,-1.74419,0.217028,1.34549,-1.80319,0.0648709,1.2569,-2.08703,-0.0505303,1.42447,-1.82583,0,0,0,0,0,0,0,0,0,0,0,0,0,0,0,0,0,0,0,0,0,0,0,0
1770178446079974224,-0.153123,1.05843,-1.7419,0.219896,1.34279,-1.80069,0.0623999,1.25952,-2.08969,-0.0531398,1.42405,-1.82496,0,0,0,0,0,0,0,0,0,0,0,0,0,0,0,0,0,0,0,0,0,0,0,0
1770178446100048465,-0.150662,1.06072,-1.74419,0.217028,1.34549,-1.80319,0.0648851,1.25688,-2.08701,-0.0505178,1.42449,-1.82581,0,0,0,0,0,0,0,0,0,0,0,0,0,0,0,0,0,0,0,0,0,0,0,0
1770178446120123058,-0.153122,1.05843,-1.7419,0.219896,1.34279,-1.80069,0.0624188,1.2595,-2.08962,-0.053149,1.42404,-1.82499,0,0,0,0,0,0,0,0,0,0,0,0,0,0,0,0,0,0,0,0,0,0,0,0
1770178446140204691,-0.150662,1.06072,-1.74419,0.217028,1.34549,-1.80319,0.0648517,1.25693,-2.08705,-0.0505082,1.42451,-1.82579,0,0,0,0,0,0,0,0,0,0,0,0,0,0,0,0,0,0,0,0,0,0,0,0
1770178446160284436,-0.153122,1.05843,-1.7419,0.219896,1.34279,-1.80069,0.0624099,1.25951,-2.08969,-0.0531563,1.42402,-1.82501,0,0,0,0,0,0,0,0,0,0,0,0,0,0,0,0,0,0,0,0,0,0,0,0
1770178446180366901,-0.150662,1.06072,-1.74419,0.217028,1.34549,-1.80319,0.0648756,1.25689,-2.08701,-0.050501,1.42453,-1.82578,0,0,0,0,0,0,0,0,0,0,0,0,0,0,0,0,0,0,0,0,0,0,0,0
1770178446200454134,-0.153122,1.05843,-1.7419,0.219896,1.34279,-1.80069,0.0624044,1.25952,-2.08967,-0.0531619,1.42401,-1.82503,0,0,0,0,0,0,0,0,0,0,0,0,0,0,0,0,0,0,0,0,0,0,0,0
1770178446220533463,-0.150662,1.06072,-1.74419,0.217028,1.34549,-1.80319,0.0648764,1.25689,-2.08702,-0.0504958,1.42455,-1.82576,0,0,0,0,0,0,0,0,0,0,0,0,0,0,0,0,0,0,0,0,0,0,0,0
1770178446240604344,-0.153122,1.05843,-1.7419,0.219896,1.34279,-1.80069,0.0624006,1.25952,-2.08968,-0.0531662,1.424,-1.82506,0,0,0,0,0,0,0,0,0,0,0,0,0,0,0,0,0,0,0,0,0,0,0,0
1770178446260683929,-0.150662,1.06072,-1.74419,0.217028,1.34549,-1.80319,0.0648823,1.25688,-2.08701,-0.0504922,1.42456,-1.82574,0,0,0,0,0,0,0,0,0,0,0,0,0,0,0,0,0,0,0,0,0,0,0,0
1770178446280761434,-0.153122,1.05843,-1.7419,0.219896,1.34279,-1.80069,0.0624061,1.25951,-2.08966,-0.0531696,1.42399,-1.82508,0,0,0,0,0,0,0,0,0,0,0,0,0,0,0,0,0,0,0,0,0,0,0,0
1770178446300845435,-0.150662,1.06072,-1.74419,0.217028,1.34549,-1.80319,0.0648722,1.2569,-2.08703,-0.0504896,1.42458,-1.82572,0,0,0,0,0,0,0,0,0,0,0,0,0,0,0,0,0,0,0,0,0,0,0,0
1770178446320923484,-0.153122,1.05843,-1.7419,0.219896,1.34279,-1.80069,0.0623997,1.25952,-2.08969,-0.0531724,1.42398,-1.8251,0,0,0,0,0,0,0,0,0,0,0,0,0,0,0,0,0,0,0,0,0,0,0,0
1770178446341002461,-0.150662,1.06072,-1.74419,0.217028,1.34549,-1.80319,0.0648851,1.25688,-2.08701,-0.0504878,1.42459,-1.82571,0,0,0,0,0,0,0,0,0,0,0,0,0,0,0,0,0,0,0,0,0,0,0,0
1770178446361079966,-0.153122,1.05843,-1.7419,0.219896,1.34279,-1.80069,0.0624175,1.2595,-2.08962,-0.0531747,1.42397,-1.82512,0,0,0,0,0,0,0,0,0,0,0,0,0,0,0,0,0,0,0,0,0,0,0,0
1770178446381162431,-0.150662,1.06072,-1.74419,0.217028,1.34549,-1.80319,0.0648537,1.25693,-2.08705,-0.0504865,1.4246,-1.82569,0,0,0,0,0,0,0,0,0,0,0,0,0,0,0,0,0,0,0,0,0,0,0,0
1770178446401245792,-0.153122,1.05843,-1.7419,0.219896,1.34279,-1.80069,0.0624086,1.25951,-2.08969,-0.0531767,1.42396,-1.82514,0,0,0,0,0,0,0,0,0,0,0,0,0,0,0,0,0,0,0,0,0,0,0,0
1770178446421323777,-0.150662,1.06072,-1.74419,0.217028,1.34549,-1.80319,0.064877,1.25689,-2.08701,-0.0504855,1.42462,-1.82568,0,0,0,0,0,0,0,0,0,0,0,0,0,0,0,0,0,0,0,0,0,0,0,0
1770178446441407618,0.0681072,0.830359,-1.69234,-0.124671,1.16439,-1.9247,-0.166004,0.684439,-1.80921,0.177886,0.772127,-2.01813,0,0,0,0,0,0,0,0,0,0,0,0,0,0,0,0,0,0,0,0,0,0,0,0
1770178446461489283,0.0743067,0.820414,-1.68446,-0.114001,1.16364,-1.92537,-0.161618,0.668739,-1.80218,0.206552,0.753869,-1.99566,0,0,0,0,0,0,0,0,0,0,0,0,0,0,0,0,0,0,0,0,0,0,0,0
1770178446481571716,0.0725369,0.822403,-1.68652,-0.116524,1.16319,-1.92646,-0.159126,0.666685,-1.80005,0.20488,0.752096,-1.99331,0,0,0,0,0,0,0,0,0,0,0,0,0,0,0,0,0,0,0,0,0,0,0,0
1770178446501657925,0.0745484,0.820455,-1.68458,-0.115498,1.16444,-1.92687,-0.161453,0.669079,-1.80245,0.206849,0.754073,-1.99537,0,0,0,0,0,0,0,0,0,0,0,0,0,0,0,0,0,0,0,0,0,0,0,0
1770178446521737542,0.0724733,0.822532,-1.68666,-0.116399,1.16313,-1.92616,-0.159041,0.66663,-1.80002,0.204797,0.75198,-1.99329,0,0,0,0,0,0,0,0,0,0,0,0,0,0,0,0,0,0,0,0,0,0,0,0
1770178446541826440,0.0746439,0.820382,-1.68451,-0.115434,1.16441,-1.92699,-0.161518,0.669156,-1.80253,0.206926,0.754157,-1.99545,0,0,0,0,0,0,0,0,0,0,0,0,0,0,0,0,0,0,0,0,0,0,0,0
1770178446561905577,0.0723791,0.822629,-1.68676,-0.116456,1.16311,-1.92606,-0.15899,0.666579,-1.79997,0.204732,0.751913,-1.99322,0,0,0,0,0,0,0,0,0,0,0,0,0,0,0,0,0,0,0,0,0,0,0,0
1770178446581990570,0.0747198,0.820305,-1.68443,-0.115382,1.16443,-1.92707,-0.161576,0.669215,-1.80259,0.207001,0.754233,-1.99553,0,0,0,0,0,0,0,0,0,0,0,0,0,0,0,0,0,0,0,0,0,0,0,0
1770178446602064491,0.0722902,0.822716,-1.68685,-0.116512,1.16307,-1.92599,-0.158967,0.666556,-1.79995,0.204673,0.751853,-1.99316,0,0,0,0,0,0,0,0,0,0,0,0,0,0,0,0,0,0,0,0,0,0,0,0
1770178446622137163,0.0747626,0.820244,-1.68438,-0.115329,1.16448,-1.92714,-0.161601,0.669241,-1.80262,0.207069,0.754303,-1.9956,0,0,0,0,0,0,0,0,0,0,0,0,0,0,0,0,0,0,0,0,0,0,0,0
1770178446642213676,0.0722299,0.822772,-1.6869,-0.116571,1.16301,-1.92592,-0.159108,0.66662,-1.80017,0.204621,0.751801,-1.99311,0,0,0,0,0,0,0,0,0,0,0,0,0,0,0,0,0,0,0,0,0,0,0,0
1770178446662287405,0.075301,0.825651,-1.68981,-0.115275,1.16453,-1.9272,-0.16143,0.669076,-1.80245,0.207129,0.754364,-1.99566,0,0,0,0,0,0,0,0,0,0,0,0,0,0,0,0,0,0,0,0,0,0,0,0
1770178446682368142,0.0722909,0.822995,-1.68709,-0.116631,1.16294,-1.92585,-0.159049,0.66664,-1.80003,0.204579,0.75176,-1.99307,0,0,0,0,0,0,0,0,0,0,0,0,0,0,0,0,0,0,0,0,0,0,0,0
1770178446702444431,0.0752554,0.825608,-1.68976,-0.11522,1.1646,-1.92725,-0.161507,0.669146,-1.80252,0.207177,0.754413,-1.99571,0,0,0,0,0,0,0,0,0,0,0,0,0,0,0,0,0,0,0,0,0,0,0,0
1770178446722519280,0.0723422,0.823048,-1.68714,-0.116693,1.16288,-1.92579,-0.158997,0.666586,-1.79997,0.204551,0.751734,-1.99304,0,0,0,0,0,0,0,0,0,0,0,0,0,0,0,0,0,0,0,0,0,0,0,0
1770178446742597937,0.0752248,0.825571,-1.68973,-0.115163,1.16466,-1.92731,-0.161568,0.669207,-1.80258,0.207209,0.754445,-1.99574,0,0,0,0,0,0,0,0,0,0,0,0,0,0,0,0,0,0,0,0,0,0,0,0
1770178446762671570,0.0723781,0.823091,-1.68718,-0.116756,1.16281,-1.92572,-0.158967,0.666556,-1.79995,0.204545,0.751735,-1.99303,0,0,0,0,0,0,0,0,0,0,0,0,0,0,0,0,0,0,0,0,0,0,0,0
1770178446782752019,0.0752031,0.82554,-1.6897,-0.115107,1.16472,-1.92736,-0.161602,0.669242,-1.80262,0.207215,0.754451,-1.99575,0,0,0,0,0,0,0,0,0,0,0,0,0,0,0,0,0,0,0,0,0,0,0,0
1770178446802827060,0.0724046,0.823125,-1.68722,-0.11682,1.16273,-1.92565,-0.159133,0.666625,-1.80022,0.204548,0.75174,-1.99303,0,0,0,0,0,0,0,0,0,0,0,0,0,0,0,0,0,0,0,0,0,0,0,0
1770178446822899797,0.0751874,0.825514,-1.68968,-0.115052,1.16479,-1.92742,-0.1614,0.669047,-1.80242,0.207211,0.754447,-1.99574,0,0,0,0,0,0,0,0,0,0,0,0,0,0,0,0,0,0,0,0,0,0,0,0
1770178446842974902,0.0724246,0.823154,-1.68724,-0.116882,1.16267,-1.92559,-0.159071,0.666663,-1.80005,0.204546,0.751736,-1.99303,0,0,0,0,0,0,0,0,0,0,0,0,0,0,0,0,0,0,0,0,0,0,0,0
1770178446863052119,0.0751759,0.825491,-1.68966,-0.114999,1.16485,-1.92747,-0.161482,0.66912,-1.80249,0.207214,0.75445,-1.99574,0,0,0,0,0,0,0,0,0,0,0,0,0,0,0,0,0,0,0,0,0,0,0,0
1770178446883134744,0.0724399,0.823178,-1.68727,-0.116942,1.1626,-1.92552,-0.159015,0.666604,-1.79999,0.204547,0.751739,-1.99303,0,0,0,0,0,0,0,0,0,0,0,0,0,0,0,0,0,0,0,0,0,0,0,0
1770178446903210105,0.0751677,0.825471,-1.68964,-0.114949,1.1649,-1.92752,-0.161548,0.669186,-1.80256,0.207212,0.754448,-1.99574,0,0,0,0,0,0,0,0,0,0,0,0,0,0,0,0,0,0,0,0,0,0,0,0
1770178446923283161,0.0724518,0.823199,-1.68729,-0.116999,1.16254,-1.92546,-0.158974,0.666562,-1.79995,0.204546,0.751737,-1.99303,0,0,0,0,0,0,0,0,0,0,0,0,0,0,0,0,0,0,0,0,0,0,0,0
1770178446943358554,0.0751618,0.825454,-1.68963,-0.114902,1.16496,-1.92756,-0.161595,0.669234,-1.80261,0.207213,0.754449,-1.99574,0,0,0,0,0,0,0,0,0,0,0,0,0,0,0,0,0,0,0,0,0,0,0,0
1770178446963433947,0.072461,0.823218,-1.6873,-0.117052,1.16248,-1.9254,-0.158998,0.666577,-1.79999,0.204547,0.751738,-1.99303,0,0,0,0,0,0,0,0,0,0,0,0,0,0,0,0,0,0,0,0,0,0,0,0
1770178446983519036,0.0751577,0.825437,-1.68961,-0.11486,1.165,-1.9276,-0.161563,0.669204,-1.80258,0.207212,0.754448,-1.99574,0,0,0,0,0,0,0,0,0,0,0,0,0,0,0,0,0,0,0,0,0,0,0,0
1770178447003597469,0.0724682,0.823235,-1.68732,-0.117099,1.16243,-1.92535,-0.158968,0.666557,-1.79995,0.204546,0.751738,-1.99303,0,0,0,0,0,0,0,0,0,0,0,0,0,0,0,0,0,0,0,0,0,0,0,0
1770178447023670814,0.0751551,0.825422,-1.6896,-0.114823,1.16505,-1.92764,-0.161601,0.669241,-1.80261,0.207213,0.754449,-1.99574,0,0,0,0,0,0,0,0,0,0,0,0,0,0,0,0,0,0,0,0,0,0,0,0
1770178447043744191,0.0724738,0.82325,-1.68733,-0.117141,1.16238,-1.92531,-0.159085,0.666613,-1.80014,0.204547,0.751738,-1.99303,0,0,0,0,0,0,0,0,0,0,0,0,0,0,0,0,0,0,0,0,0,0,0,0
1770178447063813600,0.0751535,0.825408,-1.68959,-0.114792,1.16508,-1.92767,-0.161457,0.669102,-1.80248,0.207213,0.754449,-1.99574,0,0,0,0,0,0,0,0,0,0,0,0,0,0,0,0,0,0,0,0,0,0,0,0
1770178447083887553,0.0724782,0.823264,-1.68734,-0.117177,1.16234,-1.92527,-0.159029,0.66662,-1.80001,0.204547,0.751738,-1.99303,0,0,0,0,0,0,0,0,0,0,0,0,0,0,0,0,0,0,0,0,0,0,0,0
1770178447103971426,0.0751528,0.825395,-1.68958,-0.114765,1.16511,-1.9277,-0.16153,0.669169,-1.80254,0.207213,0.754449,-1.99574,0,0,0,0,0,0,0,0,0,0,0,0,0,0,0,0,0,0,0,0,0,0,0,0
1770178447124050435,0.0724816,0.823277,-1.68735,-0.117207,1.16231,-1.92523,-0.158983,0.666572,-1.79996,0.204547,0.751738,-1.99303,0,0,0,0,0,0,0,0,0,0,0,0,0,0,0,0,0,0,0,0,0,0,0,0
1770178447144125924,0.0751528,0.825382,-1.68957,-0.114743,1.16513,-1.92772,-0.161585,0.669224,-1.8026,0.207213,0.754449,-1.99574,0,0,0,0,0,0,0,0,0,0,0,0,0,0,0,0,0,0,0,0,0,0,0,0
1770178447164196869,0.0724843,0.823289,-1.68736,-0.117232,1.16228,-1.92521,-0.158972,0.666559,-1.79995,0.204547,0.751738,-1.99303,0,0,0,0,0,0,0,0,0,0,0,0,0,0,0,0,0,0,0,0,0,0,0,0
1770178447184275302,0.0751532,0.82537,-1.68956,-0.114726,1.16515,-1.92774,-0.161595,0.669235,-1.80261,0.207213,0.754449,-1.99574,0,0,0,0,0,0,0,0,0,0,0,0,0,0,0,0,0,0,0,0,0,0,0,0
1770178447204353702,0.0724864,0.823301,-1.68737,-0.117251,1.16226,-1.92519,-0.159003,0.66658,-1.8,0.204547,0.751738,-1.99303,0,0,0,0,0,0,0,0,0,0,0,0,0,0,0,0,0,0,0,0,0,0,0,0
1770178447224421415,0.0751541,0.825359,-1.68955,-0.114714,1.16517,-1.92775,-0.161556,0.669197,-1.80257,0.207213,0.754449,-1.99574,0,0,0,0,0,0,0,0,0,0,0,0,0,0,0,0,0,0,0,0,0,0,0,0
1770178447244504296,0.0724881,0.823312,-1.68738,-0.117266,1.16225,-1.92517,-0.15897,0.666559,-1.79995,0.204547,0.751738,-1.99303,0,0,0,0,0,0,0,0,0,0,0,0,0,0,0,0,0,0,0,0,0,0,0,0
1770178447264578345,0.0751553,0.825348,-1.68954,-0.114704,1.16518,-1.92776,-0.161599,0.669239,-1.80261,0.207213,0.754449,-1.99574,0,0,0,0,0,0,0,0,0,0,0,0,0,0,0,0,0,0,0,0,0,0,0,0
1770178447284657546,0.0724894,0.823323,-1.68739,-0.117276,1.16223,-1.92516,-0.159035,0.666595,-1.80005,0.204547,0.751738,-1.99303,0,0,0,0,0,0,0,0,0,0,0,0,0,0,0,0,0,0,0,0,0,0,0,0
1770178447304737227,0.0751567,0.825337,-1.68953,-0.114698,1.16518,-1.92777,-0.161518,0.66916,-1.80254,0.207213,0.754449,-1.99574,0,0,0,0,0,0,0,0,0,0,0,0,0,0,0,0,0,0,0,0,0,0,0,0
1770178447324813580,0.0724904,0.823334,-1.6874,-0.117283,1.16223,-1.92515,-0.158989,0.666578,-1.79997,0.204547,0.751738,-1.99303,0,0,0,0,0,0,0,0,0,0,0,0,0,0,0,0,0,0,0,0,0,0,0,0
1770178447344892877,0.0751583,0.825326,-1.68953,-0.114694,1.16519,-1.92777,-0.161577,0.669216,-1.80259,0.207213,0.754449,-1.99574,0,0,0,0,0,0,0,0,0,0,0,0,0,0,0,0,0,0,0,0,0,0,0,0
1770178447364967694,0.0724913,0.823344,-1.68741,-0.117288,1.16222,-1.92515,-0.158967,0.666556,-1.79995,0.204547,0.751738,-1.99303,0,0,0,0,0,0,0,0,0,0,0,0,0,0,0,0,0,0,0,0,0,0,0,0
1770178447385046607,0.0751601,0.825315,-1.68952,-0.114692,1.16519,-1.92777,-0.161601,0.669241,-1.80262,0.207213,0.754449,-1.99574,0,0,0,0,0,0,0,0,0,0,0,0,0,0,0,0,0,0,0,0,0,0,0,0
1770178447405125264,0.0724919,0.823355,-1.68742,-0.117291,1.16222,-1.92514,-0.159089,0.666615,-1.80014,0.204547,0.751738,-1.99303,0,0,0,0,0,0,0,0,0,0,0,0,0,0,0,0,0,0,0,0,0,0,0,0
1770178447425202769,0.0751619,0.825305,-1.68951,-0.11469,1.16519,-1.92778,-0.161453,0.669097,-1.80247,0.207213,0.754449,-1.99574,0,0,0,0,0,0,0,0,0,0,0,0,0,0,0,0,0,0,0,0,0,0,0,0
1770178447445285074,0.0724925,0.823365,-1.68743,-0.117293,1.16222,-1.92514,-0.159033,0.666623,-1.80001,0.204547,0.751738,-1.99303,0,0,0,0,0,0,0,0,0,0,0,0,0,0,0,0,0,0,0,0,0,0,0,0
1770178447465362803,0.0751638,0.825294,-1.6895,-0.114689,1.16519,-1.92778,-0.161526,0.669165,-1.80254,0.207213,0.754449,-1.99574,0,0,0,0,0,0,0,0,0,0,0,0,0,0,0,0,0,0,0,0,0,0,0,0
1770178447485442900,0.072493,0.823375,-1.68744,-0.117294,1.16222,-1.92514,-0.158985,0.666574,-1.79996,0.204547,0.751738,-1.99303,0,0,0,0,0,0,0,0,0,0,0,0,0,0,0,0,0,0,0,0,0,0,0,0
1770178447505519861,0.0751658,0.825284,-1.68949,-0.114689,1.16519,-1.92778,-0.161582,0.669221,-1.8026,0.207213,0.754449,-1.99574,0,0,0,0,0,0,0,0,0,0,0,0,0,0,0,0,0,0,0,0,0,0,0,0
1770178447525596182,0.0724934,0.823385,-1.68744,-0.117295,1.16221,-1.92514,-0.15897,0.666558,-1.79995,0.204547,0.751738,-1.99303,0,0,0,0,0,0,0,0,0,0,0,0,0,0,0,0,0,0,0,0,0,0,0,0
1770178447545667447,0.0751678,0.825273,-1.68949,-0.114688,1.16519,-1.92778,-0.161598,0.669238,-1.80261,0.207213,0.754449,-1.99574,0,0,0,0,0,0,0,0,0,0,0,0,0,0,0,0,0,0,0,0,0,0,0,0
1770178447565750904,0.0724938,0.823396,-1.68745,-0.117295,1.16221,-1.92514,-0.159028,0.666592,-1.80004,0.204547,0.751738,-1.99303,0,0,0,0,0,0,0,0,0,0,0,0,0,0,0,0,0,0,0,0,0,0,0,0
1770178447585837113,0.0751699,0.825263,-1.68948,-0.114688,1.16519,-1.92778,-0.161526,0.669168,-1.80254,0.207213,0.754449,-1.99574,0,0,0,0,0,0,0,0,0,0,0,0,0,0,0,0,0,0,0,0,0,0,0,0
1770178447605915034,0.0724942,0.823406,-1.68746,-0.117295,1.16221,-1.92514,-0.158984,0.666573,-1.79996,0.204547,0.751738,-1.99303,0,0,0,0,0,0,0,0,0,0,0,0,0,0,0,0,0,0,0,0,0,0,0,0
1770178447625993819,0.075172,0.825252,-1.68947,-0.114688,1.16519,-1.92778,-0.161583,0.669222,-1.8026,0.207213,0.754449,-1.99574,0,0,0,0,0,0,0,0,0,0,0,0,0,0,0,0,0,0,0,0,0,0,0,0
1770178447646069340,0.0724946,0.823417,-1.68747,-0.117295,1.16221,-1.92514,-0.15897,0.666558,-1.79995,0.204547,0.751738,-1.99303,0,0,0,0,0,0,0,0,0,0,0,0,0,0,0,0,0,0,0,0,0,0,0,0
1770178447666145117,0.0751741,0.825241,-1.68946,-0.114688,1.16519,-1.92778,-0.161597,0.669237,-1.80261,0.207213,0.754449,-1.99574,0,0,0,0,0,0,0,0,0,0,0,0,0,0,0,0,0,0,0,0,0,0,0,0
1770178447686223678,0.072495,0.823428,-1.68748,-0.117295,1.16221,-1.92514,-0.159018,0.666588,-1.80003,0.204547,0.751738,-1.99303,0,0,0,0,0,0,0,0,0,0,0,0,0,0,0,0,0,0,0,0,0,0,0,0
1770178447706297823,0.0751762,0.82523,-1.68945,-0.114688,1.16519,-1.92778,-0.161537,0.669179,-1.80255,0.207213,0.754449,-1.99574,0,0,0,0,0,0,0,0,0,0,0,0,0,0,0,0,0,0,0,0,0,0,0,0
1770178447726369343,0.0724954,0.823439,-1.68749,-0.117296,1.16221,-1.92514,-0.158978,0.666567,-1.79996,0.204547,0.751738,-1.99303,0,0,0,0,0,0,0,0,0,0,0,0,0,0,0,0,0,0,0,0,0,0,0,0
1770178447746444160,0.0751784,0.825218,-1.68944,-0.114688,1.16519,-1.92778,-0.16159,0.669229,-1.8026,0.207213,0.754449,-1.99574,0,0,0,0,0,0,0,0,0,0,0,0,0,0,0,0,0,0,0,0,0,0,0,0
1770178447766517505,0.0724959,0.82345,-1.6875,-0.117296,1.16221,-1.92514,-0.15898,0.666566,-1.79997,0.204547,0.751738,-1.99303,0,0,0,0,0,0,0,0,0,0,0,0,0,0,0,0,0,0,0,0,0,0,0,0
1770178447786596962,0.0751806,0.825206,-1.68944,-0.114688,1.16519,-1.92778,-0.161584,0.669225,-1.8026,0.207213,0.754449,-1.99574,0,0,0,0,0,0,0,0,0,0,0,0,0,0,0,0,0,0,0,0,0,0,0,0
1770178447806675811,0.0724964,0.823462,-1.68751,-0.117296,1.16221,-1.92514,-0.158973,0.66656,-1.79996,0.204547,0.751738,-1.99303,0,0,0,0,0,0,0,0,0,0,0,0,0,0,0,0,0,0,0,0,0,0,0,0
1770178447826754788,0.0751828,0.825194,-1.68943,-0.114688,1.16519,-1.92778,-0.161594,0.669234,-1.80261,0.207213,0.754449,-1.99574,0,0,0,0,0,0,0,0,0,0,0,0,0,0,0,0,0,0,0,0,0,0,0,0
1770178447846827653,0.072497,0.823475,-1.68752,-0.117296,1.16221,-1.92514,-0.158995,0.666575,-1.79999,0.204547,0.751738,-1.99303,0,0,0,0,0,0,0,0,0,0,0,0,0,0,0,0,0,0,0,0,0,0,0,0
1770178447866907142,0.075185,0.825182,-1.68942,-0.114688,1.16519,-1.92778,-0.161567,0.669208,-1.80258,0.207213,0.754449,-1.99574,0,0,0,0,0,0,0,0,0,0,0,0,0,0,0,0,0,0,0,0,0,0,0,0
1770178447886986855,0.0724976,0.823487,-1.68753,-0.117296,1.16221,-1.92514,-0.158967,0.666556,-1.79995,0.204547,0.751738,-1.99303,0,0,0,0,0,0,0,0,0,0,0,0,0,0,0,0,0,0,0,0,0,0,0,0
1770178447907058536,0.0751873,0.825168,-1.68941,-0.114688,1.16519,-1.92778,-0.161602,0.669241,-1.80262,0.207213,0.754449,-1.99574,0,0,0,0,0,0,0,0,0,0,0,0,0,0,0,0,0,0,0,0,0,0,0,0
1770178447927133353,0.0724983,0.823501,-1.68754,-0.117296,1.16221,-1.92514,-0.159109,0.66662,-1.80017,0.204547,0.751738,-1.99303,0,0,0,0,0,0,0,0,0,0,0,0,0,0,0,0,0,0,0,0,0,0,0,0
1770178447947208106,0.0751896,0.825155,-1.6894,-0.114688,1.16519,-1.92778,-0.161429,0.669075,-1.80245,0.207213,0.754449,-1.99574,0,0,0,0,0,0,0,0,0,0,0,0,0,0,0,0,0,0,0,0,0,0,0,0
1770178447967282154,0.0724991,0.823515,-1.68755,-0.117296,1.16221,-1.92514,-0.15905,0.666641,-1.80003,0.204547,0.751738,-1.99303,0,0,0,0,0,0,0,0,0,0,0,0,0,0,0,0,0,0,0,0,0,0,0,0
1770178447987359659,0.0751919,0.82514,-1.68938,-0.114688,1.16519,-1.92778,-0.161507,0.669145,-1.80252,0.207213,0.754449,-1.99574,0,0,0,0,0,0,0,0,0,0,0,0,0,0,0,0,0,0,0,0,0,0,0,0
1770178448007435628,0.0724999,0.823529,-1.68756,-0.117296,1.16221,-1.92514,-0.158998,0.666587,-1.79997,0.204547,0.751738,-1.99303,0,0,0,0,0,0,0,0,0,0,0,0,0,0,0,0,0,0,0,0,0,0,0,0
1770178448027510829,0.0751943,0.825125,-1.68937,-0.114688,1.16519,-1.92778,-0.161567,0.669206,-1.80258,0.207213,0.754449,-1.99574,0,0,0,0,0,0,0,0,0,0,0,0,0,0,0,0,0,0,0,0,0,0,0,0
1770178448047588590,0.0725009,0.823545,-1.68757,-0.117296,1.16221,-1.92514,-0.158967,0.666556,-1.79995,0.204547,0.751738,-1.99303,0,0,0,0,0,0,0,0,0,0,0,0,0,0,0,0,0,0,0,0,0,0,0,0
1770178448067673711,0.0751967,0.82511,-1.68936,-0.114688,1.16519,-1.92778,-0.161602,0.669242,-1.80262,0.207213,0.754449,-1.99574,0,0,0,0,0,0,0,0,0,0,0,0,0,0,0,0,0,0,0,0,0,0,0,0
1770178448087758000,0.072502,0.823561,-1.68759,-0.117296,1.16221,-1.92514,-0.159128,0.666624,-1.80021,0.204547,0.751738,-1.99303,0,0,0,0,0,0,0,0,0,0,0,0,0,0,0,0,0,0,0,0,0,0,0,0
1770178448107835313,0.0751992,0.825093,-1.68935,-0.114688,1.16519,-1.92778,-0.161406,0.669053,-1.80243,0.207213,0.754449,-1.99574,0,0,0,0,0,0,0,0,0,0,0,0,0,0,0,0,0,0,0,0,0,0,0,0
1770178448127909394,0.0725032,0.823579,-1.6876,-0.117296,1.16221,-1.92514,-0.159067,0.666658,-1.80005,0.204547,0.751738,-1.99303,0,0,0,0,0,0,0,0,0,0,0,0,0,0,0,0,0,0,0,0,0,0,0,0
1770178448147985363,0.0752017,0.825075,-1.68933,-0.114688,1.16519,-1.92778,-0.161487,0.669125,-1.8025,0.207213,0.754449,-1.99574,0,0,0,0,0,0,0,0,0,0,0,0,0,0,0,0,0,0,0,0,0,0,0,0
1770178448168060020,0.0725045,0.823598,-1.68761,-0.117296,1.16221,-1.92514,-0.159011,0.666601,-1.79999,0.204547,0.751738,-1.99303,0,0,0,0,0,0,0,0,0,0,0,0,0,0,0,0,0,0,0,0,0,0,0,0
1770178448188144533,0.0752044,0.825056,-1.68932,-0.114688,1.16519,-1.92778,-0.161552,0.669191,-1.80257,0.207213,0.754449,-1.99574,0,0,0,0,0,0,0,0,0,0,0,0,0,0,0,0,0,0,0,0,0,0,0,0
1770178448208217558,0.072506,0.823618,-1.68763,-0.117296,1.16221,-1.92514,-0.158972,0.666561,-1.79995,0.204547,0.751738,-1.99303,0,0,0,0,0,0,0,0,0,0,0,0,0,0,0,0,0,0,0,0,0,0,0,0
1770178448228298775,0.075207,0.825035,-1.6893,-0.114688,1.16519,-1.92778,-0.161597,0.669236,-1.80261,0.207213,0.754449,-1.99574,0,0,0,0,0,0,0,0,0,0,0,0,0,0,0,0,0,0,0,0,0,0,0,0
1770178448248374296,0.0725077,0.82364,-1.68765,-0.117296,1.16221,-1.92514,-0.159012,0.666584,-1.80002,0.204547,0.751738,-1.99303,0,0,0,0,0,0,0,0,0,0,0,0,0,0,0,0,0,0,0,0,0,0,0,0
1770178448268450137,0.0752098,0.825013,-1.68929,-0.114688,1.16519,-1.92778,-0.161545,0.669187,-1.80256,0.207213,0.754449,-1.99574,0,0,0,0,0,0,0,0,0,0,0,0,0,0,0,0,0,0,0,0,0,0,0,0
1770178448288529946,0.0725096,0.823663,-1.68767,-0.117296,1.16221,-1.92514,-0.158974,0.666563,-1.79995,0.204547,0.751738,-1.99303,0,0,0,0,0,0,0,0,0,0,0,0,0,0,0,0,0,0,0,0,0,0,0,0
1770178448308603675,0.0752127,0.82499,-1.68927,-0.114688,1.16519,-1.92778,-0.161594,0.669234,-1.80261,0.207213,0.754449,-1.99574,0,0,0,0,0,0,0,0,0,0,0,0,0,0,0,0,0,0,0,0,0,0,0,0
1770178448328677468,0.0725117,0.823689,-1.68769,-0.117296,1.16221,-1.92514,-0.158995,0.666575,-1.79999,0.204547,0.751738,-1.99303,0,0,0,0,0,0,0,0,0,0,0,0,0,0,0,0,0,0,0,0,0,0,0,0
1770178448348747996,0.0248602,1.03837,-1.6491,-0.127352,1.02954,-1.5889,0.0907854,1.04678,-1.83102,0.0787361,1.04226,-1.97096,0,0,0,0,0,0,0,0,0,0,0,0,0,0,0,0,0,0,0,0,0,0,0,0
1770178448368824317,0.0229956,1.05058,-1.65184,-0.131172,1.02924,-1.59694,0.098189,1.02549,-1.81651,0.0719213,1.04987,-1.98014,0,0,0,0,0,0,0,0,0,0,0,0,0,0,0,0,0,0,0,0,0,0,0,0
1770178448388902526,0.0208759,1.05067,-1.65218,-0.133634,1.02771,-1.59911,0.100815,1.02265,-1.81983,0.0745937,1.05117,-1.97967,0,0,0,0,0,0,0,0,0,0,0,0,0,0,0,0,0,0,0,0,0,0,0,0
1770178448408979167,0.0234823,1.05067,-1.65155,-0.13119,1.02957,-1.59745,0.0985155,1.02554,-1.81678,0.0720436,1.04986,-1.9802,0,0,0,0,0,0,0,0,0,0,0,0,0,0,0,0,0,0,0,0,0,0,0,0
1770178448429057472,0.0258038,1.05112,-1.65102,-0.133704,1.02778,-1.59912,0.100543,1.02267,-1.8198,0.0745493,1.05118,-1.97969,0,0,0,0,0,0,0,0,0,0,0,0,0,0,0,0,0,0,0,0,0,0,0,0
1770178448449135105,0.0237806,1.05061,-1.6519,-0.131117,1.02954,-1.59751,0.0988217,1.02549,-1.81678,0.072092,1.04986,-1.98019,0,0,0,0,0,0,0,0,0,0,0,0,0,0,0,0,0,0,0,0,0,0,0,0
1770178448469211522,0.0256739,1.05131,-1.65095,-0.133784,1.02783,-1.59906,0.100212,1.02268,-1.81985,0.0745205,1.05118,-1.9797,0,0,0,0,0,0,0,0,0,0,0,0,0,0,0,0,0,0,0,0,0,0,0,0
1770178448489292483,0.0239047,1.05044,-1.65202,-0.13102,1.02949,-1.59759,0.0992241,1.02547,-1.81671,0.0721246,1.04986,-1.98017,0,0,0,0,0,0,0,0,0,0,0,0,0,0,0,0,0,0,0,0,0,0,0,0
1770178448509367204,0.0256113,1.05146,-1.65085,-0.133879,1.02788,-1.59898,0.0997445,1.02265,-1.81997,0.0745,1.05119,-1.97971,0,0,0,0,0,0,0,0,0,0,0,0,0,0,0,0,0,0,0,0,0,0,0,0
1770178448529443237,0.0239543,1.05029,-1.65213,-0.130905,1.02942,-1.59768,0.099824,1.02548,-1.81654,0.072148,1.04986,-1.98016,0,0,0,0,0,0,0,0,0,0,0,0,0,0,0,0,0,0,0,0,0,0,0,0
1770178448549520134,0.0255967,1.05159,-1.65075,-0.128309,1.02845,-1.59863,0.0990759,1.02259,-1.82014,0.0744849,1.05119,-1.97972,0,0,0,0,0,0,0,0,0,0,0,0,0,0,0,0,0,0,0,0,0,0,0,0
1770178448569594023,0.0239562,1.05016,-1.65224,-0.13079,1.0294,-1.5974,0.100699,1.0255,-1.81625,0.0721652,1.04986,-1.98015,0,0,0,0,0,0,0,0,0,0,0,0,0,0,0,0,0,0,0,0,0,0,0,0
1770178448589673736,0.0256151,1.05171,-1.65066,-0.128337,1.02834,-1.59868,0.0997702,1.0248,-1.81539,0.0744736,1.05119,-1.97973,0,0,0,0,0,0,0,0,0,0,0,0,0,0,0,0,0,0,0,0,0,0,0,0
1770178448609751017,0.0239256,1.05003,-1.65234,-0.130761,1.0295,-1.59731,0.0995752,1.02462,-1.81514,0.0721781,1.04985,-1.98015,0,0,0,0,0,0,0,0,0,0,0,0,0,0,0,0,0,0,0,0,0,0,0,0
1770178448629827818,0.0256559,1.05182,-1.65056,-0.128347,1.02825,-1.59875,0.0994961,1.02461,-1.81511,0.0744651,1.0512,-1.97974,0,0,0,0,0,0,0,0,0,0,0,0,0,0,0,0,0,0,0,0,0,0,0,0
1770178448649904875,0.023873,1.04991,-1.65245,-0.130756,1.02959,-1.59723,0.0995103,1.02457,-1.81507,0.072188,1.04985,-1.98014,0,0,0,0,0,0,0,0,0,0,0,0,0,0,0,0,0,0,0,0,0,0,0,0
1770178448669995148,0.0257115,1.05192,-1.65047,-0.128341,1.02817,-1.59882,0.0994781,1.0246,-1.8151,0.0744584,1.0512,-1.97974,0,0,0,0,0,0,0,0,0,0,0,0,0,0,0,0,0,0,0,0,0,0,0,0
1770178448690071853,0.0238062,1.04979,-1.65256,-0.130767,1.02968,-1.59716,0.0995084,1.02457,-1.81507,0.0721956,1.04985,-1.98014,0,0,0,0,0,0,0,0,0,0,0,0,0,0,0,0,0,0,0,0,0,0,0,0
1770178448710151150,0.0257751,1.05201,-1.65038,-0.128324,1.0281,-1.59889,0.099475,1.0246,-1.8151,0.0744533,1.0512,-1.97975,0,0,0,0,0,0,0,0,0,0,0,0,0,0,0,0,0,0,0,0,0,0,0,0
1770178448730225711,0.0237318,1.04969,-1.65266,-0.13079,1.02976,-1.59708,0.0995105,1.02457,-1.81506,0.0722015,1.04985,-1.98014,0,0,0,0,0,0,0,0,0,0,0,0,0,0,0,0,0,0,0,0,0,0,0,0
1770178448750303952,0.0258396,1.05209,-1.65031,-0.128301,1.02804,-1.59895,0.0994724,1.0246,-1.8151,0.0744492,1.05121,-1.97975,0,0,0,0,0,0,0,0,0,0,0,0,0,0,0,0,0,0,0,0,0,0,0,0
1770178448770380145,0.0236592,1.04961,-1.65274,-0.13082,1.02983,-1.59702,0.0995132,1.02456,-1.81506,0.0722063,1.04984,-1.98013,0,0,0,0,0,0,0,0,0,0,0,0,0,0,0,0,0,0,0,0,0,0,0,0
1770178448790456498,0.0258673,1.04735,-1.65049,-0.128275,1.02798,-1.599,0.0994695,1.02461,-1.8151,0.0744459,1.05121,-1.97975,0,0,0,0,0,0,0,0,0,0,0,0,0,0,0,0,0,0,0,0,0,0,0,0
1770178448810533650,0.0235389,1.04965,-1.65285,-0.130852,1.02989,-1.59696,0.0995163,1.02456,-1.81506,0.07221,1.04984,-1.98013,0,0,0,0,0,0,0,0,0,0,0,0,0,0,0,0,0,0,0,0,0,0,0,0
1770178448830607795,0.0259237,1.04727,-1.65041,-0.12825,1.02793,-1.59905,0.0994662,1.02461,-1.81511,0.0744433,1.05121,-1.97976,0,0,0,0,0,0,0,0,0,0,0,0,0,0,0,0,0,0,0,0,0,0,0,0
1770178453863979653,-0.160657,1.39458,-1.7306,-0.0256188,1.36021,-1.68851,0.0206061,0.584513,-2.22437,0.00952437,1.20169,-1.671,0,0,0,0,0,0,0,0,0,0,0,0,0,0,0,0,0,0,0,0,0,0,0,0
1770178453884062726,-0.170198,1.39184,-1.73028,-0.0181306,1.34437,-1.68159,0.0158099,0.609056,-2.21717,0.00550924,1.1867,-1.66074,0,0,0,0,0,0,0,0,0,0,0,0,0,0,0,0,0,0,0,0,0,0,0,0
1770178453904134695,-0.169336,1.38981,-1.72832,-0.0204107,1.34348,-1.68012,0.0171176,0.610119,-2.2182,0.00777458,1.18899,-1.66376,0,0,0,0,0,0,0,0,0,0,0,0,0,0,0,0,0,0,0,0,0,0,0,0
1770178453924213992,-0.171008,1.39133,-1.73002,-0.0205801,1.34418,-1.681,0.0170831,0.609745,-2.21844,0.00526268,1.18659,-1.66121,0,0,0,0,0,0,0,0,0,0,0,0,0,0,0,0,0,0,0,0,0,0,0,0
1770178453944291369,-0.16936,1.38973,-1.72808,-0.020251,1.34346,-1.68017,0.0173877,0.609977,-2.21821,0.0077796,1.18911,-1.66385,0,0,0,0,0,0,0,0,0,0,0,0,0,0,0,0,0,0,0,0,0,0,0,0
1770178453964366409,-0.171125,1.3914,-1.73012,-0.0207017,1.34421,-1.68102,0.0171405,0.609708,-2.21848,0.00467725,1.19198,-1.66658,0,0,0,0,0,0,0,0,0,0,0,0,0,0,0,0,0,0,0,0,0,0,0,0
1770178453984444842,-0.16928,1.38966,-1.72796,-0.0201592,1.34342,-1.68013,0.0174184,0.609985,-2.2182,0.00772358,1.18922,-1.66397,0,0,0,0,0,0,0,0,0,0,0,0,0,0,0,0,0,0,0,0,0,0,0,0
1770178454004518187,-0.171223,1.39149,-1.73023,-0.0207812,1.34426,-1.68107,0.0171308,0.609692,-2.21849,0.00471895,1.19194,-1.66656,0,0,0,0,0,0,0,0,0,0,0,0,0,0,0,0,0,0,0,0,0,0,0,0
1770178454024597164,-0.169197,1.38958,-1.72786,-0.0200909,1.34336,-1.68007,0.0174349,0.61,-2.21819,0.00767913,1.18926,-1.66402,0,0,0,0,0,0,0,0,0,0,0,0,0,0,0,0,0,0,0,0,0,0,0,0
1770178454044677869,-0.171318,1.39159,-1.73033,-0.0208513,1.34433,-1.68115,0.0171153,0.609676,-2.21851,0.00474863,1.19191,-1.66653,0,0,0,0,0,0,0,0,0,0,0,0,0,0,0,0,0,0,0,0,0,0,0,0
1770178454064757646,-0.169119,1.38951,-1.72777,-0.0200274,1.34329,-1.67999,0.0174519,0.610017,-2.21817,0.007647,1.1893,-1.66405,0,0,0,0,0,0,0,0,0,0,0,0,0,0,0,0,0,0,0,0,0,0,0,0
1770178454084833679,-0.171409,1.39168,-1.73042,-0.0209242,1.3444,-1.68123,0.0170979,0.609658,-2.21853,0.00477091,1.19189,-1.66652,0,0,0,0,0,0,0,0,0,0,0,0,0,0,0,0,0,0,0,0,0,0,0,0
1770178454104916496,-0.169049,1.38944,-1.72769,-0.0199612,1.34321,-1.6799,0.0174707,0.610036,-2.21815,0.00762279,1.18932,-1.66407,0,0,0,0,0,0,0,0,0,0,0,0,0,0,0,0,0,0,0,0,0,0,0,0
1770178454124996273,-0.171491,1.39176,-1.73051,-0.0210045,1.34449,-1.68133,0.0170787,0.609638,-2.21855,0.00478804,1.19187,-1.6665,0,0,0,0,0,0,0,0,0,0,0,0,0,0,0,0,0,0,0,0,0,0,0,0
1770178454145077458,-0.168993,1.38938,-1.72763,-0.0198898,1.34312,-1.6798,0.0174914,0.610057,-2.21813,0.00760414,1.18934,-1.66409,0,0,0,0,0,0,0,0,0,0,0,0,0,0,0,0,0,0,0,0,0,0,0,0
1770178454165150739,-0.171557,1.39183,-1.73057,-0.0210936,1.34459,-1.68144,0.0170576,0.609617,-2.21857,0.00480142,1.19186,-1.66649,0,0,0,0,0,0,0,0,0,0,0,0,0,0,0,0,0,0,0,0,0,0,0,0
1770178454185228916,-0.168987,1.38932,-1.7277,-0.0198128,1.34302,-1.67969,0.0175143,0.61008,-2.21811,0.00758955,1.18935,-1.6641,0,0,0,0,0,0,0,0,0,0,0,0,0,0,0,0,0,0,0,0,0,0,0,0
1770178454205310453,-0.171562,1.39183,-1.73058,-0.0211915,1.3447,-1.68156,0.0170343,0.609594,-2.21859,0.004812,1.19185,-1.66648,0,0,0,0,0,0,0,0,0,0,0,0,0,0,0,0,0,0,0,0,0,0,0,0
1770178454225388758,-0.169004,1.38931,-1.72778,-0.0197313,1.34292,-1.67957,0.0175395,0.610106,-2.21808,0.00757801,1.18937,-1.66411,0,0,0,0,0,0,0,0,0,0,0,0,0,0,0,0,0,0,0,0,0,0,0,0
1770178454245464439,-0.17154,1.39181,-1.73055,-0.0212964,1.34482,-1.68168,0.0170088,0.609568,-2.21862,0.00482042,1.19185,-1.66647,0,0,0,0,0,0,0,0,0,0,0,0,0,0,0,0,0,0,0,0,0,0,0,0
1770178454265539544,-0.168974,1.38935,-1.72763,-0.0196472,1.34282,-1.67946,0.0175672,0.610134,-2.21805,0.00756882,1.18937,-1.66412,0,0,0,0,0,0,0,0,0,0,0,0,0,0,0,0,0,0,0,0,0,0,0,0
1770178454285618713,-0.17158,1.39185,-1.7306,-0.0214055,1.34493,-1.6818,0.0169809,0.609539,-2.21865,0.00482717,1.19184,-1.66647,0,0,0,0,0,0,0,0,0,0,0,0,0,0,0,0,0,0,0,0,0,0,0,0
1770178454305697754,-0.168555,1.38864,-1.73396,-0.0195636,1.34271,-1.67934,0.0175977,0.610165,-2.21802,0.00756145,1.18938,-1.66413,0,0,0,0,0,0,0,0,0,0,0,0,0,0,0,0,0,0,0,0,0,0,0,0
1770178454325777019,-0.171572,1.39132,-1.73154,-0.021514,1.34504,-1.68193,0.0169504,0.609509,-2.21868,0.0048326,1.19183,-1.66646,0,0,0,0,0,0,0,0,0,0,0,0,0,0,0,0,0,0,0,0,0,0,0,0
1770178454345854940,-0.168596,1.38878,-1.73377,-0.0194849,1.34262,-1.67924,0.017631,0.610199,-2.21799,0.00755552,1.18939,-1.66413,0,0,0,0,0,0,0,0,0,0,0,0,0,0,0,0,0,0,0,0,0,0,0,0
1770178454365938525,-0.17151,1.39117,-1.73175,-0.0216142,1.34515,-1.68203,0.0169171,0.609475,-2.21871,0.004837,1.19183,-1.66646,0,0,0,0,0,0,0,0,0,0,0,0,0,0,0,0,0,0,0,0,0,0,0,0
1770178454386016254,-0.168645,1.38887,-1.73366,-0.0194181,1.34257,-1.6792,0.0176675,0.610236,-2.21795,0.00755073,1.18939,-1.66414,0,0,0,0,0,0,0,0,0,0,0,0,0,0,0,0,0,0,0,0,0,0,0,0
1770178454406090751,-0.171445,1.39107,-1.73187,-0.021681,1.34521,-1.6821,0.0168811,0.609439,-2.21875,0.00484055,1.19183,-1.66646,0,0,0,0,0,0,0,0,0,0,0,0,0,0,0,0,0,0,0,0,0,0,0,0
1770178454426170848,-0.168693,1.38894,-1.73358,-0.0190642,1.34794,-1.68469,0.0177072,0.610277,-2.21791,0.00754684,1.1894,-1.66414,0,0,0,0,0,0,0,0,0,0,0,0,0,0,0,0,0,0,0,0,0,0,0,0
1770178454446247009,-0.171385,1.391,-1.73196,-0.0214139,1.34562,-1.68247,0.0168421,0.609399,-2.21879,0.00484344,1.19183,-1.66646,0,0,0,0,0,0,0,0,0,0,0,0,0,0,0,0,0,0,0,0,0,0,0,0
1770178454466323874,-0.168737,1.38899,-1.73352,-0.0190806,1.34803,-1.68473,0.0177502,0.610321,-2.21787,0.00754368,1.1894,-1.66415,0,0,0,0,0,0,0,0,0,0,0,0,0,0,0,0,0,0,0,0,0,0,0,0
1770178454486401955,-0.171331,1.39094,-1.73202,-0.0214699,1.34558,-1.68243,0.0168003,0.609357,-2.21883,0.0048458,1.19182,-1.66645,0,0,0,0,0,0,0,0,0,0,0,0,0,0,0,0,0,0,0,0,0,0,0,0
1770178454506475716,-0.168776,1.38903,-1.73348,-0.0190492,1.34807,-1.68476,0.0177966,0.610368,-2.21782,0.00754111,1.1894,-1.66415,0,0,0,0,0,0,0,0,0,0,0,0,0,0,0,0,0,0,0,0,0,0,0,0
1770178454526550213,-0.171284,1.39089,-1.73206,-0.02151,1.34554,-1.68239,0.0167556,0.609312,-2.21887,0.00484771,1.19182,-1.66645,0,0,0,0,0,0,0,0,0,0,0,0,0,0,0,0,0,0,0,0,0,0,0,0
1770178454546637446,-0.16881,1.38906,-1.73345,-0.019019,1.3481,-1.68479,0.0178462,0.610418,-2.21777,0.00753902,1.1894,-1.66415,0,0,0,0,0,0,0,0,0,0,0,0,0,0,0,0,0,0,0,0,0,0,0,0
1770178454566715719,-0.171242,1.39085,-1.7321,-0.0215437,1.3455,-1.68236,0.0167082,0.609264,-2.21892,0.00484928,1.19182,-1.66645,0,0,0,0,0,0,0,0,0,0,0,0,0,0,0,0,0,0,0,0,0,0,0,0
1770178454586792680,-0.168841,1.38909,-1.73342,-0.0189935,1.34813,-1.68481,0.017899,0.610472,-2.21772,0.00753731,1.18941,-1.66415,0,0,0,0,0,0,0,0,0,0,0,0,0,0,0,0,0,0,0,0,0,0,0,0
1770178454606868361,-0.171206,1.39082,-1.73213,-0.0215717,1.34547,-1.68233,0.0166585,0.609214,-2.21897,0.00485055,1.19182,-1.66645,0,0,0,0,0,0,0,0,0,0,0,0,0,0,0,0,0,0,0,0,0,0,0,0
1770178454626943593,-0.168868,1.38911,-1.7334,-0.0189726,1.34815,-1.68483,0.0179547,0.610529,-2.21766,0.00753592,1.18941,-1.66415,0,0,0,0,0,0,0,0,0,0,0,0,0,0,0,0,0,0,0,0,0,0,0,0
1770178454647018986,-0.171174,1.39079,-1.73216,-0.0215945,1.34545,-1.68231,0.0166067,0.609162,-2.21902,0.0048516,1.19182,-1.66645,0,0,0,0,0,0,0,0,0,0,0,0,0,0,0,0,0,0,0,0,0,0,0,0
1770178454667095627,-0.168892,1.38914,-1.73338,-0.0189559,1.34816,-1.68484,0.0180129,0.610589,-2.2176,0.00753478,1.18941,-1.66415,0,0,0,0,0,0,0,0,0,0,0,0,0,0,0,0,0,0,0,0,0,0,0,0
1770178454687177260,-0.171146,1.39077,-1.73218,-0.0216124,1.34543,-1.68229,0.0165533,0.609108,-2.21908,0.00485245,1.19182,-1.66645,0,0,0,0,0,0,0,0,0,0,0,0,0,0,0,0,0,0,0,0,0,0,0,0
1770178454707252877,-0.168913,1.38915,-1.73336,-0.0189431,1.34818,-1.68485,0.0180728,0.61065,-2.21754,0.00753384,1.18941,-1.66416,0,0,0,0,0,0,0,0,0,0,0,0,0,0,0,0,0,0,0,0,0,0,0,0
1770178454727331790,-0.17112,1.39075,-1.73219,-0.0216259,1.34541,-1.68227,0.0164992,0.609054,-2.21913,0.00485315,1.19182,-1.66645,0,0,0,0,0,0,0,0,0,0,0,0,0,0,0,0,0,0,0,0,0,0,0,0
1770178454747412815,-0.168933,1.38917,-1.73335,-0.0189337,1.34818,-1.68486,0.0181339,0.610712,-2.21748,0.00753308,1.18941,-1.66416,0,0,0,0,0,0,0,0,0,0,0,0,0,0,0,0,0,0,0,0,0,0,0,0
1770178454767490704,-0.171098,1.39073,-1.73221,-0.0216356,1.3454,-1.68226,0.0164449,0.609,-2.21919,0.00485372,1.19182,-1.66645,0,0,0,0,0,0,0,0,0,0,0,0,0,0,0,0,0,0,0,0,0,0,0,0
1770178454787564785,-0.16895,1.38919,-1.73333,-0.018927,1.34819,-1.68487,0.0181952,0.610775,-2.21741,0.00753246,1.18941,-1.66416,0,0,0,0,0,0,0,0,0,0,0,0,0,0,0,0,0,0,0,0,0,0,0,0
1770178454807650674,-0.171078,1.39071,-1.73222,-0.0216422,1.34539,-1.68226,0.0163914,0.608946,-2.21924,0.00485419,1.19182,-1.66645,0,0,0,0,0,0,0,0,0,0,0,0,0,0,0,0,0,0,0,0,0,0,0,0
1770178454827730707,-0.168965,1.3892,-1.73332,-0.0189225,1.34819,-1.68487,0.0182557,0.610837,-2.21735,0.00753194,1.18941,-1.66416,0,0,0,0,0,0,0,0,0,0,0,0,0,0,0,0,0,0,0,0,0,0,0,0
1770178454847807924,-0.171059,1.3907,-1.73224,-0.0216465,1.34539,-1.68225,0.0163395,0.608894,-2.21929,0.00485458,1.19182,-1.66645,0,0,0,0,0,0,0,0,0,0,0,0,0,0,0,0,0,0,0,0,0,0,0,0
1770178454867882549,-0.16898,1.38921,-1.73331,-0.0189197,1.3482,-1.68487,0.0183145,0.610897,-2.21729,0.00753152,1.18941,-1.66416,0,0,0,0,0,0,0,0,0,0,0,0,0,0,0,0,0,0,0,0,0,0,0,0
1770178454887958294,-0.171043,1.39069,-1.73225,-0.0216491,1.34539,-1.68225,0.0162901,0.608845,-2.21934,0.00485489,1.19182,-1.66645,0,0,0,0,0,0,0,0,0,0,0,0,0,0,0,0,0,0,0,0,0,0,0,0
1770178454908033303,-0.168992,1.38922,-1.7333,-0.018918,1.3482,-1.68487,0.0183706,0.610954,-2.21724,0.00753118,1.18941,-1.66416,0,0,0,0,0,0,0,0,0,0,0,0,0,0,0,0,0,0,0,0,0,0,0,0
1770178454928108952,-0.171028,1.39067,-1.73226,-0.0216506,1.34539,-1.68225,0.0162438,0.608798,-2.21939,0.00485515,1.19181,-1.66645,0,0,0,0,0,0,0,0,0,0,0,0,0,0,0,0,0,0,0,0,0,0,0,0
1770178454948180665,-0.169004,1.38923,-1.7333,-0.018917,1.3482,-1.68487,0.018423,0.611008,-2.21718,0.0075309,1.18941,-1.66416,0,0,0,0,0,0,0,0,0,0,0,0,0,0,0,0,0,0,0,0,0,0,0,0
1770178454968259450,-0.171014,1.39066,-1.73226,-0.0216514,1.34538,-1.68225,0.0162014,0.608756,-2.21943,0.00485536,1.19181,-1.66645,0,0,0,0,0,0,0,0,0,0,0,0,0,0,0,0,0,0,0,0,0,0,0,0
1770178454988332538,-0.169015,1.38924,-1.73329,-0.0189164,1.3482,-1.68487,0.018471,0.611057,-2.21713,0.00753067,1.18941,-1.66416,0,0,0,0,0,0,0,0,0,0,0,0,0,0,0,0,0,0,0,0,0,0,0,0
1770178455008401947,-0.171002,1.39065,-1.73227,-0.0216519,1.34538,-1.68225,0.0161632,0.608718,-2.21947,0.00485553,1.19181,-1.66645,0,0,0,0,0,0,0,0,0,0,0,0,0,0,0,0,0,0,0,0,0,0,0,0
1770178455028479164,-0.169025,1.38925,-1.73328,-0.0189161,1.3482,-1.68487,0.0185143,0.611101,-2.21709,0.00753048,1.18941,-1.66416,0,0,0,0,0,0,0,0,0,0,0,0,0,0,0,0,0,0,0,0,0,0,0,0
1770178455048552925,-0.170991,1.39065,-1.73228,-0.0216522,1.34538,-1.68225,0.0161294,0.608685,-2.2195,0.00485568,1.19181,-1.66645,0,0,0,0,0,0,0,0,0,0,0,0,0,0,0,0,0,0,0,0,0,0,0,0
1770178455068626718,-0.169034,1.38925,-1.73328,-0.0189159,1.3482,-1.68487,0.0185523,0.61114,-2.21705,0.00753032,1.18941,-1.66416,0,0,0,0,0,0,0,0,0,0,0,0,0,0,0,0,0,0,0,0,0,0,0,0
1770178455088705503,-0.17098,1.39064,-1.73229,-0.0216523,1.34538,-1.68225,0.0161002,0.608656,-2.21953,0.00485579,1.19181,-1.66645,0,0,0,0,0,0,0,0,0,0,0,0,0,0,0,0,0,0,0,0,0,0,0,0
1770178455108777312,-0.169042,1.38926,-1.73327,-0.0189158,1.3482,-1.68487,0.0185852,0.611174,-2.21702,0.0075302,1.18941,-1.66416,0,0,0,0,0,0,0,0,0,0,0,0,0,0,0,0,0,0,0,0,0,0,0,0
1770178455128854785,-0.170971,1.39063,-1.73229,-0.0216524,1.34538,-1.68225,0.0160754,0.608631,-2.21955,0.00485589,1.19181,-1.66645,0,0,0,0,0,0,0,0,0,0,0,0,0,0,0,0,0,0,0,0,0,0,0,0
1770178455148935234,-0.16905,1.38927,-1.73327,-0.0189158,1.3482,-1.68487,0.0186131,0.611203,-2.21699,0.00753009,1.18941,-1.66416,0,0,0,0,0,0,0,0,0,0,0,0,0,0,0,0,0,0,0,0,0,0,0,0
1770178455169016483,-0.170962,1.39062,-1.7323,-0.0216525,1.34538,-1.68225,0.0160548,0.608611,-2.21957,0.00485597,1.19181,-1.66645,0,0,0,0,0,0,0,0,0,0,0,0,0,0,0,0,0,0,0,0,0,0,0,0
1770178455189092612,-0.169057,1.38927,-1.73326,-0.0189157,1.3482,-1.68487,0.0186361,0.611226,-2.21696,0.00753001,1.18941,-1.66416,0,0,0,0,0,0,0,0,0,0,0,0,0,0,0,0,0,0,0,0,0,0,0,0
1770178455209166885,-0.170954,1.39062,-1.7323,-0.0216525,1.34538,-1.68225,0.016038,0.608595,-2.21959,0.00485603,1.19181,-1.66645,0,0,0,0,0,0,0,0,0,0,0,0,0,0,0,0,0,0,0,0,0,0,0,0
1770178455229244646,-0.169063,1.38928,-1.73326,-0.0189157,1.3482,-1.68487,0.0186548,0.611246,-2.21694,0.00752994,1.18941,-1.66416,0,0,0,0,0,0,0,0,0,0,0,0,0,0,0,0,0,0,0,0,0,0,0,0
1770178455249322759,-0.170946,1.39061,-1.73231,-0.0216525,1.34538,-1.68225,0.0160245,0.608582,-2.2196,0.00485608,1.19181,-1.66644,0,0,0,0,0,0,0,0,0,0,0,0,0,0,0,0,0,0,0,0,0,0,0,0
1770178455269399463,-0.169069,1.38928,-1.73325,-0.0189157,1.3482,-1.68487,0.0186697,0.611261,-2.21693,0.00752988,1.18941,-1.66416,0,0,0,0,0,0,0,0,0,0,0,0,0,0,0,0,0,0,0,0,0,0,0,0
1770178455289475496,-0.170939,1.39061,-1.73231,-0.0216525,1.34538,-1.68225,0.016014,0.608572,-2.21961,0.00485613,1.19181,-1.66644,0,0,0,0,0,0,0,0,0,0,0,0,0,0,0,0,0,0,0,0,0,0,0,0
1770178455309550697,-0.169075,1.38929,-1.73325,-0.0189157,1.3482,-1.68487,0.0186812,0.611273,-2.21692,0.00752983,1.18941,-1.66416,0,0,0,0,0,0,0,0,0,0,0,0,0,0,0,0,0,0,0,0,0,0,0,0
1770178455329627242,-0.170933,1.3906,-1.73231,-0.0216525,1.34538,-1.68225,0.0160059,0.608564,-2.21962,0.00485616,1.19181,-1.66644,0,0,0,0,0,0,0,0,0,0,0,0,0,0,0,0,0,0,0,0,0,0,0,0
1770178455349699243,-0.16908,1.38929,-1.73325,-0.0189157,1.3482,-1.68487,0.0186899,0.611282,-2.21691,0.00752979,1.18941,-1.66416,0,0,0,0,0,0,0,0,0,0,0,0,0,0,0,0,0,0,0,0,0,0,0,0
1770178455369783596,-0.170927,1.3906,-1.73232,-0.0216525,1.34538,-1.68225,0.0159998,0.608559,-2.21963,0.00485619,1.19181,-1.66644,0,0,0,0,0,0,0,0,0,0,0,0,0,0,0,0,0,0,0,0,0,0,0,0
1770178455389861325,-0.169085,1.38929,-1.73324,-0.0189157,1.3482,-1.68487,0.0186964,0.611288,-2.2169,0.00752976,1.18941,-1.66416,0,0,0,0,0,0,0,0,0,0,0,0,0,0,0,0,0,0,0,0,0,0,0,0
1770178455409934862,-0.170921,1.39059,-1.73232,-0.0216525,1.34538,-1.68225,0.0159954,0.608555,-2.21963,0.00485621,1.19181,-1.66644,0,0,0,0,0,0,0,0,0,0,0,0,0,0,0,0,0,0,0,0,0,0,0,0
1770178455430007215,-0.169089,1.3893,-1.73324,-0.0189157,1.3482,-1.68487,0.0187011,0.611293,-2.2169,0.00752974,1.18941,-1.66416,0,0,0,0,0,0,0,0,0,0,0,0,0,0,0,0,0,0,0,0,0,0,0,0
1770178455450087152,-0.170916,1.39059,-1.73232,-0.0216525,1.34538,-1.68225,0.0159922,0.608552,-2.21963,0.00485623,1.19181,-1.66644,0,0,0,0,0,0,0,0,0,0,0,0,0,0,0,0,0,0,0,0,0,0,0,0
1770178455470162993,-0.169094,1.3893,-1.73324,-0.0189157,1.3482,-1.68487,0.0187045,0.611297,-2.21689,0.00752971,1.18941,-1.66416,0,0,0,0,0,0,0,0,0,0,0,0,0,0,0,0,0,0,0,0,0,0,0,0
1770178455490244306,-0.170911,1.39059,-1.73233,-0.0216525,1.34538,-1.68225,0.0159899,0.60855,-2.21963,0.00485625,1.19181,-1.66644,0,0,0,0,0,0,0,0,0,0,0,0,0,0,0,0,0,0,0,0,0,0,0,0
1770178455510321651,-0.169097,1.3893,-1.73324,-0.0189157,1.3482,-1.68487,0.0187069,0.611299,-2.21689,0.0075297,1.18941,-1.66416,0,0,0,0,0,0,0,0,0,0,0,0,0,0,0,0,0,0,0,0,0,0,0,0
1770178455530408180,-0.170906,1.39058,-1.73233,-0.0216525,1.34538,-1.68225,0.0159883,0.608548,-2.21964,0.00485626,1.19181,-1.66644,0,0,0,0,0,0,0,0,0,0,0,0,0,0,0,0,0,0,0,0,0,0,0,0
1770178455550487637,-0.169101,1.38931,-1.73323,-0.0189157,1.3482,-1.68487,0.0187085,0.611301,-2.21689,0.00752968,1.18941,-1.66416,0,0,0,0,0,0,0,0,0,0,0,0,0,0,0,0,0,0,0,0,0,0,0,0
1770178455570557718,-0.170902,1.39058,-1.73233,-0.0216525,1.34538,-1.68225,0.0159871,0.608547,-2.21964,0.00485627,1.19181,-1.66644,0,0,0,0,0,0,0,0,0,0,0,0,0,0,0,0,0,0,0,0,0,0,0,0
1770178455590635351,-0.169105,1.38931,-1.73323,-0.0189157,1.3482,-1.68487,0.0187097,0.611302,-2.21689,0.00752967,1.18941,-1.66416,0,0,0,0,0,0,0,0,0,0,0,0,0,0,0,0,0,0,0,0,0,0,0,0
1770178455610710776,-0.170898,1.39058,-1.73233,-0.0216525,1.34538,-1.68225,0.0159863,0.608547,-2.21964,0.00485628,1.19181,-1.66644,0,0,0,0,0,0,0,0,0,0,0,0,0,0,0,0,0,0,0,0,0,0,0,0
1770178455630785912,-0.169108,1.38931,-1.73323,-0.0189157,1.3482,-1.68487,0.0187105,0.611303,-2.21689,0.00752966,1.18941,-1.66416,0,0,0,0,0,0,0,0,0,0,0,0,0,0,0,0,0,0,0,0,0,0,0,0
1770178455650862585,-0.170895,1.39057,-1.73234,-0.0216525,1.34538,-1.68225,0.0159858,0.608546,-2.21964,0.00485629,1.19181,-1.66644,0,0,0,0,0,0,0,0,0,0,0,0,0,0,0,0,0,0,0,0,0,0,0,0
1770178455670940282,-0.169111,1.38931,-1.73323,-0.0189157,1.3482,-1.68487,0.0187111,0.611304,-2.21689,0.00752965,1.18941,-1.66416,0,0,0,0,0,0,0,0,0,0,0,0,0,0,0,0,0,0,0,0,0,0,0,0
1770178455691016667,-0.170891,1.39057,-1.73234,-0.0216525,1.34538,-1.68225,0.0159854,0.608546,-2.21964,0.0048563,1.19181,-1.66644,0,0,0,0,0,0,0,0,0,0,0,0,0,0,0,0,0,0,0,0,0,0,0,0
1770178455711095324,-0.169114,1.38932,-1.73323,-0.0189157,1.3482,-1.68487,0.0187114,0.611304,-2.21689,0.00752965,1.18941,-1.66416,0,0,0,0,0,0,0,0,0,0,0,0,0,0,0,0,0,0,0,0,0,0,0,0
1770178455731172029,-0.170888,1.39057,-1.73234,-0.0216525,1.34538,-1.68225,0.0159852,0.608546,-2.21964,0.0048563,1.19181,-1.66644,0,0,0,0,0,0,0,0,0,0,0,0,0,0,0,0,0,0,0,0,0,0,0,0
1770178455751254206,-0.169116,1.38932,-1.73322,-0.0189157,1.3482,-1.68487,0.0187117,0.611304,-2.21689,0.00752964,1.18941,-1.66416,0,0,0,0,0,0,0,0,0,0,0,0,0,0,0,0,0,0,0,0,0,0,0,0
1770178455771341631,-0.170885,1.39057,-1.73234,-0.0216525,1.34538,-1.68225,0.015985,0.608545,-2.21964,0.0048563,1.19181,-1.66644,0,0,0,0,0,0,0,0,0,0,0,0,0,0,0,0,0,0,0,0,0,0,0,0
1770178455791419552,-0.169119,1.38932,-1.73322,-0.0189157,1.3482,-1.68487,0.0187119,0.611304,-2.21689,0.00752964,1.18941,-1.66416,0,0,0,0,0,0,0,0,0,0,0,0,0,0,0,0,0,0,0,0,0,0,0,0
1770178455811496001,-0.170882,1.39056,-1.73234,-0.0216525,1.34538,-1.68225,0.0159849,0.608545,-2.21964,0.00485631,1.19181,-1.66644,0,0,0,0,0,0,0,0,0,0,0,0,0,0,0,0,0,0,0,0,0,0,0,0
1770178455831570978,-0.169121,1.38932,-1.73322,-0.0189157,1.3482,-1.68487,0.018712,0.611305,-2.21689,0.00752963,1.18941,-1.66416,0,0,0,0,0,0,0,0,0,0,0,0,0,0,0,0,0,0,0,0,0,0,0,0
1770178455851645571,-0.170879,1.39056,-1.73234,-0.0216525,1.34538,-1.68225,0.0159848,0.608545,-2.21964,0.00485631,1.19181,-1.66644,0,0,0,0,0,0,0,0,0,0,0,0,0,0,0,0,0,0,0,0,0,0,0,0
1770178455871725636,-0.169123,1.38932,-1.73322,-0.0189157,1.3482,-1.68487,0.0187121,0.611305,-2.21689,0.00752963,1.18941,-1.66416,0,0,0,0,0,0,0,0,0,0,0,0,0,0,0,0,0,0,0,0,0,0,0,0
1770178455891806501,-0.170877,1.39056,-1.73235,-0.0216525,1.34538,-1.68225,0.0159848,0.608545,-2.21964,0.00485631,1.19181,-1.66644,0,0,0,0,0,0,0,0,0,0,0,0,0,0,0,0,0,0,0,0,0,0,0,0
1770178455911877830,-0.169125,1.38933,-1.73322,-0.0189157,1.3482,-1.68487,0.0187121,0.611305,-2.21689,0.00752963,1.18941,-1.66416,0,0,0,0,0,0,0,0,0,0,0,0,0,0,0,0,0,0,0,0,0,0,0,0
1770178455931951207,-0.170875,1.39056,-1.73235,-0.0216525,1.34538,-1.68225,0.0159847,0.608545,-2.21964,0.00485631,1.19181,-1.66644,0,0,0,0,0,0,0,0,0,0,0,0,0,0,0,0,0,0,0,0,0,0,0,0
1770178455952025192,-0.169127,1.38933,-1.73322,-0.0189157,1.3482,-1.68487,0.0187122,0.611305,-2.21689,0.00752963,1.18941,-1.66416,0,0,0,0,0,0,0,0,0,0,0,0,0,0,0,0,0,0,0,0,0,0,0,0
1770178455972096233,-0.170872,1.39056,-1.73235,-0.0216525,1.34538,-1.68225,0.0159847,0.608545,-2.21964,0.00485632,1.19181,-1.66644,0,0,0,0,0,0,0,0,0,0,0,0,0,0,0,0,0,0,0,0,0,0,0,0
1770178455992171049,-0.169129,1.38933,-1.73322,-0.0189157,1.3482,-1.68487,0.0187122,0.611305,-2.21689,0.00752962,1.18941,-1.66416,0,0,0,0,0,0,0,0,0,0,0,0,0,0,0,0,0,0,0,0,0,0,0,0
1770178456012246442,-0.17087,1.39055,-1.73235,-0.0216525,1.34538,-1.68225,0.0159847,0.608545,-2.21964,0.00485632,1.19181,-1.66644,0,0,0,0,0,0,0,0,0,0,0,0,0,0,0,0,0,0,0,0,0,0,0,0
1770178456032318283,-0.169131,1.38933,-1.73322,-0.0189157,1.3482,-1.68487,0.0187122,0.611305,-2.21689,0.00752962,1.18941,-1.66416,0,0,0,0,0,0,0,0,0,0,0,0,0,0,0,0,0,0,0,0,0,0,0,0
1770178456052394956,-0.170868,1.39055,-1.73235,-0.0216525,1.34538,-1.68225,0.0159847,0.608545,-2.21964,0.00485632,1.19181,-1.66644,0,0,0,0,0,0,0,0,0,0,0,0,0,0,0,0,0,0,0,0,0,0,0,0
1770178456072469229,-0.169132,1.38933,-1.73321,-0.0189157,1.3482,-1.68487,0.0187122,0.611305,-2.21689,0.00752962,1.18941,-1.66416,0,0,0,0,0,0,0,0,0,0,0,0,0,0,0,0,0,0,0,0,0,0,0,0
1770178456092533166,-0.170867,1.39055,-1.73235,-0.0216525,1.34538,-1.68225,0.0159847,0.608545,-2.21964,0.00485632,1.19181,-1.66644,0,0,0,0,0,0,0,0,0,0,0,0,0,0,0,0,0,0,0,0,0,0,0,0
1770178456112608975,-0.169134,1.38933,-1.73321,-0.0189157,1.3482,-1.68487,0.0187122,0.611305,-2.21689,0.00752962,1.18941,-1.66416,0,0,0,0,0,0,0,0,0,0,0,0,0,0,0,0,0,0,0,0,0,0,0,0
1770178456132686128,-0.170865,1.39055,-1.73235,-0.0216525,1.34538,-1.68225,0.0159847,0.608545,-2.21964,0.00485632,1.19181,-1.66644,0,0,0,0,0,0,0,0,0,0,0,0,0,0,0,0,0,0,0,0,0,0,0,0
1770178456152760304,-0.169135,1.38933,-1.73321,-0.0189157,1.3482,-1.68487,0.0187122,0.611305,-2.21689,0.00752962,1.18941,-1.66416,0,0,0,0,0,0,0,0,0,0,0,0,0,0,0,0,0,0,0,0,0,0,0,0
1770178456172853618,-0.170863,1.39055,-1.73235,-0.0216525,1.34538,-1.68225,0.0159846,0.608545,-2.21964,0.00485632,1.19181,-1.66644,0,0,0,0,0,0,0,0,0,0,0,0,0,0,0,0,0,0,0,0,0,0,0,0
1770178456192931859,-0.169136,1.38933,-1.73321,-0.0189157,1.3482,-1.68487,0.0187122,0.611305,-2.21689,0.00752962,1.18941,-1.66416,0,0,0,0,0,0,0,0,0,0,0,0,0,0,0,0,0,0,0,0,0,0,0,0
1770178456213011028,-0.170862,1.39055,-1.73236,-0.0216525,1.34538,-1.68225,0.0159846,0.608545,-2.21964,0.00485632,1.19181,-1.66644,0,0,0,0,0,0,0,0,0,0,0,0,0,0,0,0,0,0,0,0,0,0,0,0
1770178456233089493,-0.169138,1.38934,-1.73321,-0.0189157,1.3482,-1.68487,0.0187122,0.611305,-2.21689,0.00752962,1.18941,-1.66416,0,0,0,0,0,0,0,0,0,0,0,0,0,0,0,0,0,0,0,0,0,0,0,0
1770178456253171510,-0.17086,1.39055,-1.73236,-0.0216525,1.34538,-1.68225,0.0159846,0.608545,-2.21964,0.00485632,1.19181,-1.66644,0,0,0,0,0,0,0,0,0,0,0,0,0,0,0,0,0,0,0,0,0,0,0,0
1770178456273249527,-0.169139,1.38934,-1.73321,-0.0189157,1.3482,-1.68487,0.0187122,0.611305,-2.21689,0.00752962,1.18941,-1.66416,0,0,0,0,0,0,0,0,0,0,0,0,0,0,0,0,0,0,0,0,0,0,0,0
1770178456293329624,-0.170859,1.39055,-1.73236,-0.0216525,1.34538,-1.68225,0.0159846,0.608545,-2.21964,0.00485632,1.19181,-1.66644,0,0,0,0,0,0,0,0,0,0,0,0,0,0,0,0,0,0,0,0,0,0,0,0
1770178456313408569,-0.16914,1.38934,-1.73321,-0.0189157,1.3482,-1.68487,0.0187122,0.611305,-2.21689,0.00752962,1.18941,-1.66416,0,0,0,0,0,0,0,0,0,0,0,0,0,0,0,0,0,0,0,0,0,0,0,0
1770178456333489562,-0.170858,1.39055,-1.73236,-0.0216525,1.34538,-1.68225,0.0159846,0.608545,-2.21964,0.00485632,1.19181,-1.66644,0,0,0,0,0,0,0,0,0,0,0,0,0,0,0,0,0,0,0,0,0,0,0,0
1770178456353569595,-0.169141,1.38934,-1.73321,-0.0189157,1.3482,-1.68487,0.0187122,0.611305,-2.21689,0.00752962,1.18941,-1.66416,0,0,0,0,0,0,0,0,0,0,0,0,0,0,0,0,0,0,0,0,0,0,0,0
1770178456373647964,-0.170856,1.39054,-1.73236,-0.0216525,1.34538,-1.68225,0.0159846,0.608545,-2.21964,0.00485632,1.19181,-1.66644,0,0,0,0,0,0,0,0,0,0,0,0,0,0,0,0,0,0,0,0,0,0,0,0
1770178456393720669,-0.169142,1.38934,-1.73321,-0.0189157,1.3482,-1.68487,0.0187122,0.611305,-2.21689,0.00752962,1.18941,-1.66416,0,0,0,0,0,0,0,0,0,0,0,0,0,0,0,0,0,0,0,0,0,0,0,0
1770178456413798366,-0.170855,1.39054,-1.73236,-0.0216525,1.34538,-1.68225,0.0159846,0.608545,-2.21964,0.00485632,1.19181,-1.66644,0,0,0,0,0,0,0,0,0,0,0,0,0,0,0,0,0,0,0,0,0,0,0,0
1770178456433878591,-0.169143,1.38934,-1.73321,-0.0189157,1.3482,-1.68487,0.0187122,0.611305,-2.21689,0.00752962,1.18941,-1.66416,0,0,0,0,0,0,0,0,0,0,0,0,0,0,0,0,0,0,0,0,0,0,0,0
1770178456453952575,-0.170854,1.39054,-1.73236,-0.0216525,1.34538,-1.68225,0.0159846,0.608545,-2.21964,0.00485632,1.19181,-1.66644,0,0,0,0,0,0,0,0,0,0,0,0,0,0,0,0,0,0,0,0,0,0,0,0
1770178456474024576,-0.169144,1.38934,-1.73321,-0.0189157,1.3482,-1.68487,0.0187122,0.611305,-2.21689,0.00752962,1.18941,-1.66416,0,0,0,0,0,0,0,0,0,0,0,0,0,0,0,0,0,0,0,0,0,0,0,0
1770178456494105793,-0.170853,1.39054,-1.73236,-0.0216525,1.34538,-1.68225,0.0159846,0.608545,-2.21964,0.00485632,1.19181,-1.66644,0,0,0,0,0,0,0,0,0,0,0,0,0,0,0,0,0,0,0,0,0,0,0,0
1770178456514182178,-0.169145,1.38934,-1.73321,-0.0189157,1.3482,-1.68487,0.0187122,0.611305,-2.21689,0.00752962,1.18941,-1.66416,0,0,0,0,0,0,0,0,0,0,0,0,0,0,0,0,0,0,0,0,0,0,0,0
1770178456534260739,-0.170852,1.39054,-1.73236,-0.0216525,1.34538,-1.68225,0.0159846,0.608545,-2.21964,0.00485632,1.19181,-1.66644,0,0,0,0,0,0,0,0,0,0,0,0,0,0,0,0,0,0,0,0,0,0,0,0
1770178456554333636,-0.169145,1.38934,-1.73321,-0.0189157,1.3482,-1.68487,0.0187122,0.611305,-2.21689,0.00752962,1.18941,-1.66416,0,0,0,0,0,0,0,0,0,0,0,0,0,0,0,0,0,0,0,0,0,0,0,0
1770178456574412677,-0.170851,1.39054,-1.73236,-0.0216525,1.34538,-1.68225,0.0159846,0.608545,-2.21964,0.00485632,1.19181,-1.66644,0,0,0,0,0,0,0,0,0,0,0,0,0,0,0,0,0,0,0,0,0,0,0,0
1770178456594490406,-0.169146,1.38934,-1.73321,-0.0189157,1.3482,-1.68487,0.0187122,0.611305,-2.21689,0.00752962,1.18941,-1.66416,0,0,0,0,0,0,0,0,0,0,0,0,0,0,0,0,0,0,0,0,0,0,0,0
1770178456614568423,-0.170851,1.39054,-1.73236,-0.0216525,1.34538,-1.68225,0.0159846,0.608545,-2.21964,0.00485632,1.19181,-1.66644,0,0,0,0,0,0,0,0,0,0,0,0,0,0,0,0,0,0,0,0,0,0,0,0
1770178456634645256,-0.169147,1.38934,-1.73321,-0.0189157,1.3482,-1.68487,0.0187122,0.611305,-2.21689,0.00752962,1.18941,-1.66416,0,0,0,0,0,0,0,0,0,0,0,0,0,0,0,0,0,0,0,0,0,0,0,0
1770178456654718153,-0.17085,1.39054,-1.73236,-0.0216525,1.34538,-1.68225,0.0159846,0.608545,-2.21964,0.00485632,1.19181,-1.66644,0,0,0,0,0,0,0,0,0,0,0,0,0,0,0,0,0,0,0,0,0,0,0,0
1770178456674793674,-0.169148,1.38934,-1.73321,-0.0189157,1.3482,-1.68487,0.0187122,0.611305,-2.21689,0.00752962,1.18941,-1.66416,0,0,0,0,0,0,0,0,0,0,0,0,0,0,0,0,0,0,0,0,0,0,0,0
1770178456694869227,-0.170849,1.39054,-1.73236,-0.0216525,1.34538,-1.68225,0.0159846,0.608545,-2.21964,0.00485632,1.19181,-1.66644,0,0,0,0,0,0,0,0,0,0,0,0,0,0,0,0,0,0,0,0,0,0,0,0
1770178456714942923,-0.169148,1.38934,-1.7332,-0.0189157,1.3482,-1.68487,0.0187122,0.611305,-2.21689,0.00752962,1.18941,-1.66416,0,0,0,0,0,0,0,0,0,0,0,0,0,0,0,0,0,0,0,0,0,0,0,0
1770178456735024108,-0.170848,1.39054,-1.73236,-0.0216525,1.34538,-1.68225,0.0159846,0.608545,-2.21964,0.00485632,1.19181,-1.66644,0,0,0,0,0,0,0,0,0,0,0,0,0,0,0,0,0,0,0,0,0,0,0,0
1770178456755095949,-0.288705,1.09078,-1.90369,0.108239,1.13326,-1.80252,-0.0718276,0.657672,-2.08847,0.00733076,1.25855,-1.8531,0,0,0,0,0,0,0,0,0,0,0,0,0,0,0,0,0,0,0,0,0,0,0,0
1770178456775171150,-0.290737,1.08564,-1.92835,0.119343,1.14214,-1.79011,-0.0723354,0.660079,-2.09308,0.00464684,1.25915,-1.8416,0,0,0,0,0,0,0,0,0,0,0,0,0,0,0,0,0,0,0,0,0,0,0,0
1770178456795247503,-0.290683,1.08517,-1.92931,0.116778,1.13796,-1.79391,-0.0734349,0.661895,-2.0953,0.0100418,1.26091,-1.84234,0,0,0,0,0,0,0,0,0,0,0,0,0,0,0,0,0,0,0,0,0,0,0,0
1770178456815329264,-0.290303,1.08571,-1.92878,0.118705,1.13608,-1.79774,-0.0715645,0.660255,-2.09376,0.00967464,1.25933,-1.84349,0,0,0,0,0,0,0,0,0,0,0,0,0,0,0,0,0,0,0,0,0,0,0,0
1770178456835409969,-0.290793,1.08518,-1.92929,0.116029,1.1381,-1.79365,-0.0732855,0.662031,-2.09556,0.0112023,1.26135,-1.84565,0,0,0,0,0,0,0,0,0,0,0,0,0,0,0,0,0,0,0,0,0,0,0,0
1770178456855489490,-0.290244,1.08572,-1.92876,0.117798,1.13832,-1.79317,-0.0714191,0.660202,-2.09374,0.00916377,1.25947,-1.84388,0,0,0,0,0,0,0,0,0,0,0,0,0,0,0,0,0,0,0,0,0,0,0,0
1770178456875563475,-0.290834,1.08516,-1.92932,0.117315,1.13738,-1.79207,-0.0733338,0.662106,-2.09564,0.01109,1.26157,-1.84574,0,0,0,0,0,0,0,0,0,0,0,0,0,0,0,0,0,0,0,0,0,0,0,0
1770178456895638356,-0.290203,1.08575,-1.92873,0.118194,1.13815,-1.79287,-0.0713354,0.660127,-2.09367,0.00906345,1.2594,-1.84387,0,0,0,0,0,0,0,0,0,0,0,0,0,0,0,0,0,0,0,0,0,0,0,0
1770178456915715797,-0.290872,1.08513,-1.92935,0.117342,1.13727,-1.79194,-0.0733985,0.662171,-2.09571,0.0111305,1.26167,-1.84577,0,0,0,0,0,0,0,0,0,0,0,0,0,0,0,0,0,0,0,0,0,0,0,0
1770178456935792246,-0.290162,1.08578,-1.92869,0.118273,1.1382,-1.79291,-0.0712595,0.660051,-2.09359,0.00899935,1.25932,-1.84382,0,0,0,0,0,0,0,0,0,0,0,0,0,0,0,0,0,0,0,0,0,0,0,0
1770178456955870199,-0.290914,1.08509,-1.92939,0.117289,1.13721,-1.79187,-0.0734613,0.662233,-2.09577,0.0111808,1.26173,-1.8458,0,0,0,0,0,0,0,0,0,0,0,0,0,0,0,0,0,0,0,0,0,0,0,0
1770178456975948120,-0.290116,1.08583,-1.92864,0.118339,1.13826,-1.79298,-0.0711882,0.65998,-2.09352,0.00894194,1.25926,-1.84377,0,0,0,0,0,0,0,0,0,0,0,0,0,0,0,0,0,0,0,0,0,0,0,0
1770178456996025913,-0.290959,1.08505,-1.92943,0.117226,1.13715,-1.79181,-0.0735191,0.662289,-2.09583,0.0112275,1.26178,-1.84584,0,0,0,0,0,0,0,0,0,0,0,0,0,0,0,0,0,0,0,0,0,0,0,0
1770178457016100250,-0.290066,1.08587,-1.9286,0.11841,1.13833,-1.79306,-0.0711228,0.659914,-2.09346,0.00889007,1.2592,-1.84372,0,0,0,0,0,0,0,0,0,0,0,0,0,0,0,0,0,0,0,0,0,0,0,0
1770178457036174139,-0.291009,1.085,-1.92948,0.117158,1.13708,-1.79173,-0.0735703,0.662338,-2.09588,0.0112688,1.26183,-1.84587,0,0,0,0,0,0,0,0,0,0,0,0,0,0,0,0,0,0,0,0,0,0,0,0
1770178457056255612,-0.29001,1.08592,-1.92854,0.118488,1.13841,-1.79314,-0.0710652,0.659856,-2.0934,0.0088444,1.25915,-1.84367,0,0,0,0,0,0,0,0,0,0,0,0,0,0,0,0,0,0,0,0,0,0,0,0
1770178457076327100,-0.291063,1.08495,-1.92953,0.117085,1.137,-1.79166,-0.0736132,0.662379,-2.09592,0.0113043,1.26186,-1.8459,0,0,0,0,0,0,0,0,0,0,0,0,0,0,0,0,0,0,0,0,0,0,0,0
1770178457096401949,-0.289949,1.08598,-1.92849,0.118572,1.13849,-1.79322,-0.0710172,0.659808,-2.09335,0.0088054,1.25911,-1.84363,0,0,0,0,0,0,0,0,0,0,0,0,0,0,0,0,0,0,0,0,0,0,0,0
1770178457116480254,-0.291122,1.0849,-1.92959,0.117008,1.13693,-1.79157,-0.0736458,0.662409,-2.09595,0.0113338,1.26189,-1.84593,0,0,0,0,0,0,0,0,0,0,0,0,0,0,0,0,0,0,0,0,0,0,0,0
1770178457136551967,-0.289883,1.08604,-1.92843,0.118662,1.13858,-1.79332,-0.0709814,0.659772,-2.09331,0.00877326,1.25908,-1.8436,0,0,0,0,0,0,0,0,0,0,0,0,0,0,0,0,0,0,0,0,0,0,0,0
1770178457156626848,-0.291185,1.08484,-1.92964,0.116929,1.13685,-1.79149,-0.0736644,0.662424,-2.09596,0.0113574,1.26192,-1.84595,0,0,0,0,0,0,0,0,0,0,0,0,0,0,0,0,0,0,0,0,0,0,0,0
1770178457176704033,-0.289811,1.08611,-1.92836,0.118754,1.13868,-1.79341,-0.0709627,0.659752,-2.09329,0.00874802,1.25905,-1.84357,0,0,0,0,0,0,0,0,0,0,0,0,0,0,0,0,0,0,0,0,0,0,0,0
1770178457196783042,-0.291252,1.08478,-1.92971,0.116848,1.13677,-1.7914,-0.073666,0.662422,-2.09596,0.0113752,1.26193,-1.84596,0,0,0,0,0,0,0,0,0,0,0,0,0,0,0,0,0,0,0,0,0,0,0,0
1770178457216858307,-0.289735,1.08618,-1.92829,0.118848,1.13877,-1.79351,-0.0709653,0.659754,-2.09329,0.00872964,1.25903,-1.84355,0,0,0,0,0,0,0,0,0,0,0,0,0,0,0,0,0,0,0,0,0,0,0,0
1770178457236931204,-0.291322,1.08471,-1.92977,0.11677,1.13669,-1.79131,-0.0736673,0.662423,-2.09596,0.0113876,1.26195,-1.84597,0,0,0,0,0,0,0,0,0,0,0,0,0,0,0,0,0,0,0,0,0,0,0,0
1770178457257010021,-0.289655,1.08625,-1.92821,0.11894,1.13886,-1.7936,-0.0709633,0.659752,-2.09329,0.00871789,1.25902,-1.84354,0,0,0,0,0,0,0,0,0,0,0,0,0,0,0,0,0,0,0,0,0,0,0,0
1770178457277085286,-0.291394,1.08464,-1.92984,0.116696,1.13661,-1.79123,-0.0736666,0.662422,-2.09596,0.011395,1.26195,-1.84597,0,0,0,0,0,0,0,0,0,0,0,0,0,0,0,0,0,0,0,0,0,0,0,0
1770178457297165127,-0.289573,1.08633,-1.92813,0.119027,1.13895,-1.79369,-0.0709648,0.659753,-2.09329,0.00871191,1.25901,-1.84353,0,0,0,0,0,0,0,0,0,0,0,0,0,0,0,0,0,0,0,0,0,0,0,0
1770178457317250440,-0.291466,1.08458,-1.92991,0.116631,1.13654,-1.79116,-0.0736672,0.662423,-2.09596,0.0113986,1.26195,-1.84597,0,0,0,0,0,0,0,0,0,0,0,0,0,0,0,0,0,0,0,0,0,0,0,0
1770178457337335465,-0.289489,1.0864,-1.92806,0.119103,1.13902,-1.79377,-0.0709637,0.659752,-2.09329,0.00870971,1.25901,-1.84353,0,0,0,0,0,0,0,0,0,0,0,0,0,0,0,0,0,0,0,0,0,0,0,0
1770178457357409546,-0.291538,1.08451,-1.92998,0.116604,1.1365,-1.79115,-0.0736668,0.662422,-2.09596,0.0114,1.26195,-1.84597,0,0,0,0,0,0,0,0,0,0,0,0,0,0,0,0,0,0,0,0,0,0,0,0
1770178457377485579,-0.289406,1.08648,-1.92798,0.119138,1.13905,-1.79381,-0.0709645,0.659753,-2.09329,0.00870908,1.25901,-1.84353,0,0,0,0,0,0,0,0,0,0,0,0,0,0,0,0,0,0,0,0,0,0,0,0
1770178457397567148,-0.291608,1.08444,-1.93004,0.116479,1.13568,-1.79754,-0.0736671,0.662423,-2.09596,0.0114005,1.26195,-1.84597,0,0,0,0,0,0,0,0,0,0,0,0,0,0,0,0,0,0,0,0,0,0,0,0
1770178457417649069,-0.289326,1.08655,-1.9279,0.118675,1.13875,-1.79413,-0.0709639,0.659752,-2.09329,0.0087089,1.25901,-1.84353,0,0,0,0,0,0,0,0,0,0,0,0,0,0,0,0,0,0,0,0,0,0,0,0
1770178457437724142,-0.291673,1.08438,-1.9301,0.11687,1.13578,-1.79754,-0.0736669,0.662422,-2.09596,0.0114006,1.26195,-1.84597,0,0,0,0,0,0,0,0,0,0,0,0,0,0,0,0,0,0,0,0,0,0,0,0
1770178457457802415,-0.28925,1.08662,-1.92783,0.118236,1.13861,-1.79413,-0.0709643,0.659753,-2.09329,0.00870884,1.25901,-1.84353,0,0,0,0,0,0,0,0,0,0,0,0,0,0,0,0,0,0,0,0,0,0,0,0
1770178457477881904,-0.291732,1.08432,-1.93016,0.11732,1.13583,-1.79762,-0.073667,0.662423,-2.09596,0.0114007,1.26195,-1.84597,0,0,0,0,0,0,0,0,0,0,0,0,0,0,0,0,0,0,0,0,0,0,0,0
1770178457497960113,-0.289182,1.08669,-1.92777,0.117705,1.13851,-1.79402,-0.070964,0.659753,-2.09329,0.00870882,1.25901,-1.84353,0,0,0,0,0,0,0,0,0,0,0,0,0,0,0,0,0,0,0,0,0,0,0,0
1770178457518039794,-0.291783,1.08428,-1.9302,0.117893,1.13585,-1.79777,-0.0736669,0.662422,-2.09596,0.0114007,1.26195,-1.84597,0,0,0,0,0,0,0,0,0,0,0,0,0,0,0,0,0,0,0,0,0,0,0,0
1770178457538115090,-0.289123,1.08674,-1.92771,0.117008,1.1384,-1.79379,-0.0709642,0.659753,-2.09329,0.00870882,1.25901,-1.84353,0,0,0,0,0,0,0,0,0,0,0,0,0,0,0,0,0,0,0,0,0,0,0,0
1770178457558192403,-0.291818,1.08424,-1.93024,0.117334,1.13766,-1.79238,-0.073667,0.662423,-2.09596,0.0114007,1.26195,-1.84597,0,0,0,0,0,0,0,0,0,0,0,0,0,0,0,0,0,0,0,0,0,0,0,0
1770178457578270164,-0.289083,1.08678,-1.92767,0.117968,1.13799,-1.79271,-0.070964,0.659753,-2.09329,0.00870882,1.25901,-1.84353,0,0,0,0,0,0,0,0,0,0,0,0,0,0,0,0,0,0,0,0,0,0,0,0
1770178457598345813,-0.28599,1.08353,-1.93118,0.117522,1.13747,-1.79215,-0.0736669,0.662423,-2.09596,0.0114007,1.26195,-1.84597,0,0,0,0,0,0,0,0,0,0,0,0,0,0,0,0,0,0,0,0,0,0,0,0
1770178457618423286,-0.288578,1.08638,-1.92807,0.118058,1.13799,-1.7927,-0.0709642,0.659753,-2.09329,0.00870882,1.25901,-1.84353,0,0,0,0,0,0,0,0,0,0,0,0,0,0,0,0,0,0,0,0,0,0,0,0
1770178457638496663,-0.286076,1.08373,-1.93094,0.117501,1.13742,-1.7921,-0.073667,0.662423,-2.09596,0.0114007,1.26195,-1.84597,0,0,0,0,0,0,0,0,0,0,0,0,0,0,0,0,0,0,0,0,0,0,0,0
1770178457658575160,-0.288368,1.08618,-1.92828,0.1181,1.13802,-1.79273,-0.0709641,0.659753,-2.09329,0.00870882,1.25901,-1.84353,0,0,0,0,0,0,0,0,0,0,0,0,0,0,0,0,0,0,0,0,0,0,0,0
1770178457678654073,-0.286186,1.08385,-1.93081,0.117462,1.13738,-1.79206,-0.0736669,0.662423,-2.09596,0.0114007,1.26195,-1.84597,0,0,0,0,0,0,0,0,0,0,0,0,0,0,0,0,0,0,0,0,0,0,0,0
1770178457698732634,-0.288231,1.08604,-1.92843,0.118144,1.13807,-1.79278,-0.0709642,0.659753,-2.09329,0.00870882,1.25901,-1.84353,0,0,0,0,0,0,0,0,0,0,0,0,0,0,0,0,0,0,0,0,0,0,0,0
1770178457718809467,-0.286266,1.08393,-1.93071,0.117418,1.13734,-1.79201,-0.073667,0.662423,-2.09596,0.0114007,1.26195,-1.84597,0,0,0,0,0,0,0,0,0,0,0,0,0,0,0,0,0,0,0,0,0,0,0,0
1770178457738883196,-0.288129,1.08593,-1.92853,0.118194,1.13811,-1.79283,-0.0709641,0.659753,-2.09329,0.00870882,1.25901,-1.84353,0,0,0,0,0,0,0,0,0,0,0,0,0,0,0,0,0,0,0,0,0,0,0,0
1770178457758955837,-0.286329,1.08401,-1.93063,0.117369,1.13729,-1.79196,-0.0736669,0.662423,-2.09596,0.0114007,1.26195,-1.84597,0,0,0,0,0,0,0,0,0,0,0,0,0,0,0,0,0,0,0,0,0,0,0,0
1770178457779035454,-0.28805,1.08585,-1.92862,0.118249,1.13817,-1.79289,-0.0709641,0.659753,-2.09329,0.00870882,1.25901,-1.84353,0,0,0,0,0,0,0,0,0,0,0,0,0,0,0,0,0,0,0,0,0,0,0,0
1770178457799114239,-0.286382,1.08406,-1.93056,0.117314,1.13723,-1.7919,-0.073667,0.662423,-2.09596,0.0114007,1.26195,-1.84597,0,0,0,0,0,0,0,0,0,0,0,0,0,0,0,0,0,0,0,0,0,0,0,0
1770178457819193632,-0.287985,1.08579,-1.92869,0.118311,1.13823,-1.79295,-0.0709641,0.659753,-2.09329,0.00870882,1.25901,-1.84353,0,0,0,0,0,0,0,0,0,0,0,0,0,0,0,0,0,0,0,0,0,0,0,0
1770178457839270369,-0.286426,1.08411,-1.93051,0.117253,1.13717,-1.79184,-0.0736669,0.662423,-2.09596,0.0114007,1.26195,-1.84597,0,0,0,0,0,0,0,0,0,0,0,0,0,0,0,0,0,0,0,0,0,0,0,0
1770178457859350946,-0.287931,1.08573,-1.92875,0.11838,1.1383,-1.79302,-0.0709641,0.659753,-2.09329,0.00870882,1.25901,-1.84353,0,0,0,0,0,0,0,0,0,0,0,0,0,0,0,0,0,0,0,0,0,0,0,0
1770178457879424739,-0.286463,1.08416,-1.93046,0.117188,1.13711,-1.79177,-0.073667,0.662423,-2.09596,0.0114007,1.26195,-1.84597,0,0,0,0,0,0,0,0,0,0,0,0,0,0,0,0,0,0,0,0,0,0,0,0
1770178457899498211,-0.287885,1.08568,-1.9288,0.118455,1.13838,-1.7931,-0.0709641,0.659753,-2.09329,0.00870882,1.25901,-1.84353,0,0,0,0,0,0,0,0,0,0,0,0,0,0,0,0,0,0,0,0,0,0,0,0
1770178457919576804,-0.286496,1.08419,-1.93042,0.117116,1.13704,-1.79169,-0.0736669,0.662423,-2.09596,0.0114007,1.26195,-1.84597,0,0,0,0,0,0,0,0,0,0,0,0,0,0,0,0,0,0,0,0,0,0,0,0
1770178457939652229,-0.287846,1.08564,-1.92884,0.118537,1.13846,-1.79319,-0.0709641,0.659753,-2.09329,0.00870882,1.25901,-1.84353,0,0,0,0,0,0,0,0,0,0,0,0,0,0,0,0,0,0,0,0,0,0,0,0
1770178457959730566,-0.286526,1.08422,-1.93038,0.117041,1.13696,-1.79161,-0.073667,0.662423,-2.09596,0.0114007,1.26195,-1.84597,0,0,0,0,0,0,0,0,0,0,0,0,0,0,0,0,0,0,0,0,0,0,0,0
1770178457979837512,-0.287811,1.08561,-1.92888,0.118624,1.13854,-1.79328,-0.0709641,0.659753,-2.09329,0.00870882,1.25901,-1.84353,0,0,0,0,0,0,0,0,0,0,0,0,0,0,0,0,0,0,0,0,0,0,0,0
1770178457999909385,-0.286552,1.08425,-1.93035,0.116962,1.13688,-1.79152,-0.0736669,0.662423,-2.09596,0.0114007,1.26195,-1.84597,0,0,0,0,0,0,0,0,0,0,0,0,0,0,0,0,0,0,0,0,0,0,0,0
1770178458019987114,-0.28778,1.08557,-1.92891,0.118715,1.13864,-1.79337,-0.0709641,0.659753,-2.09329,0.00870882,1.25901,-1.84353,0,0,0,0,0,0,0,0,0,0,0,0,0,0,0,0,0,0,0,0,0,0,0,0
1770178458040065195,0.0757833,0.566169,-1.7618,0.0740691,1.46315,-1.87059,0.163037,0.599672,-1.79341,0.0628101,1.11636,-1.61824,0,0,0,0,0,0,0,0,0,0,0,0,0,0,0,0,0,0,0,0,0,0,0,0
1770178458060143948,0.0567717,0.570881,-1.74853,0.0735683,1.46226,-1.86313,0.187534,0.598168,-1.79398,0.061862,1.11491,-1.60634,0,0,0,0,0,0,0,0,0,0,0,0,0,0,0,0,0,0,0,0,0,0,0,0
1770178458080224173,0.0599635,0.566743,-1.75186,0.0748736,1.46315,-1.86249,0.183729,0.599298,-1.79333,0.0649909,1.11685,-1.60505,0,0,0,0,0,0,0,0,0,0,0,0,0,0,0,0,0,0,0,0,0,0,0,0
1770178458100297229,0.061929,0.564857,-1.75366,0.0743475,1.46194,-1.86244,0.185741,0.598112,-1.79448,0.0675811,1.11438,-1.60802,0,0,0,0,0,0,0,0,0,0,0,0,0,0,0,0,0,0,0,0,0,0,0,0
1770178458120370478,0.0599358,0.566655,-1.75185,0.075134,1.46296,-1.86259,0.183768,0.599334,-1.79332,0.06445,1.11154,-1.60927,0,0,0,0,0,0,0,0,0,0,0,0,0,0,0,0,0,0,0,0,0,0,0,0
1770178458140448399,0.0619437,0.564878,-1.75362,0.0743827,1.46193,-1.86225,0.185694,0.598095,-1.79451,0.0622585,1.11311,-1.60774,0,0,0,0,0,0,0,0,0,0,0,0,0,0,0,0,0,0,0,0,0,0,0,0
1770178458160527568,0.0599504,0.566633,-1.75187,0.0752018,1.46294,-1.86272,0.183787,0.59935,-1.79331,0.0647737,1.11188,-1.61005,0,0,0,0,0,0,0,0,0,0,0,0,0,0,0,0,0,0,0,0,0,0,0,0
1770178458180605105,0.0619313,0.564893,-1.7536,0.074346,1.46192,-1.86214,0.185668,0.59808,-1.79453,0.0618155,1.11328,-1.60747,0,0,0,0,0,0,0,0,0,0,0,0,0,0,0,0,0,0,0,0,0,0,0,0
1770178458200684626,0.0599675,0.566616,-1.75189,0.0752561,1.46296,-1.86281,0.183797,0.599363,-1.79329,0.0652897,1.11176,-1.61029,0,0,0,0,0,0,0,0,0,0,0,0,0,0,0,0,0,0,0,0,0,0,0,0
1770178458220762451,0.0619169,0.564906,-1.75359,0.0742973,1.46188,-1.86206,0.185654,0.598068,-1.79454,0.0671535,1.11479,-1.60731,0,0,0,0,0,0,0,0,0,0,0,0,0,0,0,0,0,0,0,0,0,0,0,0
1770178458240837332,0.0599831,0.566601,-1.7519,0.0753136,1.463,-1.86289,0.183801,0.599374,-1.79328,0.0671359,1.11629,-1.60865,0,0,0,0,0,0,0,0,0,0,0,0,0,0,0,0,0,0,0,0,0,0,0,0
1770178458260917045,0.0619037,0.564917,-1.75358,0.074243,1.46184,-1.86199,0.185647,0.598058,-1.79455,0.0661543,1.1157,-1.60815,0,0,0,0,0,0,0,0,0,0,0,0,0,0,0,0,0,0,0,0,0,0,0,0
1770178458280997014,0.0599972,0.566588,-1.75191,0.0753761,1.46305,-1.86296,0.183801,0.599384,-1.79327,0.066895,1.11656,-1.60899,0,0,0,0,0,0,0,0,0,0,0,0,0,0,0,0,0,0,0,0,0,0,0,0
1770178458301075959,0.0618917,0.564927,-1.75357,0.0741841,1.46178,-1.86193,0.185644,0.598049,-1.79456,0.0660312,1.11574,-1.6082,0,0,0,0,0,0,0,0,0,0,0,0,0,0,0,0,0,0,0,0,0,0,0,0
1770178458321160376,0.0600098,0.566576,-1.75193,0.0754438,1.46311,-1.86303,0.183799,0.599393,-1.79326,0.0669097,1.11662,-1.60905,0,0,0,0,0,0,0,0,0,0,0,0,0,0,0,0,0,0,0,0,0,0,0,0
1770178458341239769,0.061881,0.564936,-1.75356,0.0741211,1.46172,-1.86186,0.185645,0.598041,-1.79457,0.0659816,1.1157,-1.60817,0,0,0,0,0,0,0,0,0,0,0,0,0,0,0,0,0,0,0,0,0,0,0,0
1770178458361320218,0.0600212,0.566565,-1.75194,0.0755165,1.46319,-1.8631,0.183796,0.599401,-1.79325,0.0669489,1.11666,-1.60909,0,0,0,0,0,0,0,0,0,0,0,0,0,0,0,0,0,0,0,0,0,0,0,0
1770178458381398811,0.0618712,0.564945,-1.75355,0.0740548,1.46165,-1.8618,0.185647,0.598034,-1.79458,0.0659353,1.11566,-1.60812,0,0,0,0,0,0,0,0,0,0,0,0,0,0,0,0,0,0,0,0,0,0,0,0
1770178458401476348,0.0600314,0.566555,-1.75195,0.0755934,1.46326,-1.86317,0.183791,0.599408,-1.79324,0.0669926,1.11671,-1.60913,0,0,0,0,0,0,0,0,0,0,0,0,0,0,0,0,0,0,0,0,0,0,0,0
1770178458421555485,0.0618624,0.564952,-1.75354,0.0739859,1.46158,-1.86173,0.18565,0.598028,-1.79459,0.0658866,1.11561,-1.60807,0,0,0,0,0,0,0,0,0,0,0,0,0,0,0,0,0,0,0,0,0,0,0,0
1770178458441632030,0.0600407,0.566547,-1.75195,0.0756735,1.46335,-1.86324,0.183787,0.599415,-1.79324,0.067039,1.11675,-1.60918,0,0,0,0,0,0,0,0,0,0,0,0,0,0,0,0,0,0,0,0,0,0,0,0
1770178458461704991,0.0618544,0.564959,-1.75354,0.0739158,1.46151,-1.86167,0.185653,0.598022,-1.79459,0.065835,1.11556,-1.60802,0,0,0,0,0,0,0,0,0,0,0,0,0,0,0,0,0,0,0,0,0,0,0,0
1770178458481784384,0.0600491,0.566539,-1.75196,0.0757556,1.46343,-1.86331,0.183782,0.599421,-1.79323,0.0670876,1.1168,-1.60922,0,0,0,0,0,0,0,0,0,0,0,0,0,0,0,0,0,0,0,0,0,0,0,0
1770178458501863585,0.0618471,0.564965,-1.75353,0.073846,1.46143,-1.8616,0.185657,0.598017,-1.7946,0.0657807,1.1155,-1.60797,0,0,0,0,0,0,0,0,0,0,0,0,0,0,0,0,0,0,0,0,0,0,0,0
1770178458521942626,0.0600568,0.566531,-1.75197,0.0758377,1.46351,-1.86339,0.183777,0.599427,-1.79322,0.0671381,1.11685,-1.60927,0,0,0,0,0,0,0,0,0,0,0,0,0,0,0,0,0,0,0,0,0,0,0,0
1770178458542021027,0.0618405,0.564971,-1.75352,0.0737782,1.46136,-1.86154,0.185661,0.598012,-1.7946,0.0657242,1.11545,-1.60792,0,0,0,0,0,0,0,0,0,0,0,0,0,0,0,0,0,0,0,0,0,0,0,0
1770178458562101476,0.0600638,0.566525,-1.75198,0.0759178,1.46359,-1.86346,0.183772,0.599432,-1.79322,0.06719,1.1169,-1.60932,0,0,0,0,0,0,0,0,0,0,0,0,0,0,0,0,0,0,0,0,0,0,0,0
1770178458582179749,0.0618344,0.564976,-1.75352,0.0737147,1.4613,-1.86148,0.185665,0.598008,-1.79461,0.065666,1.11539,-1.60786,0,0,0,0,0,0,0,0,0,0,0,0,0,0,0,0,0,0,0,0,0,0,0,0
1770178458602252486,0.0600703,0.566519,-1.75198,0.0759935,1.46367,-1.86353,0.183768,0.599437,-1.79321,0.0672426,1.11695,-1.60937,0,0,0,0,0,0,0,0,0,0,0,0,0,0,0,0,0,0,0,0,0,0,0,0
1770178458622330823,0.0618288,0.564981,-1.75351,0.0736587,1.46124,-1.86142,0.185669,0.598004,-1.79461,0.0656068,1.11533,-1.6078,0,0,0,0,0,0,0,0,0,0,0,0,0,0,0,0,0,0,0,0,0,0,0,0
1770178458642410632,0.0600761,0.566513,-1.75199,0.0760612,1.46374,-1.86359,0.183763,0.599442,-1.79321,0.0672954,1.11701,-1.60942,0,0,0,0,0,0,0,0,0,0,0,0,0,0,0,0,0,0,0,0,0,0,0,0
1770178458662489641,0.0618237,0.564985,-1.75351,0.073624,1.4612,-1.86137,0.185673,0.598,-1.79461,0.0655474,1.11527,-1.60774,0,0,0,0,0,0,0,0,0,0,0,0,0,0,0,0,0,0,0,0,0,0,0,0
1770178458682574346,0.0600815,0.566508,-1.75199,0.0761093,1.46378,-1.86364,0.183759,0.599446,-1.7932,0.0673475,1.11706,-1.60947,0,0,0,0,0,0,0,0,0,0,0,0,0,0,0,0,0,0,0,0,0,0,0,0
1770178458702652139,0.061819,0.564989,-1.75351,0.0733401,1.46514,-1.86142,0.185677,0.597997,-1.79462,0.0654886,1.11521,-1.60769,0,0,0,0,0,0,0,0,0,0,0,0,0,0,0,0,0,0,0,0,0,0,0,0
1770178458722723692,0.0600865,0.566504,-1.752,0.0762909,1.46434,-1.864,0.183755,0.59945,-1.7932,0.0673981,1.11711,-1.60951,0,0,0,0,0,0,0,0,0,0,0,0,0,0,0,0,0,0,0,0,0,0,0,0
1770178458742802061,0.0618146,0.564992,-1.7535,0.0787662,1.4664,-1.86659,0.18568,0.597993,-1.79462,0.0654314,1.11515,-1.60763,0,0,0,0,0,0,0,0,0,0,0,0,0,0,0,0,0,0,0,0,0,0,0,0
1770178458762883278,0.060091,0.566499,-1.752,0.0765416,1.46423,-1.86407,0.183752,0.599454,-1.7932,0.0674465,1.11715,-1.60956,0,0,0,0,0,0,0,0,0,0,0,0,0,0,0,0,0,0,0,0,0,0,0,0
1770178458782962159,0.0618106,0.564996,-1.7535,0.0788539,1.46644,-1.86662,0.185683,0.597991,-1.79462,0.0653767,1.1151,-1.60758,0,0,0,0,0,0,0,0,0,0,0,0,0,0,0,0,0,0,0,0,0,0,0,0
1770178458803039632,0.0600953,0.566495,-1.75201,0.0764921,1.46416,-1.86401,0.183748,0.599457,-1.79319,0.067492,1.1172,-1.6096,0,0,0,0,0,0,0,0,0,0,0,0,0,0,0,0,0,0,0,0,0,0,0,0
1770178458823117264,0.061807,0.564999,-1.7535,0.0788881,1.46648,-1.86664,0.185686,0.597988,-1.79463,0.0653253,1.11505,-1.60753,0,0,0,0,0,0,0,0,0,0,0,0,0,0,0,0,0,0,0,0,0,0,0,0
1770178458843195505,0.0600991,0.566492,-1.75201,0.0764533,1.46412,-1.86398,0.183745,0.59946,-1.79319,0.0675341,1.11724,-1.60964,0,0,0,0,0,0,0,0,0,0,0,0,0,0,0,0,0,0,0,0,0,0,0,0
1770178458863278483,0.0618035,0.565002,-1.75349,0.078851,1.46651,-1.86656,0.185689,0.597985,-1.79463,0.0652777,1.115,-1.60748,0,0,0,0,0,0,0,0,0,0,0,0,0,0,0,0,0,0,0,0,0,0,0,0
1770178458883351987,0.0601027,0.566488,-1.75201,0.0764741,1.46411,-1.86408,0.183742,0.599463,-1.79319,0.0675722,1.11728,-1.60967,0,0,0,0,0,0,0,0,0,0,0,0,0,0,0,0,0,0,0,0,0,0,0,0
1770178458903430612,0.0618004,0.565004,-1.75349,0.0789107,1.46651,-1.86664,0.185691,0.597983,-1.79463,0.0652346,1.11495,-1.60744,0,0,0,0,0,0,0,0,0,0,0,0,0,0,0,0,0,0,0,0,0,0,0,0
1770178458923507605,0.060106,0.566485,-1.75202,0.0764317,1.46408,-1.86398,0.18374,0.599466,-1.79318,0.0676062,1.11731,-1.60971,0,0,0,0,0,0,0,0,0,0,0,0,0,0,0,0,0,0,0,0,0,0,0,0
1770178458943588662,0.0617975,0.565007,-1.75349,0.0788391,1.46652,-1.86651,0.185694,0.597981,-1.79463,0.0651962,1.11492,-1.6074,0,0,0,0,0,0,0,0,0,0,0,0,0,0,0,0,0,0,0,0,0,0,0,0
1770178458963668119,0.0601091,0.566482,-1.75202,0.0764805,1.46409,-1.86412,0.183737,0.599469,-1.79318,0.0676361,1.11734,-1.60973,0,0,0,0,0,0,0,0,0,0,0,0,0,0,0,0,0,0,0,0,0,0,0,0
1770178458983744248,0.0617948,0.565009,-1.75348,0.0789059,1.46651,-1.86662,0.185696,0.597979,-1.79464,0.0651625,1.11488,-1.60737,0,0,0,0,0,0,0,0,0,0,0,0,0,0,0,0,0,0,0,0,0,0,0,0
1770178459003822649,0.0601119,0.56648,-1.75202,0.0764374,1.46408,-1.864,0.183735,0.599471,-1.79318,0.0676618,1.11736,-1.60976,0,0,0,0,0,0,0,0,0,0,0,0,0,0,0,0,0,0,0,0,0,0,0,0
1770178459023900858,0.0617923,0.565011,-1.75348,0.0789217,1.46653,-1.86665,0.185698,0.597977,-1.79464,0.0651334,1.11485,-1.60734,0,0,0,0,0,0,0,0,0,0,0,0,0,0,0,0,0,0,0,0,0,0,0,0
1770178459043977275,0.0601145,0.566477,-1.75202,0.0764149,1.46406,-1.86397,0.183733,0.599473,-1.79318,0.0676837,1.11738,-1.60978,0,0,0,0,0,0,0,0,0,0,0,0,0,0,0,0,0,0,0,0,0,0,0,0
1770178459064049436,0.06179,0.565013,-1.75348,0.0786832,1.4658,-1.86386,0.1857,0.597975,-1.79464,0.0651088,1.11483,-1.60731,0,0,0,0,0,0,0,0,0,0,0,0,0,0,0,0,0,0,0,0,0,0,0,0
1770178459084123069,0.060117,0.566475,-1.75203,0.0776483,1.46453,-1.86572,0.183731,0.599475,-1.79317,0.067702,1.1174,-1.60979,0,0,0,0,0,0,0,0,0,0,0,0,0,0,0,0,0,0,0,0,0,0,0,0
1770178459104216926,0.0617878,0.565015,-1.75348,0.0781046,1.46589,-1.86512,0.185701,0.597974,-1.79464,0.0650881,1.11481,-1.60729,0,0,0,0,0,0,0,0,0,0,0,0,0,0,0,0,0,0,0,0,0,0,0,0
1770178459124297503,0.0601192,0.566473,-1.75203,0.0774736,1.46481,-1.86549,0.183729,0.599477,-1.79317,0.0677171,1.11742,-1.60981,0,0,0,0,0,0,0,0,0,0,0,0,0,0,0,0,0,0,0,0,0,0,0,0
1770178459144376000,0.0617859,0.565017,-1.75348,0.0780458,1.46582,-1.86539,0.185703,0.597972,-1.79464,0.0650712,1.11479,-1.60728,0,0,0,0,0,0,0,0,0,0,0,0,0,0,0,0,0,0,0,0,0,0,0,0
1770178459164447297,0.0601213,0.566471,-1.75203,0.0774303,1.46491,-1.86531,0.183727,0.599479,-1.79317,0.0677293,1.11743,-1.60982,0,0,0,0,0,0,0,0,0,0,0,0,0,0,0,0,0,0,0,0,0,0,0,0
1770178459184524898,0.061784,0.565018,-1.75348,0.0780547,1.46577,-1.86556,0.185704,0.597971,-1.79464,0.0650574,1.11478,-1.60726,0,0,0,0,0,0,0,0,0,0,0,0,0,0,0,0,0,0,0,0,0,0,0,0
1770178459204604483,0.0601233,0.566469,-1.75203,0.0773973,1.46495,-1.86517,0.183726,0.59948,-1.79317,0.0677391,1.11744,-1.60983,0,0,0,0,0,0,0,0,0,0,0,0,0,0,0,0,0,0,0,0,0,0,0,0
1770178459224682532,0.0617823,0.56502,-1.75347,0.0780812,1.46576,-1.86567,0.185706,0.597969,-1.79464,0.0650463,1.11476,-1.60725,0,0,0,0,0,0,0,0,0,0,0,0,0,0,0,0,0,0,0,0,0,0,0,0
1770178459244761861,0.0601251,0.566467,-1.75203,0.0773612,1.46496,-1.86507,0.183724,0.599482,-1.79317,0.0677469,1.11744,-1.60983,0,0,0,0,0,0,0,0,0,0,0,0,0,0,0,0,0,0,0,0,0,0,0,0
1770178459264840710,0.0617807,0.565021,-1.75347,0.0781163,1.46577,-1.86576,0.185707,0.597968,-1.79465,0.0650376,1.11476,-1.60724,0,0,0,0,0,0,0,0,0,0,0,0,0,0,0,0,0,0,0,0,0,0,0,0
1770178459284921159,0.0601268,0.566466,-1.75204,0.07732,1.46494,-1.86499,0.183723,0.599483,-1.79317,0.067753,1.11745,-1.60984,0,0,0,0,0,0,0,0,0,0,0,0,0,0,0,0,0,0,0,0,0,0,0,0
1770178459305001512,0.0617792,0.565022,-1.75347,0.0781576,1.46579,-1.86583,0.185708,0.597967,-1.79465,0.0650307,1.11475,-1.60724,0,0,0,0,0,0,0,0,0,0,0,0,0,0,0,0,0,0,0,0,0,0,0,0
1770178459325082217,0.0601283,0.566464,-1.75204,0.0772735,1.46491,-1.86491,0.183722,0.599484,-1.79317,0.0677578,1.11746,-1.60984,0,0,0,0,0,0,0,0,0,0,0,0,0,0,0,0,0,0,0,0,0,0,0,0
1770178459345162506,0.0617778,0.565023,-1.75347,0.0782041,1.46582,-1.8659,0.185709,0.597966,-1.79465,0.0650254,1.11474,-1.60723,0,0,0,0,0,0,0,0,0,0,0,0,0,0,0,0,0,0,0,0,0,0,0,0
1770178459365240459,0.0601298,0.566463,-1.75204,0.0772218,1.46487,-1.86484,0.183721,0.599486,-1.79316,0.0677614,1.11746,-1.60985,0,0,0,0,0,0,0,0,0,0,0,0,0,0,0,0,0,0,0,0,0,0,0,0
1770178459385321196,0.0617765,0.565025,-1.75347,0.0782552,1.46587,-1.86596,0.18571,0.597965,-1.79465,0.0650213,1.11474,-1.60723,0,0,0,0,0,0,0,0,0,0,0,0,0,0,0,0,0,0,0,0,0,0,0,0
1770178459405400877,0.0601312,0.566462,-1.75204,0.0771651,1.46482,-1.86477,0.18372,0.599487,-1.79316,0.0677642,1.11746,-1.60985,0,0,0,0,0,0,0,0,0,0,0,0,0,0,0,0,0,0,0,0,0,0,0,0
1770178459425480910,0.0617753,0.565026,-1.75347,0.0783106,1.46592,-1.86603,0.185711,0.597965,-1.79465,0.0650182,1.11474,-1.60722,0,0,0,0,0,0,0,0,0,0,0,0,0,0,0,0,0,0,0,0,0,0,0,0
1770178459445559727,0.0601324,0.56646,-1.75204,0.0771035,1.46476,-1.86469,0.183719,0.599488,-1.79316,0.0677663,1.11746,-1.60985,0,0,0,0,0,0,0,0,0,0,0,0,0,0,0,0,0,0,0,0,0,0,0,0
1770178459465637904,0.0617742,0.565027,-1.75347,0.0783699,1.46597,-1.8661,0.185712,0.597964,-1.79465,0.0650158,1.11473,-1.60722,0,0,0,0,0,0,0,0,0,0,0,0,0,0,0,0,0,0,0,0,0,0,0,0
1770178459485715377,0.0601336,0.566459,-1.75204,0.0770376,1.4647,-1.86462,0.183718,0.599488,-1.79316,0.0677679,1.11747,-1.60985,0,0,0,0,0,0,0,0,0,0,0,0,0,0,0,0,0,0,0,0,0,0,0,0
1770178459505798674,0.0617731,0.565027,-1.75347,0.0784324,1.46603,-1.86617,0.185712,0.597963,-1.79465,0.065014,1.11473,-1.60722,0,0,0,0,0,0,0,0,0,0,0,0,0,0,0,0,0,0,0,0,0,0,0,0
1770178459525878291,0.0601347,0.566458,-1.75204,0.0769679,1.46463,-1.86454,0.183717,0.599489,-1.79316,0.0677691,1.11747,-1.60985,0,0,0,0,0,0,0,0,0,0,0,0,0,0,0,0,0,0,0,0,0,0,0,0
1770178459545956820,0.0617722,0.565028,-1.75347,0.0784974,1.46609,-1.86624,0.185713,0.597962,-1.79465,0.0650127,1.11473,-1.60722,0,0,0,0,0,0,0,0,0,0,0,0,0,0,0,0,0,0,0,0,0,0,0,0
1770178459566035733,0.0601357,0.566457,-1.75204,0.0768953,1.46456,-1.86446,0.183716,0.59949,-1.79316,0.06777,1.11747,-1.60985,0,0,0,0,0,0,0,0,0,0,0,0,0,0,0,0,0,0,0,0,0,0,0,0
1770178459586112502,0.0617713,0.565029,-1.75347,0.0785638,1.46615,-1.86631,0.185714,0.597962,-1.79465,0.0650117,1.11473,-1.60722,0,0,0,0,0,0,0,0,0,0,0,0,0,0,0,0,0,0,0,0,0,0,0,0
1770178459606186103,0.0601367,0.566457,-1.75204,0.0768211,1.46449,-1.86437,0.183716,0.599491,-1.79316,0.0677707,1.11747,-1.60985,0,0,0,0,0,0,0,0,0,0,0,0,0,0,0,0,0,0,0,0,0,0,0,0
1770178459626272504,0.0617704,0.56503,-1.75346,0.0786304,1.46622,-1.86638,0.185714,0.597961,-1.79465,0.0650109,1.11473,-1.60722,0,0,0,0,0,0,0,0,0,0,0,0,0,0,0,0,0,0,0,0,0,0,0,0
1770178459646349177,0.0601376,0.566456,-1.75205,0.0767466,1.46442,-1.86429,0.183715,0.599491,-1.79316,0.0677712,1.11747,-1.60986,0,0,0,0,0,0,0,0,0,0,0,0,0,0,0,0,0,0,0,0,0,0,0,0
1770178459666425434,0.0617696,0.56503,-1.75346,0.0786956,1.46628,-1.86645,0.185715,0.597961,-1.79465,0.0650104,1.11473,-1.60722,0,0,0,0,0,0,0,0,0,0,0,0,0,0,0,0,0,0,0,0,0,0,0,0
1770178459686496155,-0.0937265,0.98616,-1.81276,0.117871,0.616866,-1.68314,-0.000431439,0.826267,-1.96164,0.127625,0.847397,-2.13648,0,0,0,0,0,0,0,0,0,0,0,0,0,0,0,0,0,0,0,0,0,0,0,0
1770178459706579388,-0.0886072,0.961982,-1.80774,0.116961,0.615474,-1.67453,0.011103,0.836701,-1.97144,0.120123,0.877922,-2.15654,0,0,0,0,0,0,0,0,0,0,0,0,0,0,0,0,0,0,0,0,0,0,0,0
1770178459726652796,-0.0861392,0.959356,-1.80895,0.119642,0.613208,-1.67745,0.0099557,0.834443,-1.97131,0.121165,0.878825,-2.15496,0,0,0,0,0,0,0,0,0,0,0,0,0,0,0,0,0,0,0,0,0,0,0,0
1770178459746728765,-0.0884952,0.961429,-1.80715,0.117071,0.615811,-1.67476,0.00962076,0.834669,-1.97082,0.119982,0.877452,-2.15615,0,0,0,0,0,0,0,0,0,0,0,0,0,0,0,0,0,0,0,0,0,0,0,0
1770178459766807358,-0.0863935,0.959406,-1.80908,0.11971,0.613209,-1.67742,0.00956655,0.834487,-1.97071,0.121306,0.878777,-2.15476,0,0,0,0,0,0,0,0,0,0,0,0,0,0,0,0,0,0,0,0,0,0,0,0
1770178459786886655,-0.0883467,0.961396,-1.80714,0.117073,0.615834,-1.67474,0.00947223,0.834546,-1.97073,0.119891,0.877307,-2.15622,0,0,0,0,0,0,0,0,0,0,0,0,0,0,0,0,0,0,0,0,0,0,0,0
1770178459806964352,-0.0865381,0.959416,-1.8091,0.119723,0.613202,-1.67742,0.00952676,0.834472,-1.97065,0.121407,0.878865,-2.15465,0,0,0,0,0,0,0,0,0,0,0,0,0,0,0,0,0,0,0,0,0,0,0,0
1770178459827039201,-0.0882454,0.96137,-1.80715,0.117064,0.615845,-1.67473,0.00945356,0.83454,-1.97072,0.11978,0.877188,-2.15633,0,0,0,0,0,0,0,0,0,0,0,0,0,0,0,0,0,0,0,0,0,0,0,0
1770178459847116962,-0.0866312,0.959431,-1.80911,0.119731,0.613195,-1.67743,0.00952602,0.834466,-1.97065,0.121511,0.87897,-2.15454,0,0,0,0,0,0,0,0,0,0,0,0,0,0,0,0,0,0,0,0,0,0,0,0
1770178459867199459,-0.0881719,0.961344,-1.80716,0.117056,0.615854,-1.67472,0.00944784,0.834543,-1.97072,0.119662,0.877066,-2.15645,0,0,0,0,0,0,0,0,0,0,0,0,0,0,0,0,0,0,0,0,0,0,0,0
1770178459887278084,-0.0866962,0.959447,-1.80911,0.119737,0.613189,-1.67744,0.00952992,0.834461,-1.97064,0.121608,0.879068,-2.15444,0,0,0,0,0,0,0,0,0,0,0,0,0,0,0,0,0,0,0,0,0,0,0,0
1770178459907355237,-0.0881162,0.96132,-1.80718,0.117049,0.615861,-1.67472,0.00944305,0.834548,-1.97073,0.119551,0.876952,-2.15657,0,0,0,0,0,0,0,0,0,0,0,0,0,0,0,0,0,0,0,0,0,0,0,0
1770178459927440038,-0.0867438,0.959463,-1.8091,0.119742,0.613185,-1.67744,0.00953478,0.834456,-1.97064,0.117011,0.879996,-2.15925,0,0,0,0,0,0,0,0,0,0,0,0,0,0,0,0,0,0,0,0,0,0,0,0
1770178459947517991,-0.0880726,0.961298,-1.80719,0.117044,0.615866,-1.67471,0.00943787,0.834553,-1.97073,0.118952,0.876882,-2.15683,0,0,0,0,0,0,0,0,0,0,0,0,0,0,0,0,0,0,0,0,0,0,0,0
1770178459967593928,-0.0867798,0.95948,-1.80909,0.119745,0.613181,-1.67745,0.00954026,0.834451,-1.97063,0.116448,0.873901,-2.1597,0,0,0,0,0,0,0,0,0,0,0,0,0,0,0,0,0,0,0,0,0,0,0,0
1770178459987679049,-0.0880377,0.961277,-1.80721,0.117039,0.61587,-1.67471,0.00943211,0.834559,-1.97074,0.119126,0.876542,-2.15699,0,0,0,0,0,0,0,0,0,0,0,0,0,0,0,0,0,0,0,0,0,0,0,0
1770178460007764042,-0.086808,0.959496,-1.80908,0.119748,0.613178,-1.67745,0.00954638,0.834444,-1.97062,0.116458,0.873945,-2.15954,0,0,0,0,0,0,0,0,0,0,0,0,0,0,0,0,0,0,0,0,0,0,0,0
1770178460027839499,-0.0880094,0.961257,-1.80722,0.117036,0.615874,-1.6747,0.00942569,0.834565,-1.97075,0.119039,0.876447,-2.15706,0,0,0,0,0,0,0,0,0,0,0,0,0,0,0,0,0,0,0,0,0,0,0,0
1770178460047915916,-0.0868303,0.959511,-1.80906,0.119751,0.613176,-1.67745,0.00955322,0.834438,-1.97062,0.116518,0.873996,-2.15949,0,0,0,0,0,0,0,0,0,0,0,0,0,0,0,0,0,0,0,0,0,0,0,0
1770178460067998285,-0.0879859,0.96124,-1.80724,0.117033,0.615876,-1.6747,0.00941853,0.834572,-1.97075,0.118973,0.876381,-2.15713,0,0,0,0,0,0,0,0,0,0,0,0,0,0,0,0,0,0,0,0,0,0,0,0
1770178460088083182,-0.0868485,0.959525,-1.80905,0.119753,0.613174,-1.67745,0.00956084,0.83443,-1.97061,0.116564,0.87404,-2.15944,0,0,0,0,0,0,0,0,0,0,0,0,0,0,0,0,0,0,0,0,0,0,0,0
1770178460108157583,-0.0879662,0.961223,-1.80726,0.117031,0.615879,-1.6747,0.00941055,0.83458,-1.97076,0.118921,0.87633,-2.15718,0,0,0,0,0,0,0,0,0,0,0,0,0,0,0,0,0,0,0,0,0,0,0,0
1770178460128229904,-0.0868634,0.959538,-1.80904,0.119754,0.613173,-1.67746,0.00956935,0.834421,-1.9706,0.116601,0.874075,-2.15941,0,0,0,0,0,0,0,0,0,0,0,0,0,0,0,0,0,0,0,0,0,0,0,0
1770178460148307025,-0.0879495,0.961209,-1.80727,0.117029,0.61588,-1.6747,0.00940165,0.834589,-1.97077,0.118879,0.876289,-2.15722,0,0,0,0,0,0,0,0,0,0,0,0,0,0,0,0,0,0,0,0,0,0,0,0
1770178460168382770,-0.0868759,0.95955,-1.80903,0.119755,0.613171,-1.67746,0.00957885,0.834412,-1.97059,0.116632,0.874105,-2.15938,0,0,0,0,0,0,0,0,0,0,0,0,0,0,0,0,0,0,0,0,0,0,0,0
1770178460188460211,-0.0879352,0.961195,-1.80728,0.117028,0.615882,-1.67469,0.00939173,0.834599,-1.97078,0.118844,0.876255,-2.15725,0,0,0,0,0,0,0,0,0,0,0,0,0,0,0,0,0,0,0,0,0,0,0,0
1770178460208538196,-0.0868866,0.959561,-1.80902,0.119756,0.613171,-1.67746,0.00958944,0.834401,-1.97058,0.116657,0.87413,-2.15935,0,0,0,0,0,0,0,0,0,0,0,0,0,0,0,0,0,0,0,0,0,0,0,0
1770178460228610773,-0.0879227,0.961183,-1.80729,0.117027,0.615883,-1.67469,0.00938069,0.83461,-1.97079,0.118815,0.876226,-2.15728,0,0,0,0,0,0,0,0,0,0,0,0,0,0,0,0,0,0,0,0,0,0,0,0
1770178460248686806,-0.0868957,0.959571,-1.80901,0.119757,0.61317,-1.67746,0.00960126,0.834389,-1.97057,0.116679,0.874151,-2.15933,0,0,0,0,0,0,0,0,0,0,0,0,0,0,0,0,0,0,0,0,0,0,0,0
1770178460268762775,-0.0879118,0.961171,-1.8073,0.117026,0.615883,-1.67469,0.00936839,0.834623,-1.9708,0.11879,0.876202,-2.15731,0,0,0,0,0,0,0,0,0,0,0,0,0,0,0,0,0,0,0,0,0,0,0,0
1770178460288839512,-0.0869037,0.959581,-1.809,0.119757,0.613169,-1.67746,0.00961444,0.834376,-1.97056,0.116698,0.874169,-2.15932,0,0,0,0,0,0,0,0,0,0,0,0,0,0,0,0,0,0,0,0,0,0,0,0
1770178460308916920,-0.0879021,0.961161,-1.80732,0.117025,0.615884,-1.67469,0.0093547,0.834636,-1.97082,0.118769,0.876181,-2.15733,0,0,0,0,0,0,0,0,0,0,0,0,0,0,0,0,0,0,0,0,0,0,0,0
1770178460329002682,-0.0869106,0.95959,-1.80899,0.119758,0.613169,-1.67746,0.00962912,0.834362,-1.97054,0.116714,0.874185,-2.1593,0,0,0,0,0,0,0,0,0,0,0,0,0,0,0,0,0,0,0,0,0,0,0,0
1770178460349076762,-0.0878936,0.961151,-1.80732,0.117025,0.615885,-1.67469,0.00933947,0.834651,-1.97083,0.11875,0.876163,-2.15735,0,0,0,0,0,0,0,0,0,0,0,0,0,0,0,0,0,0,0,0,0,0,0,0
1770178460369150875,-0.0869168,0.959598,-1.80898,0.119758,0.613169,-1.67746,0.00964548,0.834345,-1.97053,0.116728,0.874199,-2.15929,0,0,0,0,0,0,0,0,0,0,0,0,0,0,0,0,0,0,0,0,0,0,0,0
1770178460389225692,-0.0878859,0.961143,-1.80733,0.117025,0.615885,-1.67469,0.00932254,0.834668,-1.97085,0.118734,0.876147,-2.15736,0,0,0,0,0,0,0,0,0,0,0,0,0,0,0,0,0,0,0,0,0,0,0,0
1770178460409310845,-0.0869223,0.959605,-1.80897,0.119758,0.613168,-1.67746,0.0096637,0.834327,-1.97051,0.116741,0.874211,-2.15928,0,0,0,0,0,0,0,0,0,0,0,0,0,0,0,0,0,0,0,0,0,0,0,0
1770178460429387806,-0.087879,0.961135,-1.80734,0.117024,0.615885,-1.67469,0.00930374,0.834687,-1.97087,0.11872,0.876134,-2.15737,0,0,0,0,0,0,0,0,0,0,0,0,0,0,0,0,0,0,0,0,0,0,0,0
1770178460449464415,-0.0869273,0.959612,-1.80896,0.119759,0.613168,-1.67746,0.00968398,0.834306,-1.97049,0.116752,0.874221,-2.15927,0,0,0,0,0,0,0,0,0,0,0,0,0,0,0,0,0,0,0,0,0,0,0,0
1770178460469540160,-0.0878727,0.961127,-1.80735,0.117024,0.615885,-1.67469,0.00928288,0.834708,-1.97089,0.118708,0.876121,-2.15739,0,0,0,0,0,0,0,0,0,0,0,0,0,0,0,0,0,0,0,0,0,0,0,0
1770178460489622337,-0.0869317,0.959619,-1.80896,0.119759,0.613168,-1.67746,0.00970651,0.834284,-1.97046,0.116761,0.874231,-2.15926,0,0,0,0,0,0,0,0,0,0,0,0,0,0,0,0,0,0,0,0,0,0,0,0
1770178460509699426,-0.087867,0.96112,-1.80736,0.117024,0.615886,-1.67469,0.00925977,0.834731,-1.97091,0.118697,0.876111,-2.1574,0,0,0,0,0,0,0,0,0,0,0,0,0,0,0,0,0,0,0,0,0,0,0,0
1770178460529774211,-0.0869358,0.959625,-1.80895,0.119759,0.613168,-1.67746,0.00973154,0.834259,-1.97044,0.11677,0.874239,-2.15925,0,0,0,0,0,0,0,0,0,0,0,0,0,0,0,0,0,0,0,0,0,0,0,0
1770178460549848964,-0.0878618,0.961114,-1.80736,0.117024,0.615886,-1.67469,0.0092342,0.834756,-1.97094,0.118687,0.876101,-2.15741,0,0,0,0,0,0,0,0,0,0,0,0,0,0,0,0,0,0,0,0,0,0,0,0
1770178460569941573,-0.0869395,0.95963,-1.80895,0.119759,0.613168,-1.67746,0.0097593,0.834231,-1.97041,0.116778,0.874246,-2.15924,0,0,0,0,0,0,0,0,0,0,0,0,0,0,0,0,0,0,0,0,0,0,0,0
1770178460590034119,-0.0878571,0.961108,-1.80737,0.117024,0.615886,-1.67469,0.00920598,0.834785,-1.97096,0.118678,0.876093,-2.15742,0,0,0,0,0,0,0,0,0,0,0,0,0,0,0,0,0,0,0,0,0,0,0,0
1770178460610109767,-0.0869429,0.959635,-1.80894,0.119759,0.613168,-1.67746,0.00979002,0.8342,-1.97038,0.116785,0.874253,-2.15923,0,0,0,0,0,0,0,0,0,0,0,0,0,0,0,0,0,0,0,0,0,0,0,0
1770178460630183496,-0.0878527,0.961102,-1.80737,0.117024,0.615886,-1.67469,0.00917489,0.834816,-1.97099,0.11867,0.876085,-2.15742,0,0,0,0,0,0,0,0,0,0,0,0,0,0,0,0,0,0,0,0,0,0,0,0
1770178460650264777,-0.086946,0.95964,-1.80894,0.119759,0.613168,-1.67746,0.00982395,0.834166,-1.97035,0.116791,0.874259,-2.15923,0,0,0,0,0,0,0,0,0,0,0,0,0,0,0,0,0,0,0,0,0,0,0,0
1770178460670337034,-0.0878487,0.961097,-1.80738,0.117023,0.615886,-1.67469,0.00914074,0.834849,-1.97103,0.118664,0.876078,-2.15743,0,0,0,0,0,0,0,0,0,0,0,0,0,0,0,0,0,0,0,0,0,0,0,0
1770178460690415083,-0.0869488,0.959644,-1.80893,0.119759,0.613168,-1.67746,0.00986132,0.834128,-1.97031,0.116796,0.874264,-2.15922,0,0,0,0,0,0,0,0,0,0,0,0,0,0,0,0,0,0,0,0,0,0,0,0
1770178460710492972,-0.0878449,0.961092,-1.80739,0.117023,0.615886,-1.67469,0.00910337,0.834887,-1.97107,0.118657,0.876072,-2.15744,0,0,0,0,0,0,0,0,0,0,0,0,0,0,0,0,0,0,0,0,0,0,0,0
1770178460730576461,-0.0869515,0.959649,-1.80893,0.119759,0.613168,-1.67746,0.00990234,0.834087,-1.97027,0.116801,0.874269,-2.15922,0,0,0,0,0,0,0,0,0,0,0,0,0,0,0,0,0,0,0,0,0,0,0,0
1770178460750654446,-0.0878415,0.961088,-1.80739,0.117023,0.615886,-1.67469,0.00906264,0.834927,-1.97111,0.118652,0.876067,-2.15744,0,0,0,0,0,0,0,0,0,0,0,0,0,0,0,0,0,0,0,0,0,0,0,0
1770178460770731695,-0.0869539,0.959652,-1.80892,0.119759,0.613168,-1.67746,0.00994718,0.834042,-1.97022,0.116806,0.874273,-2.15921,0,0,0,0,0,0,0,0,0,0,0,0,0,0,0,0,0,0,0,0,0,0,0,0
1770178460790808048,-0.0878383,0.961084,-1.80739,0.117023,0.615886,-1.67469,0.00901849,0.834971,-1.97115,0.118647,0.876062,-2.15745,0,0,0,0,0,0,0,0,0,0,0,0,0,0,0,0,0,0,0,0,0,0,0,0
1770178460810886833,-0.0869562,0.959656,-1.80892,0.119759,0.613168,-1.67746,0.00999594,0.833992,-1.97017,0.11681,0.874277,-2.15921,0,0,0,0,0,0,0,0,0,0,0,0,0,0,0,0,0,0,0,0,0,0,0,0
1770178460830962354,-0.0878354,0.96108,-1.8074,0.117023,0.615886,-1.67469,0.00897091,0.835018,-1.9712,0.118642,0.876058,-2.15745,0,0,0,0,0,0,0,0,0,0,0,0,0,0,0,0,0,0,0,0,0,0,0,0
1770178460851039123,-0.0869583,0.959659,-1.80892,0.119759,0.613167,-1.67746,0.0100486,0.833939,-1.97012,0.116813,0.874281,-2.15921,0,0,0,0,0,0,0,0,0,0,0,0,0,0,0,0,0,0,0,0,0,0,0,0
1770178460871115124,-0.0878326,0.961076,-1.8074,0.117023,0.615886,-1.67469,0.00892002,0.835069,-1.97125,0.118638,0.876054,-2.15745,0,0,0,0,0,0,0,0,0,0,0,0,0,0,0,0,0,0,0,0,0,0,0,0
1770178460891200437,-0.0869603,0.959663,-1.80891,0.119759,0.613167,-1.67746,0.0101052,0.833882,-1.97006,0.116817,0.874284,-2.1592,0,0,0,0,0,0,0,0,0,0,0,0,0,0,0,0,0,0,0,0,0,0,0,0
1770178460911279030,-0.08783,0.961073,-1.80741,0.117023,0.615886,-1.67469,0.00886606,0.835122,-1.9713,0.118634,0.87605,-2.15746,0,0,0,0,0,0,0,0,0,0,0,0,0,0,0,0,0,0,0,0,0,0,0,0
1770178460931357591,-0.0869621,0.959666,-1.80891,0.119759,0.613167,-1.67746,0.0101653,0.833821,-1.97,0.11682,0.874287,-2.1592,0,0,0,0,0,0,0,0,0,0,0,0,0,0,0,0,0,0,0,0,0,0,0,0
1770178460951432312,-0.0878276,0.96107,-1.80741,0.117023,0.615886,-1.67469,0.00880944,0.835178,-1.97135,0.118631,0.876047,-2.15746,0,0,0,0,0,0,0,0,0,0,0,0,0,0,0,0,0,0,0,0,0,0,0,0
1770178460971514105,-0.0869638,0.959668,-1.80891,0.119759,0.613167,-1.67746,0.0102285,0.833757,-1.96994,0.116822,0.87429,-2.1592,0,0,0,0,0,0,0,0,0,0,0,0,0,0,0,0,0,0,0,0,0,0,0,0
1770178460991592186,-0.0878254,0.961067,-1.80741,0.117023,0.615886,-1.67469,0.00875073,0.835236,-1.97141,0.118628,0.876044,-2.15746,0,0,0,0,0,0,0,0,0,0,0,0,0,0,0,0,0,0,0,0,0,0,0,0
1770178461011669659,-0.0869654,0.959671,-1.8089,0.119759,0.613167,-1.67746,0.0102943,0.833691,-1.96987,0.116825,0.874292,-2.1592,0,0,0,0,0,0,0,0,0,0,0,0,0,0,0,0,0,0,0,0,0,0,0,0
1770178461031747004,-0.0878233,0.961064,-1.80741,0.117023,0.615886,-1.67469,0.00869067,0.835295,-1.97147,0.118625,0.876041,-2.15747,0,0,0,0,0,0,0,0,0,0,0,0,0,0,0,0,0,0,0,0,0,0,0,0
1770178461051825405,-0.0869669,0.959673,-1.8089,0.119759,0.613167,-1.67746,0.0103616,0.833623,-1.9698,0.116827,0.874294,-2.15919,0,0,0,0,0,0,0,0,0,0,0,0,0,0,0,0,0,0,0,0,0,0,0,0
1770178461071905502,-0.0878214,0.961062,-1.80742,0.117023,0.615886,-1.67469,0.00863019,0.835354,-1.97153,0.118623,0.876038,-2.15747,0,0,0,0,0,0,0,0,0,0,0,0,0,0,0,0,0,0,0,0,0,0,0,0
1770178461091986751,-0.0869683,0.959676,-1.8089,0.119759,0.613167,-1.67746,0.0104295,0.833554,-1.96973,0.116829,0.874296,-2.15919,0,0,0,0,0,0,0,0,0,0,0,0,0,0,0,0,0,0,0,0,0,0,0,0
1770178461112064256,-0.0878196,0.961059,-1.80742,0.117023,0.615886,-1.67469,0.00857033,0.835413,-1.97159,0.11862,0.876036,-2.15747,0,0,0,0,0,0,0,0,0,0,0,0,0,0,0,0,0,0,0,0,0,0,0,0
1770178461132136769,-0.0869696,0.959678,-1.8089,0.119759,0.613167,-1.67746,0.0104968,0.833485,-1.96967,0.116831,0.874298,-2.15919,0,0,0,0,0,0,0,0,0,0,0,0,0,0,0,0,0,0,0,0,0,0,0,0
1770178461152209985,-0.0878178,0.961057,-1.80742,0.117023,0.615886,-1.67469,0.0085122,0.83547,-1.97164,0.118618,0.876034,-2.15747,0,0,0,0,0,0,0,0,0,0,0,0,0,0,0,0,0,0,0,0,0,0,0,0
1770178461172283586,-0.0869709,0.95968,-1.80889,0.119759,0.613167,-1.67746,0.0105621,0.833419,-1.9696,0.116833,0.8743,-2.15919,0,0,0,0,0,0,0,0,0,0,0,0,0,0,0,0,0,0,0,0,0,0,0,0
1770178461192356835,-0.0878162,0.961055,-1.80742,0.117023,0.615886,-1.67469,0.00845691,0.835524,-1.9717,0.118616,0.876032,-2.15748,0,0,0,0,0,0,0,0,0,0,0,0,0,0,0,0,0,0,0,0,0,0,0,0
1770178461212429284,-0.086972,0.959682,-1.80889,0.119759,0.613167,-1.67746,0.0106243,0.833356,-1.96954,0.116834,0.874301,-2.15919,0,0,0,0,0,0,0,0,0,0,0,0,0,0,0,0,0,0,0,0,0,0,0,0
1770178461232510053,-0.0878147,0.961053,-1.80743,0.117023,0.615886,-1.67469,0.00840546,0.835574,-1.97175,0.118614,0.876031,-2.15748,0,0,0,0,0,0,0,0,0,0,0,0,0,0,0,0,0,0,0,0,0,0,0,0
1770178461252586534,-0.0869731,0.959683,-1.80889,0.119759,0.613167,-1.67746,0.010682,0.833297,-1.96948,0.116836,0.874302,-2.15919,0,0,0,0,0,0,0,0,0,0,0,0,0,0,0,0,0,0,0,0,0,0,0,0
1770178461272661255,-0.0878133,0.961051,-1.80743,0.117023,0.615886,-1.67469,0.0083587,0.83562,-1.97179,0.118613,0.876029,-2.15748,0,0,0,0,0,0,0,0,0,0,0,0,0,0,0,0,0,0,0,0,0,0,0,0
1770178461292740424,-0.0869741,0.959685,-1.80889,0.119759,0.613167,-1.67746,0.0107345,0.833244,-1.96942,0.116837,0.874304,-2.15919,0,0,0,0,0,0,0,0,0,0,0,0,0,0,0,0,0,0,0,0,0,0,0,0
1770178461312818473,-0.087812,0.961049,-1.80743,0.117023,0.615886,-1.67469,0.00831729,0.83566,-1.97183,0.118611,0.876028,-2.15748,0,0,0,0,0,0,0,0,0,0,0,0,0,0,0,0,0,0,0,0,0,0,0,0
1770178461332896778,-0.0869751,0.959687,-1.80889,0.119759,0.613167,-1.67746,0.0107808,0.833196,-1.96938,0.116838,0.874305,-2.15918,0,0,0,0,0,0,0,0,0,0,0,0,0,0,0,0,0,0,0,0,0,0,0,0
1770178461352975627,-0.0878108,0.961047,-1.80743,0.117023,0.615886,-1.67469,0.00828164,0.835694,-1.97187,0.11861,0.876026,-2.15748,0,0,0,0,0,0,0,0,0,0,0,0,0,0,0,0,0,0,0,0,0,0,0,0
1770178461373056684,-0.086976,0.959688,-1.80888,0.119759,0.613167,-1.67746,0.0108205,0.833156,-1.96934,0.116839,0.874306,-2.15918,0,0,0,0,0,0,0,0,0,0,0,0,0,0,0,0,0,0,0,0,0,0,0,0
1770178461393133357,-0.0878096,0.961046,-1.80743,0.117023,0.615886,-1.67469,0.00825198,0.835723,-1.97189,0.118609,0.876025,-2.15748,0,0,0,0,0,0,0,0,0,0,0,0,0,0,0,0,0,0,0,0,0,0,0,0
1770178461413206414,-0.0869768,0.959689,-1.80888,0.119759,0.613167,-1.67746,0.0108534,0.833122,-1.9693,0.11684,0.874307,-2.15918,0,0,0,0,0,0,0,0,0,0,0,0,0,0,0,0,0,0,0,0,0,0,0,0
1770178461433279854,-0.0878085,0.961044,-1.80743,0.117023,0.615886,-1.67469,0.00822837,0.835745,-1.97192,0.118608,0.876024,-2.15748,0,0,0,0,0,0,0,0,0,0,0,0,0,0,0,0,0,0,0,0,0,0,0,0
1770178461453356783,-0.0869776,0.959691,-1.80888,0.119759,0.613167,-1.67746,0.0108792,0.833096,-1.96927,0.116841,0.874308,-2.15918,0,0,0,0,0,0,0,0,0,0,0,0,0,0,0,0,0,0,0,0,0,0,0,0
1770178461473432080,-0.0878074,0.961043,-1.80744,0.117023,0.615886,-1.67469,0.00821078,0.835761,-1.97193,0.118607,0.876023,-2.15749,0,0,0,0,0,0,0,0,0,0,0,0,0,0,0,0,0,0,0,0,0,0,0,0
1770178461493504785,-0.0869783,0.959692,-1.80888,0.119759,0.613167,-1.67746,0.010898,0.833076,-1.96926,0.116842,0.874308,-2.15918,0,0,0,0,0,0,0,0,0,0,0,0,0,0,0,0,0,0,0,0,0,0,0,0
1770178461513585490,-0.0878065,0.961042,-1.80744,0.117023,0.615886,-1.67469,0.00819901,0.835772,-1.97194,0.118606,0.876022,-2.15749,0,0,0,0,0,0,0,0,0,0,0,0,0,0,0,0,0,0,0,0,0,0,0,0
1770178461533659699,-0.086979,0.959693,-1.80888,0.119759,0.613167,-1.67746,0.0109099,0.833064,-1.96924,0.116842,0.874309,-2.15918,0,0,0,0,0,0,0,0,0,0,0,0,0,0,0,0,0,0,0,0,0,0,0,0
1770178461553734228,-0.0878056,0.96104,-1.80744,0.117023,0.615886,-1.67469,0.00819241,0.835777,-1.97195,0.118605,0.876021,-2.15749,0,0,0,0,0,0,0,0,0,0,0,0,0,0,0,0,0,0,0,0,0,0,0,0
1770178461573813397,-0.0869797,0.959694,-1.80888,0.119759,0.613167,-1.67746,0.0109157,0.833057,-1.96924,0.116843,0.87431,-2.15918,0,0,0,0,0,0,0,0,0,0,0,0,0,0,0,0,0,0,0,0,0,0,0,0
1770178461593891158,-0.0878047,0.961039,-1.80744,0.117023,0.615886,-1.67469,0.0081895,0.835779,-1.97195,0.118604,0.876021,-2.15749,0,0,0,0,0,0,0,0,0,0,0,0,0,0,0,0,0,0,0,0,0,0,0,0
1770178461613967927,-0.0869803,0.959695,-1.80888,0.119759,0.613167,-1.67746,0.0109178,0.833055,-1.96923,0.116844,0.87431,-2.15918,0,0,0,0,0,0,0,0,0,0,0,0,0,0,0,0,0,0,0,0,0,0,0,0
1770178461634046744,-0.0878039,0.961038,-1.80744,0.117023,0.615886,-1.67469,0.0081885,0.835779,-1.97195,0.118604,0.87602,-2.15749,0,0,0,0,0,0,0,0,0,0,0,0,0,0,0,0,0,0,0,0,0,0,0,0
1770178461654120857,-0.0869809,0.959696,-1.80888,0.119759,0.613167,-1.67746,0.0109183,0.833054,-1.96923,0.116844,0.874311,-2.15918,0,0,0,0,0,0,0,0,0,0,0,0,0,0,0,0,0,0,0,0,0,0,0,0
1770178461674196122,-0.0878031,0.961037,-1.80744,0.117023,0.615886,-1.67469,0.0081882,0.835779,-1.97195,0.118603,0.876019,-2.15749,0,0,0,0,0,0,0,0,0,0,0,0,0,0,0,0,0,0,0,0,0,0,0,0
1770178461694272411,-0.0869815,0.959697,-1.80888,0.119759,0.613167,-1.67746,0.0109185,0.833054,-1.96923,0.116845,0.874311,-2.15918,0,0,0,0,0,0,0,0,0,0,0,0,0,0,0,0,0,0,0,0,0,0,0,0
1770178461714344699,-0.0878024,0.961036,-1.80744,0.117023,0.615886,-1.67469,0.00818812,0.835779,-1.97195,0.118602,0.876019,-2.15749,0,0,0,0,0,0,0,0,0,0,0,0,0,0,0,0,0,0,0,0,0,0,0,0
1770178461734420988,-0.086982,0.959698,-1.80887,0.119759,0.613167,-1.67746,0.0109185,0.833054,-1.96923,0.116845,0.874312,-2.15918,0,0,0,0,0,0,0,0,0,0,0,0,0,0,0,0,0,0,0,0,0,0,0,0
1770178461754504701,-0.0878017,0.961035,-1.80744,0.117023,0.615886,-1.67469,0.0081881,0.835779,-1.97195,0.118602,0.876018,-2.15749,0,0,0,0,0,0,0,0,0,0,0,0,0,0,0,0,0,0,0,0,0,0,0,0
1770178461774584702,-0.0869825,0.959699,-1.80887,0.119759,0.613167,-1.67746,0.0109185,0.833054,-1.96923,0.116846,0.874312,-2.15918,0,0,0,0,0,0,0,0,0,0,0,0,0,0,0,0,0,0,0,0,0,0,0,0
1770178461794659775,-0.087801,0.961034,-1.80745,0.117023,0.615886,-1.67469,0.00818809,0.835779,-1.97195,0.118601,0.876018,-2.15749,0,0,0,0,0,0,0,0,0,0,0,0,0,0,0,0,0,0,0,0,0,0,0,0
1770178461814734880,-0.086983,0.9597,-1.80887,0.119759,0.613167,-1.67746,0.0109185,0.833054,-1.96923,0.116846,0.874313,-2.15918,0,0,0,0,0,0,0,0,0,0,0,0,0,0,0,0,0,0,0,0,0,0,0,0
1770178461834812417,-0.0878004,0.961034,-1.80745,0.117023,0.615886,-1.67469,0.00818809,0.835779,-1.97195,0.118601,0.876017,-2.15749,0,0,0,0,0,0,0,0,0,0,0,0,0,0,0,0,0,0,0,0,0,0,0,0
1770178461854886530,-0.0869834,0.9597,-1.80887,0.119759,0.613167,-1.67746,0.0109185,0.833054,-1.96923,0.116847,0.874313,-2.15918,0,0,0,0,0,0,0,0,0,0,0,0,0,0,0,0,0,0,0,0,0,0,0,0
1770178461874961027,-0.0877999,0.961033,-1.80745,0.117023,0.615886,-1.67469,0.00818809,0.835779,-1.97195,0.1186,0.876017,-2.15749,0,0,0,0,0,0,0,0,0,0,0,0,0,0,0,0,0,0,0,0,0,0,0,0
1770178461895040452,-0.0869838,0.959701,-1.80887,0.119759,0.613167,-1.67746,0.0109185,0.833054,-1.96923,0.116847,0.874313,-2.15918,0,0,0,0,0,0,0,0,0,0,0,0,0,0,0,0,0,0,0,0,0,0,0,0
1770178461915117221,-0.0877993,0.961032,-1.80745,0.117023,0.615886,-1.67469,0.00818809,0.835779,-1.97195,0.1186,0.876016,-2.15749,0,0,0,0,0,0,0,0,0,0,0,0,0,0,0,0,0,0,0,0,0,0,0,0
1770178461935192710,-0.0869842,0.959702,-1.80887,0.119759,0.613167,-1.67746,0.0109185,0.833054,-1.96923,0.116847,0.874314,-2.15918,0,0,0,0,0,0,0,0,0,0,0,0,0,0,0,0,0,0,0,0,0,0,0,0
1770178461955270631,-0.0877988,0.961031,-1.80745,0.117023,0.615886,-1.67469,0.00818809,0.835779,-1.97195,0.1186,0.876016,-2.15749,0,0,0,0,0,0,0,0,0,0,0,0,0,0,0,0,0,0,0,0,0,0,0,0
1770178461975344808,-0.0869846,0.959702,-1.80887,0.119759,0.613167,-1.67746,0.0109185,0.833054,-1.96923,0.116847,0.874314,-2.15918,0,0,0,0,0,0,0,0,0,0,0,0,0,0,0,0,0,0,0,0,0,0,0,0
1770178461995418665,0.119437,0.614929,-2.01897,-0.0195856,0.709004,-2.02591,0.011991,1.02857,-1.69695,-0.0610522,0.620831,-1.75856,0,0,0,0,0,0,0,0,0,0,0,0,0,0,0,0,0,0,0,0,0,0,0,0
1770178462015497097,0.117155,0.597373,-2.02727,-0.0121425,0.704705,-2.01837,0.0160079,1.02952,-1.70463,-0.0736558,0.624225,-1.78197,0,0,0,0,0,0,0,0,0,0,0,0,0,0,0,0,0,0,0,0,0,0,0,0
1770178462035575338,0.120329,0.59956,-2.02622,-0.0129706,0.704505,-2.01844,0.0182737,1.02677,-1.7068,-0.0729743,0.62581,-1.78004,0,0,0,0,0,0,0,0,0,0,0,0,0,0,0,0,0,0,0,0,0,0,0,0
1770178462055645419,0.118271,0.598232,-2.02769,-0.0120121,0.70482,-2.01837,0.016103,1.02921,-1.70435,-0.0739979,0.624267,-1.78161,0,0,0,0,0,0,0,0,0,0,0,0,0,0,0,0,0,0,0,0,0,0,0,0
1770178462075720044,0.119019,0.599386,-2.02643,-0.0131202,0.704387,-2.0184,0.0181049,1.02677,-1.70679,-0.0727714,0.625728,-1.78012,0,0,0,0,0,0,0,0,0,0,0,0,0,0,0,0,0,0,0,0,0,0,0,0
1770178462095801869,0.118454,0.598302,-2.02761,-0.0118203,0.704967,-2.01842,0.0162916,1.02918,-1.70433,-0.0741448,0.624316,-1.78153,0,0,0,0,0,0,0,0,0,0,0,0,0,0,0,0,0,0,0,0,0,0,0,0
1770178462115883406,0.118794,0.599333,-2.0265,-0.013318,0.704207,-2.01834,0.0178925,1.02677,-1.70684,-0.072711,0.625709,-1.78015,0,0,0,0,0,0,0,0,0,0,0,0,0,0,0,0,0,0,0,0,0,0,0,0
1770178462135959759,0.118588,0.598346,-2.02756,-0.0115645,0.705184,-2.01851,0.0165452,1.02919,-1.70427,-0.0741943,0.62433,-1.78151,0,0,0,0,0,0,0,0,0,0,0,0,0,0,0,0,0,0,0,0,0,0,0,0
1770178462156039408,0.118642,0.5993,-2.02655,-0.0135589,0.703943,-2.01824,0.0175859,1.02674,-1.70694,-0.0726927,0.625704,-1.78015,0,0,0,0,0,0,0,0,0,0,0,0,0,0,0,0,0,0,0,0,0,0,0,0
1770178462176120625,0.1187,0.598375,-2.02752,-0.0112614,0.705479,-2.01865,0.0169277,1.02922,-1.70413,-0.0742098,0.624333,-1.78151,0,0,0,0,0,0,0,0,0,0,0,0,0,0,0,0,0,0,0,0,0,0,0,0
1770178462196195698,0.118522,0.599279,-2.02658,-0.0138039,0.703593,-2.0181,0.0171121,1.02667,-1.70711,-0.0726866,0.625704,-1.78016,0,0,0,0,0,0,0,0,0,0,0,0,0,0,0,0,0,0,0,0,0,0,0,0
1770178462216277235,0.118799,0.598393,-2.0275,-0.0152967,0.704168,-2.0177,0.0175404,1.02928,-1.70388,-0.074215,0.624333,-1.78151,0,0,0,0,0,0,0,0,0,0,0,0,0,0,0,0,0,0,0,0,0,0,0,0
1770178462236355092,0.118422,0.599269,-2.0266,-0.0148731,0.704868,-2.01867,0.0163893,1.02657,-1.70735,-0.072684,0.625705,-1.78015,0,0,0,0,0,0,0,0,0,0,0,0,0,0,0,0,0,0,0,0,0,0,0,0
1770178462256437845,0.118889,0.598403,-2.02748,-0.0156648,0.704198,-2.01801,0.0184659,1.02937,-1.70347,-0.0742173,0.624333,-1.78151,0,0,0,0,0,0,0,0,0,0,0,0,0,0,0,0,0,0,0,0,0,0,0,0
1770178462276515734,0.118335,0.599266,-2.02661,-0.0149236,0.704967,-2.0188,0.0171474,1.02917,-1.70307,-0.0726825,0.625706,-1.78015,0,0,0,0,0,0,0,0,0,0,0,0,0,0,0,0,0,0,0,0,0,0,0,0
1770178462296590007,0.118973,0.598405,-2.02748,-0.0157422,0.704166,-2.018,0.0174225,1.02843,-1.70225,-0.0742187,0.624332,-1.78151,0,0,0,0,0,0,0,0,0,0,0,0,0,0,0,0,0,0,0,0,0,0,0,0
1770178462316672056,0.118257,0.599269,-2.02661,-0.014881,0.705022,-2.01885,0.0167634,1.02891,-1.70274,-0.0726812,0.625707,-1.78015,0,0,0,0,0,0,0,0,0,0,0,0,0,0,0,0,0,0,0,0,0,0,0,0
1770178462336745401,0.11905,0.598402,-2.02747,-0.0157959,0.704117,-2.01795,0.0173447,1.02829,-1.70208,-0.0742198,0.624331,-1.78151,0,0,0,0,0,0,0,0,0,0,0,0,0,0,0,0,0,0,0,0,0,0,0,0
1770178462356822554,0.118186,0.599279,-2.0266,-0.0148246,0.705078,-2.01891,0.0166833,1.02893,-1.70274,-0.0726801,0.625708,-1.78015,0,0,0,0,0,0,0,0,0,0,0,0,0,0,0,0,0,0,0,0,0,0,0,0
1770178462376899035,0.119123,0.598395,-2.02748,-0.0158518,0.704062,-2.01789,0.017376,1.02824,-1.70203,-0.0742208,0.62433,-1.78151,0,0,0,0,0,0,0,0,0,0,0,0,0,0,0,0,0,0,0,0,0,0,0,0
1770178462396975964,0.118122,0.599292,-2.02659,-0.0147616,0.70514,-2.01897,0.0166305,1.02897,-1.70279,-0.0726791,0.625709,-1.78015,0,0,0,0,0,0,0,0,0,0,0,0,0,0,0,0,0,0,0,0,0,0,0,0
1770178462417063677,0.119189,0.598383,-2.02749,-0.0159123,0.704002,-2.01783,0.0174237,1.02819,-1.70197,-0.0742217,0.624329,-1.78151,0,0,0,0,0,0,0,0,0,0,0,0,0,0,0,0,0,0,0,0,0,0,0,0
1770178462437141982,0.118064,0.59931,-2.02657,-0.0146926,0.705208,-2.01904,0.0165748,1.02903,-1.70284,-0.0726781,0.62571,-1.78015,0,0,0,0,0,0,0,0,0,0,0,0,0,0,0,0,0,0,0,0,0,0,0,0
1770178462457217855,0.119251,0.598368,-2.0275,-0.0159774,0.703937,-2.01777,0.0174785,1.02813,-1.70192,-0.0742225,0.624329,-1.78151,0,0,0,0,0,0,0,0,0,0,0,0,0,0,0,0,0,0,0,0,0,0,0,0
1770178462477291456,0.11801,0.599331,-2.02656,-0.014618,0.705281,-2.01911,0.0165126,1.02909,-1.7029,-0.0726772,0.625711,-1.78015,0,0,0,0,0,0,0,0,0,0,0,0,0,0,0,0,0,0,0,0,0,0,0,0
1770178462497374401,0.119307,0.59835,-2.02751,-0.0160465,0.703868,-2.0177,0.0175394,1.02807,-1.70185,-0.0742233,0.624328,-1.78151,0,0,0,0,0,0,0,0,0,0,0,0,0,0,0,0,0,0,0,0,0,0,0,0
1770178462517450658,0.117962,0.599354,-2.02653,-0.0145382,0.70536,-2.01919,0.0164433,1.02915,-1.70297,-0.0726764,0.625711,-1.78015,0,0,0,0,0,0,0,0,0,0,0,0,0,0,0,0,0,0,0,0,0,0,0,0
1770178462537528099,0.119358,0.59833,-2.02753,-0.0161188,0.703795,-2.01762,0.0176064,1.02801,-1.70178,-0.0742241,0.624327,-1.78151,0,0,0,0,0,0,0,0,0,0,0,0,0,0,0,0,0,0,0,0,0,0,0,0
1770178462557604548,0.117917,0.59938,-2.02651,-0.0144544,0.705442,-2.01927,0.0163667,1.02923,-1.70305,-0.0726755,0.625712,-1.78015,0,0,0,0,0,0,0,0,0,0,0,0,0,0,0,0,0,0,0,0,0,0,0,0
1770178462577687109,0.119405,0.598308,-2.02755,-0.0161931,0.703721,-2.01755,0.0176793,1.02793,-1.70171,-0.0742248,0.624327,-1.78151,0,0,0,0,0,0,0,0,0,0,0,0,0,0,0,0,0,0,0,0,0,0,0,0
1770178462597765030,0.117875,0.599406,-2.02648,-0.0143678,0.705526,-2.01936,0.0162829,1.02931,-1.70313,-0.0726748,0.625713,-1.78015,0,0,0,0,0,0,0,0,0,0,0,0,0,0,0,0,0,0,0,0,0,0,0,0
1770178462617842823,0.119448,0.598285,-2.02757,-0.0162678,0.703646,-2.01747,0.0177573,1.02785,-1.70163,-0.0742254,0.624326,-1.78151,0,0,0,0,0,0,0,0,0,0,0,0,0,0,0,0,0,0,0,0,0,0,0,0
1770178462637916295,0.117836,0.599434,-2.02646,-0.0142804,0.705612,-2.01944,0.0161926,1.0294,-1.70322,-0.0726741,0.625714,-1.78015,0,0,0,0,0,0,0,0,0,0,0,0,0,0,0,0,0,0,0,0,0,0,0,0
1770178462658000137,0.119487,0.598262,-2.0276,-0.0163408,0.703572,-2.0174,0.0178394,1.02777,-1.70154,-0.0742261,0.624326,-1.78151,0,0,0,0,0,0,0,0,0,0,0,0,0,0,0,0,0,0,0,0,0,0,0,0
1770178462678076937,0.1178,0.599462,-2.02643,-0.0141946,0.705696,-2.01953,0.0160971,1.02949,-1.70332,-0.0726734,0.625714,-1.78015,0,0,0,0,0,0,0,0,0,0,0,0,0,0,0,0,0,0,0,0,0,0,0,0
1770178462698155338,0.119524,0.598238,-2.02762,-0.0164101,0.703502,-2.01733,0.0179238,1.02769,-1.70145,-0.0742267,0.624325,-1.78151,0,0,0,0,0,0,0,0,0,0,0,0,0,0,0,0,0,0,0,0,0,0,0,0
1770178462718231531,0.117765,0.59949,-2.0264,-0.0141128,0.705775,-2.01961,0.0159983,1.02959,-1.70342,-0.0726728,0.625715,-1.78014,0,0,0,0,0,0,0,0,0,0,0,0,0,0,0,0,0,0,0,0,0,0,0,0
1770178462738307916,0.119558,0.598215,-2.02764,-0.0164728,0.703439,-2.01726,0.0180081,1.0276,-1.70136,-0.0742272,0.624325,-1.78151,0,0,0,0,0,0,0,0,0,0,0,0,0,0,0,0,0,0,0,0,0,0,0,0
1770178462758381933,0.117733,0.599518,-2.02637,-0.0140383,0.705848,-2.01968,0.0158992,1.02968,-1.70352,-0.0726722,0.625715,-1.78014,0,0,0,0,0,0,0,0,0,0,0,0,0,0,0,0,0,0,0,0,0,0,0,0
1770178462778456750,0.119589,0.598191,-2.02766,-0.0165247,0.703385,-2.0172,0.0180889,1.02752,-1.70128,-0.0742277,0.624324,-1.78152,0,0,0,0,0,0,0,0,0,0,0,0,0,0,0,0,0,0,0,0,0,0,0,0
1770178462798532527,0.117702,0.599546,-2.02635,-0.0139753,0.705909,-2.01974,0.0158035,1.02978,-1.70361,-0.0726717,0.625716,-1.78014,0,0,0,0,0,0,0,0,0,0,0,0,0,0,0,0,0,0,0,0,0,0,0,0
1770178462818608432,0.119619,0.598169,-2.02769,-0.0165531,0.703349,-2.01717,0.0181591,1.02744,-1.7012,-0.0742282,0.624324,-1.78152,0,0,0,0,0,0,0,0,0,0,0,0,0,0,0,0,0,0,0,0,0,0,0,0
1770178462838686833,0.117673,0.599572,-2.02632,-0.0139352,0.705947,-2.01978,0.0157184,1.02986,-1.7037,-0.0726711,0.625716,-1.78014,0,0,0,0,0,0,0,0,0,0,0,0,0,0,0,0,0,0,0,0,0,0,0,0
1770178462858763506,0.119646,0.598147,-2.02771,-0.016399,0.703337,-2.01726,0.0179724,1.02731,-1.70154,-0.0742287,0.624323,-1.78152,0,0,0,0,0,0,0,0,0,0,0,0,0,0,0,0,0,0,0,0,0,0,0,0
1770178462878841619,0.117646,0.599598,-2.0263,-0.0140328,0.705836,-2.01966,0.0158557,1.02971,-1.70352,-0.0726706,0.625717,-1.78014,0,0,0,0,0,0,0,0,0,0,0,0,0,0,0,0,0,0,0,0,0,0,0,0
1770178462898923924,0.119672,0.598126,-2.02773,-0.0165173,0.703387,-2.01721,0.018108,1.02749,-1.70125,-0.0742291,0.624323,-1.78152,0,0,0,0,0,0,0,0,0,0,0,0,0,0,0,0,0,0,0,0,0,0,0,0
1770178462919004565,0.11762,0.599623,-2.02627,-0.0139788,0.705905,-2.01974,0.0157738,1.0298,-1.70364,-0.0726702,0.625717,-1.78014,0,0,0,0,0,0,0,0,0,0,0,0,0,0,0,0,0,0,0,0,0,0,0,0
1770178462939078774,0.119695,0.598105,-2.02775,-0.0165527,0.703351,-2.01717,0.018175,1.02742,-1.70118,-0.0742295,0.624323,-1.78152,0,0,0,0,0,0,0,0,0,0,0,0,0,0,0,0,0,0,0,0,0,0,0,0
1770178462959155127,0.117596,0.599647,-2.02625,-0.0139365,0.705946,-2.01978,0.0156969,1.02988,-1.70372,-0.0726698,0.625718,-1.78014,0,0,0,0,0,0,0,0,0,0,0,0,0,0,0,0,0,0,0,0,0,0,0,0
1770178462979228856,0.119717,0.598086,-2.02777,-0.0164317,0.70334,-2.01723,0.0191681,1.03143,-1.70608,-0.0742299,0.624322,-1.78152,0,0,0,0,0,0,0,0,0,0,0,0,0,0,0,0,0,0,0,0,0,0,0,0
1770178462999303992,0.117573,0.599669,-2.02622,-0.0140106,0.705861,-2.01969,0.0160616,1.03105,-1.70468,-0.0726693,0.625718,-1.78014,0,0,0,0,0,0,0,0,0,0,0,0,0,0,0,0,0,0,0,0,0,0,0,0
1770178463019379961,0.119738,0.598069,-2.02778,-0.0165332,0.703371,-2.01719,0.0185386,1.03194,-1.70586,-0.0742302,0.624322,-1.78152,0,0,0,0,0,0,0,0,0,0,0,0,0,0,0,0,0,0,0,0,0,0,0,0
1770178463039453626,0.117552,0.59969,-2.0262,-0.0139601,0.705923,-2.01975,0.0162158,1.03085,-1.70457,-0.072669,0.625718,-1.78014,0,0,0,0,0,0,0,0,0,0,0,0,0,0,0,0,0,0,0,0,0,0,0,0
1770178463059536699,0.119756,0.598052,-2.0278,-0.0165498,0.703344,-2.01716,0.018374,1.03212,-1.70598,-0.0742306,0.624322,-1.78152,0,0,0,0,0,0,0,0,0,0,0,0,0,0,0,0,0,0,0,0,0,0,0,0
1770178463079609404,0.117533,0.599709,-2.02618,-0.0139334,0.705947,-2.01978,0.016261,1.03073,-1.70448,-0.0726686,0.625719,-1.78014,0,0,0,0,0,0,0,0,0,0,0,0,0,0,0,0,0,0,0,0,0,0,0,0
1770178463099682365,0.119773,0.598037,-2.02782,-0.0163804,0.703335,-2.01727,0.0183202,1.03223,-1.70606,-0.0742309,0.624321,-1.78152,0,0,0,0,0,0,0,0,0,0,0,0,0,0,0,0,0,0,0,0,0,0,0,0
1770178463119760446,0.117515,0.599727,-2.02617,-0.0140451,0.705823,-2.01965,0.0162631,1.03066,-1.70442,-0.0726683,0.625719,-1.78014,0,0,0,0,0,0,0,0,0,0,0,0,0,0,0,0,0,0,0,0,0,0,0,0
1770178463139833919,0.119789,0.598022,-2.02783,-0.0165078,0.703396,-2.01721,0.0183107,1.0323,-1.70611,-0.0742312,0.624321,-1.78152,0,0,0,0,0,0,0,0,0,0,0,0,0,0,0,0,0,0,0,0,0,0,0,0
1770178463159908096,0.117499,0.599744,-2.02615,-0.0139898,0.705894,-2.01972,0.0162464,1.0306,-1.70438,-0.072668,0.625719,-1.78014,0,0,0,0,0,0,0,0,0,0,0,0,0,0,0,0,0,0,0,0,0,0,0,0
1770178463179980673,0.119803,0.598009,-2.02784,-0.0165497,0.703356,-2.01717,0.0183208,1.03235,-1.70615,-0.0742315,0.624321,-1.78152,0,0,0,0,0,0,0,0,0,0,0,0,0,0,0,0,0,0,0,0,0,0,0,0
1770178463200060354,0.117484,0.599759,-2.02613,-0.0139419,0.705941,-2.01977,0.0162219,1.03056,-1.70434,-0.0726677,0.62572,-1.78014,0,0,0,0,0,0,0,0,0,0,0,0,0,0,0,0,0,0,0,0,0,0,0,0
1770178463220144387,0.119816,0.597998,-2.02785,-0.0165001,0.703343,-2.01719,0.0183392,1.03238,-1.70618,-0.0742317,0.624321,-1.78152,0,0,0,0,0,0,0,0,0,0,0,0,0,0,0,0,0,0,0,0,0,0,0,0
1770178463240222628,0.11747,0.599773,-2.02612,-0.0139642,0.705912,-2.01974,0.016195,1.03052,-1.7043,-0.0726674,0.62572,-1.78014,0,0,0,0,0,0,0,0,0,0,0,0,0,0,0,0,0,0,0,0,0,0,0,0
1770178463260301093,0.119827,0.597987,-2.02786,-0.0165537,0.703345,-2.01716,0.0183604,1.03241,-1.70621,-0.074232,0.62432,-1.78152,0,0,0,0,0,0,0,0,0,0,0,0,0,0,0,0,0,0,0,0,0,0,0,0
1770178463280380486,0.117458,0.599786,-2.02611,-0.0139315,0.70595,-2.01978,0.0161685,1.03049,-1.70428,-0.0726671,0.62572,-1.78014,0,0,0,0,0,0,0,0,0,0,0,0,0,0,0,0,0,0,0,0,0,0,0,0
1770178463300458343,0.119838,0.597977,-2.02787,-0.0161931,0.703292,-2.01741,0.0183816,1.03243,-1.70623,-0.0742322,0.62432,-1.78152,0,0,0,0,0,0,0,0,0,0,0,0,0,0,0,0,0,0,0,0,0,0,0,0
1770178463320538472,0.117447,0.599797,-2.0261,-0.0141701,0.705684,-2.0195,0.0161435,1.03047,-1.70425,-0.0726669,0.62572,-1.78014,0,0,0,0,0,0,0,0,0,0,0,0,0,0,0,0,0,0,0,0,0,0,0,0
1770178463340616905,0.119847,0.597968,-2.02788,-0.0164003,0.703498,-2.01732,0.0184016,1.03245,-1.70625,-0.0742324,0.62432,-1.78152,0,0,0,0,0,0,0,0,0,0,0,0,0,0,0,0,0,0,0,0,0,0,0,0
1770178463360694410,0.117437,0.599807,-2.02609,-0.0141115,0.705774,-2.0196,0.0161206,1.03044,-1.70423,-0.0726666,0.625721,-1.78014,0,0,0,0,0,0,0,0,0,0,0,0,0,0,0,0,0,0,0,0,0,0,0,0
1770178463380770506,0.119855,0.59796,-2.02789,-0.0164716,0.703439,-2.01726,0.0184198,1.03247,-1.70627,-0.0742326,0.62432,-1.78152,0,0,0,0,0,0,0,0,0,0,0,0,0,0,0,0,0,0,0,0,0,0,0,0
1770178463400847755,0.117428,0.599817,-2.02608,-0.0140387,0.705847,-2.01968,0.0161001,1.03042,-1.70421,-0.0726664,0.625721,-1.78014,0,0,0,0,0,0,0,0,0,0,0,0,0,0,0,0,0,0,0,0,0,0,0,0
1770178463420925004,0.119863,0.597953,-2.0279,-0.0165243,0.703385,-2.01721,0.0184361,1.03249,-1.70628,-0.0742328,0.62432,-1.78152,0,0,0,0,0,0,0,0,0,0,0,0,0,0,0,0,0,0,0,0,0,0,0,0
1770178463441003725,0.11742,0.599825,-2.02607,-0.0139757,0.705909,-2.01974,0.0160818,1.03041,-1.70419,-0.0726662,0.625721,-1.78014,0,0,0,0,0,0,0,0,0,0,0,0,0,0,0,0,0,0,0,0,0,0,0,0
1770178463461082222,0.119869,0.597947,-2.0279,-0.0165531,0.703349,-2.01717,0.0184504,1.0325,-1.7063,-0.074233,0.62432,-1.78152,0,0,0,0,0,0,0,0,0,0,0,0,0,0,0,0,0,0,0,0,0,0,0,0
1770178463481164079,0.117413,0.599832,-2.02606,-0.0139353,0.705947,-2.01978,0.0160658,1.03039,-1.70417,-0.072666,0.625721,-1.78014,0,0,0,0,0,0,0,0,0,0,0,0,0,0,0,0,0,0,0,0,0,0,0,0
1770178463501244336,0.119875,0.597942,-2.02791,-0.0164026,0.703337,-2.01725,0.018463,1.03251,-1.70631,-0.0742332,0.624319,-1.78152,0,0,0,0,0,0,0,0,0,0,0,0,0,0,0,0,0,0,0,0,0,0,0,0
1770178463521324401,0.117407,0.599839,-2.02606,-0.0140303,0.705839,-2.01967,0.0160517,1.03038,-1.70416,-0.0726659,0.625721,-1.78014,0,0,0,0,0,0,0,0,0,0,0,0,0,0,0,0,0,0,0,0,0,0,0,0
1770178463541397970,0.11988,0.597937,-2.02791,-0.0165192,0.703385,-2.0172,0.0184739,1.03252,-1.70632,-0.0742333,0.624319,-1.78152,0,0,0,0,0,0,0,0,0,0,0,0,0,0,0,0,0,0,0,0,0,0,0,0
1770178463561475379,0.117401,0.599844,-2.02605,-0.0139767,0.705907,-2.01974,0.0160396,1.03036,-1.70415,-0.0726657,0.625722,-1.78014,0,0,0,0,0,0,0,0,0,0,0,0,0,0,0,0,0,0,0,0,0,0,0,0
1770178463581550996,0.119885,0.597932,-2.02792,-0.016553,0.70335,-2.01717,0.0184833,1.03253,-1.70633,-0.0742335,0.624319,-1.78152,0,0,0,0,0,0,0,0,0,0,0,0,0,0,0,0,0,0,0,0,0,0,0,0
1770178463601629045,0.117396,0.59985,-2.02604,-0.0139356,0.705946,-2.01978,0.0160291,1.03035,-1.70414,-0.0726655,0.625722,-1.78014,0,0,0,0,0,0,0,0,0,0,0,0,0,0,0,0,0,0,0,0,0,0,0,0
1770178463621705430,0.119889,0.597928,-2.02792,-0.016412,0.703338,-2.01725,0.0184914,1.03254,-1.70633,-0.0742336,0.624319,-1.78152,0,0,0,0,0,0,0,0,0,0,0,0,0,0,0,0,0,0,0,0,0,0,0,0
1770178463641784663,0.117392,0.599854,-2.02604,-0.014024,0.705846,-2.01967,0.0160201,1.03034,-1.70413,-0.0726654,0.625722,-1.78014,0,0,0,0,0,0,0,0,0,0,0,0,0,0,0,0,0,0,0,0,0,0,0,0
1770178463661870648,0.119892,0.597925,-2.02793,-0.0165238,0.703381,-2.0172,0.0184983,1.03254,-1.70634,-0.0742337,0.624319,-1.78152,0,0,0,0,0,0,0,0,0,0,0,0,0,0,0,0,0,0,0,0,0,0,0,0
1770178463681951452,0.117388,0.599858,-2.02604,-0.0139712,0.705912,-2.01974,0.0160124,1.03034,-1.70412,-0.0726652,0.625722,-1.78014,0,0,0,0,0,0,0,0,0,0,0,0,0,0,0,0,0,0,0,0,0,0,0,0
1770178463702025653,0.119895,0.597922,-2.02793,-0.0165532,0.703347,-2.01717,0.0185042,1.03255,-1.70635,-0.0742339,0.624319,-1.78152,0,0,0,0,0,0,0,0,0,0,0,0,0,0,0,0,0,0,0,0,0,0,0,0
1770178463722095885,0.117385,0.599862,-2.02603,-0.0139339,0.705948,-2.01978,0.0160058,1.03033,-1.70411,-0.0726651,0.625722,-1.78014,0,0,0,0,0,0,0,0,0,0,0,0,0,0,0,0,0,0,0,0,0,0,0,0
1770178463742172710,0.119898,0.597919,-2.02793,-0.016358,0.703331,-2.01728,0.0185092,1.03255,-1.70635,-0.074234,0.624319,-1.78152,0,0,0,0,0,0,0,0,0,0,0,0,0,0,0,0,0,0,0,0,0,0,0,0
1770178463762246687,0.117382,0.599865,-2.02603,-0.0140605,0.705806,-2.01963,0.0160002,1.03032,-1.70411,-0.072665,0.625722,-1.78014,0,0,0,0,0,0,0,0,0,0,0,0,0,0,0,0,0,0,0,0,0,0,0,0
1770178463782332952,0.1199,0.597917,-2.02793,-0.0164956,0.703408,-2.01723,0.0185134,1.03256,-1.70635,-0.0742341,0.624319,-1.78152,0,0,0,0,0,0,0,0,0,0,0,0,0,0,0,0,0,0,0,0,0,0,0,0
1770178463802412593,0.117379,0.599868,-2.02603,-0.0140038,0.70588,-2.01971,0.0159955,1.03032,-1.7041,-0.0726649,0.625722,-1.78014,0,0,0,0,0,0,0,0,0,0,0,0,0,0,0,0,0,0,0,0,0,0,0,0
1770178463822491434,0.119903,0.597915,-2.02794,-0.0165436,0.703364,-2.01718,0.018517,1.03256,-1.70636,-0.0742342,0.624319,-1.78152,0,0,0,0,0,0,0,0,0,0,0,0,0,0,0,0,0,0,0,0,0,0,0,0
1770178463842570819,0.117377,0.59987,-2.02602,-0.0139506,0.705933,-2.01976,0.0159915,1.03032,-1.7041,-0.0726648,0.625722,-1.78014,0,0,0,0,0,0,0,0,0,0,0,0,0,0,0,0,0,0,0,0,0,0,0,0
1770178463862643291,0.119904,0.597913,-2.02794,-0.0165362,0.703343,-2.01717,0.01852,1.03256,-1.70636,-0.0742343,0.624318,-1.78152,0,0,0,0,0,0,0,0,0,0,0,0,0,0,0,0,0,0,0,0,0,0,0,0
1770178463882714548,0.117375,0.599872,-2.02602,-0.0139408,0.705939,-2.01977,0.0159881,1.03031,-1.7041,-0.0726647,0.625722,-1.78014,0,0,0,0,0,0,0,0,0,0,0,0,0,0,0,0,0,0,0,0,0,0,0,0
