1770178318393869756,15,15,14,15,0,0,0,0
1770178318413953030,15,15,14,15,0,0,0,0
1770178318434032559,15,15,14,15,0,0,0,0
1770178318454110105,15,15,14,15,0,0,0,0
1770178318474186082,15,15,14,15,0,0,0,0
1770178318494260331,15,15,14,15,0,0,0,0
1770178318514334676,15,15,14,15,0,0,0,0
1770178318534412061,15,15,14,15,0,0,0,0
1770178318554490023,15,15,14,15,0,0,0,0
1770178318574564272,15,15,14,15,0,0,0,0
1770178318594646777,15,15,14,15,0,0,0,0
1770178318614729155,15,15,14,15,0,0,0,0
1770178318634806540,15,15,14,15,0,0,0,0
1770178318654879189,15,15,14,15,0,0,0,0
1770178318674994688,15,15,14,15,0,0,0,0
1770178318695074441,15,15,14,15,0,0,0,0
1770178318715148914,15,15,14,15,0,0,0,0
1770178318735229020,15,15,14,15,0,0,0,0
1770178318755300325,15,15,14,15,0,0,0,0
1770178318775375342,15,15,14,15,0,0,0,0
1770178318795456151,15,15,14,15,0,0,0,0
1770178318815536769,15,15,14,15,0,0,0,0
1770178318835620330,15,15,14,15,0,0,0,0
1770178318855695123,15,15,14,15,0,0,0,0
1770178318875766588,15,15,14,15,0,0,0,0
1770178318895839142,15,15,14,15,0,0,0,0
1770178318915914319,15,15,14,15,0,0,0,0
1770178318935991992,15,15,14,15,0,0,0,0
1770178318956072833,15,15,14,15,0,0,0,0
1770178318976151883,15,15,14,15,0,0,0,0
1770178318996225524,15,15,14,15,0,0,0,0
1770178319016312509,15,15,14,15,0,0,0,0
1770178319036396519,15,15,14,15,0,0,0,0
1770178319056470736,15,15,14,15,0,0,0,0
1770178319076547481,15,15,14,15,0,0,0,0
1770178319096628803,15,15,14,15,0,0,0,0
1770178319116703724,15,15,14,15,0,0,0,0
1770178319136780085,15,15,14,15,0,0,0,0
1770178319156862815,15,15,14,15,0,0,0,0
1770178319176937896,15,15,14,15,0,0,0,0
1770178319197018385,15,15,14,15,0,0,0,0
1770178319217098811,15,15,14,15,0,0,0,0
1770178319237173636,15,15,14,15,0,0,0,0
1770178319257252621,15,15,14,15,0,0,0,0
1770178319277332855,15,15,14,15,0,0,0,0
1770178319297408064,15,15,14,15,0,0,0,0
1770178319317485225,15,15,14,15,0,0,0,0
1770178319337559890,15,15,14,15,0,0,0,0
1770178319357641148,15,15,14,15,0,0,0,0
1770178319377714245,15,15,14,15,0,0,0,0
1770178319397789646,15,15,14,15,0,0,0,0
1770178319417868983,15,15,14,15,0,0,0,0
1770178319437943617,15,15,14,15,0,0,0,0
1770178319458021034,15,15,14,15,0,0,0,0
1770178319478098675,15,15,14,15,0,0,0,0
1770178319498172284,15,15,14,15,0,0,0,0
1770178319518246341,15,15,14,15,0,0,0,0
1770178319538327439,15,15,14,15,0,0,0,0
1770178319558405368,15,15,14,15,0,0,0,0
1770178319578484866,15,15,14,15,0,0,0,0
1770178319598559147,15,15,14,15,0,0,0,0
1770178319618643412,15,15,14,15,0,0,0,0
1770178319638723870,15,15,14,15,0,0,0,0
1770178319658804519,15,15,14,15,0,0,0,0
1770178319678883120,15,15,14,15,0,0,0,0
1770178319698981818,15,15,14,15,0,0,0,0
1770178319719057731,15,15,14,15,0,0,0,0
1770178319739139693,15,15,14,15,0,0,0,0
1770178319759218326,15,15,14,15,0,0,0,0
1770178319779295039,15,15,14,15,0,0,0,0
1770178319799368489,15,15,14,15,0,0,0,0
1770178319819441810,15,15,14,15,0,0,0,0
1770178319839514395,15,15,14,15,0,0,0,0
1770178319859588708,15,15,14,15,0,0,0,0
1770178319879664909,15,15,14,15,0,0,0,0
1770178319899738550,15,15,14,15,0,0,0,0
1770178319919813984,15,15,14,15,0,0,0,0
1770178319939890889,15,15,14,15,0,0,0,0
1770178319959970738,15,15,14,15,0,0,0,0
1770178319980046620,15,15,14,15,0,0,0,0
1770178320000121413,15,15,14,15,0,0,0,0
1770178320020200110,15,15,14,15,0,0,0,0
1770178320040274903,15,15,14,15,0,0,0,0
1770178320060349856,15,15,14,15,0,0,0,0
1770178320080431178,15,15,14,15,0,0,0,0
1770178320100508883,15,15,14,15,0,0,0,0
1770178320120585180,15,15,14,15,0,0,0,0
1770178320140661382,15,15,14,15,0,0,0,0
1770178320160736431,15,15,14,15,0,0,0,0
1770178320180812472,15,15,14,15,0,0,0,0
1770178320200886913,15,15,14,15,0,0,0,0
1770178320220975595,15,15,14,15,0,0,0,0
1770178320241051572,15,15,14,15,0,0,0,0
1770178320261131646,15,15,14,14,0,0,0,0
1770178320281207879,15,15,14,14,0,0,0,0
1770178320301281296,16,15,14,15,0,0,0,0
1770178320321354425,15,15,14,15,0,0,0,0
1770178320341429570,15,15,14,15,0,0,0,0
1770178320361501611,15,15,14,15,0,0,0,0
1770178320381579573,15,15,14,15,0,0,0,0
1770178320401656126,15,15,14,15,0,0,0,0
1770178320421730503,15,15,14,15,0,0,0,0
1770178320441808624,15,15,14,15,0,0,0,0
1770178320461887386,15,15,14,15,0,0,0,0
1770178320481961379,15,15,14,15,0,0,0,0
1770178320502036332,15,15,14,15,0,0,0,0
1770178320522107893,15,15,14,15,0,0,0,0
1770178320542185087,15,15,14,15,0,0,0,0
1770178320562259464,15,15,14,15,0,0,0,0
1770178320582331313,15,15,14,15,0,0,0,0
1770178320602412346,15,15,14,15,0,0,0,0
1770178320622499876,15,15,14,15,0,0,0,0
1770178320642586285,15,15,14,15,0,0,0,0
1770178320662737113,15,15,14,15,0,0,0,0
1770178320682815010,15,15,14,15,0,0,0,0
1770178320702889131,15,15,14,15,0,0,0,0
1770178320722960308,15,15,14,15,0,0,0,0
1770178320743033630,15,15,14,15,0,0,0,0
1770178320763100519,15,15,14,15,0,0,0,0
1770178320783176912,15,15,14,15,0,0,0,0
1770178320803265753,15,15,14,15,0,0,0,0
1770178320823345059,15,15,14,15,0,0,0,0
1770178320843422796,15,15,14,15,0,0,0,0
1770178320863495669,15,15,14,15,0,0,0,0
1770178320883574495,15,15,14,15,0,0,0,0
1770178320903653096,15,15,14,15,0,0,0,0
1770178320923725041,15,15,14,15,0,0,0,0
1770178320943801850,15,15,14,15,0,0,0,0
1770178320963881156,15,15,14,15,0,0,0,0
1770178320983952589,15,15,14,15,0,0,0,0
1770178321004028470,15,15,14,15,0,0,0,0
1770178321024117088,15,15,14,15,0,0,0,0
1770178321044202057,15,15,14,15,0,0,0,0
1770178321064281586,15,15,14,15,0,0,0,0
1770178321084353019,15,15,14,15,0,0,0,0
1770178321104438053,15,15,14,15,0,0,0,0
1770178321124514094,15,15,14,15,0,0,0,0
1770178321144591832,15,15,14,15,0,0,0,0
1770178321164892967,15,15,14,15,0,0,0,0
1770178321184970385,15,15,14,15,0,0,0,0
1770178321205048122,15,15,14,15,0,0,0,0
1770178321225127811,15,15,14,15,0,0,0,0
1770178321245205741,15,15,14,15,0,0,0,0
1770178321265283382,15,15,14,15,0,0,0,0
1770178321285362367,15,15,14,15,0,0,0,0
1770178321305435464,15,15,14,15,0,0,0,0
1770178321325506641,15,15,14,15,0,0,0,0
1770178321345581563,15,15,14,15,0,0,0,0
1770178321365658308,15,15,14,15,0,0,0,0
1770178321385731373,15,15,14,15,0,0,0,0
1770178321405807350,15,15,14,15,0,0,0,0
1770178321425881823,15,15,14,15,0,0,0,0
1770178321445968777,15,15,14,15,0,0,0,0
1770178321466050194,15,15,14,15,0,0,0,0
1770178321486124412,15,15,14,15,0,0,0,0
1770178321506201125,15,15,14,15,0,0,0,0
1770178321526287790,15,15,14,15,0,0,0,0
1770178321546361368,15,15,14,15,0,0,0,0
1770178321566437793,15,15,14,15,0,0,0,0
1770178321586516618,15,15,14,15,0,0,0,0
1770178321606596724,15,15,14,15,0,0,0,0
1770178321626672797,15,15,14,15,0,0,0,0
1770178321646744710,15,15,14,15,0,0,0,0
1770178321666823887,15,15,14,15,0,0,0,0
1770178321686910905,15,15,14,15,0,0,0,0
1770178321706984674,15,15,14,15,0,0,0,0
1770178321727062315,15,15,14,15,0,0,0,0
1770178321747138581,15,15,14,15,0,0,0,0
1770178321767218590,15,15,14,15,0,0,0,0
1770178321787294695,15,15,14,15,0,0,0,0
1770178321807374096,15,15,14,15,0,0,0,0
1770178321827451962,15,15,14,15,0,0,0,0
1770178321847530435,15,15,14,15,0,0,0,0
1770178321867609644,15,15,14,15,0,0,0,0
1770178321887688406,15,15,14,15,0,0,0,0
1770178321907765343,15,15,14,15,0,0,0,0
1770178321927843432,15,15,14,15,0,0,0,0
1770178321947920338,15,15,14,15,0,0,0,0
1770178321967994203,15,15,14,15,0,0,0,0
1770178321988072164,15,15,14,15,0,0,0,0
1770178322008152941,16,15,14,15,0,0,0,0
1770178322028225239,15,15,14,15,0,0,0,0
1770178322048303776,15,15,14,15,0,0,0,0
1770178322068383145,15,14,14,15,0,0,0,0
1770178322088464435,15,14,14,15,0,0,0,0
1770178322108543900,15,14,14,15,0,0,0,0
1770178322128623397,15,15,14,15,0,0,0,0
1770178322148701775,15,15,14,15,0,0,0,0
1770178322168779896,15,15,14,15,0,0,0,0
1770178322188857537,15,15,14,15,0,0,0,0
1770178322208937579,15,15,14,15,0,0,0,0
1770178322229015892,15,15,14,15,0,0,0,0
1770178322249093757,15,15,14,15,0,0,0,0
1770178322269172038,15,15,14,15,0,0,0,0
1770178322289249840,15,15,14,15,0,0,0,0
1770178322309329561,15,15,14,15,0,0,0,0
1770178322329409474,15,15,14,15,0,0,0,0
1770178322349485676,15,15,14,15,0,0,0,0
1770178322369560469,15,15,14,15,0,0,0,0
1770178322389636894,15,15,14,15,0,0,0,0
1770178322409720328,15,15,14,15,0,0,0,0
1770178322429799569,15,15,14,15,0,0,0,0
1770178322449876634,15,15,14,15,0,0,0,0
1770178322469956900,15,15,14,15,0,0,0,0
1770178322490043341,15,15,14,15,0,0,0,0
1770178322510122550,15,15,14,15,0,0,0,0
1770178322530201312,15,15,14,15,0,0,0,0
1770178322550275817,15,15,14,15,0,0,0,0
1770178322570354418,15,15,14,15,0,0,0,0
1770178322590432924,15,15,14,15,0,0,0,0
1770178322610510405,15,15,14,15,0,0,0,0
1770178322630592302,15,15,14,15,0,0,0,0
1770178322650666487,15,15,14,15,0,0,0,0
1770178322670741985,15,15,14,15,0,0,0,0
1770178322690821450,15,15,14,15,0,0,0,0
1770178322710899923,15,15,14,15,0,0,0,0
1770178322730977213,15,15,14,15,0,0,0,0
1770178322751053606,15,15,14,15,0,0,0,0
1770178322771133423,15,15,14,15,0,0,0,0
1770178322791212953,15,15,14,15,0,0,0,0
1770178322811286370,15,15,14,15,0,0,0,0
1770178322831365387,15,15,14,15,0,0,0,0
1770178322851444180,15,15,14,15,0,0,0,0
1770178322871523486,15,15,14,15,0,0,0,0
1770178322891602695,15,15,14,15,0,0,0,0
1770178322911679088,15,15,14,15,0,0,0,0
1770178322931755546,15,15,14,15,0,0,0,0
1770178322951835171,15,15,14,15,0,0,0,0
1770178322971910284,15,15,14,15,0,0,0,0
1770178322991989237,15,15,14,15,0,0,0,0
1770178323012069119,15,15,14,15,0,0,0,0
1770178323032146952,15,15,14,15,0,0,0,0
1770178323052229586,15,15,14,15,0,0,0,0
1770178323072317467,15,15,14,15,0,0,0,0
1770178323092399173,15,15,14,15,0,0,0,0
1770178323112475054,15,15,14,15,0,0,0,0
1770178323132555991,15,15,14,15,0,0,0,0
1770178323152632896,15,15,14,15,0,0,0,0
1770178323172707114,15,15,14,15,0,0,0,0
1770178323192787123,15,15,14,15,0,0,0,0
1770178323212865948,15,15,14,15,0,0,0,0
1770178323232941798,15,15,14,15,0,0,0,0
1770178323253018511,15,15,14,15,0,0,0,0
1770178323273101208,15,15,14,15,0,0,0,0
1770178323293186274,15,15,14,15,0,0,0,0
1770178323313261387,15,15,14,15,0,0,0,0
1770178323333340308,15,15,14,15,0,0,0,0
1770178323353414077,15,15,14,15,0,0,0,0
1770178323373491207,15,15,14,15,0,0,0,0
1770178323393575120,15,15,14,15,0,0,0,0
1770178323413654138,15,15,14,15,0,0,0,0
1770178323433731427,15,15,14,15,0,0,0,0
1770178323453805100,15,15,14,15,0,0,0,0
1770178323473881909,15,15,14,15,0,0,0,0
1770178323493958783,15,15,14,15,0,0,0,0
1770178323514036584,15,15,14,15,0,0,0,0
1770178323534112849,15,15,14,15,0,0,0,0
1770178323554191034,15,15,14,15,0,0,0,0
1770178323574267428,15,15,14,15,0,0,0,0
1770178323594353805,15,15,14,15,0,0,0,0
1770178323614434039,15,15,14,15,0,0,0,0
1770178323634512288,15,15,14,15,0,0,0,0
1770178323654598313,15,15,14,15,0,0,0,0
1770178323674677907,15,15,14,15,0,0,0,0
1770178323694756956,15,15,14,15,0,0,0,0
1770178323714834277,15,15,14,15,0,0,0,0
1770178323734907790,15,15,14,15,0,0,0,0
1770178323754981784,15,15,14,15,0,0,0,0
1770178323775059905,15,15,14,15,0,0,0,0
1770178323795142826,15,15,14,15,0,0,0,0
1770178323815220916,15,15,14,15,0,0,0,0
1770178323835294141,15,15,14,15,0,0,0,0
1770178323855380710,15,15,14,15,0,0,0,0
1770178323875455824,15,15,14,15,0,0,0,0
1770178323895532057,15,15,14,15,0,0,0,0
1770178323915607202,15,15,14,15,0,0,0,0
1770178323935680779,15,15,14,15,0,0,0,0
1770178323955752436,15,15,14,15,0,0,0,0
1770178323975830270,15,15,14,15,0,0,0,0
1770178323995910759,15,15,14,15,0,0,0,0
1770178324015989456,15,15,14,15,0,0,0,0
1770178324036067642,15,15,14,15,0,0,0,0
1770178324056143907,15,15,14,15,0,0,0,0
1770178324076221740,15,15,14,15,0,0,0,0
1770178324096293525,15,15,14,15,0,0,0,0
1770178324116370527,15,15,14,15,0,0,0,0
1770178324136446088,15,15,14,15,0,0,0,0
1770178324156546450,15,15,14,15,0,0,0,0
1770178324176622651,15,15,14,15,0,0,0,0
1770178324196706949,15,15,14,15,0,0,0,0
1770178324216785678,15,15,14,15,0,0,0,0
1770178324236861687,15,15,14,15,0,0,0,0
1770178324256939584,15,15,14,15,0,0,0,0
1770178324277016426,15,15,14,15,0,0,0,0
1770178324297091763,15,15,14,15,0,0,0,0
1770178324317167580,15,15,14,15,0,0,0,0
1770178324337246085,15,15,14,15,0,0,0,0
1770178324357323567,15,15,14,15,0,0,0,0
1770178324377399544,15,15,14,15,0,0,0,0
1770178324397485921,15,15,14,15,0,0,0,0
1770178324417564011,15,15,14,15,0,0,0,0
1770178324437638036,15,15,14,15,0,0,0,0
1770178324457715741,15,15,14,15,0,0,0,0
1770178324477794151,15,15,14,15,0,0,0,0
1770178324497873104,15,15,14,15,0,0,0,0
1770178324517943609,15,15,14,15,0,0,0,0
1770178324538016258,15,15,14,15,0,0,0,0
1770178324558090219,15,15,14,15,0,0,0,0
1770178324578167925,15,15,14,15,0,0,0,0
1770178324598247070,15,15,14,15,0,0,0,0
1770178324618326535,15,15,14,15,0,0,0,0
1770178324638405201,15,15,14,15,0,0,0,0
1770178324658483578,15,15,14,15,0,0,0,0
1770178324678562467,15,15,14,15,0,0,0,0
1770178324698646413,15,15,14,15,0,0,0,0
1770178324718718934,15,15,14,15,0,0,0,0
1770178324738791967,15,15,14,15,0,0,0,0
1770178324758879433,15,15,14,15,0,0,0,0
1770178324778956594,15,15,14,15,0,0,0,0
1770178324799039771,15,15,14,15,0,0,0,0
1770178324819117381,15,15,14,15,0,0,0,0
1770178324839194638,15,15,14,15,0,0,0,0
1770178324859271319,15,15,14,15,0,0,0,0
1770178324879352801,15,15,14,15,0,0,0,0
1770178324899436874,15,15,14,15,0,0,0,0
1770178324919513811,15,15,14,15,0,0,0,0
1770178324939590429,15,15,14,15,0,0,0,0
1770178324959666342,15,15,14,15,0,0,0,0
1770178324979743695,15,15,14,15,0,0,0,0
1770178324999826552,15,15,14,15,0,0,0,0
1770178325019905570,15,15,14,15,0,0,0,0
1770178325039982635,15,15,14,15,0,0,0,0
1770178325060059892,15,15,14,15,0,0,0,0
1770178325080137950,15,15,14,15,0,0,0,0
1770178325100219239,15,15,14,15,0,0,0,0
1770178325120301232,15,15,14,15,0,0,0,0
1770178325140373946,15,15,14,15,0,0,0,0
1770178325160447363,15,15,14,15,0,0,0,0
1770178325180523660,15,15,14,15,0,0,0,0
1770178325200606677,15,15,14,15,0,0,0,0
1770178325220684799,15,15,14,15,0,0,0,0
1770178325240760584,15,15,14,15,0,0,0,0
1770178325260844561,15,15,14,15,0,0,0,0
1770178325280921947,15,15,14,15,0,0,0,0
1770178325300997188,15,15,14,15,0,0,0,0
1770178325321074765,15,15,14,15,0,0,0,0
1770178325341160343,15,15,14,15,0,0,0,0
1770178325361237888,15,15,14,15,0,0,0,0
1770178325381314921,15,15,14,15,0,0,0,0
1770178325401396595,15,15,14,15,0,0,0,0
1770178325421474876,15,15,14,15,0,0,0,0
1770178325441559334,15,15,14,15,0,0,0,0
1770178325461636079,15,15,14,15,0,0,0,0
1770178325481718296,15,15,14,15,0,0,0,0
1770178325501803234,15,15,14,15,0,0,0,0
1770178325521881547,15,15,14,15,0,0,0,0
1770178325541966741,15,15,14,15,0,0,0,0
1770178325562044382,15,15,14,15,0,0,0,0
1770178325582120039,15,15,14,15,0,0,0,0
1770178325602202449,15,15,14,15,0,0,0,0
1770178325622287450,15,15,14,15,0,0,0,0
1770178325642374948,15,15,14,15,0,0,0,0
1770178325662453485,15,15,14,15,0,0,0,0
1770178325682528374,15,15,14,15,0,0,0,0
1770178325702612832,15,15,14,15,0,0,0,0
1770178325722691849,15,15,14,15,0,0,0,0
1770178325742769426,15,15,14,15,0,0,0,0
1770178325762846875,15,15,14,15,0,0,0,0
1770178325782922693,15,15,14,15,0,0,0,0
1770178325803005006,15,15,14,15,0,0,0,0
1770178325823080023,15,15,14,15,0,0,0,0
1770178325843164833,15,15,14,15,0,0,0,0
1770178325863243338,15,15,14,15,0,0,0,0
1770178325883318675,15,15,14,15,0,0,0,0
1770178325903399165,15,15,14,15,0,0,0,0
1770178325923477670,15,15,14,15,0,0,0,0
1770178325943561584,15,15,14,15,0,0,0,0
1770178325963638681,15,15,14,15,0,0,0,0
1770178325983717026,15,15,14,15,0,0,0,0
1770178326003797420,15,15,14,15,0,0,0,0
1770178326023873973,15,15,14,15,0,0,0,0
1770178326043957758,15,15,14,15,0,0,0,0
1770178326064035176,15,15,14,15,0,0,0,0
1770178326084111697,15,15,14,15,0,0,0,0
1770178326104191546,15,15,14,15,0,0,0,0
1770178326124267811,15,15,14,15,0,0,0,0
1770178326144352173,15,15,14,15,0,0,0,0
1770178326164428950,15,15,14,15,0,0,0,0
1770178326184505087,15,15,14,15,0,0,0,0
1770178326204610857,15,15,14,15,0,0,0,0
1770178326224684819,15,15,14,15,0,0,0,0
1770178326244762396,15,15,14,15,0,0,0,0
1770178326264840357,15,15,14,15,0,0,0,0
1770178326284918159,15,15,14,15,0,0,0,0
1770178326304993528,15,15,14,15,0,0,0,0
1770178326325069313,15,15,14,15,0,0,0,0
1770178326345158699,15,15,14,15,0,0,0,0
1770178326365236308,15,15,14,15,0,0,0,0
1770178326385313341,15,15,14,15,0,0,0,0
1770178326405389894,15,15,14,15,0,0,0,0
1770178326425466064,15,15,14,15,0,0,0,0
1770178326445541593,15,15,14,15,0,0,0,0
1770178326465619010,15,15,14,15,0,0,0,0
1770178326485696395,15,15,14,15,0,0,0,0
1770178326505770709,15,15,14,15,0,0,0,0
1770178326525848062,15,15,14,15,0,0,0,0
1770178326545936744,15,15,14,15,0,0,0,0
1770178326566014257,15,15,14,15,0,0,0,0
1770178326586091834,15,15,14,15,0,0,0,0
1770178326606168675,15,15,14,15,0,0,0,0
1770178326626249453,15,15,14,15,0,0,0,0
1770178326646327094,15,15,14,15,0,0,0,0
1770178326666404351,15,15,14,15,0,0,0,0
1770178326686482153,15,15,14,15,0,0,0,0
1770178326706559474,15,15,14,15,0,0,0,0
1770178326726638075,15,15,14,15,0,0,0,0
1770178326746715108,15,15,14,15,0,0,0,0
1770178326766792366,15,15,14,15,0,0,0,0
1770178326786868439,15,15,14,15,0,0,0,0
1770178326806961377,15,15,14,15,0,0,0,0
1770178326827032906,15,15,14,15,0,0,0,0
1770178326847108179,15,15,14,15,0,0,0,0
1770178326867184828,15,15,14,15,0,0,0,0
1770178326887262534,15,15,14,15,0,0,0,0
1770178326907341007,15,15,14,15,0,0,0,0
1770178326927417496,15,15,14,15,0,0,0,0
1770178326947494209,15,15,14,15,0,0,0,0
1770178326967571275,15,15,14,15,0,0,0,0
1770178326987647348,15,15,14,15,0,0,0,0
1770178327007720221,15,15,14,15,0,0,0,0
1770178327027797734,15,15,14,15,0,0,0,0
1770178327047875024,15,15,14,15,0,0,0,0
1770178327067951961,15,15,14,15,0,0,0,0
1770178327088029922,15,15,14,15,0,0,0,0
1770178327108107308,15,15,14,15,0,0,0,0
1770178327128181717,15,15,14,15,0,0,0,0
1770178327148259390,15,15,14,15,0,0,0,0
1770178327168334215,15,15,14,15,0,0,0,0
1770178327188410192,15,15,14,15,0,0,0,0
1770178327208487930,15,15,14,15,0,0,0,0
1770178327228561731,15,15,14,15,0,0,0,0
1770178327248639596,15,15,14,15,0,0,0,0
1770178327268720438,15,15,14,15,0,0,0,0
1770178327288794015,15,15,14,15,0,0,0,0
1770178327308874696,15,15,14,15,0,0,0,0
1770178327328948401,15,15,14,15,0,0,0,0
1770178327349026683,15,15,14,15,0,0,0,0
1770178327369113348,15,15,14,15,0,0,0,0
1770178327389187309,15,15,14,15,0,0,0,0
1770178327409265399,15,15,14,15,0,0,0,0
1770178327429341984,15,15,14,15,0,0,0,0
1770178327449427177,15,15,14,15,0,0,0,0
1770178327469502579,15,15,14,15,0,0,0,0
1770178327489580668,15,15,14,15,0,0,0,0
1770178327509658629,15,15,14,15,0,0,0,0
1770178327529744655,15,15,14,15,0,0,0,0
1770178327549824184,15,15,14,15,0,0,0,0
1770178327569901761,15,15,14,15,0,0,0,0
1770178327589982187,15,15,14,15,0,0,0,0
1770178327610066068,15,15,14,15,0,0,0,0
1770178327630142750,15,15,14,15,0,0,0,0
1770178327650222567,15,15,14,15,0,0,0,0
1770178327670295120,15,15,14,15,0,0,0,0
1770178327690381818,15,15,14,15,0,0,0,0
1770178327710458275,15,15,14,15,0,0,0,0
1770178327730540332,15,15,14,15,0,0,0,0
1770178327750620854,15,15,14,15,0,0,0,0
1770178327770704927,15,15,14,15,0,0,0,0
1770178327790784648,15,15,14,15,0,0,0,0
1770178327810860658,15,15,14,15,0,0,0,0
1770178327830931067,15,15,14,15,0,0,0,0
1770178327851015908,15,15,14,15,0,0,0,0
1770178327871094798,15,15,14,15,0,0,0,0
1770178327891165559,15,15,14,15,0,0,0,0
1770178327911249632,15,15,14,15,0,0,0,0
1770178327931332906,15,15,14,15,0,0,0,0
1770178327951405587,15,15,14,15,0,0,0,0
1770178327971482364,15,15,14,15,0,0,0,0
1770178327991560645,15,15,14,15,0,0,0,0
1770178328011633870,15,15,14,15,0,0,0,0
1770178328031710872,15,15,14,15,0,0,0,0
1770178328051790177,15,15,14,15,0,0,0,0
1770178328071870250,15,15,14,15,0,0,0,0
1770178328091956532,15,15,14,15,0,0,0,0
1770178328112028861,15,15,14,15,0,0,0,0
1770178328132105606,15,15,14,15,0,0,0,0
1770178328152185904,15,15,14,15,0,0,0,0
1770178328172268825,15,15,14,15,0,0,0,0
1770178328192348995,15,15,14,15,0,0,0,0
1770178328212427308,15,15,14,15,0,0,0,0
1770178328232508661,15,15,14,15,0,0,0,0
1770178328252582910,15,15,14,15,0,0,0,0
1770178328272661800,15,15,14,15,0,0,0,0
1770178328292736785,15,15,14,15,0,0,0,0
1770178328312814106,15,15,14,15,0,0,0,0
1770178328332896356,15,15,14,15,0,0,0,0
1770178328352976525,15,15,14,15,0,0,0,0
1770178328373057302,15,15,14,15,0,0,0,0
1770178328393129248,15,15,14,15,0,0,0,0
1770178328413214953,15,15,14,15,0,0,0,0
1770178333446446926,15,15,14,15,0,0,0,0
1770178333466538072,15,15,14,15,0,0,0,0
1770178333486611041,15,15,14,15,0,0,0,0
1770178333506682282,15,15,14,15,0,0,0,0
1770178333526761107,15,15,14,15,0,0,0,0
1770178333546844637,15,15,14,15,0,0,0,0
1770178333566921030,15,15,14,15,0,0,0,0
1770178333586996975,15,15,14,15,0,0,0,0
1770178333607072409,15,15,14,15,0,0,0,0
1770178333627171779,15,15,14,15,0,0,0,0
1770178333647249612,15,15,14,15,0,0,0,0
1770178333667325525,15,15,14,15,0,0,0,0
1770178333687401790,15,15,14,15,0,0,0,0
1770178333707479976,15,15,14,15,0,0,0,0
1770178333727562673,15,15,14,15,0,0,0,0
1770178333747634810,15,15,14,15,0,0,0,0
1770178333767714372,15,15,14,15,0,0,0,0
1770178333787794093,15,15,14,15,0,0,0,0
1770178333807869302,15,15,14,15,0,0,0,0
1770178333827949343,15,15,14,15,0,0,0,0
1770178333848021833,15,15,14,15,0,0,0,0
1770178333868102546,15,15,14,15,0,0,0,0
1770178333888185179,15,15,14,15,0,0,0,0
1770178333908260293,15,15,14,15,0,0,0,0
1770178333928337614,15,15,14,15,0,0,0,0
1770178333948413152,15,15,14,15,0,0,0,0
1770178333968482975,15,15,14,15,0,0,0,0
1770178333988565567,15,15,14,15,0,0,0,0
1770178334008644158,15,15,14,15,0,0,0,0
1770178334028723006,15,15,14,15,0,0,0,0
1770178334048795581,15,15,14,15,0,0,0,0
1770178334068878812,15,15,14,15,0,0,0,0
1770178334088957372,15,15,14,15,0,0,0,0
1770178334109031931,15,15,14,15,0,0,0,0
1770178334129109691,15,15,14,15,0,0,0,0
1770178334149187034,15,15,14,15,0,0,0,0
1770178334169266073,15,15,14,15,0,0,0,0
1770178334189343609,15,15,14,15,0,0,0,0
1770178334209427672,15,15,14,15,0,0,0,0
1770178334229509368,15,15,14,15,0,0,0,0
1770178334249594999,15,15,14,15,0,0,0,0
1770178334269676311,15,15,14,15,0,0,0,0
1770178334289754486,15,15,14,15,0,0,0,0
1770178334309832054,15,15,14,15,0,0,0,0
1770178334329916533,15,15,14,15,0,0,0,0
1770178334350020629,15,15,14,15,0,0,0,0
1770178334370098292,15,15,14,15,0,0,0,0
1770178334390175284,15,15,14,15,0,0,0,0
1770178334410260115,15,15,14,15,0,0,0,0
1770178334430345555,15,15,14,15,0,0,0,0
1770178334450426450,15,15,14,15,0,0,0,0
1770178334470506258,15,15,14,15,0,0,0,0
1770178334490590161,15,15,14,15,0,0,0,0
1770178334510669041,15,15,14,15,0,0,0,0
1770178334530754448,15,15,14,15,0,0,0,0
1770178334550834096,15,15,14,15,0,0,0,0
1770178334570918287,15,15,14,15,0,0,0,0
1770178334590997391,15,15,14,15,0,0,0,0
1770178334611075566,15,15,14,15,0,0,0,0
1770178334631155342,15,15,14,15,0,0,0,0
1770178334651233517,15,15,14,15,0,0,0,0
1770178334671312268,15,15,14,15,0,0,0,0
1770178334691389900,15,15,14,15,0,0,0,0
1770178334711468331,15,15,14,15,0,0,0,0
1770178334731544747,15,15,14,15,0,0,0,0
1770178334751628842,15,15,14,15,0,0,0,0
1770178334771712842,15,15,14,15,0,0,0,0
1770178334791789353,15,15,14,15,0,0,0,0
1770178334811861064,15,15,14,15,0,0,0,0
1770178334831935144,15,15,14,15,0,0,0,0
1770178334852013991,15,15,14,15,0,0,0,0
1770178334872088454,15,15,14,15,0,0,0,0
1770178334892167174,15,15,14,15,0,0,0,0
1770178334912241381,15,15,14,15,0,0,0,0
1770178334932315812,15,15,14,15,0,0,0,0
1770178334952396900,15,15,14,15,0,0,0,0
1770178334972473347,15,15,14,15,0,0,0,0
1770178334992552803,15,15,14,15,0,0,0,0
1770178335012631906,15,15,14,15,0,0,0,0
1770178335032713922,15,15,14,15,0,0,0,0
1770178335052791681,16,15,14,15,0,0,0,0
1770178335072867584,15,15,14,15,0,0,0,0
1770178335092942784,15,15,14,15,0,0,0,0
1770178335113023487,15,15,14,15,0,0,0,0
1770178335133102239,15,15,14,15,0,0,0,0
1770178335153174782,15,15,14,15,0,0,0,0
1770178335173252061,15,15,14,15,0,0,0,0
1770178335193329277,15,15,14,15,0,0,0,0
1770178335213413564,15,15,14,15,0,0,0,0
1770178335233487036,15,15,14,15,0,0,0,0
1770178335253563899,15,15,14,15,0,0,0,0
1770178335273645402,15,15,14,15,0,0,0,0
1770178335293723834,15,15,14,15,0,0,0,0
1770178335313806201,15,15,14,15,0,0,0,0
1770178335333885657,15,15,14,15,0,0,0,0
1770178335353961528,15,15,14,15,0,0,0,0
1770178335374040344,15,15,14,15,0,0,0,0
1770178335394118743,15,15,14,15,0,0,0,0
1770178335414194614,15,15,14,15,0,0,0,0
1770178335434273782,15,15,14,15,0,0,0,0
1770178335454346837,15,15,14,15,0,0,0,0
1770178335474426069,15,15,14,15,0,0,0,0
1770178335494509812,15,15,14,15,0,0,0,0
1770178335514587315,15,15,14,15,0,0,0,0
1770178335534670483,15,15,14,15,0,0,0,0
1770178335554750162,15,15,14,15,0,0,0,0
1770178335574828082,15,15,14,15,0,0,0,0
1770178335594912241,15,15,14,15,0,0,0,0
1770178335614989169,15,15,14,15,0,0,0,0
1770178335635067440,15,15,14,15,0,0,0,0
1770178335655144944,15,15,14,15,0,0,0,0
1770178335675222927,15,15,14,15,0,0,0,0
1770178335695301422,15,15,14,15,0,0,0,0
1770178335715383918,15,15,14,15,0,0,0,0
1770178335735462221,15,15,14,15,0,0,0,0
1770178335755535693,15,15,14,15,0,0,0,0
1770178335775613036,15,15,14,15,0,0,0,0
1770178335795687819,15,15,14,15,0,0,0,0
1770178335815767051,15,15,14,15,0,0,0,0
1770178335835846186,15,15,14,15,0,0,0,0
1770178335855916521,15,15,14,15,0,0,0,0
1770178335875991305,15,15,14,15,0,0,0,0
1770178335896070216,15,15,14,15,0,0,0,0
1770178335916148616,15,15,14,15,0,0,0,0
1770178335936227623,15,15,14,15,0,0,0,0
1770178335956298438,15,15,14,15,0,0,0,0
1770178335976377094,15,15,14,15,0,0,0,0
1770178335996455813,15,15,14,15,0,0,0,0
1770178336016532260,15,15,14,15,0,0,0,0
1770178336036610372,15,15,14,15,0,0,0,0
1770178336056686659,15,15,14,15,0,0,0,0
1770178336076764643,15,15,14,15,0,0,0,0
1770178336096843330,15,15,14,15,0,0,0,0
1770178336116922945,15,15,14,15,0,0,0,0
1770178336137002209,15,15,14,15,0,0,0,0
1770178336157079840,15,15,14,15,0,0,0,0
1770178336177157344,15,15,14,15,0,0,0,0
1770178336197229887,15,15,14,15,0,0,0,0
1770178336217310046,15,15,14,15,0,0,0,0
1770178336237389854,15,15,14,15,0,0,0,0
1770178336257469853,15,15,14,15,0,0,0,0
1770178336277542013,15,15,14,15,0,0,0,0
1770178336297619868,15,15,14,15,0,0,0,0
1770178336317690267,15,15,14,15,0,0,0,0
1770178336337769435,15,15,14,15,0,0,0,0
1770178336357847450,15,15,14,15,0,0,0,0
1770178336377934298,15,15,14,15,0,0,0,0
1770178336398013305,15,15,14,15,0,0,0,0
1770178336418090616,15,15,14,15,0,0,0,0
1770178336438168760,15,15,14,15,0,0,0,0
1770178336458246743,15,15,14,15,0,0,0,0
1770178336478319863,15,15,14,15,0,0,0,0
1770178336498396022,15,15,14,15,0,0,0,0
1770178336518476213,15,15,14,15,0,0,0,0
1770178336538549781,15,15,14,15,0,0,0,0
1770178336558627540,15,15,14,15,0,0,0,0
1770178336578706740,15,15,14,15,0,0,0,0
1770178336598785811,15,15,14,15,0,0,0,0
1770178336618864050,15,15,14,15,0,0,0,0
1770178336638943954,15,15,14,15,0,0,0,0
1770178336659021905,15,15,14,15,0,0,0,0
1770178336679101073,15,15,14,15,0,0,0,0
1770178336699174224,15,15,14,15,0,0,0,0
1770178336719247631,15,15,14,15,0,0,0,0
1770178336739318095,15,15,14,15,0,0,0,0
1770178336759398702,15,15,14,15,0,0,0,0
1770178336779469709,15,15,14,14,0,0,0,0
1770178336799547725,15,14,14,14,0,0,0,0
1770178336819622764,15,14,14,14,0,0,0,0
1770178336839708172,15,14,14,15,0,0,0,0
1770178336859804395,15,14,14,15,0,0,0,0
1770178336879886187,15,14,14,15,0,0,0,0
1770178336899964170,15,15,14,15,0,0,0,0
1770178336920039146,15,15,14,15,0,0,0,0
1770178336940117801,15,15,14,15,0,0,0,0
1770178336960198760,15,15,14,15,0,0,0,0
1770178336980272392,15,15,14,15,0,0,0,0
1770178337000349031,15,15,14,15,0,0,0,0
1770178337020427719,15,15,14,15,0,0,0,0
1770178337040504966,15,15,14,15,0,0,0,0
1770178337060577637,15,15,14,15,0,0,0,0
1770178337080652997,15,15,14,15,0,0,0,0
1770178337100732452,15,15,14,15,0,0,0,0
1770178337120812867,15,15,14,15,0,0,0,0
1770178337140888131,15,15,14,15,0,0,0,0
1770178337160964706,15,15,14,15,0,0,0,0
1770178337181044802,15,15,14,15,0,0,0,0
1770178337201121953,15,15,14,15,0,0,0,0
1770178337221204705,15,15,14,15,0,0,0,0
1770178337241284928,15,15,14,15,0,0,0,0
1770178337261358847,15,15,14,15,0,0,0,0
1770178337281440127,15,15,14,15,0,0,0,0
1770178337301520286,15,15,14,15,0,0,0,0
1770178337321599390,15,15,14,15,0,0,0,0
1770178337341677981,15,15,14,15,0,0,0,0
1770178337361758205,15,15,14,15,0,0,0,0
1770178337381838012,15,15,14,15,0,0,0,0
1770178337401909883,15,15,14,15,0,0,0,0
1770178337421996443,15,15,14,15,0,0,0,0
1770178337442076858,15,15,14,15,0,0,0,0
1770178337462155354,15,15,14,15,0,0,0,0
1770178337482235225,15,15,14,15,0,0,0,0
1770178337502312377,15,15,14,15,0,0,0,0
1770178337522391704,15,15,14,15,0,0,0,0
1770178337542474167,15,15,14,15,0,0,0,0
1770178337562549591,15,15,14,15,0,0,0,0
1770178337582625494,15,15,14,15,0,0,0,0
1770178337602705878,15,15,14,15,0,0,0,0
1770178337622781269,15,15,14,15,0,0,0,0
1770178337642854708,15,15,14,15,0,0,0,0
1770178337662933716,15,15,14,15,0,0,0,0
1770178337683013011,15,15,14,15,0,0,0,0
1770178337703090643,15,15,14,15,0,0,0,0
1770178337723178898,15,15,14,15,0,0,0,0
1770178337743258194,15,15,14,15,0,0,0,0
1770178337763331217,15,15,14,15,0,0,0,0
1770178337783409232,15,15,14,15,0,0,0,0
1770178337803489968,15,15,14,15,0,0,0,0
1770178337823563983,15,15,14,15,0,0,0,0
1770178337843642351,15,15,14,15,0,0,0,0
1770178337863718286,15,15,14,15,0,0,0,0
1770178337883793997,15,15,14,15,0,0,0,0
1770178337903876749,15,15,14,15,0,0,0,0
1770178337923950092,15,15,14,15,0,0,0,0
1770178337944029771,15,15,14,15,0,0,0,0
1770178337964110443,15,15,14,15,0,0,0,0
1770178337984182762,15,15,14,15,0,0,0,0
1770178338004263498,15,15,14,15,0,0,0,0
1770178338024343081,15,15,14,15,0,0,0,0
1770178338044417832,15,15,14,15,0,0,0,0
1770178338064497704,15,15,14,15,0,0,0,0
1770178338084575495,15,15,14,15,0,0,0,0
1770178338104655143,15,15,14,15,0,0,0,0
1770178338124731718,15,15,14,15,0,0,0,0
1770178338144811398,15,15,14,15,0,0,0,0
1770178338164888005,15,15,14,15,0,0,0,0
1770178338184965668,15,15,14,15,0,0,0,0
1770178338205043812,15,15,14,15,0,0,0,0
1770178338225120611,15,15,14,15,0,0,0,0
1770178338245197571,15,15,14,15,0,0,0,0
1770178338265268610,15,15,14,15,0,0,0,0
1770178338285346177,15,15,14,15,0,0,0,0
1770178338305423681,15,15,14,15,0,0,0,0
1770178338325497824,15,15,14,15,0,0,0,0
1770178338345575935,15,15,14,15,0,0,0,0
1770178338365652479,15,15,14,15,0,0,0,0
1770178338385728510,15,15,14,15,0,0,0,0
1770178338405808285,15,15,14,15,0,0,0,0
1770178338425887005,15,15,14,15,0,0,0,0
1770178338445965308,15,15,14,15,0,0,0,0
1770178338466042972,15,15,14,15,0,0,0,0
1770178338486112795,15,15,14,15,0,0,0,0
1770178338506182298,15,15,14,15,0,0,0,0
1770178338526254233,15,15,14,15,0,0,0,0
1770178338546326585,15,15,14,15,0,0,0,0
1770178338566405624,15,15,14,15,0,0,0,0
1770178338586491544,15,15,14,15,0,0,0,0
1770178338606564823,15,15,14,15,0,0,0,0
1770178338626639702,15,15,14,15,0,0,0,0
1770178338646719094,15,15,14,15,0,0,0,0
1770178338666799253,15,15,14,15,0,0,0,0
1770178338686878293,15,15,14,15,0,0,0,0
1770178338706958132,15,15,14,15,0,0,0,0
1770178338727037140,15,15,14,15,0,0,0,0
1770178338747116403,15,15,14,15,0,0,0,0
1770178338767188370,15,15,14,15,0,0,0,0
1770178338787267634,15,15,14,15,0,0,0,0
1770178338807344273,15,15,14,15,0,0,0,0
1770178338827427761,15,15,14,15,0,0,0,0
1770178338847507728,15,15,14,15,0,0,0,0
1770178338867587471,15,15,14,15,0,0,0,0
1770178338887662479,15,15,14,15,0,0,0,0
1770178338907741646,15,15,14,15,0,0,0,0
1770178338927816334,15,15,14,15,0,0,0,0
1770178338947892205,15,15,14,15,0,0,0,0
1770178338967971020,15,15,14,15,0,0,0,0
1770178338988048716,15,15,14,15,0,0,0,0
1770178339008118987,15,15,14,15,0,0,0,0
1770178339028208171,15,15,14,15,0,0,0,0
1770178339048283786,15,15,14,15,0,0,0,0
1770178339068369226,15,15,14,15,0,0,0,0
1770178339088444041,15,15,14,15,0,0,0,0
1770178339108524168,15,15,14,15,0,0,0,0
1770178339128603272,15,15,14,15,0,0,0,0
1770178339148688807,15,15,14,15,0,0,0,0
1770178339168762823,15,15,14,15,0,0,0,0
1770178339188842342,15,15,14,15,0,0,0,0
1770178339208923430,15,15,14,15,0,0,0,0
1770178339229007813,15,15,14,15,0,0,0,0
1770178339249087781,15,15,14,15,0,0,0,0
1770178339269160356,15,15,14,15,0,0,0,0
1770178339289240259,15,15,14,15,0,0,0,0
1770178339309316131,15,15,14,15,0,0,0,0
1770178339329389858,15,15,14,15,0,0,0,0
1770178339349467617,15,15,14,15,0,0,0,0
1770178339369545121,15,15,14,15,0,0,0,0
1770178339389617216,15,15,14,15,0,0,0,0
1770178339409692863,15,15,14,15,0,0,0,0
1770178339429768063,15,15,14,15,0,0,0,0
1770178339449845694,15,15,14,15,0,0,0,0
1770178339469937214,15,15,14,15,0,0,0,0
1770178339490014781,15,15,14,15,0,0,0,0
1770178339510092509,15,15,14,15,0,0,0,0
1770178339530167452,15,15,14,15,0,0,0,0
1770178339550238043,15,15,14,15,0,0,0,0
1770178339570318747,15,15,14,15,0,0,0,0
1770178339590396090,15,15,14,15,0,0,0,0
1770178339610471097,15,15,14,15,0,0,0,0
1770178339630550617,15,15,14,15,0,0,0,0
1770178339650625016,15,15,14,15,0,0,0,0
1770178339670697143,15,15,14,15,0,0,0,0
1770178339690769303,15,15,14,15,0,0,0,0
1770178339710844630,15,15,14,15,0,0,0,0
1770178339730917205,15,15,14,15,0,0,0,0
1770178339750991765,15,15,14,15,0,0,0,0
1770178339771070900,15,15,14,15,0,0,0,0
1770178339791144915,15,15,14,15,0,0,0,0
1770178339811216243,15,15,14,15,0,0,0,0
1770178339831295762,15,15,14,15,0,0,0,0
1770178339851373298,15,15,14,15,0,0,0,0
1770178339871446577,15,15,14,15,0,0,0,0
1770178339891519696,15,15,14,15,0,0,0,0
1770178339911598320,15,15,14,15,0,0,0,0
1770178339931678255,15,15,14,15,0,0,0,0
1770178339951755758,15,15,14,15,0,0,0,0
1770178339971829486,15,15,14,15,0,0,0,0
1770178339991908717,15,15,14,15,0,0,0,0
1770178340011985837,15,15,14,15,0,0,0,0
1770178340032061900,15,15,14,15,0,0,0,0
1770178340052142571,15,15,14,15,0,0,0,0
1770178340072214347,15,15,14,15,0,0,0,0
1770178340092291434,15,15,14,15,0,0,0,0
1770178340112365289,15,15,14,15,0,0,0,0
1770178340132437833,15,15,14,15,0,0,0,0
1770178340152518312,15,15,14,15,0,0,0,0
1770178340172590119,15,15,14,15,0,0,0,0
1770178340192667783,15,15,14,15,0,0,0,0
1770178340212741190,15,15,14,15,0,0,0,0
1770178340232819750,15,15,14,15,0,0,0,0
1770178340252893381,15,15,14,15,0,0,0,0
1770178340272968996,15,15,14,15,0,0,0,0
1770178340293046916,15,15,14,15,0,0,0,0
1770178340313125219,15,15,14,15,0,0,0,0
1770178340333199746,15,15,14,15,0,0,0,0
1770178340353278722,15,15,14,15,0,0,0,0
1770178340373350529,15,15,14,15,0,0,0,0
1770178340393428000,15,15,14,15,0,0,0,0
1770178340413503936,15,15,14,15,0,0,0,0
1770178340433582719,15,15,14,15,0,0,0,0
1770178340453659295,15,15,14,15,0,0,0,0
1770178340473740542,15,15,14,15,0,0,0,0
1770178340493815229,15,15,14,15,0,0,0,0
1770178340513898813,15,15,14,15,0,0,0,0
1770178340533952956,15,15,14,15,0,0,0,0
1770178340554024347,15,15,14,15,0,0,0,0
1770178340574122555,15,15,14,15,0,0,0,0
1770178340594195802,15,15,14,15,0,0,0,0
1770178340614276762,15,15,14,15,0,0,0,0
1770178340634356601,15,15,14,15,0,0,0,0
1770178340654433016,15,15,14,15,0,0,0,0
1770178340674515224,15,15,14,15,0,0,0,0
1770178340694585271,15,15,14,15,0,0,0,0
1770178340714663671,15,15,14,15,0,0,0,0
1770178340734742454,15,15,14,15,0,0,0,0
1770178340754818709,15,15,14,15,0,0,0,0
1770178340774900021,15,15,14,15,0,0,0,0
1770178340794978804,15,15,14,15,0,0,0,0
1770178340815060244,15,15,14,15,0,0,0,0
1770178340835135955,15,15,14,15,0,0,0,0
1770178340855206098,15,15,14,15,0,0,0,0
1770178340875287474,15,15,14,15,0,0,0,0
1770178340895365937,15,15,14,15,0,0,0,0
1770178340915447441,15,15,14,15,0,0,0,0
1770178340935525264,15,15,14,15,0,0,0,0
1770178340955601328,15,15,14,15,0,0,0,0
1770178340975679823,15,15,14,15,0,0,0,0
1770178340995756814,15,15,14,15,0,0,0,0
1770178341015833838,15,15,14,15,0,0,0,0
1770178341035907085,15,15,14,15,0,0,0,0
1770178341055984812,15,15,14,15,0,0,0,0
1770178341076061804,15,15,14,15,0,0,0,0
1770178341096139467,15,15,14,15,0,0,0,0
1770178341116208746,15,15,14,15,0,0,0,0
1770178341136282794,15,15,14,15,0,0,0,0
1770178341156359433,15,15,14,15,0,0,0,0
1770178341176434376,15,15,14,15,0,0,0,0
1770178341196512424,15,15,14,15,0,0,0,0
1770178341216590407,15,15,14,15,0,0,0,0
1770178341236664039,15,15,14,15,0,0,0,0
1770178341256739430,15,15,14,15,0,0,0,0
1770178341276814277,15,15,14,15,0,0,0,0
1770178341296892165,15,15,14,15,0,0,0,0
1770178341316969636,15,15,14,15,0,0,0,0
1770178341337047715,15,15,14,15,0,0,0,0
1770178341357124579,15,15,14,15,0,0,0,0
1770178341377201474,15,15,14,15,0,0,0,0
1770178341397278978,15,15,14,15,0,0,0,0
1770178341417355713,15,15,14,15,0,0,0,0
1770178341437433920,15,15,14,15,0,0,0,0
1770178341457512128,15,15,14,15,0,0,0,0
1770178341477590783,15,15,14,15,0,0,0,0
1770178341497672895,15,15,14,15,0,0,0,0
1770178341517749022,15,15,14,15,0,0,0,0
1770178341537833342,15,15,14,15,0,0,0,0
1770178341557938462,15,15,14,15,0,0,0,0
1770178341578016253,15,15,14,15,0,0,0,0
1770178341598094460,15,15,14,15,0,0,0,0
1770178341618171228,15,15,14,15,0,0,0,0
1770178341638255547,15,15,14,15,0,0,0,0
1770178341658332123,15,15,14,15,0,0,0,0
1770178341678410042,15,15,14,15,0,0,0,0
1770178341698487001,15,15,14,15,0,0,0,0
1770178341718563801,15,15,14,15,0,0,0,0
1770178341738641368,15,15,14,15,0,0,0,0
1770178341758718680,15,15,14,15,0,0,0,0
1770178341778795543,15,15,14,15,0,0,0,0
1770178341798871478,15,15,14,15,0,0,0,0
1770178341818947190,15,15,14,15,0,0,0,0
1770178341839023413,15,15,14,15,0,0,0,0
1770178341859101525,15,15,14,15,0,0,0,0
1770178341879187796,15,15,14,15,0,0,0,0
1770178341899263795,15,15,14,15,0,0,0,0
1770178341919343763,15,15,14,15,0,0,0,0
1770178341939428082,15,15,14,15,0,0,0,0
1770178341959509202,15,15,14,15,0,0,0,0
1770178341979587921,15,15,14,15,0,0,0,0
1770178341999658545,15,15,14,15,0,0,0,0
1770178342019736560,15,15,14,15,0,0,0,0
1770178342039822192,15,15,14,15,0,0,0,0
1770178342059896239,15,15,14,15,0,0,0,0
1770178342079975182,15,15,14,15,0,0,0,0
1770178342100053582,15,15,14,15,0,0,0,0
1770178342120126861,15,15,14,15,0,0,0,0
1770178342140213101,15,15,14,15,0,0,0,0
1770178342160298156,15,15,14,15,0,0,0,0
1770178342180377900,15,15,14,15,0,0,0,0
1770178342200453771,15,15,14,15,0,0,0,0
1770178342220523978,15,15,14,15,0,0,0,0
1770178342240609258,15,15,14,15,0,0,0,0
1770178342260688489,15,15,14,15,0,0,0,0
1770178342280763689,15,15,14,15,0,0,0,0
1770178342300838856,15,15,14,15,0,0,0,0
1770178342320919399,15,15,14,15,0,0,0,0
1770178342340996071,15,15,14,15,0,0,0,0
1770178342361075814,15,15,14,15,0,0,0,0
1770178342381156582,15,15,14,15,0,0,0,0
1770178342401233989,15,15,14,15,0,0,0,0
1770178342421313540,15,15,14,15,0,0,0,0
1770178342441389348,15,15,14,15,0,0,0,0
1770178342461467715,15,15,14,15,0,0,0,0
1770178342481541411,15,15,14,15,0,0,0,0
1770178342501624834,15,15,14,15,0,0,0,0
1770178342521698433,15,15,14,15,0,0,0,0
1770178342541776065,15,15,14,15,0,0,0,0
1770178342561857888,15,15,14,15,0,0,0,0
1770178342581939968,15,15,14,15,0,0,0,0
1770178342602016799,15,15,14,15,0,0,0,0
1770178342622095839,15,15,14,15,0,0,0,0
1770178342642167102,15,15,14,15,0,0,0,0
1770178342662247165,15,15,14,15,0,0,0,0
1770178342682322429,15,15,14,15,0,0,0,0
1770178342702403452,15,15,14,15,0,0,0,0
1770178342722483580,15,15,14,15,0,0,0,0
1770178342742559291,15,15,14,15,0,0,0,0
1770178342762629914,15,15,14,15,0,0,0,0
1770178342782708826,15,15,14,15,0,0,0,0
1770178342802785049,15,15,14,15,0,0,0,0
1770178342822864152,15,15,14,15,0,0,0,0
1770178342842929719,15,15,14,15,0,0,0,0
1770178342863009751,15,15,14,15,0,0,0,0
1770178342883089270,15,15,14,15,0,0,0,0
1770178342903166326,15,15,14,15,0,0,0,0
1770178342923243189,15,15,14,15,0,0,0,0
1770178342943327061,15,15,14,15,0,0,0,0
1770178342963406356,15,15,14,15,0,0,0,0
1770178342983483923,15,15,14,15,0,0,0,0
1770178343003560851,15,15,14,15,0,0,0,0
1770178343023637874,15,15,14,15,0,0,0,0
1770178343043718258,15,15,14,15,0,0,0,0
1770178343063797521,15,15,14,15,0,0,0,0
1770178343083875985,15,15,14,15,0,0,0,0
1770178343103961840,15,15,14,15,0,0,0,0
1770178343124036367,15,15,14,15,0,0,0,0
1770178343144117071,15,15,14,15,0,0,0,0
1770178343164196718,15,15,14,15,0,0,0,0
1770178343184271534,15,15,14,15,0,0,0,0
1770178343204345037,15,15,14,15,0,0,0,0
1770178343224426540,15,15,14,15,0,0,0,0
1770178343244512076,15,15,14,15,0,0,0,0
1770178343264593836,15,15,14,15,0,0,0,0
1770178343284674859,15,15,14,15,0,0,0,0
1770178343304760203,15,15,14,15,0,0,0,0
1770178343324840458,15,15,14,15,0,0,0,0
1770178343344928330,15,15,14,15,0,0,0,0
1770178343365005705,15,15,14,15,0,0,0,0
1770178343385090313,15,15,14,15,0,0,0,0
1770178343405167720,15,15,14,15,0,0,0,0
1770178343425244455,15,15,14,15,0,0,0,0
1770178343445327399,15,15,14,15,0,0,0,0
1770178343465406214,15,15,14,15,0,0,0,0
1770178348498582796,15,15,14,15,0,0,0,0
1770178348518660428,15,15,14,15,0,0,0,0
1770178348538737899,15,15,14,15,0,0,0,0
1770178348558811850,15,15,14,15,0,0,0,0
1770178348578890954,15,15,14,15,0,0,0,0
1770178348598964393,15,15,14,15,0,0,0,0
1770178348619040073,15,15,14,15,0,0,0,0
1770178348639116296,15,15,14,15,0,0,0,0
1770178348659188071,15,15,14,15,0,0,0,0
1770178348679261799,15,15,14,15,0,0,0,0
1770178348699341222,15,15,14,15,0,0,0,0
1770178348719413125,15,15,14,15,0,0,0,0
1770178348739487397,15,15,14,15,0,0,0,0
1770178348759564804,15,15,14,15,0,0,0,0
1770178348779638691,15,15,14,15,0,0,0,0
1770178348799715491,15,15,14,15,0,0,0,0
1770178348819791938,15,15,14,15,0,0,0,0
1770178348839865441,15,15,14,15,0,0,0,0
1770178348859940097,15,15,14,15,0,0,0,0
1770178348880021056,15,15,14,15,0,0,0,0
1770178348900097856,15,15,14,15,0,0,0,0
1770178348920182303,15,15,14,15,0,0,0,0
1770178348940258110,15,15,14,15,0,0,0,0
1770178348960333566,15,15,14,15,0,0,0,0
1770178348980407613,15,15,14,15,0,0,0,0
1770178349000490397,15,15,14,15,0,0,0,0
1770178349020555260,15,15,14,15,0,0,0,0
1770178349040622555,15,15,14,15,0,0,0,0
1770178349060696442,15,15,14,15,0,0,0,0
1770178349080774970,15,15,14,15,0,0,0,0
1770178349100851865,15,15,14,15,0,0,0,0
1770178349120928056,15,15,14,15,0,0,0,0
1770178349141006168,15,15,14,15,0,0,0,0
1770178349161088759,15,15,14,15,0,0,0,0
1770178349181163511,15,15,14,15,0,0,0,0
1770178349201240534,15,15,14,15,0,0,0,0
1770178349221320213,15,15,14,15,0,0,0,0
1770178349241401173,15,15,14,15,0,0,0,0
1770178349261480628,15,15,14,15,0,0,0,0
1770178349281559220,15,15,14,15,0,0,0,0
1770178349301636403,15,15,14,15,0,0,0,0
1770178349321709202,15,15,14,15,0,0,0,0
1770178349341783698,15,15,14,15,0,0,0,0
1770178349361863185,15,15,14,15,0,0,0,0
1770178349381946545,15,15,14,15,0,0,0,0
1770178349402023600,15,15,14,15,0,0,0,0
1770178349422099248,15,15,14,15,0,0,0,0
1770178349442170991,15,15,14,15,0,0,0,0
1770178349462251310,15,15,14,15,0,0,0,0
1770178349482329646,15,15,14,15,0,0,0,0
1770178349502406093,15,15,14,15,0,0,0,0
1770178349522481996,15,15,14,15,0,0,0,0
1770178349542554188,15,15,14,15,0,0,0,0
1770178349562632331,15,15,14,15,0,0,0,0
1770178349582709098,15,15,14,15,0,0,0,0
1770178349602783914,15,15,14,15,0,0,0,0
1770178349622857609,15,15,14,15,0,0,0,0
1770178349642934024,15,15,14,15,0,0,0,0
1770178349663014344,15,15,14,15,0,0,0,0
1770178349683093447,15,15,14,15,0,0,0,0
1770178349703171271,15,15,14,15,0,0,0,0
1770178349723251366,15,15,14,15,0,0,0,0
1770178349743326182,15,15,14,15,0,0,0,0
1770178349763405349,15,15,14,15,0,0,0,0
1770178349783483076,15,15,14,15,0,0,0,0
1770178349803560932,15,15,14,15,0,0,0,0
1770178349823633155,15,15,14,15,0,0,0,0
1770178349843715267,15,15,14,15,0,0,0,0
1770178349863795650,15,15,14,15,0,0,0,0
1770178349883872929,15,15,14,15,0,0,0,0
1770178349903948225,15,15,14,15,0,0,0,0
1770178349924024256,15,15,14,15,0,0,0,0
1770178349944098751,15,15,14,15,0,0,0,0
1770178349964177567,15,15,14,15,0,0,0,0
1770178349984255614,15,15,14,15,0,0,0,0
1770178350004334718,15,15,14,15,0,0,0,0
1770178350024415453,15,15,14,15,0,0,0,0
1770178350044494013,15,15,14,15,0,0,0,0
1770178350064573660,15,15,14,15,0,0,0,0
1770178350084654139,15,15,14,15,0,0,0,0
1770178350104732219,15,15,14,15,0,0,0,0
1770178350124804986,15,15,14,15,0,0,0,0
1770178350144879233,15,15,14,15,0,0,0,0
1770178350164953897,15,15,14,15,0,0,0,0
1770178350185031952,15,15,14,15,0,0,0,0
1770178350205109048,15,15,14,15,0,0,0,0
1770178350225188128,15,15,14,15,0,0,0,0
1770178350245268615,15,15,14,15,0,0,0,0
1770178350265348783,15,15,14,15,0,0,0,0
1770178350285425302,15,15,14,15,0,0,0,0
1770178350305506302,15,15,14,15,0,0,0,0
1770178350325584838,15,15,14,15,0,0,0,0
1770178350345663373,15,15,14,15,0,0,0,0
1770178350365740565,15,15,14,15,0,0,0,0
1770178350385816060,15,15,14,15,0,0,0,0
1770178350405891236,15,15,14,15,0,0,0,0
1770178350425939467,15,15,14,15,0,0,0,0
1770178350446014898,15,15,14,15,0,0,0,0
1770178350466092282,15,15,14,15,0,0,0,0
1770178350486163009,15,15,14,15,0,0,0,0
1770178350506241097,15,15,14,15,0,0,0,0
1770178350526316528,15,15,14,15,0,0,0,0
1770178350546394584,15,15,14,15,0,0,0,0
1770178350566467103,15,15,14,15,0,0,0,0
1770178350586542023,15,15,14,15,0,0,0,0
1770178350606622862,15,15,14,15,0,0,0,0
1770178350626698934,15,15,14,15,0,0,0,0
1770178350646778525,15,15,14,15,0,0,0,0
1770178350666859013,15,15,14,15,0,0,0,0
1770178350686938093,15,15,14,15,0,0,0,0
1770178350707013236,15,15,14,15,0,0,0,0
1770178350727092316,15,15,14,15,0,0,0,0
1770178350747168803,15,15,14,15,0,0,0,0
1770178350767245867,15,15,14,15,0,0,0,0
1770178350787322994,15,15,14,15,0,0,0,0
1770178350807399578,15,15,14,15,0,0,0,0
1770178350827471361,15,15,14,15,0,0,0,0
1770178350847549897,15,15,14,15,0,0,0,0
1770178350867622768,15,15,14,15,0,0,0,0
1770178350887702520,15,15,14,15,0,0,0,0
1770178350907778559,15,15,14,15,0,0,0,0
1770178350927854855,15,15,14,15,0,0,0,0
1770178350947929070,15,15,14,15,0,0,0,0
1770178350968008854,15,15,14,15,0,0,0,0
1770178350988087550,15,15,14,15,0,0,0,0
1770178351008159909,15,15,14,15,0,0,0,0
1770178351028233164,15,15,14,15,0,0,0,0
1770178351048309748,15,15,14,15,0,0,0,0
1770178351068390044,15,15,14,15,0,0,0,0
1770178351088468387,15,15,14,15,0,0,0,0
1770178351108542827,15,15,14,15,0,0,0,0
1770178351128621426,15,15,14,15,0,0,0,0
1770178351148701402,15,15,14,15,0,0,0,0
1770178351168779553,15,15,14,15,0,0,0,0
1770178351188857545,15,15,14,15,0,0,0,0
1770178351208936081,15,15,14,15,0,0,0,0
1770178351229014008,15,15,14,15,0,0,0,0
1770178351249093600,15,15,14,15,0,0,0,0
1770178351269171367,15,15,14,15,0,0,0,0
1770178351289243951,15,15,14,15,0,0,0,0
1770178351309322550,15,15,14,15,0,0,0,0
1770178351329400638,15,15,14,15,0,0,0,0
1770178351349473253,15,15,14,15,0,0,0,0
1770178351369549293,15,15,14,15,0,0,0,0
1770178351389627892,15,15,14,15,0,0,0,0
1770178351409707580,15,15,14,15,0,0,0,0
1770178351429787396,15,15,14,15,0,0,0,0
1770178351449865611,15,15,14,15,0,0,0,0
1770178351469938771,15,15,14,15,0,0,0,0
1770178351490015898,15,15,14,15,0,0,0,0
1770178351510089730,15,15,14,15,0,0,0,0
1770178351530175273,15,15,14,15,0,0,0,0
1770178351550262897,15,15,14,15,0,0,0,0
1770178351570340377,15,15,14,15,0,0,0,0
1770178351590417856,15,15,14,15,0,0,0,0
1770178351610494088,15,15,14,15,0,0,0,0
1770178351630576303,15,15,14,15,0,0,0,0
1770178351650664727,15,15,14,15,0,0,0,0
1770178351670743103,15,15,14,15,0,0,0,0
1770178351690817286,15,15,14,15,0,0,0,0
1770178351710903054,15,15,14,15,0,0,0,0
1770178351731001622,15,15,14,15,0,0,0,0
1770178351751083646,15,15,14,15,0,0,0,0
1770178351771166917,16,15,14,15,0,0,0,0
1770178351791249677,15,15,14,14,0,0,0,0
1770178351811324500,15,14,14,15,0,0,0,0
1770178351831398332,15,15,14,15,0,0,0,0
1770178351851476803,15,14,14,15,0,0,0,0
1770178351871555883,15,15,14,15,0,0,0,0
1770178351891631251,15,14,14,15,0,0,0,0
1770178351911711194,15,15,14,15,0,0,0,0
1770178351931788418,15,15,14,15,0,0,0,0
1770178351951864585,15,15,14,15,0,0,0,0
1770178351971942321,15,15,14,15,0,0,0,0
1770178351992013592,15,15,14,15,0,0,0,0
1770178352012094304,15,15,14,15,0,0,0,0
1770178352032168263,15,15,14,15,0,0,0,0
1770178352052241359,15,15,14,15,0,0,0,0
1770178352072317270,15,15,14,15,0,0,0,0
1770178352092401406,15,15,14,15,0,0,0,0
1770178352112482054,15,15,14,15,0,0,0,0
1770178352132560589,15,15,14,15,0,0,0,0
1770178352152643157,15,15,14,15,0,0,0,0
1770178352172720572,15,15,14,15,0,0,0,0
1770178352192798276,15,15,14,15,0,0,0,0
1770178352212877899,15,15,14,15,0,0,0,0
1770178352232956083,15,15,14,15,0,0,0,0
1770178352253033019,15,15,14,15,0,0,0,0
1770178352273112866,15,15,14,15,0,0,0,0
1770178352293186890,15,15,14,15,0,0,0,0
1770178352313271185,15,15,14,15,0,0,0,0
1770178352333347929,15,15,14,15,0,0,0,0
1770178352353418912,15,15,14,15,0,0,0,0
1770178352373495464,15,15,14,15,0,0,0,0
1770178352393572463,15,15,14,15,0,0,0,0
1770178352413648471,15,15,14,15,0,0,0,0
1770178352433722654,15,15,14,15,0,0,0,0
1770178352453801798,15,15,14,15,0,0,0,0
1770178352473880942,15,15,14,15,0,0,0,0
1770178352493961237,15,15,14,15,0,0,0,0
1770178352514038205,15,15,14,15,0,0,0,0
1770178352534117124,15,15,14,15,0,0,0,0
1770178352554192748,15,15,14,15,0,0,0,0
1770178352574271443,15,15,14,15,0,0,0,0
1770178352594348763,15,15,14,15,0,0,0,0
1770178352614427650,15,15,14,15,0,0,0,0
1770178352634503658,15,15,14,15,0,0,0,0
1770178352654574993,15,15,14,15,0,0,0,0
1770178352674655417,15,15,14,15,0,0,0,0
1770178352694731521,15,15,14,15,0,0,0,0
1770178352714809832,15,15,14,15,0,0,0,0
1770178352734882320,15,15,14,15,0,0,0,0
1770178352754962167,15,15,14,15,0,0,0,0
1770178352775041599,15,15,14,15,0,0,0,0
1770178352795113158,15,15,14,15,0,0,0,0
1770178352815190318,15,15,14,15,0,0,0,0
1770178352835262037,15,15,14,15,0,0,0,0
1770178352855340861,15,15,14,15,0,0,0,0
1770178352875419364,15,15,14,15,0,0,0,0
1770178352895492076,15,15,14,15,0,0,0,0
1770178352915566259,15,15,14,15,0,0,0,0
1770178352935646843,15,15,14,15,0,0,0,0
1770178352955728322,15,15,14,15,0,0,0,0
1770178352975808426,15,15,14,15,0,0,0,0
1770178352995887634,15,15,14,15,0,0,0,0
1770178353015967673,15,15,14,15,0,0,0,0
1770178353036054785,15,15,14,15,0,0,0,0
1770178353056133577,15,15,14,15,0,0,0,0
1770178353076209904,15,15,14,15,0,0,0,0
1770178353096288664,15,15,14,15,0,0,0,0
1770178353116363743,15,15,14,15,0,0,0,0
1770178353136438535,15,15,14,15,0,0,0,0
1770178353156523854,15,15,14,15,0,0,0,0
1770178353176603606,15,15,14,15,0,0,0,0
1770178353196682110,15,15,14,15,0,0,0,0
1770178353216756485,15,15,14,15,0,0,0,0
1770178353236841837,15,15,14,15,0,0,0,0
1770178353256916948,15,15,14,15,0,0,0,0
1770178353276996508,15,15,14,15,0,0,0,0
1770178353297074691,15,15,14,15,0,0,0,0
1770178353317154539,15,15,14,15,0,0,0,0
1770178353337232019,15,15,14,15,0,0,0,0
1770178353357316154,15,15,14,15,0,0,0,0
1770178353377398018,15,15,14,15,0,0,0,0
1770178353397470889,15,15,14,15,0,0,0,0
1770178353417542289,15,15,14,15,0,0,0,0
1770178353437617368,15,15,14,15,0,0,0,0
1770178353457696704,15,15,14,15,0,0,0,0
1770178353477771399,15,15,14,15,0,0,0,0
1770178353497848783,15,15,14,15,0,0,0,0
1770178353517942711,15,15,14,15,0,0,0,0
1770178353538015262,15,15,14,15,0,0,0,0
1770178353558091494,15,15,14,15,0,0,0,0
1770178353578164365,15,15,14,15,0,0,0,0
1770178353598238133,15,15,14,15,0,0,0,0
1770178353618314492,15,15,14,15,0,0,0,0
1770178353638397028,15,15,14,15,0,0,0,0
1770178353658485100,15,15,14,15,0,0,0,0
1770178353678571507,15,15,14,15,0,0,0,0
1770178353698655963,15,15,14,15,0,0,0,0
1770178353718733379,15,15,14,15,0,0,0,0
1770178353738818346,15,15,14,15,0,0,0,0
1770178353758900178,15,15,14,15,0,0,0,0
1770178353778986682,15,15,14,15,0,0,0,0
1770178353799069953,15,15,14,15,0,0,0,0
1770178353819150569,15,15,14,15,0,0,0,0
1770178353839230385,15,15,14,15,0,0,0,0
1770178353859318168,15,15,14,15,0,0,0,0
1770178353879406784,15,15,14,15,0,0,0,0
1770178353899487400,15,15,14,15,0,0,0,0
1770178353919567535,15,15,14,15,0,0,0,0
1770178353939641399,15,15,14,15,0,0,0,0
1770178353959729535,15,15,14,15,0,0,0,0
1770178353979801126,15,15,14,15,0,0,0,0
1770178353999880430,15,15,14,15,0,0,0,0
1770178354019953781,15,15,14,15,0,0,0,0
1770178354040035421,15,15,14,15,0,0,0,0
1770178354060120485,15,15,14,15,0,0,0,0
1770178354080201388,15,15,14,15,0,0,0,0
1770178354100276564,15,15,14,15,0,0,0,0
1770178354120355899,15,15,14,15,0,0,0,0
1770178354140431235,15,15,14,15,0,0,0,0
1770178354160514570,15,15,14,15,0,0,0,0
1770178354180595314,15,15,14,15,0,0,0,0
1770178354200671546,15,15,14,15,0,0,0,0
1770178354220749761,15,15,14,15,0,0,0,0
1770178354240829001,15,15,14,15,0,0,0,0
1770178354260901456,15,15,14,15,0,0,0,0
1770178354280976088,15,15,14,15,0,0,0,0
1770178354301054367,15,15,14,15,0,0,0,0
1770178354321124967,15,15,14,15,0,0,0,0
1770178354341203598,15,15,14,15,0,0,0,0
1770178354361287670,15,15,14,15,0,0,0,0
1770178354381361213,15,15,14,15,0,0,0,0
1770178354401445157,15,15,14,15,0,0,0,0
1770178354421526317,15,15,14,15,0,0,0,0
1770178354441602900,15,15,14,15,0,0,0,0
1770178354461674780,15,15,14,15,0,0,0,0
1770178354481755331,15,15,14,15,0,0,0,0
1770178354501832363,15,15,14,15,0,0,0,0
1770178354521910258,15,15,14,15,0,0,0,0
1770178354541991162,15,15,14,15,0,0,0,0
1770178354562066849,15,15,14,15,0,0,0,0
1770178354582146217,15,15,14,15,0,0,0,0
1770178354602225265,15,15,14,15,0,0,0,0
1770178354622302808,15,15,14,15,0,0,0,0
1770178354642378688,15,15,14,15,0,0,0,0
1770178354662456391,15,15,14,15,0,0,0,0
1770178354682535855,15,15,14,15,0,0,0,0
1770178354702610902,15,15,14,15,0,0,0,0
1770178354722685118,15,15,14,15,0,0,0,0
1770178354742757061,15,15,14,15,0,0,0,0
1770178354762832685,15,15,14,15,0,0,0,0
1770178354782911604,15,15,14,15,0,0,0,0
1770178354802991676,15,15,14,15,0,0,0,0
1770178354823063203,15,15,14,15,0,0,0,0
1770178354843134411,15,15,14,15,0,0,0,0
1770178354863213330,15,15,14,15,0,0,0,0
1770178354883301434,15,15,14,15,0,0,0,0
1770178354903377826,15,15,14,15,0,0,0,0
1770178354923455721,15,15,14,15,0,0,0,0
1770178354943534033,15,15,14,15,0,0,0,0
1770178354963617112,15,15,14,15,0,0,0,0
1770178354983695968,15,15,14,15,0,0,0,0
1770178355003775880,15,15,14,15,0,0,0,0
1770178355023855503,15,15,14,15,0,0,0,0
1770178355043932439,15,15,14,15,0,0,0,0
1770178355064005502,15,15,14,15,0,0,0,0
1770178355084081382,15,15,14,15,0,0,0,0
1770178355104160941,15,15,14,15,0,0,0,0
1770178355124234805,15,15,14,15,0,0,0,0
1770178355144312252,15,15,14,15,0,0,0,0
1770178355164391204,15,15,14,15,0,0,0,0
1770178355184470060,15,15,14,15,0,0,0,0
1770178355204548051,15,15,14,15,0,0,0,0
1770178355224626267,15,15,14,15,0,0,0,0
1770178355244702082,15,15,14,15,0,0,0,0
1770178355264781322,15,15,14,15,0,0,0,0
1770178355284866898,15,15,14,15,0,0,0,0
1770178355304947993,15,15,14,15,0,0,0,0
1770178355325026785,15,15,14,15,0,0,0,0
1770178355345099720,15,15,14,15,0,0,0,0
1770178355365178960,15,15,14,15,0,0,0,0
1770178355385258295,15,15,14,15,0,0,0,0
1770178355405337631,15,15,14,15,0,0,0,0
1770178355425415303,15,15,14,15,0,0,0,0
1770178355445487854,15,15,14,15,0,0,0,0
1770178355465565845,15,15,14,15,0,0,0,0
1770178355485642845,15,15,14,15,0,0,0,0
1770178355505719589,15,15,14,15,0,0,0,0
1770178355525797804,15,15,14,15,0,0,0,0
1770178355545882292,15,15,14,15,0,0,0,0
1770178355565960987,15,15,14,15,0,0,0,0
1770178355586036739,15,15,14,15,0,0,0,0
1770178355606122571,15,15,14,15,0,0,0,0
1770178355626201522,15,15,14,15,0,0,0,0
1770178355646283258,15,15,14,15,0,0,0,0
1770178355666359681,15,15,14,15,0,0,0,0
1770178355686435049,15,15,14,15,0,0,0,0
1770178355706512944,15,15,14,15,0,0,0,0
1770178355726590712,15,15,14,15,0,0,0,0
1770178355746670336,15,15,14,15,0,0,0,0
1770178355766747815,15,15,14,15,0,0,0,0
1770178355786824655,15,15,14,15,0,0,0,0
1770178355806906838,15,15,14,15,0,0,0,0
1770178355826986014,15,15,14,15,0,0,0,0
1770178355847067142,15,15,14,15,0,0,0,0
1770178355867147885,15,15,14,15,0,0,0,0
1770178355887226261,15,15,14,15,0,0,0,0
1770178355907299292,15,15,14,15,0,0,0,0
1770178355927373284,15,15,14,15,0,0,0,0
1770178355947449387,15,15,14,15,0,0,0,0
1770178355967521299,15,15,14,15,0,0,0,0
1770178355987598970,15,15,14,15,0,0,0,0
1770178356007677922,15,15,14,15,0,0,0,0
1770178356027744201,15,15,14,15,0,0,0,0
1770178356047824625,15,15,14,15,0,0,0,0
1770178356067910168,15,15,14,15,0,0,0,0
1770178356087990240,15,15,14,15,0,0,0,0
1770178356108067592,15,15,14,15,0,0,0,0
1770178356128143855,15,15,14,15,0,0,0,0
1770178356148222327,15,15,14,15,0,0,0,0
1770178356168307646,15,15,14,15,0,0,0,0
1770178356188387270,15,15,14,15,0,0,0,0
1770178356208466158,15,15,14,15,0,0,0,0
1770178356228544085,15,15,14,15,0,0,0,0
1770178356248622173,15,15,14,15,0,0,0,0
1770178356268704868,15,15,14,15,0,0,0,0
1770178356288783276,15,15,14,15,0,0,0,0
1770178356308860883,15,15,14,15,0,0,0,0
1770178356328937531,15,15,14,15,0,0,0,0
1770178356349016835,15,15,14,15,0,0,0,0
1770178356369095402,15,15,14,15,0,0,0,0
1770178356389173650,15,15,14,15,0,0,0,0
1770178356409253337,15,15,14,15,0,0,0,0
1770178356429332289,15,15,14,15,0,0,0,0
1770178356449412105,15,15,14,15,0,0,0,0
1770178356469493616,15,15,14,15,0,0,0,0
1770178356489572664,15,15,14,15,0,0,0,0
1770178356509651775,15,15,14,15,0,0,0,0
1770178356529729703,15,15,14,15,0,0,0,0
1770178356549808782,15,15,14,15,0,0,0,0
1770178356569886358,15,15,14,15,0,0,0,0
1770178356589957981,15,15,14,15,0,0,0,0
1770178356610038181,15,15,14,15,0,0,0,0
1770178356630112013,15,15,14,15,0,0,0,0
1770178356650185332,15,15,14,15,0,0,0,0
1770178356670255579,15,15,14,15,0,0,0,0
1770178356690331459,15,15,14,15,0,0,0,0
1770178356710405450,15,15,14,15,0,0,0,0
1770178356730484594,15,15,14,15,0,0,0,0
1770178356750563034,15,15,14,15,0,0,0,0
1770178356770637249,15,15,14,15,0,0,0,0
1770178356790708840,15,15,14,15,0,0,0,0
1770178356810789360,15,15,14,15,0,0,0,0
1770178356830862808,15,15,14,15,0,0,0,0
1770178356850939967,15,15,14,15,0,0,0,0
1770178356871015559,15,15,14,15,0,0,0,0
1770178356891088558,15,15,14,15,0,0,0,0
1770178356911162902,15,15,14,15,0,0,0,0
1770178356931238141,15,15,14,15,0,0,0,0
1770178356951310948,15,15,14,15,0,0,0,0
1770178356971382828,15,15,14,15,0,0,0,0
1770178356991453587,15,15,14,15,0,0,0,0
1770178357011529819,15,15,14,15,0,0,0,0
1770178357031606274,15,15,14,15,0,0,0,0
1770178357051679658,15,15,14,15,0,0,0,0
1770178357071755473,15,15,14,15,0,0,0,0
1770178357091835769,15,15,14,15,0,0,0,0
1770178357111909184,15,15,14,15,0,0,0,0
1770178357131983336,15,15,14,15,0,0,0,0
1770178357152053647,15,15,14,15,0,0,0,0
1770178357172131415,15,15,14,15,0,0,0,0
1770178357192209822,15,15,14,15,0,0,0,0
1770178357212286790,15,15,14,15,0,0,0,0
1770178357232361229,15,15,14,15,0,0,0,0
1770178357252437205,15,15,14,15,0,0,0,0
1770178357272514013,15,15,14,15,0,0,0,0
1770178357292588388,15,15,14,15,0,0,0,0
1770178357312669644,15,15,14,15,0,0,0,0
1770178357332743635,15,15,14,15,0,0,0,0
1770178357352826875,15,15,14,15,0,0,0,0
1770178357372907234,15,15,14,15,0,0,0,0
1770178357392985642,15,15,14,15,0,0,0,0
1770178357413065042,15,15,14,15,0,0,0,0
1770178357433143097,15,15,14,15,0,0,0,0
1770178357453225537,15,15,14,15,0,0,0,0
1770178357473305192,15,15,14,15,0,0,0,0
1770178357493384496,15,15,14,15,0,0,0,0
1770178357513464216,15,15,14,15,0,0,0,0
1770178357533537183,15,15,14,15,0,0,0,0
1770178357553614727,15,15,14,15,0,0,0,0
1770178357573692334,15,15,14,15,0,0,0,0
1770178357593770518,15,15,14,15,0,0,0,0
1770178357613849725,15,15,14,15,0,0,0,0
1770178357633936933,15,15,14,15,0,0,0,0
1770178357654018381,15,15,14,15,0,0,0,0
1770178357674094132,15,15,14,15,0,0,0,0
1770178357694165980,15,15,14,15,0,0,0,0
1770178357714238851,15,15,14,15,0,0,0,0
1770178357734317675,15,15,14,15,0,0,0,0
1770178357754392274,15,15,14,15,0,0,0,0
1770178357774468250,15,15,14,15,0,0,0,0
1770178357794547393,15,15,14,15,0,0,0,0
1770178357814627145,15,15,14,15,0,0,0,0
1770178357834701808,15,15,14,15,0,0,0,0
1770178357854779384,15,15,14,15,0,0,0,0
1770178357874858943,15,15,14,15,0,0,0,0
1770178357894937831,15,15,14,15,0,0,0,0
1770178357915016463,15,15,14,15,0,0,0,0
1770178357935092278,15,15,14,15,0,0,0,0
1770178357955172830,15,15,14,15,0,0,0,0
1770178357975250821,15,15,14,15,0,0,0,0
1770178357995329453,15,15,14,15,0,0,0,0
1770178358015409332,15,15,14,15,0,0,0,0
1770178358035488092,15,15,14,15,0,0,0,0
1770178358055567268,15,15,14,15,0,0,0,0
1770178358075645963,15,15,14,15,0,0,0,0
1770178358095723827,15,15,14,15,0,0,0,0
1770178358115804250,15,15,14,15,0,0,0,0
1770178358135882626,15,15,14,15,0,0,0,0
1770178358155956169,15,15,14,15,0,0,0,0
1770178358176033681,15,15,14,15,0,0,0,0
1770178358196111449,15,15,14,15,0,0,0,0
1770178358216189568,15,15,14,15,0,0,0,0
1770178358236268488,15,15,14,15,0,0,0,0
1770178358256343183,15,15,14,15,0,0,0,0
1770178358276422679,15,15,14,15,0,0,0,0
1770178358296501726,15,15,14,15,0,0,0,0
1770178358316577510,15,15,14,15,0,0,0,0
1770178358336656813,15,15,14,15,0,0,0,0
1770178358356733877,15,15,14,15,0,0,0,0
1770178358376813917,15,15,14,15,0,0,0,0
1770178358396893220,15,15,14,15,0,0,0,0
1770178358416971116,15,15,14,15,0,0,0,0
1770178358437048787,15,15,14,15,0,0,0,0
1770178358457126907,15,15,14,15,0,0,0,0
1770178358477206242,15,15,14,15,0,0,0,0
1770178358497285098,15,15,14,15,0,0,0,0
1770178358517364146,15,15,14,15,0,0,0,0
1770178363551154465,15,15,14,15,0,0,0,0
1770178363571234601,15,15,14,15,0,0,0,0
1770178363591316017,15,15,14,15,0,0,0,0
1770178363611396056,15,15,14,15,0,0,0,0
1770178363631475232,15,15,14,15,0,0,0,0
1770178363651556167,15,15,14,15,0,0,0,0
1770178363671635023,15,15,14,15,0,0,0,0
1770178363691714551,15,15,14,15,0,0,0,0
1770178363711794430,15,15,14,15,0,0,0,0
1770178363731874278,15,15,14,15,0,0,0,0
1770178363751954829,15,15,14,15,0,0,0,0
1770178363772033397,15,15,14,15,0,0,0,0
1770178363792112061,15,15,14,15,0,0,0,0
1770178363812190372,15,15,14,15,0,0,0,0
1770178363832270188,15,15,14,15,0,0,0,0
1770178363852351635,15,15,14,15,0,0,0,0
1770178363872426555,15,15,14,15,0,0,0,0
1770178363892497666,15,15,14,15,0,0,0,0
1770178363912575018,15,15,14,15,0,0,0,0
1770178363932652881,15,15,14,15,0,0,0,0
1770178363952729433,15,15,14,15,0,0,0,0
1770178363972803456,15,15,14,15,0,0,0,0
1770178363992882760,15,15,14,15,0,0,0,0
1770178364012953359,15,15,14,15,0,0,0,0
1770178364033030967,15,15,14,15,0,0,0,0
1770178364053108447,15,15,14,15,0,0,0,0
1770178364073193894,15,15,14,15,0,0,0,0
1770178364093273038,15,15,14,15,0,0,0,0
1770178364113351925,15,15,14,15,0,0,0,0
1770178364133426493,15,15,14,15,0,0,0,0
1770178364153500964,15,15,14,15,0,0,0,0
1770178364173586796,15,15,14,15,0,0,0,0
1770178364193664852,15,15,14,15,0,0,0,0
1770178364213742491,15,15,14,15,0,0,0,0
1770178364233818179,15,15,14,15,0,0,0,0
1770178364253895946,15,15,14,15,0,0,0,0
1770178364273980850,15,15,14,15,0,0,0,0
1770178364294061242,15,15,14,15,0,0,0,0
1770178364314139425,15,15,14,15,0,0,0,0
1770178364334216649,15,15,14,15,0,0,0,0
1770178364354299888,15,15,14,15,0,0,0,0
1770178364374384568,15,15,14,15,0,0,0,0
1770178364394457248,15,15,14,15,0,0,0,0
1770178364414539271,15,15,14,15,0,0,0,0
1770178364434614575,15,15,14,15,0,0,0,0
1770178364454689078,15,15,14,15,0,0,0,0
1770178364474763518,15,15,14,15,0,0,0,0
1770178364494841989,15,15,14,15,0,0,0,0
1770178364514927117,15,15,14,15,0,0,0,0
1770178364535002772,15,15,14,15,0,0,0,0
1770178364555083868,15,15,14,15,0,0,0,0
1770178364575161988,15,15,14,15,0,0,0,0
1770178364595241547,15,15,14,15,0,0,0,0
1770178364615319315,15,15,14,15,0,0,0,0
1770178364635397658,15,15,14,15,0,0,0,0
1770178364655476162,15,15,14,15,0,0,0,0
1770178364675546921,15,15,14,15,0,0,0,0
1770178364695622705,15,15,14,15,0,0,0,0
1770178364715699864,15,15,14,15,0,0,0,0
1770178364735779264,15,15,14,15,0,0,0,0
1770178364755855080,15,15,14,15,0,0,0,0
1770178364775934703,15,15,14,15,0,0,0,0
1770178364796012247,15,15,14,15,0,0,0,0
1770178364816087934,15,15,14,15,0,0,0,0
1770178364836165286,15,15,14,15,0,0,0,0
1770178364856244109,15,15,14,15,0,0,0,0
1770178364876321173,15,15,14,15,0,0,0,0
1770178364896401884,15,15,14,15,0,0,0,0
1770178364916475076,15,15,14,15,0,0,0,0
1770178364936551211,15,15,14,15,0,0,0,0
1770178364956629011,15,15,14,15,0,0,0,0
1770178364976709755,15,15,14,15,0,0,0,0
1770178364996788354,15,15,14,15,0,0,0,0
1770178365016862538,15,15,14,15,0,0,0,0
1770178365036942545,15,15,14,15,0,0,0,0
1770178365057020569,15,15,14,15,0,0,0,0
1770178365077100416,15,15,14,15,0,0,0,0
1770178365097178088,15,15,14,15,0,0,0,0
1770178365117255440,15,15,14,15,0,0,0,0
1770178365137334551,15,15,14,15,0,0,0,0
1770178365157412127,15,15,14,15,0,0,0,0
1770178365177483526,15,15,14,15,0,0,0,0
1770178365197559534,15,15,14,15,0,0,0,0
1770178365217639093,15,15,14,15,0,0,0,0
1770178365237714717,15,15,14,15,0,0,0,0
1770178365257793412,15,15,14,15,0,0,0,0
1770178365277869612,15,15,14,15,0,0,0,0
1770178365297960436,15,15,14,15,0,0,0,0
1770178365318040315,15,15,14,15,0,0,0,0
1770178365338117123,15,15,14,15,0,0,0,0
1770178365358194186,15,15,14,15,0,0,0,0
1770178365378270642,15,15,14,15,0,0,0,0
1770178365398347513,15,15,14,15,0,0,0,0
1770178365418420481,15,15,14,15,0,0,0,0
1770178365438497928,15,15,14,15,0,0,0,0
1770178365458567920,15,15,14,15,0,0,0,0
1770178365478639447,15,15,14,15,0,0,0,0
1770178365498716895,15,15,14,15,0,0,0,0
1770178365518792070,15,15,14,15,0,0,0,0
1770178365538871982,15,15,14,15,0,0,0,0
1770178365558950453,15,15,14,15,0,0,0,0
1770178365579029213,15,15,14,15,0,0,0,0
1770178365599104901,15,15,14,15,0,0,0,0
1770178365619183052,15,15,14,15,0,0,0,0
1770178365639260820,15,15,14,15,0,0,0,0
1770178365659338843,15,15,14,15,0,0,0,0
1770178365679415363,15,15,14,15,0,0,0,0
1770178365699488970,15,15,14,15,0,0,0,0
1770178365719568626,15,15,14,15,0,0,0,0
1770178365739640249,15,15,14,15,0,0,0,0
1770178365759722977,15,15,14,15,0,0,0,0
1770178365779801256,15,15,14,15,0,0,0,0
1770178365799880208,15,15,14,15,0,0,0,0
1770178365819956952,15,15,14,15,0,0,0,0
1770178365840038175,15,15,14,15,0,0,0,0
1770178365860120071,15,15,14,15,0,0,0,0
1770178365880203407,15,15,14,15,0,0,0,0
1770178365900281526,15,15,14,15,0,0,0,0
1770178365920356094,15,15,14,15,0,0,0,0
1770178365940429733,15,15,14,15,0,0,0,0
1770178365960511053,15,15,14,15,0,0,0,0
1770178365980590100,15,15,14,15,0,0,0,0
1770178366000668252,15,15,14,15,0,0,0,0
1770178366020746883,15,15,14,15,0,0,0,0
1770178366040825899,15,15,14,15,0,0,0,0
1770178366060904371,15,15,14,15,0,0,0,0
1770178366080990714,15,15,14,15,0,0,0,0
1770178366101069922,15,15,14,15,0,0,0,0
1770178366121149577,15,15,14,15,0,0,0,0
1770178366141225777,15,15,14,15,0,0,0,0
1770178366161298200,15,15,14,15,0,0,0,0
1770178366181372576,15,15,14,15,0,0,0,0
1770178366201452488,15,15,14,15,0,0,0,0
1770178366221537551,15,15,14,15,0,0,0,0
1770178366241609591,15,15,14,15,0,0,0,0
1770178366261687774,15,15,14,15,0,0,0,0
1770178366281774118,15,15,14,15,0,0,0,0
1770178366301849229,15,15,14,15,0,0,0,0
1770178366321936053,15,15,14,15,0,0,0,0
1770178366342007773,15,15,14,15,0,0,0,0
1770178366362085572,15,15,14,15,0,0,0,0
1770178366382169804,15,15,14,15,0,0,0,0
1770178366402253940,15,15,14,15,0,0,0,0
1770178366422332667,15,15,14,15,0,0,0,0
1770178366442406787,15,15,14,15,0,0,0,0
1770178366462481578,15,15,14,15,0,0,0,0
1770178366482561650,15,15,14,15,0,0,0,0
1770178366502641465,15,15,14,15,0,0,0,0
1770178366522718881,15,15,14,15,0,0,0,0
1770178366542793640,15,15,14,15,0,0,0,0
1770178366562866896,15,15,14,15,0,0,0,0
1770178366582945687,15,15,14,15,0,0,0,0
1770178366603022335,15,15,14,15,0,0,0,0
1770178366623097542,15,15,14,15,0,0,0,0
1770178366643176718,15,15,14,15,0,0,0,0
1770178366663254294,15,15,14,15,0,0,0,0
1770178366683331133,15,15,14,15,0,0,0,0
1770178366703405125,15,15,14,15,0,0,0,0
1770178366723479052,15,15,14,15,0,0,0,0
1770178366743555316,15,15,14,15,0,0,0,0
1770178366763634299,15,15,14,15,0,0,0,0
1770178366783707555,15,15,14,15,0,0,0,0
1770178366803785994,15,15,14,15,0,0,0,0
1770178366823857074,15,15,14,15,0,0,0,0
1770178366843935641,15,15,14,15,0,0,0,0
1770178366864011233,15,15,14,15,0,0,0,0
1770178366884084552,15,15,14,15,0,0,0,0
1770178366904158128,15,15,14,15,0,0,0,0
1770178366924232503,15,15,14,15,0,0,0,0
1770178366944306431,15,15,14,15,0,0,0,0
1770178366964382598,15,15,14,15,0,0,0,0
1770178366984458414,15,15,14,15,0,0,0,0
1770178367004538389,15,15,14,15,0,0,0,0
1770178367024610397,15,15,14,15,0,0,0,0
1770178367044682340,15,15,14,15,0,0,0,0
1770178367064757676,15,15,14,15,0,0,0,0
1770178367084840307,15,15,14,15,0,0,0,0
1770178367104919867,15,15,14,15,0,0,0,0
1770178367124997538,15,15,14,15,0,0,0,0
1770178367145074058,15,15,14,15,0,0,0,0
1770178367165150514,15,15,14,15,0,0,0,0
1770178367185229081,15,15,14,15,0,0,0,0
1770178367205299584,15,15,14,15,0,0,0,0
1770178367225378920,15,15,14,15,0,0,0,0
1770178367245444111,15,15,14,15,0,0,0,0
1770178367265518903,15,15,14,15,0,0,0,0
1770178367285592894,15,15,14,15,0,0,0,0
1770178367305670342,15,15,14,15,0,0,0,0
1770178367325742797,15,15,14,15,0,0,0,0
1770178367345821589,15,15,14,15,0,0,0,0
1770178367365900508,15,15,14,15,0,0,0,0
1770178367385971652,15,15,14,15,0,0,0,0
1770178367406045515,15,15,14,15,0,0,0,0
1770178367426120723,15,15,14,15,0,0,0,0
1770178367446201435,15,15,14,15,0,0,0,0
1770178367466285922,15,15,14,15,0,0,0,0
1770178367486365258,15,15,14,15,0,0,0,0
1770178367506444401,15,15,14,15,0,0,0,0
1770178367526522265,15,15,14,15,0,0,0,0
1770178367546596544,15,15,14,15,0,0,0,0
1770178367566671912,15,15,14,15,0,0,0,0
1770178367586743599,15,15,14,15,0,0,0,0
1770178367606815319,15,15,14,15,0,0,0,0
1770178367626895326,15,15,14,15,0,0,0,0
1770178367646974630,15,15,14,15,0,0,0,0
1770178367667055918,15,15,14,15,0,0,0,0
1770178367687131573,15,15,14,15,0,0,0,0
1770178367707207037,15,15,14,15,0,0,0,0
1770178367727281828,15,15,14,15,0,0,0,0
1770178367747357292,15,15,14,15,0,0,0,0
1770178367767432787,15,15,14,15,0,0,0,0
1770178367787509755,15,15,14,15,0,0,0,0
1770178367807585890,15,15,14,15,0,0,0,0
1770178367827664138,15,15,14,15,0,0,0,0
1770178367847742097,15,15,14,15,0,0,0,0
1770178367867814201,15,15,14,15,0,0,0,0
1770178367887895232,15,15,14,15,0,0,0,0
1770178367907973704,15,15,14,15,0,0,0,0
1770178367928051280,15,15,14,15,0,0,0,0
1770178367948125015,15,15,14,15,0,0,0,0
1770178367968202207,15,15,14,15,0,0,0,0
1770178367988279270,15,15,14,15,0,0,0,0
1770178368008357038,15,15,14,15,0,0,0,0
1770178368028429781,15,15,14,15,0,0,0,0
1770178368048508701,15,15,14,15,0,0,0,0
1770178368068587364,15,15,14,15,0,0,0,0
1770178368088661292,15,15,14,15,0,0,0,0
1770178368108739891,15,15,14,15,0,0,0,0
1770178368128817947,15,15,14,15,0,0,0,0
1770178368148897890,15,15,14,15,0,0,0,0
1770178368168976490,15,15,14,15,0,0,0,0
1770178368189055890,15,15,14,15,0,0,0,0
1770178368209134745,15,15,14,15,0,0,0,0
1770178368229212673,15,15,14,15,0,0,0,0
1770178368249291592,15,15,14,15,0,0,0,0
1770178368269368016,15,15,14,15,0,0,0,0
1770178368289446583,15,15,14,15,0,0,0,0
1770178368309521183,15,15,14,15,0,0,0,0
1770178368329597446,15,15,14,15,0,0,0,0
1770178368349676174,15,15,14,15,0,0,0,0
1770178368369755254,15,15,14,15,0,0,0,0
1770178368389834909,15,15,14,15,0,0,0,0
1770178368409913189,15,15,14,15,0,0,0,0
1770178368429991372,15,15,14,15,0,0,0,0
1770178368450071252,15,15,14,15,0,0,0,0
1770178368470146139,15,15,14,15,0,0,0,0
1770178368490224643,15,15,14,15,0,0,0,0
1770178368510299915,15,15,14,15,0,0,0,0
1770178368530379922,15,15,14,15,0,0,0,0
1770178368550456346,15,15,14,15,0,0,0,0
1770178368570536257,15,15,14,15,0,0,0,0
1770178368590616201,15,15,14,15,0,0,0,0
1770178368610702929,15,15,14,15,0,0,0,0
1770178368630781688,15,15,14,15,0,0,0,0
1770178368650861472,15,15,14,15,0,0,0,0
1770178368670940391,15,15,14,15,0,0,0,0
1770178368691018127,15,15,14,15,0,0,0,0
1770178368711098487,15,15,14,15,0,0,0,0
1770178368731177086,15,15,14,15,0,0,0,0
1770178368751257670,15,15,14,15,0,0,0,0
1770178368771340717,15,15,14,15,0,0,0,0
1770178368791419477,15,15,14,15,0,0,0,0
1770178368811498941,15,15,14,15,0,0,0,0
1770178368831579588,15,15,14,15,0,0,0,0
1770178368851658604,15,15,14,15,0,0,0,0
1770178368871736019,15,15,14,15,0,0,0,0
1770178368891809115,15,15,14,15,0,0,0,0
1770178368911887714,15,15,14,15,0,0,0,0
1770178368931961194,15,15,14,15,0,0,0,0
1770178368952038513,15,15,14,15,0,0,0,0
1770178368972113561,15,15,14,15,0,0,0,0
1770178368992190976,15,15,14,15,0,0,0,0
1770178369012269032,15,15,14,15,0,0,0,0
1770178369032346223,15,15,14,15,0,0,0,0
1770178369052427223,15,15,14,15,0,0,0,0
1770178369072499519,15,15,14,15,0,0,0,0
1770178369092599559,15,15,14,15,0,0,0,0
1770178369112677966,15,15,14,15,0,0,0,0
1770178369132755158,15,15,14,15,0,0,0,0
1770178369152833981,15,15,14,15,0,0,0,0
1770178369172911781,15,15,14,15,0,0,0,0
1770178369192989516,15,15,14,15,0,0,0,0
1770178369213067380,15,15,14,15,0,0,0,0
1770178369233143931,15,15,14,15,0,0,0,0
1770178369253223459,15,15,14,15,0,0,0,0
1770178369273301547,15,15,14,15,0,0,0,0
1770178369293380306,15,15,14,15,0,0,0,0
1770178369313459674,15,15,14,15,0,0,0,0
1770178369333557122,15,15,14,15,0,0,0,0
1770178369353633801,15,15,14,15,0,0,0,0
1770178369373711889,15,15,14,15,0,0,0,0
1770178369393790296,15,15,14,15,0,0,0,0
1770178369413868256,15,15,14,15,0,0,0,0
1770178369433946600,15,15,14,15,0,0,0,0
1770178369454025679,15,15,14,15,0,0,0,0
1770178369474105335,15,15,14,15,0,0,0,0
1770178369494182910,15,15,14,15,0,0,0,0
1770178369514262086,15,15,14,15,0,0,0,0
1770178369534336845,15,15,14,15,0,0,0,0
1770178369554407541,15,15,14,15,0,0,0,0
1770178369574486076,15,15,14,15,0,0,0,0
1770178369594566308,15,15,14,15,0,0,0,0
1770178369614643724,15,15,14,15,0,0,0,0
1770178369634721747,15,15,14,15,0,0,0,0
1770178369654799515,15,15,14,15,0,0,0,0
1770178369674875618,15,15,14,15,0,0,0,0
1770178369694950058,15,15,14,15,0,0,0,0
1770178369715030321,15,15,14,15,0,0,0,0
1770178369735109945,15,15,14,15,0,0,0,0
1770178369755196449,15,15,14,15,0,0,0,0
1770178369775275752,15,15,14,15,0,0,0,0
1770178369795354416,15,15,14,15,0,0,0,0
1770178369815432343,15,15,14,15,0,0,0,0
1770178369835511807,15,15,14,15,0,0,0,0
1770178369855589734,15,15,14,15,0,0,0,0
1770178369875664334,15,15,14,15,0,0,0,0
1770178369895739765,15,15,14,15,0,0,0,0
1770178369915817885,15,15,14,15,0,0,0,0
1770178369935890756,15,15,14,15,0,0,0,0
1770178369955966700,15,15,14,15,0,0,0,0
1770178369976040819,15,15,14,15,0,0,0,0
1770178369996119995,15,15,14,15,0,0,0,0
1770178370016197283,15,15,14,15,0,0,0,0
1770178370036277066,15,15,14,15,0,0,0,0
1770178370056357298,15,15,14,15,0,0,0,0
1770178370076434553,15,15,14,15,0,0,0,0
1770178370096516801,15,15,14,15,0,0,0,0
1770178370116595145,15,15,14,15,0,0,0,0
1770178370136673872,15,15,14,15,0,0,0,0
1770178370156752280,15,15,14,15,0,0,0,0
1770178370176829567,15,15,14,15,0,0,0,0
1770178370196907911,15,15,14,15,0,0,0,0
1770178370216986606,15,15,14,15,0,0,0,0
1770178370237062582,15,15,14,15,0,0,0,0
1770178370257141918,15,15,14,15,0,0,0,0
1770178370277220389,15,15,14,15,0,0,0,0
1770178370297296845,15,15,14,15,0,0,0,0
1770178370317378804,15,15,14,15,0,0,0,0
1770178370337457276,15,15,14,15,0,0,0,0
1770178370357537827,15,15,14,15,0,0,0,0
1770178370377610571,15,15,14,15,0,0,0,0
1770178370397686514,15,15,14,15,0,0,0,0
1770178370417765114,15,15,14,15,0,0,0,0
1770178370437842018,15,15,14,15,0,0,0,0
1770178370457937833,15,15,14,15,0,0,0,0
1770178370478015825,15,15,14,15,0,0,0,0
1770178370498093529,15,15,14,15,0,0,0,0
1770178370518170464,15,15,14,15,0,0,0,0
1770178370538248136,15,15,14,15,0,0,0,0
1770178370558325263,15,15,14,15,0,0,0,0
1770178370578403031,15,15,14,15,0,0,0,0
1770178370598475998,15,15,14,15,0,0,0,0
1770178370618551110,15,15,14,15,0,0,0,0
1770178370638627405,15,15,14,15,0,0,0,0
1770178370658702453,15,15,14,15,0,0,0,0
1770178370678776188,15,15,14,15,0,0,0,0
1770178370698854308,15,15,14,15,0,0,0,0
1770178370718929003,15,15,14,15,0,0,0,0
1770178370739006643,15,15,14,15,0,0,0,0
1770178370759082650,15,15,14,15,0,0,0,0
1770178370779161186,15,15,14,15,0,0,0,0
1770178370799236009,15,15,14,15,0,0,0,0
1770178370819310705,15,15,14,15,0,0,0,0
1770178370839384280,15,15,14,15,0,0,0,0
1770178370859461600,15,15,14,15,0,0,0,0
1770178370879535399,15,15,14,15,0,0,0,0
1770178370899613871,15,15,14,15,0,0,0,0
1770178370919691415,15,15,14,15,0,0,0,0
1770178370939769918,15,15,14,15,0,0,0,0
1770178370959840421,15,15,14,15,0,0,0,0
1770178370979915981,15,15,14,15,0,0,0,0
1770178370999993269,15,15,14,15,0,0,0,0
1770178371020070812,15,15,14,15,0,0,0,0
1770178371040149572,15,15,14,15,0,0,0,0
1770178371060228043,15,15,14,15,0,0,0,0
1770178371080305811,15,15,14,15,0,0,0,0
1770178371100387354,15,15,14,15,0,0,0,0
1770178371120464546,15,15,14,15,0,0,0,0
1770178371140541674,15,15,14,15,0,0,0,0
1770178371160616657,15,15,14,15,0,0,0,0
1770178371180694969,15,15,14,15,0,0,0,0
1770178371200774624,15,15,14,15,0,0,0,0
1770178371220852392,15,15,14,15,0,0,0,0
1770178371240929423,15,15,14,15,0,0,0,0
1770178371261006103,15,15,14,15,0,0,0,0
1770178371281082494,15,15,14,15,0,0,0,0
1770178371301159686,15,15,14,15,0,0,0,0
1770178371321233517,15,15,14,15,0,0,0,0
1770178371341313141,15,15,14,15,0,0,0,0
1770178371361390685,15,15,14,15,0,0,0,0
1770178371381462788,15,15,14,15,0,0,0,0
1770178371401540268,15,15,14,15,0,0,0,0
1770178371421618611,15,15,14,15,0,0,0,0
1770178371441697083,15,15,14,15,0,0,0,0
1770178371461776194,15,15,14,15,0,0,0,0
1770178371481854922,15,15,14,15,0,0,0,0
1770178371501934161,15,15,14,15,0,0,0,0
1770178371522013433,15,15,14,15,0,0,0,0
1770178371542093985,15,15,14,15,0,0,0,0
1770178371562172360,15,15,14,15,0,0,0,0
1770178371582251472,15,15,14,15,0,0,0,0
1770178371602329399,15,15,14,15,0,0,0,0
1770178371622408575,15,15,14,15,0,0,0,0
1770178371642487078,15,15,14,15,0,0,0,0
1770178371662567790,15,15,14,15,0,0,0,0
1770178371682645750,15,15,14,15,0,0,0,0
1770178371702723741,15,15,14,15,0,0,0,0
1770178371722801509,15,15,14,15,0,0,0,0
1770178371742879468,15,15,14,15,0,0,0,0
1770178371762958196,15,15,14,15,0,0,0,0
1770178371783035419,15,15,14,15,0,0,0,0
1770178371803113443,15,15,14,15,0,0,0,0
1770178371823189163,15,15,14,15,0,0,0,0
1770178371843269138,15,15,14,15,0,0,0,0
1770178371863348666,15,15,14,15,0,0,0,0
1770178371883422913,15,15,14,15,0,0,0,0
1770178371903496393,15,15,14,15,0,0,0,0
1770178371923574384,15,15,14,15,0,0,0,0
1770178371943651576,15,15,14,15,0,0,0,0
1770178371963724447,15,15,14,15,0,0,0,0
1770178371983803047,15,15,14,15,0,0,0,0
1770178372003880494,15,15,14,15,0,0,0,0
1770178372023955254,15,15,14,15,0,0,0,0
1770178372044035389,15,15,14,15,0,0,0,0
1770178372064108741,15,15,14,15,0,0,0,0
1770178372084184044,15,15,14,15,0,0,0,0
1770178372104260436,15,15,14,15,0,0,0,0
1770178372124336667,15,15,14,15,0,0,0,0
1770178372144411747,15,15,14,15,0,0,0,0
1770178372164485738,15,15,14,15,0,0,0,0
1770178372184560274,15,15,14,15,0,0,0,0
1770178372204631769,15,15,14,15,0,0,0,0
1770178372224705825,15,15,14,15,0,0,0,0
1770178372244785736,15,15,14,15,0,0,0,0
1770178372264865200,15,15,14,15,0,0,0,0
1770178372284941496,15,15,14,15,0,0,0,0
1770178372305020767,15,15,14,15,0,0,0,0
1770178372325098407,15,15,14,15,0,0,0,0
1770178372345175406,15,15,14,15,0,0,0,0
1770178372365256790,15,15,14,15,0,0,0,0
1770178372385335293,15,15,14,15,0,0,0,0
1770178372405413125,15,15,14,15,0,0,0,0
1770178372425488172,15,15,14,15,0,0,0,0
1770178372445567092,15,15,14,15,0,0,0,0
1770178372465647068,15,15,14,15,0,0,0,0
1770178372485724675,15,15,14,15,0,0,0,0
1770178372505801931,15,15,14,15,0,0,0,0
1770178372525880786,15,15,14,15,0,0,0,0
1770178372545958202,15,15,14,15,0,0,0,0
1770178372566036641,15,15,14,15,0,0,0,0
1770178372586112745,15,15,14,15,0,0,0,0
1770178372606190641,15,15,14,15,0,0,0,0
1770178372626268760,15,15,14,15,0,0,0,0
1770178372646343360,15,15,14,15,0,0,0,0
1770178372666425351,15,15,14,15,0,0,0,0
1770178372686504719,15,15,14,15,0,0,0,0
1770178372706581366,15,15,14,15,0,0,0,0
1770178372726658654,15,15,14,15,0,0,0,0
1770178372746740870,15,15,14,15,0,0,0,0
1770178372766821037,15,15,14,15,0,0,0,0
1770178372786897173,15,15,14,15,0,0,0,0
1770178372806975324,15,15,14,15,0,0,0,0
1770178372827052580,15,15,14,15,0,0,0,0
1770178372847129867,15,15,14,15,0,0,0,0
1770178372867203347,15,15,14,15,0,0,0,0
1770178372887281338,15,15,14,15,0,0,0,0
1770178372907354658,15,15,14,15,0,0,0,0
1770178372927431945,15,15,14,15,0,0,0,0
1770178372947510193,15,15,14,15,0,0,0,0
1770178372967585208,15,15,14,15,0,0,0,0
1770178372987662272,15,15,14,15,0,0,0,0
1770178373007735495,15,15,14,15,0,0,0,0
1770178373027810991,15,15,14,15,0,0,0,0
1770178373047884726,15,15,14,15,0,0,0,0
1770178373067956894,15,15,14,15,0,0,0,0
1770178373088031781,15,15,14,15,0,0,0,0
1770178373108109517,15,15,14,15,0,0,0,0
1770178373128186420,15,15,14,15,0,0,0,0
1770178373148258716,15,15,14,15,0,0,0,0
1770178373168335363,15,15,14,15,0,0,0,0
1770178373188410123,15,15,14,15,0,0,0,0
1770178373208486802,15,15,14,15,0,0,0,0
1770178373228562234,15,15,14,15,0,0,0,0
1770178373248637825,15,15,14,15,0,0,0,0
1770178373268712713,15,15,14,15,0,0,0,0
1770178373288788401,15,15,14,15,0,0,0,0
1770178373308865400,15,15,14,15,0,0,0,0
1770178373328942592,15,15,14,15,0,0,0,0
1770178373349019943,15,15,14,15,0,0,0,0
1770178373369096079,15,15,14,15,0,0,0,0
1770178373389171510,15,15,14,15,0,0,0,0
1770178373409247230,15,15,14,15,0,0,0,0
1770178373429327237,15,15,14,15,0,0,0,0
1770178373449402861,15,15,14,15,0,0,0,0
1770178373469479956,15,15,14,15,0,0,0,0
1770178373489557852,15,15,14,15,0,0,0,0
1770178373509625987,15,15,14,15,0,0,0,0
1770178373529706923,15,15,14,15,0,0,0,0
1770178373549779954,15,15,14,15,0,0,0,0
1770178373569861178,15,15,14,15,0,0,0,0
1770178378603423397,15,15,14,15,0,0,0,0
1770178378623502509,15,15,14,15,0,0,0,0
1770178378643581428,15,15,14,15,0,0,0,0
1770178378663659292,15,15,14,15,0,0,0,0
1770178378683738563,15,15,14,15,0,0,0,0
1770178378703810155,15,15,14,15,0,0,0,0
1770178378723872050,15,15,14,15,0,0,0,0
1770178378743949305,15,15,14,15,0,0,0,0
1770178378764024225,15,15,14,15,0,0,0,0
1770178378784100456,15,15,14,15,0,0,0,0
1770178378804174256,15,15,14,15,0,0,0,0
1770178378824250103,15,15,14,15,0,0,0,0
1770178378844326655,15,15,14,15,0,0,0,0
1770178378864400806,15,15,14,15,0,0,0,0
1770178378884477390,15,15,14,15,0,0,0,0
1770178378904553366,15,15,14,15,0,0,0,0
1770178378924624701,15,15,14,15,0,0,0,0
1770178378944701124,15,15,14,15,0,0,0,0
1770178378964779724,15,15,14,15,0,0,0,0
1770178378984854324,15,15,14,15,0,0,0,0
1770178379004934267,15,15,14,15,0,0,0,0
1770178379025014755,15,15,14,15,0,0,0,0
1770178379045085674,15,15,14,15,0,0,0,0
1770178379065163890,15,15,14,15,0,0,0,0
1770178379085238969,15,15,14,15,0,0,0,0
1770178379105317185,15,15,14,15,0,0,0,0
1770178379125397064,15,15,14,15,0,0,0,0
1770178379145476720,15,15,14,15,0,0,0,0
1770178379165553528,15,15,14,15,0,0,0,0
1770178379185630879,15,15,14,15,0,0,0,0
1770178379205704583,15,15,14,15,0,0,0,0
1770178379225781006,15,15,14,15,0,0,0,0
1770178379245856982,15,15,14,15,0,0,0,0
1770178379265932605,15,15,14,15,0,0,0,0
1770178379286007141,15,15,14,15,0,0,0,0
1770178379306087052,15,15,14,15,0,0,0,0
1770178379326157876,15,15,14,15,0,0,0,0
1770178379346227995,15,15,14,15,0,0,0,0
1770178379366301986,15,15,14,15,0,0,0,0
1770178379386376906,15,15,14,15,0,0,0,0
1770178379406455122,15,15,14,15,0,0,0,0
1770178379426528089,15,15,14,15,0,0,0,0
1770178379446602944,15,15,14,15,0,0,0,0
1770178379466680904,15,15,14,15,0,0,0,0
1770178379486757008,15,15,14,15,0,0,0,0
1770178379506832247,15,15,14,15,0,0,0,0
1770178379526908543,15,15,14,15,0,0,0,0
1770178379546991302,15,15,14,15,0,0,0,0
1770178379567065998,15,15,14,15,0,0,0,0
1770178379587140629,15,15,14,15,0,0,0,0
1770178379607216445,15,15,14,15,0,0,0,0
1770178379627295844,15,15,14,15,0,0,0,0
1770178379647374348,15,15,14,15,0,0,0,0
1770178379667454196,15,15,14,15,0,0,0,0
1770178379687531035,15,15,14,15,0,0,0,0
1770178379707610947,15,15,14,15,0,0,0,0
1770178379727688362,15,15,14,15,0,0,0,0
1770178379747760210,15,15,14,15,0,0,0,0
1770178379767836825,15,15,14,15,0,0,0,0
1770178379787916097,15,15,14,15,0,0,0,0
1770178379807994632,15,15,14,15,0,0,0,0
1770178379828066704,15,15,14,15,0,0,0,0
1770178379848144215,15,15,14,15,0,0,0,0
1770178379868218975,15,15,14,15,0,0,0,0
1770178379888294854,15,15,14,15,0,0,0,0
1770178379908370926,15,15,14,15,0,0,0,0
1770178379928444341,14,14,14,15,0,0,0,0
1770178379948518045,15,14,13,15,0,0,0,0
1770178379968592612,15,14,14,15,0,0,0,0
1770178379988666668,15,15,14,15,0,0,0,0
1770178380008743923,15,15,14,15,0,0,0,0
1770178380028817179,15,15,14,15,0,0,0,0
1770178380048896610,15,15,14,15,0,0,0,0
1770178380068974730,15,15,14,15,0,0,0,0
1770178380089046513,15,15,14,15,0,0,0,0
1770178380109121785,15,15,14,15,0,0,0,0
1770178380129198272,15,15,14,15,0,0,0,0
1770178380149276168,15,15,14,15,0,0,0,0
1770178380169354768,15,15,14,15,0,0,0,0
1770178380189432279,15,15,14,15,0,0,0,0
1770178380209504671,15,15,14,15,0,0,0,0
1770178380229583558,15,15,14,15,0,0,0,0
1770178380249662670,15,15,14,15,0,0,0,0
1770178380269734485,15,15,14,15,0,0,0,0
1770178380289813245,15,15,14,15,0,0,0,0
1770178380309891844,15,15,14,15,0,0,0,0
1770178380329966188,15,15,14,15,0,0,0,0
1770178380350039347,15,15,14,15,0,0,0,0
1770178380370114587,15,15,14,15,0,0,0,0
1770178380390192386,15,15,14,15,0,0,0,0
1770178380410269162,15,15,14,15,0,0,0,0
1770178380430340817,15,15,14,15,0,0,0,0
1770178380450416185,15,15,14,15,0,0,0,0
1770178380470495488,15,15,14,15,0,0,0,0
1770178380490567848,15,15,14,15,0,0,0,0
1770178380510639407,15,15,14,15,0,0,0,0
1770178380530713975,15,15,14,15,0,0,0,0
1770178380550787806,15,15,14,15,0,0,0,0
1770178380570870470,15,15,14,15,0,0,0,0
1770178380590941741,15,15,14,15,0,0,0,0
1770178380611019989,15,15,14,15,0,0,0,0
1770178380631101436,15,15,14,15,0,0,0,0
1770178380651181412,15,15,14,15,0,0,0,0
1770178380671254379,15,15,14,15,0,0,0,0
1770178380691331443,15,15,14,15,0,0,0,0
1770178380711406939,15,15,14,15,0,0,0,0
1770178380731484610,15,15,14,15,0,0,0,0
1770178380751565162,15,15,14,15,0,0,0,0
1770178380771638097,15,15,14,15,0,0,0,0
1770178380791711801,15,15,14,15,0,0,0,0
1770178380811784512,15,15,14,15,0,0,0,0
1770178380831857128,15,15,14,15,0,0,0,0
1770178380851935247,15,15,14,15,0,0,0,0
1770178380872011383,15,15,14,15,0,0,0,0
1770178380892088574,15,15,14,15,0,0,0,0
1770178380912162118,15,15,14,15,0,0,0,0
1770178380932240397,15,15,14,15,0,0,0,0
1770178380952321525,15,15,14,15,0,0,0,0
1770178380972398460,15,15,14,15,0,0,0,0
1770178380992470564,15,15,14,15,0,0,0,0
1770178381012545387,15,15,14,15,0,0,0,0
1770178381032628307,15,15,14,15,0,0,0,0
1770178381052703674,15,15,14,15,0,0,0,0
1770178381072779458,15,15,14,15,0,0,0,0
1770178381092849001,15,15,14,15,0,0,0,0
1770178381112926417,15,15,14,15,0,0,0,0
1770178381132999832,15,15,14,15,0,0,0,0
1770178381153078656,15,15,14,15,0,0,0,0
1770178381173154951,15,15,14,15,0,0,0,0
1770178381193231855,15,15,14,15,0,0,0,0
1770178381213312119,15,15,14,15,0,0,0,0
1770178381233390206,15,15,14,15,0,0,0,0
1770178381253468230,15,15,14,15,0,0,0,0
1770178381273546317,15,15,14,15,0,0,0,0
1770178381293623349,15,15,14,15,0,0,0,0
1770178381313699580,15,15,14,15,0,0,0,0
1770178381333774724,15,15,14,15,0,0,0,0
1770178381353856267,15,15,14,15,0,0,0,0
1770178381373946323,15,15,14,15,0,0,0,0
1770178381394024155,15,15,14,15,0,0,0,0
1770178381414099170,15,15,14,15,0,0,0,0
1770178381434178826,15,15,14,15,0,0,0,0
1770178381454255698,15,15,14,15,0,0,0,0
1770178381474333913,15,15,14,15,0,0,0,0
1770178381494411009,15,15,14,15,0,0,0,0
1770178381514482120,15,15,14,15,0,0,0,0
1770178381534555567,15,15,14,15,0,0,0,0
1770178381554632119,15,15,14,15,0,0,0,0
1770178381574710975,15,15,14,15,0,0,0,0
1770178381594785670,15,15,14,15,0,0,0,0
1770178381614857326,15,15,14,15,0,0,0,0
1770178381634932725,15,15,14,15,0,0,0,0
1770178381655046781,15,15,14,15,0,0,0,0
1770178381675142469,15,15,14,15,0,0,0,0
1770178381695222317,15,15,14,15,0,0,0,0
1770178381715294676,15,15,14,15,0,0,0,0
1770178381735373212,15,15,14,15,0,0,0,0
1770178381755450467,15,15,14,15,0,0,0,0
1770178381775527403,15,15,14,15,0,0,0,0
1770178381795605811,15,15,14,15,0,0,0,0
1770178381815683834,15,15,14,15,0,0,0,0
1770178381835758626,15,15,14,15,0,0,0,0
1770178381855837321,15,15,14,15,0,0,0,0
1770178381875912081,15,15,14,15,0,0,0,0
1770178381895987928,15,15,14,15,0,0,0,0
1770178381916065376,15,15,14,15,0,0,0,0
1770178381936136647,15,15,14,15,0,0,0,0
1770178381956216047,15,15,14,15,0,0,0,0
1770178381976298038,15,15,14,15,0,0,0,0
1770178381996377214,15,15,14,15,0,0,0,0
1770178382016456646,15,15,14,15,0,0,0,0
1770178382036528813,15,15,14,15,0,0,0,0
1770178382056602741,15,15,14,15,0,0,0,0
1770178382076686908,15,15,14,15,0,0,0,0
1770178382096763204,15,15,14,15,0,0,0,0
1770178382116842539,15,15,14,14,0,0,0,0
1770178382136912467,15,14,14,14,0,0,0,0
1770178382156995258,15,15,14,14,0,0,0,0
1770178382177076354,15,15,14,15,0,0,0,0
1770178382197157098,15,15,14,15,0,0,0,0
1770178382217235441,15,15,14,15,0,0,0,0
1770178382237317689,15,15,14,15,0,0,0,0
1770178382257393344,15,15,14,15,0,0,0,0
1770178382277469768,15,15,14,15,0,0,0,0
1770178382297548239,15,15,14,15,0,0,0,0
1770178382317631671,15,15,14,15,0,0,0,0
1770178382337711455,15,15,14,15,0,0,0,0
1770178382357784006,15,15,14,15,0,0,0,0
1770178382377858062,15,15,14,15,0,0,0,0
1770178382397934325,15,15,14,15,0,0,0,0
1770178382418008189,15,15,14,15,0,0,0,0
1770178382438084548,15,15,14,15,0,0,0,0
1770178382458159692,15,15,14,15,0,0,0,0
1770178382478244403,15,15,14,15,0,0,0,0
1770178382498323035,15,15,14,15,0,0,0,0
1770178382518402243,15,15,14,15,0,0,0,0
1770178382538479626,15,15,14,15,0,0,0,0
1770178382558548971,15,15,14,15,0,0,0,0
1770178382578623336,15,15,14,15,0,0,0,0
1770178382598692932,15,15,14,15,0,0,0,0
1770178382618769408,15,15,14,15,0,0,0,0
1770178382638852445,15,15,14,15,0,0,0,0
1770178382658932057,15,15,14,15,0,0,0,0
1770178382679015350,15,15,14,15,0,0,0,0
1770178382699085650,15,15,14,15,0,0,0,0
1770178382719163279,15,15,14,15,0,0,0,0
1770178382739242571,15,15,14,15,0,0,0,0
1770178382759321896,15,15,14,15,0,0,0,0
1770178382779400708,15,15,14,15,0,0,0,0
1770178382799476161,15,15,14,15,0,0,0,0
1770178382819551229,15,15,14,15,0,0,0,0
1770178382839628506,15,15,14,15,0,0,0,0
1770178382859709782,15,15,14,15,0,0,0,0
1770178382879796563,15,15,14,15,0,0,0,0
1770178382899872655,15,15,14,15,0,0,0,0
1770178382919949164,15,15,14,15,0,0,0,0
1770178382940026952,15,15,14,15,0,0,0,0
1770178382960102885,15,15,14,15,0,0,0,0
1770178382980181569,15,15,14,15,0,0,0,0
1770178383000259838,15,15,14,15,0,0,0,0
1770178383020334074,15,15,14,15,0,0,0,0
1770178383040418551,15,15,14,15,0,0,0,0
1770178383060496755,15,15,14,15,0,0,0,0
1770178383080570256,15,15,14,15,0,0,0,0
1770178383100646316,15,15,14,15,0,0,0,0
1770178383120719464,15,15,14,15,0,0,0,0
1770178383140800517,15,15,14,15,0,0,0,0
1770178383160875937,15,15,14,15,0,0,0,0
1770178383180954110,15,15,14,15,0,0,0,0
1770178383201029562,15,15,14,15,0,0,0,0
1770178383221100503,15,15,14,15,0,0,0,0
1770178383241179987,15,15,14,15,0,0,0,0
1770178383261254064,15,15,14,15,0,0,0,0
1770178383281337292,15,15,14,15,0,0,0,0
1770178383301418313,15,15,14,15,0,0,0,0
1770178383321494437,15,15,14,15,0,0,0,0
1770178383341571522,15,15,14,15,0,0,0,0
1770178383361648574,15,15,14,15,0,0,0,0
1770178383381722778,15,15,14,15,0,0,0,0
1770178383401801975,15,15,14,15,0,0,0,0
1770178383421881491,15,15,14,15,0,0,0,0
1770178383441955184,15,15,14,15,0,0,0,0
1770178383462032236,15,15,14,15,0,0,0,0
1770178383482110633,15,15,14,15,0,0,0,0
1770178383502184997,15,15,14,15,0,0,0,0
1770178383522263842,15,15,14,15,0,0,0,0
1770178383542339838,15,15,14,15,0,0,0,0
1770178383562417147,15,15,14,15,0,0,0,0
1770178383582494871,15,15,14,15,0,0,0,0
1770178383602573396,15,15,14,15,0,0,0,0
1770178383622647920,15,15,14,15,0,0,0,0
1770178383642724204,15,15,14,15,0,0,0,0
1770178383662803625,15,15,14,15,0,0,0,0
1770178383682888902,15,15,14,15,0,0,0,0
1770178383702960098,15,15,14,15,0,0,0,0
1770178383723038654,15,15,14,15,0,0,0,0
1770178383743115547,15,15,14,15,0,0,0,0
1770178383763188631,15,15,14,15,0,0,0,0
1770178383783271284,15,15,14,15,0,0,0,0
1770178383803351824,15,15,14,15,0,0,0,0
1770178383823432077,15,15,14,15,0,0,0,0
1770178383843509833,15,15,14,15,0,0,0,0
1770178383863590214,15,15,14,15,0,0,0,0
1770178383883668002,15,15,14,15,0,0,0,0
1770178383903752415,15,15,14,15,0,0,0,0
1770178383923828315,15,15,14,15,0,0,0,0
1770178383943905048,15,15,14,15,0,0,0,0
1770178383963984756,15,15,14,15,0,0,0,0
1770178383984062545,15,15,14,15,0,0,0,0
1770178384004142413,15,15,14,15,0,0,0,0
1770178384024222986,15,15,14,15,0,0,0,0
1770178384044302310,15,15,14,15,0,0,0,0
1770178384064380259,15,15,14,15,0,0,0,0
1770178384084460191,15,15,14,15,0,0,0,0
1770178384104536764,15,15,14,15,0,0,0,0
1770178384124610168,15,15,14,15,0,0,0,0
1770178384144688213,15,15,14,15,0,0,0,0
1770178384164769649,15,15,14,15,0,0,0,0
1770178384184846446,15,15,14,15,0,0,0,0
1770178384204924362,15,15,14,15,0,0,0,0
1770178384225003111,15,15,14,15,0,0,0,0
1770178384245079683,15,15,14,15,0,0,0,0
1770178384265158880,15,15,14,15,0,0,0,0
1770178384285238140,15,15,14,15,0,0,0,0
1770178384305312761,15,15,14,15,0,0,0,0
1770178384325389365,15,15,14,15,0,0,0,0
1770178384345465745,15,15,14,15,0,0,0,0
1770178384365543790,15,15,14,15,0,0,0,0
1770178384385621290,14,15,14,15,0,0,0,0
1770178384405698823,14,15,14,15,0,0,0,0
1770178384425776099,14,15,14,15,0,0,0,0
1770178384445850272,15,15,14,15,0,0,0,0
1770178384465932892,15,15,14,15,0,0,0,0
1770178384486012153,15,15,14,15,0,0,0,0
1770178384506088373,15,15,14,15,0,0,0,0
1770178384526168594,15,15,14,15,0,0,0,0
1770178384546253326,15,15,14,15,0,0,0,0
1770178384566330603,15,15,14,15,0,0,0,0
1770178384586408903,15,15,14,15,0,0,0,0
1770178384606486500,15,15,14,15,0,0,0,0
1770178384626562144,15,15,14,15,0,0,0,0
1770178384646635965,15,15,14,15,0,0,0,0
1770178384666715001,15,15,14,15,0,0,0,0
1770178384686797942,15,15,14,15,0,0,0,0
1770178384706886482,15,15,14,15,0,0,0,0
1770178384726963407,15,15,14,15,0,0,0,0
1770178384747037515,15,15,14,15,0,0,0,0
1770178384767125864,15,15,14,15,0,0,0,0
1770178384787206885,15,15,14,15,0,0,0,0
1770178384807285153,15,15,14,15,0,0,0,0
1770178384827366270,15,15,14,15,0,0,0,0
1770178384847431194,15,15,14,15,0,0,0,0
1770178384867505846,15,15,14,15,0,0,0,0
1770178384887582547,15,15,14,15,0,0,0,0
1770178384907655343,15,15,14,15,0,0,0,0
1770178384927729739,15,15,14,15,0,0,0,0
1770178384947803304,15,15,14,15,0,0,0,0
1770178384967880228,15,15,14,15,0,0,0,0
1770178384987956705,15,15,14,15,0,0,0,0
1770178385008034717,15,15,14,15,0,0,0,0
1770178385028113210,15,15,14,15,0,0,0,0
1770178385048189206,15,15,14,15,0,0,0,0
1770178385068262067,15,15,14,15,0,0,0,0
1770178385088344591,15,15,14,15,0,0,0,0
1770178385108424684,15,15,14,15,0,0,0,0
1770178385128501160,15,15,14,15,0,0,0,0
1770178385148577701,15,15,14,15,0,0,0,0
1770178385168651201,15,15,14,15,0,0,0,0
1770178385188730269,15,15,14,15,0,0,0,0
1770178385208807994,15,15,14,15,0,0,0,0
1770178385228883702,15,15,14,15,0,0,0,0
1770178385248963251,15,15,14,15,0,0,0,0
1770178385269034447,15,15,14,15,0,0,0,0
1770178385289116780,15,15,14,15,0,0,0,0
1770178385309195688,15,15,14,15,0,0,0,0
1770178385329274917,15,15,14,15,0,0,0,0
1770178385349360065,15,15,14,15,0,0,0,0
1770178385369438590,15,15,14,15,0,0,0,0
1770178385389522522,15,15,14,15,0,0,0,0
1770178385409601143,15,15,14,15,0,0,0,0
1770178385429678099,15,15,14,15,0,0,0,0
1770178385449756848,15,15,14,15,0,0,0,0
1770178385469833996,15,15,14,15,0,0,0,0
1770178385489908649,15,15,14,15,0,0,0,0
1770178385509983109,15,15,14,15,0,0,0,0
1770178385530060834,15,15,14,15,0,0,0,0
1770178385550139166,15,15,14,15,0,0,0,0
1770178385570218587,15,15,14,15,0,0,0,0
1770178385590297879,15,15,14,15,0,0,0,0
1770178385610376500,15,15,14,15,0,0,0,0
1770178385630453936,15,15,14,15,0,0,0,0
1770178385650529709,15,15,14,15,0,0,0,0
1770178385670606281,15,15,14,15,0,0,0,0
1770178385690682917,15,15,14,15,0,0,0,0
1770178385710762914,15,15,14,15,0,0,0,0
1770178385730839198,15,15,14,15,0,0,0,0
1770178385750918107,15,15,14,15,0,0,0,0
1770178385770996695,15,15,14,15,0,0,0,0
1770178385791074804,15,15,14,15,0,0,0,0
1770178385811153520,15,15,14,15,0,0,0,0
1770178385831228653,15,15,14,15,0,0,0,0
1770178385851302409,15,15,14,15,0,0,0,0
1770178385871381286,15,15,14,15,0,0,0,0
1770178385891452930,15,15,14,15,0,0,0,0
1770178385911529151,15,15,14,15,0,0,0,0
1770178385931607643,15,15,14,15,0,0,0,0
1770178385951686872,15,15,14,15,0,0,0,0
1770178385971761684,15,15,14,15,0,0,0,0
1770178385991838896,15,15,14,15,0,0,0,0
1770178386011918157,15,15,14,15,0,0,0,0
1770178386031994249,15,15,14,15,0,0,0,0
1770178386052073862,15,14,14,15,0,0,0,0
1770178386072152866,15,14,14,15,0,0,0,0
1770178386092229599,15,14,14,15,0,0,0,0
1770178386112306299,15,14,14,15,0,0,0,0
1770178386132385656,15,14,14,15,0,0,0,0
1770178386152461684,15,15,14,15,0,0,0,0
1770178386172540305,15,15,14,15,0,0,0,0
1770178386192616909,15,15,14,15,0,0,0,0
1770178386212693610,15,15,14,15,0,0,0,0
1770178386232767782,15,15,14,15,0,0,0,0
1770178386252845955,15,15,14,15,0,0,0,0
1770178386272921439,15,15,14,15,0,0,0,0
1770178386293001723,15,15,14,15,0,0,0,0
1770178386313076408,15,15,14,15,0,0,0,0
1770178386333153844,15,15,14,15,0,0,0,0
1770178386353234385,15,15,14,15,0,0,0,0
1770178386373313453,15,15,14,15,0,0,0,0
1770178386393392170,15,15,14,15,0,0,0,0
1770178386413468006,15,15,14,15,0,0,0,0
1770178386433547043,15,15,14,15,0,0,0,0
1770178386453624831,15,15,14,15,0,0,0,0
1770178386473703196,15,15,14,15,0,0,0,0
1770178386493781720,15,15,14,15,0,0,0,0
1770178386513859605,15,15,14,15,0,0,0,0
1770178386533935505,15,15,14,15,0,0,0,0
1770178386554014414,15,15,14,15,0,0,0,0
1770178386574094986,15,15,14,15,0,0,0,0
1770178386594172295,15,15,14,15,0,0,0,0
1770178386614247171,15,15,14,15,0,0,0,0
1770178386634321184,15,15,14,15,0,0,0,0
1770178386654399708,15,15,14,15,0,0,0,0
1770178386674479449,15,15,14,15,0,0,0,0
1770178386694557941,15,15,14,15,0,0,0,0
1770178386714635409,15,15,14,15,0,0,0,0
1770178386734714702,15,15,14,15,0,0,0,0
1770178386754792170,15,15,14,15,0,0,0,0
1770178386774870119,15,15,14,15,0,0,0,0
1770178386794947971,15,15,14,15,0,0,0,0
1770178386815026848,15,15,14,15,0,0,0,0
1770178386835102300,15,15,14,15,0,0,0,0
1770178386855176761,15,15,14,15,0,0,0,0
1770178386875250901,15,15,14,15,0,0,0,0
1770178386895324274,15,15,14,15,0,0,0,0
1770178386915398766,15,15,14,15,0,0,0,0
1770178386935476970,15,15,14,15,0,0,0,0
1770178386955551207,15,15,14,15,0,0,0,0
1770178386975628099,15,15,14,15,0,0,0,0
1770178386995707552,15,15,14,15,0,0,0,0
1770178387015786908,15,15,14,15,0,0,0,0
1770178387035865625,15,15,14,15,0,0,0,0
1770178387055942069,15,14,14,15,0,0,0,0
1770178387076021554,15,15,14,15,0,0,0,0
1770178387096100302,15,15,14,15,0,0,0,0
1770178387116177227,15,15,14,15,0,0,0,0
1770178387136258151,15,15,14,15,0,0,0,0
1770178387156333860,15,15,14,15,0,0,0,0
1770178387176414016,15,15,14,15,0,0,0,0
1770178387196491613,15,15,14,15,0,0,0,0
1770178387216569273,15,15,14,15,0,0,0,0
1770178387236646806,15,15,14,15,0,0,0,0
1770178387256723538,15,15,14,15,0,0,0,0
1770178387276800975,15,15,14,15,0,0,0,0
1770178387296883787,15,15,14,15,0,0,0,0
1770178387316969608,15,15,14,15,0,0,0,0
1770178387337051140,15,15,14,15,0,0,0,0
1770178387357128161,15,15,14,15,0,0,0,0
1770178387377208861,15,15,14,15,0,0,0,0
1770178387397285114,15,15,14,15,0,0,0,0
1770178387417365526,15,15,14,15,0,0,0,0
1770178387437445107,15,15,14,15,0,0,0,0
1770178387457524943,15,15,14,15,0,0,0,0
1770178387477598380,15,15,14,15,0,0,0,0
1770178387497677672,15,15,14,15,0,0,0,0
1770178387517752133,15,15,14,15,0,0,0,0
1770178387537825217,15,15,14,15,0,0,0,0
1770178387557901117,15,15,14,15,0,0,0,0
1770178387577977530,15,15,14,15,0,0,0,0
1770178387598050230,15,15,14,15,0,0,0,0
1770178387618129875,15,15,14,15,0,0,0,0
1770178387638208559,15,15,14,15,0,0,0,0
1770178387658286284,15,15,14,15,0,0,0,0
1770178387678367432,15,15,14,15,0,0,0,0
1770178387698473733,15,15,14,15,0,0,0,0
1770178387718553314,15,15,14,15,0,0,0,0
1770178387738633630,15,15,14,15,0,0,0,0
1770178387758708251,15,15,14,15,0,0,0,0
1770178387778780727,15,15,14,15,0,0,0,0
1770178387798855572,15,15,14,15,0,0,0,0
1770178387818931728,15,15,14,15,0,0,0,0
1770178387839007565,15,15,14,15,0,0,0,0
1770178387859082537,15,15,14,15,0,0,0,0
1770178387879157189,15,15,14,15,0,0,0,0
1770178387899235202,15,15,14,15,0,0,0,0
1770178387919315422,15,15,14,15,0,0,0,0
1770178387939392187,15,15,14,15,0,0,0,0
1770178387959468983,15,15,14,15,0,0,0,0
1770178387979542388,15,15,14,15,0,0,0,0
1770178387999619440,15,15,14,15,0,0,0,0
1770178388019697453,15,15,14,15,0,0,0,0
1770178388039770761,15,15,14,15,0,0,0,0
1770178388059845285,15,15,14,15,0,0,0,0
1770178388079926306,15,15,14,15,0,0,0,0
1770178388100011839,15,15,14,15,0,0,0,0
1770178388120089563,15,15,14,15,0,0,0,0
1770178388140163127,15,15,14,15,0,0,0,0
1770178388160247764,15,15,14,15,0,0,0,0
1770178388180324688,15,15,14,15,0,0,0,0
1770178388200409581,15,15,14,15,0,0,0,0
1770178388220485482,15,15,14,15,0,0,0,0
1770178388240558374,15,15,14,15,0,0,0,0
1770178388260632930,15,15,14,15,0,0,0,0
1770178388280707967,15,15,14,15,0,0,0,0
1770178388300793019,15,15,14,15,0,0,0,0
1770178388320870360,15,15,14,15,0,0,0,0
1770178388340949332,15,15,14,15,0,0,0,0
1770178388361030449,15,15,14,15,0,0,0,0
1770178388381105517,15,15,14,15,0,0,0,0
1770178388401187210,15,15,14,15,0,0,0,0
1770178388421260742,15,15,14,15,0,0,0,0
1770178388441341667,15,15,14,15,0,0,0,0
1770178388461416895,15,15,14,15,0,0,0,0
1770178388481489340,15,15,14,15,0,0,0,0
1770178388501571896,15,15,14,15,0,0,0,0
1770178388521649173,15,15,14,15,0,0,0,0
1770178388541722577,15,15,14,15,0,0,0,0
1770178388561798093,15,15,14,15,0,0,0,0
1770178388581876586,15,15,14,15,0,0,0,0
1770178388601956294,15,15,14,15,0,0,0,0
1770178388622031363,15,15,14,15,0,0,0,0
1770178393655179979,15,15,14,15,0,0,0,0
1770178393675261608,15,15,14,15,0,0,0,0
1770178393695345829,15,15,14,15,0,0,0,0
1770178393715432065,15,15,14,15,0,0,0,0
1770178393735510654,15,15,14,15,0,0,0,0
1770178393755581018,15,15,14,15,0,0,0,0
1770178393775656279,15,15,14,15,0,0,0,0
1770178393795741459,15,15,14,15,0,0,0,0
1770178393815828912,15,15,14,15,0,0,0,0
1770178393835908044,15,15,14,15,0,0,0,0
1770178393855982537,15,15,14,15,0,0,0,0
1770178393876053701,15,15,14,15,0,0,0,0
1770178393896137090,15,15,14,15,0,0,0,0
1770178393916224446,15,15,14,15,0,0,0,0
1770178393936300891,15,15,14,15,0,0,0,0
1770178393956379703,15,15,14,15,0,0,0,0
1770178393976457588,15,15,14,15,0,0,0,0
1770178393996534640,15,15,14,15,0,0,0,0
1770178394016620109,15,15,14,15,0,0,0,0
1770178394036697417,15,15,14,15,0,0,0,0
1770178394056785670,15,15,14,15,0,0,0,0
1770178394076864835,15,15,14,15,0,0,0,0
1770178394096943039,15,15,14,15,0,0,0,0
1770178394117030460,15,15,14,15,0,0,0,0
1770178394137111768,15,15,14,15,0,0,0,0
1770178394157190005,15,15,14,15,0,0,0,0
1770178394177267441,15,15,14,15,0,0,0,0
1770178394197346638,15,15,14,15,0,0,0,0
1770178394217433002,15,15,14,15,0,0,0,0
1770178394237512391,15,15,14,15,0,0,0,0
1770178394257589027,15,15,14,15,0,0,0,0
1770178394277669536,15,15,14,15,0,0,0,0
1770178394297751740,15,15,14,15,0,0,0,0
1770178394317837113,15,15,14,15,0,0,0,0
1770178394337916310,15,15,14,15,0,0,0,0
1770178394358009362,15,15,14,15,0,0,0,0
1770178394378085263,15,15,14,15,0,0,0,0
1770178394398163787,15,15,14,15,0,0,0,0
1770178394418291017,15,15,14,15,0,0,0,0
1770178394438361669,15,15,14,15,0,0,0,0
1770178394458441794,15,15,14,15,0,0,0,0
1770178394478520222,15,15,14,15,0,0,0,0
1770178394498597563,15,15,14,15,0,0,0,0
1770178394518684183,15,15,14,15,0,0,0,0
1770178394538762580,15,15,14,15,0,0,0,0
1770178394558844560,15,15,14,15,0,0,0,0
1770178394578917837,15,15,14,15,0,0,0,0
1770178394598992105,15,15,14,15,0,0,0,0
1770178394619078086,15,15,14,15,0,0,0,0
1770178394639155554,15,15,14,15,0,0,0,0
1770178394659231359,15,15,14,15,0,0,0,0
1770178394679311675,15,15,14,15,0,0,0,0
1770178394699392600,15,15,14,15,0,0,0,0
1770178394719480692,15,15,14,15,0,0,0,0
1770178394739566385,15,15,14,15,0,0,0,0
1770178394759646286,15,15,14,15,0,0,0,0
1770178394779722218,15,15,14,15,0,0,0,0
1770178394799794662,15,15,14,15,0,0,0,0
1770178394819871619,15,15,14,15,0,0,0,0
1770178394839947103,15,15,14,15,0,0,0,0
1770178394860026396,15,15,14,15,0,0,0,0
1770178394880103704,15,15,14,15,0,0,0,0
1770178394900174229,15,15,14,15,0,0,0,0
1770178394920251345,15,15,14,15,0,0,0,0
1770178394940324461,15,15,14,15,0,0,0,0
1770178394960402986,15,15,14,15,0,0,0,0
1770178394980479462,15,15,14,15,0,0,0,0
1770178395000557379,15,15,14,15,0,0,0,0
1770178395020634495,15,15,14,15,0,0,0,0
1770178395040709788,15,15,14,15,0,0,0,0
1770178395060783160,15,15,14,15,0,0,0,0
1770178395080862133,15,15,14,15,0,0,0,0
1770178395100943697,15,15,14,15,0,0,0,0
1770178395121032110,15,15,14,15,0,0,0,0
1770178395141112394,15,15,14,15,0,0,0,0
1770178395161190247,15,15,14,15,0,0,0,0
1770178395181266179,15,15,14,15,0,0,0,0
1770178395201345824,15,15,14,15,0,0,0,0
1770178395221421788,15,15,14,15,0,0,0,0
1770178395241498361,15,15,14,15,0,0,0,0
1770178395261572565,15,15,14,14,0,0,0,0
1770178395281650770,15,15,14,14,0,0,0,0
1770178395301722286,15,15,14,15,0,0,0,0
1770178395321801194,15,15,14,15,0,0,0,0
1770178395341877223,15,15,14,15,0,0,0,0
1770178395361954883,15,15,14,15,0,0,0,0
1770178395382032320,15,15,14,15,0,0,0,0
1770178395402106620,15,15,14,15,0,0,0,0
1770178395422185785,15,15,14,15,0,0,0,0
1770178395442262133,15,15,14,15,0,0,0,0
1770178395462340370,15,15,14,15,0,0,0,0
1770178395482419438,15,15,14,15,0,0,0,0
1770178395502497931,15,15,14,15,0,0,0,0
1770178395522579431,15,15,14,15,0,0,0,0
1770178395542657604,15,15,14,15,0,0,0,0
1770178395562728064,15,15,14,15,0,0,0,0
1770178395582804732,15,15,14,15,0,0,0,0
1770178395602879481,15,15,14,15,0,0,0,0
1770178395622952117,15,15,14,15,0,0,0,0
1770178395643024690,15,15,14,15,0,0,0,0
1770178395663100942,15,15,14,15,0,0,0,0
1770178395683179531,15,15,14,15,0,0,0,0
1770178395703255207,15,15,14,15,0,0,0,0
1770178395723337220,15,15,14,15,0,0,0,0
1770178395743416480,15,15,14,15,0,0,0,0
1770178395763493757,15,15,14,15,0,0,0,0
1770178395783571929,15,15,14,15,0,0,0,0
1770178395803647861,15,15,14,15,0,0,0,0
1770178395823730642,15,15,14,15,0,0,0,0
1770178395843813263,15,15,14,15,0,0,0,0
1770178395863892171,15,15,14,15,0,0,0,0
1770178395883973672,15,15,14,15,0,0,0,0
1770178395904046788,15,15,14,15,0,0,0,0
1770178395924122368,15,15,14,15,0,0,0,0
1770178395944200413,15,15,14,15,0,0,0,0
1770178395964280889,15,15,14,15,0,0,0,0
1770178395984358646,15,15,14,15,0,0,0,0
1770178396004440851,15,15,14,15,0,0,0,0
1770178396024523183,15,15,14,15,0,0,0,0
1770178396044605548,15,15,14,15,0,0,0,0
1770178396064686120,15,15,14,15,0,0,0,0
1770178396084762021,15,15,14,15,0,0,0,0
1770178396104845729,15,15,14,15,0,0,0,0
1770178396124926782,15,15,14,15,0,0,0,0
1770178396145000730,15,15,14,15,0,0,0,0
1770178396165078615,15,15,14,15,0,0,0,0
1770178396185156275,15,15,14,15,0,0,0,0
1770178396205232496,15,15,14,15,0,0,0,0
1770178396225311084,15,15,14,15,0,0,0,0
1770178396245386088,15,15,14,15,0,0,0,0
1770178396265465285,15,15,14,15,0,0,0,0
1770178396285542945,15,15,14,15,0,0,0,0
1770178396305624606,15,15,14,15,0,0,0,0
1770178396325701658,15,15,14,15,0,0,0,0
1770178396345780695,15,15,14,15,0,0,0,0
1770178396365857971,15,15,14,15,0,0,0,0
1770178396385939024,15,15,14,15,0,0,0,0
1770178396406019309,15,15,14,15,0,0,0,0
1770178396426093161,15,15,14,15,0,0,0,0
1770178396446172581,15,15,14,15,0,0,0,0
1770178396466251554,15,15,14,15,0,0,0,0
1770178396486330462,15,15,14,15,0,0,0,0
1770178396506408603,15,15,14,15,0,0,0,0
1770178396526479415,15,15,14,15,0,0,0,0
1770178396546556436,15,15,14,15,0,0,0,0
1770178396566635632,15,15,14,15,0,0,0,0
1770178396586707661,15,15,14,15,0,0,0,0
1770178396606789033,15,15,14,15,0,0,0,0
1770178396626866694,15,15,14,15,0,0,0,0
1770178396646945538,15,15,14,15,0,0,0,0
1770178396667021567,15,15,14,15,0,0,0,0
1770178396687099675,15,15,14,15,0,0,0,0
1770178396707178680,15,15,14,15,0,0,0,0
1770178396727259444,15,15,14,15,0,0,0,0
1770178396747335056,15,15,14,15,0,0,0,0
1770178396767413005,15,15,14,15,0,0,0,0
1770178396787483465,15,15,14,15,0,0,0,0
1770178396807558406,15,15,14,15,0,0,0,0
1770178396827633986,15,15,14,15,0,0,0,0
1770178396847708767,15,15,14,15,0,0,0,0
1770178396867782587,15,15,14,15,0,0,0,0
1770178396887869496,15,15,14,15,0,0,0,0
1770178396907945364,15,15,14,15,0,0,0,0
1770178396928024017,15,15,14,15,0,0,0,0
1770178396948109581,15,15,14,15,0,0,0,0
1770178396968189002,15,15,14,15,0,0,0,0
1770178396988266150,15,15,14,15,0,0,0,0
1770178397008344611,15,15,14,15,0,0,0,0
1770178397028418367,15,15,14,15,0,0,0,0
1770178397048495419,15,15,14,15,0,0,0,0
1770178397068572600,15,15,13,15,0,0,0,0
1770178397088650612,15,15,14,15,0,0,0,0
1770178397108725521,15,15,14,15,0,0,0,0
1770178397128804813,15,15,14,15,0,0,0,0
1770178397148884746,15,15,14,15,0,0,0,0
1770178397168962630,15,15,14,15,0,0,0,0
1770178397189039843,15,15,14,15,0,0,0,0
1770178397209118911,15,15,14,15,0,0,0,0
1770178397229194972,15,15,14,15,0,0,0,0
1770178397249271416,15,15,14,15,0,0,0,0
1770178397269351381,15,15,14,15,0,0,0,0
1770178397289430609,15,15,14,15,0,0,0,0
1770178397309509582,15,15,14,15,0,0,0,0
1770178397329587594,15,15,14,15,0,0,0,0
1770178397349665095,15,15,14,15,0,0,0,0
1770178397369750467,15,15,14,15,0,0,0,0
1770178397389824544,15,15,14,15,0,0,0,0
1770178397409899196,15,15,14,15,0,0,0,0
1770178397429980729,15,15,14,15,0,0,0,0
1770178397450059893,15,15,14,15,0,0,0,0
1770178397470139378,15,15,14,15,0,0,0,0
1770178397490216942,15,15,14,15,0,0,0,0
1770178397510294123,15,15,14,15,0,0,0,0
1770178397530370375,15,15,14,15,0,0,0,0
1770178397550452260,15,15,14,15,0,0,0,0
1770178397570530336,15,15,14,15,0,0,0,0
1770178397590608221,15,15,14,15,0,0,0,0
1770178397610678297,15,15,14,15,0,0,0,0
1770178397630754773,15,15,14,15,0,0,0,0
1770178397650831986,15,15,14,15,0,0,0,0
1770178397670909806,15,15,14,15,0,0,0,0
1770178397690983755,15,15,14,15,0,0,0,0
1770178397711057511,15,15,14,15,0,0,0,0
1770178397731129443,15,15,14,15,0,0,0,0
1770178397751202560,15,15,14,15,0,0,0,0
1770178397771277116,15,15,14,15,0,0,0,0
1770178397791354681,15,15,14,15,0,0,0,0
1770178397811432149,15,15,14,15,0,0,0,0
1770178397831508018,15,15,14,15,0,0,0,0
1770178397851583406,15,15,14,15,0,0,0,0
1770178397871656746,15,15,14,15,0,0,0,0
1770178397891735015,15,15,14,15,0,0,0,0
1770178397911812611,15,15,14,15,0,0,0,0
1770178397931890624,15,15,14,15,0,0,0,0
1770178397951966972,15,15,14,15,0,0,0,0
1770178397972041177,15,15,14,15,0,0,0,0
1770178397992120085,15,15,14,15,0,0,0,0
1770178398012199154,15,15,14,15,0,0,0,0
1770178398032274478,15,15,14,15,0,0,0,0
1770178398052349515,15,15,14,15,0,0,0,0
1770178398072428167,15,15,14,15,0,0,0,0
1770178398092505572,15,15,14,15,0,0,0,0
1770178398112583200,15,15,14,15,0,0,0,0
1770178398132654812,15,15,14,15,0,0,0,0
1770178398152732505,15,15,14,15,0,0,0,0
1770178398172810421,15,15,14,15,0,0,0,0
1770178398192882834,15,15,14,15,0,0,0,0
1770178398212961838,15,15,14,15,0,0,0,0
1770178398233036235,15,15,14,15,0,0,0,0
1770178398253109127,15,15,14,15,0,0,0,0
1770178398273186723,15,15,14,15,0,0,0,0
1770178398293264544,15,15,14,15,0,0,0,0
1770178398313340668,15,15,14,15,0,0,0,0
1770178398333415129,15,15,14,15,0,0,0,0
1770178398353492021,15,15,14,15,0,0,0,0
1770178398373571378,15,15,14,15,0,0,0,0
1770178398393649198,15,15,14,15,0,0,0,0
1770178398413726123,15,15,14,15,0,0,0,0
1770178398433802567,15,15,14,15,0,0,0,0
1770178398453880100,15,15,14,15,0,0,0,0
1770178398473956448,15,15,14,15,0,0,0,0
1770178398494033341,15,15,14,15,0,0,0,0
1770178398514109721,15,15,14,15,0,0,0,0
1770178398534187029,15,15,14,15,0,0,0,0
1770178398554266674,15,15,14,15,0,0,0,0
1770178398574337230,15,15,14,15,0,0,0,0
1770178398594413899,15,15,14,15,0,0,0,0
1770178398614492487,15,15,14,15,0,0,0,0
1770178398634567012,15,15,14,15,0,0,0,0
1770178398654646368,15,15,14,15,0,0,0,0
1770178398674724186,15,15,14,15,0,0,0,0
1770178398694804949,15,15,14,15,0,0,0,0
1770178398714881999,15,15,14,15,0,0,0,0
1770178398734959785,15,15,14,15,0,0,0,0
1770178398755032996,15,15,14,15,0,0,0,0
1770178398775112318,15,15,14,15,0,0,0,0
1770178398795182585,15,15,14,15,0,0,0,0
1770178398815260339,15,15,14,15,0,0,0,0
1770178398835336653,15,15,14,15,0,0,0,0
1770178398855416168,15,15,14,15,0,0,0,0
1770178398875493346,15,15,14,15,0,0,0,0
1770178398895566813,15,15,14,15,0,0,0,0
1770178398915640855,15,15,14,15,0,0,0,0
1770178398935717586,15,15,14,15,0,0,0,0
1770178398955795852,15,15,14,15,0,0,0,0
1770178398975869286,15,15,14,15,0,0,0,0
1770178398995949377,15,15,14,15,0,0,0,0
1770178399016034716,15,15,14,15,0,0,0,0
1770178399036151095,15,15,14,15,0,0,0,0
1770178399056225681,15,15,14,15,0,0,0,0
1770178399076304492,15,15,14,15,0,0,0,0
1770178399096382662,15,15,14,15,0,0,0,0
1770178399116467841,15,15,14,15,0,0,0,0
1770178399136544091,15,15,14,15,0,0,0,0
1770178399156621878,15,15,14,15,0,0,0,0
1770178399176697872,15,15,14,15,0,0,0,0
1770178399196776042,15,15,14,15,0,0,0,0
1770178399216849221,15,15,14,15,0,0,0,0
1770178399236919967,15,15,14,15,0,0,0,0
1770178399256990649,15,15,14,15,0,0,0,0
1770178399277078548,15,15,14,15,0,0,0,0
1770178399297161807,15,15,14,15,0,0,0,0
1770178399317248649,15,15,14,15,0,0,0,0
1770178399337331652,15,15,14,15,0,0,0,0
1770178399357408318,15,15,14,15,0,0,0,0
1770178399377490649,15,15,14,15,0,0,0,0
1770178399397570035,15,15,14,15,0,0,0,0
1770178399417647662,15,15,14,15,0,0,0,0
1770178399437726408,15,15,14,15,0,0,0,0
1770178399457803747,15,15,14,15,0,0,0,0
1770178399477880605,15,15,14,15,0,0,0,0
1770178399497953335,15,15,14,15,0,0,0,0
1770178399518031250,15,15,14,15,0,0,0,0
1770178399538108396,15,15,14,15,0,0,0,0
1770178399558181127,15,15,14,15,0,0,0,0
1770178399578260417,15,15,14,15,0,0,0,0
1770178399598330619,15,15,14,15,0,0,0,0
1770178399618405238,15,15,14,15,0,0,0,0
1770178399638481392,15,15,14,15,0,0,0,0
1770178399658559627,15,15,14,15,0,0,0,0
1770178399678638405,15,15,14,15,0,0,0,0
1770178399698718944,15,15,14,15,0,0,0,0
1770178399718800154,15,15,14,15,0,0,0,0
1770178399738881653,15,15,14,15,0,0,0,0
1770178399758958031,15,15,14,15,0,0,0,0
1770178399779042634,15,15,14,15,0,0,0,0
1770178399799120324,15,15,14,15,0,0,0,0
1770178399819198015,15,15,14,15,0,0,0,0
1770178399839275833,15,15,14,15,0,0,0,0
1770178399859349011,15,15,14,15,0,0,0,0
1770178399879427214,15,15,14,15,0,0,0,0
1770178399899502152,15,15,14,15,0,0,0,0
1770178399919576195,15,15,14,15,0,0,0,0
1770178399939648573,15,15,14,15,0,0,0,0
1770178399959724311,15,15,14,15,0,0,0,0
1770178399979802290,15,15,14,15,0,0,0,0
1770178399999882700,15,15,14,15,0,0,0,0
1770178400019953831,15,15,14,15,0,0,0,0
1770178400040027745,15,15,14,15,0,0,0,0
1770178400060103643,15,15,14,15,0,0,0,0
1770178400080179062,15,15,14,15,0,0,0,0
1770178400100255152,15,15,14,15,0,0,0,0
1770178400120330827,15,15,14,15,0,0,0,0
1770178400140409925,15,15,14,15,0,0,0,0
1770178400160490016,15,15,14,15,0,0,0,0
1770178400180565274,15,15,14,15,0,0,0,0
1770178400200646357,15,15,14,15,0,0,0,0
1770178400220725071,15,15,14,15,0,0,0,0
1770178400240812266,15,15,14,15,0,0,0,0
1770178400260895236,15,15,14,15,0,0,0,0
1770178400280973183,15,15,14,15,0,0,0,0
1770178400301052857,15,15,14,15,0,0,0,0
1770178400321129396,15,15,14,15,0,0,0,0
1770178400341206958,15,15,14,15,0,0,0,0
1770178400361285129,15,15,14,15,0,0,0,0
1770178400381357283,15,15,14,15,0,0,0,0
1770178400401435037,15,15,14,15,0,0,0,0
1770178400421515000,15,15,14,15,0,0,0,0
1770178400441593042,15,15,14,15,0,0,0,0
1770178400461671405,15,15,14,15,0,0,0,0
1770178400481745415,15,15,14,15,0,0,0,0
1770178400501820002,15,15,14,15,0,0,0,0
1770178400521897308,15,15,14,15,0,0,0,0
1770178400541975254,15,15,14,15,0,0,0,0
1770178400562053457,15,15,14,15,0,0,0,0
1770178400582131723,15,15,14,15,0,0,0,0
1770178400602210182,15,15,14,15,0,0,0,0
1770178400622289344,15,15,14,15,0,0,0,0
1770178400642367387,15,15,14,15,0,0,0,0
1770178400662446837,15,15,14,15,0,0,0,0
1770178400682525584,15,15,14,15,0,0,0,0
1770178400702603594,15,15,14,15,0,0,0,0
1770178400722681541,15,15,14,15,0,0,0,0
1770178400742764831,15,15,14,15,0,0,0,0
1770178400762840858,15,15,14,15,0,0,0,0
1770178400782915188,15,15,14,15,0,0,0,0
1770178400802988686,15,15,14,15,0,0,0,0
1770178400823062281,15,15,14,15,0,0,0,0
1770178400843132451,15,15,14,15,0,0,0,0
1770178400863210749,15,15,14,15,0,0,0,0
1770178400883285592,15,15,14,15,0,0,0,0
1770178400903363730,15,15,14,15,0,0,0,0
1770178400923442605,15,15,14,15,0,0,0,0
1770178400943517127,15,15,14,15,0,0,0,0
1770178400963593794,15,15,14,15,0,0,0,0
1770178400983674108,15,15,14,15,0,0,0,0
1770178401003749559,15,15,14,15,0,0,0,0
1770178401023829873,15,15,14,15,0,0,0,0
1770178401043908747,15,15,14,15,0,0,0,0
1770178401063988006,15,15,14,15,0,0,0,0
1770178401084067008,15,15,14,15,0,0,0,0
1770178401104141275,15,15,14,15,0,0,0,0
1770178401124218421,15,15,14,15,0,0,0,0
1770178401144291472,15,15,14,15,0,0,0,0
1770178401164365738,15,15,14,15,0,0,0,0
1770178401184444868,15,15,14,15,0,0,0,0
1770178401204517599,15,15,14,15,0,0,0,0
1770178401224594649,15,15,14,15,0,0,0,0
1770178401244674100,15,15,14,15,0,0,0,0
1770178401264750830,15,15,14,15,0,0,0,0
1770178401284826633,15,15,14,15,0,0,0,0
1770178401304902627,15,15,14,15,0,0,0,0
1770178401324976829,15,15,14,15,0,0,0,0
1770178401345055512,15,15,14,15,0,0,0,0
1770178401365131922,15,15,14,15,0,0,0,0
1770178401385206189,15,15,14,15,0,0,0,0
1770178401405279175,15,15,14,15,0,0,0,0
1770178401425350241,15,15,14,15,0,0,0,0
1770178401445422428,15,15,14,15,0,0,0,0
1770178401465497718,15,15,14,15,0,0,0,0
1770178401485575473,15,15,14,15,0,0,0,0
1770178401505652043,15,15,14,15,0,0,0,0
1770178401525730597,15,15,14,15,0,0,0,0
1770178401545802304,15,15,14,15,0,0,0,0
1770178401565880346,15,15,14,15,0,0,0,0
1770178401585956821,15,15,14,15,0,0,0,0
1770178401606035983,15,15,14,15,0,0,0,0
1770178401626112554,15,15,14,15,0,0,0,0
1770178401646190852,15,15,14,15,0,0,0,0
1770178401666268190,15,15,14,15,0,0,0,0
1770178401686345337,15,15,14,15,0,0,0,0
1770178401706420915,15,15,14,15,0,0,0,0
1770178401726498990,15,15,14,15,0,0,0,0
1770178401746576744,15,15,14,15,0,0,0,0
1770178401766651107,15,15,14,15,0,0,0,0
1770178401786729021,15,15,14,15,0,0,0,0
1770178401806804951,15,15,14,15,0,0,0,0
1770178401826883634,15,15,14,15,0,0,0,0
1770178401846960108,15,15,14,15,0,0,0,0
1770178401867035879,15,15,14,15,0,0,0,0
1770178401887117377,15,15,14,15,0,0,0,0
1770178401907191932,15,15,14,15,0,0,0,0
1770178401927270422,15,15,14,15,0,0,0,0
1770178401947345233,15,15,14,15,0,0,0,0
1770178401967422027,15,15,14,15,0,0,0,0
1770178401987499077,15,15,14,15,0,0,0,0
1770178402007577280,15,15,14,15,0,0,0,0
1770178402027657658,15,15,14,15,0,0,0,0
1770178402047737653,15,15,14,15,0,0,0,0
1770178402067812719,15,15,14,15,0,0,0,0
1770178402087890762,15,15,14,15,0,0,0,0
1770178402107970788,15,15,14,15,0,0,0,0
1770178402128048095,15,15,14,15,0,0,0,0
1770178402148124985,15,15,14,15,0,0,0,0
1770178402168203700,15,15,14,15,0,0,0,0
1770178402188277102,15,15,14,15,0,0,0,0
1770178402208356840,15,15,14,15,0,0,0,0
1770178402228431459,15,15,14,15,0,0,0,0
1770178402248510269,15,15,14,15,0,0,0,0
1770178402268586200,15,15,14,15,0,0,0,0
1770178402288670642,15,15,14,15,0,0,0,0
1770178402308747917,15,15,14,15,0,0,0,0
1770178402328826023,15,15,14,15,0,0,0,0
1770178402348904066,15,15,14,15,0,0,0,0
1770178402368978044,15,15,14,15,0,0,0,0
1770178402389056374,15,15,14,15,0,0,0,0
1770178402409132977,15,15,14,15,0,0,0,0
1770178402429212267,15,15,14,15,0,0,0,0
1770178402449290918,15,15,14,15,0,0,0,0
1770178402469369792,15,15,14,15,0,0,0,0
1770178402489447579,15,15,14,15,0,0,0,0
1770178402509526773,15,15,14,15,0,0,0,0
1770178402529604816,15,15,14,15,0,0,0,0
1770178402549683306,15,15,14,15,0,0,0,0
1770178402569771941,15,15,14,15,0,0,0,0
1770178402589852639,15,15,14,15,0,0,0,0
1770178402609935834,15,15,14,15,0,0,0,0
1770178402630014036,15,15,14,15,0,0,0,0
1770178402650091631,15,15,14,15,0,0,0,0
1770178402670171625,15,15,14,15,0,0,0,0
1770178402690250212,15,15,14,15,0,0,0,0
1770178402710328798,15,15,14,15,0,0,0,0
1770178402730404121,15,15,14,15,0,0,0,0
1770178402750482707,15,15,14,15,0,0,0,0
1770178402770560942,15,15,14,15,0,0,0,0
1770178402790639240,15,15,14,15,0,0,0,0
1770178402810718435,15,15,14,15,0,0,0,0
1770178402830793917,15,15,14,15,0,0,0,0
1770178402850871927,15,15,14,15,0,0,0,0
1770178402870947954,15,15,14,15,0,0,0,0
1770178402891034380,15,15,14,15,0,0,0,0
1770178402911112039,15,15,14,15,0,0,0,0
1770178402931187201,15,15,14,15,0,0,0,0
1770178402951264508,15,15,14,15,0,0,0,0
1770178402971341910,15,15,14,15,0,0,0,0
1770178402991416241,15,15,14,15,0,0,0,0
1770178403011490859,15,15,14,15,0,0,0,0
1770178403031566341,15,15,14,15,0,0,0,0
1770178403051654944,15,15,14,15,0,0,0,0
1770178403071734106,15,15,14,15,0,0,0,0
1770178403091808757,15,15,14,15,0,0,0,0
1770178403111885839,15,15,14,15,0,0,0,0
1770178403131968810,15,15,14,15,0,0,0,0
1770178403152050276,15,15,14,15,0,0,0,0
1770178403172120127,15,15,14,15,0,0,0,0
1770178403192196281,15,15,14,15,0,0,0,0
1770178403212279572,15,15,14,15,0,0,0,0
1770178403232352494,15,15,14,15,0,0,0,0
1770178403252427112,15,15,14,15,0,0,0,0
1770178403272505475,15,15,14,15,0,0,0,0
1770178403292578525,15,15,14,15,0,0,0,0
1770178403312652888,15,15,14,15,0,0,0,0
1770178403332733042,15,15,14,15,0,0,0,0
1770178403352806636,15,15,14,15,0,0,0,0
1770178403372889863,15,15,14,15,0,0,0,0
1770178403392968066,15,15,14,15,0,0,0,0
1770178403413049180,15,15,14,15,0,0,0,0
1770178403433130423,15,15,14,15,0,0,0,0
1770178403453209009,15,15,14,15,0,0,0,0
1770178403473290508,15,15,14,15,0,0,0,0
1770178403493370246,15,15,14,15,0,0,0,0
1770178403513445824,15,15,14,15,0,0,0,0
1770178403533524635,15,15,14,15,0,0,0,0
1770178403553601429,15,15,14,15,0,0,0,0
1770178403573683792,15,15,14,15,0,0,0,0
1770178403593764522,15,15,14,15,0,0,0,0
1770178403613846213,15,15,14,15,0,0,0,0
1770178403633936800,15,15,14,15,0,0,0,0
1770178403654019962,15,15,14,15,0,0,0,0
1770178403674109813,15,15,14,15,0,0,0,0
1770178408707648330,15,15,14,15,0,0,0,0
1770178408727729316,15,15,14,15,0,0,0,0
1770178408747776638,15,15,14,15,0,0,0,0
1770178408767858233,15,15,14,15,0,0,0,0
1770178408787929811,15,15,14,15,0,0,0,0
1770178408808002317,15,15,14,15,0,0,0,0
1770178408828077320,15,15,14,15,0,0,0,0
1770178408848155106,15,15,14,15,0,0,0,0
1770178408868234685,15,15,14,15,0,0,0,0
1770178408888312695,15,15,14,15,0,0,0,0
1770178408908386162,15,15,14,15,0,0,0,0
1770178408928463468,15,15,14,15,0,0,0,0
1770178408948542535,15,15,14,15,0,0,0,0
1770178408968615073,15,15,14,15,0,0,0,0
1770178408988688443,15,15,14,15,0,0,0,0
1770178409008766902,15,15,14,15,0,0,0,0
1770178409028847216,15,15,14,15,0,0,0,0
1770178409048927179,15,15,14,15,0,0,0,0
1770178409069003557,15,15,14,15,0,0,0,0
1770178409089085792,15,15,14,15,0,0,0,0
1770178409109165722,15,15,14,15,0,0,0,0
1770178409129246453,15,15,14,15,0,0,0,0
1770178409149327791,15,15,14,15,0,0,0,0
1770178409169401674,15,15,14,15,0,0,0,0
1770178409189477124,15,15,14,15,0,0,0,0
1770178409209555966,15,15,14,15,0,0,0,0
1770178409229631769,15,15,14,15,0,0,0,0
1770178409249710227,15,15,14,15,0,0,0,0
1770178409269780622,15,15,14,15,0,0,0,0
1770178409289858152,15,15,14,15,0,0,0,0
1770178409309935747,15,15,14,15,0,0,0,0
1770178409330007453,15,15,14,15,0,0,0,0
1770178409350083287,15,15,14,15,0,0,0,0
1770178409370155762,15,15,14,15,0,0,0,0
1770178409390228204,15,15,14,15,0,0,0,0
1770178409410307302,15,15,14,15,0,0,0,0
1770178409430386497,15,15,14,15,0,0,0,0
1770178409450459259,15,15,14,15,0,0,0,0
1770178409470531254,15,15,14,15,0,0,0,0
1770178409490606992,15,15,14,15,0,0,0,0
1770178409510685354,15,15,14,15,0,0,0,0
1770178409530765253,15,15,14,15,0,0,0,0
1770178409550839999,15,15,14,15,0,0,0,0
1770178409570914266,15,15,14,15,0,0,0,0
1770178409590985556,15,15,14,15,0,0,0,0
1770178409611059534,15,15,14,15,0,0,0,0
1770178409631134761,15,15,14,15,0,0,0,0
1770178409651215651,15,15,14,15,0,0,0,0
1770178409671289886,15,15,14,15,0,0,0,0
1770178409691368184,15,15,14,15,0,0,0,0
1770178409711444787,15,15,14,15,0,0,0,0
1770178409731524621,15,15,14,15,0,0,0,0
1770178409751603656,15,15,14,15,0,0,0,0
1770178409771680962,15,15,14,15,0,0,0,0
1770178409791755452,15,15,14,15,0,0,0,0
1770178409811834615,15,15,14,15,0,0,0,0
1770178409831912273,15,15,14,15,0,0,0,0
1770178409851995692,15,15,14,15,0,0,0,0
1770178409872069766,15,15,14,15,0,0,0,0
1770178409892150113,15,15,14,15,0,0,0,0
1770178409912225243,15,15,14,15,0,0,0,0
1770178409932304662,15,15,14,15,0,0,0,0
1770178409952384560,15,15,14,15,0,0,0,0
1770178409972458187,15,15,14,15,0,0,0,0
1770178409992555013,15,15,14,15,0,0,0,0
1770178410012632480,15,15,14,15,0,0,0,0
1770178410032711162,15,15,14,15,0,0,0,0
1770178410052791029,15,15,14,15,0,0,0,0
1770178410072866639,15,15,14,15,0,0,0,0
1770178410092948234,15,15,14,15,0,0,0,0
1770178410113030564,15,15,14,15,0,0,0,0
1770178410133106175,15,15,14,15,0,0,0,0
1770178410153186457,15,15,14,15,0,0,0,0
1770178410173262900,15,15,14,15,0,0,0,0
1770178410193342830,15,15,14,15,0,0,0,0
1770178410213422601,15,15,14,15,0,0,0,0
1770178410233502595,15,15,14,15,0,0,0,0
1770178410253588254,15,15,14,15,0,0,0,0
1770178410273662584,15,15,14,15,0,0,0,0
1770178410293739859,15,15,14,15,0,0,0,0
1770178410313823053,15,15,14,15,0,0,0,0
1770178410333901160,15,15,14,15,0,0,0,0
1770178410353958658,15,15,14,15,0,0,0,0
1770178410374036028,15,15,14,15,0,0,0,0
1770178410394116215,15,15,14,15,0,0,0,0
1770178410414195505,15,15,14,15,0,0,0,0
1770178410434276268,15,15,14,15,0,0,0,0
1770178410454350470,15,15,14,15,0,0,0,0
1770178410474426688,15,15,14,15,0,0,0,0
1770178410494502491,15,15,14,15,0,0,0,0
1770178410514579861,15,15,14,15,0,0,0,0
1770178410534655664,15,15,14,15,0,0,0,0
1770178410554731242,15,15,14,15,0,0,0,0
1770178410574805892,15,15,14,15,0,0,0,0
1770178410594876767,15,15,14,15,0,0,0,0
1770178410614958649,15,15,14,15,0,0,0,0
1770178410635035252,15,15,14,15,0,0,0,0
1770178410655116846,15,15,14,15,0,0,0,0
1770178410675196649,15,15,14,15,0,0,0,0
1770178410695272451,15,15,14,15,0,0,0,0
1770178410715352222,15,15,14,15,0,0,0,0
1770178410735433176,15,15,14,15,0,0,0,0
1770178410755508947,15,15,14,15,0,0,0,0
1770178410775585709,15,15,14,15,0,0,0,0
1770178410795667431,15,15,14,15,0,0,0,0
1770178410815744418,15,15,14,15,0,0,0,0
1770178410835829885,15,15,14,15,0,0,0,0
1770178410855909591,15,15,14,14,0,0,0,0
1770178410875987729,15,15,14,14,0,0,0,0
1770178410896065804,15,15,14,14,0,0,0,0
1770178410916150855,15,15,14,15,0,0,0,0
1770178410936227297,15,15,14,15,0,0,0,0
1770178410956305051,15,15,14,15,0,0,0,0
1770178410976382518,15,15,14,15,0,0,0,0
1770178410996469296,15,15,14,15,0,0,0,0
1770178411016549419,15,15,14,15,0,0,0,0
1770178411036626565,15,15,14,15,0,0,0,0
1770178411056704608,15,15,14,15,0,0,0,0
1770178411076787034,15,15,14,15,0,0,0,0
1770178411096867125,15,15,14,15,0,0,0,0
1770178411116945487,15,15,14,15,0,0,0,0
1770178411137026346,15,15,14,15,0,0,0,0
1770178411157109860,15,15,14,15,0,0,0,0
1770178411177183295,15,15,14,15,0,0,0,0
1770178411197259257,15,15,14,15,0,0,0,0
1770178411217338228,15,15,14,15,0,0,0,0
1770178411237421422,15,15,14,15,0,0,0,0
1770178411257499497,15,15,14,15,0,0,0,0
1770178411277577731,15,15,14,15,0,0,0,0
1770178411297657822,15,15,14,15,0,0,0,0
1770178411317742008,15,15,14,15,0,0,0,0
1770178411337817459,15,15,14,15,0,0,0,0
1770178411357899341,15,15,14,15,0,0,0,0
1770178411377951079,15,15,14,15,0,0,0,0
1770178411398030242,15,15,14,15,0,0,0,0
1770178411418107804,15,15,14,15,0,0,0,0
1770178411438185687,15,15,14,15,0,0,0,0
1770178411458260529,15,15,14,15,0,0,0,0
1770178411478369196,15,15,14,15,0,0,0,0
1770178411498447142,15,15,14,15,0,0,0,0
1770178411518524417,15,15,14,15,0,0,0,0
1770178411538598075,15,15,14,15,0,0,0,0
1770178411558672054,15,15,14,15,0,0,0,0
1770178411578749584,15,15,14,15,0,0,0,0
1770178411598825738,15,15,14,15,0,0,0,0
1770178411618905317,15,15,14,15,0,0,0,0
1770178411638993920,15,15,14,15,0,0,0,0
1770178411659075514,15,15,14,15,0,0,0,0
1770178411679153493,15,15,14,15,0,0,0,0
1770178411699234927,15,15,14,15,0,0,0,0
1770178411719306794,15,15,14,15,0,0,0,0
1770178411739394500,15,15,14,15,0,0,0,0
1770178411759476543,15,15,14,15,0,0,0,0
1770178411779557561,15,15,14,15,0,0,0,0
1770178411799630964,15,15,14,15,0,0,0,0
1770178411819706158,15,15,14,15,0,0,0,0
1770178411839791881,15,15,14,15,0,0,0,0
1770178411859868931,15,15,14,15,0,0,0,0
1770178411879955134,15,15,14,15,0,0,0,0
1770178411900043192,15,15,14,15,0,0,0,0
1770178411920118483,15,15,14,15,0,0,0,0
1770178411940205613,15,15,14,15,0,0,0,0
1770178411960278664,15,15,14,15,0,0,0,0
1770178411980350178,15,15,14,15,0,0,0,0
1770178412000432221,15,15,14,15,0,0,0,0
1770178412020504599,15,15,14,15,0,0,0,0
1770178412040590642,15,15,14,15,0,0,0,0
1770178412060671820,15,15,14,15,0,0,0,0
1770178412080748166,15,15,14,15,0,0,0,0
1770178412100822433,15,15,14,15,0,0,0,0
1770178412120899899,15,15,14,15,0,0,0,0
1770178412140986774,15,15,14,15,0,0,0,0
1770178412161065488,15,15,14,15,0,0,0,0
1770178412181142187,15,15,14,15,0,0,0,0
1770178412201221061,15,15,14,15,0,0,0,0
1770178412221298464,15,15,14,15,0,0,0,0
1770178412241377114,15,15,14,15,0,0,0,0
1770178412261452437,15,15,14,15,0,0,0,0
1770178412281533775,15,15,14,15,0,0,0,0
1770178412301615178,15,15,14,15,0,0,0,0
1770178412321693252,15,15,14,15,0,0,0,0
1770178412341779615,15,15,14,15,0,0,0,0
1770178412361853977,15,15,14,15,0,0,0,0
1770178412381934484,15,15,14,15,0,0,0,0
1770178412402009966,15,15,14,15,0,0,0,0
1770178412422084904,15,15,14,15,0,0,0,0
1770178412442172451,15,15,14,15,0,0,0,0
1770178412462253342,15,15,14,15,0,0,0,0
1770178412482331864,15,15,14,15,0,0,0,0
1770178412502411219,15,15,14,15,0,0,0,0
1770178412522481517,15,15,14,15,0,0,0,0
1770178412542569096,15,15,14,15,0,0,0,0
1770178412562648802,15,15,14,15,0,0,0,0
1770178412582721244,15,15,14,15,0,0,0,0
1770178412602799639,15,15,14,15,0,0,0,0
1770178412622876977,15,15,14,15,0,0,0,0
1770178412642964556,15,15,14,15,0,0,0,0
1770178412663045062,15,15,14,15,0,0,0,0
1770178412683120417,15,15,14,15,0,0,0,0
1770178412703197563,15,15,14,15,0,0,0,0
1770178412723277302,15,15,14,15,0,0,0,0
1770178412743359344,15,15,14,15,0,0,0,0
1770178412763438283,15,15,14,15,0,0,0,0
1770178412783517605,15,15,14,15,0,0,0,0
1770178412803592224,15,15,14,15,0,0,0,0
1770178412823671226,15,15,14,15,0,0,0,0
1770178412843758581,15,15,14,15,0,0,0,0
1770178412863832143,15,15,14,15,0,0,0,0
1770178412883908650,15,15,14,15,0,0,0,0
1770178412903992228,15,15,14,15,0,0,0,0
1770178412924066270,15,15,14,15,0,0,0,0
1770178412944142489,15,15,14,15,0,0,0,0
1770178412964219635,15,15,14,15,0,0,0,0
1770178412984294350,15,15,14,15,0,0,0,0
1770178413004373640,15,15,14,15,0,0,0,0
1770178413024444835,15,15,14,15,0,0,0,0
1770178413044524189,15,15,14,15,0,0,0,0
1770178413064595959,15,15,14,15,0,0,0,0
1770178413084671378,15,15,14,15,0,0,0,0
1770178413104744972,15,15,14,15,0,0,0,0
1770178413124821511,15,15,14,15,0,0,0,0
1770178413144898049,15,15,14,15,0,0,0,0
1770178413164971931,15,15,14,15,0,0,0,0
1770178413185053846,15,15,14,15,0,0,0,0
1770178413205127664,15,15,14,15,0,0,0,0
1770178413225204523,15,15,14,15,0,0,0,0
1770178413245281157,15,15,14,15,0,0,0,0
1770178413265361024,15,15,14,15,0,0,0,0
1770178413285439802,15,15,14,15,0,0,0,0
1770178413305518389,15,15,14,15,0,0,0,0
1770178413325599247,15,15,14,15,0,0,0,0
1770178413345674377,15,15,14,15,0,0,0,0
1770178413365746500,15,15,14,15,0,0,0,0
1770178413385821150,15,15,14,15,0,0,0,0
1770178413405898937,15,15,14,15,0,0,0,0
1770178413425971635,15,15,14,15,0,0,0,0
1770178413446049677,15,15,14,15,0,0,0,0
1770178413466128616,15,15,14,15,0,0,0,0
1770178413486202658,15,15,14,15,0,0,0,0
1770178413506282877,15,15,14,15,0,0,0,0
1770178413526362647,15,15,14,15,0,0,0,0
1770178413546443506,15,15,14,15,0,0,0,0
1770178413566527340,15,15,14,15,0,0,0,0
1770178413586598663,15,15,14,15,0,0,0,0
1770178413606677761,15,15,14,15,0,0,0,0
1770178413626753084,15,15,14,15,0,0,0,0
1770178413646833654,15,15,14,15,0,0,0,0
1770178413666915217,15,15,14,15,0,0,0,0
1770178413686996267,15,15,14,15,0,0,0,0
1770178413707078598,15,15,14,15,0,0,0,0
1770178413727157888,15,15,14,15,0,0,0,0
1770178413747242331,15,15,14,15,0,0,0,0
1770178413767320597,15,15,14,15,0,0,0,0
1770178413787397712,15,15,14,15,0,0,0,0
1770178413807480202,15,15,14,15,0,0,0,0
1770178413827559365,15,15,14,15,0,0,0,0
1770178413847635391,15,15,14,15,0,0,0,0
1770178413867712698,15,15,14,15,0,0,0,0
1770178413887799188,15,15,14,15,0,0,0,0
1770178413907879855,15,15,14,15,0,0,0,0
1770178413927957225,15,15,14,15,0,0,0,0
1770178413948029763,15,15,14,15,0,0,0,0
1770178413968108798,15,15,14,15,0,0,0,0
1770178413988187576,15,15,14,15,0,0,0,0
1770178414008261715,15,15,14,15,0,0,0,0
1770178414028340717,15,15,14,15,0,0,0,0
1770178414048414216,15,15,14,15,0,0,0,0
1770178414068493058,15,15,14,15,0,0,0,0
1770178414088565756,15,15,14,15,0,0,0,0
1770178414108636407,15,15,14,15,0,0,0,0
1770178414128709457,15,15,14,15,0,0,0,0
1770178414148786892,15,15,14,15,0,0,0,0
1770178414168862854,15,15,14,15,0,0,0,0
1770178414188936896,15,15,14,15,0,0,0,0
1770178414209011099,15,15,14,15,0,0,0,0
1770178414229088757,15,15,14,15,0,0,0,0
1770178414249169616,15,15,14,15,0,0,0,0
1770178414269247178,15,15,14,15,0,0,0,0
1770178414289327013,15,15,14,15,0,0,0,0
1770178414309406655,15,15,14,15,0,0,0,0
1770178414329485210,15,15,14,15,0,0,0,0
1770178414349566964,15,15,14,15,0,0,0,0
1770178414369643279,15,15,14,15,0,0,0,0
1770178414389719465,15,15,14,15,0,0,0,0
1770178414409797155,15,15,14,15,0,0,0,0
1770178414429876094,15,15,14,15,0,0,0,0
1770178414449957208,15,15,14,15,0,0,0,0
1770178414470031955,15,15,14,15,0,0,0,0
1770178414490108141,15,15,14,15,0,0,0,0
1770178414510182600,15,15,14,15,0,0,0,0
1770178414530259362,15,15,14,15,0,0,0,0
1770178414550341213,15,15,14,15,0,0,0,0
1770178414570419127,15,15,14,15,0,0,0,0
1770178414590495249,15,15,14,15,0,0,0,0
1770178414610574316,15,15,14,15,0,0,0,0
1770178414630654118,15,15,14,15,0,0,0,0
1770178414650736385,15,15,14,15,0,0,0,0
1770178414670810875,15,15,14,15,0,0,0,0
1770178414690885526,15,15,14,15,0,0,0,0
1770178414710959920,15,15,14,15,0,0,0,0
1770178414731041259,15,15,14,15,0,0,0,0
1770178414751115365,15,15,14,15,0,0,0,0
1770178414771184511,15,15,14,15,0,0,0,0
1770178414791260122,15,15,14,15,0,0,0,0
1770178414811333652,15,15,14,15,0,0,0,0
1770178414831412111,15,15,14,15,0,0,0,0
1770178414851486505,15,15,14,15,0,0,0,0
1770178414871563715,15,15,14,15,0,0,0,0
1770178414891643614,15,15,14,15,0,0,0,0
1770178414911722008,15,15,14,15,0,0,0,0
1770178414931795955,15,15,14,15,0,0,0,0
1770178414951869677,15,15,14,15,0,0,0,0
1770178414971939431,15,15,14,15,0,0,0,0
1770178414992014980,15,15,14,15,0,0,0,0
1770178415012086981,15,15,14,15,0,0,0,0
1770178415032162822,15,15,14,15,0,0,0,0
1770178415052233895,15,15,14,15,0,0,0,0
1770178415072310440,15,15,14,15,0,0,0,0
1770178415092393417,15,15,14,15,0,0,0,0
1770178415112463562,15,15,14,15,0,0,0,0
1770178415132540267,15,15,14,15,0,0,0,0
1770178415152622028,15,15,14,15,0,0,0,0
1770178415172696588,15,15,14,15,0,0,0,0
1770178415192770061,15,15,14,15,0,0,0,0
1770178415212853166,15,15,14,15,0,0,0,0
1770178415232937391,15,15,14,15,0,0,0,0
1770178415253015120,15,15,14,15,0,0,0,0
1770178415273093073,15,15,14,15,0,0,0,0
1770178415293170770,15,15,14,15,0,0,0,0
1770178415313247411,15,15,14,15,0,0,0,0
1770178415333324788,15,15,14,15,0,0,0,0
1770178415353403893,15,15,14,15,0,0,0,0
1770178415373481910,15,15,14,15,0,0,0,0
1770178415393559671,15,15,14,15,0,0,0,0
1770178415413638712,15,15,14,15,0,0,0,0
1770178415433721017,15,15,14,15,0,0,0,0
1770178415453800538,15,15,14,15,0,0,0,0
1770178415473879259,15,15,14,15,0,0,0,0
1770178415493957660,15,15,14,15,0,0,0,0
1770178415514034429,15,15,14,15,0,0,0,0
1770178415534111966,15,15,14,15,0,0,0,0
1770178415554189023,15,15,14,15,0,0,0,0
1770178415574267648,15,15,14,15,0,0,0,0
1770178415594346337,15,15,14,15,0,0,0,0
1770178415614424258,15,15,14,15,0,0,0,0
1770178415634505219,15,15,14,15,0,0,0,0
1770178415654583620,15,15,14,15,0,0,0,0
1770178415674664005,15,15,14,15,0,0,0,0
1770178415694741606,15,15,14,15,0,0,0,0
1770178415714820263,15,15,14,15,0,0,0,0
1770178415734898248,15,15,14,15,0,0,0,0
1770178415754975657,15,15,14,15,0,0,0,0
1770178415775055274,15,15,14,15,0,0,0,0
1770178415795134091,15,15,14,15,0,0,0,0
1770178415815203084,15,15,14,15,0,0,0,0
1770178415835282989,15,15,14,15,0,0,0,0
1770178415855359085,15,15,14,15,0,0,0,0
1770178415875440783,15,15,14,15,0,0,0,0
1770178415895512655,15,15,14,14,0,0,0,0
1770178415915589648,15,14,14,14,0,0,0,0
1770178415935664465,15,14,14,14,0,0,0,0
1770178415955739474,15,14,14,15,0,0,0,0
1770178415975819155,15,14,14,15,0,0,0,0
1770178415995896756,15,15,14,14,0,0,0,0
1770178416015974677,15,15,14,15,0,0,0,0
1770178416036053302,15,15,14,15,0,0,0,0
1770178416056135927,15,15,14,15,0,0,0,0
1770178416076216504,15,15,14,15,0,0,0,0
1770178416096295833,15,15,14,15,0,0,0,0
1770178416116374906,15,15,14,15,0,0,0,0
1770178416136452795,15,15,14,15,0,0,0,0
1770178416156529660,15,15,14,15,0,0,0,0
1770178416176611037,15,15,14,15,0,0,0,0
1770178416196684446,15,15,14,15,0,0,0,0
1770178416216763135,15,15,14,15,0,0,0,0
1770178416236837280,15,15,14,15,0,0,0,0
1770178416256915553,15,15,14,15,0,0,0,0
1770178416276991298,15,15,14,15,0,0,0,0
1770178416297068291,15,15,14,15,0,0,0,0
1770178416317149412,15,15,14,15,0,0,0,0
1770178416337228069,15,15,14,15,0,0,0,0
1770178416357307142,15,15,14,15,0,0,0,0
1770178416377388039,15,15,14,15,0,0,0,0
1770178416397466440,15,15,14,15,0,0,0,0
1770178416417545385,15,15,14,15,0,0,0,0
1770178416437620425,15,15,14,15,0,0,0,0
1770178416457698314,15,15,14,15,0,0,0,0
1770178416477774571,15,15,14,15,0,0,0,0
1770178416497853516,15,15,14,15,0,0,0,0
1770178416517942350,15,15,14,15,0,0,0,0
1770178416538026383,15,15,14,15,0,0,0,0
1770178416558104272,15,15,14,15,0,0,0,0
1770178416578184177,15,15,14,15,0,0,0,0
1770178416598262386,15,15,14,15,0,0,0,0
1770178416618344211,15,15,14,15,0,0,0,0
1770178416638424340,15,15,14,15,0,0,0,0
1770178416658502197,15,15,14,15,0,0,0,0
1770178416678583606,15,15,14,15,0,0,0,0
1770178416698659447,15,15,14,15,0,0,0,0
1770178416718735991,15,15,14,15,0,0,0,0
1770178416738814712,15,15,14,15,0,0,0,0
1770178416758892185,15,15,14,15,0,0,0,0
1770178416778969178,15,15,14,15,0,0,0,0
1770178416799045339,15,15,14,15,0,0,0,0
1770178416819128060,15,15,14,15,0,0,0,0
1770178416839206333,15,15,14,15,0,0,0,0
1770178416859282590,15,15,14,15,0,0,0,0
1770178416879357535,15,15,14,15,0,0,0,0
1770178416899437632,15,15,14,15,0,0,0,0
1770178416919515713,15,15,14,15,0,0,0,0
1770178416939596546,15,15,14,15,0,0,0,0
1770178416959672963,15,15,14,15,0,0,0,0
1770178416979748996,15,15,14,15,0,0,0,0
1770178416999831909,15,15,14,15,0,0,0,0
1770178417019924678,15,15,14,15,0,0,0,0
1770178417040001415,15,15,14,15,0,0,0,0
1770178417060076776,15,15,14,15,0,0,0,0
1770178417080149001,15,15,14,15,0,0,0,0
1770178417100226570,15,15,14,15,0,0,0,0
1770178417120300523,15,15,14,15,0,0,0,0
1770178417140377004,15,15,14,15,0,0,0,0
1770178417160461453,15,15,14,15,0,0,0,0
1770178417180537678,15,15,14,15,0,0,0,0
1770178417200611727,15,15,14,15,0,0,0,0
1770178417220688752,15,15,14,15,0,0,0,0
1770178417240772593,15,15,14,15,0,0,0,0
1770178417260846002,15,15,14,15,0,0,0,0
1770178417280922323,15,15,14,15,0,0,0,0
1770178417300995731,15,15,14,15,0,0,0,0
1770178417321070708,15,15,14,15,0,0,0,0
1770178417341144437,15,15,14,15,0,0,0,0
1770178417361219990,15,15,14,15,0,0,0,0
1770178417381296471,15,15,14,15,0,0,0,0
1770178417401372024,15,15,14,15,0,0,0,0
1770178417421448665,15,15,14,15,0,0,0,0
1770178417441524858,15,15,14,15,0,0,0,0
1770178417461601083,15,15,14,15,0,0,0,0
1770178417481676380,15,15,14,15,0,0,0,0
1770178417501751261,15,15,14,15,0,0,0,0
1770178417521827549,15,15,14,15,0,0,0,0
1770178417541904446,15,15,14,15,0,0,0,0
1770178417561987359,15,15,14,15,0,0,0,0
1770178417582066464,15,15,14,15,0,0,0,0
1770178417602143745,15,15,14,15,0,0,0,0
1770178417622237891,15,15,14,15,0,0,0,0
1770178417642317156,15,15,14,15,0,0,0,0
1770178417662395045,15,15,14,15,0,0,0,0
1770178417682475590,15,15,14,15,0,0,0,0
1770178417702554055,15,15,14,15,0,0,0,0
1770178417722634824,15,15,14,15,0,0,0,0
1770178417742710537,15,15,14,15,0,0,0,0
1770178417762787370,15,15,14,15,0,0,0,0
1770178417782863370,15,15,14,15,0,0,0,0
1770178417802949516,15,15,14,15,0,0,0,0
1770178417823027309,15,15,14,15,0,0,0,0
1770178417843104366,15,15,14,15,0,0,0,0
1770178417863181870,15,15,14,15,0,0,0,0
1770178417883257167,15,15,14,15,0,0,0,0
1770178417903336048,15,15,14,15,0,0,0,0
1770178417923413233,15,15,14,15,0,0,0,0
1770178417943488850,15,15,14,15,0,0,0,0
1770178417963557747,15,15,14,15,0,0,0,0
1770178417983632852,15,15,14,15,0,0,0,0
1770178418003709173,15,15,14,15,0,0,0,0
1770178418023785654,15,15,14,15,0,0,0,0
1770178418043862487,15,15,14,15,0,0,0,0
1770178418063939160,15,15,14,15,0,0,0,0
1770178418084013049,15,15,14,15,0,0,0,0
1770178418104089017,15,15,14,15,0,0,0,0
1770178418124162170,15,15,14,15,0,0,0,0
1770178418144237947,15,15,14,15,0,0,0,0
1770178418164313372,15,15,14,15,0,0,0,0
1770178418184390589,15,15,14,15,0,0,0,0
1770178418204467742,15,15,14,15,0,0,0,0
1770178418224544703,15,15,14,15,0,0,0,0
1770178418244622400,15,15,14,15,0,0,0,0
1770178418264695969,15,15,14,15,0,0,0,0
1770178418284771586,15,15,14,15,0,0,0,0
1770178418304852867,15,15,14,15,0,0,0,0
1770178418324925252,15,15,14,15,0,0,0,0
1770178418345000005,15,15,14,15,0,0,0,0
1770178418365077573,15,15,14,15,0,0,0,0
1770178418385154214,15,15,14,15,0,0,0,0
1770178418405230791,15,15,14,15,0,0,0,0
1770178418425307816,15,15,14,15,0,0,0,0
1770178418445381833,15,15,14,15,0,0,0,0
1770178418465459818,15,15,14,15,0,0,0,0
1770178418485536651,15,15,14,15,0,0,0,0
1770178418505613260,15,15,14,15,0,0,0,0
1770178418525691085,15,15,14,15,0,0,0,0
1770178418545767054,15,15,14,15,0,0,0,0
1770178418565839279,15,15,14,15,0,0,0,0
1770178418585916816,15,15,14,15,0,0,0,0
1770178418606007633,15,15,14,15,0,0,0,0
1770178418626084530,15,15,14,15,0,0,0,0
1770178418646157011,15,15,14,15,0,0,0,0
1770178418666235316,15,15,14,15,0,0,0,0
1770178418686315029,15,15,14,15,0,0,0,0
1770178418706391926,15,15,14,15,0,0,0,0
1770178418726470711,15,15,14,15,0,0,0,0
1770178423759607107,15,15,14,15,0,0,0,0
1770178423779684740,15,15,14,15,0,0,0,0
1770178423799761541,15,15,14,15,0,0,0,0
1770178423819841254,15,15,14,15,0,0,0,0
1770178423839922055,15,15,14,15,0,0,0,0
1770178423859994952,15,15,14,15,0,0,0,0
1770178423880075241,15,15,14,15,0,0,0,0
1770178423900154378,15,15,14,15,0,0,0,0
1770178423920231659,15,15,14,15,0,0,0,0
1770178423940311660,15,15,14,15,0,0,0,0
1770178423960388749,15,15,14,15,0,0,0,0
1770178423980461870,15,15,14,15,0,0,0,0
1770178424000541487,15,15,14,15,0,0,0,0
1770178424020626864,15,15,14,15,0,0,0,0
1770178424040700465,15,15,14,15,0,0,0,0
1770178424060780082,15,15,14,15,0,0,0,0
1770178424080858419,15,15,14,15,0,0,0,0
1770178424100938132,15,15,14,15,0,0,0,0
1770178424121015509,15,15,14,15,0,0,0,0
1770178424141093526,15,15,14,15,0,0,0,0
1770178424161170391,15,15,14,15,0,0,0,0
1770178424181249912,15,15,14,15,0,0,0,0
1770178424201327640,15,15,14,15,0,0,0,0
1770178424221408057,15,15,14,15,0,0,0,0
1770178424241480346,15,15,14,15,0,0,0,0
1770178424261560795,15,15,14,15,0,0,0,0
1770178424281637628,15,15,14,15,0,0,0,0
1770178424301713949,15,15,14,15,0,0,0,0
1770178424321793726,15,15,14,15,0,0,0,0
1770178424341869119,15,15,14,15,0,0,0,0
1770178424361948256,15,15,14,15,0,0,0,0
1770178424382024033,15,15,14,15,0,0,0,0
1770178424402103490,15,15,14,15,0,0,0,0
1770178424422183395,15,15,14,15,0,0,0,0
1770178424442262532,15,15,14,15,0,0,0,0
1770178424462340229,15,15,14,15,0,0,0,0
1770178424482411238,15,15,14,15,0,0,0,0
1770178424502491143,15,15,14,15,0,0,0,0
1770178424522563528,15,15,14,15,0,0,0,0
1770178424542647305,15,15,14,15,0,0,0,0
1770178424562734890,15,15,14,15,0,0,0,0
1770178424582809899,15,15,14,15,0,0,0,0
1770178424602888076,15,15,14,15,0,0,0,0
1770178424622967821,15,15,14,15,0,0,0,0
1770178424643046286,15,15,14,15,0,0,0,0
1770178424663132527,15,15,14,15,0,0,0,0
1770178424683212784,15,15,14,15,0,0,0,0
1770178424703297841,15,15,14,15,0,0,0,0
1770178424723368114,15,15,14,15,0,0,0,0
1770178424743443091,15,15,14,15,0,0,0,0
1770178424763529076,15,15,14,15,0,0,0,0
1770178424783610261,15,15,14,15,0,0,0,0
1770178424803698262,15,15,14,15,0,0,0,0
1770178424823779383,15,15,14,15,0,0,0,0
1770178424843849240,15,15,14,15,0,0,0,0
1770178424863925177,15,15,14,15,0,0,0,0
1770178424883998554,15,15,14,15,0,0,0,0
1770178424904077755,15,15,14,15,0,0,0,0
1770178424924157084,15,15,14,15,0,0,0,0
1770178424944233981,15,15,14,15,0,0,0,0
1770178424964312606,15,15,14,15,0,0,0,0
1770178424984390271,15,15,14,15,0,0,0,0
1770178425004466463,15,15,14,15,0,0,0,0
1770178425024545568,15,15,14,15,0,0,0,0
1770178425044621153,15,15,14,15,0,0,0,0
1770178425064700802,15,15,14,15,0,0,0,0
1770178425084777923,15,15,14,15,0,0,0,0
1770178425104851364,15,15,14,15,0,0,0,0
1770178425124929893,15,15,14,15,0,0,0,0
1770178425145008230,15,15,14,15,0,0,0,0
1770178425165087079,15,15,14,15,0,0,0,0
1770178425185166088,15,15,14,15,0,0,0,0
1770178425205247113,15,15,14,15,0,0,0,0
1770178425225321354,15,15,14,15,0,0,0,0
1770178425245398859,15,15,14,15,0,0,0,0
1770178425265475212,15,15,14,15,0,0,0,0
1770178425285552365,15,15,14,15,0,0,0,0
1770178425305626926,15,15,14,14,0,0,0,0
1770178425325704623,15,15,14,14,0,0,0,0
1770178425345782576,15,15,14,15,0,0,0,0
1770178425365856081,15,15,14,15,0,0,0,0
1770178425385932369,15,15,14,15,0,0,0,0
1770178425406008690,15,15,14,15,0,0,0,0
1770178425426080531,15,15,14,15,0,0,0,0
1770178425446158932,15,15,14,15,0,0,0,0
1770178425466234101,15,15,14,15,0,0,0,0
1770178425486307318,15,15,14,15,0,0,0,0
1770178425506385591,15,15,14,15,0,0,0,0
1770178425526462424,15,15,14,15,0,0,0,0
1770178425546545977,15,15,14,15,0,0,0,0
1770178425566626490,15,15,14,15,0,0,0,0
1770178425586705403,15,15,14,15,0,0,0,0
1770178425606783772,15,15,14,15,0,0,0,0
1770178425626860349,15,15,14,15,0,0,0,0
1770178425646937982,15,15,14,15,0,0,0,0
1770178425667017503,15,15,14,15,0,0,0,0
1770178425687090400,15,15,14,15,0,0,0,0
1770178425707169729,15,15,14,15,0,0,0,0
1770178425727250786,15,15,14,15,0,0,0,0
1770178425747329667,15,15,14,15,0,0,0,0
1770178425767404868,15,15,14,15,0,0,0,0
1770178425787481733,15,15,14,15,0,0,0,0
1770178425807562374,15,15,14,15,0,0,0,0
1770178425827635686,15,15,14,15,0,0,0,0
1770178425847713959,15,15,14,15,0,0,0,0
1770178425867784808,15,15,14,15,0,0,0,0
1770178425887858377,15,15,14,15,0,0,0,0
1770178425907932458,15,15,14,15,0,0,0,0
1770178425928010667,15,15,14,15,0,0,0,0
1770178425948090700,15,15,14,15,0,0,0,0
1770178425968170157,15,15,14,15,0,0,0,0
1770178425988248110,15,15,14,15,0,0,0,0
1770178426008324879,15,15,14,15,0,0,0,0
1770178426028398768,15,15,14,15,0,0,0,0
1770178426048480273,15,15,14,15,0,0,0,0
1770178426068558866,15,15,14,15,0,0,0,0
1770178426088637843,15,15,14,15,0,0,0,0
1770178426108720340,15,15,14,15,0,0,0,0
1770178426128799349,15,15,14,15,0,0,0,0
1770178426148879254,15,15,14,15,0,0,0,0
1770178426168959063,15,15,14,15,0,0,0,0
1770178426189037592,15,15,14,15,0,0,0,0
1770178426209119161,15,15,14,15,0,0,0,0
1770178426229193658,15,15,14,15,0,0,0,0
1770178426249274235,15,15,14,15,0,0,0,0
1770178426269353660,15,15,14,15,0,0,0,0
1770178426289427997,15,15,14,15,0,0,0,0
1770178426309510270,15,15,14,15,0,0,0,0
1770178426329591103,15,15,14,15,0,0,0,0
1770178426349667840,15,15,14,15,0,0,0,0
1770178426369746017,15,15,14,15,0,0,0,0
1770178426389819073,15,15,14,15,0,0,0,0
1770178426409897922,15,15,14,15,0,0,0,0
1770178426429982020,15,15,14,15,0,0,0,0
1770178426450063557,15,15,14,15,0,0,0,0
1770178426470143046,15,15,14,15,0,0,0,0
1770178426490220167,15,15,14,15,0,0,0,0
1770178426510298375,15,15,14,15,0,0,0,0
1770178426530373992,15,15,14,15,0,0,0,0
1770178426550455977,15,15,14,15,0,0,0,0
1770178426570530602,15,15,14,15,0,0,0,0
1770178426590609963,15,15,14,15,0,0,0,0
1770178426610691052,15,15,14,15,0,0,0,0
1770178426630766157,15,15,14,15,0,0,0,0
1770178426650847598,15,15,14,15,0,0,0,0
1770178426670922863,15,15,14,15,0,0,0,0
1770178426691001584,15,15,14,15,0,0,0,0
1770178426711082833,15,15,14,15,0,0,0,0
1770178426731161906,15,15,14,15,0,0,0,0
1770178426751244179,15,15,14,15,0,0,0,0
1770178426771321396,15,15,14,15,0,0,0,0
1770178426791400757,15,15,14,15,0,0,0,0
1770178426811483702,15,15,14,15,0,0,0,0
1770178426831561303,15,15,14,15,0,0,0,0
1770178426851638520,15,15,14,15,0,0,0,0
1770178426871713817,15,15,14,15,0,0,0,0
1770178426891784634,15,15,14,15,0,0,0,0
1770178426911868123,15,15,14,15,0,0,0,0
1770178426931945884,15,15,14,15,0,0,0,0
1770178426952029085,15,15,14,15,0,0,0,0
1770178426972108702,15,15,14,15,0,0,0,0
1770178426992183775,15,15,14,15,0,0,0,0
1770178427012264512,15,15,14,15,0,0,0,0
1770178427032344385,15,15,14,15,0,0,0,0
1770178427052425570,15,15,14,15,0,0,0,0
1770178427072501187,15,15,14,15,0,0,0,0
1770178427092582916,15,15,14,15,0,0,0,0
1770178427112666981,15,15,14,15,0,0,0,0
1770178427132746726,15,15,14,15,0,0,0,0
1770178427152827591,15,15,14,15,0,0,0,0
1770178427172907720,15,15,14,15,0,0,0,0
1770178427192986505,15,15,14,15,0,0,0,0
1770178427213065994,15,15,14,15,0,0,0,0
1770178427233145547,15,15,14,15,0,0,0,0
1770178427253227116,15,15,14,15,0,0,0,0
1770178427273307053,15,15,14,15,0,0,0,0
1770178427293387278,15,15,14,15,0,0,0,0
1770178427313468495,15,15,14,15,0,0,0,0
1770178427333545488,15,15,14,15,0,0,0,0
1770178427353627473,15,15,14,15,0,0,0,0
1770178427373703346,15,15,14,15,0,0,0,0
1770178427393781331,15,14,14,15,0,0,0,0
1770178427413859956,15,14,14,15,0,0,0,0
1770178427433941493,15,15,14,15,0,0,0,0
1770178427454023766,15,15,14,15,0,0,0,0
1770178427474102167,15,15,14,15,0,0,0,0
1770178427494181016,15,15,14,15,0,0,0,0
1770178427514263161,15,15,14,15,0,0,0,0
1770178427534343450,15,15,14,15,0,0,0,0
1770178427554421307,15,15,14,15,0,0,0,0
1770178427574493532,15,15,14,15,0,0,0,0
1770178427594571965,15,15,14,15,0,0,0,0
1770178427614649566,15,15,14,15,0,0,0,0
1770178427634729855,15,15,14,15,0,0,0,0
1770178427654807488,15,15,14,15,0,0,0,0
1770178427674885889,15,15,14,15,0,0,0,0
1770178427694963778,15,15,14,15,0,0,0,0
1770178427715042947,15,15,14,15,0,0,0,0
1770178427735119492,15,15,14,15,0,0,0,0
1770178427755196133,15,15,14,15,0,0,0,0
1770178427775273894,15,15,14,15,0,0,0,0
1770178427795352711,15,15,14,15,0,0,0,0
1770178427815429639,15,15,14,15,0,0,0,0
1770178427835505896,15,15,14,15,0,0,0,0
1770178427855582089,15,15,14,15,0,0,0,0
1770178427875658346,15,15,14,15,0,0,0,0
1770178427895731691,15,15,14,15,0,0,0,0
1770178427915811244,15,15,14,15,0,0,0,0
1770178427935890509,15,15,14,15,0,0,0,0
1770178427955966222,15,15,14,15,0,0,0,0
1770178427976045679,15,15,14,15,0,0,0,0
1770178427996124432,15,15,14,15,0,0,0,0
1770178428016203569,15,15,14,15,0,0,0,0
1770178428036282962,15,15,14,15,0,0,0,0
1770178428056361395,15,15,14,15,0,0,0,0
1770178428076440980,15,15,14,15,0,0,0,0
1770178428096522805,15,15,14,15,0,0,0,0
1770178428116602262,15,15,14,15,0,0,0,0
1770178428136680631,15,15,14,15,0,0,0,0
1770178428156758456,15,15,14,15,0,0,0,0
1770178428176836345,15,15,14,15,0,0,0,0
1770178428196915514,15,15,14,15,0,0,0,0
1770178428216993691,15,15,14,15,0,0,0,0
1770178428237073116,15,15,14,15,0,0,0,0
1770178428257155357,15,15,14,15,0,0,0,0
1770178428277235166,15,15,14,15,0,0,0,0
1770178428297312703,15,15,14,15,0,0,0,0
1770178428317389248,15,15,14,15,0,0,0,0
1770178428337466849,15,15,14,15,0,0,0,0
1770178428357545986,15,15,14,15,0,0,0,0
1770178428377618403,15,15,14,15,0,0,0,0
1770178428397694436,15,15,14,15,0,0,0,0
1770178428417774789,15,15,14,15,0,0,0,0
1770178428437854502,15,15,14,15,0,0,0,0
1770178428457933799,15,15,14,15,0,0,0,0
1770178428478012968,15,15,14,15,0,0,0,0
1770178428498092105,15,15,14,15,0,0,0,0
1770178428518170890,15,15,14,15,0,0,0,0
1770178428538247594,15,15,14,15,0,0,0,0
1770178428558326987,15,15,14,15,0,0,0,0
1770178428578406796,15,15,14,15,0,0,0,0
1770178428598487661,15,15,14,15,0,0,0,0
1770178428618566638,15,15,14,15,0,0,0,0
1770178428638642511,15,15,14,15,0,0,0,0
1770178428658716464,15,15,14,15,0,0,0,0
1770178428678793361,15,15,14,15,0,0,0,0
1770178428698875410,15,15,14,15,0,0,0,0
1770178428718951635,15,15,14,15,0,0,0,0
1770178428739031668,15,15,14,15,0,0,0,0
1770178428759104693,15,15,14,15,0,0,0,0
1770178428779179798,15,15,14,15,0,0,0,0
1770178428799258423,15,15,14,15,0,0,0,0
1770178428819339608,15,15,14,15,0,0,0,0
1770178428839416889,15,15,14,15,0,0,0,0
1770178428859493178,15,15,14,15,0,0,0,0
1770178428879571931,15,15,14,15,0,0,0,0
1770178428899648828,15,15,14,15,0,0,0,0
1770178428919725085,15,15,14,15,0,0,0,0
1770178428939799710,15,15,14,15,0,0,0,0
1770178428959877823,15,15,14,15,0,0,0,0
1770178428979952351,15,15,14,15,0,0,0,0
1770178429000027840,15,15,14,15,0,0,0,0
1770178429020120802,15,15,14,15,0,0,0,0
1770178429040193026,15,15,14,15,0,0,0,0
1770178429060268547,15,15,14,15,0,0,0,0
1770178429080346436,15,15,14,15,0,0,0,0
1770178429100421637,15,15,14,15,0,0,0,0
1770178429120504070,15,15,14,15,0,0,0,0
1770178429140583495,15,15,14,15,0,0,0,0
1770178429160661000,15,15,14,15,0,0,0,0
1770178429180738025,15,15,14,15,0,0,0,0
1770178429200813578,15,15,14,15,0,0,0,0
1770178429220891403,15,15,14,15,0,0,0,0
1770178429240965772,15,15,14,15,0,0,0,0
1770178429261043565,15,15,14,15,0,0,0,0
1770178429281119822,15,15,14,15,0,0,0,0
1770178429301194319,15,15,14,15,0,0,0,0
1770178429321277200,15,15,14,15,0,0,0,0
1770178429341360657,15,15,14,15,0,0,0,0
1770178429361439282,15,15,14,15,0,0,0,0
1770178429381518803,15,15,14,15,0,0,0,0
1770178429401598804,15,15,14,15,0,0,0,0
1770178429421673909,15,15,14,15,0,0,0,0
1770178429441747254,15,15,14,15,0,0,0,0
1770178429461820311,15,15,14,15,0,0,0,0
1770178429481896663,15,15,14,15,0,0,0,0
1770178429501982521,15,15,14,15,0,0,0,0
1770178429522062106,15,15,14,15,0,0,0,0
1770178429542133946,15,15,14,15,0,0,0,0
1770178429562211931,15,15,14,15,0,0,0,0
1770178429582290844,15,15,14,15,0,0,0,0
1770178429602364477,15,15,14,15,0,0,0,0
1770178429622441758,15,15,14,15,0,0,0,0
1770178429642518303,15,15,14,15,0,0,0,0
1770178429662596576,15,15,14,15,0,0,0,0
1770178429682674977,15,15,14,15,0,0,0,0
1770178429702744546,15,15,14,15,0,0,0,0
1770178429722827267,15,15,14,15,0,0,0,0
1770178429742904068,15,15,14,15,0,0,0,0
1770178429762977413,15,15,14,15,0,0,0,0
1770178429783055910,15,15,14,15,0,0,0,0
1770178429803133991,15,15,14,15,0,0,0,0
1770178429823209512,15,15,14,15,0,0,0,0
1770178429843288361,15,15,14,15,0,0,0,0
1770178429863365898,15,15,14,15,0,0,0,0
1770178429883439434,15,15,14,15,0,0,0,0
1770178429903515275,15,15,14,15,0,0,0,0
1770178429923590796,15,15,14,15,0,0,0,0
1770178429943666733,15,15,14,15,0,0,0,0
1770178429963745454,15,15,14,15,0,0,0,0
1770178429983825679,15,15,14,15,0,0,0,0
1770178430003904432,15,15,14,15,0,0,0,0
1770178430023983889,15,15,14,15,0,0,0,0
1770178430044062034,15,15,14,15,0,0,0,0
1770178430064144371,15,15,14,15,0,0,0,0
1770178430084224884,15,15,14,15,0,0,0,0
1770178430104303925,15,15,14,15,0,0,0,0
1770178430124382806,15,15,14,15,0,0,0,0
1770178430144463575,15,15,14,15,0,0,0,0
1770178430164542392,15,15,14,15,0,0,0,0
1770178430184618905,15,15,14,15,0,0,0,0
1770178430204693978,15,15,14,15,0,0,0,0
1770178430224770075,15,15,14,15,0,0,0,0
1770178430244856092,15,15,14,14,0,0,0,0
1770178430264936797,15,15,14,14,0,0,0,0
1770178430285017502,15,15,14,14,0,0,0,0
1770178430305092895,15,15,14,15,0,0,0,0
1770178430325170784,15,15,14,15,0,0,0,0
1770178430345250177,15,15,14,15,0,0,0,0
1770178430365328642,15,15,14,15,0,0,0,0
1770178430385407203,15,15,14,15,0,0,0,0
1770178430405488676,15,15,14,15,0,0,0,0
1770178430425560357,15,15,14,15,0,0,0,0
1770178430445635750,15,15,14,15,0,0,0,0
1770178430465718951,15,15,14,15,0,0,0,0
1770178430485798792,15,15,14,15,0,0,0,0
1770178430505880169,15,15,14,15,0,0,0,0
1770178430525958858,15,15,14,15,0,0,0,0
1770178430546041131,15,15,14,15,0,0,0,0
1770178430566119500,15,15,14,15,0,0,0,0
1770178430586199565,15,15,14,15,0,0,0,0
1770178430606276302,15,15,14,15,0,0,0,0
1770178430626356303,15,15,14,15,0,0,0,0
1770178430646438544,15,15,14,15,0,0,0,0
1770178430666518129,15,15,14,15,0,0,0,0
1770178430686596274,15,15,14,15,0,0,0,0
1770178430706672691,15,15,14,15,0,0,0,0
1770178430726750452,15,15,14,15,0,0,0,0
1770178430746811540,15,15,14,15,0,0,0,0
1770178430766896501,15,15,14,15,0,0,0,0
1770178430786973686,15,15,14,15,0,0,0,0
1770178430807055319,15,15,14,15,0,0,0,0
1770178430827133112,15,15,14,15,0,0,0,0
1770178430847211705,15,15,14,15,0,0,0,0
1770178430867297722,15,15,14,15,0,0,0,0
1770178430887426652,15,15,14,15,0,0,0,0
1770178430907503773,15,15,14,15,0,0,0,0
1770178430927581438,15,15,14,15,0,0,0,0
1770178430947654143,15,15,14,15,0,0,0,0
1770178430967726560,15,15,14,15,0,0,0,0
1770178430987799425,15,15,14,15,0,0,0,0
1770178431007875746,15,15,14,15,0,0,0,0
1770178431027950563,15,15,14,15,0,0,0,0
1770178431048027940,15,15,14,15,0,0,0,0
1770178431068102085,15,15,14,15,0,0,0,0
1770178431088178534,15,15,14,15,0,0,0,0
1770178431108250854,15,15,14,15,0,0,0,0
1770178431128327431,15,15,14,15,0,0,0,0
1770178431148404712,15,15,14,15,0,0,0,0
1770178431168478601,15,15,14,15,0,0,0,0
1770178431188553194,15,15,14,15,0,0,0,0
1770178431208632555,15,15,14,15,0,0,0,0
1770178431228707980,15,15,14,15,0,0,0,0
1770178431248785357,15,15,14,15,0,0,0,0
1770178431268863182,15,15,14,15,0,0,0,0
1770178431288938191,15,15,14,15,0,0,0,0
1770178431309015984,15,15,14,15,0,0,0,0
1770178431329091153,15,15,14,15,0,0,0,0
1770178431349169426,15,15,14,15,0,0,0,0
1770178431369246195,15,15,14,15,0,0,0,0
1770178431389320819,15,15,14,15,0,0,0,0
1770178431409416469,15,15,14,15,0,0,0,0
1770178431429493718,15,15,14,15,0,0,0,0
1770178431449569079,15,15,14,15,0,0,0,0
1770178431469648504,15,15,14,15,0,0,0,0
1770178431489730137,15,15,14,15,0,0,0,0
1770178431509803002,15,15,14,15,0,0,0,0
1770178431529878330,15,15,14,15,0,0,0,0
1770178431549956251,15,15,14,15,0,0,0,0
1770178431570030140,15,15,14,15,0,0,0,0
1770178431590108189,15,15,14,15,0,0,0,0
1770178431610187774,15,15,14,15,0,0,0,0
1770178431630267999,15,15,14,15,0,0,0,0
1770178431650347072,15,15,14,15,0,0,0,0
1770178431670418849,15,15,14,15,0,0,0,0
1770178431690489506,15,15,14,15,0,0,0,0
1770178431710561123,15,15,14,15,0,0,0,0
1770178431730642244,15,15,14,15,0,0,0,0
1770178431750722661,15,15,14,15,0,0,0,0
1770178431770797222,15,15,14,15,0,0,0,0
1770178431790870983,15,15,14,15,0,0,0,0
1770178431810946823,15,15,14,15,0,0,0,0
1770178431831026152,15,15,14,15,0,0,0,0
1770178431851100905,15,15,14,15,0,0,0,0
1770178431871180266,15,15,14,15,0,0,0,0
1770178431891261131,15,15,14,15,0,0,0,0
1770178431911341548,15,15,14,15,0,0,0,0
1770178431931434862,15,15,14,15,0,0,0,0
1770178431951506511,15,15,14,15,0,0,0,0
1770178431971590800,15,15,14,15,0,0,0,0
1770178431991672785,15,15,14,15,0,0,0,0
1770178432011747090,15,15,14,15,0,0,0,0
1770178432031825523,15,15,14,15,0,0,0,0
1770178432051903379,15,15,14,15,0,0,0,0
1770178432071988405,15,15,14,15,0,0,0,0
1770178432092069558,15,15,14,15,0,0,0,0
1770178432112145431,15,15,14,15,0,0,0,0
1770178432132221047,15,15,14,15,0,0,0,0
1770178432152301048,15,15,14,15,0,0,0,0
1770178432172386042,15,15,14,15,0,0,0,0
1770178432192463323,15,15,14,15,0,0,0,0
1770178432212539707,15,15,14,15,0,0,0,0
1770178432232610364,15,15,14,15,0,0,0,0
1770178432252687709,15,15,14,15,0,0,0,0
1770178432272775134,15,15,14,15,0,0,0,0
1770178432292850943,15,15,14,15,0,0,0,0
1770178432312929376,15,15,14,15,0,0,0,0
1770178432333007521,15,15,14,15,0,0,0,0
1770178432353079426,15,15,14,15,0,0,0,0
1770178432373162915,15,15,14,15,0,0,0,0
1770178432393245732,15,15,14,15,0,0,0,0
1770178432413322373,15,15,14,15,0,0,0,0
1770178432433402214,15,15,14,15,0,0,0,0
1770178432453481447,15,15,14,15,0,0,0,0
1770178432473554408,15,15,14,15,0,0,0,0
1770178432493629737,15,15,14,15,0,0,0,0
1770178432513709802,15,15,14,15,0,0,0,0
1770178432533790443,15,15,14,15,0,0,0,0
1770178432553870668,15,15,14,15,0,0,0,0
1770178432573947629,15,15,14,15,0,0,0,0
1770178432594024014,15,15,14,15,0,0,0,0
1770178432614099919,15,15,14,14,0,0,0,0
1770178432634175920,15,15,14,14,0,0,0,0
1770178432654255793,15,15,14,15,0,0,0,0
1770178432674336946,15,15,14,15,0,0,0,0
1770178432694415123,16,15,14,15,0,0,0,0
1770178432714495316,15,15,14,15,0,0,0,0
1770178432734564564,15,15,14,15,0,0,0,0
1770178432754640661,15,15,14,15,0,0,0,0
1770178432774715766,15,15,14,15,0,0,0,0
1770178432794789207,15,15,14,15,0,0,0,0
1770178432814869688,15,15,14,15,0,0,0,0
1770178432834950009,15,15,14,15,0,0,0,0
1770178432855024922,15,15,14,15,0,0,0,0
1770178432875099707,15,15,14,15,0,0,0,0
1770178432895177436,15,15,14,15,0,0,0,0
1770178432915253405,15,15,14,15,0,0,0,0
1770178432935333630,15,15,14,15,0,0,0,0
1770178432955409247,15,15,14,15,0,0,0,0
1770178432975483552,15,15,14,15,0,0,0,0
1770178432995561089,15,15,14,15,0,0,0,0
1770178433015632033,15,15,14,15,0,0,0,0
1770178433035708866,15,15,14,15,0,0,0,0
1770178433055782147,15,15,14,15,0,0,0,0
1770178433075857028,15,15,14,15,0,0,0,0
1770178433095931813,15,15,14,15,0,0,0,0
1770178433116005638,15,15,14,15,0,0,0,0
1770178433136078343,15,15,14,15,0,0,0,0
1770178433156152232,15,15,14,15,0,0,0,0
1770178433176231721,15,15,14,15,0,0,0,0
1770178433196304426,15,15,14,15,0,0,0,0
1770178433216377770,15,15,14,15,0,0,0,0
1770178433236452683,15,15,14,15,0,0,0,0
1770178433256528268,15,15,14,15,0,0,0,0
1770178433276603501,15,15,14,15,0,0,0,0
1770178433296676462,15,15,14,15,0,0,0,0
1770178433316754415,15,15,14,15,0,0,0,0
1770178433336835248,15,15,14,15,0,0,0,0
1770178433356911761,15,15,14,15,0,0,0,0
1770178433376991826,15,15,14,15,0,0,0,0
1770178433397070259,15,15,14,15,0,0,0,0
1770178433417147540,15,15,14,15,0,0,0,0
1770178433437226101,15,15,14,15,0,0,0,0
1770178433457303734,15,15,14,15,0,0,0,0
1770178433477378327,15,15,14,15,0,0,0,0
1770178433497458680,15,15,14,15,0,0,0,0
1770178433517537977,15,15,14,15,0,0,0,0
1770178433537618522,15,15,14,15,0,0,0,0
1770178433557700251,15,15,14,15,0,0,0,0
1770178433577776476,15,15,14,15,0,0,0,0
1770178433597854365,15,15,14,15,0,0,0,0
1770178433617932382,15,15,14,15,0,0,0,0
1770178433638006078,15,15,14,15,0,0,0,0
1770178433658079871,15,15,14,15,0,0,0,0
1770178433678152864,15,15,14,15,0,0,0,0
1770178433698228033,15,15,14,15,0,0,0,0
1770178433718307746,15,15,14,15,0,0,0,0
1770178433738382243,15,15,14,15,0,0,0,0
1770178433758457572,15,15,14,15,0,0,0,0
1770178433778532037,15,15,14,15,0,0,0,0
1770178438811708754,15,15,14,15,0,0,0,0
1770178438831795955,15,15,14,15,0,0,0,0
1770178438851875188,15,15,14,15,0,0,0,0
1770178438871955445,15,15,14,15,0,0,0,0
1770178438892031894,15,15,14,15,0,0,0,0
1770178438912106839,15,15,14,15,0,0,0,0
1770178438932183992,15,15,14,15,0,0,0,0
1770178438952259385,15,15,14,15,0,0,0,0
1770178438972337338,15,15,14,15,0,0,0,0
1770178438992415771,15,15,14,15,0,0,0,0
1770178439012493884,15,15,14,15,0,0,0,0
1770178439032569885,15,15,14,15,0,0,0,0
1770178439052646078,15,15,14,15,0,0,0,0
1770178439072724703,15,15,14,15,0,0,0,0
1770178439092802496,15,15,14,15,0,0,0,0
1770178439112878849,15,15,14,15,0,0,0,0
1770178439132954370,15,15,14,15,0,0,0,0
1770178439153031427,15,15,14,15,0,0,0,0
1770178439173110308,15,15,14,15,0,0,0,0
1770178439193184900,15,15,14,15,0,0,0,0
1770178439213262309,15,15,14,15,0,0,0,0
1770178439233338086,15,15,14,15,0,0,0,0
1770178439253411175,15,15,14,15,0,0,0,0
1770178439273487912,15,15,14,15,0,0,0,0
1770178439293563305,15,15,14,15,0,0,0,0
1770178439313637034,15,15,14,15,0,0,0,0
1770178439333713963,15,15,14,15,0,0,0,0
1770178439353789100,15,15,14,15,0,0,0,0
1770178439373867757,15,15,14,15,0,0,0,0
1770178439393946926,15,15,14,15,0,0,0,0
1770178439414025455,15,15,14,15,0,0,0,0
1770178439434100208,15,15,14,15,0,0,0,0
1770178439454174256,15,15,14,15,0,0,0,0
1770178439474248113,15,15,14,15,0,0,0,0
1770178439494322450,15,15,14,15,0,0,0,0
1770178439514400723,15,15,14,15,0,0,0,0
1770178439534474772,15,15,14,15,0,0,0,0
1770178439554553365,15,15,14,15,0,0,0,0
1770178439574631254,15,15,14,15,0,0,0,0
1770178439594710935,15,15,14,15,0,0,0,0
1770178439614789528,15,15,14,15,0,0,0,0
1770178439634866937,15,15,14,15,0,0,0,0
1770178439654943962,15,15,14,15,0,0,0,0
1770178439675023291,15,15,14,15,0,0,0,0
1770178439695102524,15,15,14,15,0,0,0,0
1770178439715185629,15,15,14,15,0,0,0,0
1770178439735265534,15,15,14,15,0,0,0,0
1770178439755338815,15,15,14,15,0,0,0,0
1770178439775417792,15,15,14,15,0,0,0,0
1770178439795495809,15,15,14,15,0,0,0,0
1770178439815582882,15,15,14,15,0,0,0,0
1770178439835664515,15,15,14,15,0,0,0,0
1770178439855740964,15,15,14,15,0,0,0,0
1770178439875819333,15,15,14,15,0,0,0,0
1770178439895904646,15,15,14,15,0,0,0,0
1770178439915983815,15,15,14,15,0,0,0,0
1770178439936062984,15,15,14,15,0,0,0,0
1770178439956139721,15,15,14,15,0,0,0,0
1770178439976218378,15,15,14,15,0,0,0,0
1770178439996298315,15,15,14,15,0,0,0,0
1770178440016377260,15,15,14,15,0,0,0,0
1770178440036455597,15,15,14,15,0,0,0,0
1770178440056527982,15,15,14,15,0,0,0,0
1770178440076604655,15,15,14,15,0,0,0,0
1770178440096679696,15,15,14,15,0,0,0,0
1770178440116760561,15,15,14,15,0,0,0,0
1770178440136835889,15,15,14,15,0,0,0,0
1770178440156921011,15,15,14,15,0,0,0,0
1770178440177002612,15,15,14,15,0,0,0,0
1770178440197081141,15,15,14,15,0,0,0,0
1770178440217159446,15,15,14,15,0,0,0,0
1770178440237237591,15,15,14,15,0,0,0,0
1770178440257316952,15,15,14,15,0,0,0,0
1770178440277397497,15,15,14,15,0,0,0,0
1770178440297476506,15,15,14,15,0,0,0,0
1770178440317556763,15,15,14,15,0,0,0,0
1770178440337629595,15,14,13,14,0,0,0,0
1770178440357707260,15,15,14,14,0,0,0,0
1770178440377789405,15,15,14,14,0,0,0,0
1770178440397868638,15,15,14,15,0,0,0,0
1770178440417949151,15,15,14,14,0,0,0,0
1770178440438022560,15,15,14,15,0,0,0,0
1770178440458102177,15,15,14,15,0,0,0,0
1770178440478182146,15,15,14,15,0,0,0,0
1770178440498261059,15,15,14,15,0,0,0,0
1770178440518336004,15,15,14,15,0,0,0,0
1770178440538411909,15,15,14,15,0,0,0,0
1770178440558490950,15,15,14,15,0,0,0,0
1770178440578569863,15,15,14,15,0,0,0,0
1770178440598646920,15,15,14,15,0,0,0,0
1770178440618724009,15,15,14,15,0,0,0,0
1770178440638799114,15,15,14,15,0,0,0,0
1770178440658884843,15,15,14,15,0,0,0,0
1770178440678967372,15,15,14,15,0,0,0,0
1770178440699046957,15,15,14,15,0,0,0,0
1770178440719130222,15,15,14,15,0,0,0,0
1770178440739210159,15,15,14,15,0,0,0,0
1770178440759288656,15,15,14,15,0,0,0,0
1770178440779366865,15,15,14,15,0,0,0,0
1770178440799445042,15,15,14,15,0,0,0,0
1770178440819524211,15,15,14,15,0,0,0,0
1770178440839602772,15,15,14,15,0,0,0,0
1770178440859682101,15,15,14,15,0,0,0,0
1770178440879759158,15,15,14,15,0,0,0,0
1770178440899840695,15,15,14,15,0,0,0,0
1770178440919918648,15,15,14,15,0,0,0,0
1770178440939991641,15,15,14,15,0,0,0,0
1770178440960069242,15,15,14,15,0,0,0,0
1770178440980147291,15,15,14,15,0,0,0,0
1770178441000226428,15,15,14,15,0,0,0,0
1770178441020304157,15,15,14,15,0,0,0,0
1770178441040382686,15,15,14,15,0,0,0,0
1770178441060461023,15,15,14,15,0,0,0,0
1770178441080538304,15,15,14,15,0,0,0,0
1770178441100617729,15,15,14,15,0,0,0,0
1770178441120698466,15,15,14,15,0,0,0,0
1770178441140779907,15,15,14,15,0,0,0,0
1770178441160854820,15,15,14,15,0,0,0,0
1770178441180933413,15,15,14,15,0,0,0,0
1770178441201011845,15,15,14,15,0,0,0,0
1770178441221089286,15,15,14,15,0,0,0,0
1770178441241169543,15,15,14,15,0,0,0,0
1770178441261242824,15,15,14,15,0,0,0,0
1770178441281320873,15,15,14,15,0,0,0,0
1770178441301393514,15,15,14,15,0,0,0,0
1770178441321472747,15,15,14,15,0,0,0,0
1770178441341553900,15,15,14,15,0,0,0,0
1770178441361634125,15,15,14,15,0,0,0,0
1770178441381712110,15,15,14,15,0,0,0,0
1770178441401788463,15,15,14,15,0,0,0,0
1770178441421862864,15,15,14,15,0,0,0,0
1770178441441944369,15,15,14,15,0,0,0,0
1770178441462016498,15,15,14,15,0,0,0,0
1770178441482093331,15,15,14,15,0,0,0,0
1770178441502166964,15,15,14,15,0,0,0,0
1770178441522246645,15,15,14,15,0,0,0,0
1770178441542326518,15,15,14,15,0,0,0,0
1770178441562404247,15,15,14,15,0,0,0,0
1770178441582478936,15,15,14,15,0,0,0,0
1770178441602559353,15,15,14,15,0,0,0,0
1770178441622640122,15,15,14,15,0,0,0,0
1770178441642716026,15,15,14,15,0,0,0,0
1770178441662794491,15,15,14,15,0,0,0,0
1770178441682873596,15,15,14,15,0,0,0,0
1770178441702953469,15,15,14,15,0,0,0,0
1770178441723027742,15,15,14,15,0,0,0,0
1770178441743103039,15,15,14,15,0,0,0,0
1770178441763182976,15,15,14,15,0,0,0,0
1770178441783261441,15,15,14,15,0,0,0,0
1770178441803338338,15,15,14,15,0,0,0,0
1770178441823415363,15,15,14,15,0,0,0,0
1770178441843497924,15,15,14,15,0,0,0,0
1770178441863575461,15,15,14,15,0,0,0,0
1770178441883651110,15,15,14,15,0,0,0,0
1770178441903728839,15,15,14,15,0,0,0,0
1770178441923807784,15,15,14,15,0,0,0,0
1770178441943884681,15,15,14,15,0,0,0,0
1770178441963962058,15,15,14,15,0,0,0,0
1770178441984039947,15,15,14,15,0,0,0,0
1770178442004118188,15,15,14,15,0,0,0,0
1770178442024197485,15,15,14,15,0,0,0,0
1770178442044277294,15,15,14,15,0,0,0,0
1770178442064355663,15,15,14,15,0,0,0,0
1770178442084432304,15,15,14,15,0,0,0,0
1770178442104509649,15,15,14,15,0,0,0,0
1770178442124587602,15,15,14,15,0,0,0,0
1770178442144666835,15,15,14,15,0,0,0,0
1770178442164743924,15,15,14,15,0,0,0,0
1770178442184822645,15,15,14,15,0,0,0,0
1770178442204903222,15,15,14,15,0,0,0,0
1770178442224977974,15,15,14,15,0,0,0,0
1770178442245056951,15,15,14,15,0,0,0,0
1770178442265137944,15,15,14,15,0,0,0,0
1770178442285214265,15,15,14,15,0,0,0,0
1770178442305292762,15,15,14,15,0,0,0,0
1770178442325372091,15,15,14,15,0,0,0,0
1770178442345452156,15,15,14,15,0,0,0,0
1770178442365525693,15,15,14,15,0,0,0,0
1770178442385605502,15,15,14,15,0,0,0,0
1770178442405681375,15,15,14,15,0,0,0,0
1770178442425758816,15,15,14,15,0,0,0,0
1770178442445835361,15,15,14,15,0,0,0,0
1770178442465917442,15,15,14,15,0,0,0,0
1770178442486012803,15,15,14,15,0,0,0,0
1770178442506090084,15,15,14,15,0,0,0,0
1770178442526169349,15,15,14,15,0,0,0,0
1770178442546247750,15,15,14,15,0,0,0,0
1770178442566331399,15,15,14,15,0,0,0,0
1770178442586406344,15,15,14,15,0,0,0,0
1770178442606481417,15,15,14,15,0,0,0,0
1770178442626557034,15,15,14,15,0,0,0,0
1770178442646636075,15,15,14,15,0,0,0,0
1770178442666709516,15,15,14,15,0,0,0,0
1770178442686784365,15,15,14,15,0,0,0,0
1770178442706867598,15,15,14,15,0,0,0,0
1770178442726942607,15,15,14,15,0,0,0,0
1770178442747020464,15,15,14,15,0,0,0,0
1770178442767095441,15,15,14,15,0,0,0,0
1770178442787171346,15,15,14,15,0,0,0,0
1770178442807247859,15,15,14,15,0,0,0,0
1770178442827322996,15,15,14,15,0,0,0,0
1770178442847401588,15,15,14,15,0,0,0,0
1770178442867483638,15,15,14,15,0,0,0,0
1770178442887559830,15,15,14,15,0,0,0,0
1770178442907635575,15,15,14,15,0,0,0,0
1770178442927713656,15,15,14,15,0,0,0,0
1770178442947793081,15,15,14,15,0,0,0,0
1770178442967870362,15,15,14,15,0,0,0,0
1770178442987947195,15,15,14,15,0,0,0,0
1770178443008022812,15,15,14,15,0,0,0,0
1770178443028108125,15,15,14,15,0,0,0,0
1770178443048184062,15,15,14,15,0,0,0,0
1770178443068256671,15,15,14,15,0,0,0,0
1770178443088328384,15,15,14,15,0,0,0,0
1770178443108443202,15,15,14,15,0,0,0,0
1770178443128518275,15,15,14,15,0,0,0,0
1770178443148594755,15,15,14,15,0,0,0,0
1770178443168669252,15,15,14,15,0,0,0,0
1770178443188752837,15,15,14,15,0,0,0,0
1770178443208826758,15,15,14,15,0,0,0,0
1770178443228903495,15,15,14,15,0,0,0,0
1770178443248980392,15,15,14,15,0,0,0,0
1770178443269058761,15,15,14,15,0,0,0,0
1770178443289134634,15,15,14,15,0,0,0,0
1770178443309211563,15,15,14,15,0,0,0,0
1770178443329296268,15,15,14,15,0,0,0,0
1770178443349374925,15,15,14,15,0,0,0,0
1770178443369452014,15,15,14,15,0,0,0,0
1770178443389531727,15,15,14,15,0,0,0,0
1770178443409609584,15,15,14,15,0,0,0,0
1770178443429684273,15,15,14,15,0,0,0,0
1770178443449762482,15,15,14,15,0,0,0,0
1770178443469833779,15,15,14,15,0,0,0,0
1770178443489913780,15,15,14,15,0,0,0,0
1770178443509993429,15,15,14,15,0,0,0,0
1770178443530072662,15,15,14,15,0,0,0,0
1770178443550147063,15,15,14,15,0,0,0,0
1770178443570225048,15,15,14,15,0,0,0,0
1770178443590302233,15,15,14,15,0,0,0,0
1770178443610380121,15,15,14,15,0,0,0,0
1770178443630455514,15,15,14,15,0,0,0,0
1770178443650535739,15,15,14,15,0,0,0,0
1770178443670614588,15,15,14,15,0,0,0,0
1770178443690694813,15,15,14,15,0,0,0,0
1770178443710765214,15,15,14,15,0,0,0,0
1770178443730849247,15,15,14,15,0,0,0,0
1770178443750924864,15,15,14,15,0,0,0,0
1770178443771004001,15,15,14,15,0,0,0,0
1770178443791081730,15,15,14,15,0,0,0,0
1770178443811155843,15,15,14,15,0,0,0,0
1770178443831232356,15,15,14,15,0,0,0,0
1770178443851307973,15,15,14,15,0,0,0,0
1770178443871384518,15,15,14,15,0,0,0,0
1770178443891457895,15,15,14,15,0,0,0,0
1770178443911535240,15,15,14,15,0,0,0,0
1770178443931609609,15,15,14,15,0,0,0,0
1770178443951689866,15,15,14,15,0,0,0,0
1770178443971771211,15,15,14,15,0,0,0,0
1770178443991850124,15,15,14,15,0,0,0,0
1770178444011928429,15,15,14,15,0,0,0,0
1770178444032006798,15,15,14,15,0,0,0,0
1770178444052086159,15,15,14,15,0,0,0,0
1770178444072161167,15,15,14,15,0,0,0,0
1770178444092243568,15,15,14,15,0,0,0,0
1770178444112323313,15,15,14,15,0,0,0,0
1770178444132403474,15,15,14,15,0,0,0,0
1770178444152479123,15,15,14,15,0,0,0,0
1770178444172558740,15,15,14,15,0,0,0,0
1770178444192637493,15,15,14,15,0,0,0,0
1770178444212715414,15,15,14,15,0,0,0,0
1770178444232793943,15,15,14,15,0,0,0,0
1770178444252872568,15,15,14,15,0,0,0,0
1770178444272952057,15,15,14,15,0,0,0,0
1770178444293032090,15,15,14,15,0,0,0,0
1770178444313111099,15,15,14,15,0,0,0,0
1770178444333189500,15,15,14,15,0,0,0,0
1770178444353259485,15,15,14,14,0,0,0,0
1770178444373337374,15,15,14,14,0,0,0,0
1770178444393416063,15,15,14,15,0,0,0,0
1770178444413493664,15,15,14,15,0,0,0,0
1770178444433569601,15,15,14,15,0,0,0,0
1770178444453648386,15,15,14,15,0,0,0,0
1770178444473722051,15,15,14,15,0,0,0,0
1770178444493793988,15,15,14,15,0,0,0,0
1770178444513880389,15,15,14,15,0,0,0,0
1770178444533965254,15,15,14,15,0,0,0,0
1770178444554048615,15,15,14,15,0,0,0,0
1770178444574126248,15,15,14,15,0,0,0,0
1770178444594205833,15,15,14,15,0,0,0,0
1770178444614277034,15,15,14,15,0,0,0,0
1770178444634352235,15,15,14,15,0,0,0,0
1770178444654429644,15,15,14,15,0,0,0,0
1770178444674501388,15,15,14,15,0,0,0,0
1770178444694546637,15,15,14,15,0,0,0,0
1770178444714626926,15,15,14,15,0,0,0,0
1770178444734707919,15,15,14,15,0,0,0,0
1770178444754782576,15,15,14,15,0,0,0,0
1770178444774858193,15,15,14,15,0,0,0,0
1770178444794934033,15,15,14,15,0,0,0,0
1770178444815009010,15,15,14,15,0,0,0,0
1770178444835087091,15,15,14,15,0,0,0,0
1770178444855166548,15,15,14,15,0,0,0,0
1770178444875242837,15,15,14,15,0,0,0,0
1770178444895321814,15,15,14,15,0,0,0,0
1770178444915400023,15,15,14,15,0,0,0,0
1770178444935476536,15,15,14,15,0,0,0,0
1770178444955560729,15,15,14,15,0,0,0,0
1770178444975638490,15,15,14,15,0,0,0,0
1770178444995711355,15,15,14,15,0,0,0,0
1770178445015784636,15,15,14,15,0,0,0,0
1770178445035866589,15,15,14,15,0,0,0,0
1770178445055945918,15,15,14,15,0,0,0,0
1770178445076018719,15,15,14,15,0,0,0,0
1770178445096098016,15,15,14,15,0,0,0,0
1770178445116173985,15,15,14,15,0,0,0,0
1770178445136256066,15,15,14,15,0,0,0,0
1770178445156333795,15,15,14,15,0,0,0,0
1770178445176411012,15,15,14,15,0,0,0,0
1770178445196489637,15,15,14,15,0,0,0,0
1770178445216566214,15,15,14,15,0,0,0,0
1770178445236647559,15,15,14,15,0,0,0,0
1770178445256723336,15,15,14,15,0,0,0,0
1770178445276801641,15,15,14,15,0,0,0,0
1770178445296882474,15,15,14,15,0,0,0,0
1770178445316967819,15,15,14,15,0,0,0,0
1770178445337048940,15,15,14,15,0,0,0,0
1770178445357160941,15,15,14,15,0,0,0,0
1770178445377235374,15,15,14,15,0,0,0,0
1770178445397314831,15,15,14,15,0,0,0,0
1770178445417393552,15,15,14,15,0,0,0,0
1770178445437473681,15,15,14,15,0,0,0,0
1770178445457551314,15,15,14,15,0,0,0,0
1770178445477629907,15,15,14,15,0,0,0,0
1770178445497708116,15,15,14,15,0,0,0,0
1770178445517789621,15,15,14,15,0,0,0,0
1770178445537868662,15,15,14,15,0,0,0,0
1770178445557949559,15,15,14,15,0,0,0,0
1770178445578030584,15,15,14,15,0,0,0,0
1770178445598109113,15,15,14,15,0,0,0,0
1770178445618188890,15,15,14,15,0,0,0,0
1770178445638267067,15,15,14,15,0,0,0,0
1770178445658346524,15,15,14,15,0,0,0,0
1770178445678427101,15,15,14,15,0,0,0,0
1770178445698504062,15,15,14,15,0,0,0,0
1770178445718581215,15,15,14,15,0,0,0,0
1770178445738653184,15,15,14,15,0,0,0,0
1770178445758727745,15,15,14,15,0,0,0,0
1770178445778804002,15,15,14,15,0,0,0,0
1770178445798882147,15,15,14,15,0,0,0,0
1770178445818962564,15,15,14,15,0,0,0,0
1770178445839043333,15,15,14,15,0,0,0,0
1770178445859123622,15,15,14,15,0,0,0,0
1770178445879201959,15,15,14,15,0,0,0,0
1770178445899281352,15,15,14,15,0,0,0,0
1770178445919358089,15,15,14,15,0,0,0,0
1770178445939432330,15,15,14,15,0,0,0,0
1770178445959510122,15,15,14,15,0,0,0,0
1770178445979586379,15,15,14,15,0,0,0,0
1770178445999668396,15,15,14,15,0,0,0,0
1770178446019744365,15,15,14,15,0,0,0,0
1770178446039824526,15,15,14,15,0,0,0,0
1770178446059897807,15,15,14,15,0,0,0,0
1770178446079974224,15,15,14,15,0,0,0,0
1770178446100048465,15,15,14,15,0,0,0,0
1770178446120123058,15,15,14,15,0,0,0,0
1770178446140204691,15,15,14,15,0,0,0,0
1770178446160284436,15,15,14,15,0,0,0,0
1770178446180366901,15,15,14,15,0,0,0,0
1770178446200454134,15,15,14,15,0,0,0,0
1770178446220533463,15,15,14,15,0,0,0,0
1770178446240604344,15,15,14,15,0,0,0,0
1770178446260683929,15,15,14,15,0,0,0,0
1770178446280761434,15,15,14,15,0,0,0,0
1770178446300845435,15,15,14,15,0,0,0,0
1770178446320923484,15,15,14,15,0,0,0,0
1770178446341002461,15,15,14,15,0,0,0,0
1770178446361079966,15,15,14,15,0,0,0,0
1770178446381162431,15,15,14,15,0,0,0,0
1770178446401245792,15,15,14,15,0,0,0,0
1770178446421323777,15,15,14,15,0,0,0,0
1770178446441407618,15,15,14,15,0,0,0,0
1770178446461489283,15,15,14,15,0,0,0,0
1770178446481571716,15,15,14,14,0,0,0,0
1770178446501657925,15,15,14,14,0,0,0,0
1770178446521737542,15,15,14,14,0,0,0,0
1770178446541826440,15,14,14,15,0,0,0,0
1770178446561905577,15,15,14,15,0,0,0,0
1770178446581990570,15,15,14,15,0,0,0,0
1770178446602064491,15,15,14,15,0,0,0,0
1770178446622137163,15,15,14,15,0,0,0,0
1770178446642213676,15,15,14,15,0,0,0,0
1770178446662287405,15,15,14,15,0,0,0,0
1770178446682368142,15,15,14,15,0,0,0,0
1770178446702444431,15,15,14,15,0,0,0,0
1770178446722519280,15,15,14,15,0,0,0,0
1770178446742597937,15,15,14,15,0,0,0,0
1770178446762671570,15,15,14,15,0,0,0,0
1770178446782752019,15,15,14,15,0,0,0,0
1770178446802827060,15,15,14,15,0,0,0,0
1770178446822899797,15,15,14,15,0,0,0,0
1770178446842974902,15,15,14,15,0,0,0,0
1770178446863052119,15,15,14,15,0,0,0,0
1770178446883134744,15,15,14,15,0,0,0,0
1770178446903210105,15,15,14,15,0,0,0,0
1770178446923283161,15,15,14,15,0,0,0,0
1770178446943358554,15,15,14,15,0,0,0,0
1770178446963433947,15,15,14,15,0,0,0,0
1770178446983519036,15,15,14,15,0,0,0,0
1770178447003597469,15,15,14,15,0,0,0,0
1770178447023670814,15,15,14,15,0,0,0,0
1770178447043744191,15,15,14,15,0,0,0,0
1770178447063813600,15,15,14,15,0,0,0,0
1770178447083887553,15,15,14,15,0,0,0,0
1770178447103971426,15,15,14,15,0,0,0,0
1770178447124050435,15,15,14,15,0,0,0,0
1770178447144125924,15,15,14,15,0,0,0,0
1770178447164196869,15,15,14,15,0,0,0,0
1770178447184275302,15,15,14,15,0,0,0,0
1770178447204353702,15,15,14,15,0,0,0,0
1770178447224421415,15,15,14,15,0,0,0,0
1770178447244504296,15,15,14,15,0,0,0,0
1770178447264578345,15,15,14,15,0,0,0,0
1770178447284657546,15,15,14,15,0,0,0,0
1770178447304737227,15,15,14,15,0,0,0,0
1770178447324813580,15,15,14,15,0,0,0,0
1770178447344892877,15,15,14,15,0,0,0,0
1770178447364967694,15,15,14,15,0,0,0,0
1770178447385046607,15,15,14,15,0,0,0,0
1770178447405125264,15,15,14,15,0,0,0,0
1770178447425202769,15,15,14,15,0,0,0,0
1770178447445285074,15,15,14,15,0,0,0,0
1770178447465362803,15,15,14,15,0,0,0,0
1770178447485442900,15,15,14,15,0,0,0,0
1770178447505519861,15,15,14,15,0,0,0,0
1770178447525596182,15,15,14,15,0,0,0,0
1770178447545667447,15,15,14,15,0,0,0,0
1770178447565750904,15,15,14,15,0,0,0,0
1770178447585837113,15,15,14,15,0,0,0,0
1770178447605915034,15,15,14,15,0,0,0,0
1770178447625993819,15,15,14,15,0,0,0,0
1770178447646069340,15,15,14,15,0,0,0,0
1770178447666145117,15,15,14,15,0,0,0,0
1770178447686223678,15,15,14,15,0,0,0,0
1770178447706297823,15,15,14,15,0,0,0,0
1770178447726369343,15,15,14,15,0,0,0,0
1770178447746444160,15,15,14,15,0,0,0,0
1770178447766517505,15,15,14,15,0,0,0,0
1770178447786596962,15,15,14,15,0,0,0,0
1770178447806675811,15,15,14,15,0,0,0,0
1770178447826754788,15,15,14,15,0,0,0,0
1770178447846827653,15,15,14,15,0,0,0,0
1770178447866907142,15,15,14,15,0,0,0,0
1770178447886986855,15,15,14,15,0,0,0,0
1770178447907058536,15,15,14,15,0,0,0,0
1770178447927133353,15,15,14,15,0,0,0,0
1770178447947208106,15,15,14,15,0,0,0,0
1770178447967282154,15,15,14,15,0,0,0,0
1770178447987359659,15,15,14,15,0,0,0,0
1770178448007435628,15,15,14,15,0,0,0,0
1770178448027510829,15,15,14,15,0,0,0,0
1770178448047588590,15,15,14,15,0,0,0,0
1770178448067673711,15,15,14,15,0,0,0,0
1770178448087758000,15,15,14,15,0,0,0,0
1770178448107835313,15,15,14,15,0,0,0,0
1770178448127909394,15,15,14,15,0,0,0,0
1770178448147985363,15,15,14,15,0,0,0,0
1770178448168060020,15,15,14,15,0,0,0,0
1770178448188144533,15,15,14,15,0,0,0,0
1770178448208217558,15,15,14,15,0,0,0,0
1770178448228298775,15,15,14,15,0,0,0,0
1770178448248374296,15,15,14,15,0,0,0,0
1770178448268450137,15,15,14,15,0,0,0,0
1770178448288529946,15,15,14,15,0,0,0,0
1770178448308603675,15,15,14,15,0,0,0,0
1770178448328677468,15,15,14,15,0,0,0,0
1770178448348747996,15,15,14,15,0,0,0,0
1770178448368824317,15,15,14,15,0,0,0,0
1770178448388902526,15,15,14,15,0,0,0,0
1770178448408979167,15,15,14,15,0,0,0,0
1770178448429057472,15,15,14,15,0,0,0,0
1770178448449135105,15,15,14,15,0,0,0,0
1770178448469211522,15,15,14,15,0,0,0,0
1770178448489292483,15,15,14,15,0,0,0,0
1770178448509367204,15,15,14,15,0,0,0,0
1770178448529443237,15,15,14,15,0,0,0,0
1770178448549520134,15,15,14,15,0,0,0,0
1770178448569594023,15,15,14,15,0,0,0,0
1770178448589673736,15,15,14,15,0,0,0,0
1770178448609751017,15,15,14,15,0,0,0,0
1770178448629827818,15,15,14,15,0,0,0,0
1770178448649904875,15,15,14,15,0,0,0,0
1770178448669995148,15,15,14,15,0,0,0,0
1770178448690071853,15,15,14,15,0,0,0,0
1770178448710151150,15,15,14,15,0,0,0,0
1770178448730225711,15,15,14,15,0,0,0,0
1770178448750303952,15,15,14,15,0,0,0,0
1770178448770380145,15,15,14,15,0,0,0,0
1770178448790456498,15,15,14,15,0,0,0,0
1770178448810533650,15,15,14,15,0,0,0,0
1770178448830607795,15,15,14,15,0,0,0,0
1770178453863979653,15,15,14,15,0,0,0,0
1770178453884062726,15,15,14,15,0,0,0,0
1770178453904134695,15,15,14,15,0,0,0,0
1770178453924213992,15,15,14,15,0,0,0,0
1770178453944291369,15,15,14,15,0,0,0,0
1770178453964366409,15,15,14,15,0,0,0,0
1770178453984444842,15,15,14,15,0,0,0,0
1770178454004518187,15,15,14,15,0,0,0,0
1770178454024597164,15,15,14,15,0,0,0,0
1770178454044677869,15,15,14,15,0,0,0,0
1770178454064757646,15,15,14,15,0,0,0,0
1770178454084833679,15,15,14,15,0,0,0,0
1770178454104916496,15,15,14,15,0,0,0,0
1770178454124996273,15,15,14,15,0,0,0,0
1770178454145077458,15,15,14,15,0,0,0,0
1770178454165150739,15,15,14,15,0,0,0,0
1770178454185228916,15,15,14,15,0,0,0,0
1770178454205310453,15,15,14,15,0,0,0,0
1770178454225388758,15,15,14,15,0,0,0,0
1770178454245464439,15,15,14,15,0,0,0,0
1770178454265539544,15,15,14,15,0,0,0,0
1770178454285618713,15,15,14,15,0,0,0,0
1770178454305697754,15,15,14,15,0,0,0,0
1770178454325777019,15,15,14,15,0,0,0,0
1770178454345854940,15,15,14,15,0,0,0,0
1770178454365938525,15,15,14,15,0,0,0,0
1770178454386016254,15,15,14,15,0,0,0,0
1770178454406090751,15,15,14,15,0,0,0,0
1770178454426170848,15,15,14,15,0,0,0,0
1770178454446247009,15,15,14,15,0,0,0,0
1770178454466323874,15,15,14,15,0,0,0,0
1770178454486401955,15,15,14,15,0,0,0,0
1770178454506475716,15,15,14,15,0,0,0,0
1770178454526550213,15,15,14,15,0,0,0,0
1770178454546637446,15,15,14,15,0,0,0,0
1770178454566715719,15,15,14,15,0,0,0,0
1770178454586792680,15,15,14,15,0,0,0,0
1770178454606868361,15,15,14,15,0,0,0,0
1770178454626943593,15,15,14,15,0,0,0,0
1770178454647018986,15,15,14,15,0,0,0,0
1770178454667095627,15,15,14,15,0,0,0,0
1770178454687177260,15,15,14,15,0,0,0,0
1770178454707252877,15,15,14,15,0,0,0,0
1770178454727331790,15,15,14,15,0,0,0,0
1770178454747412815,15,15,14,15,0,0,0,0
1770178454767490704,15,15,14,15,0,0,0,0
1770178454787564785,15,15,14,15,0,0,0,0
1770178454807650674,15,15,14,15,0,0,0,0
1770178454827730707,15,15,14,15,0,0,0,0
1770178454847807924,15,15,14,15,0,0,0,0
1770178454867882549,15,15,14,15,0,0,0,0
1770178454887958294,15,15,14,15,0,0,0,0
1770178454908033303,15,15,14,15,0,0,0,0
1770178454928108952,15,15,14,15,0,0,0,0
1770178454948180665,15,15,14,15,0,0,0,0
1770178454968259450,15,15,14,15,0,0,0,0
1770178454988332538,15,15,14,15,0,0,0,0
1770178455008401947,15,15,14,15,0,0,0,0
1770178455028479164,15,15,14,15,0,0,0,0
1770178455048552925,15,15,14,15,0,0,0,0
1770178455068626718,15,15,14,15,0,0,0,0
1770178455088705503,15,15,14,15,0,0,0,0
1770178455108777312,15,15,14,15,0,0,0,0
1770178455128854785,15,15,14,15,0,0,0,0
1770178455148935234,15,15,14,15,0,0,0,0
1770178455169016483,15,15,14,15,0,0,0,0
1770178455189092612,15,15,14,15,0,0,0,0
1770178455209166885,15,15,14,15,0,0,0,0
1770178455229244646,15,15,14,15,0,0,0,0
1770178455249322759,15,15,14,15,0,0,0,0
1770178455269399463,15,15,14,15,0,0,0,0
1770178455289475496,15,15,14,15,0,0,0,0
1770178455309550697,15,15,14,15,0,0,0,0
1770178455329627242,15,15,14,15,0,0,0,0
1770178455349699243,15,15,14,15,0,0,0,0
1770178455369783596,15,15,14,15,0,0,0,0
1770178455389861325,15,15,14,15,0,0,0,0
1770178455409934862,15,15,14,15,0,0,0,0
1770178455430007215,15,15,14,15,0,0,0,0
1770178455450087152,15,15,14,15,0,0,0,0
1770178455470162993,15,15,14,15,0,0,0,0
1770178455490244306,15,15,14,15,0,0,0,0
1770178455510321651,15,15,14,15,0,0,0,0
1770178455530408180,15,15,14,15,0,0,0,0
1770178455550487637,15,15,14,15,0,0,0,0
1770178455570557718,15,15,14,15,0,0,0,0
1770178455590635351,15,15,14,15,0,0,0,0
1770178455610710776,15,15,14,15,0,0,0,0
1770178455630785912,15,15,14,15,0,0,0,0
1770178455650862585,15,15,14,15,0,0,0,0
1770178455670940282,15,15,14,15,0,0,0,0
1770178455691016667,15,15,14,15,0,0,0,0
1770178455711095324,15,15,14,15,0,0,0,0
1770178455731172029,15,15,14,15,0,0,0,0
1770178455751254206,15,15,14,15,0,0,0,0
1770178455771341631,15,15,14,15,0,0,0,0
1770178455791419552,15,15,14,15,0,0,0,0
1770178455811496001,15,15,14,15,0,0,0,0
1770178455831570978,15,15,14,15,0,0,0,0
1770178455851645571,15,15,14,15,0,0,0,0
1770178455871725636,15,15,14,15,0,0,0,0
1770178455891806501,15,15,14,15,0,0,0,0
1770178455911877830,15,15,14,15,0,0,0,0
1770178455931951207,15,15,14,15,0,0,0,0
1770178455952025192,15,15,14,15,0,0,0,0
1770178455972096233,15,15,14,15,0,0,0,0
1770178455992171049,15,15,14,15,0,0,0,0
1770178456012246442,15,15,14,15,0,0,0,0
1770178456032318283,15,15,14,15,0,0,0,0
1770178456052394956,15,15,14,15,0,0,0,0
1770178456072469229,15,15,14,15,0,0,0,0
1770178456092533166,15,15,14,15,0,0,0,0
1770178456112608975,15,15,14,15,0,0,0,0
1770178456132686128,15,15,14,15,0,0,0,0
1770178456152760304,15,15,14,15,0,0,0,0
1770178456172853618,15,15,14,15,0,0,0,0
1770178456192931859,15,15,14,15,0,0,0,0
1770178456213011028,15,15,14,15,0,0,0,0
1770178456233089493,15,15,14,15,0,0,0,0
1770178456253171510,15,15,14,15,0,0,0,0
1770178456273249527,15,15,14,15,0,0,0,0
1770178456293329624,15,15,14,15,0,0,0,0
1770178456313408569,15,15,14,15,0,0,0,0
1770178456333489562,15,15,14,15,0,0,0,0
1770178456353569595,15,15,14,15,0,0,0,0
1770178456373647964,15,15,14,15,0,0,0,0
1770178456393720669,15,15,14,15,0,0,0,0
1770178456413798366,15,15,14,15,0,0,0,0
1770178456433878591,15,15,14,15,0,0,0,0
1770178456453952575,15,15,14,15,0,0,0,0
1770178456474024576,15,15,14,15,0,0,0,0
1770178456494105793,15,15,14,15,0,0,0,0
1770178456514182178,15,15,14,15,0,0,0,0
1770178456534260739,15,15,14,15,0,0,0,0
1770178456554333636,15,15,14,15,0,0,0,0
1770178456574412677,15,15,14,15,0,0,0,0
1770178456594490406,15,15,14,15,0,0,0,0
1770178456614568423,15,15,14,15,0,0,0,0
1770178456634645256,15,15,14,15,0,0,0,0
1770178456654718153,15,15,14,15,0,0,0,0
1770178456674793674,15,15,14,15,0,0,0,0
1770178456694869227,15,15,14,15,0,0,0,0
1770178456714942923,15,15,14,15,0,0,0,0
1770178456735024108,15,15,14,15,0,0,0,0
1770178456755095949,15,15,14,15,0,0,0,0
1770178456775171150,15,15,14,15,0,0,0,0
1770178456795247503,15,15,14,15,0,0,0,0
1770178456815329264,15,15,14,15,0,0,0,0
1770178456835409969,15,15,14,15,0,0,0,0
1770178456855489490,15,15,14,15,0,0,0,0
1770178456875563475,15,15,14,15,0,0,0,0
1770178456895638356,15,15,14,15,0,0,0,0
1770178456915715797,15,15,14,15,0,0,0,0
1770178456935792246,15,15,14,15,0,0,0,0
1770178456955870199,15,15,14,15,0,0,0,0
1770178456975948120,15,15,14,15,0,0,0,0
1770178456996025913,15,15,14,15,0,0,0,0
1770178457016100250,15,15,14,15,0,0,0,0
1770178457036174139,15,15,14,15,0,0,0,0
1770178457056255612,15,15,14,15,0,0,0,0
1770178457076327100,15,15,14,15,0,0,0,0
1770178457096401949,15,15,14,15,0,0,0,0
1770178457116480254,15,15,14,15,0,0,0,0
1770178457136551967,15,15,14,15,0,0,0,0
1770178457156626848,15,15,14,15,0,0,0,0
1770178457176704033,15,15,14,15,0,0,0,0
1770178457196783042,15,15,14,15,0,0,0,0
1770178457216858307,15,15,14,15,0,0,0,0
1770178457236931204,15,15,14,15,0,0,0,0
1770178457257010021,15,15,14,15,0,0,0,0
1770178457277085286,15,15,14,15,0,0,0,0
1770178457297165127,15,15,14,15,0,0,0,0
1770178457317250440,15,15,14,15,0,0,0,0
1770178457337335465,15,15,14,15,0,0,0,0
1770178457357409546,15,15,14,15,0,0,0,0
1770178457377485579,15,15,14,15,0,0,0,0
1770178457397567148,15,15,14,15,0,0,0,0
1770178457417649069,15,15,14,15,0,0,0,0
1770178457437724142,15,15,14,15,0,0,0,0
1770178457457802415,15,15,14,15,0,0,0,0
1770178457477881904,15,15,14,15,0,0,0,0
1770178457497960113,15,15,14,15,0,0,0,0
1770178457518039794,15,15,14,15,0,0,0,0
1770178457538115090,15,15,14,15,0,0,0,0
1770178457558192403,15,15,14,15,0,0,0,0
1770178457578270164,15,15,14,15,0,0,0,0
1770178457598345813,15,15,14,15,0,0,0,0
1770178457618423286,15,15,14,15,0,0,0,0
1770178457638496663,15,15,14,15,0,0,0,0
1770178457658575160,15,15,14,15,0,0,0,0
1770178457678654073,15,15,14,15,0,0,0,0
1770178457698732634,15,15,14,15,0,0,0,0
1770178457718809467,15,15,14,15,0,0,0,0
1770178457738883196,15,15,14,15,0,0,0,0
1770178457758955837,15,15,14,15,0,0,0,0
1770178457779035454,15,15,14,15,0,0,0,0
1770178457799114239,15,15,14,15,0,0,0,0
1770178457819193632,15,15,14,15,0,0,0,0
1770178457839270369,15,15,14,15,0,0,0,0
1770178457859350946,15,15,14,15,0,0,0,0
1770178457879424739,15,15,14,15,0,0,0,0
1770178457899498211,15,15,14,15,0,0,0,0
1770178457919576804,15,15,14,15,0,0,0,0
1770178457939652229,15,15,14,15,0,0,0,0
1770178457959730566,15,15,14,15,0,0,0,0
1770178457979837512,15,15,14,15,0,0,0,0
1770178457999909385,15,15,14,15,0,0,0,0
1770178458019987114,15,15,14,15,0,0,0,0
1770178458040065195,15,15,14,15,0,0,0,0
1770178458060143948,15,15,14,15,0,0,0,0
1770178458080224173,15,15,14,15,0,0,0,0
1770178458100297229,15,15,14,15,0,0,0,0
1770178458120370478,15,15,14,15,0,0,0,0
1770178458140448399,15,15,14,14,0,0,0,0
1770178458160527568,15,15,14,15,0,0,0,0
1770178458180605105,15,15,14,15,0,0,0,0
1770178458200684626,15,15,14,15,0,0,0,0
1770178458220762451,15,15,14,15,0,0,0,0
1770178458240837332,15,15,14,15,0,0,0,0
1770178458260917045,15,15,14,15,0,0,0,0
1770178458280997014,15,15,14,15,0,0,0,0
1770178458301075959,15,15,14,15,0,0,0,0
1770178458321160376,15,15,14,15,0,0,0,0
1770178458341239769,15,15,14,15,0,0,0,0
1770178458361320218,15,15,14,15,0,0,0,0
1770178458381398811,15,15,14,15,0,0,0,0
1770178458401476348,15,15,14,15,0,0,0,0
1770178458421555485,15,15,14,15,0,0,0,0
1770178458441632030,15,15,14,15,0,0,0,0
1770178458461704991,15,15,14,15,0,0,0,0
1770178458481784384,15,15,14,15,0,0,0,0
1770178458501863585,15,15,14,15,0,0,0,0
1770178458521942626,15,15,14,15,0,0,0,0
1770178458542021027,15,15,14,15,0,0,0,0
1770178458562101476,15,15,14,15,0,0,0,0
1770178458582179749,15,15,14,15,0,0,0,0
1770178458602252486,15,15,14,15,0,0,0,0
1770178458622330823,15,15,14,15,0,0,0,0
1770178458642410632,15,15,14,15,0,0,0,0
1770178458662489641,15,15,14,15,0,0,0,0
1770178458682574346,15,15,14,15,0,0,0,0
1770178458702652139,15,15,14,15,0,0,0,0
1770178458722723692,15,15,14,15,0,0,0,0
1770178458742802061,15,15,14,15,0,0,0,0
1770178458762883278,15,15,14,15,0,0,0,0
1770178458782962159,15,15,14,15,0,0,0,0
1770178458803039632,15,15,14,15,0,0,0,0
1770178458823117264,15,15,14,15,0,0,0,0
1770178458843195505,15,15,14,15,0,0,0,0
1770178458863278483,15,15,14,15,0,0,0,0
1770178458883351987,15,15,14,15,0,0,0,0
1770178458903430612,15,15,14,15,0,0,0,0
1770178458923507605,15,15,14,15,0,0,0,0
1770178458943588662,15,15,14,15,0,0,0,0
1770178458963668119,15,15,14,15,0,0,0,0
1770178458983744248,15,15,14,15,0,0,0,0
1770178459003822649,15,15,14,15,0,0,0,0
1770178459023900858,15,15,14,15,0,0,0,0
1770178459043977275,15,15,14,15,0,0,0,0
1770178459064049436,15,15,14,15,0,0,0,0
1770178459084123069,15,15,14,15,0,0,0,0
1770178459104216926,15,15,14,15,0,0,0,0
1770178459124297503,15,15,14,15,0,0,0,0
1770178459144376000,15,15,14,15,0,0,0,0
1770178459164447297,15,15,14,15,0,0,0,0
1770178459184524898,15,15,14,15,0,0,0,0
1770178459204604483,15,15,14,15,0,0,0,0
1770178459224682532,15,15,14,15,0,0,0,0
1770178459244761861,15,15,14,15,0,0,0,0
1770178459264840710,15,15,14,15,0,0,0,0
1770178459284921159,15,15,14,15,0,0,0,0
1770178459305001512,15,15,14,15,0,0,0,0
1770178459325082217,15,15,14,15,0,0,0,0
1770178459345162506,15,15,14,15,0,0,0,0
1770178459365240459,15,15,14,15,0,0,0,0
1770178459385321196,15,15,14,15,0,0,0,0
1770178459405400877,15,15,14,15,0,0,0,0
1770178459425480910,15,15,14,15,0,0,0,0
1770178459445559727,15,15,14,15,0,0,0,0
1770178459465637904,15,15,14,15,0,0,0,0
1770178459485715377,15,15,14,15,0,0,0,0
1770178459505798674,15,15,14,15,0,0,0,0
1770178459525878291,15,15,14,15,0,0,0,0
1770178459545956820,15,15,14,15,0,0,0,0
1770178459566035733,15,15,14,15,0,0,0,0
1770178459586112502,15,15,14,15,0,0,0,0
1770178459606186103,15,15,14,15,0,0,0,0
1770178459626272504,15,15,14,15,0,0,0,0
1770178459646349177,15,15,14,15,0,0,0,0
1770178459666425434,15,15,14,15,0,0,0,0
1770178459686496155,15,15,14,15,0,0,0,0
1770178459706579388,15,15,14,15,0,0,0,0
1770178459726652796,15,15,14,15,0,0,0,0
1770178459746728765,15,14,14,14,0,0,0,0
1770178459766807358,15,15,14,15,0,0,0,0
1770178459786886655,15,15,14,15,0,0,0,0
1770178459806964352,15,15,14,15,0,0,0,0
1770178459827039201,15,15,14,15,0,0,0,0
1770178459847116962,15,15,14,15,0,0,0,0
1770178459867199459,15,15,14,15,0,0,0,0
1770178459887278084,15,15,14,15,0,0,0,0
1770178459907355237,15,15,14,15,0,0,0,0
1770178459927440038,15,15,14,15,0,0,0,0
1770178459947517991,15,15,14,15,0,0,0,0
1770178459967593928,15,15,14,15,0,0,0,0
1770178459987679049,15,15,14,15,0,0,0,0
1770178460007764042,15,15,14,15,0,0,0,0
1770178460027839499,15,15,14,15,0,0,0,0
1770178460047915916,15,15,14,15,0,0,0,0
1770178460067998285,15,15,14,15,0,0,0,0
1770178460088083182,15,15,14,15,0,0,0,0
1770178460108157583,15,15,14,15,0,0,0,0
1770178460128229904,15,15,14,15,0,0,0,0
1770178460148307025,15,15,14,15,0,0,0,0
1770178460168382770,15,15,14,15,0,0,0,0
1770178460188460211,15,15,14,15,0,0,0,0
1770178460208538196,15,15,14,15,0,0,0,0
1770178460228610773,15,15,14,15,0,0,0,0
1770178460248686806,15,15,14,15,0,0,0,0
1770178460268762775,15,15,14,15,0,0,0,0
1770178460288839512,15,15,14,15,0,0,0,0
1770178460308916920,15,15,14,15,0,0,0,0
1770178460329002682,15,15,14,15,0,0,0,0
1770178460349076762,15,15,14,15,0,0,0,0
1770178460369150875,15,15,14,15,0,0,0,0
1770178460389225692,15,15,14,15,0,0,0,0
1770178460409310845,15,15,14,15,0,0,0,0
1770178460429387806,15,15,14,15,0,0,0,0
1770178460449464415,15,15,14,15,0,0,0,0
1770178460469540160,15,15,14,15,0,0,0,0
1770178460489622337,15,15,14,15,0,0,0,0
1770178460509699426,15,15,14,15,0,0,0,0
1770178460529774211,15,15,14,15,0,0,0,0
1770178460549848964,15,15,14,15,0,0,0,0
1770178460569941573,15,15,14,15,0,0,0,0
1770178460590034119,15,15,14,15,0,0,0,0
1770178460610109767,15,15,14,15,0,0,0,0
1770178460630183496,15,15,14,15,0,0,0,0
1770178460650264777,15,15,14,15,0,0,0,0
1770178460670337034,15,15,14,15,0,0,0,0
1770178460690415083,15,15,14,15,0,0,0,0
1770178460710492972,15,15,14,15,0,0,0,0
1770178460730576461,15,15,14,15,0,0,0,0
1770178460750654446,15,15,14,15,0,0,0,0
1770178460770731695,15,15,14,15,0,0,0,0
1770178460790808048,15,15,14,15,0,0,0,0
1770178460810886833,15,15,14,15,0,0,0,0
1770178460830962354,15,15,14,15,0,0,0,0
1770178460851039123,15,15,14,15,0,0,0,0
1770178460871115124,15,15,14,15,0,0,0,0
1770178460891200437,15,15,14,15,0,0,0,0
1770178460911279030,15,15,14,15,0,0,0,0
1770178460931357591,15,15,14,15,0,0,0,0
1770178460951432312,15,15,14,15,0,0,0,0
1770178460971514105,15,15,14,15,0,0,0,0
1770178460991592186,15,15,14,15,0,0,0,0
1770178461011669659,15,15,14,15,0,0,0,0
1770178461031747004,15,15,14,15,0,0,0,0
1770178461051825405,15,15,14,15,0,0,0,0
1770178461071905502,15,15,14,15,0,0,0,0
1770178461091986751,15,15,14,15,0,0,0,0
1770178461112064256,15,15,14,15,0,0,0,0
1770178461132136769,15,15,14,15,0,0,0,0
1770178461152209985,15,15,14,15,0,0,0,0
1770178461172283586,15,15,14,15,0,0,0,0
1770178461192356835,15,15,14,15,0,0,0,0
1770178461212429284,15,15,14,15,0,0,0,0
1770178461232510053,15,15,14,15,0,0,0,0
1770178461252586534,15,15,14,15,0,0,0,0
1770178461272661255,15,15,14,15,0,0,0,0
1770178461292740424,15,15,14,15,0,0,0,0
1770178461312818473,15,15,14,15,0,0,0,0
1770178461332896778,15,15,14,15,0,0,0,0
1770178461352975627,15,15,14,15,0,0,0,0
1770178461373056684,15,15,14,15,0,0,0,0
1770178461393133357,15,15,14,15,0,0,0,0
1770178461413206414,15,15,14,15,0,0,0,0
1770178461433279854,15,15,14,15,0,0,0,0
1770178461453356783,15,15,14,15,0,0,0,0
1770178461473432080,15,15,14,15,0,0,0,0
1770178461493504785,15,15,14,15,0,0,0,0
1770178461513585490,15,15,14,15,0,0,0,0
1770178461533659699,15,15,14,15,0,0,0,0
1770178461553734228,15,15,14,15,0,0,0,0
1770178461573813397,15,15,14,15,0,0,0,0
1770178461593891158,15,15,14,15,0,0,0,0
1770178461613967927,15,15,14,15,0,0,0,0
1770178461634046744,15,15,14,15,0,0,0,0
1770178461654120857,15,15,14,15,0,0,0,0
1770178461674196122,15,15,14,15,0,0,0,0
1770178461694272411,15,15,14,15,0,0,0,0
1770178461714344699,15,15,14,15,0,0,0,0
1770178461734420988,15,15,14,15,0,0,0,0
1770178461754504701,15,15,14,15,0,0,0,0
1770178461774584702,15,15,14,15,0,0,0,0
1770178461794659775,15,15,14,15,0,0,0,0
1770178461814734880,15,15,14,15,0,0,0,0
1770178461834812417,15,15,14,15,0,0,0,0
1770178461854886530,15,15,14,15,0,0,0,0
1770178461874961027,15,15,14,15,0,0,0,0
1770178461895040452,15,15,14,15,0,0,0,0
1770178461915117221,15,15,14,15,0,0,0,0
1770178461935192710,15,15,14,15,0,0,0,0
1770178461955270631,15,15,14,15,0,0,0,0
1770178461975344808,15,15,14,15,0,0,0,0
1770178461995418665,15,15,14,15,0,0,0,0
1770178462015497097,15,15,14,15,0,0,0,0
1770178462035575338,15,15,14,15,0,0,0,0
1770178462055645419,15,14,14,15,0,0,0,0
1770178462075720044,15,14,14,14,0,0,0,0
1770178462095801869,15,14,14,15,0,0,0,0
1770178462115883406,15,14,14,15,0,0,0,0
1770178462135959759,15,15,14,15,0,0,0,0
1770178462156039408,15,15,14,15,0,0,0,0
1770178462176120625,15,15,14,15,0,0,0,0
1770178462196195698,15,15,14,15,0,0,0,0
1770178462216277235,15,15,14,15,0,0,0,0
1770178462236355092,15,15,14,15,0,0,0,0
1770178462256437845,15,15,14,15,0,0,0,0
1770178462276515734,15,15,14,15,0,0,0,0
1770178462296590007,15,15,14,15,0,0,0,0
1770178462316672056,15,15,14,15,0,0,0,0
1770178462336745401,15,15,14,15,0,0,0,0
1770178462356822554,15,15,14,15,0,0,0,0
1770178462376899035,15,15,14,15,0,0,0,0
1770178462396975964,15,15,14,15,0,0,0,0
1770178462417063677,15,15,14,15,0,0,0,0
1770178462437141982,15,15,14,15,0,0,0,0
1770178462457217855,15,15,14,15,0,0,0,0
1770178462477291456,15,15,14,15,0,0,0,0
1770178462497374401,15,15,14,15,0,0,0,0
1770178462517450658,15,15,14,15,0,0,0,0
1770178462537528099,15,15,14,15,0,0,0,0
1770178462557604548,15,15,14,15,0,0,0,0
1770178462577687109,15,15,14,15,0,0,0,0
1770178462597765030,15,15,14,15,0,0,0,0
1770178462617842823,15,15,14,15,0,0,0,0
1770178462637916295,15,15,14,15,0,0,0,0
1770178462658000137,15,15,14,15,0,0,0,0
1770178462678076937,15,15,14,15,0,0,0,0
1770178462698155338,15,15,14,15,0,0,0,0
1770178462718231531,15,15,14,15,0,0,0,0
1770178462738307916,15,15,14,15,0,0,0,0
1770178462758381933,15,15,14,15,0,0,0,0
1770178462778456750,15,15,14,15,0,0,0,0
1770178462798532527,15,15,14,15,0,0,0,0
1770178462818608432,15,15,14,15,0,0,0,0
1770178462838686833,15,15,14,15,0,0,0,0
1770178462858763506,15,15,14,15,0,0,0,0
1770178462878841619,15,15,14,15,0,0,0,0
1770178462898923924,15,15,14,15,0,0,0,0
1770178462919004565,15,15,14,15,0,0,0,0
1770178462939078774,15,15,14,15,0,0,0,0
1770178462959155127,15,15,14,15,0,0,0,0
1770178462979228856,15,15,14,15,0,0,0,0
1770178462999303992,15,15,14,15,0,0,0,0
1770178463019379961,15,15,14,15,0,0,0,0
1770178463039453626,15,15,14,15,0,0,0,0
1770178463059536699,15,15,14,15,0,0,0,0
1770178463079609404,15,15,14,15,0,0,0,0
1770178463099682365,15,15,14,15,0,0,0,0
1770178463119760446,15,15,14,15,0,0,0,0
1770178463139833919,15,15,14,15,0,0,0,0
1770178463159908096,15,15,14,15,0,0,0,0
1770178463179980673,15,15,14,15,0,0,0,0
1770178463200060354,15,15,14,15,0,0,0,0
1770178463220144387,15,15,14,15,0,0,0,0
1770178463240222628,15,15,14,15,0,0,0,0
1770178463260301093,15,15,14,15,0,0,0,0
1770178463280380486,15,15,14,15,0,0,0,0
1770178463300458343,15,15,14,15,0,0,0,0
1770178463320538472,15,15,14,15,0,0,0,0
1770178463340616905,15,15,14,15,0,0,0,0
1770178463360694410,15,15,14,15,0,0,0,0
1770178463380770506,15,15,14,15,0,0,0,0
1770178463400847755,15,15,14,15,0,0,0,0
1770178463420925004,15,15,14,15,0,0,0,0
1770178463441003725,15,15,14,15,0,0,0,0
1770178463461082222,15,15,14,15,0,0,0,0
1770178463481164079,15,15,14,15,0,0,0,0
1770178463501244336,15,15,14,15,0,0,0,0
1770178463521324401,15,15,14,15,0,0,0,0
1770178463541397970,15,15,14,15,0,0,0,0
1770178463561475379,15,15,14,15,0,0,0,0
1770178463581550996,15,15,14,15,0,0,0,0
1770178463601629045,15,15,14,15,0,0,0,0
1770178463621705430,15,15,14,15,0,0,0,0
1770178463641784663,15,15,14,15,0,0,0,0
1770178463661870648,15,15,14,15,0,0,0,0
1770178463681951452,15,15,14,15,0,0,0,0
1770178463702025653,15,15,14,15,0,0,0,0
1770178463722095885,15,15,14,15,0,0,0,0
1770178463742172710,15,15,14,15,0,0,0,0
1770178463762246687,15,15,14,15,0,0,0,0
1770178463782332952,15,15,14,15,0,0,0,0
1770178463802412593,15,15,14,15,0,0,0,0
1770178463822491434,15,15,14,15,0,0,0,0
1770178463842570819,15,15,14,15,0,0,0,0
1770178463862643291,15,15,14,15,0,0,0,0
1770178463882714548,15,15,14,15,0,0,0,0
