1770178318393869756,0.712856,-0.000633236,0.00882217,-0.701255,-0.0181095,-0.0287621,-0.00106526,0.011971,-0.229843,9.5804
1770178318413953030,0.712841,-0.00052892,0.00883934,-0.70127,-0.00426106,-0.0127832,-0.00319579,-0.0263362,-0.205901,9.59835
1770178318434032559,0.712844,-0.000513009,0.00886865,-0.701266,0.0138484,-0.00639159,-0.0127832,0.0849942,-0.28491,9.46069
1770178318454110105,0.712841,-0.000457272,0.00884127,-0.70127,0.00745685,-0.0170442,-0.0106526,0.0395043,-0.420182,9.65941
1770178318474186082,0.712808,-0.000496161,0.00889264,-0.701303,0.00639159,-0.0149137,-0.00426106,-0.0981623,-0.282516,9.37689
1770178318494260331,0.712832,-0.000591587,0.008894,-0.701279,-0.0266316,-0.0191748,0.0127832,-0.140061,-0.252588,9.5792
1770178318514334676,0.712829,-0.000649836,0.00892843,-0.701281,-0.0213053,-0.00639159,-0.00852211,-0.0826,-0.169988,9.44153
1770178318534412061,0.712792,-0.000608807,0.00885729,-0.70132,0.00852211,-0.0266316,-0.015979,-0.0861913,-0.141258,9.48343
1770178318554490023,0.712785,-0.00061119,0.00884259,-0.701327,-0.0149137,-0.00958738,0,0.0227449,-0.217872,9.47984
1770178318574564272,0.712786,-0.000681768,0.00880152,-0.701326,-0.0245011,-0.00639159,0.00426106,0.0634463,-0.209493,9.56723
1770178318594646777,0.712754,-0.000717018,0.00879729,-0.701358,-0.015979,-0.0287621,-0.00639159,0.047884,-0.134075,9.50618
1770178318614729155,0.712764,-0.000741676,0.00880421,-0.701348,-0.00106526,-0.0181095,-0.00426106,0.0682347,-0.233435,9.56364
1770178318634806540,0.712734,-0.000748653,0.00882551,-0.701379,-0.0117179,-0.00106526,-0.015979,0.0059855,-0.332794,9.52054
1770178318654879189,0.71273,-0.00070978,0.00887025,-0.701382,-0.0127832,0.0170442,-0.00639159,-0.102951,-0.31364,9.5385
1770178318674994688,0.712736,-0.000677463,0.00893791,-0.701375,-0.0106526,0.00106526,-0.0117179,-0.181959,-0.27653,9.51575
1770178318695074441,0.712724,-0.000588945,0.00892002,-0.701388,-0.0191748,-0.00745685,-0.00532632,-0.107739,-0.183156,9.49899
1770178318715148914,0.712711,-0.0006291,0.00889049,-0.701402,-0.0117179,-0.0117179,-0.00958738,-0.0203507,-0.189142,9.54449
1770178318735229020,0.712682,-0.000637246,0.00881131,-0.701432,-0.00958738,-0.02024,-0.0191748,0.0275333,-0.312443,9.5385
1770178318755300325,0.71266,-0.000640574,0.0087095,-0.701455,-0.00532632,-0.00745685,0.00106526,0.0035913,-0.198719,9.48583
1770178318775375342,0.712684,-0.000597591,0.0086171,-0.701432,-0.00532632,-0.0191748,-0.0117179,0.0323217,-0.189142,9.48702
1770178318795456151,0.712647,-0.000604533,0.00865258,-0.701469,-0.015979,0.00426106,-0.0149137,0.071826,-0.178368,9.44872
1770178318815536769,0.712639,-0.000645126,0.00875502,-0.701476,-0.0170442,-0.00319579,0.00213053,-0.0179565,-0.29329,9.54688
1770178318835620330,0.712637,-0.000655085,0.0088459,-0.701477,-0.00532632,-0.02024,-0.00426106,-0.0706289,-0.275333,9.53491
1770178318855695123,0.712638,-0.000626129,0.00883788,-0.701477,0.00319579,-0.0181095,-0.00958738,-0.101754,-0.246603,9.47625
1770178318875766588,0.71263,-0.000647575,0.00881522,-0.701484,0.00213053,-0.0213053,-0.00213053,-0.0706289,-0.197522,9.51575
1770178318895839142,0.712616,-0.000670967,0.00880951,-0.701499,-0.0223706,-0.00106526,-0.00639159,-0.0442927,-0.278924,9.53251
1770178318915914319,0.712592,-0.000711659,0.00885947,-0.701523,-0.0181095,0.00426106,0.00106526,-0.023942,-0.369904,9.51456
1770178318935991992,0.712603,-0.000639092,0.00884575,-0.701512,-0.00213053,-0.00426106,-0.0149137,-0.0299275,-0.271742,9.46189
1770178318956072833,0.712585,-0.000623019,0.00881381,-0.70153,-0.015979,0.00319579,-0.00639159,0.011971,-0.181959,9.60554
1770178318976151883,0.712579,-0.000603547,0.00874942,-0.701538,-0.00106526,-0.0298274,-0.00532632,0.120907,-0.217872,9.52533
1770178318996225524,0.712548,-0.000673765,0.00874855,-0.701569,-0.0106526,-0.0117179,-0.00852211,0.023942,-0.266953,9.63427
1770178319016312509,0.712544,-0.000634238,0.00874134,-0.701573,-0.0181095,-0.0117179,0.00106526,-0.0538695,-0.240617,9.52892
1770178319036396519,0.712526,-0.000571713,0.00880671,-0.701591,-0.00426106,0.00213053,-0.00958738,-0.0682347,-0.215478,9.5397
1770178319056470736,0.712525,-0.00053328,0.00884637,-0.701591,-0.0330232,0.00106526,-0.0117179,-0.0658405,-0.167594,9.47266
1770178319076547481,0.712495,-0.000568106,0.00888524,-0.701621,-0.00852211,-0.0106526,-0.00852211,-0.0347159,-0.238223,9.4966
1770178319096628803,0.712503,-0.000603149,0.00889745,-0.701612,-0.0298274,0.00532632,-0.00745685,-0.0742203,-0.328006,9.39604
1770178319116703724,0.712489,-0.000664002,0.0088439,-0.701628,-0.00745685,-0.0181095,-0.00958738,-0.023942,-0.274136,9.52294
1770178319136780085,0.712502,-0.000629236,0.00875236,-0.701615,0.00532632,-0.0234358,-0.00213053,-0.0407014,-0.183156,9.51695
1770178319156862815,0.712493,-0.00068195,0.00876284,-0.701624,-0.00852211,-0.0213053,-0.00958738,0.126893,-0.248997,9.55885
1770178319176937896,0.712476,-0.0007001,0.00880157,-0.701641,-0.0127832,-0.0127832,-0.0149137,0.0646434,-0.29329,9.44513
1770178319197018385,0.712457,-0.000703884,0.00886314,-0.70166,-0.0138484,-0.0149137,0.00426106,-0.0011971,-0.263362,9.46548
1770178319217098811,0.712478,-0.000608914,0.00885284,-0.701638,-0.00106526,-0.00532632,-0.00319579,-0.0347159,-0.228646,9.44872
1770178319237173636,0.712471,-0.000603681,0.00881878,-0.701646,-0.0170442,-0.0276969,-0.00745685,-0.0023942,-0.179565,9.63786
1770178319257252621,0.71246,-0.000628922,0.00881325,-0.701657,-0.00426106,-0.0340885,-0.0127832,-0.0131681,-0.250194,9.46787
1770178319277332855,0.712431,-0.000628224,0.00886148,-0.701686,-0.00106526,0.00319579,-0.00532632,-0.0586579,-0.318429,9.52653
1770178319297408064,0.712443,-0.000557069,0.00885287,-0.701675,-0.00639159,-0.00106526,0.00426106,-0.0993594,-0.263362,9.47625
1770178319317485225,0.712438,-0.000539767,0.00883993,-0.701679,-0.00426106,-0.00852211,0.00106526,-0.0227449,-0.241814,9.63427
1770178319337559890,0.712444,-0.000568977,0.00877083,-0.701674,-0.0170442,-0.0127832,-0.0106526,0.0179565,-0.183156,9.46308
1770178319357641148,0.712425,-0.000669704,0.00876205,-0.701693,-0.0223706,-0.0223706,0.00532632,-0.0011971,-0.318429,9.52653
1770178319377714245,0.712435,-0.000670884,0.00875416,-0.701683,-0.00532632,0.0127832,-0.00106526,0.0323217,-0.262165,9.45351
1770178319397789646,0.712431,-0.000657381,0.00878214,-0.701688,-0.00426106,-0.0127832,-0.00852211,-0.0167594,-0.254982,9.5397
1770178319417868983,0.712412,-0.000618374,0.00881648,-0.701706,-0.00852211,-0.0149137,-0.0106526,0.0167594,-0.211887,9.57561
1770178319437943617,0.712381,-0.000673001,0.00885754,-0.701737,-0.0223706,-0.00745685,-0.00532632,-0.0287304,-0.287304,9.60793
1770178319458021034,0.712384,-0.00068164,0.00885346,-0.701734,-0.0117179,-0.0106526,0,-0.0023942,-0.311246,9.51336
1770178319478098675,0.712373,-0.000688347,0.00882512,-0.701745,-0.00213053,-0.00745685,-0.00745685,-0.108936,-0.295684,9.4559
1770178319498172284,0.712385,-0.000596456,0.00877056,-0.701734,0.0117179,-0.0149137,0.00319579,-0.0442927,-0.198719,9.53611
1770178319518246341,0.712361,-0.000581796,0.00877949,-0.701758,-0.00745685,-0.0255663,-0.015979,-0.0011971,-0.259771,9.51336
1770178319538327439,0.712343,-0.000581303,0.00880148,-0.701776,-0.0191748,0.00426106,-0.00213053,0.0407014,-0.264559,9.52054
1770178319558405368,0.712341,-0.000596455,0.00880857,-0.701778,-0.00319579,0,-0.00426106,-0.0730232,-0.258574,9.61511
1770178319578484866,0.712357,-0.000553942,0.00873238,-0.701763,-0.00745685,-0.00532632,-0.00639159,-0.0311246,-0.240617,9.49301
1770178319598559147,0.712341,-0.000552872,0.0087232,-0.701779,-0.00319579,-0.0170442,-0.00319579,-0.0323217,-0.135272,9.51097
1770178319618643412,0.712336,-0.000549742,0.00879092,-0.701783,-0.0223706,0,-0.0117179,0.0251391,-0.233435,9.61631
1770178319638723870,0.712313,-0.000597235,0.00889315,-0.701806,-0.0149137,-0.0138484,-0.015979,-0.0586579,-0.246603,9.53012
1770178319658804519,0.712328,-0.000584789,0.0088884,-0.70179,-0.00106526,-0.00639159,-0.00319579,-0.0538695,-0.317232,9.58758
1770178319678883120,0.712316,-0.000602537,0.00883058,-0.701803,0,-0.00958738,-0.00319579,-0.0861913,-0.166397,9.52174
1770178319698981818,0.712305,-0.000584671,0.0087955,-0.701815,-0.0223706,-0.0191748,-0.00213053,0.0442927,-0.270545,9.5385
1770178319719057731,0.712291,-0.000654944,0.0088605,-0.701828,-0.00852211,-0.00958738,-0.00319579,0.0179565,-0.227449,9.4571
1770178319739139693,0.712297,-0.0006626,0.00885686,-0.701822,-0.00426106,-0.02024,0,-0.0371101,-0.305261,9.42358
1770178319759218326,0.712297,-0.000664207,0.00884168,-0.701822,0.00532632,-0.0255663,-0.00639159,-0.0287304,-0.254982,9.47386
1770178319779295039,0.712298,-0.00064263,0.00877959,-0.701821,-0.0351537,0.00319579,-0.00319579,-0.0323217,-0.146046,9.35893
1770178319799368489,0.712277,-0.000677417,0.008808,-0.701843,-0.0149137,-0.00213053,-0.015979,-0.0179565,-0.228646,9.49062
1770178319819441810,0.712272,-0.000682423,0.00886542,-0.701847,-0.0170442,-0.0117179,-0.0106526,-0.0203507,-0.272939,9.42717
1770178319839514395,0.712273,-0.000687457,0.00890127,-0.701846,-0.00532632,-0.00319579,-0.00319579,-0.0586579,-0.290895,9.57322
1770178319859588708,0.712268,-0.000635643,0.00882958,-0.701851,-0.00958738,-0.00852211,-0.0117179,-0.0802058,-0.228646,9.52653
1770178319879664909,0.712242,-0.000684933,0.00879885,-0.701878,-0.00106526,-0.0106526,0.00319579,-0.035913,-0.244209,9.46308
1770178319899738550,0.71223,-0.000712509,0.00883704,-0.701891,-0.00745685,-0.0127832,-0.00958738,0.023942,-0.354342,9.46428
1770178319919813984,0.712239,-0.000756589,0.00888763,-0.70188,-0.00958738,-0.0330232,0.00745685,0.00957681,-0.290895,9.50737
1770178319939890889,0.712246,-0.000686313,0.0088368,-0.701874,-0.00319579,0.00106526,-0.00213053,-0.0502782,-0.251391,9.51695
1770178319959970738,0.712234,-0.000734872,0.00877229,-0.701887,-0.00213053,-0.0213053,-0.00745685,0.023942,-0.118513,9.61152
1770178319980046620,0.712216,-0.000765635,0.00876838,-0.701905,-0.0287621,-0.00532632,-0.0149137,0.0011971,-0.25618,9.50259
1770178320000121413,0.712175,-0.000803899,0.00880244,-0.701946,0.00213053,-0.0149137,-0.0170442,-0.023942,-0.233435,9.51456
1770178320020200110,0.712184,-0.000750851,0.00880365,-0.701937,-0.00319579,-0.0213053,-0.00639159,-0.0035913,-0.320823,9.48463
1770178320040274903,0.712176,-0.000694481,0.0088009,-0.701945,-0.00426106,-0.0138484,0.00106526,-0.0395043,-0.183156,9.53371
1770178320060349856,0.712195,-0.000669547,0.00876393,-0.701927,-0.015979,-0.0223706,0.00639159,0.0179565,-0.292093,9.53611
1770178320080431178,0.712176,-0.000758307,0.0087215,-0.701946,-0.00852211,-0.0266316,0.00106526,-0.00718261,-0.263362,9.48702
1770178320100508883,0.712178,-0.000768865,0.00870631,-0.701944,-0.00745685,-0.00745685,-0.0170442,-0.094571,-0.343568,9.48583
1770178320120585180,0.712179,-0.000757998,0.00876343,-0.701943,-0.00852211,-0.0170442,-0.00106526,-0.0454898,-0.19393,9.53491
1770178320140661382,0.712174,-0.000711033,0.00874408,-0.701948,-0.00532632,-0.0266316,-0.00745685,0.0251391,-0.171185,9.47625
1770178320160736431,0.712147,-0.000765514,0.0087397,-0.701976,-0.0245011,-0.0245011,-0.00639159,0.0179565,-0.191536,9.58279
1770178320180812472,0.712141,-0.000822995,0.00874516,-0.701981,-0.00745685,-0.0255663,-0.00745685,0.0287304,-0.292093,9.46189
1770178320200886913,0.712119,-0.000853413,0.00873973,-0.702004,-0.0138484,0.00745685,0.00532632,-0.0454898,-0.272939,9.64145
1770178320220975595,0.712061,-0.000525502,0.00793181,-0.702073,0.608266,-0.539024,-0.115049,0.517148,-1.901,9.26795
1770178320241051572,0.714206,0.0142371,-0.00133351,-0.69979,1.56807,0.266316,0.284426,1.6496,2.33195,5.45639
1770178320261131646,0.713321,0.0206399,-0.00813908,-0.700486,0.154463,-0.308927,-0.411192,-0.351948,6.07529,3.24295
1770178320281207879,0.709712,0.0137842,-0.00436323,-0.704343,-1.54357,-0.158724,-0.54435,3.68587,3.49194,11.4263
1770178320301281296,0.707143,-0.00253573,0.00904974,-0.707008,-1.84291,-0.112918,-0.0394148,2.10809,0.0215478,10.9451
1770178320321354425,0.708243,-0.01049,0.0172014,-0.705682,-0.945955,0.298274,0.306796,0.725443,2.15358,8.81665
1770178320341429570,0.710306,-0.0124638,0.0237809,-0.70338,-0.0372843,0.226901,0.333428,-0.694318,-1.62327,8.97347
1770178320361501611,0.712965,-0.00917446,0.0225073,-0.700778,0.387756,-0.0852211,0.34408,-1.901,-0.695516,9.03811
1770178320381579573,0.714446,-0.00718693,0.0203977,-0.699356,0.122505,-0.0372843,0.0106526,-3.76488,0.179565,11.4826
1770178320401656126,0.713438,-0.00551851,0.0185999,-0.70045,0.486826,-0.155529,-0.285491,-2.82636,-2.22661,8.90882
1770178320421730503,0.711557,-0.00169874,0.0126542,-0.702513,0.579504,-0.113983,-0.235423,-0.993594,-1.56102,11.3078
1770178320441808624,0.710893,0.00158536,0.00934193,-0.703236,0.497478,-0.056459,0.0106526,0.126893,-2.66235,7.99185
1770178320461887386,0.711222,0.000797513,0.00762719,-0.702926,-0.334493,-0.226901,0.0426106,1.38505,-0.140061,8.47906
1770178320481961379,0.711416,-0.00364953,0.00855032,-0.702709,-0.396278,-0.193878,0.00639159,1.99796,-1.5263,10.8278
1770178320502036332,0.711393,-0.00835766,0.0107827,-0.702662,-0.436758,-0.0681769,0,2.09253,-1.37786,8.99262
1770178320522107893,0.711471,-0.0086346,0.0111466,-0.702574,0.217314,0.0905475,0.00213053,1.94649,-1.39582,8.62032
1770178320542185087,0.711511,-0.00646121,0.00982206,-0.702576,0.245011,0.113983,-0.0149137,1.56341,-0.229843,10.7033
1770178320562259464,0.711466,-0.00392426,0.00928253,-0.702649,0.26099,0.155529,-0.02024,0.72664,-0.21069,8.90763
1770178320582331313,0.71143,-0.000181014,0.00829399,-0.702708,0.360059,0.233293,-0.00319579,-0.216675,0.596156,9.8677
1770178320602412346,0.711428,0.00461399,0.00690315,-0.70271,0.459129,0.232228,0.00426106,-1.39702,0.389058,10.0712
1770178320622499876,0.711321,0.00955704,0.00522796,-0.702783,0.335558,0.138484,-0.0287621,-2.01711,1.27491,9.96347
1770178320642586285,0.711222,0.0108787,0.00497343,-0.702865,-0.0479369,-0.056459,0.00319579,-2.19788,0.9086,8.06487
1770178320662737113,0.711316,0.0104602,0.00496464,-0.702777,-0.0340885,-0.108657,0.0106526,-1.94888,0.724246,9.86651
1770178320682815010,0.711325,0.00951041,0.00463873,-0.702784,-0.147006,-0.173638,-0.00852211,-1.06183,1.20428,9.68694
1770178320702889131,0.711283,0.00737996,0.00458757,-0.702852,-0.201335,-0.192813,-0.00106526,-0.0383072,0.633266,9.75517
1770178320722960308,0.711314,0.00464637,0.00492675,-0.702842,-0.288687,-0.169377,-0.00639159,0.902614,0.488417,9.50857
1770178320743033630,0.711333,0.00141053,0.00584033,-0.702829,-0.327036,-0.13955,-0.00852211,1.23541,0.0526724,9.60673
1770178320763100519,0.711384,-0.00179978,0.00733306,-0.702762,-0.34408,-0.0607201,0.0117179,1.45687,-0.335188,9.56843
1770178320783176912,0.711435,-0.00432217,0.00903905,-0.70268,-0.238619,-0.00319579,0.00426106,1.34195,-1.00437,9.78989
1770178320803265753,0.711374,-0.00498689,0.0102038,-0.702722,-0.036219,0.0905475,-0.0117179,0.954089,-1.26773,9.34337
1770178320823345059,0.711328,-0.00475392,0.011103,-0.702757,-0.0298274,0.107592,0.00319579,0.349553,-1.42814,9.53132
1770178320843422796,0.711326,-0.0040789,0.0118213,-0.702751,0.0223706,0.0948085,-0.00106526,-0.31364,-1.54426,9.51695
1770178320863495669,0.711325,-0.0034393,0.0122811,-0.702747,0.0319579,0.056459,-0.0149137,-0.731429,-1.37906,9.41759
1770178320883574495,0.711298,-0.00267449,0.0123587,-0.702777,0.0841559,0.00106526,-0.00106526,-1.14323,-1.26414,9.39724
1770178320903653096,0.711311,-0.00174805,0.0117725,-0.702777,0.145941,-0.0287621,-0.0106526,-1.18274,-1.08816,9.4128
1770178320923725041,0.711315,-0.000558083,0.0105011,-0.702794,0.203465,-0.0372843,-0.00958738,-0.78051,-0.387861,9.45829
1770178320943801850,0.711295,0.000917726,0.00859799,-0.70284,0.251402,-0.0575243,-0.00958738,-0.0969652,0.195127,9.65701
1770178320963881156,0.711279,0.00265797,0.00650102,-0.702875,0.239684,-0.0213053,-0.0223706,0.590171,0.871489,9.60434
1770178320983952589,0.711202,0.00424277,0.00464369,-0.70296,0.204531,-0.0138484,-0.0170442,0.80924,0.885855,9.52294
1770178321004028470,0.71117,0.00567541,0.00339429,-0.702989,0.105461,0.0149137,0,0.906205,1.14922,9.48104
1770178321024117088,0.711168,0.00646563,0.00306618,-0.702985,-0.0245011,0.0372843,-0.00745685,0.707487,1.06063,9.54089
1770178321044202057,0.711157,0.00635835,0.00376426,-0.702994,-0.131028,0.0511327,-0.00852211,0.301669,0.664391,9.6642
1770178321064281586,0.711137,0.00568715,0.00506783,-0.703012,-0.172573,0.0298274,-0.0170442,-0.275333,0.162806,9.47026
1770178321084353019,0.71109,0.00466077,0.00657221,-0.703054,-0.214118,0.0106526,-0.0106526,-0.84635,-0.262165,9.47146
1770178321104438053,0.711125,0.00332691,0.0079692,-0.703012,-0.181095,-0.0436758,0.00319579,-1.2402,-0.627281,9.47864
1770178321124514094,0.711146,0.0018875,0.0090565,-0.702983,-0.175769,-0.0756338,-0.00958738,-1.04746,-0.640449,9.42956
1770178321144591832,0.711141,0.000317438,0.00973789,-0.702982,-0.12144,-0.105461,-0.00213053,-0.782904,-0.822408,9.48104
1770178321164892967,0.711152,-0.00108046,0.00999503,-0.702966,-0.1012,-0.105461,-0.00426106,-0.144849,-0.752976,9.46069
1770178321184970385,0.711125,-0.00210692,0.00989995,-0.702992,-0.0308927,-0.0639159,-0.00532632,0.377087,-0.821211,9.58399
1770178321205048122,0.711163,-0.00246534,0.00942296,-0.702959,0.0372843,-0.04048,-0.00213053,0.768539,-0.543484,9.4571
1770178321225127811,0.711154,-0.0023798,0.00880757,-0.702977,0.0436758,0.0106526,-0.0191748,0.962469,-0.385466,9.50618
1770178321245205741,0.711143,-0.00175715,0.0083452,-0.702996,0.0532632,0.0458064,-0.0127832,0.946907,-0.288501,9.52653
1770178321265283382,0.711104,-0.00097856,0.00825394,-0.703037,0.056459,0.0820253,-0.00958738,0.699107,-0.286107,9.5397
1770178321285362367,0.711104,5.34652e-05,0.00835279,-0.703037,0.0255663,0.0852211,0.00213053,-0.0167594,-0.137667,9.56005
1770178321305435464,0.71109,0.000922053,0.00851786,-0.703048,0.0511327,0.0671116,-0.0127832,-0.611719,-0.287304,9.55287
1770178321325506641,0.711083,0.00182782,0.00854652,-0.703054,0.0500674,0.0255663,-0.0138484,-0.910994,-0.0383072,9.39126
1770178321345581563,0.711055,0.00248645,0.00837971,-0.703082,0.0681769,0.02024,-0.00745685,-1.09654,-0.104148,9.52174
1770178321365658308,0.711061,0.00318655,0.00784332,-0.70308,0.0479369,-0.0532632,-0.00852211,-0.788889,0.124498,9.44153
1770178321385731373,0.711043,0.00340642,0.00728161,-0.703102,0.0436758,-0.0639159,-0.00532632,-0.378284,0.0814029,9.56124
1770178321405807350,0.711059,0.00324741,0.00678514,-0.703092,-0.04048,-0.0745685,-0.00319579,0.228646,0.399832,9.59596
1770178321425881823,0.711034,0.00255028,0.00655944,-0.703123,-0.0585895,-0.0553937,-0.00213053,0.519542,0.129287,9.48702
1770178321445968777,0.711021,0.0017211,0.00665692,-0.703138,-0.106526,-0.036219,-0.00213053,0.667982,0.0897826,9.43316
1770178321466050194,0.711031,0.000821226,0.00707504,-0.703124,-0.103331,-0.0287621,-0.00106526,0.622492,-0.159214,9.48104
1770178321486124412,0.711032,0.000275698,0.00765669,-0.703118,-0.0990696,0.0117179,-0.0117179,0.477643,-0.191536,9.47745
1770178321506201125,0.711027,-0.000146725,0.00840394,-0.703115,-0.0585895,0.015979,-0.0127832,0.144849,-0.469264,9.61751
1770178321526287790,0.710997,-0.00019684,0.00902363,-0.703137,-0.052198,0.0170442,-0.00639159,-0.137667,-0.572214,9.43435
1770178321546361368,0.710962,-7.78243e-05,0.00939133,-0.703168,-0.00745685,0.0383495,-0.00319579,-0.594959,-0.80924,9.48463
1770178321566437793,0.710975,0.00023074,0.00943069,-0.703155,0.0106526,-0.00958738,0,-0.591368,-0.661997,9.42118
1770178321586516618,0.710979,0.000386254,0.00923526,-0.703153,0.0276969,-0.00426106,0.00639159,-0.535104,-0.5782,9.58519
1770178321606596724,0.71098,0.000526276,0.00880324,-0.703157,0.0117179,-0.0372843,-0.00639159,-0.126893,-0.324414,9.4559
1770178321626672797,0.710957,0.000617546,0.00834712,-0.703186,0.0426106,-0.0308927,-0.00106526,0.0538695,-0.252588,9.56484
1770178321646744710,0.710962,0.00087339,0.00781529,-0.703187,0.0330232,-0.0245011,0.00639159,0.307655,0.0646434,9.4978
1770178321666823887,0.710957,0.00112427,0.00739053,-0.703196,0.0490022,0.00745685,0.00106526,0.386664,0.11133,9.54209
1770178321686910905,0.710958,0.00146533,0.00715066,-0.703196,-0.00639159,0.0181095,-0.00639159,0.416591,0.316035,9.44752
1770178321706984674,0.710921,0.00164228,0.00712896,-0.703234,-0.00426106,0.00958738,-0.00426106,0.217872,0.0730232,9.58399
1770178321727062315,0.710922,0.00178655,0.00733152,-0.70323,-0.0330232,0.00319579,-0.0117179,-0.0634463,-0.0143652,9.43794
1770178321747138581,0.71092,0.00173724,0.0077365,-0.703229,-0.0372843,0.0308927,-0.00106526,-0.371101,-0.265756,9.4978
1770178321767218590,0.710926,0.00171505,0.00804642,-0.703218,-0.0319579,-0.00106526,0.00319579,-0.438139,-0.243011,9.43196
1770178321787294695,0.710898,0.00149588,0.00827996,-0.703245,-0.0287621,-0.0276969,0.00319579,-0.453701,-0.444124,9.63666
1770178321807374096,0.710884,0.00131082,0.00828486,-0.703259,-0.0234358,-0.0436758,-0.00426106,-0.302867,-0.374693,9.49062
1770178321827451962,0.710868,0.000947639,0.00815048,-0.703277,-0.00106526,-0.0426106,-0.00213053,-0.134075,-0.442927,9.59357
1770178321847530435,0.710891,0.000721915,0.007913,-0.703257,-0.0117179,-0.0394148,-0.0127832,0.180762,-0.169988,9.48942
1770178321867609644,0.710875,0.000548989,0.00768731,-0.703276,0.0181095,-0.0127832,-0.00639159,0.415394,-0.27653,9.55167
1770178321887688406,0.710868,0.000584307,0.00755589,-0.703285,-0.0127832,-0.00745685,-0.00958738,0.499191,-0.149638,9.42956
1770178321907765343,0.710853,0.000696834,0.00761102,-0.703299,0.0106526,0.0106526,-0.00106526,0.307655,-0.225055,9.43914
1770178321927843432,0.710856,0.000972809,0.00766971,-0.703295,-0.0191748,0.0170442,-0.00639159,0.0957681,-0.0885855,9.44872
1770178321947920338,0.710824,0.0011942,0.00780382,-0.703325,0.00639159,0.0543285,-0.0106526,-0.134075,-0.162806,9.68933
1770178321967994203,0.710815,0.00145772,0.0079175,-0.703333,-0.00639159,0.00319579,-0.0117179,-0.250194,-0.0993594,9.60913
1770178321988072164,0.710793,0.00155269,0.00799365,-0.703354,0.00213053,-0.0117179,-0.0127832,-0.469264,-0.333991,9.47625
1770178322008152941,0.710808,0.00161839,0.00797437,-0.703339,-0.015979,-0.00852211,-0.00106526,-0.378284,-0.19393,9.43555
1770178322028225239,0.710776,0.00107919,0.00869744,-0.703364,-0.194943,0.0287621,0.0351537,0.205901,1.83875,9.37091
1770178322048303776,0.710924,-0.0017363,0.0106878,-0.703186,-0.140615,0.0308927,-0.0394148,-0.198719,-3.15436,1.60172
1770178322068383145,0.710842,0.00109913,0.0089126,-0.703295,0.467651,0.0745685,0.0308927,-1.30484,1.93332,7.57525
1770178322088464435,0.710741,0.0043269,0.00704093,-0.703406,0.265251,-0.00745685,0.0127832,-1.4054,-1.45328,10.489
1770178322108543900,0.71086,0.00522861,0.0060045,-0.703289,-0.0223706,-0.107592,0.00426106,-1.0319,0.390255,9.74679
1770178322128623397,0.710832,0.00379169,0.00562051,-0.703329,-0.175769,-0.187487,-0.0170442,0.278924,0.0694318,8.06367
1770178322148701775,0.710791,0.00145412,0.00575933,-0.703378,-0.136354,-0.172573,-0.015979,1.24498,-0.417788,9.58638
1770178322168779896,0.710763,-0.000241028,0.00599996,-0.703406,-0.156594,-0.036219,-0.00106526,2.13204,-0.497994,9.08719
1770178322188857537,0.710732,-0.00188207,0.00679835,-0.703428,-0.187487,0.0213053,-0.0138484,2.2697,0.148441,8.93756
1770178322208937579,0.710699,-0.0027359,0.00798206,-0.703445,-0.134223,0.0841559,0.00106526,1.51792,-0.250194,9.65342
1770178322229015892,0.710783,-0.00254023,0.00921136,-0.703346,0.015979,0.133158,-0.00745685,0.518345,-0.525527,9.87369
1770178322249093757,0.710753,-0.00146281,0.0100356,-0.703368,-0.0106526,0.109722,-0.0181095,-0.860716,-0.399832,9.85214
1770178322269172038,0.710752,-0.000698476,0.0108843,-0.703358,0.015979,0.052198,0.00852211,-1.86269,-0.627281,9.40442
1770178322289249840,0.710752,0.00042694,0.0108852,-0.703358,0.125701,0.00532632,-0.00106526,-1.99437,-0.604536,9.32182
1770178322309329561,0.710707,0.00163658,0.00999243,-0.703415,0.135289,-0.072438,-0.0127832,-1.60172,-0.426168,9.34696
1770178322329409474,0.710656,0.00219442,0.00880107,-0.703481,0.102265,-0.103331,-0.00745685,-0.72664,-0.250194,9.56244
1770178322349485676,0.710677,0.00192559,0.00772504,-0.703474,0.00958738,-0.133158,0.00106526,0.216675,-0.0814029,9.60673
1770178322369560469,0.710693,0.00126533,0.00695752,-0.703467,-0.0276969,-0.109722,-0.00745685,0.889446,0.257377,9.46787
1770178322389636894,0.710707,0.00030888,0.00639615,-0.703459,-0.0394148,-0.0468716,-0.00426106,1.18992,0.372298,9.41041
1770178322409720328,0.710702,-0.00013028,0.00619533,-0.703466,-0.0458064,0.0138484,-0.0138484,1.33836,0.440533,9.52413
1770178322429799569,0.710663,-0.000166805,0.00639698,-0.703504,-0.036219,0.0585895,0.00319579,1.14563,0.100556,9.52413
1770178322449876634,0.710652,0.000100546,0.00693696,-0.703509,-0.04048,0.0841559,0.00532632,0.691924,-0.0131681,9.55526
1770178322469956900,0.710657,0.000478063,0.00779047,-0.703495,-0.0468716,0.0809601,-0.00852211,-0.11133,-0.446519,9.52773
1770178322490043341,0.710628,0.000758063,0.00874534,-0.703513,-0.0553937,0.0596548,0.00319579,-0.878672,-0.513556,9.45111
1770178322510122550,0.710608,0.000915368,0.0094451,-0.703524,-0.0234358,-0.015979,-0.0149137,-1.26653,-0.718261,9.51815
1770178322530201312,0.71059,0.000918758,0.00979126,-0.703537,-0.00319579,-0.036219,-0.0138484,-1.36469,-0.781707,9.41041
1770178322550275817,0.710596,0.000821118,0.00966353,-0.703534,0.0191748,-0.0852211,0.00213053,-1.07021,-0.618901,9.54449
1770178322570354418,0.710587,0.000602722,0.0090942,-0.70355,0.0255663,-0.0841559,-0.00958738,-0.377087,-0.348356,9.5792
1770178322590432924,0.710588,0.000264868,0.00827574,-0.703559,0.0298274,-0.0841559,-0.0127832,0.403423,-0.105345,9.56124
1770178322610510405,0.71055,-9.66746e-05,0.00747717,-0.703607,0.0276969,-0.0788296,-0.0170442,0.910994,0.023942,9.53132
1770178322630592302,0.710545,-0.000279455,0.00694554,-0.703618,0.0117179,-0.0479369,0.00532632,1.01514,0.152032,9.47864
1770178322650666487,0.71056,-0.000237809,0.00678506,-0.703604,-0.00532632,0.0234358,0.00852211,0.984017,0.209493,9.47864
1770178322670741985,0.710561,-1.43628e-05,0.00699979,-0.703601,-0.0287621,0.0458064,-0.0149137,0.767342,0.189142,9.56244
1770178322690821450,0.710532,0.000243918,0.00753963,-0.703624,-0.0394148,0.0862864,-0.00106526,0.216675,-0.183156,9.51935
1770178322710899923,0.710497,0.00055269,0.00821147,-0.703653,-0.0372843,0.0532632,-0.00958738,-0.398635,-0.351948,9.54927
1770178322730977213,0.710492,0.000854679,0.00880897,-0.70365,-0.015979,0.0330232,-0.00319579,-0.876278,-0.553061,9.4559
1770178322751053606,0.710505,0.0010972,0.009149,-0.703632,-0.00213053,-0.0149137,-0.00532632,-1.14323,-0.526724,9.40802
1770178322771133423,0.710506,0.00105583,0.00922298,-0.70363,-0.00852211,-0.0500674,-0.0149137,-1.04866,-0.484826,9.48224
1770178322791212953,0.710499,0.000805535,0.00900431,-0.703641,-0.00639159,-0.0798948,-0.00426106,-0.594959,-0.427365,9.5385
1770178322811286370,0.710493,0.000392403,0.00856918,-0.703652,0.0149137,-0.092678,-0.00213053,-0.0143652,-0.354342,9.52533
1770178322831365387,0.710503,0.000105181,0.00801381,-0.703648,0.0106526,-0.0468716,-0.00106526,0.470461,-0.11971,9.56124
1770178322851444180,0.710509,-0.000111643,0.00744836,-0.703649,0.00745685,-0.036219,-0.00745685,0.784101,0.0550666,9.50019
1770178322871523486,0.710508,-0.00017395,0.00721688,-0.703652,-0.02024,0.00958738,-0.00213053,0.876278,0.143652,9.43316
1770178322891602695,0.710488,-0.000167218,0.00734721,-0.703671,-0.0266316,0.036219,-0.0127832,0.690727,-0.0969652,9.53251
1770178322911679088,0.71049,2.55149e-05,0.00776411,-0.703665,-0.0287621,0.0617853,-0.015979,0.246603,-0.0969652,9.53012
1770178322931755546,0.710482,0.000297658,0.00824405,-0.703667,-0.00426106,0.0447411,-0.00852211,-0.130484,-0.229843,9.51815
1770178322951835171,0.710494,0.000688517,0.00875317,-0.703649,-0.0319579,0.0298274,-0.00532632,-0.673968,-0.355539,9.53491
1770178322971910284,0.710452,0.000896454,0.00902844,-0.703687,0,-0.00106526,-0.00958738,-0.86311,-0.614113,9.40802
1770178322991989237,0.710469,0.00093019,0.00904698,-0.703669,0.00426106,-0.036219,0.00426106,-0.799663,-0.463278,9.43675
1770178323012069119,0.710482,0.000813572,0.00885199,-0.703659,0.00639159,-0.0543285,0.00213053,-0.496797,-0.379481,9.42597
1770178323032146952,0.710482,0.000636603,0.00848736,-0.703664,0.00532632,-0.0607201,-0.00213053,-0.116119,-0.134075,9.65582
1770178323052229586,0.710477,0.000377715,0.0080928,-0.703674,-0.00958738,-0.0468716,0.00745685,0.392649,-0.0538695,9.63906
1770178323072317467,0.710458,0.000185756,0.00778018,-0.703697,-0.00426106,-0.0308927,-0.0181095,0.575805,0.0586579,9.53611
1770178323092399173,0.710433,1.43853e-05,0.00761233,-0.703723,-0.00426106,-0.0138484,0.00532632,0.593762,0.0059855,9.54688
1770178323112475054,0.71046,6.33645e-06,0.00766539,-0.703696,-0.0234358,0.015979,-0.0138484,0.512359,0.0011971,9.4978
1770178323132555991,0.710449,7.1259e-05,0.0079733,-0.703704,-0.00745685,0.0287621,-0.00639159,0.271742,-0.159214,9.53371
1770178323152632896,0.710419,0.000250625,0.0083878,-0.703729,-0.0298274,0.0149137,-0.00958738,-0.0921768,-0.31364,9.5397
1770178323172707114,0.710414,0.000435325,0.00877675,-0.703729,-0.0138484,0.0213053,-0.00852211,-0.453701,-0.563834,9.46189
1770178323192787123,0.710415,0.0006444,0.00896663,-0.703726,0,-0.00426106,-0.0106526,-0.695516,-0.403423,9.52054
1770178323212865948,0.710417,0.000726054,0.00890722,-0.703724,0,-0.0330232,0.00532632,-0.635661,-0.471658,9.45949
1770178323232941798,0.710395,0.000673725,0.00870329,-0.703749,-0.00426106,-0.0617853,-0.015979,-0.28491,-0.305261,9.4571
1770178323253018511,0.710395,0.000496385,0.00843713,-0.703752,0.00958738,-0.0532632,-0.00532632,-0.0287304,-0.29329,9.51216
1770178323273101208,0.710402,0.000415981,0.00813548,-0.703749,0.00106526,-0.0330232,-0.0106526,0.246603,-0.0371101,9.50977
1770178323293186274,0.710407,0.000325903,0.00785716,-0.703747,-0.00852211,-0.0340885,-0.00639159,0.432153,-0.0179565,9.57441
1770178323313261387,0.710394,0.000297496,0.00769627,-0.703762,-0.0117179,-0.0106526,-0.0127832,0.454898,0.071826,9.51456
1770178323333340308,0.710361,0.000227783,0.00779479,-0.703794,-0.0223706,0.0245011,-0.0170442,0.414197,-0.035913,9.50259
1770178323353414077,0.71034,0.000253189,0.0080374,-0.703813,-0.0287621,0.00639159,-0.00426106,0.11133,-0.268151,9.58279
1770178323373491207,0.710342,0.000390164,0.00835249,-0.703807,-0.0213053,0.036219,0.00319579,-0.241814,-0.292093,9.4571
1770178323393575120,0.710337,0.000570496,0.00862316,-0.703808,-0.0191748,0.00639159,-0.00639159,-0.365116,-0.361524,9.50259
1770178323413654138,0.710307,0.000603723,0.00879173,-0.703837,-0.0149137,-0.0138484,-0.0213053,-0.428562,-0.514753,9.40203
1770178323433731427,0.710279,0.00055055,0.008771,-0.703866,-0.0191748,-0.0245011,-0.00958738,-0.373495,-0.469264,9.56723
1770178323453805100,0.710286,0.000435934,0.00861796,-0.703861,-0.00106526,-0.0607201,-0.00532632,-0.259771,-0.350751,9.56962
1770178323473881909,0.710274,0.000363923,0.00835932,-0.703876,0.00639159,-0.0319579,-0.00745685,-0.0023942,-0.179565,9.52773
1770178323493958783,0.710236,0.000280885,0.00810419,-0.703917,0.0170442,-0.0308927,-0.00319579,0.253785,-0.0826,9.54568
1770178323514036584,0.710225,0.000241338,0.00795794,-0.70393,-0.00958738,0,-0.00852211,0.432153,-0.0550666,9.50618
1770178323534112849,0.710193,0.000206263,0.00795779,-0.703962,-0.00213053,0.00213053,-0.00639159,0.320823,-0.195127,9.44632
1770178323554191034,0.71018,0.000289423,0.0080054,-0.703974,-0.0149137,0.0138484,-0.00958738,0.225055,-0.0371101,9.50977
1770178323574267428,0.710159,0.000381368,0.0081366,-0.703994,-0.00745685,0.02024,0.00426106,-0.0143652,-0.196325,9.56962
1770178323594353805,0.710147,0.000480825,0.00835014,-0.704004,-0.015979,0.0117179,-0.0181095,-0.167594,-0.219069,9.5816
1770178323614434039,0.710122,0.000514448,0.0085753,-0.704026,-0.0266316,-0.0106526,0.00532632,-0.318429,-0.399832,9.51935
1770178323634512288,0.710126,0.000559622,0.00865147,-0.704022,-0.00852211,-0.0266316,-0.00426106,-0.42138,-0.323217,9.56364
1770178323654598313,0.710127,0.000531104,0.00860053,-0.704021,0.00532632,-0.0468716,-0.00426106,-0.295684,-0.333991,9.4954
1770178323674677907,0.710129,0.000469286,0.00840663,-0.704021,-0.0138484,-0.0340885,-0.00958738,-0.100556,-0.118513,9.59955
1770178323694756956,0.710106,0.000285987,0.0082101,-0.704047,-0.0276969,-0.0191748,-0.00852211,0.148441,-0.238223,9.46189
1770178323714834277,0.710096,0.000179004,0.00806851,-0.704059,-0.00532632,-0.0234358,-0.0181095,0.23104,-0.171185,9.47026
1770178323734907790,0.710083,0.000167158,0.00802158,-0.704072,-0.00213053,0.0213053,-0.00319579,0.263362,-0.117316,9.4571
1770178323754981784,0.710085,0.000250377,0.00804797,-0.70407,-0.00958738,-0.00319579,-0.00213053,0.199916,-0.108936,9.42358
1770178323775059905,0.710083,0.000276578,0.00815391,-0.704071,-0.00106526,0.00106526,-0.0138484,0.15682,-0.205901,9.59117
1770178323795142826,0.710057,0.00033002,0.00834474,-0.704095,-0.0127832,0.0245011,-0.00958738,-0.0826,-0.295684,9.51336
1770178323815220916,0.710061,0.000378621,0.00848522,-0.704089,0,0.00319579,0.00426106,-0.262165,-0.428562,9.47386
1770178323835294141,0.710068,0.000527814,0.00852193,-0.704081,0.00106526,0.00106526,-0.00852211,-0.325611,-0.241814,9.52533
1770178323855380710,0.710055,0.000590756,0.00854263,-0.704094,-0.00639159,-0.0106526,0.00106526,-0.23104,-0.277727,9.4978
1770178323875455824,0.710041,0.000546969,0.00847517,-0.70411,-0.0138484,-0.0319579,-0.015979,-0.153229,-0.213084,9.4547
1770178323895532057,0.710046,0.000433302,0.00838057,-0.704105,0.00639159,-0.0245011,-0.00319579,0.0251391,-0.326809,9.50737
1770178323915607202,0.710055,0.000368181,0.00817411,-0.704098,-0.00532632,-0.0319579,-0.00958738,0.0981623,-0.113725,9.55765
1770178323935680779,0.710055,0.000312285,0.00805423,-0.7041,-0.0106526,-0.00106526,-0.00532632,0.204704,-0.0742203,9.54927
1770178323955752436,0.710039,0.000290533,0.00801557,-0.704117,-0.036219,-0.00532632,-0.00852211,0.191536,-0.0969652,9.54688
1770178323975830270,0.710014,0.00024368,0.00812775,-0.704141,-0.0117179,-0.00319579,-0.0106526,0.120907,-0.228646,9.48343
1770178323995910759,0.710004,0.000313988,0.00827309,-0.704149,-0.00639159,0.00639159,-0.00639159,-0.047884,-0.245406,9.5385
1770178324015989456,0.710009,0.000390957,0.00834574,-0.704143,-0.00319579,0.00426106,0.00106526,-0.174777,-0.271742,9.55406
1770178324036067642,0.709986,0.000442939,0.00839499,-0.704166,-0.0170442,-0.00213053,-0.0117179,-0.191536,-0.23104,9.4966
1770178324056143907,0.709966,0.000410669,0.00841245,-0.704185,-0.00639159,0.00852211,0.00319579,-0.174777,-0.413,9.40802
1770178324076221740,0.709969,0.000390376,0.0083407,-0.704183,-0.00639159,-0.015979,-0.00426106,-0.147243,-0.354342,9.48583
1770178324096293525,0.709978,0.000398487,0.00827145,-0.704175,0,0.00319579,0.00532632,-0.059855,-0.259771,9.46787
1770178324116370527,0.709966,0.000421313,0.00809804,-0.704189,0.0127832,-0.0234358,0.00106526,0.0814029,-0.11133,9.49421
1770178324136446088,0.709953,0.000379444,0.00802184,-0.704204,0.00745685,-0.0127832,-0.015979,0.137667,-0.11971,9.57082
1770178324156546450,0.709942,0.000333751,0.00794203,-0.704215,-0.0138484,-0.0170442,-0.0127832,0.172383,-0.158017,9.59716
1770178324176622651,0.709917,0.000279098,0.00797011,-0.70424,0.00213053,-0.0191748,-0.0127832,0.0670376,-0.268151,9.5792
1770178324196706949,0.709916,0.000357577,0.00806061,-0.70424,-0.00745685,0.0106526,-0.015979,-0.0107739,-0.158017,9.51336
1770178324216785678,0.709906,0.000400504,0.0081829,-0.704249,-0.00852211,-0.00106526,-0.00532632,-0.0562637,-0.257377,9.53371
1770178324236861687,0.709879,0.000430739,0.00832082,-0.704274,-0.0223706,-0.0213053,-0.0298274,-0.117316,-0.227449,9.4559
1770178324256939584,0.709878,0.000384192,0.00839172,-0.704275,-0.00426106,-0.0245011,0.00426106,-0.172383,-0.317232,9.56005
1770178324277016426,0.709875,0.000373224,0.00829378,-0.704279,0.00532632,-0.0287621,-0.00852211,-0.171185,-0.253785,9.52653
1770178324297091763,0.709879,0.000341296,0.00819969,-0.704275,-0.00639159,-0.00852211,-0.00319579,-0.00957681,-0.223858,9.46428
1770178324317167580,0.709882,0.000358217,0.00811716,-0.704274,-0.00106526,-0.02024,-0.00319579,0.100556,-0.199916,9.50857
1770178324337246085,0.709861,0.00031245,0.00810832,-0.704296,-0.00958738,-0.0127832,0,0.158017,-0.265756,9.52174
1770178324357323567,0.709861,0.000307543,0.00806289,-0.704296,-0.00106526,-0.00852211,-0.00213053,0.0957681,-0.225055,9.47505
1770178324377399544,0.709855,0.000331215,0.0080617,-0.704302,-0.00532632,-0.00745685,0.00106526,0.071826,-0.177171,9.53132
1770178324397485921,0.709855,0.000372801,0.0080628,-0.704301,-0.0127832,0.00213053,-0.0117179,-0.0131681,-0.0897826,9.58279
1770178324417564011,0.709834,0.00037089,0.00815516,-0.704321,-0.0127832,0,0.00106526,-0.0287304,-0.353145,9.47026
1770178324437638036,0.709811,0.000415456,0.00827335,-0.704343,-0.0117179,-0.00958738,0,-0.172383,-0.331597,9.46428
1770178324457715741,0.709815,0.000422534,0.00830327,-0.704339,-0.00958738,-0.0266316,-0.00745685,-0.179565,-0.308852,9.54329
1770178324477794151,0.709814,0.000455028,0.00823692,-0.70434,-0.00532632,-0.0330232,-0.00958738,-0.11133,-0.114922,9.52773
1770178324497873104,0.709803,0.000409298,0.00817818,-0.704353,-0.00426106,-0.0181095,-0.00852211,0.0430956,-0.241814,9.64863
1770178324517943609,0.709784,0.000367862,0.00814442,-0.704372,-0.00213053,-0.0117179,-0.00532632,-0.0167594,-0.168791,9.4954
1770178324538016258,0.709773,0.000335049,0.00811779,-0.704384,0.00958738,-0.0138484,0.00532632,0.0897826,-0.271742,9.52054
1770178324558090219,0.709775,0.000379078,0.00807347,-0.704382,-0.00745685,-0.0234358,-0.0117179,0.0371101,-0.108936,9.50139
1770178324578167925,0.709756,0.000392641,0.00804894,-0.704401,-0.0117179,0,-0.00106526,0.100556,-0.263362,9.4152
1770178324598247070,0.709746,0.000403122,0.00805485,-0.704412,-0.0340885,-0.0106526,-0.0191748,0.0407014,-0.138864,9.51695
1770178324618326535,0.709745,0.000370755,0.00815182,-0.704412,-0.00958738,-0.00852211,-0.00639159,-0.0179565,-0.258574,9.59716
1770178324638405201,0.709749,0.000469815,0.00820517,-0.704407,-0.0223706,-0.00106526,-0.00426106,-0.118513,-0.235829,9.57561
1770178324658483578,0.709767,0.000541476,0.00829581,-0.704387,-0.0181095,0.00213053,0.00106526,-0.148441,-0.278924,9.53251
1770178324678562467,0.709768,0.000564102,0.00822295,-0.704388,-0.0117179,-0.0245011,-0.00958738,-0.0730232,-0.270545,9.46907
1770178324698646413,0.709754,0.00045099,0.00819142,-0.704401,-0.00639159,-0.0330232,-0.00532632,-0.0011971,-0.343568,9.46907
1770178324718718934,0.709755,0.000440624,0.00816494,-0.704402,0.00639159,-0.0127832,-0.00319579,-0.059855,-0.220267,9.57202
1770178324738791967,0.709768,0.000448591,0.00814338,-0.704388,0.00745685,-0.0149137,-0.00639159,0.0191536,-0.207098,9.51097
1770178324758879433,0.709759,0.000468697,0.00810189,-0.704398,-0.0127832,-0.0106526,-0.0170442,0.0275333,-0.0802058,9.50618
1770178324778956594,0.709722,0.000402935,0.00813956,-0.704435,-0.015979,0.00852211,-0.00319579,0.0706289,-0.120907,9.53012
1770178324799039771,0.70973,0.000358778,0.00817226,-0.704426,-0.0106526,-0.00745685,-0.00532632,0.0155623,-0.238223,9.51575
1770178324819117381,0.709715,0.000359328,0.00818714,-0.704441,0.00213053,-0.00958738,-0.00213053,-0.00837971,-0.292093,9.54329
1770178324839194638,0.709725,0.000453682,0.00817247,-0.704431,-0.00106526,-0.00745685,-0.0149137,-0.0682347,-0.220267,9.50737
1770178324859271319,0.709697,0.000476022,0.00825326,-0.704459,-0.00639159,-0.0138484,-0.00639159,-0.0634463,-0.298078,9.42358
1770178324879352801,0.709686,0.000455427,0.00826962,-0.704469,-0.0149137,-0.02024,-0.00852211,-0.117316,-0.161609,9.55047
1770178324899436874,0.709671,0.000408771,0.00822359,-0.704485,-0.00639159,-0.00745685,0.00106526,-0.0802058,-0.215478,9.58279
1770178324919513811,0.709671,0.00045606,0.00811969,-0.704486,-0.00958738,-0.0255663,-0.0181095,-0.0347159,-0.198719,9.47864
1770178324939590429,0.709649,0.00044567,0.00802302,-0.704509,0,-0.0149137,-0.0127832,0.0287304,-0.11133,9.49181
1770178324959666342,0.709631,0.000428432,0.00801731,-0.704528,-0.0191748,-0.0170442,-0.0138484,0.0921768,-0.116119,9.50019
1770178324979743695,0.709623,0.000407551,0.008092,-0.704535,-0.0127832,0,-0.00319579,0.0395043,-0.266953,9.52773
1770178324999826552,0.709628,0.000459928,0.00809976,-0.70453,-0.00639159,-0.00213053,-0.0117179,-0.0203507,-0.192733,9.51575
1770178325019905570,0.709616,0.000479195,0.00807899,-0.704542,-0.00745685,-0.0298274,-0.00745685,-0.0574608,-0.244209,9.53611
1770178325039982635,0.709596,0.000489029,0.00806592,-0.704562,-0.0255663,-0.0266316,-0.0117179,0.0107739,-0.226252,9.44034
1770178325060059892,0.70958,0.000416086,0.0081305,-0.704578,-0.00745685,-0.00639159,-0.0138484,-0.0730232,-0.331597,9.47984
1770178325080137950,0.709573,0.000445635,0.00818448,-0.704585,0.00319579,-0.00213053,-0.015979,-0.140061,-0.195127,9.46667
1770178325100219239,0.709572,0.000473563,0.00818322,-0.704586,0.00958738,-0.00532632,-0.00745685,-0.0802058,-0.259771,9.46308
1770178325120301232,0.70956,0.000499416,0.00811891,-0.704598,-0.02024,-0.02024,-0.00745685,-0.0430956,-0.102951,9.59716
1770178325140373946,0.709542,0.000411655,0.00808514,-0.704617,-0.00426106,-0.0149137,-0.015979,0.00718261,-0.153229,9.50019
1770178325160447363,0.709537,0.000371161,0.00805696,-0.704622,-0.0223706,-0.0117179,-0.0127832,0.0191536,-0.203507,9.58758
1770178325180523660,0.709545,0.000406466,0.00805719,-0.704614,0.0117179,-0.00639159,0.00106526,0.0682347,-0.232238,9.47984
1770178325200606677,0.709533,0.000498358,0.00807235,-0.704626,0,-0.00852211,-0.00852211,-0.0287304,-0.209493,9.4954
1770178325220684799,0.709508,0.000512852,0.00814365,-0.70465,-0.00852211,-0.0223706,-0.00958738,0.0586579,-0.240617,9.46428
1770178325240760584,0.709507,0.000474946,0.00820323,-0.70465,-0.0170442,-0.0117179,-0.00426106,-0.0179565,-0.268151,9.47266
1770178325260844561,0.709494,0.000430262,0.00821823,-0.704664,-0.00213053,-0.0106526,-0.00958738,-0.0742203,-0.283713,9.56124
1770178325280921947,0.709502,0.000464837,0.00816277,-0.704656,-0.00426106,-0.00639159,-0.00426106,-0.120907,-0.172383,9.57681
1770178325300997188,0.70951,0.000460022,0.00811573,-0.704648,-0.00639159,-0.0330232,0.00426106,-0.0395043,-0.175974,9.61392
1770178325321074765,0.709491,0.00045934,0.00812478,-0.704667,-0.00745685,-0.0266316,-0.00745685,-0.011971,-0.17358,9.51935
1770178325341160343,0.709462,0.000384064,0.00815692,-0.704696,0.00532632,-0.0149137,0,0.059855,-0.318429,9.57441
1770178325361237888,0.709475,0.000393444,0.00811882,-0.704683,-0.00106526,-0.0308927,-0.00639159,-0.0047884,-0.237026,9.52653
1770178325381314921,0.709478,0.000442042,0.00805877,-0.704682,-0.0106526,-0.0138484,-0.0170442,0.0251391,-0.217872,9.53012
1770178325401396595,0.709474,0.000439732,0.00802804,-0.704685,-0.0117179,-0.00745685,-0.00639159,0.0191536,-0.199916,9.54209
1770178325421474876,0.709443,0.000375226,0.00810969,-0.704717,-0.0127832,-0.015979,-0.00426106,-0.00718261,-0.325611,9.55646
1770178325441559334,0.709423,0.000407422,0.00817492,-0.704736,-0.0191748,-0.00745685,-0.00745685,-0.108936,-0.238223,9.50498
1770178325461636079,0.709418,0.000438557,0.00814844,-0.704741,-0.00532632,-0.00319579,-0.00958738,-0.0897826,-0.216675,9.53611
1770178325481718296,0.709405,0.000457468,0.00803358,-0.704755,0.00106526,-0.00532632,-0.00639159,-0.0754174,-0.130484,9.51815
1770178325501803234,0.709388,0.00040927,0.00806636,-0.704772,-0.0170442,0.0127832,-0.00106526,0.0035913,-0.220267,9.44991
1770178325521881547,0.70937,0.000394212,0.00811006,-0.704789,-0.0234358,-0.015979,-0.0117179,0.0191536,-0.264559,9.56603
1770178325541966741,0.709371,0.000380929,0.00810418,-0.704789,0.00106526,-0.0234358,0.00106526,0.0203507,-0.250194,9.51097
1770178325562044382,0.709368,0.000433163,0.00804726,-0.704792,-0.00319579,-0.0234358,-0.0127832,-0.0347159,-0.166397,9.55646
1770178325582120039,0.709336,0.000403778,0.0080362,-0.704825,0,-0.0245011,-0.00852211,0.0861913,-0.238223,9.54329
1770178325602202449,0.709325,0.000362686,0.00804615,-0.704836,-0.00532632,-0.015979,-0.0106526,0.0179565,-0.280122,9.5804
1770178325622287450,0.709333,0.000326523,0.00811374,-0.704827,-0.02024,0.00852211,0.00106526,-0.125696,-0.301669,9.55526
1770178325642374948,0.70934,0.000408243,0.00814441,-0.704819,-0.0127832,-0.00745685,-0.00213053,-0.0802058,-0.209493,9.53012
1770178325662453485,0.709326,0.000429591,0.00817616,-0.704833,-0.0266316,-0.0106526,0.00106526,-0.0646434,-0.209493,9.51216
1770178325682528374,0.709322,0.000411577,0.0081938,-0.704837,-0.0191748,-0.0106526,-0.00532632,-0.0610521,-0.150835,9.48463
1770178325702612832,0.709294,0.000335107,0.00818807,-0.704865,-0.00639159,-0.0191748,-0.00639159,-0.0466869,-0.365116,9.48942
1770178325722691849,0.709302,0.000357442,0.0081157,-0.704858,-0.00106526,-0.0181095,-0.00745685,-0.0407014,-0.198719,9.47745
1770178325742769426,0.709294,0.000388057,0.00805347,-0.704866,0.00319579,-0.0149137,-0.00532632,0.0035913,-0.254982,9.50857
1770178325762846875,0.709268,0.000426029,0.00804505,-0.704893,-0.0191748,-0.00213053,-0.00532632,0.0454898,-0.154426,9.50498
1770178325782922693,0.709237,0.000384726,0.00810693,-0.704923,-0.0191748,-0.015979,-0.0117179,0.0227449,-0.302867,9.54089
1770178325803005006,0.709229,0.000399262,0.00812751,-0.704931,-0.0127832,0.00106526,0.00319579,-0.0610521,-0.159214,9.57681
1770178325823080023,0.709234,0.000389737,0.00812271,-0.704926,0.00639159,-0.0191748,-0.0117179,-0.0993594,-0.2478,9.47026
1770178325843164833,0.709249,0.000431043,0.00809536,-0.704911,-0.0191748,-0.0106526,-0.00639159,-0.0574608,-0.144849,9.46667
1770178325863243338,0.709229,0.000359343,0.00811058,-0.704931,-0.0266316,0.00639159,0.00319579,-0.0263362,-0.226252,9.47026
1770178325883318675,0.709208,0.000325242,0.0081262,-0.704953,-0.0234358,-0.0191748,-0.00639159,-0.0670376,-0.288501,9.52773
1770178325903399165,0.709208,0.000333736,0.00816727,-0.704952,0.00639159,-0.0191748,0.00213053,0.00837971,-0.294487,9.57561
1770178325923477670,0.709208,0.000407888,0.00813494,-0.704952,-0.00639159,0.0106526,-0.00532632,-0.0418985,-0.187945,9.54927
1770178325943561584,0.709207,0.000389526,0.00808431,-0.704954,0.00745685,-0.0127832,0.00213053,0.118513,-0.23104,9.56484
1770178325963638681,0.709192,0.000339035,0.00808611,-0.704969,-0.0127832,-0.0213053,-0.00639159,-0.0323217,-0.288501,9.52054
1770178325983717026,0.709162,0.000285144,0.00812907,-0.704998,-0.0276969,0.00852211,-0.00213053,-0.0155623,-0.258574,9.47266
1770178326003797420,0.709187,0.000387272,0.00811421,-0.704974,0.0138484,-0.02024,-0.00745685,-0.0826,-0.185551,9.52054
1770178326023873973,0.70917,0.000443433,0.00813778,-0.704991,0.00745685,-0.00745685,-0.00852211,-0.0215478,-0.17358,9.54089
1770178326043957758,0.709161,0.000460174,0.00817325,-0.705,-0.0191748,-0.00426106,-0.0106526,-0.0622492,-0.17358,9.52174
1770178326064035176,0.709147,0.000347751,0.00820983,-0.705013,-0.0117179,-0.0213053,-0.00852211,-0.0514753,-0.342371,9.55287
1770178326084111697,0.709151,0.000344837,0.00818323,-0.705009,-0.0138484,-0.0308927,-0.00745685,-0.0730232,-0.197522,9.4571
1770178326104191546,0.709141,0.000365565,0.0081281,-0.705019,0.00532632,-0.015979,0.0106526,-0.0574608,-0.23942,9.47864
1770178326124267811,0.709136,0.000409185,0.00811515,-0.705024,-0.0170442,0.00639159,-0.00532632,0.0371101,-0.146046,9.49421
1770178326144352173,0.709131,0.000358202,0.00818832,-0.705029,-0.0117179,-0.00639159,0.00532632,0.0550666,-0.3304,9.54927
1770178326164428950,0.709138,0.000371657,0.00827119,-0.705021,-0.00532632,-0.00426106,-0.0127832,-0.0442927,-0.174777,9.54209
1770178326184505087,0.709133,0.000366144,0.00823756,-0.705027,0.00213053,-0.00958738,-0.00852211,-0.0347159,-0.246603,9.64504
1770178326204610857,0.709118,0.00041554,0.00817454,-0.705042,-0.0138484,-0.015979,-0.0138484,-0.0203507,-0.116119,9.47026
1770178326224684819,0.7091,0.000381499,0.00820307,-0.70506,-0.0138484,-0.00213053,-0.0106526,-0.0526724,-0.138864,9.63068
1770178326244762396,0.70907,0.00035006,0.00824401,-0.70509,-0.00958738,-0.02024,-0.0127832,-0.0526724,-0.195127,9.60913
1770178326264840357,0.70907,0.000378481,0.00828388,-0.705089,-0.0127832,-0.00426106,-0.00106526,-0.0395043,-0.281319,9.57322
1770178326284918159,0.70906,0.000455741,0.00825434,-0.7051,-0.00745685,-0.00213053,-0.00745685,-0.0454898,-0.148441,9.48343
1770178326304993528,0.709059,0.000406376,0.00820687,-0.705102,-0.0127832,-0.015979,-0.00213053,-0.00837971,-0.264559,9.4571
1770178326325069313,0.709042,0.000341622,0.00819031,-0.705119,-0.0223706,-0.0149137,-0.00213053,0.047884,-0.259771,9.4966
1770178326345158699,0.709039,0.000300549,0.00822523,-0.705121,0.0117179,-0.0223706,-0.00426106,-0.0442927,-0.35913,9.39844
1770178326365236308,0.70906,0.000364174,0.00823072,-0.7051,-0.00852211,-0.0191748,-0.00319579,-0.0826,-0.204704,9.54568
1770178326385313341,0.709035,0.000406702,0.00824818,-0.705125,-0.0234358,0.00852211,0.00532632,-0.011971,-0.150835,9.5385
1770178326405389894,0.709025,0.000395379,0.00827888,-0.705135,-0.0287621,-0.00106526,-0.00958738,0.0191536,-0.136469,9.4978
1770178326425466064,0.708996,0.00032536,0.00829894,-0.705163,-0.00639159,-0.0245011,-0.015979,-0.0347159,-0.391452,9.51575
1770178326445541593,0.709008,0.000321321,0.00829229,-0.705151,-0.0117179,0.00106526,-0.00958738,-0.0526724,-0.164003,9.53012
1770178326465619010,0.709012,0.000365428,0.00825324,-0.705148,0.00106526,-0.00426106,-0.00639159,-0.0059855,-0.250194,9.60673
1770178326485696395,0.708997,0.000414684,0.0083098,-0.705162,-0.0213053,-0.00106526,-0.00852211,0.0586579,-0.199916,9.48942
1770178326505770709,0.708974,0.000364851,0.00833494,-0.705185,-0.0117179,-0.00745685,0.00319579,-0.0023942,-0.336385,9.47625
1770178326525848062,0.708955,0.000354679,0.00833057,-0.705204,-0.015979,-0.0127832,-0.00213053,-0.0466869,-0.325611,9.48104
1770178326545936744,0.708963,0.00036719,0.0082979,-0.705197,0.00426106,-0.0181095,-0.00319579,-0.0742203,-0.234632,9.54209
1770178326566014257,0.708955,0.000426321,0.00824256,-0.705205,-0.0117179,-0.00639159,-0.00852211,0.0167594,-0.094571,9.62589
1770178326586091834,0.708936,0.000383565,0.00829194,-0.705224,-0.0181095,-0.00106526,-0.0106526,-0.00718261,-0.146046,9.55167
1770178326606168675,0.708909,0.00036448,0.00836304,-0.70525,-0.0245011,0.00852211,-0.00958738,-0.0311246,-0.198719,9.55526
1770178326626249453,0.708907,0.00036519,0.00840847,-0.705252,0.00532632,-0.0191748,-0.00532632,-0.0215478,-0.319626,9.4978
1770178326646327094,0.708895,0.000397919,0.00832706,-0.705265,0.00106526,-0.00532632,-0.0117179,-0.0706289,-0.185551,9.54568
1770178326666404351,0.708904,0.000375847,0.00828433,-0.705256,-0.0255663,-0.0234358,0.00213053,0.0466869,-0.264559,9.43555
1770178326686482153,0.708884,0.00033409,0.0083221,-0.705276,0,-0.0191748,-0.0149137,0.011971,-0.289698,9.47625
1770178326706559474,0.708867,0.000288727,0.00835778,-0.705292,-0.00745685,-0.0106526,-0.00745685,-0.0442927,-0.344765,9.5397
1770178326726638075,0.708857,0.000376902,0.00833777,-0.705303,0.00532632,-0.0213053,-0.0117179,-0.0909797,-0.179565,9.51935
1770178326746715108,0.708838,0.000397398,0.00831082,-0.705322,0.00532632,0.00958738,-0.00745685,-0.0131681,-0.185551,9.44872
1770178326766792366,0.708816,0.000343232,0.008246,-0.705345,-0.0213053,-0.0149137,-0.0223706,0.0059855,-0.136469,9.61511
1770178326786868439,0.708795,0.000270539,0.00827262,-0.705366,-0.0106526,-0.0223706,-0.00639159,-0.0107739,-0.237026,9.56962
1770178326806961377,0.708799,0.000324596,0.00825629,-0.705362,-0.00426106,-0.0149137,-0.00532632,-0.0706289,-0.259771,9.51456
1770178326827032906,0.708784,0.00038357,0.00827871,-0.705377,0,-0.0308927,0.00106526,-0.0275333,-0.199916,9.45949
1770178326847108179,0.708775,0.000438227,0.0082434,-0.705386,-0.0223706,-0.00639159,-0.00319579,-0.0047884,-0.181959,9.4966
1770178326867184828,0.708743,0.00039281,0.00824768,-0.705418,-0.00958738,-0.0245011,-0.015979,0.0107739,-0.329203,9.57322
1770178326887262534,0.708741,0.000388266,0.00825144,-0.70542,-0.0181095,-0.00106526,-0.00213053,-0.0383072,-0.254982,9.52174
1770178326907341007,0.708743,0.000366152,0.00824225,-0.705419,-0.00639159,-0.00426106,-0.00958738,-0.0694318,-0.271742,9.52054
1770178326927417496,0.708739,0.000461755,0.00823748,-0.705422,-0.0223706,-0.0255663,-0.00213053,-0.0263362,-0.142455,9.52653
1770178326947494209,0.708728,0.000406791,0.00829345,-0.705432,-0.0138484,-0.0138484,-0.00426106,0.0395043,-0.184354,9.54808
1770178326967571275,0.708725,0.000376904,0.00831679,-0.705436,-0.0138484,-0.00213053,-0.00532632,-0.0311246,-0.191536,9.53491
1770178326987647348,0.708725,0.000329005,0.00829942,-0.705436,0.00639159,-0.0106526,0.00319579,-0.0335188,-0.257377,9.55047
1770178327007720221,0.70875,0.000418785,0.00828697,-0.705411,0.00106526,-0.0106526,0.00106526,-0.0395043,-0.167594,9.5373
1770178327027797734,0.708718,0.000423981,0.00831498,-0.705442,-0.00319579,-0.0191748,0,0.011971,-0.262165,9.50498
1770178327047875024,0.708689,0.000394308,0.00835277,-0.705472,-0.02024,0,-0.0117179,0.0430956,-0.292093,9.45111
1770178327067951961,0.708673,0.00034839,0.00832603,-0.705487,-0.0106526,0,0.00852211,-0.0658405,-0.300472,9.49899
1770178327088029922,0.708686,0.00037515,0.00827425,-0.705475,-0.00852211,-0.0223706,-0.00319579,-0.0670376,-0.217872,9.51575
1770178327108107308,0.708681,0.000400291,0.00827236,-0.705481,0.00319579,-0.0117179,0.00426106,-0.0323217,-0.159214,9.4978
1770178327128181717,0.708655,0.000411199,0.00829784,-0.705506,-0.0223706,-0.00852211,-0.00745685,0.0131681,-0.105345,9.52294
1770178327148259390,0.708646,0.000340109,0.00833852,-0.705515,-0.00852211,-0.00213053,0.00213053,-0.011971,-0.268151,9.52533
1770178327168334215,0.708646,0.000366092,0.00830813,-0.705515,-0.0149137,0.00958738,-0.00532632,-0.0514753,-0.259771,9.53491
1770178327188410192,0.708658,0.000375835,0.00827378,-0.705503,0,-0.0287621,-0.00532632,-0.0526724,-0.272939,9.47745
1770178327208487930,0.708651,0.000423768,0.00826083,-0.705511,-0.0191748,-0.00106526,-0.00958738,0.0251391,-0.185551,9.49421
1770178327228561731,0.708626,0.000358789,0.00831161,-0.705536,-0.00639159,0.0117179,-0.00426106,0.00718261,-0.339977,9.51815
1770178327248639596,0.708608,0.000357272,0.00832999,-0.705553,0.00106526,-0.0149137,0.00106526,-0.0658405,-0.238223,9.41759
1770178327268720438,0.7086,0.000340339,0.008276,-0.705562,0.00852211,-0.0213053,0.00532632,-0.0826,-0.290895,9.48224
1770178327288794015,0.708586,0.000402727,0.00820236,-0.705577,0.00319579,-0.0255663,-0.00745685,-0.0143652,-0.0706289,9.58399
1770178327308874696,0.708573,0.000381098,0.00825699,-0.705589,-0.00639159,0.00958738,-0.00213053,0.0131681,-0.235829,9.60673
1770178327328948401,0.708544,0.000387188,0.0083063,-0.705617,-0.0234358,0.00213053,-0.015979,-0.0299275,-0.155623,9.54568
1770178327349026683,0.70854,0.000381393,0.00831341,-0.705621,0.00532632,-0.0276969,-0.0106526,0.0143652,-0.324414,9.46667
1770178327369113348,0.708547,0.000432843,0.00824099,-0.705615,-0.00639159,-0.0276969,-0.00958738,-0.0251391,-0.178368,9.48942
1770178327389187309,0.708527,0.000417218,0.00821291,-0.705636,-0.0170442,-0.0191748,-0.0138484,0.0227449,-0.27653,9.47745
1770178327409265399,0.708498,0.000408537,0.00824062,-0.705664,-0.0138484,-0.0213053,-0.00745685,0.0191536,-0.306458,9.50618
1770178327429341984,0.708484,0.00036164,0.00828967,-0.705678,-0.0170442,-0.00958738,0,-0.00837971,-0.433351,9.43794
1770178327449427177,0.708505,0.000440255,0.00830965,-0.705656,-0.00958738,-0.0138484,-0.00745685,-0.0802058,-0.207098,9.49301
1770178327469502579,0.708508,0.00041784,0.00826488,-0.705654,-0.0117179,-0.0372843,0,-0.0454898,-0.189142,9.5804
1770178327489580668,0.708489,0.000402599,0.00825753,-0.705674,-0.02024,0.00426106,-0.0127832,-0.0059855,-0.134075,9.4978
1770178327509658629,0.708474,0.000324146,0.00831151,-0.705688,-0.0127832,-0.00745685,-0.00532632,-0.0155623,-0.274136,9.58399
1770178327529744655,0.708476,0.000374659,0.00834131,-0.705685,-0.0117179,0.0117179,-0.0138484,-0.047884,-0.20231,9.56124
1770178327549824184,0.70846,0.000392229,0.00830207,-0.705702,0.00532632,-0.0308927,-0.0138484,-0.0143652,-0.228646,9.56364
1770178327569901761,0.708443,0.000427364,0.0082517,-0.70572,0.00213053,0.00106526,-0.0106526,0.0107739,-0.184354,9.52892
1770178327589982187,0.708417,0.000365939,0.00827683,-0.705745,-0.0170442,0.00852211,-0.00745685,0.0287304,-0.380678,9.50618
1770178327610066068,0.70842,0.000355277,0.00830147,-0.705742,-0.0138484,-0.00532632,-0.00532632,-0.114922,-0.192733,9.54688
1770178327630142750,0.708412,0.000393025,0.00834138,-0.70575,-0.00639159,0.00745685,0.00213053,-0.0861913,-0.280122,9.49062
1770178327650222567,0.708415,0.000453006,0.00830861,-0.705747,-0.0170442,-0.00958738,-0.0138484,-0.0538695,-0.0790087,9.45111
1770178327670295120,0.708396,0.000381868,0.00830671,-0.705766,-0.015979,-0.0330232,-0.00426106,0.0047884,-0.196325,9.55646
1770178327690381818,0.708381,0.000331738,0.00831088,-0.705781,-0.0149137,0,-0.0117179,0.0131681,-0.196325,9.4966
1770178327710458275,0.708377,0.000321345,0.00832924,-0.705785,-0.0106526,-0.0127832,0,-0.0191536,-0.37589,9.50019
1770178327730540332,0.708376,0.000426574,0.00836151,-0.705785,-0.00426106,-0.00106526,0.00213053,-0.0287304,-0.166397,9.48343
1770178327750620854,0.708348,0.000424124,0.00835063,-0.705814,-0.00639159,-0.0170442,-0.00319579,0.0634463,-0.268151,9.47146
1770178327770704927,0.70835,0.000385806,0.00834478,-0.705812,-0.0106526,-0.0223706,-0.00532632,-0.0035913,-0.220267,9.52773
1770178327790784648,0.70833,0.000319806,0.00833619,-0.705832,-0.00106526,-0.00745685,0.00213053,-0.0143652,-0.39624,9.42717
1770178327810860658,0.708347,0.000370148,0.008317,-0.705815,-0.00852211,-0.0149137,-0.00639159,-0.0742203,-0.123301,9.578
1770178327830931067,0.708337,0.000411036,0.00833346,-0.705825,0.00319579,-0.00106526,0.00319579,-0.0490811,-0.183156,9.57082
1770178327851015908,0.708334,0.000453997,0.00835681,-0.705828,-0.0191748,-0.00745685,-0.00426106,0.023942,-0.174777,9.53611
1770178327871094798,0.708317,0.000397134,0.0084078,-0.705845,-0.0149137,-0.00319579,0,-0.0179565,-0.29329,9.51216
1770178327891165559,0.708326,0.000380664,0.00838389,-0.705835,-0.015979,-0.00958738,0.00852211,-0.0586579,-0.229843,9.49421
1770178327911249632,0.708326,0.000390237,0.008347,-0.705836,0,-0.00745685,-0.00426106,-0.0574608,-0.20231,9.50378
1770178327931332906,0.708297,0.000461097,0.00833343,-0.705865,-0.0117179,0.00213053,-0.00106526,-0.0167594,-0.172383,9.4978
1770178327951405587,0.708272,0.000434161,0.00841289,-0.705889,-0.0138484,-0.00106526,-0.00532632,0.0287304,-0.265756,9.42956
1770178327971482364,0.708271,0.000397773,0.00843873,-0.70589,0.00639159,-0.0266316,-0.0127832,-0.0562637,-0.17358,9.43316
1770178327991560645,0.708262,0.000398203,0.00840578,-0.705899,0.00319579,-0.0276969,-0.0106526,-0.0550666,-0.275333,9.58279
1770178328011633870,0.708246,0.000462133,0.00830758,-0.705917,-0.0138484,-0.0138484,-0.0106526,-0.0514753,-0.0814029,9.59476
1770178328031710872,0.70821,0.000428133,0.00830915,-0.705953,-0.0213053,-0.0138484,-0.0149137,-0.0059855,-0.211887,9.56244
1770178328051790177,0.708186,0.000430169,0.0083881,-0.705976,-0.0266316,-0.00852211,-0.0106526,-0.0323217,-0.208296,9.56962
1770178328071870250,0.708162,0.000421437,0.00841991,-0.705999,-0.00106526,-0.0106526,-0.0117179,-0.100556,-0.244209,9.55406
1770178328091956532,0.708162,0.000485879,0.00835699,-0.706001,-0.00106526,-0.02024,-0.00532632,-0.0215478,-0.166397,9.52533
1770178328112028861,0.708157,0.00045105,0.00827641,-0.706006,-0.0106526,-0.02024,-0.00745685,-0.0251391,-0.237026,9.47864
1770178328132105606,0.708147,0.000421869,0.00829598,-0.706016,-0.0276969,0.00319579,-0.00958738,0.0526724,-0.241814,9.53491
1770178328152185904,0.708115,0.000371069,0.00836254,-0.706047,0.00426106,0.0138484,0,-0.0490811,-0.374693,9.50977
1770178328172268825,0.708117,0.000409471,0.00836111,-0.706046,-0.0106526,-0.0138484,-0.00532632,-0.0442927,-0.160412,9.55526
1770178328192348995,0.708125,0.000446621,0.00833146,-0.706038,-0.00532632,-0.0234358,-0.00745685,-0.0155623,-0.207098,9.52892
1770178328212427308,0.708115,0.000436881,0.00828603,-0.706048,-0.0458064,-0.0213053,-0.00319579,0.0107739,-0.211887,9.56244
1770178328232508661,0.708094,0.000352982,0.00827016,-0.706069,-0.00852211,-0.0127832,-0.00319579,0.0335188,-0.283713,9.55047
1770178328252582910,0.708104,0.000385983,0.00826554,-0.70606,-0.015979,-0.00532632,-0.00213053,-0.0909797,-0.228646,9.58998
1770178328272661800,0.708098,0.000434749,0.00830406,-0.706065,0.00426106,-0.00745685,-0.00426106,-0.0514753,-0.225055,9.46667
1770178328292736785,0.70811,0.000481068,0.0083185,-0.706053,-0.0213053,-0.00532632,-0.0127832,-0.0215478,-0.143652,9.48702
1770178328312814106,0.708087,0.000414879,0.0083427,-0.706076,-0.00319579,-0.00319579,-0.00532632,-0.0227449,-0.283713,9.45949
1770178328332896356,0.708089,0.000399197,0.00836014,-0.706074,-0.0138484,-0.0149137,0.00213053,-0.0610521,-0.328006,9.40203
1770178328352976525,0.708093,0.000399897,0.00836051,-0.70607,-0.0117179,0.0106526,0.00745685,-0.0634463,-0.264559,9.52054
1770178328373057302,0.708091,0.000462764,0.00833962,-0.706071,-0.00745685,-0.015979,-0.00319579,0.00718261,-0.124498,9.52413
1770178328393129248,0.70807,0.000445674,0.00835806,-0.706093,-0.0149137,-0.00532632,-0.0138484,0.0191536,-0.196325,9.663
1770178328413214953,0.708057,0.000406838,0.00838191,-0.706105,-0.015979,-0.0330232,-0.0213053,-0.0610521,-0.158017,9.5816
1770178333446446926,0.706012,-5.50736e-05,0.00844552,-0.708149,-0.0340885,-0.00639159,-0.00958738,-0.0454898,-0.214281,9.4954
1770178333466538072,0.706009,-0.000139989,0.00848976,-0.708151,-0.00319579,-0.02024,-0.00745685,-0.00718261,-0.319626,9.46907
1770178333486611041,0.706002,-0.000180547,0.00851523,-0.708159,-0.0191748,-0.0149137,-0.0106526,-0.0323217,-0.29329,9.56843
1770178333506682282,0.705994,-0.000115983,0.00839472,-0.708168,0.00958738,-0.00745685,-0.00426106,-0.0035913,-0.216675,9.72285
1770178333526761107,0.706008,-1.78407e-05,0.00832687,-0.708155,-0.00639159,0.00426106,-0.00319579,-0.0047884,-0.0766145,9.35654
1770178333546844637,0.705964,-7.00774e-05,0.00836988,-0.708199,-0.0298274,-0.00639159,-0.015979,0.0215478,-0.237026,9.47026
1770178333566921030,0.705967,-0.000115789,0.00841733,-0.708195,-0.00426106,-0.0266316,-0.00958738,-0.0167594,-0.27653,9.56723
1770178333586996975,0.705965,-0.000109761,0.00839243,-0.708197,0.0106526,-0.0138484,0,-0.0466869,-0.238223,9.58519
1770178333607072409,0.705954,-2.35515e-05,0.00830678,-0.708208,0.00213053,-0.0170442,-0.00745685,-0.0323217,-0.175974,9.53491
1770178333627171779,0.705943,-6.69568e-06,0.00832261,-0.708219,-0.0255663,-0.00532632,-0.00319579,-0.0011971,-0.190339,9.50737
1770178333647249612,0.705927,-8.9432e-05,0.00837199,-0.708235,-0.0213053,0.00319579,-0.0127832,-0.011971,-0.21069,9.54688
1770178333667325525,0.705892,-0.000160665,0.00834979,-0.70827,-0.00213053,-0.0266316,-0.0127832,-0.0466869,-0.324414,9.53371
1770178333687401790,0.70591,-0.000117044,0.00830931,-0.708253,-0.00639159,-0.00958738,-0.00852211,-0.0299275,-0.189142,9.53012
1770178333707479976,0.705877,-6.88403e-05,0.00828823,-0.708286,-0.00106526,-0.02024,-0.0106526,-0.0275333,-0.235829,9.59237
1770178333727562673,0.705883,-9.92464e-05,0.00830583,-0.70828,-0.0181095,-0.015979,0.00852211,-0.0011971,-0.226252,9.50378
1770178333747634810,0.70587,-0.000221959,0.00829708,-0.708293,-0.00426106,-0.0330232,-0.0149137,0.0395043,-0.325611,9.51216
1770178333767714372,0.705865,-0.000211795,0.00825921,-0.708298,0.00426106,-0.00213053,0.00639159,-0.0395043,-0.268151,9.51336
1770178333787794093,0.705873,-0.000126966,0.00823316,-0.70829,0.00213053,-0.00426106,0.00106526,-0.047884,-0.191536,9.49181
1770178333807869302,0.705888,-7.08909e-05,0.00826181,-0.708275,-0.0170442,0.00745685,-0.00426106,-0.0227449,-0.12809,9.50259
1770178333827949343,0.70587,-0.000149935,0.00823968,-0.708294,-0.0149137,-0.0181095,-0.00213053,-0.011971,-0.28491,9.50618
1770178333848021833,0.705856,-0.000184914,0.00822336,-0.708308,0.00319579,-0.0330232,-0.00532632,-0.0251391,-0.302867,9.48463
1770178333868102546,0.705831,-0.000107454,0.00819491,-0.708332,-0.00213053,0.00426106,-0.0127832,-0.0658405,-0.254982,9.44393
1770178333888185179,0.705849,-1.63075e-05,0.00820185,-0.708315,-0.0149137,0.00319579,-0.00852211,-0.0143652,-0.161609,9.52892
1770178333908260293,0.705823,-9.62552e-05,0.00820418,-0.70834,-0.0234358,0.00106526,0.00958738,0.0454898,-0.159214,9.55885
1770178333928337614,0.705803,-0.000192425,0.00821676,-0.70836,-0.0170442,-0.0245011,-0.00426106,-0.0023942,-0.238223,9.58758
1770178333948413152,0.705795,-0.000192037,0.00822569,-0.708368,0.00852211,-0.0191748,0.00426106,-0.0263362,-0.259771,9.54688
1770178333968482975,0.70578,-0.000106751,0.00819457,-0.708384,-0.0127832,0,-0.00745685,0.00837971,-0.159214,9.52892
1770178333988565567,0.705779,-0.000100765,0.00819973,-0.708385,-0.00852211,-0.0127832,-0.00958738,-0.0047884,-0.169988,9.53251
1770178334008644158,0.70577,-0.000173442,0.00825772,-0.708393,-0.0223706,-0.00745685,-0.00426106,0.0143652,-0.169988,9.52653
1770178334028723006,0.705763,-0.000238053,0.00826661,-0.7084,-0.0138484,-0.0234358,-0.015979,0.0107739,-0.274136,9.54808
1770178334048795581,0.705772,-0.000180212,0.0081965,-0.708391,0.0181095,-0.0117179,-0.00852211,-0.0263362,-0.228646,9.55287
1770178334068878812,0.705762,-0.000104863,0.00812942,-0.708402,0.00106526,-0.00532632,-0.0149137,-0.0622492,-0.207098,9.59117
1770178334088957372,0.705761,-0.000126856,0.00818891,-0.708402,-0.0191748,-0.0245011,-0.00639159,0.0407014,-0.23104,9.49301
1770178334109031931,0.705733,-0.000202927,0.00824044,-0.70843,-0.00852211,-0.0106526,-0.00745685,0.0263362,-0.301669,9.46428
1770178334129109691,0.705724,-0.000193147,0.00819424,-0.708439,-0.00639159,-0.00958738,-0.0117179,-0.0347159,-0.288501,9.40083
1770178334149187034,0.705718,-0.000128347,0.00810051,-0.708446,-0.00106526,-0.00958738,-0.0127832,-0.0646434,-0.244209,9.50378
1770178334169266073,0.705713,-0.000116621,0.00805929,-0.708452,-0.0276969,-0.00532632,0.00319579,-0.011971,-0.112527,9.51935
1770178334189343609,0.705686,-0.000202218,0.00812622,-0.708478,-0.0340885,-0.0234358,-0.0127832,-0.0251391,-0.177171,9.52054
1770178334209427672,0.705664,-0.00024181,0.00819996,-0.708499,-0.0127832,-0.0191748,-0.00852211,-0.0526724,-0.219069,9.60673
1770178334229509368,0.705661,-0.000201778,0.00817438,-0.708503,0.00639159,-0.0340885,0,-0.0383072,-0.290895,9.52294
1770178334249594999,0.705662,-0.000148304,0.0081122,-0.708502,-0.00958738,-0.0191748,-0.0127832,-0.0167594,-0.199916,9.47266
1770178334269676311,0.705659,-0.000218241,0.00814512,-0.708504,-0.0223706,-0.0191748,0.00213053,0.0646434,-0.288501,9.46787
1770178334289754486,0.705632,-0.000245021,0.00821765,-0.70853,-0.0223706,-0.0234358,0.00319579,0.0275333,-0.257377,9.44513
1770178334309832054,0.705635,-0.00019388,0.00828027,-0.708527,-0.00426106,-0.0127832,-0.00639159,-0.023942,-0.299275,9.45949
1770178334329916533,0.705629,-0.000112371,0.00821155,-0.708534,-0.00958738,0.0276969,-0.00532632,-0.123301,-0.158017,9.47266
1770178334350020629,0.70561,-0.000103642,0.00813345,-0.708554,0.00319579,-0.0234358,-0.0181095,0.0023942,-0.177171,9.59955
1770178334370098292,0.705589,-0.000176803,0.00817364,-0.708574,-0.0287621,-0.00639159,0.00745685,-0.0107739,-0.179565,9.49062
1770178334390175284,0.705587,-0.000218498,0.00823287,-0.708575,-0.0138484,0.00426106,0,-0.0299275,-0.233435,9.59596
1770178334410260115,0.70558,-0.000108982,0.00822102,-0.708582,0.00639159,-0.015979,-0.00319579,-0.0023942,-0.217872,9.48583
1770178334430345555,0.705575,-4.6934e-05,0.00817155,-0.708588,-0.0191748,0.00319579,0.00213053,-0.0586579,-0.221464,9.54089
1770178334450426450,0.70557,-0.000123341,0.00813418,-0.708593,-0.0319579,-0.036219,-0.00213053,0.0335188,-0.229843,9.42837
1770178334470506258,0.705555,-0.000199845,0.00817256,-0.708608,-0.00532632,0.00106526,-0.00532632,-0.00957681,-0.318429,9.47266
1770178334490590161,0.705557,-0.000160972,0.00819761,-0.708606,0.00106526,0.0181095,0.00426106,-0.0323217,-0.307655,9.41041
1770178334510669041,0.705548,-8.0767e-05,0.00817611,-0.708615,-0.00532632,-0.0181095,-0.00426106,-0.0454898,-0.232238,9.4559
1770178334530754448,0.705532,-0.000108877,0.00815379,-0.708631,-0.0319579,-0.00213053,-0.00532632,-0.0442927,-0.107739,9.59357
1770178334550834096,0.70552,-0.0002121,0.00814844,-0.708643,-0.0181095,-0.0255663,-0.0138484,-0.0323217,-0.191536,9.5792
1770178334570918287,0.705497,-0.000198282,0.00819203,-0.708666,-0.00319579,0.00639159,-0.00958738,-0.0407014,-0.240617,9.57202
1770178334590997391,0.705492,-0.00015608,0.00821861,-0.70867,-0.00639159,0.00106526,-0.00639159,-0.0263362,-0.240617,9.52533
1770178334611075566,0.705482,-0.000125562,0.00816131,-0.70868,-0.00319579,-0.0298274,-0.0149137,-0.0550666,-0.215478,9.64025
1770178334631155342,0.705475,-0.00015255,0.00812899,-0.708688,-0.0191748,-0.0106526,-0.00426106,0.00718261,-0.266953,9.44752
1770178334651233517,0.705482,-0.000222239,0.00816241,-0.70868,-0.02024,-0.00958738,-0.00852211,0.0502782,-0.281319,9.5385
1770178334671312268,0.705462,-0.000189158,0.0082117,-0.7087,0.00213053,0.00852211,-0.00532632,-0.0682347,-0.263362,9.50019
1770178334691389900,0.705468,-0.000103988,0.00819297,-0.708694,0.00639159,0.00426106,-0.00532632,-0.0550666,-0.2478,9.51815
1770178334711468331,0.705471,-0.000123035,0.00816478,-0.708691,-0.0181095,-0.0127832,-0.00319579,-0.0203507,-0.137667,9.44034
1770178334731544747,0.705467,-0.000225548,0.00816085,-0.708696,-0.0223706,-0.0127832,0.00426106,-0.0323217,-0.169988,9.56603
1770178334751628842,0.705447,-0.000263713,0.00815166,-0.708716,-0.00745685,-0.00745685,-0.00426106,-0.0526724,-0.257377,9.51336
1770178334771712842,0.705433,-0.000163914,0.00815049,-0.70873,0,-0.00639159,-0.00958738,0.0143652,-0.201113,9.47026
1770178334791789353,0.705421,-8.66451e-05,0.00816959,-0.708742,-0.00639159,-0.00319579,-0.00532632,-0.0395043,-0.213084,9.53611
1770178334811861064,0.705407,-0.00013594,0.0081877,-0.708755,0.0127832,-0.0287621,-0.00745685,0.0227449,-0.275333,9.55765
1770178334831935144,0.705386,-0.000231723,0.00821821,-0.708776,-0.0149137,-0.0127832,-0.0117179,0.0586579,-0.314838,9.51935
1770178334852013991,0.705372,-0.000187827,0.00818815,-0.70879,-0.00106526,0.00745685,-0.00106526,-0.0251391,-0.262165,9.56124
1770178334872088454,0.705381,-7.83415e-05,0.00815725,-0.708782,0.00639159,-0.0170442,-0.0191748,-0.0873884,-0.248997,9.4966
1770178334892167174,0.705363,-5.2059e-05,0.00816719,-0.708799,-0.00319579,-0.0255663,-0.0149137,-0.011971,-0.0921768,9.52773
1770178334912241381,0.705336,-0.000158949,0.0082503,-0.708825,-0.0298274,0.00106526,-0.00532632,-0.0179565,-0.201113,9.5373
1770178334932315812,0.705313,-0.000177993,0.00827919,-0.708848,0.0106526,-0.0181095,-0.00639159,-0.023942,-0.223858,9.59596
1770178334952396900,0.705316,-0.000146466,0.00823299,-0.708846,-0.0181095,-0.00213053,-0.0106526,-0.0418985,-0.253785,9.54808
1770178334972473347,0.70532,-8.86963e-05,0.00816169,-0.708842,0.00532632,-0.0298274,-0.0181095,-0.0442927,-0.183156,9.59117
1770178334992552803,0.705307,-0.000110027,0.00819243,-0.708854,-0.0181095,-0.0106526,0.00852211,0.00957681,-0.299275,9.53491
1770178335012631906,0.705274,-0.000180748,0.00827732,-0.708886,-0.0149137,-0.00213053,-0.0170442,0.0011971,-0.295684,9.46667
1770178335032713922,0.705274,-0.000181547,0.00826944,-0.708886,-0.00426106,-0.00852211,-0.0138484,-0.0610521,-0.290895,9.40323
1770178335052791681,0.705246,0.000299294,0.00708024,-0.708927,1.16859,-0.530502,-0.102265,0.585382,-4.58729,13.3764
1770178335072867584,0.704023,0.00873869,0.00283493,-0.710117,0.854342,0.0852211,-0.052198,0.594959,-1.4449,4.98114
1770178335092942784,0.704103,0.00788479,0.00110889,-0.710054,-0.284426,-0.290817,0.151268,1.10612,0.216675,2.7258
1770178335113023487,0.706176,-0.00108403,0.0075612,-0.707995,-0.971521,-0.246076,0.249272,2.69587,-3.29921,15.8197
1770178335133102239,0.706756,-0.00503317,0.0100274,-0.707368,0.0777643,0.2024,-0.052198,1.77769,-1.25696,7.97628
1770178335153174782,0.70589,-0.00172667,0.00964012,-0.708254,0.395213,0.135289,-0.131028,0.354342,-0.144849,13.7798
1770178335173252061,0.705071,9.61171e-05,0.00942777,-0.709074,-0.04048,0.135289,-0.0575243,-0.865504,-0.158017,9.56484
1770178335193329277,0.705144,0.00183279,0.00943455,-0.708999,0.234358,0.0170442,0.0287621,-2.6827,-0.62369,8.83341
1770178335213413564,0.705292,0.00355319,0.00893717,-0.708852,0.1012,-0.0223706,-0.0106526,-2.29963,0.0107739,10.1347
1770178335233487036,0.705247,0.00378092,0.00802197,-0.708906,0.0532632,-0.137419,0,-1.77769,-0.228646,7.99424
1770178335253563899,0.705334,0.00334369,0.00685541,-0.708834,0.104396,-0.153398,0.00532632,-0.0837971,-1.22823,9.22606
1770178335273645402,0.705354,0.00238018,0.00592609,-0.708827,-0.135289,-0.133158,-0.0213053,0.85473,-0.197522,9.85693
1770178335293723834,0.705211,0.0005138,0.00552938,-0.708975,-0.135289,-0.076699,-0.0127832,1.74657,0.311246,9.72285
1770178335313806201,0.705248,-0.000945145,0.00593455,-0.708935,-0.153398,-0.00958738,0.00426106,1.66158,0.0993594,9.63546
1770178335333885657,0.705273,-0.00216648,0.00695961,-0.708898,-0.171508,0.0394148,-0.00639159,1.44011,0.171185,9.23444
1770178335353961528,0.70526,-0.00240138,0.00787137,-0.708901,-0.0660464,0.0809601,0.0117179,0.86311,0.0826,9.78869
1770178335374040344,0.705291,-0.00172672,0.00867666,-0.708863,0.00745685,0.107592,0.00213053,-0.185551,-0.219069,9.59357
1770178335394118743,0.705232,-0.000615797,0.00935184,-0.708915,0.0415453,0.092678,0.00213053,-0.978031,-0.509965,9.61152
1770178335414194614,0.70525,0.000723657,0.00960031,-0.708893,0.0916127,0.0628506,-0.00319579,-1.49398,-0.702698,9.39724
1770178335434273782,0.705205,0.00161217,0.00950321,-0.708938,0.0468716,-0.0266316,-0.00639159,-1.48919,-0.694318,9.38766
1770178335454346837,0.705206,0.00180611,0.00916524,-0.708941,0.0223706,-0.0553937,-0.00106526,-1.13844,-0.549469,9.41999
1770178335474426069,0.705199,0.00137953,0.00863576,-0.708955,-0.0276969,-0.109722,-0.00213053,-0.562637,-0.356736,9.63546
1770178335494509812,0.705225,0.000634825,0.00803337,-0.708938,-0.00852211,-0.102265,-0.00319579,0.311246,-0.144849,9.74679
1770178335514587315,0.705254,2.89262e-05,0.00734663,-0.708917,0,-0.076699,0,0.857124,0.214281,9.45829
1770178335534670483,0.705247,-0.000212391,0.00672658,-0.708929,0.0127832,-0.036219,-0.0149137,1.23182,0.36751,9.68215
1770178335554750162,0.705237,-0.00015662,0.00638509,-0.708943,0.00958738,0.00958738,0.00426106,1.12527,0.131681,9.51815
1770178335574828082,0.705203,9.4836e-05,0.00643989,-0.708976,-0.0191748,0.0490022,-0.00745685,1.00676,0.219069,9.5792
1770178335594912241,0.705205,0.000308305,0.0069671,-0.708969,-0.0436758,0.0788296,0.00745685,0.519542,-0.00957681,9.63068
1770178335614989169,0.7052,0.000555708,0.00787421,-0.708964,-0.0692422,0.096939,-0.00745685,-0.153229,-0.260968,9.56843
1770178335635067440,0.705189,0.000714341,0.00875819,-0.708965,-0.015979,0.0415453,-0.00745685,-0.80086,-0.609324,9.57082
1770178335655144944,0.705128,0.000939792,0.00929544,-0.709018,-0.00852211,-0.0127832,-0.0127832,-1.17795,-0.709881,9.39844
1770178335675222927,0.705154,0.00102474,0.00936872,-0.708991,0.0266316,-0.0607201,-0.00106526,-1.25456,-0.7434,9.34816
1770178335695301422,0.705154,0.000949007,0.00908449,-0.708995,0.00639159,-0.0894822,-0.00745685,-0.840365,-0.469264,9.36971
1770178335715383918,0.705176,0.000581814,0.00857642,-0.708981,0.0138484,-0.0681769,0.00106526,-0.183156,-0.265756,9.57082
1770178335735462221,0.705139,0.000174049,0.00799873,-0.709024,-0.00532632,-0.0798948,-0.00745685,0.45849,-0.0849942,9.51935
1770178335755535693,0.705149,-0.000131407,0.0074556,-0.70902,0.0276969,-0.0458064,-0.00426106,0.835576,-0.0730232,9.59117
1770178335775613036,0.705146,-0.000106415,0.00701011,-0.709027,0.00532632,-0.00213053,-0.0106526,0.943315,0.180762,9.49421
1770178335795687819,0.705152,5.676e-06,0.00694698,-0.709023,-0.0266316,0.0276969,-0.00426106,0.799663,0.130484,9.6211
1770178335815767051,0.705129,0.000184142,0.00734077,-0.709041,-0.0490022,0.0490022,-0.00213053,0.414197,0.0179565,9.5385
1770178335835846186,0.705093,0.000463125,0.00796084,-0.70907,-0.0266316,0.056459,-0.00532632,-0.185551,-0.385466,9.64744
1770178335855916521,0.705091,0.000843884,0.00851049,-0.709065,-0.00745685,0.0191748,-0.00745685,-0.538695,-0.448913,9.44153
1770178335875991305,0.705084,0.00112588,0.00886647,-0.709068,0.00319579,0.0181095,-0.00426106,-0.978031,-0.45011,9.48463
1770178335896070216,0.705054,0.00123696,0.00897577,-0.709095,-0.00958738,-0.0127832,-0.0245011,-0.984017,-0.397437,9.44034
1770178335916148616,0.705047,0.0011205,0.00888578,-0.709104,0.00426106,-0.076699,0.00106526,-0.730232,-0.440533,9.50139
1770178335936227623,0.70504,0.000810976,0.00854803,-0.709116,0.00532632,-0.0692422,0.00319579,-0.201113,-0.355539,9.45829
1770178335956298438,0.705044,0.000482312,0.00804123,-0.709118,0.0223706,-0.0830906,0,0.222661,-0.1652,9.59357
1770178335976377094,0.705041,0.000280043,0.00758357,-0.709126,-0.0149137,-0.0287621,-0.00532632,0.609324,0.0921768,9.51097
1770178335996455813,0.705016,0.000140914,0.00728644,-0.709154,-0.0223706,-0.00745685,-0.0138484,0.770933,0.0658405,9.59835
1770178336016532260,0.704996,0.000129546,0.00734612,-0.709173,-0.0340885,0.015979,-0.00852211,0.739808,0,9.46189
1770178336036610372,0.704988,0.00020941,0.00764758,-0.709178,-0.0191748,0.0415453,0.00106526,0.354342,-0.240617,9.6223
1770178336056686659,0.704976,0.000436703,0.00804996,-0.709186,-0.0223706,0.0436758,0.00852211,0.0035913,-0.227449,9.4978
1770178336076764643,0.70495,0.000686353,0.00840559,-0.709207,-0.0170442,0.036219,-0.0106526,-0.481235,-0.418985,9.4978
1770178336096843330,0.704918,0.00093831,0.00868162,-0.709235,0.00106526,-0.00213053,-0.0149137,-0.645237,-0.438139,9.36133
1770178336116922945,0.704907,0.00107742,0.00882154,-0.709244,0.00213053,-0.0287621,-0.00958738,-0.774524,-0.56982,9.42837
1770178336137002209,0.704906,0.00108107,0.00871421,-0.709246,0.00106526,-0.0436758,-0.00106526,-0.551863,-0.329203,9.4954
1770178336157079840,0.704925,0.000924236,0.00841968,-0.709231,0.0234358,-0.0649811,-0.0106526,-0.155623,-0.262165,9.56843
1770178336177157344,0.704908,0.000691133,0.00802617,-0.709253,-0.0149137,-0.0585895,-0.00958738,0.3304,-0.0263362,9.72764
1770178336197229887,0.704903,0.000472209,0.00770155,-0.709262,-0.0106526,-0.0319579,-0.0149137,0.436942,-0.047884,9.59835
1770178336217310046,0.7049,0.000383131,0.00755085,-0.709267,-0.0138484,-0.0266316,-0.00852211,0.56144,0.023942,9.47026
1770178336237389854,0.704919,0.000382239,0.00762932,-0.709247,-0.0138484,0.0138484,-0.00106526,0.446519,-0.0383072,9.5804
1770178336257469853,0.704907,0.000446637,0.00790645,-0.709255,-0.0330232,0.0276969,-0.00213053,0.294487,-0.108936,9.36612
1770178336277542013,0.704906,0.000494593,0.00822431,-0.709253,-0.0245011,0.00745685,-0.00745685,-0.0454898,-0.356736,9.56484
1770178336297619868,0.704883,0.000634396,0.00852419,-0.709272,-0.0287621,0.0223706,-0.00106526,-0.366313,-0.472855,9.41161
1770178336317690267,0.704882,0.000784634,0.00874038,-0.70927,0.00213053,-0.00639159,-0.00532632,-0.600945,-0.454898,9.47984
1770178336337769435,0.704882,0.000866163,0.00875451,-0.70927,-0.0106526,-0.0330232,-0.00745685,-0.490811,-0.33878,9.40921
1770178336357847450,0.704859,0.000798,0.00862525,-0.709295,0.00958738,-0.0426106,-0.00213053,-0.278924,-0.311246,9.60793
1770178336377934298,0.704823,0.000642118,0.00836595,-0.709334,0.00213053,-0.0468716,-0.00532632,-0.0059855,-0.251391,9.47984
1770178336398013305,0.704833,0.000537693,0.00802533,-0.709328,0.0234358,-0.0511327,0.00426106,0.1652,-0.190339,9.57441
1770178336418090616,0.704846,0.000506512,0.00773602,-0.709318,0.00213053,-0.0287621,-0.0149137,0.393846,0.0107739,9.50977
1770178336438168760,0.704836,0.000490038,0.00763086,-0.709329,-0.0138484,-0.00319579,-0.00106526,0.434548,-0.0407014,9.52533
1770178336458246743,0.7048,0.000493611,0.0077749,-0.709363,-0.0383495,0.0170442,-0.00532632,0.373495,-0.107739,9.53371
1770178336478319863,0.704792,0.000544492,0.00800141,-0.709369,-0.00958738,0.0245011,-0.0106526,0.0155623,-0.278924,9.55287
1770178336498396022,0.704792,0.000695861,0.008228,-0.709366,-0.015979,0.00426106,-0.00213053,-0.179565,-0.310049,9.47026
1770178336518476213,0.704794,0.000813643,0.00840495,-0.709362,-0.0117179,-0.00213053,-0.0170442,-0.369904,-0.36751,9.55406
1770178336538549781,0.704782,0.000848432,0.00850648,-0.709373,-0.0319579,-0.0223706,0.00106526,-0.399832,-0.356736,9.45351
1770178336558627540,0.704781,0.000777485,0.0085432,-0.709373,0.00852211,-0.036219,-0.00639159,-0.380678,-0.362722,9.56962
1770178336578706740,0.704775,0.000737272,0.00848618,-0.70938,-0.00532632,-0.04048,-0.00213053,-0.25618,-0.304064,9.60434
1770178336598785811,0.704765,0.000632718,0.00822912,-0.709393,0.00852211,-0.0245011,-0.0106526,0.0299275,-0.144849,9.56962
1770178336618864050,0.704752,0.000543626,0.00797395,-0.709409,-0.00319579,-0.015979,-0.0149137,0.251391,-0.0490811,9.50019
1770178336638943954,0.704732,0.000445263,0.00784179,-0.70943,0.00213053,-0.0276969,-0.00532632,0.381875,-0.15682,9.5792
1770178336659021905,0.704719,0.00041832,0.0078953,-0.709443,-0.0181095,-0.0127832,0.00532632,0.339977,-0.137667,9.46787
1770178336679101073,0.70472,0.000490394,0.00800533,-0.70944,-0.00319579,0.00852211,-0.00852211,0.0873884,-0.204704,9.59357
1770178336699174224,0.704707,0.000624606,0.00815556,-0.709451,-0.00958738,-0.00852211,0.00532632,-0.0275333,-0.131681,9.44513
1770178336719247631,0.704698,0.000708619,0.00828449,-0.709459,-0.0298274,0.00745685,-0.00532632,-0.243011,-0.268151,9.50977
1770178336739318095,0.704671,0.000740059,0.0084303,-0.709484,-0.0276969,-0.00319579,-0.0127832,-0.347159,-0.283713,9.46548
1770178336759398702,0.704666,0.000759032,0.00849378,-0.709488,0.00958738,-0.00958738,-0.00106526,-0.360327,-0.362722,9.6223
1770178336779469709,0.70459,0.0012484,0.00825461,-0.709566,-0.129962,-0.106526,-0.127832,2.07458,-3.93367,6.84143
1770178336799547725,0.706056,-0.00164058,0.0107021,-0.708074,-0.446346,0.223706,0.164051,-0.995988,0.823605,6.5637
1770178336819622764,0.705908,0.000721806,0.00976978,-0.708236,0.295078,0.123571,-0.211988,-3.36984,2.02909,10.0042
1770178336839708172,0.703785,0.00456183,0.00732045,-0.710361,0.517718,-0.0255663,-0.26312,-2.79403,-2.6839,10.4124
1770178336859804395,0.702761,0.00705023,0.00463594,-0.711376,0.0213053,-0.126766,0.0436758,-1.00078,1.54546,8.31147
1770178336879886187,0.703628,0.00482243,0.00439544,-0.710539,-0.333428,-0.279099,0.142745,0.136469,1.07021,9.18057
1770178336899964170,0.704304,0.000532902,0.00575954,-0.709875,-0.44315,-0.229032,0.00639159,1.075,-0.0023942,9.13268
1770178336920039146,0.704087,-0.003327,0.00741785,-0.710067,-0.428236,-0.0798948,-0.00745685,2.71143,-0.0814029,9.64624
1770178336940117801,0.704425,-0.0046676,0.00814021,-0.709717,0.00745685,0.0532632,0.0852211,2.21823,-1.5682,8.64187
1770178336960198760,0.704757,-0.0043254,0.00856716,-0.709384,0.0436758,0.115049,-0.0106526,2.09732,-0.456095,9.80306
1770178336980272392,0.704456,-0.00375931,0.00955406,-0.709673,-0.0245011,0.151268,-0.0458064,0.742203,-1.39582,9.50737
1770178337000349031,0.704278,-0.00251269,0.0106596,-0.70984,0.0820253,0.158724,0.00213053,-0.557849,-1.38864,8.9196
1770178337020427719,0.704375,-0.000936802,0.0112279,-0.709739,0.072438,0.0948085,0.00426106,-1.77291,-0.579397,10.0293
1770178337040504966,0.704287,0.00027014,0.0113738,-0.709824,0.0990696,0.0223706,-0.0127832,-2.25414,-0.591368,9.41161
1770178337060577637,0.704297,0.000840338,0.0110523,-0.709819,0.0532632,-0.0820253,0.0106526,-1.97522,-0.147243,8.88967
1770178337080652997,0.704386,0.00106938,0.0101869,-0.709743,0.0756338,-0.122505,-0.0127832,-1.28688,-0.118513,9.77792
1770178337100732452,0.704298,0.000939034,0.00881356,-0.709849,0.0820253,-0.125701,-0.0149137,-0.0538695,-0.0921768,9.77912
1770178337120812867,0.704257,0.000977687,0.00718856,-0.709908,0.110787,-0.1012,-0.00426106,0.936133,0.253785,9.61631
1770178337140888131,0.704292,0.00130391,0.00560378,-0.709887,0.0777643,-0.0543285,0.00426106,1.38864,0.774524,9.43076
1770178337160964706,0.704213,0.00132542,0.0047999,-0.709971,-0.00319579,-0.02024,-0.0298274,1.47243,0.730232,9.46189
1770178337181044802,0.704165,0.000912559,0.00498511,-0.710019,-0.129962,0.0372843,-0.00426106,1.50116,0.526724,9.43914
1770178337201121953,0.704182,0.000153444,0.00613591,-0.709993,-0.190682,0.0820253,-0.00213053,1.05704,0.177171,9.48463
1770178337221204705,0.704179,-0.00064151,0.00786067,-0.709979,-0.190682,0.0788296,-0.00213053,0.424971,-0.161609,9.70849
1770178337241284928,0.704168,-0.00110415,0.00959804,-0.709968,-0.134223,0.0788296,-0.00532632,-0.482432,-0.661997,9.67138
1770178337261358847,0.704159,-0.00116482,0.0108939,-0.709957,-0.0649811,0.0383495,0.00639159,-1.25456,-0.829591,9.4571
1770178337281440127,0.704102,-0.000965697,0.0115027,-0.710005,0.0138484,0.00426106,-0.00852211,-1.57299,-1.11211,9.28232
1770178337301520286,0.704112,-0.00066664,0.0113761,-0.709998,0.052198,-0.0553937,-0.0149137,-1.46166,-0.968455,9.48343
1770178337321599390,0.704084,-0.000627813,0.0107191,-0.710035,0.0543285,-0.0980043,-0.00106526,-0.90022,-0.812831,9.52653
1770178337341677981,0.704095,-0.000851605,0.00970874,-0.710039,0.0490022,-0.118244,0,-0.0347159,-0.474052,9.50977
1770178337361758205,0.704067,-0.00132481,0.0086557,-0.710079,0.036219,-0.0948085,-0.015979,0.912191,-0.238223,9.50259
1770178337381838012,0.70407,-0.00149257,0.0077891,-0.710086,0.0308927,-0.0266316,-0.00106526,1.1552,0.147243,9.57202
1770178337401909883,0.704058,-0.00137287,0.00722437,-0.710105,0.04048,0.0106526,-0.0106526,1.18034,0.216675,9.5397
1770178337421996443,0.704063,-0.000796536,0.00693056,-0.710104,0.0447411,0.0447411,-0.00426106,1.0331,0.453701,9.43196
1770178337442076858,0.704031,-8.64956e-05,0.00709733,-0.710134,0.0181095,0.0937433,-0.00532632,0.803255,0.266953,9.60075
1770178337462155354,0.704003,0.000602096,0.00757898,-0.710156,-0.015979,0.0830906,-0.00852211,0.0969652,-0.0490811,9.53012
1770178337482235225,0.703978,0.00113246,0.00836677,-0.710172,-0.0287621,0.056459,0.00426106,-0.678756,-0.306458,9.54808
1770178337502312377,0.703984,0.00143473,0.00903041,-0.710157,-0.0415453,0.0319579,-0.0138484,-1.30125,-0.362722,9.44752
1770178337522391704,0.703971,0.00147774,0.0094373,-0.710164,-0.0308927,-0.0330232,-0.015979,-1.39582,-0.502782,9.40682
1770178337542474167,0.703964,0.00127251,0.00943065,-0.710172,-0.0298274,-0.0500674,-0.00213053,-1.09176,-0.417788,9.46189
1770178337562549591,0.703936,0.000756204,0.00904773,-0.710205,-0.00319579,-0.0958738,-0.00852211,-0.464475,-0.427365,9.55765
1770178337582625494,0.703966,0.000145097,0.00844875,-0.710184,-0.00639159,-0.113983,-0.00532632,0.282516,-0.221464,9.64504
1770178337602705878,0.703954,-0.000514102,0.00797274,-0.7102,-0.0170442,-0.0617853,-0.00745685,0.749385,-0.0754174,9.49181
1770178337622781269,0.70394,-0.000924016,0.00760988,-0.710218,-0.0266316,-0.04048,-0.00745685,1.05704,0.0622492,9.51695
1770178337642854708,0.703901,-0.00111316,0.00758491,-0.710257,-0.0106526,0.015979,-0.0149137,1.04148,-0.135272,9.45231
1770178337662933716,0.703892,-0.00100223,0.00780169,-0.710263,-0.0298274,0.056459,-0.00106526,0.828394,-0.11971,9.50139
1770178337683013011,0.703887,-0.000765882,0.00824971,-0.710264,-0.0266316,0.0617853,0.00106526,0.349553,-0.27653,9.51815
1770178337703090643,0.703878,-0.000367986,0.00877557,-0.710267,-0.0351537,0.0607201,0.00319579,-0.195127,-0.392649,9.65582
1770178337723178898,0.703845,5.10435e-05,0.00932312,-0.710292,0.00426106,0.0394148,-0.00745685,-0.7434,-0.568623,9.4559
1770178337743258194,0.703836,0.000486068,0.00961587,-0.710297,0.0149137,0.0117179,-0.00958738,-1.00437,-0.53271,9.42597
1770178337763331217,0.703823,0.000708886,0.00958497,-0.710311,0.0191748,-0.0394148,-0.00213053,-1.05345,-0.513556,9.46428
1770178337783409232,0.703831,0.000785423,0.00914774,-0.710308,0.0298274,-0.0628506,-0.00106526,-0.590171,-0.167594,9.48463
1770178337803489968,0.703807,0.000580086,0.00855454,-0.710339,0.00745685,-0.076699,-0.00745685,-0.00957681,-0.113725,9.60434
1770178337823563983,0.703788,0.000310345,0.00800591,-0.710365,0.00213053,-0.0639159,-0.00852211,0.438139,0.122104,9.52174
1770178337843642351,0.703788,3.41898e-05,0.00765629,-0.710369,-0.0127832,-0.0308927,0.00106526,0.661997,0.154426,9.59357
1770178337863718286,0.703794,-0.000149186,0.00752666,-0.710364,-0.0426106,0.0127832,-0.00958738,0.76375,0.171185,9.52174
1770178337883793997,0.703771,-0.000286276,0.0077432,-0.710384,-0.0330232,0.0170442,0.00319579,0.659603,-0.023942,9.55287
1770178337903876749,0.703755,-0.000280435,0.00814826,-0.710396,-0.0532632,0.0127832,-0.00532632,0.390255,-0.12809,9.4966
1770178337923950092,0.703712,-0.000268667,0.00874419,-0.710432,-0.0415453,0.0340885,-0.015979,-0.138864,-0.571017,9.56124
1770178337944029771,0.703724,-0.000144608,0.00926848,-0.710413,-0.0276969,0,0.00319579,-0.530316,-0.474052,9.55646
1770178337964110443,0.70372,-6.79442e-05,0.00963605,-0.710412,-0.00745685,0.0127832,-0.00639159,-0.760159,-0.628478,9.48702
1770178337984182762,0.703699,5.57254e-05,0.00968274,-0.710432,0.0223706,-0.0298274,-0.0127832,-0.641646,-0.531513,9.39844
1770178338004263498,0.703677,1.85184e-05,0.00949687,-0.710457,0.036219,-0.0426106,-0.015979,-0.37589,-0.605733,9.47984
1770178338024343081,0.703692,-4.99408e-05,0.00898987,-0.710448,0.0138484,-0.0607201,0.00532632,-0.0993594,-0.177171,9.57561
1770178338044417832,0.703703,-0.000167551,0.00856435,-0.710443,0.0234358,-0.0351537,-0.00852211,0.281319,-0.144849,9.58638
1770178338064497704,0.703706,-0.000210083,0.00805299,-0.710446,0.00852211,-0.0394148,-0.00639159,0.562637,0.17358,9.43316
1770178338084575495,0.703686,-0.00021482,0.00784781,-0.710468,0.00426106,-0.015979,-0.0106526,0.640449,0.0299275,9.42597
1770178338104655143,0.703685,-9.13228e-05,0.00787765,-0.710468,-0.0117179,0.0149137,-0.00958738,0.454898,-0.0143652,9.46667
1770178338124731718,0.703677,3.99908e-05,0.00812846,-0.710473,-0.0117179,0.0298274,-0.00106526,0.148441,-0.143652,9.6199
1770178338144811398,0.703684,0.000186961,0.00840088,-0.710464,-0.0266316,0.0106526,-0.00852211,-0.147243,-0.105345,9.47146
1770178338164888005,0.703667,0.000233865,0.00876555,-0.710476,-0.0340885,0.0255663,-0.00852211,-0.369904,-0.410606,9.61751
1770178338184965668,0.703652,0.000285297,0.00898935,-0.710488,-0.02024,-0.00958738,-0.0149137,-0.602142,-0.407014,9.46787
1770178338205043812,0.703637,0.00023741,0.00911096,-0.710501,-0.00852211,-0.0330232,0.00213053,-0.521936,-0.490811,9.59357
1770178338225120611,0.703653,0.000154964,0.008978,-0.710487,-0.015979,-0.0426106,0.00426106,-0.306458,-0.23104,9.43196
1770178338245197571,0.703635,-6.34288e-05,0.0087739,-0.710508,-0.00745685,-0.0532632,-0.0138484,-0.0131681,-0.329203,9.49181
1770178338265268610,0.703614,-0.000259055,0.00846454,-0.710531,-0.0127832,-0.04048,-0.00958738,0.299275,-0.0706289,9.36971
1770178338285346177,0.70359,-0.000442061,0.00820633,-0.710558,0.00213053,-0.0276969,-0.00213053,0.456095,-0.287304,9.49062
1770178338305423681,0.703593,-0.000379156,0.0080302,-0.710558,0.00106526,0.0117179,-0.00639159,0.429759,0.0526724,9.54329
1770178338325497824,0.703571,-0.000284097,0.00810834,-0.710578,-0.0117179,0.0394148,-0.00639159,0.299275,-0.104148,9.63786
1770178338345575935,0.703582,-0.000103995,0.00832843,-0.710565,-0.0149137,0.0127832,-0.0127832,0.137667,-0.0933739,9.55646
1770178338365652479,0.703548,7.20283e-06,0.00864429,-0.710595,-0.00958738,0.0149137,-0.00852211,-0.190339,-0.383072,9.51695
1770178338385728510,0.703552,0.000209407,0.00887736,-0.710588,-0.00639159,0.0255663,0.00106526,-0.429759,-0.339977,9.4152
1770178338405808285,0.703553,0.000280512,0.00893475,-0.710587,0.02024,-0.0319579,-0.0117179,-0.512359,-0.393846,9.5385
1770178338425887005,0.703544,0.000342566,0.00884694,-0.710597,-0.0106526,-0.0245011,-0.0138484,-0.37589,-0.148441,9.51456
1770178338445965308,0.703526,0.000208392,0.00875124,-0.710616,0,-0.036219,-0.00639159,-0.181959,-0.342371,9.50618
1770178338466042972,0.703537,9.19847e-05,0.00856209,-0.710608,-0.0127832,-0.0330232,0.00213053,0.11133,-0.154426,9.46308
1770178338486112795,0.703525,-6.87715e-05,0.00837244,-0.710621,0.00958738,-0.00852211,-0.00745685,0.269348,-0.28491,9.53251
1770178338506182298,0.703529,-0.000149895,0.00818502,-0.710619,-0.0149137,-0.0340885,-0.0127832,0.373495,0.126893,9.59596
1770178338526254233,0.703493,-0.000245519,0.00818961,-0.710655,-0.0181095,0.00852211,-0.00958738,0.312443,-0.229843,9.63666
1770178338546326585,0.703501,-0.000230231,0.00831109,-0.710646,-0.0319579,0.0330232,-0.0138484,0.189142,-0.0646434,9.48702
1770178338566405624,0.703471,-0.00020526,0.00859559,-0.710672,-0.00958738,0.0106526,-0.00532632,-0.035913,-0.521936,9.50977
1770178338586491544,0.703491,-2.83375e-05,0.00878988,-0.710649,-0.0245011,0.015979,-0.00213053,-0.214281,-0.125696,9.45829
1770178338606564823,0.703455,3.61374e-05,0.0089044,-0.710684,0.00213053,-0.0127832,-0.00958738,-0.317232,-0.469264,9.48104
1770178338626639702,0.703441,0.000114454,0.00887988,-0.710698,-0.00958738,-0.00745685,-0.00319579,-0.296881,-0.234632,9.44153
1770178338646719094,0.703406,8.53362e-05,0.00880631,-0.710733,0.00319579,-0.0106526,-0.00319579,-0.207098,-0.519542,9.48224
1770178338666799253,0.703415,0.00011446,0.00862771,-0.710727,-0.00639159,-0.0287621,-0.00852211,-0.094571,-0.0526724,9.50139
1770178338686878293,0.703425,6.04995e-05,0.00846233,-0.71072,0.00745685,-0.015979,-0.00958738,0.141258,-0.159214,9.54209
1770178338706958132,0.703422,1.98988e-05,0.00831542,-0.710724,-0.0138484,-0.0213053,-0.00319579,0.266953,0.0849942,9.55526
1770178338727037140,0.70337,-0.000113661,0.00826316,-0.710776,-0.0117179,-0.0138484,-0.0170442,0.248997,-0.203507,9.57082
1770178338747116403,0.703379,-0.000119272,0.00823665,-0.710767,-0.0255663,0.00852211,-0.00532632,0.171185,-0.0861913,9.56484
1770178338767188370,0.703376,-0.00010295,0.0083592,-0.710769,-0.0213053,0.0170442,-0.00106526,0.035913,-0.241814,9.46189
1770178338787267634,0.703385,-1.61059e-05,0.00851762,-0.710758,-0.0287621,0.00958738,0.00213053,-0.0646434,-0.199916,9.40802
1770178338807344273,0.703342,-2.87609e-05,0.00871164,-0.710798,-0.0117179,-0.00852211,-0.015979,-0.216675,-0.333991,9.42956
1770178338827427761,0.703322,4.27154e-05,0.00879186,-0.710817,-0.0138484,-0.00532632,-0.00745685,-0.227449,-0.360327,9.59237
1770178338847507728,0.703303,1.78738e-06,0.00876571,-0.710837,0.00426106,-0.036219,-0.0149137,-0.262165,-0.418985,9.46069
1770178338867587471,0.703336,1.44895e-05,0.00862086,-0.710805,-0.00532632,-0.0490022,0.00639159,-0.138864,-0.209493,9.54927
1770178338887662479,0.703309,-6.49556e-05,0.00852238,-0.710833,-0.00426106,-0.0117179,-0.0170442,0.0526724,-0.259771,9.55526
1770178338907741646,0.703305,-6.86693e-05,0.00841222,-0.710838,-0.00958738,-0.0223706,-0.00745685,0.167594,-0.251391,9.57561
1770178338927816334,0.703308,-0.000103659,0.00836352,-0.710836,-0.0138484,-0.0127832,0.00426106,0.192733,-0.278924,9.66659
1770178338947892205,0.703327,-7.69205e-06,0.00829837,-0.710818,-0.00319579,-0.00852211,-0.00319579,0.164003,0.0454898,9.50977
1770178338967971020,0.703296,-1.80232e-05,0.00832371,-0.710848,-0.0138484,0.0106526,-0.00106526,0.0742203,-0.287304,9.52533
1770178338988048716,0.703291,4.83894e-06,0.0083896,-0.710852,-0.0340885,-0.00319579,0.0127832,0.00718261,-0.152032,9.46189
1770178339008118987,0.703256,-2.18403e-05,0.00854074,-0.710886,-0.0149137,0.00532632,0.00745685,-0.162806,-0.469264,9.44273
1770178339028208171,0.703264,9.72939e-05,0.00863622,-0.710876,-0.0213053,-0.00639159,-0.0106526,-0.229843,-0.289698,9.43555
1770178339048283786,0.703242,9.88766e-05,0.00868598,-0.710898,0.0106526,-0.02024,-0.00958738,-0.23942,-0.294487,9.46069
1770178339068369226,0.703225,5.52463e-05,0.00861702,-0.710915,-0.0127832,-0.04048,-0.00319579,-0.0670376,-0.258574,9.4978
1770178339088444041,0.703232,-0.0001184,0.00853941,-0.710909,0.00106526,-0.0276969,0.00213053,0.0191536,-0.361524,9.53371
1770178339108524168,0.703228,-0.000140794,0.00842692,-0.710915,-0.0117179,-0.0127832,-0.0127832,0.0191536,-0.205901,9.5373
1770178339128603272,0.703209,-0.000172958,0.00833738,-0.710935,0.00745685,-0.0117179,-0.0127832,0.101754,-0.229843,9.56962
1770178339148688807,0.703217,-0.000106828,0.00831696,-0.710927,-0.0117179,-0.00532632,-0.00426106,0.104148,-0.0814029,9.54209
1770178339168762823,0.703183,-0.000124179,0.0084254,-0.710959,-0.00852211,0.00639159,-0.0181095,0.134075,-0.229843,9.45231
1770178339188842342,0.703192,-7.04998e-05,0.00847247,-0.710949,-0.00532632,-0.0298274,-0.00426106,0.0215478,-0.299275,9.52653
1770178339208923430,0.703158,-3.83761e-05,0.0085346,-0.710983,0.00426106,-0.00532632,-0.00852211,-0.158017,-0.318429,9.46548
1770178339229007813,0.703175,8.49739e-05,0.00853057,-0.710966,-0.00319579,-0.0266316,-0.00319579,-0.166397,-0.172383,9.45351
1770178339249087781,0.703143,8.0369e-05,0.00858163,-0.710996,0.00958738,-0.0117179,-0.0170442,-0.138864,-0.386664,9.46548
1770178339269160356,0.703141,9.3973e-05,0.00853891,-0.710999,-0.00852211,0.00639159,-0.00639159,-0.071826,-0.274136,9.56364
1770178339289240259,0.703122,4.99127e-05,0.00854927,-0.711018,-0.00532632,-0.00852211,-0.0127832,-0.110133,-0.306458,9.65821
1770178339309316131,0.703146,6.18845e-05,0.00840872,-0.710996,-0.0106526,-0.00639159,0.00106526,0.0227449,-0.0658405,9.47745
1770178339329389858,0.703111,-3.21889e-05,0.00830258,-0.711031,0.00319579,-0.0298274,-0.00639159,0.0837971,-0.234632,9.60673
1770178339349467617,0.703116,-6.40603e-05,0.00826993,-0.711027,-0.036219,-0.0340885,-0.00106526,0.152032,-0.0646434,9.43675
1770178339369545121,0.703074,-0.000125522,0.00834701,-0.711068,-0.00426106,0.00852211,-0.00213053,0.0622492,-0.403423,9.43555
1770178339389617216,0.703096,-3.90444e-05,0.00839488,-0.711045,-0.0149137,-0.0170442,0.00213053,0.0263362,-0.183156,9.48463
1770178339409692863,0.703103,-3.61623e-05,0.00847157,-0.711037,-0.0213053,0.0138484,-0.00852211,-0.0514753,-0.280122,9.54808
1770178339429768063,0.703104,3.66842e-06,0.00850557,-0.711036,-0.0245011,-0.0181095,-0.00532632,-0.0742203,-0.253785,9.4966
1770178339449845694,0.703073,-5.51856e-05,0.00853806,-0.711066,-0.00639159,-0.00106526,-0.00319579,-0.116119,-0.433351,9.50498
1770178339469937214,0.703081,1.18394e-05,0.00851683,-0.711059,0,-0.00106526,-0.00745685,-0.124498,-0.216675,9.63666
1770178339490014781,0.703076,2.43583e-05,0.00849096,-0.711064,-0.00639159,0.00319579,0,-0.0706289,-0.286107,9.58399
1770178339510092509,0.703082,4.7784e-05,0.00838737,-0.711059,-0.0106526,-0.0127832,0,-0.0023942,-0.0526724,9.51456
1770178339530167452,0.703059,-2.25216e-05,0.00830276,-0.711083,0.00639159,0.00426106,-0.00958738,0.0646434,-0.305261,9.3721
1770178339550238043,0.703074,-4.07339e-05,0.00827362,-0.711068,-0.0106526,-0.0149137,-0.00106526,0.0873884,-0.149638,9.4128
1770178339570318747,0.703072,-4.39407e-05,0.0083382,-0.711069,0,-0.00213053,0.00852211,0.0275333,-0.268151,9.49301
1770178339590396090,0.703083,2.75173e-05,0.00833662,-0.711059,-0.0213053,-0.00958738,-0.00319579,-0.0215478,-0.0993594,9.53611
1770178339610471097,0.703049,4.85222e-06,0.00842131,-0.711092,-0.0117179,-0.0106526,-0.00745685,0.0299275,-0.329203,9.59237
1770178339630550617,0.703044,1.15035e-05,0.00844718,-0.711096,-0.015979,0.00213053,0,-0.0586579,-0.21069,9.56364
1770178339650625016,0.703009,-3.81469e-05,0.00850403,-0.71113,-0.00319579,-0.0117179,-0.00639159,-0.138864,-0.414197,9.52294
1770178339670697143,0.703013,1.12089e-05,0.00845574,-0.711127,-0.0117179,-0.0149137,-0.00426106,-0.112527,-0.158017,9.50498
1770178339690769303,0.703,-2.68592e-05,0.00843608,-0.71114,-0.0117179,-0.00958738,0.00106526,0.0011971,-0.325611,9.60195
1770178339710844630,0.703002,-4.93498e-05,0.0083745,-0.711139,-0.0138484,-0.0308927,-0.00213053,0.011971,-0.0646434,9.39604
1770178339730917205,0.702986,-0.000133101,0.00833785,-0.711155,0.0138484,0.00745685,-0.00745685,0.0466869,-0.457293,9.51216
1770178339750991765,0.703009,-8.67605e-05,0.00829971,-0.711132,-0.015979,-0.0106526,-0.00852211,0.0131681,-0.0802058,9.50019
1770178339771070900,0.702993,-5.35006e-05,0.00835961,-0.711148,-0.00426106,-0.00745685,-0.00319579,0.0395043,-0.257377,9.56364
1770178339791144915,0.702996,1.12536e-05,0.00835188,-0.711145,-0.00958738,-0.0181095,-0.0127832,0.0371101,-0.0778116,9.50019
1770178339811216243,0.70297,-4.79968e-05,0.00840014,-0.71117,-0.00532632,-0.0117179,-0.00532632,-0.0442927,-0.435745,9.51695
1770178339831295762,0.702964,-1.49964e-05,0.00840935,-0.711176,-0.0234358,0.0223706,-0.00852211,-0.164003,-0.114922,9.51935
1770178339851373298,0.702973,9.99899e-06,0.00843795,-0.711167,0.00426106,-0.00106526,-0.00319579,-0.137667,-0.336385,9.55526
1770178339871446577,0.702995,5.77613e-05,0.00844099,-0.711145,-0.015979,-0.0181095,0.0106526,-0.059855,-0.0538695,9.56244
1770178339891519696,0.702965,-5.28547e-05,0.00843276,-0.711174,-0.00319579,-0.0181095,-0.0181095,0.0023942,-0.403423,9.51336
1770178339911598320,0.702954,-7.74874e-05,0.0083532,-0.711186,-0.00532632,-0.00639159,-0.00213053,0.0227449,-0.177171,9.45949
1770178339931678255,0.702935,-0.000113123,0.00837802,-0.711205,-0.0127832,0.0106526,-0.015979,0.0131681,-0.363919,9.51815
1770178339951755758,0.702962,6.37183e-06,0.00835112,-0.711178,-0.0213053,0.00426106,-0.00106526,0.0371101,-0.0383072,9.47984
1770178339971829486,0.702924,-3.54865e-05,0.00834703,-0.711217,-0.00958738,-0.0149137,-0.00639159,0.0562637,-0.278924,9.63068
1770178339991908717,0.702926,-2.17539e-05,0.00834493,-0.711214,0.00426106,-0.0138484,-0.00213053,0.0287304,-0.220267,9.42118
1770178340011985837,0.702898,-7.5833e-05,0.00838799,-0.711241,0.0170442,-0.02024,-0.00958738,-0.0730232,-0.347159,9.64265
1770178340032061900,0.702936,2.39829e-06,0.00838688,-0.711204,-0.00745685,-0.0191748,-0.0117179,-0.0466869,-0.11971,9.48224
1770178340052142571,0.702912,-1.21798e-05,0.00843606,-0.711227,-0.00532632,-0.00639159,0,-0.059855,-0.314838,9.54568
1770178340072214347,0.702931,6.61422e-07,0.00841717,-0.711208,-0.0117179,-0.0234358,-0.00213053,-0.0347159,-0.0921768,9.36731
1770178340092291434,0.702907,-7.33619e-05,0.00839563,-0.711233,-0.00106526,-0.00852211,-0.00532632,-0.0311246,-0.480037,9.4966
1770178340112365289,0.70292,-7.2029e-05,0.00831326,-0.711221,-0.0266316,-0.0266316,0.00106526,-0.0311246,-0.0430956,9.51575
1770178340132437833,0.702893,-7.83815e-05,0.00832329,-0.711247,0,-0.00106526,-0.00532632,0.0454898,-0.339977,9.53491
1770178340152518312,0.702899,-5.48965e-05,0.0082881,-0.711241,-0.036219,-0.0138484,0.00213053,0.124498,-0.0263362,9.55406
1770178340172590119,0.702876,-0.00013948,0.0083277,-0.711264,-0.00426106,-0.0319579,-0.00426106,0.0179565,-0.407014,9.56843
1770178340192667783,0.702879,-0.000146253,0.00831313,-0.711261,-0.00852211,-0.0234358,-0.00745685,-0.0490811,-0.0670376,9.56962
1770178340212741190,0.702871,-0.000154299,0.00833183,-0.711268,-0.0106526,0.00639159,-0.00639159,-0.0407014,-0.40462,9.58399
1770178340232819750,0.702881,-5.49531e-05,0.00836544,-0.711258,-0.0255663,0.0181095,-0.00958738,-0.0706289,-0.0766145,9.47984
1770178340252893381,0.702865,-0.000101796,0.00845377,-0.711273,-0.0106526,0.00745685,-0.0117179,-0.0454898,-0.392649,9.4164
1770178340272968996,0.702843,-0.000108207,0.00842678,-0.711295,-0.0127832,-0.0266316,-0.00639159,-0.0227449,-0.21069,9.47745
1770178340293046916,0.702834,-0.000135114,0.00841263,-0.711304,0.00106526,-0.00639159,-0.0149137,-0.0454898,-0.304064,9.41041
1770178340313125219,0.702851,-7.29661e-05,0.00831009,-0.711288,-0.0223706,-0.0223706,-0.00958738,-0.0287304,0.0059855,9.47026
1770178340333199746,0.702814,-0.000105782,0.00831774,-0.711325,-0.00958738,-0.00213053,-0.00639159,0.0383072,-0.248997,9.41879
1770178340353278722,0.70281,-0.000101693,0.00833343,-0.711329,-0.0223706,-0.00532632,-0.0117179,0.0849942,-0.240617,9.52054
1770178340373350529,0.702784,-0.000156916,0.00834407,-0.711354,0.0138484,-0.0255663,-0.00745685,0.0275333,-0.360327,9.48822
1770178340393428000,0.702805,-0.000108625,0.00828454,-0.711334,-0.0149137,-0.0191748,-0.00532632,-0.0802058,-0.195127,9.53132
1770178340413503936,0.702774,-0.00013704,0.00829442,-0.711365,0.0181095,-0.0170442,-0.00639159,0.0167594,-0.171185,9.62469
1770178340433582719,0.702769,-0.000117109,0.00834052,-0.711369,-0.0276969,-0.0223706,-0.00852211,-0.0778116,-0.146046,9.52413
1770178340453659295,0.702737,-0.000165954,0.00843347,-0.711399,-0.00958738,0.00745685,0.00319579,-0.0263362,-0.274136,9.52413
1770178340473740542,0.702748,-9.60032e-05,0.00838849,-0.711389,0.00106526,-0.0287621,-0.00745685,-0.0706289,-0.292093,9.53251
1770178340493815229,0.702737,-0.000150351,0.00834705,-0.711401,0.00106526,-0.0181095,-0.0138484,-0.023942,-0.299275,9.55885
1770178340513898813,0.70274,-0.000125666,0.00828504,-0.711399,-0.0181095,-0.0138484,-0.0127832,0.0227449,-0.0514753,9.54568
1770178340533952956,0.702703,-0.000203288,0.00831172,-0.711435,-0.00745685,-0.00852211,-0.00958738,0.0143652,-0.387861,9.57561
1770178340554024347,0.702711,-0.000171937,0.00834492,-0.711427,-0.0117179,-0.0127832,-0.00106526,-0.0766145,-0.281319,9.49181
1770178340574122555,0.702686,-0.000145059,0.00835457,-0.711451,0.00106526,-0.00319579,-0.00958738,-0.0131681,-0.343568,9.56843
1770178340594195802,0.702676,-0.000103891,0.00829846,-0.711461,-0.02024,-0.00213053,-0.00532632,-0.059855,-0.137667,9.46428
1770178340614276762,0.70264,-0.000155976,0.00830631,-0.711497,-0.00958738,-0.0149137,-0.015979,-0.0107739,-0.296881,9.51216
1770178340634356601,0.702646,-0.000154326,0.00831738,-0.711492,-0.015979,-0.015979,-0.00958738,-0.0191536,-0.1652,9.58279
1770178340654433016,0.702629,-0.000153034,0.00836229,-0.711507,0.00213053,-0.00213053,-0.0138484,-0.0550666,-0.397437,9.54209
1770178340674515224,0.702642,-6.45918e-05,0.00833893,-0.711495,-0.015979,-0.00639159,-0.0127832,-0.0646434,-0.152032,9.55885
1770178340694585271,0.702609,-9.17486e-05,0.00835613,-0.711527,-0.00319579,0.00106526,-0.00426106,-0.0227449,-0.23942,9.52533
1770178340714663671,0.702597,-0.00012465,0.00828088,-0.71154,-0.00532632,-0.02024,-0.0106526,0.0418985,-0.257377,9.50378
1770178340734742454,0.702562,-0.00020027,0.00825941,-0.711575,-0.00532632,-0.0234358,-0.00213053,-0.0442927,-0.379481,9.41999
1770178340754818709,0.70257,-0.000127477,0.00821626,-0.711567,-0.00745685,-0.0234358,-0.00213053,-0.0383072,-0.174777,9.53371
1770178340774900021,0.70255,-0.000146609,0.00826269,-0.711586,-0.0127832,-0.0117179,-0.0117179,0.0023942,-0.235829,9.46548
1770178340794978804,0.702567,-0.00011286,0.00829198,-0.71157,-0.0213053,-0.0181095,0.00213053,0.023942,-0.126893,9.59955
1770178340815060244,0.70252,-0.000185062,0.00833371,-0.711615,-0.00213053,-0.00639159,-0.00745685,-0.0371101,-0.316035,9.56005
1770178340835135955,0.702539,-0.000145424,0.00827896,-0.711597,-0.0106526,-0.0170442,-0.00958738,-0.0131681,-0.211887,9.50259
1770178340855206098,0.702536,-0.000148418,0.00823345,-0.711601,0.00532632,-0.00958738,0,-0.059855,-0.356736,9.51695
1770178340875287474,0.702533,-0.000140251,0.00820849,-0.711604,-0.0181095,-0.0255663,-0.00958738,0.0107739,-0.129287,9.41041
1770178340895365937,0.702501,-0.000182807,0.00824919,-0.711635,0.0117179,-0.0255663,-0.0213053,0.0143652,-0.436942,9.52054
1770178340915447441,0.702497,-0.000167875,0.00824503,-0.711639,-0.0138484,-0.00106526,-0.0117179,-0.0215478,-0.21069,9.47146
1770178340935525264,0.702479,-0.000202371,0.00823434,-0.711656,0.00532632,-0.015979,-0.00639159,-0.0885855,-0.347159,9.52413
1770178340955601328,0.702499,-0.000148419,0.00816568,-0.711638,-0.0106526,0.00426106,-0.015979,0.0059855,-0.0586579,9.5373
1770178340975679823,0.702473,-0.000243158,0.00821049,-0.711663,-0.0245011,0,-0.0117179,-0.047884,-0.259771,9.52892
1770178340995756814,0.702481,-0.000235127,0.0082056,-0.711655,-0.0127832,-0.00958738,-0.00426106,0.0107739,-0.197522,9.56005
1770178341015833838,0.702473,-0.000256887,0.00829676,-0.711662,-0.00106526,-0.00319579,-0.00958738,-0.047884,-0.357933,9.51216
1770178341035907085,0.702487,-0.000177308,0.00825744,-0.711649,-0.0213053,-0.00319579,-0.00532632,-0.0514753,-0.148441,9.5373
1770178341055984812,0.702468,-0.000247024,0.00824553,-0.711668,-0.00213053,-0.0181095,-0.00319579,0.0143652,-0.29329,9.4547
1770178341076061804,0.702457,-0.00027305,0.00819459,-0.711679,-0.00958738,-0.00852211,0.00106526,0.0215478,-0.237026,9.47505
1770178341096139467,0.702431,-0.000331285,0.00821646,-0.711704,-0.0117179,-0.00852211,-0.0106526,-0.0921768,-0.403423,9.46667
1770178341116208746,0.702456,-0.000234809,0.00822474,-0.711679,-0.0127832,-0.0149137,0,-0.071826,-0.0921768,9.55047
1770178341136282794,0.702433,-0.000223395,0.00822664,-0.711702,-0.00639159,-0.00106526,-0.00426106,-0.0323217,-0.229843,9.5792
1770178341156359433,0.702434,-0.000198171,0.00820139,-0.711702,-0.0149137,-0.0191748,-0.0117179,0.0215478,-0.0754174,9.5397
1770178341176434376,0.702393,-0.000279762,0.0082223,-0.711742,-0.00852211,0.00319579,-0.00426106,-0.0167594,-0.332794,9.56124
1770178341196512424,0.702419,-0.000245121,0.00817733,-0.711717,-0.00958738,-0.00319579,-0.00213053,-0.0143652,-0.190339,9.46189
1770178341216590407,0.702398,-0.000236002,0.008211,-0.711737,-0.00213053,-0.00532632,-0.00426106,-0.0514753,-0.344765,9.57202
1770178341236664039,0.702383,-0.000177603,0.00822184,-0.711752,-0.0213053,-0.0149137,-0.0138484,0.0011971,-0.118513,9.49301
1770178341256739430,0.702351,-0.000241381,0.00828683,-0.711783,0.00639159,-0.00852211,-0.0106526,0.0203507,-0.512359,9.56244
1770178341276814277,0.702352,-0.000252668,0.00824205,-0.711782,-0.00958738,-0.0149137,-0.00213053,-0.0526724,-0.161609,9.55526
1770178341296892165,0.702335,-0.000269745,0.0081965,-0.711799,0.00852211,-0.0149137,-0.0138484,-0.047884,-0.349553,9.56603
1770178341316969636,0.70235,-0.000188413,0.00814093,-0.711786,-0.0223706,-0.0106526,0.00319579,0.00957681,-0.011971,9.46308
1770178341337047715,0.702317,-0.000240547,0.0081428,-0.711818,-0.00426106,-0.00426106,-0.00958738,0,-0.278924,9.53491
1770178341357124579,0.7023,-0.000234504,0.00817394,-0.711834,-0.0255663,0.00426106,-0.00532632,0.0275333,-0.114922,9.47745
1770178341377201474,0.702293,-0.00026517,0.00818446,-0.711841,0.00426106,0.00106526,0.00213053,-0.0143652,-0.407014,9.53371
1770178341397278978,0.702312,-0.000208167,0.00809689,-0.711823,-0.0191748,-0.0223706,0.00106526,-0.035913,-0.0574608,9.50977
1770178341417355713,0.702261,-0.000250034,0.00808038,-0.711874,0.02024,-0.00852211,-0.02024,-0.00957681,-0.344765,9.55646
1770178341437433920,0.70225,-0.00025325,0.0081027,-0.711884,-0.0308927,-0.00639159,0.00106526,-0.0011971,-0.181959,9.53491
1770178341457512128,0.702228,-0.000286471,0.00819702,-0.711904,0.00319579,-0.00426106,-0.00745685,-0.0933739,-0.435745,9.52054
1770178341477590783,0.702251,-0.000226524,0.00816524,-0.711882,-0.00319579,-0.00106526,0.00213053,-0.113725,-0.0550666,9.45231
1770178341497672895,0.702228,-0.000248333,0.00815284,-0.711905,-0.00319579,-0.00852211,-0.00106526,-0.00837971,-0.299275,9.49899
1770178341517749022,0.702237,-0.000233448,0.00809556,-0.711897,-0.0127832,-0.0245011,-0.00745685,0.00957681,-0.0694318,9.47386
1770178341537833342,0.702198,-0.000334231,0.00811796,-0.711936,-0.00426106,-0.0245011,-0.00319579,-0.0227449,-0.363919,9.56843
1770178341557938462,0.702211,-0.000263843,0.00811818,-0.711922,-0.0234358,-0.00639159,0.00426106,0,-0.131681,9.55047
1770178341578016253,0.702183,-0.000247029,0.00814713,-0.71195,0.00106526,-0.02024,0.00106526,-0.0275333,-0.336385,9.51575
1770178341598094460,0.702193,-0.00018395,0.00810567,-0.71194,-0.0117179,-0.0170442,-0.00213053,0.0418985,-0.0837971,9.51336
1770178341618171228,0.702149,-0.000262061,0.00811783,-0.711984,0.00532632,-0.0117179,-0.0117179,0.0203507,-0.497994,9.56124
1770178341638255547,0.702154,-0.000263977,0.00810354,-0.711979,-0.0127832,-0.0127832,0,-0.035913,-0.131681,9.54089
1770178341658332123,0.702137,-0.000283871,0.00809045,-0.711996,0.00639159,0.00852211,-0.00426106,-0.0957681,-0.379481,9.56124
1770178341678410042,0.702159,-0.000203645,0.00806834,-0.711975,-0.0170442,-0.0138484,-0.00745685,-0.0263362,-0.0263362,9.44153
1770178341698487001,0.7021,-0.000245668,0.00815777,-0.712031,-0.00852211,-0.00745685,-0.00958738,-0.00957681,-0.345962,9.47864
1770178341718563801,0.702102,-0.000269022,0.00815225,-0.71203,-0.0234358,-0.0138484,0.00106526,0.0047884,-0.110133,9.48343
1770178341738641368,0.702098,-0.000288028,0.00812953,-0.712034,0.00426106,-0.0298274,-0.00532632,-0.0514753,-0.411803,9.48343
1770178341758718680,0.702094,-0.000243785,0.0080543,-0.712039,-0.0117179,0.00106526,-0.00852211,-0.0335188,-0.0550666,9.55167
1770178341778795543,0.702059,-0.000261881,0.00808599,-0.712073,-0.00106526,-0.00213053,-0.0170442,0.071826,-0.363919,9.4559
1770178341798871478,0.702088,-0.000258597,0.00813356,-0.712044,-0.0191748,0.00532632,-0.00639159,0.0299275,-0.184354,9.54568
1770178341818947190,0.70206,-0.000293195,0.00820193,-0.71207,0.00213053,0.00745685,0.0106526,-0.0814029,-0.440533,9.50857
1770178341839023413,0.702071,-0.000231006,0.0081743,-0.71206,0.00213053,-0.0308927,0.00106526,-0.0778116,-0.0873884,9.4978
1770178341859101525,0.702061,-0.000253371,0.00812096,-0.71207,0.00213053,-0.02024,-0.00958738,-0.0011971,-0.192733,9.49181
1770178341879187796,0.70206,-0.000244572,0.00809629,-0.712072,-0.015979,-0.0276969,-0.00852211,-0.0323217,-0.0909797,9.44034
1770178341899263795,0.70203,-0.000296863,0.00816612,-0.7121,-0.0149137,0.0127832,-0.00426106,0.0047884,-0.377087,9.57322
1770178341919343763,0.702062,-0.000269538,0.00818562,-0.712069,-0.015979,-0.0106526,-0.00106526,-0.0442927,-0.209493,9.58998
1770178341939428082,0.702057,-0.000266164,0.0081718,-0.712073,0.0138484,-0.0213053,0,-0.0526724,-0.213084,9.54808
1770178341959509202,0.702053,-0.000234835,0.00809286,-0.712079,-0.0170442,-0.00319579,-0.00639159,-0.0107739,-0.149638,9.58638
1770178341979587921,0.702035,-0.000319865,0.00810881,-0.712097,-0.0106526,-0.0276969,-0.00106526,0.0610521,-0.272939,9.42956
1770178341999658545,0.702018,-0.000299431,0.00811524,-0.712113,-0.0127832,-0.00426106,-0.00745685,-0.0514753,-0.310049,9.40323
1770178342019736560,0.702003,-0.000280394,0.00816975,-0.712127,-0.00745685,-0.00958738,-0.0138484,-0.0873884,-0.271742,9.46667
1770178342039822192,0.702007,-0.000195418,0.0081242,-0.712123,-0.00532632,-0.0181095,-0.0127832,-0.023942,-0.0622492,9.50259
1770178342059896239,0.701972,-0.000281905,0.00810777,-0.712159,-0.00319579,-0.0170442,-0.0106526,-0.0035913,-0.306458,9.52892
1770178342079975182,0.701962,-0.000298466,0.00808016,-0.712169,-0.0308927,-0.0117179,-0.00319579,-0.0167594,-0.0981623,9.48463
1770178342100053582,0.701958,-0.000301612,0.00812172,-0.712172,0.00106526,-0.0181095,0.00426106,-0.0335188,-0.429759,9.46428
1770178342120126861,0.701979,-0.000213278,0.00809713,-0.712151,-0.0106526,0.015979,-0.00426106,-0.011971,-0.0514753,9.47146
1770178342140213101,0.701946,-0.000210932,0.0081411,-0.712184,-0.00213053,-0.00319579,0.00532632,0.0490811,-0.387861,9.54329
1770178342160298156,0.70193,-0.000194738,0.00812471,-0.7122,-0.00958738,-0.0255663,-0.00639159,0.0215478,-0.17358,9.57202
1770178342180377900,0.701895,-0.000277765,0.00813788,-0.712234,-0.0138484,-0.0138484,-0.0170442,-0.0658405,-0.383072,9.65462
1770178342200453771,0.70191,-0.00021545,0.00810044,-0.712219,-0.00319579,-0.0223706,-0.00532632,-0.104148,-0.171185,9.51456
1770178342220523978,0.701891,-0.000208352,0.00811942,-0.712238,0.00213053,0.00852211,0.00106526,-0.0215478,-0.204704,9.54688
1770178342240609258,0.70189,-0.000147483,0.00813652,-0.712239,-0.0245011,-0.00426106,0.00426106,0.0215478,-0.135272,9.64863
1770178342260688489,0.701857,-0.000224866,0.00817262,-0.712271,-0.00639159,-0.0245011,-0.00213053,-0.0562637,-0.258574,9.56364
1770178342280763689,0.70188,-0.000190035,0.00812675,-0.712249,-0.0106526,-0.015979,0,-0.0251391,-0.233435,9.50737
1770178342300838856,0.701855,-0.000202722,0.00810895,-0.712274,-0.00852211,-0.0245011,-0.0127832,-0.0550666,-0.208296,9.58638
1770178342320919399,0.701866,-0.000131197,0.00808655,-0.712263,-0.0213053,0.0106526,-0.00958738,0.0610521,-0.175974,9.41999
1770178342340996071,0.701833,-0.000209799,0.00814394,-0.712295,-0.0138484,-0.00426106,-0.00532632,0.0227449,-0.33878,9.44153
1770178342361075814,0.701856,-0.000217331,0.00818398,-0.712272,-0.0266316,-0.0181095,-0.00213053,-0.047884,-0.27653,9.40802
1770178342381156582,0.701837,-0.000242643,0.00815244,-0.712291,0.00958738,0,-0.00319579,-0.105345,-0.32202,9.57202
1770178342401233989,0.701867,-0.000197255,0.00807404,-0.712263,-0.0213053,-0.0191748,0.00213053,0,-0.0430956,9.54329
1770178342421313540,0.701837,-0.000208027,0.00810051,-0.712291,0.00532632,0.00213053,-0.00106526,0.00718261,-0.311246,9.54808
1770178342441389348,0.701822,-0.000191476,0.00816066,-0.712305,-0.0213053,-0.0213053,-0.00319579,-0.0466869,-0.105345,9.53132
1770178342461467715,0.701801,-0.00023082,0.00820822,-0.712326,-0.0138484,-0.0149137,-0.00426106,-0.0215478,-0.351948,9.55765
1770178342481541411,0.701831,-0.000176201,0.0081335,-0.712297,-0.00852211,0.00319579,-0.00532632,-0.0263362,-0.0993594,9.54329
1770178342501624834,0.701793,-0.000219718,0.00813197,-0.712335,-0.00319579,-0.00426106,-0.0106526,-0.0155623,-0.294487,9.5373
1770178342521698433,0.70179,-0.000196302,0.00813185,-0.712338,-0.0181095,0,-0.00319579,0.0442927,-0.2478,9.4559
1770178342541776065,0.701755,-0.000260764,0.00817561,-0.712371,-0.00319579,-0.0138484,-0.00426106,-0.0574608,-0.414197,9.47745
1770178342561857888,0.701771,-0.000177458,0.00817845,-0.712356,-0.0127832,0,-0.0117179,-0.0526724,-0.15682,9.50618
1770178342581939968,0.701753,-0.000187047,0.00815277,-0.712373,-0.00852211,0.00106526,-0.00958738,-0.0514753,-0.171185,9.48583
1770178342602016799,0.701745,-0.000198838,0.00807269,-0.712383,-0.0340885,0.00319579,-0.00426106,-0.0131681,-0.0897826,9.63307
1770178342622095839,0.70172,-0.000260584,0.00808949,-0.712407,-0.0170442,0.00319579,0.00532632,0.0107739,-0.296881,9.60913
1770178342642167102,0.701718,-0.000200143,0.00811966,-0.712409,-0.0181095,-0.0149137,-0.00426106,-0.0802058,-0.198719,9.4966
1770178342662247165,0.701704,-0.000184973,0.00814127,-0.712423,-0.00639159,-0.0117179,-0.0117179,-0.0371101,-0.288501,9.50139
1770178342682322429,0.701701,-0.000120196,0.00811247,-0.712426,-0.0149137,-0.0149137,-0.0245011,-0.0383072,-0.117316,9.48583
1770178342702403452,0.701652,-0.000205332,0.00812068,-0.712474,-0.00319579,-0.00532632,-0.0106526,0.0167594,-0.357933,9.48583
1770178342722483580,0.701671,-0.000197661,0.00805436,-0.712456,-0.00532632,-0.0234358,-0.0117179,-0.0335188,-0.258574,9.45231
1770178342742559291,0.701654,-0.000225665,0.00803456,-0.712472,0.00958738,0.00532632,0,-0.0802058,-0.295684,9.51815
1770178342762629914,0.701647,-0.000143728,0.0079985,-0.71248,-0.00852211,-0.0234358,-0.00958738,-0.0011971,-0.0514753,9.50378
1770178342782708826,0.701626,-0.000162553,0.0080907,-0.712499,-0.0181095,-0.0127832,0.00213053,0.0454898,-0.298078,9.67856
1770178342802785049,0.701597,-0.000174234,0.00809673,-0.712528,-0.0287621,-0.0106526,-0.015979,-0.0371101,-0.0957681,9.52294
1770178342822864152,0.701572,-0.000211324,0.00809162,-0.712553,0.00319579,-0.00958738,-0.00426106,-0.0179565,-0.446519,9.56484
1770178342842929719,0.701598,-0.000156797,0.00801717,-0.712528,-0.00532632,-0.00745685,-0.00319579,-0.0131681,-0.0921768,9.52533
1770178342863009751,0.701562,-0.000231048,0.00799954,-0.712564,-0.00213053,0.00319579,-0.00958738,-0.00837971,-0.345962,9.3314
1770178342883089270,0.701587,-0.000243159,0.00801844,-0.712539,-0.00532632,-0.0170442,-0.00958738,-0.0035913,-0.169988,9.42956
1770178342903166326,0.701569,-0.000256433,0.00810253,-0.712556,0.00639159,-0.00532632,-0.00426106,-0.0514753,-0.517148,9.43435
1770178342923243189,0.701584,-0.000180532,0.00807531,-0.712541,-0.015979,-0.0245011,0.00213053,-0.0897826,-0.0526724,9.53491
1770178342943327061,0.701565,-0.000205833,0.00805097,-0.71256,0.00213053,0.00319579,-0.00745685,-0.0502782,-0.235829,9.60075
1770178342963406356,0.70157,-0.000189361,0.00798015,-0.712555,-0.00745685,-0.0170442,-0.0149137,0.0335188,-0.0646434,9.58519
1770178342983483923,0.701542,-0.000271434,0.0080204,-0.712583,-0.00532632,-0.0276969,-0.00426106,-0.0311246,-0.341174,9.5792
1770178343003560851,0.701547,-0.000235968,0.00802438,-0.712578,-0.0138484,-0.00106526,-0.00852211,-0.0395043,-0.122104,9.56603
1770178343023637874,0.701539,-0.000193666,0.00806337,-0.712585,-0.00106526,-0.00639159,0.00213053,-0.0586579,-0.290895,9.60554
1770178343043718258,0.701542,-0.000135679,0.00804474,-0.712583,-0.0213053,-0.00639159,-0.00319579,0.0191536,-0.106542,9.42956
1770178343063797521,0.701498,-0.000270748,0.00804906,-0.712626,-0.0181095,-0.0117179,-0.0127832,0.0347159,-0.332794,9.55047
1770178343083875985,0.701503,-0.000268703,0.00800852,-0.712622,-0.015979,-0.0149137,-0.00213053,-0.035913,-0.251391,9.41879
1770178343103961840,0.701504,-0.0002913,0.00800775,-0.712621,0,-0.00319579,-0.00745685,-0.0969652,-0.326809,9.54089
1770178343124036367,0.701511,-0.000187313,0.00794642,-0.712614,-0.0138484,-0.00639159,-0.00319579,0.0347159,-0.0407014,9.53251
1770178343144117071,0.701463,-0.000233397,0.00800432,-0.712661,-0.00532632,-0.0117179,-0.00213053,-0.0490811,-0.259771,9.6223
1770178343164196718,0.701465,-0.000236228,0.00804314,-0.712658,-0.0181095,-0.0276969,-0.0127832,-0.0047884,-0.134075,9.51575
1770178343184271534,0.701448,-0.000304996,0.00800021,-0.712676,0.00106526,-0.0213053,-0.0117179,-0.0442927,-0.452504,9.49301
1770178343204345037,0.701461,-0.00023462,0.00791133,-0.712663,-0.00106526,-0.0106526,-0.00745685,-0.0275333,-0.035913,9.4559
1770178343224426540,0.701428,-0.000277761,0.00791064,-0.712696,0.00852211,-0.0106526,-0.00426106,-0.0754174,-0.366313,9.51935
1770178343244512076,0.701439,-0.000256938,0.00795404,-0.712686,-0.0170442,-0.00958738,0.00319579,0.0490811,-0.108936,9.46907
1770178343264593836,0.701409,-0.000286704,0.0080593,-0.712713,-0.0149137,0.015979,-0.00213053,-0.0383072,-0.472855,9.56484
1770178343284674859,0.70143,-0.000230924,0.00802911,-0.712693,-0.00639159,-0.0245011,-0.00319579,-0.112527,-0.0814029,9.51575
1770178343304760203,0.701403,-0.000252219,0.00799927,-0.71272,0.0117179,-0.02024,-0.0106526,-0.0047884,-0.277727,9.56484
1770178343324840458,0.70138,-0.000248815,0.00792672,-0.712743,-0.0319579,-0.0223706,-0.00639159,-0.00837971,-0.0622492,9.52533
1770178343344928330,0.701337,-0.00033135,0.00799196,-0.712785,-0.00852211,0.00532632,-0.00532632,-0.0251391,-0.308852,9.66779
1770178343365005705,0.701357,-0.000279391,0.00798979,-0.712765,-0.0106526,0.00532632,0.00426106,-0.0371101,-0.117316,9.56484
1770178343385090313,0.701351,-0.000255001,0.00803894,-0.712771,0.0138484,-0.015979,-0.00852211,-0.023942,-0.356736,9.56723
1770178343405167720,0.701352,-0.00018679,0.00799446,-0.71277,-0.0170442,-0.0138484,-0.00639159,0.0059855,-0.0323217,9.57082
1770178343425244455,0.701307,-0.000272186,0.00800819,-0.712815,-0.00532632,-0.0170442,-0.015979,0.0323217,-0.456095,9.4966
1770178343445327399,0.701315,-0.000267559,0.00798336,-0.712807,-0.0106526,-0.0308927,-0.00213053,-0.0466869,-0.201113,9.46069
1770178343465406214,0.701299,-0.000277318,0.00800757,-0.712822,0.00426106,0.00639159,-0.00319579,-0.059855,-0.368707,9.50498
1770178348498582796,0.698837,-0.000543886,0.00848629,-0.71523,-0.0234358,0.0117179,-0.0106526,0.0395043,-0.302867,9.50019
1770178348518660428,0.698832,-0.000571534,0.0085386,-0.715235,0.00213053,0,-0.0149137,-0.0299275,-0.265756,9.47625
1770178348538737899,0.69885,-0.000643984,0.00857859,-0.715217,-0.0958738,-0.0191748,0.0106526,-0.0682347,-0.0155623,9.43914
1770178348558811850,0.698849,-0.00154484,0.00912327,-0.715209,-0.123571,-0.0298274,-0.0117179,-0.0514753,-0.162806,9.3745
1770178348578890954,0.698835,-0.00154777,0.0091148,-0.715223,0.0639159,-0.00426106,-0.00958738,0.113725,-0.545878,9.39245
1770178348598964393,0.698787,-0.000805248,0.00861204,-0.715278,0.092678,0.0127832,-0.0106526,0.187945,-0.347159,9.57561
1770178348619040073,0.698779,0.00015543,0.00804546,-0.715293,0.0585895,0.0181095,-0.00213053,0.179565,-0.21069,9.71088
1770178348639116296,0.698751,0.000435443,0.00792486,-0.715321,-0.0415453,0.00106526,-0.00106526,0.00718261,-0.0897826,9.50737
1770178348659188071,0.69873,4.59173e-05,0.00823721,-0.715338,-0.0490022,-0.015979,-0.0138484,-0.137667,-0.331597,9.40323
1770178348679261799,0.698736,-0.000335535,0.00852177,-0.715328,-0.0340885,-0.0266316,-0.00639159,-0.11971,-0.393846,9.42956
1770178348699341222,0.698719,-0.00053814,0.00866931,-0.715343,-0.0308927,-0.0138484,0.00213053,-0.114922,-0.246603,9.56124
1770178348719413125,0.698742,-0.000536446,0.00866324,-0.715321,0.00745685,-0.0213053,-0.00213053,-0.117316,-0.138864,9.51456
1770178348739487397,0.698708,-0.000334663,0.00848491,-0.715357,-0.00213053,-0.0138484,-0.0106526,-0.00957681,0.0191536,9.5792
1770178348759564804,0.698714,-0.000266972,0.00827264,-0.715353,0.00745685,-0.015979,-0.0117179,0.0323217,-0.094571,9.51336
1770178348779638691,0.698665,-0.00029143,0.00819238,-0.715402,-0.0191748,-0.0117179,0.00319579,0.122104,-0.137667,9.49421
1770178348799715491,0.698694,-0.000496487,0.00832152,-0.715372,-0.052198,0.00852211,-0.00106526,0.0885855,-0.213084,9.50737
1770178348819791938,0.698679,-0.000767853,0.00858676,-0.715384,-0.0415453,-0.0191748,-0.015979,0.0059855,-0.234632,9.50019
1770178348839865441,0.698678,-0.000946853,0.00877753,-0.715382,-0.0287621,0.00319579,-0.00958738,0.0418985,-0.351948,9.47984
1770178348859940097,0.698647,-0.00104414,0.00885811,-0.715411,-0.0127832,-0.00639159,-0.0106526,-0.0550666,-0.47884,9.51456
1770178348880021056,0.698636,-0.00100583,0.00886823,-0.715422,0.0106526,-0.0138484,0,-0.107739,-0.409408,9.47026
1770178348900097856,0.698631,-0.00092407,0.00880825,-0.715428,-0.00213053,-0.02024,-0.00958738,-0.0969652,-0.377087,9.50618
1770178348920182303,0.69864,-0.000883197,0.00880515,-0.715419,-0.0149137,-0.0117179,-0.00319579,-0.0011971,-0.197522,9.6199
1770178348940258110,0.698622,-0.000837692,0.00874324,-0.715437,0.0117179,-0.0234358,-0.00958738,0.0023942,-0.19393,9.56603
1770178348960333566,0.698605,-0.000767411,0.00863797,-0.715455,0.00213053,0.00213053,-0.00852211,0.102951,-0.213084,9.54927
1770178348980407613,0.698623,-0.000685145,0.00851674,-0.715439,-0.00745685,-0.0127832,-0.00852211,0.0514753,-0.184354,9.5385
1770178349000490397,0.698633,-0.000591769,0.00849723,-0.71543,0.00213053,-0.02024,-0.0181095,0.0023942,-0.117316,9.50498
1770178349020555260,0.698599,-0.000506545,0.00853358,-0.715462,-0.0245011,-0.00852211,-0.00639159,0.0323217,-0.144849,9.47146
1770178349040622555,0.698597,-0.000496629,0.00864805,-0.715463,-0.00745685,-0.00106526,-0.0138484,-0.0634463,-0.27653,9.51336
1770178349060696442,0.698565,-0.000538574,0.00874765,-0.715493,-0.0191748,-0.0127832,0,-0.0921768,-0.325611,9.51336
1770178349080774970,0.698588,-0.00060682,0.00873865,-0.715471,-0.0223706,-0.0276969,-0.0106526,-0.190339,-0.250194,9.51456
1770178349100851865,0.698556,-0.000678653,0.0086993,-0.715502,-0.0170442,-0.0287621,-0.00106526,-0.0826,-0.225055,9.48702
1770178349120928056,0.698569,-0.000754776,0.00868996,-0.71549,-0.0234358,-0.00745685,-0.0106526,-0.0574608,-0.246603,9.44872
1770178349141006168,0.698518,-0.000814767,0.00872069,-0.715539,-0.0106526,-0.00319579,-0.015979,0.0706289,-0.379481,9.47745
1770178349161088759,0.698553,-0.000815144,0.00870567,-0.715505,0,-0.015979,-0.00745685,0.0430956,-0.262165,9.49301
1770178349181163511,0.698526,-0.000795848,0.00866023,-0.715532,-0.00639159,-0.0181095,0.00213053,0.0610521,-0.262165,9.55287
1770178349201240534,0.698542,-0.000772303,0.008601,-0.715517,0.0351537,-0.02024,-0.0127832,0.0574608,-0.288501,9.59716
1770178349221320213,0.698497,-0.000708868,0.00858021,-0.715561,0,-0.00106526,-0.00852211,0.0742203,-0.332794,9.61272
1770178349241401173,0.698511,-0.000651345,0.00861768,-0.715547,-0.00745685,0.00426106,-0.00319579,-0.1652,-0.260968,9.59237
1770178349261480628,0.698484,-0.000614869,0.00872813,-0.715572,-0.015979,0.0138484,0.00106526,-0.0921768,-0.226252,9.52653
1770178349281559220,0.698512,-0.00054189,0.00872211,-0.715545,0.00426106,0,-0.00426106,-0.144849,-0.195127,9.42358
1770178349301636403,0.698455,-0.000470306,0.00863071,-0.715602,-0.0319579,-0.0213053,-0.00213053,0.0047884,-0.169988,9.45949
1770178349321709202,0.698455,-0.000508551,0.00858113,-0.715603,-0.00958738,-0.0149137,-0.00958738,-0.0861913,-0.190339,9.45231
1770178349341783698,0.69844,-0.000667417,0.00858432,-0.715617,-0.0266316,-0.0191748,-0.00213053,-0.0191536,-0.213084,9.51097
1770178349361863185,0.698473,-0.00073556,0.00861058,-0.715585,0.015979,-0.0245011,-0.0138484,-0.0371101,-0.248997,9.43794
1770178349381946545,0.698421,-0.000674256,0.00859008,-0.715636,-0.0127832,-0.00319579,-0.00958738,0.205901,-0.2478,9.5804
1770178349402023600,0.698438,-0.000707884,0.00864363,-0.715618,-0.0106526,-0.00745685,-0.0138484,0.035913,-0.325611,9.56484
1770178349422099248,0.698398,-0.000829151,0.00872398,-0.715656,-0.0127832,-0.02024,-0.00319579,0,-0.336385,9.47146
1770178349442170991,0.698428,-0.000831633,0.00870092,-0.715627,0.00532632,0.00426106,-0.00852211,-0.0921768,-0.299275,9.51815
1770178349462251310,0.698382,-0.000774005,0.00867474,-0.715672,-0.00852211,-0.0191748,-0.0117179,-0.0502782,-0.217872,9.46189
1770178349482329646,0.69839,-0.000715375,0.00865106,-0.715665,-0.00532632,0.00852211,0.00106526,-0.116119,-0.307655,9.53611
1770178349502406093,0.698346,-0.000689384,0.00869214,-0.715707,-0.0191748,-0.0106526,0,-0.0035913,-0.263362,9.56124
1770178349522481996,0.698374,-0.000642823,0.00869326,-0.71568,0.00745685,-0.0106526,0.00319579,-0.071826,-0.269348,9.51815
1770178349542554188,0.698354,-0.000579617,0.00863443,-0.7157,-0.00426106,-0.00639159,-0.0149137,0.0047884,-0.120907,9.53491
1770178349562632331,0.698364,-0.000603236,0.00855144,-0.715692,0.00106526,-0.0426106,-0.0106526,0.0418985,-0.233435,9.58998
1770178349582709098,0.698318,-0.000637184,0.00854381,-0.715737,-0.00958738,-0.0117179,-0.00958738,0.0909797,-0.250194,9.56603
1770178349602783914,0.69833,-0.000671046,0.00853287,-0.715725,-0.00426106,-0.00958738,0.00958738,-0.0574608,-0.290895,9.55885
1770178349622857609,0.698302,-0.000630666,0.00856376,-0.715752,-0.00319579,-0.00958738,0.00639159,-0.0263362,-0.215478,9.52773
1770178349642934024,0.698324,-0.000651981,0.0086332,-0.71573,-0.0287621,0.00213053,0,-0.0538695,-0.219069,9.52294
1770178349663014344,0.698274,-0.000695886,0.00870388,-0.715777,-0.0191748,-0.00532632,0.00532632,-0.0311246,-0.223858,9.48104
1770178349683093447,0.698271,-0.000741747,0.0087382,-0.715779,-0.00213053,0.00213053,-0.00106526,-0.094571,-0.223858,9.48942
1770178349703171271,0.698237,-0.000785906,0.00871322,-0.715813,-0.0149137,-0.0191748,-0.00852211,-0.0742203,-0.318429,9.60673
1770178349723251366,0.698266,-0.000787099,0.00866287,-0.715786,-0.00426106,-0.0308927,-0.00639159,-0.0383072,-0.2478,9.4954
1770178349743326182,0.69822,-0.000788208,0.00859011,-0.715831,-0.00958738,0,-0.00958738,0.0383072,-0.237026,9.59476
1770178349763405349,0.698205,-0.000754247,0.00859236,-0.715846,-0.00213053,-0.00319579,-0.00213053,0.0454898,-0.306458,9.45231
1770178349783483076,0.698165,-0.000715317,0.00862619,-0.715885,-0.0106526,0.00426106,-0.00532632,0.0035913,-0.312443,9.51456
1770178349803560932,0.69819,-0.000647464,0.00860471,-0.71586,0.0191748,-0.00319579,-0.00426106,-0.0490811,-0.19393,9.4547
1770178349823633155,0.698177,-0.000585106,0.00860878,-0.715873,-0.0276969,0.00319579,-0.00213053,-0.0311246,-0.137667,9.59835
1770178349843715267,0.69816,-0.000601446,0.00858762,-0.71589,-0.00958738,0.00639159,-0.0117179,0.0035913,-0.225055,9.55167
1770178349863795650,0.698108,-0.000630809,0.00859078,-0.71594,-0.015979,-0.0319579,-0.0117179,-0.0430956,-0.277727,9.52653
1770178349883872929,0.698113,-0.000649008,0.00863183,-0.715935,0,-0.00745685,-0.00745685,-0.0754174,-0.286107,9.52054
1770178349903948225,0.698089,-0.000616562,0.00868297,-0.715958,-0.0266316,-0.00852211,-0.00319579,-0.0251391,-0.149638,9.46787
1770178349924024256,0.698117,-0.000630499,0.00866653,-0.71593,0.00958738,-0.0181095,-0.0106526,0.0227449,-0.268151,9.42837
1770178349944098751,0.698063,-0.000680238,0.0087116,-0.715983,-0.0213053,-0.0170442,0.00319579,0.0430956,-0.363919,9.53251
1770178349964177567,0.698071,-0.000729005,0.00870674,-0.715976,0.02024,-0.015979,-0.00745685,-0.0550666,-0.341174,9.56005
1770178349984255614,0.698038,-0.000703388,0.00867871,-0.716008,-0.0138484,-0.0255663,-0.00852211,-0.0466869,-0.266953,9.65462
1770178350004334718,0.69804,-0.000667972,0.00867122,-0.716006,-0.0106526,0.0223706,-0.00639159,-0.0023942,-0.198719,9.4966
1770178350024415453,0.698007,-0.000653233,0.00870702,-0.716037,-0.0287621,-0.00319579,-0.00745685,0.0454898,-0.209493,9.57441
1770178350044494013,0.698,-0.000644793,0.00874642,-0.716043,-0.00213053,-0.015979,-0.00106526,-0.0622492,-0.257377,9.51216
1770178350064573660,0.697985,-0.000583712,0.00878732,-0.716058,-0.0255663,0.0117179,-0.00639159,-0.071826,-0.263362,9.55526
1770178350084654139,0.698015,-0.000548877,0.00875318,-0.71603,0.00852211,-0.0170442,-0.00852211,-0.0933739,-0.227449,9.47026
1770178350104732219,0.69798,-0.000553891,0.00867269,-0.716064,-0.00319579,-0.0255663,-0.00213053,0.0059855,-0.195127,9.59117
1770178350124804986,0.697974,-0.000613781,0.00862931,-0.716071,0.00745685,-0.0191748,0.00106526,0.0263362,-0.27653,9.42837
1770178350144879233,0.697945,-0.000606922,0.0086572,-0.716099,-0.0255663,-0.02024,-0.00213053,0.00837971,-0.304064,9.55167
1770178350164953897,0.697971,-0.000587446,0.00867561,-0.716074,0.00319579,0,-0.00213053,-0.0754174,-0.260968,9.48702
1770178350185031952,0.697936,-0.000556376,0.00869594,-0.716107,-0.0276969,-0.0298274,-0.0213053,0.0203507,-0.120907,9.62349
1770178350205109048,0.697921,-0.000584674,0.00874276,-0.716121,-0.00745685,0.00426106,0.00213053,-0.023942,-0.213084,9.61511
1770178350225188128,0.697882,-0.000642838,0.00875,-0.716159,-0.02024,-0.0213053,-0.00532632,0.0155623,-0.199916,9.50378
1770178350245268615,0.697882,-0.000659151,0.00872832,-0.716159,0.00958738,-0.0149137,-0.00106526,-0.0610521,-0.325611,9.47864
1770178350265348783,0.697855,-0.000617302,0.00873636,-0.716186,-0.0276969,-0.00106526,-0.00852211,-0.00718261,-0.21069,9.57322
1770178350285425302,0.697857,-0.000594445,0.00872601,-0.716184,0.00426106,-0.0287621,-0.0138484,-0.0371101,-0.282516,9.50378
1770178350305506302,0.697808,-0.000553446,0.00875333,-0.716231,-0.015979,-0.00426106,-0.00745685,0.0526724,-0.304064,9.60434
1770178350325584838,0.697791,0.000147904,0.00764996,-0.716261,1.24103,-0.413323,-0.0511327,0.860716,-3.7972,8.28514
1770178350345663373,0.697886,0.0114531,0.00093044,-0.716117,0.775512,0.143811,0.00426106,2.01472,0.174777,5.77242
1770178350365740565,0.697537,0.0147339,-0.00375053,-0.716388,0.0735032,-0.245011,-0.0330232,1.24618,0.323217,-1.82199
1770178350385816060,0.697142,0.00690236,0.00130979,-0.716899,-1.80136,-0.0245011,-0.0575243,3.31836,1.29646,10.0114
1770178350405891236,0.697455,-0.0033672,0.00913548,-0.716563,-0.80534,-0.216249,0.106526,2.14401,-1.10971,16.107
1770178350425939467,0.698339,-0.00581653,0.0135611,-0.715615,-0.543285,0.333428,0.1012,-0.325611,1.87346,2.83713
1770178350446014898,0.699084,-0.00432436,0.0158001,-0.714851,0.144876,0.0351537,0.0692422,-1.36709,-0.392649,11.4383
1770178350466092282,0.699072,-0.00355794,0.0162294,-0.714858,0.204531,0.0777643,-0.0436758,-2.16436,-1.21506,12.1602
1770178350486163009,0.698616,-0.00161645,0.0147599,-0.715343,0.314253,-0.120375,-0.0841559,-2.72939,-1.13126,6.67982
1770178350506241097,0.698027,0.000133911,0.011918,-0.715972,0.268447,-0.0756338,-0.0745685,-2.12366,-0.897826,12.6845
1770178350526316528,0.697801,0.00147828,0.00933147,-0.71623,0.256729,-0.168312,-0.0245011,-0.525527,-0.80086,9.22246
1770178350546394584,0.697824,0.0013003,0.0076772,-0.716227,0.0138484,-0.160855,-0.00426106,1.00676,-0.938527,8.71011
1770178350566467103,0.697771,-0.000298787,0.00688488,-0.716288,-0.123571,-0.145941,-0.0213053,2.04106,-0.798466,10.1873
1770178350586542023,0.697757,-0.00252492,0.00722857,-0.716294,-0.24075,-0.0862864,0.00532632,1.99437,-0.761356,8.99621
1770178350606622862,0.697831,-0.00457809,0.00831957,-0.7162,-0.295078,-0.0372843,0.00958738,2.03028,-0.62369,9.92037
1770178350626698934,0.697886,-0.00453436,0.00888295,-0.716139,0.194943,0.120375,-0.00745685,1.35033,-0.724246,8.86094
1770178350646778525,0.697863,-0.0024,0.00841092,-0.716177,0.0852211,0.125701,0.00958738,0.885855,0.633266,10.2867
1770178350666859013,0.697876,-0.000745394,0.00888131,-0.716163,0.125701,0.150202,-0.00426106,-0.207098,-0.232238,9.61751
1770178350686938093,0.697855,0.0020097,0.00860733,-0.716184,0.233293,0.144876,-0.0106526,-1.30484,0.0299275,9.56962
1770178350707013236,0.697793,0.00482473,0.00790564,-0.71624,0.234358,0.0862864,-0.00958738,-1.901,0.0490811,9.3338
1770178350727092316,0.697732,0.00709313,0.00686886,-0.71629,0.196009,0.00319579,-0.00852211,-1.95127,0.226252,9.43316
1770178350747168803,0.697709,0.0082474,0.00575835,-0.71631,0.092678,-0.0937433,-0.0117179,-1.52032,0.316035,9.28471
1770178350767245867,0.697672,0.00778119,0.00505327,-0.716358,-0.0458064,-0.147006,-0.0127832,-0.622492,0.209493,9.35295
1770178350787322994,0.697699,0.00656292,0.00450735,-0.716347,-0.1012,-0.152333,-0.0106526,0.268151,0.519542,9.61511
1770178350807399578,0.697731,0.00466761,0.00446334,-0.716331,-0.197074,-0.129962,0,0.961272,0.573411,9.58279
1770178350827471361,0.697732,0.00244265,0.00498717,-0.716338,-0.24288,-0.0788296,-0.00106526,1.3216,0.423774,9.55406
1770178350847549897,0.697755,0.000217427,0.00609473,-0.716311,-0.266316,-0.036219,-0.0106526,1.29646,0.114922,9.5397
1770178350867622768,0.697764,-0.00150796,0.00756697,-0.716286,-0.226901,0.0298274,-0.00106526,1.02592,-0.304064,9.56603
1770178350887702520,0.697799,-0.00228054,0.00905993,-0.716233,-0.0820253,0.0830906,0.0170442,0.508768,-0.90022,9.61631
1770178350907778559,0.697799,-0.00209051,0.00997136,-0.716222,-0.052198,0.0820253,-0.00852211,-0.124498,-0.906205,9.74679
1770178350927854855,0.697746,-0.00166,0.0107596,-0.716263,0.00958738,0.0628506,0.00106526,-0.761356,-1.21147,9.45829
1770178350947929070,0.697762,-0.00109461,0.0111573,-0.716242,0.0266316,0.0106526,-0.00639159,-1.11809,-1.06063,9.30626
1770178350968008854,0.69772,-0.000748533,0.0110947,-0.716284,0.0511327,-0.0308927,-0.015979,-1.20428,-1.09415,9.31704
1770178350988087550,0.697738,-0.000569352,0.010611,-0.716275,0.0639159,-0.0692422,-0.00532632,-0.835576,-0.720655,9.51935
1770178351008159909,0.69775,-0.000452518,0.00970138,-0.716276,0.0948085,-0.0862864,0.00106526,-0.228646,-0.468066,9.56723
1770178351028233164,0.697726,-0.000144708,0.00852611,-0.716314,0.107592,-0.0692422,-0.00639159,0.503979,-0.0107739,9.55406
1770178351048309748,0.697692,0.000423089,0.00730227,-0.716361,0.129962,-0.0181095,-0.00745685,0.901417,0.205901,9.49421
1770178351068390044,0.697708,0.00122547,0.00624618,-0.716354,0.0948085,0.0191748,-0.0149137,0.918176,0.621295,9.53611
1770178351088468387,0.697686,0.00203113,0.00563837,-0.716378,0.0447411,0.052198,-0.0106526,0.867898,0.611719,9.60195
1770178351108542827,0.69767,0.00270378,0.00564801,-0.716392,-0.015979,0.0628506,-0.00958738,0.547075,0.530316,9.54688
1770178351128621426,0.697621,0.00301639,0.00627249,-0.716433,-0.0596548,0.0628506,-0.00319579,-0.0873884,0.164003,9.50498
1770178351148701402,0.697612,0.00300428,0.00720305,-0.716433,-0.0905475,0.0351537,0.00213053,-0.767342,-0.143652,9.46308
1770178351168779553,0.697582,0.00278057,0.0080981,-0.716454,-0.0777643,-0.0170442,-0.00745685,-1.11091,-0.393846,9.46428
1770178351188857545,0.697606,0.00232074,0.00870552,-0.716425,-0.0798948,-0.0308927,-0.00958738,-1.04746,-0.506374,9.48343
1770178351208936081,0.697581,0.00165527,0.00893478,-0.716448,-0.0671116,-0.0639159,-0.0149137,-0.727837,-0.691924,9.43555
1770178351229014008,0.697583,0.00087794,0.00892332,-0.716448,-0.0575243,-0.0862864,-0.00639159,-0.203507,-0.628478,9.55526
1770178351249093600,0.697575,0.00013079,0.00868362,-0.716459,-0.0298274,-0.0820253,-0.00852211,0.36751,-0.378284,9.56244
1770178351269171367,0.697586,-0.000416169,0.00837395,-0.716452,-0.0138484,-0.0543285,0.00319579,0.657208,-0.326809,9.54927
1770178351289243951,0.697542,-0.000682465,0.00806631,-0.716498,0.0127832,-0.0266316,-0.0127832,0.975637,-0.260968,9.55406
1770178351309322550,0.697523,-0.000602043,0.00790581,-0.716519,0.0106526,0.02024,-0.0117179,0.889446,-0.2478,9.51575
1770178351329400638,0.697515,-0.000258054,0.00796492,-0.716526,0.0138484,0.0308927,-0.00319579,0.670376,-0.238223,9.60075
1770178351349473253,0.697525,0.000198716,0.00827238,-0.716513,-0.00958738,0.0607201,-0.00213053,0.20231,-0.228646,9.48702
1770178351369549293,0.697491,0.000719628,0.00867576,-0.716541,-0.00639159,0.056459,-0.00852211,-0.328006,-0.187945,9.49421
1770178351389627892,0.697474,0.00124293,0.00896949,-0.716553,0.0170442,0.0127832,-0.0138484,-0.769736,-0.344765,9.4571
1770178351409707580,0.697442,0.00167867,0.00897208,-0.716583,0.0351537,-0.0330232,-0.0106526,-0.901417,-0.392649,9.45829
1770178351429787396,0.697458,0.0019435,0.00873859,-0.716569,0.0223706,-0.0436758,-0.00852211,-0.818817,-0.216675,9.52653
1770178351449865611,0.697469,0.0019759,0.00835247,-0.716563,0.0191748,-0.0607201,-0.00213053,-0.387861,-0.0227449,9.46787
1770178351469938771,0.697466,0.00174025,0.00793345,-0.716572,-0.0138484,-0.0660464,-0.00745685,0.113725,0.0383072,9.54329
1770178351490015898,0.697429,0.00123082,0.00762529,-0.716613,-0.0319579,-0.0596548,-0.0191748,0.488417,0.106542,9.57681
1770178351510089730,0.697431,0.000793919,0.0075341,-0.716611,-0.0394148,-0.0255663,0.00426106,0.663194,-0.0670376,9.55287
1770178351530175273,0.697444,0.000555261,0.00760763,-0.716599,-0.0394148,0.00958738,-0.00958738,0.594959,-0.071826,9.51456
1770178351550262897,0.697435,0.000476231,0.00788803,-0.716604,-0.0298274,0.0245011,-0.00426106,0.447716,-0.244209,9.50618
1770178351570340377,0.697405,0.000503994,0.00834612,-0.716628,-0.0458064,0.0415453,-0.0127832,0.180762,-0.435745,9.53251
1770178351590417856,0.697385,0.000592268,0.00877541,-0.716643,-0.0170442,0.0127832,-0.015979,-0.262165,-0.566229,9.52773
1770178351610494088,0.697377,0.000710739,0.00907148,-0.716647,-0.0127832,0.00106526,-0.00213053,-0.539892,-0.590171,9.54329
1770178351630576303,0.697372,0.000868172,0.00915871,-0.71665,0.00532632,-0.00426106,0.00213053,-0.596156,-0.543484,9.51695
1770178351650664727,0.697338,0.00107636,0.00897535,-0.716686,0.0234358,-0.0213053,-0.0127832,-0.438139,-0.470461,9.42118
1770178351670743103,0.697335,0.00112853,0.00867326,-0.716692,0.0181095,-0.0383495,0.00852211,-0.222661,-0.298078,9.4966
1770178351690817286,0.697315,0.00109846,0.00821679,-0.716717,0.0351537,-0.0639159,-0.0138484,0.0395043,-0.0646434,9.53491
1770178351710903054,0.69732,0.00105715,0.00783047,-0.716717,0.0181095,-0.0447411,-0.0127832,0.316035,0.0658405,9.48942
1770178351731001622,0.697304,0.00108037,0.00762822,-0.716734,-0.0106526,-0.00745685,-0.0127832,0.422577,0.187945,9.4966
1770178351751083646,0.697281,0.00111456,0.00762634,-0.716757,-0.0106526,0.0245011,-0.00532632,0.433351,0.0778116,9.56244
1770178351771166917,0.696789,-0.001892,0.00852692,-0.717223,-0.765925,-0.289752,-0.0916127,4.00789,1.02472,19.9593
1770178351791249677,0.69649,-0.00462873,0.0112348,-0.717463,-0.104396,0.216249,0.164051,-2.06739,-2.38103,6.98389
1770178351811324500,0.698252,-0.000863792,0.0136095,-0.715722,0.761664,0.1012,0.335558,-3.24773,-3.95402,10.6542
1770178351831398332,0.699464,0.00561286,0.00990054,-0.714577,0.713727,0.285491,0.00213053,-0.337582,0.701501,1.75136
1770178351851476803,0.698452,0.0114078,0.00749799,-0.715527,0.331297,0.0756338,-0.204531,1.87107,1.1983,16.0148
1770178351871555883,0.696791,0.0159038,0.00370109,-0.717088,0.723314,0.0703074,-0.209857,1.06542,-1.56461,4.00191
1770178351891631251,0.695847,0.016263,-0.000115852,-0.718006,-0.107592,-0.421845,-0.0809601,1.0738,1.01993,7.99185
1770178351911711194,0.696074,0.0111921,-0.000949006,-0.717882,-0.771251,-0.264186,0.122505,0.617704,1.67953,10.1634
1770178351931788418,0.697407,0.00301205,0.00709619,-0.716634,-0.901214,-0.0958738,0.148072,-0.445322,-1.57778,7.4735
1770178351951864585,0.697786,-0.000186753,0.00927317,-0.716246,-0.230097,0.0458064,-0.0138484,-0.72664,0.760159,8.8358
1770178351971942321,0.697628,0.00112468,0.00962563,-0.716394,0.365386,-0.0340885,-0.0213053,-0.804452,-0.0670376,11.5365
1770178351992013592,0.697598,0.00149319,0.00903175,-0.716431,-0.183225,-0.015979,-0.0149137,-0.604536,2.00514,9.05846
1770178352012094304,0.69752,0.00104824,0.00878456,-0.71651,-0.0298274,-0.0809601,-0.00639159,-0.373495,0.439336,8.81545
1770178352032168263,0.697436,0.000937041,0.00858034,-0.716595,0.0692422,-0.0532632,-0.0127832,0.23104,-0.725443,9.84017
1770178352052241359,0.697322,0.000867282,0.00810274,-0.716712,-0.0692422,-0.0191748,-0.0234358,0.527921,-0.386664,9.54568
1770178352072317270,0.697347,-0.000576634,0.00867263,-0.716681,-0.223706,-0.0745685,-0.00106526,0.44173,-0.661997,9.36013
1770178352092401406,0.697395,-0.00273512,0.0100247,-0.716612,-0.217314,-0.0479369,-0.0138484,0.476446,-1.37188,9.72884
1770178352112482054,0.697359,-0.0041406,0.0110274,-0.716625,-0.0873517,0.00213053,0.00213053,0.476446,-1.51553,9.47984
1770178352132560589,0.697399,-0.00424058,0.0112954,-0.716581,0.0213053,0.0138484,0.00852211,0.36751,-1.14563,9.42118
1770178352152643157,0.697378,-0.00379448,0.0113127,-0.716604,0.0628506,0.0383495,-0.0181095,0.153229,-1.13485,9.50618
1770178352172720572,0.697342,-0.00280724,0.0109372,-0.71665,0.129962,0.0415453,-0.0181095,0.0335188,-0.797269,9.73004
1770178352192798276,0.697343,-0.00162555,0.0103357,-0.716661,0.155529,0.0447411,0.00426106,-0.147243,-0.602142,9.51695
1770178352212877899,0.697326,-0.000296215,0.00958211,-0.71669,0.165116,0.0213053,-0.00958738,-0.314838,-0.23104,9.56244
1770178352232956083,0.697304,0.00113669,0.00865949,-0.716722,0.157659,0.0234358,0,-0.446519,0.150835,9.54449
1770178352253033019,0.697315,0.00250851,0.007663,-0.716719,0.144876,-0.00532632,-0.00639159,-0.390255,0.527921,9.50139
1770178352273112866,0.697293,0.00370829,0.00677399,-0.716744,0.0948085,-0.00958738,-0.0223706,-0.246603,0.741005,9.54209
1770178352293186890,0.69723,0.00451802,0.0060385,-0.716808,0.0340885,-0.0319579,-0.0266316,-0.0897826,0.711078,9.43076
1770178352313271185,0.697189,0.00456901,0.00582383,-0.716849,-0.0372843,-0.0479369,-0.00852211,0.0251391,0.585382,9.51336
1770178352333347929,0.697205,0.00395373,0.00612765,-0.716835,-0.133158,-0.0106526,-0.00213053,0.0227449,0.32202,9.44273
1770178352353418912,0.697198,0.00282548,0.00691904,-0.71684,-0.18216,-0.0319579,-0.0127832,0.0179565,0.0754174,9.54089
1770178352373495464,0.697173,0.00134925,0.00798175,-0.716857,-0.196009,-0.04048,-0.00745685,-0.0203507,-0.241814,9.48463
1770178352393572463,0.697177,-0.000126622,0.00909088,-0.716842,-0.184291,-0.0490022,-0.00426106,-0.0299275,-0.611719,9.56364
1770178352413648471,0.697192,-0.00147069,0.0100981,-0.716812,-0.124636,-0.0255663,-0.00426106,-0.0897826,-0.739808,9.4978
1770178352433722654,0.697212,-0.00203288,0.0105498,-0.716784,-0.0351537,-0.0138484,-0.00213053,-0.0550666,-0.893037,9.4164
1770178352453801798,0.697208,-0.00209873,0.0105607,-0.716788,0.0181095,-0.0191748,-0.00426106,-0.0011971,-0.767342,9.46907
1770178352473880942,0.697155,-0.00203444,0.010394,-0.716843,0.0308927,-0.0191748,-0.015979,0.113725,-0.799663,9.4978
1770178352493961237,0.697168,-0.00195104,0.0102068,-0.716832,0.0255663,-0.0106526,-0.00106526,0.177171,-0.714669,9.47146
1770178352514038205,0.697171,-0.00174053,0.0100244,-0.716832,0.0319579,0,-0.00213053,0.142455,-0.566229,9.44034
1770178352534117124,0.697193,-0.00120432,0.00969368,-0.716817,0.0703074,0.00532632,0.00319579,0.161609,-0.295684,9.45829
1770178352554192748,0.697167,-0.000429472,0.0092378,-0.716849,0.096939,0.0138484,-0.00958738,0.126893,-0.129287,9.58279
1770178352574271443,0.697136,0.000486335,0.00869869,-0.716886,0.0788296,0.0181095,-0.0181095,-0.0131681,-0.0023942,9.55885
1770178352594348763,0.697119,0.00139737,0.00822756,-0.716907,0.072438,0.0372843,0,-0.175974,0.126893,9.60554
1770178352614427650,0.697113,0.00202997,0.00790882,-0.716915,0.0287621,0.0191748,-0.00639159,-0.220267,0.278924,9.47266
1770178352634503658,0.697103,0.00225453,0.00784366,-0.716925,-0.0170442,-0.0170442,-0.00852211,-0.282516,0.233435,9.58638
1770178352654574993,0.69708,0.00201185,0.00794803,-0.716946,-0.0671116,-0.0468716,-0.00532632,-0.19393,0.110133,9.44153
1770178352674655417,0.697078,0.00156612,0.00816022,-0.716947,-0.0617853,-0.0479369,-0.00319579,-0.172383,-0.141258,9.47864
1770178352694731521,0.697076,0.00106119,0.00839341,-0.716948,-0.0660464,-0.0106526,0.00213053,-0.0933739,-0.143652,9.51097
1770178352714809832,0.697087,0.000556626,0.00862535,-0.716934,-0.0671116,-0.0415453,-0.00745685,0.0670376,-0.25618,9.578
1770178352734882320,0.697074,0.000236603,0.00877641,-0.716946,-0.0458064,-0.0149137,-0.0191748,0.102951,-0.363919,9.5397
1770178352754962167,0.697019,-0.000368479,0.00902463,-0.716996,-0.0426106,-0.00745685,-0.00106526,0.20231,-0.587777,9.5373
1770178352775041599,0.697024,-0.00067538,0.00921271,-0.716988,-0.0426106,-0.0117179,-0.00319579,0.1652,-0.508768,9.4978
1770178352795113158,0.697031,-0.000786424,0.00938147,-0.716979,-0.0127832,0.00639159,-0.0149137,0.0694318,-0.577003,9.55646
1770178352815190318,0.697019,-0.000728832,0.0094486,-0.71699,-0.00106526,0.00426106,-0.00426106,0.0143652,-0.448913,9.51695
1770178352835262037,0.696988,-0.000492168,0.00933809,-0.717021,0.0340885,-0.00639159,-0.00852211,-0.0107739,-0.481235,9.48463
1770178352855340861,0.696982,-0.000134965,0.00915013,-0.71703,0.0308927,0.00106526,-0.00319579,-0.130484,-0.386664,9.40802
1770178352875419364,0.696971,0.000179001,0.00900076,-0.717042,0.0276969,-0.00106526,-0.015979,-0.15682,-0.244209,9.57202
1770178352895492076,0.696968,0.000524933,0.00883104,-0.717048,0.0170442,-0.00532632,-0.00106526,-0.155623,-0.0466869,9.58399
1770178352915566259,0.696957,0.000768372,0.00859202,-0.717061,0.0298274,-0.0149137,0.00106526,-0.0490811,-0.0203507,9.54568
1770178352935646843,0.696936,0.000876287,0.00838868,-0.717084,-0.00426106,-0.015979,0,-0.0179565,0.0430956,9.47864
1770178352955728322,0.696921,0.0009056,0.00832934,-0.717099,-0.0234358,-0.00639159,0,-0.0227449,0.0059855,9.54209
1770178352975808426,0.696941,0.000820088,0.00842913,-0.717078,-0.0255663,-0.0255663,-0.0117179,-0.0371101,0.0335188,9.53371
1770178352995887634,0.696903,0.000587538,0.00857741,-0.717114,-0.0426106,-0.0276969,-0.00639159,-0.0275333,-0.0418985,9.49301
1770178353015967673,0.696905,0.000277997,0.00875576,-0.71711,-0.0479369,-0.0106526,-0.02024,0.0011971,-0.237026,9.42238
1770178353036054785,0.696847,4.25791e-05,0.00892896,-0.717164,-0.0458064,-0.00106526,0.00532632,-0.0263362,-0.453701,9.50737
1770178353056133577,0.696881,-0.000137864,0.00909036,-0.717129,-0.0266316,-0.0181095,0.0106526,-0.112527,-0.407014,9.45111
1770178353076209904,0.696866,-0.00025945,0.00921451,-0.717142,-0.0234358,-0.00319579,-0.00639159,0.0574608,-0.460884,9.55047
1770178353096288664,0.696883,-0.000330563,0.00925895,-0.717125,-0.0106526,-0.0106526,0.0127832,0.0514753,-0.413,9.54808
1770178353116363743,0.696845,-0.000306398,0.00923299,-0.717162,0.0106526,0,0,0.0275333,-0.465672,9.52533
1770178353136438535,0.69682,-0.00016711,0.00908839,-0.717188,0.0149137,-0.00745685,-0.00106526,-0.00957681,-0.319626,9.49062
1770178353156523854,0.696831,7.58434e-05,0.00898524,-0.717179,0.00532632,-0.00852211,-0.0138484,0.0263362,-0.275333,9.50139
1770178353176603606,0.696828,0.000270401,0.00887812,-0.717184,0.00639159,0.00426106,-0.0106526,0.0215478,-0.125696,9.48104
1770178353196682110,0.69682,0.000438854,0.00882835,-0.717192,-0.00213053,0.00319579,-0.00639159,0.0323217,-0.126893,9.5373
1770178353216756485,0.696816,0.000557618,0.00873991,-0.717197,-0.00106526,0.0127832,-0.00106526,-0.0730232,-0.0981623,9.49181
1770178353236841837,0.696806,0.000666845,0.00869476,-0.717206,-0.00639159,-0.0106526,0,-0.0897826,-0.110133,9.48822
1770178353256916948,0.696814,0.000703775,0.00871683,-0.717198,-0.0191748,-0.015979,0.00213053,-0.11971,-0.0167594,9.52533
1770178353276996508,0.696807,0.000609076,0.00878427,-0.717205,-0.036219,-0.0149137,-0.00745685,-0.0526724,-0.1652,9.48822
1770178353297074691,0.696806,0.000404164,0.00885381,-0.717205,-0.0287621,-0.0181095,-0.00532632,-0.0023942,-0.286107,9.52413
1770178353317154539,0.696801,0.000200649,0.00890057,-0.717209,-0.0149137,0.00213053,0.00106526,-0.071826,-0.299275,9.55406
1770178353337232019,0.696805,4.36909e-05,0.00890992,-0.717205,-0.0127832,-0.0191748,-0.0106526,0.00718261,-0.317232,9.50857
1770178353357316154,0.6968,-5.79384e-05,0.00894173,-0.717209,-0.015979,-0.0170442,0.00213053,0.0826,-0.264559,9.59117
1770178353377398018,0.696774,-0.000145428,0.00898705,-0.717235,-0.0106526,0,-0.00106526,0.101754,-0.331597,9.44752
1770178353397470889,0.696741,-0.000169505,0.00901046,-0.717266,-0.015979,-0.015979,0.00213053,0.0754174,-0.408211,9.60314
1770178353417542289,0.696757,-0.000102767,0.00897117,-0.717251,0.00532632,-0.00852211,-0.00745685,0.035913,-0.32202,9.47505
1770178353437617368,0.696757,3.19649e-05,0.0089198,-0.717252,0.00426106,-0.00532632,-0.00852211,-0.0562637,-0.265756,9.50857
1770178353457696704,0.696747,0.000216005,0.00890818,-0.717262,-0.00213053,0.00532632,-0.0149137,0.0323217,-0.181959,9.53611
1770178353477771399,0.696733,0.00033683,0.00893353,-0.717275,0.00213053,0.0234358,-0.00532632,-0.0778116,-0.325611,9.51935
1770178353497848783,0.696714,0.000394315,0.00886198,-0.717294,0.00532632,-0.015979,-0.00639159,-0.134075,-0.114922,9.39365
1770178353517942711,0.696709,0.000475926,0.00876206,-0.7173,0.00213053,-0.0255663,-0.00106526,-0.120907,-0.140061,9.52653
1770178353538015262,0.696707,0.000466071,0.00871766,-0.717303,-0.0308927,-0.0127832,0.00213053,-0.0215478,-0.0167594,9.6211
1770178353558091494,0.696688,0.000403139,0.00876164,-0.717321,-0.0298274,-0.0127832,-0.0191748,-0.0263362,-0.107739,9.56962
1770178353578164365,0.696685,0.00030893,0.00885332,-0.717322,-0.0138484,-0.036219,-0.0117179,0.0179565,-0.178368,9.55287
1770178353598238133,0.69668,0.000211587,0.00886624,-0.717328,-0.0170442,-0.0213053,-0.0138484,-0.0035913,-0.281319,9.65701
1770178353618314492,0.696689,0.000121198,0.00891807,-0.717317,-0.0276969,-0.0149137,0.00213053,0.0311246,-0.203507,9.54329
1770178353638397028,0.696651,3.25063e-05,0.00898176,-0.717354,-0.0191748,-0.0106526,-0.00426106,0.0766145,-0.31364,9.53251
1770178353658485100,0.696633,-6.41864e-05,0.00905344,-0.71737,-0.0181095,-0.00745685,-0.00639159,0.0287304,-0.424971,9.46787
1770178353678571507,0.696617,-4.28099e-05,0.00911193,-0.717385,0.00532632,-0.0170442,-0.00106526,-0.0550666,-0.398635,9.50737
1770178353698655963,0.696618,-7.23316e-06,0.00904694,-0.717385,0,-0.00852211,-0.0127832,-0.0502782,-0.28491,9.44991
1770178353718733379,0.696602,6.61131e-05,0.00896894,-0.717401,-0.00532632,-0.00319579,-0.00852211,-0.0107739,-0.257377,9.58519
1770178353738818346,0.696593,0.000134505,0.00892457,-0.717411,-0.0170442,-0.00213053,-0.00532632,0.0035913,-0.187945,9.50378
1770178353758900178,0.696552,0.000221703,0.00889743,-0.717452,-0.00319579,0.00745685,-0.0106526,0.0227449,-0.262165,9.65342
1770178353778986682,0.696543,0.000321949,0.00881562,-0.717461,0.00639159,-0.0149137,-0.00852211,-0.0059855,-0.144849,9.47984
1770178353799069953,0.69654,0.000373019,0.00871399,-0.717465,-0.00319579,-0.00639159,-0.00639159,-0.011971,-0.123301,9.59596
1770178353819150569,0.696525,0.000375679,0.0087058,-0.71748,0,-0.02024,-0.0127832,-0.0107739,-0.0670376,9.43555
1770178353839230385,0.696394,4.78551e-05,0.00852709,-0.717609,-0.197074,-0.18003,-0.11931,2.84192,-0.597353,7.06888
1770178353859318168,0.696414,0.0182315,0.00593565,-0.717385,0.968325,1.0855,-0.0617853,3.13521,1.02232,14.4083
1770178353879406784,0.695184,0.0291248,0.00439855,-0.718228,0.588026,0.356864,-0.142745,1.92015,-1.3204,-2.96642
1770178353899487400,0.693844,0.0271428,0.00131022,-0.719612,-0.580569,-0.978978,-0.185356,1.91656,2.76291,0.071826
1770178353919567535,0.693922,0.0114784,-6.89444e-06,-0.719958,-2.43413,-0.758468,0.192813,-2.28766,6.07648,21.8555
1770178353939641399,0.695941,-0.00489011,0.0166534,-0.717889,-1.30708,0.0372843,0.26099,-4.35266,-2.55222,1.1157
1770178353959729535,0.697467,-0.00531874,0.0214346,-0.716277,0.403735,0.201335,0.112918,-3.09929,-1.22104,10.404
1770178353979801126,0.697979,-0.0034327,0.0191876,-0.715853,-0.197074,-0.221575,-0.0383495,-2.95923,2.77488,9.02375
1770178353999880430,0.697251,-0.00653232,0.0201636,-0.716513,-0.246076,-0.238619,-0.092678,-0.775721,-1.29885,11.4443
1770178354019953781,0.696794,-0.00787899,0.0188173,-0.716981,0.193878,-0.229032,-0.0372843,0.59855,-1.18393,8.72806
1770178354040035421,0.696678,-0.00604484,0.0140733,-0.717221,0.62531,-0.176834,-0.0500674,1.39462,-1.42934,8.40724
1770178354060120485,0.696313,-0.00417045,0.0109156,-0.717643,0.0798948,-0.133158,-0.0884169,2.23379,-1.16478,11.801
1770178354080201388,0.695851,-0.00394541,0.0100631,-0.718105,0.04048,-0.00852211,-0.0234358,1.68672,-1.31681,8.65265
1770178354100276564,0.695954,-0.00447109,0.0106157,-0.717994,-0.0138484,-0.0106526,0.0276969,1.38744,-1.87346,8.70053
1770178354120355899,0.696021,-0.00519719,0.0117918,-0.717906,-0.134223,0.0553937,-0.0117179,0.924162,-1.51792,9.52892
1770178354140431235,0.695951,-0.00567374,0.013182,-0.717945,-0.0458064,0.0990696,-0.00106526,0.292093,-1.98479,10.1718
1770178354160514570,0.696069,-0.0041576,0.0133436,-0.717839,0.126766,0.123571,0.00319579,-0.205901,-1.09894,9.34816
1770178354180595314,0.69608,-0.00233564,0.0130574,-0.717842,0.177899,0.0777643,-0.0106526,-0.665588,-0.978031,9.0429
1770178354200671546,0.696032,0.000419342,0.0118096,-0.717913,0.322775,0.0575243,-0.0117179,-1.20189,-0.234632,9.59357
1770178354220749761,0.696025,0.00376337,0.00967612,-0.717942,0.421845,0.0532632,0.00106526,-1.38864,0.548272,9.25957
1770178354240829001,0.695949,0.00754467,0.00687176,-0.718018,0.450607,0.0308927,-0.0106526,-1.10732,1.21147,9.50977
1770178354260901456,0.695838,0.0107839,0.00408575,-0.718106,0.229032,-0.0308927,-0.0170442,-0.413,2.37265,10.0293
1770178354280976088,0.695772,0.0108261,0.00309448,-0.718175,-0.112918,-0.118244,-0.02024,-0.0646434,1.96085,9.4128
1770178354301054367,0.695785,0.00951414,0.00324972,-0.71818,-0.151268,-0.0830906,0.00532632,0.348356,1.26055,9.32542
1770178354321124967,0.695855,0.00781393,0.00400451,-0.718128,-0.235423,-0.0660464,0,0.588974,0.755371,9.65701
1770178354341203598,0.695862,0.00547718,0.00546856,-0.718133,-0.319579,-0.0628506,-0.00213053,0.648829,0.229843,9.40802
1770178354361287670,0.6959,0.00269715,0.00754139,-0.718094,-0.389887,-0.0308927,0.00106526,0.501585,-0.298078,9.45111
1770178354381361213,0.695964,-0.000211889,0.00997985,-0.718007,-0.383495,-0.0383495,-0.00958738,0.132878,-0.970849,9.69652
1770178354401445157,0.695986,-0.0025494,0.0122929,-0.717946,-0.241815,0.00213053,-0.00426106,-0.186748,-1.71664,9.71806
1770178354421526317,0.69602,-0.00315614,0.0132735,-0.717893,-0.00745685,0.0213053,0.00213053,-0.413,-1.51792,9.28591
1770178354441602900,0.695953,-0.00319147,0.0135155,-0.717953,0.0223706,0,-0.02024,-0.36751,-1.53827,9.49301
1770178354461674780,0.695928,-0.0029283,0.0132218,-0.717984,0.0798948,-0.0351537,-0.00852211,-0.228646,-1.47962,9.47386
1770178354481755331,0.695936,-0.00271094,0.0127465,-0.717986,0.052198,-0.0340885,0,-0.0885855,-1.3204,9.42358
1770178354501832363,0.695927,-0.00242401,0.01201,-0.718008,0.107592,-0.0415453,-0.00106526,0.0849942,-0.98282,9.46069
1770178354521910258,0.69596,-0.00187849,0.01128,-0.717989,0.112918,-0.0117179,0.00319579,0.368707,-0.536301,9.55885
1770178354541991162,0.695953,-0.000803385,0.0102505,-0.718013,0.18003,0.0266316,-0.0138484,0.503979,-0.0395043,9.50857
1770178354562066849,0.695901,0.00102086,0.00890366,-0.718082,0.196009,0.0479369,-0.00745685,0.494403,0.380678,9.68215
1770178354582146217,0.695865,0.00303018,0.00765705,-0.718126,0.208792,0.0500674,-0.00852211,0.178368,0.651223,9.59716
1770178354602225265,0.695815,0.0051145,0.00660331,-0.718173,0.168312,0.0745685,0,-0.123301,0.80924,9.52174
1770178354622302808,0.695765,0.00675314,0.00595319,-0.718213,0.105461,0.0809601,-0.015979,-0.377087,0.760159,9.46907
1770178354642378688,0.695719,0.00772005,0.00578006,-0.718249,-0.0191748,0.00426106,-0.00958738,-0.62369,0.537498,9.44393
1770178354662456391,0.695705,0.00745802,0.00614169,-0.718263,-0.0958738,-0.0276969,-0.00213053,-0.77213,0.0837971,9.40203
1770178354682535855,0.695709,0.00638391,0.00679316,-0.718264,-0.168312,-0.0639159,0.00213053,-0.593762,-0.00718261,9.36851
1770178354702610902,0.69573,0.00463921,0.00756198,-0.718249,-0.198139,-0.108657,-0.00958738,-0.31364,-0.20231,9.53611
1770178354722685118,0.695742,0.0026172,0.00841541,-0.718237,-0.207727,-0.0948085,-0.00106526,0.094571,-0.209493,9.7025
1770178354742757061,0.695763,0.000695925,0.00930784,-0.718211,-0.184291,-0.0735032,0.00532632,0.348356,-0.374693,9.57561
1770178354762832685,0.695773,-0.000747098,0.0100173,-0.718192,-0.120375,-0.0649811,-0.00319579,0.463278,-0.556652,9.46907
1770178354782911604,0.695792,-0.00154176,0.0103752,-0.718167,-0.0500674,-0.00106526,0,0.537498,-0.667982,9.50259
1770178354802991676,0.695779,-0.00163174,0.010423,-0.718178,0.015979,0.0117179,-0.00852211,0.536301,-0.593762,9.56005
1770178354823063203,0.695751,-0.00131719,0.0104322,-0.718206,0.0181095,0.0340885,-0.00213053,0.339977,-0.754174,9.50977
1770178354843134411,0.695728,-0.000854774,0.0105255,-0.718227,0.0245011,0.0500674,-0.00958738,0.0490811,-0.719458,9.44393
1770178354863213330,0.695721,-0.000388275,0.0105866,-0.718234,0.0394148,0.0330232,-0.00852211,-0.233435,-0.701501,9.47984
1770178354883301434,0.695728,7.4568e-05,0.0105271,-0.718229,0.0575243,0.00958738,-0.00319579,-0.451307,-0.512359,9.55765
1770178354903377826,0.695714,0.00058755,0.0101981,-0.718247,0.0777643,-0.0149137,-0.00745685,-0.500388,-0.310049,9.49301
1770178354923455721,0.695702,0.00122052,0.00959576,-0.718266,0.0820253,-0.0191748,-0.00213053,-0.390255,-0.125696,9.48343
1770178354943534033,0.69569,0.00195811,0.008865,-0.718285,0.103331,-0.0170442,-0.0106526,-0.201113,0.0574608,9.53012
1770178354963617112,0.69569,0.00262909,0.00817075,-0.718291,0.0649811,-0.0117179,-0.00639159,0.0155623,0.317232,9.55885
1770178354983695968,0.6957,0.00308281,0.00762185,-0.718285,0.0276969,-0.00319579,-0.00852211,0.199916,0.378284,9.54209
1770178355003775880,0.695663,0.00312605,0.00744037,-0.718323,-0.0191748,-0.0117179,-0.0170442,0.248997,0.314838,9.54209
1770178355023855503,0.695673,0.00279079,0.00767152,-0.718313,-0.0649811,-0.00852211,0.00745685,0.228646,0.143652,9.49899
1770178355043932439,0.695673,0.00230599,0.00811891,-0.718309,-0.0777643,-0.0234358,-0.00958738,0.0107739,-0.214281,9.54449
1770178355064005502,0.695683,0.00176999,0.00878562,-0.718293,-0.0703074,-0.0170442,-0.00745685,-0.183156,-0.23104,9.50019
1770178355084081382,0.695679,0.00140274,0.00930409,-0.718291,-0.0713727,0.00106526,-0.00532632,-0.2478,-0.464475,9.53611
1770178355104160941,0.695636,0.0010699,0.00961769,-0.718329,-0.0213053,-0.0308927,-0.00745685,-0.25618,-0.713472,9.55167
1770178355124234805,0.695618,0.000845731,0.00965253,-0.718347,0,-0.0330232,-0.00532632,-0.186748,-0.651223,9.47146
1770178355144312252,0.695655,0.000731325,0.00951443,-0.718313,0.00852211,-0.0170442,0.00532632,-0.116119,-0.550666,9.43435
1770178355164391204,0.695643,0.000696823,0.00930369,-0.718327,0.0170442,-0.0287621,-0.00319579,0.184354,-0.415394,9.53611
1770178355184470060,0.695635,0.000722559,0.00911157,-0.718337,0.00426106,-0.02024,0,0.250194,-0.250194,9.53371
1770178355204548051,0.695605,0.00089991,0.00891926,-0.718369,0.0181095,0.00532632,-0.00319579,0.240617,-0.192733,9.56005
1770178355224626267,0.695605,0.00115668,0.00876809,-0.71837,0.0276969,0.00639159,0.00213053,0.167594,-0.132878,9.63906
1770178355244702082,0.695613,0.00148444,0.00865157,-0.718363,0.0181095,0.0106526,-0.00852211,0.094571,-0.0442927,9.58399
1770178355264781322,0.695591,0.00179934,0.00858272,-0.718384,0.0287621,0.0213053,-0.00639159,-0.059855,-0.0131681,9.43675
1770178355284866898,0.695556,0.00206158,0.00864396,-0.718417,-0.00745685,-0.0127832,-0.0191748,-0.159214,-0.0969652,9.5373
1770178355304947993,0.695556,0.00216861,0.00876217,-0.718416,-0.0149137,0.00426106,-0.00639159,-0.391452,-0.142455,9.44991
1770178355325026785,0.695557,0.00207185,0.00881324,-0.718414,-0.0223706,-0.0330232,0.00213053,-0.360327,-0.152032,9.49181
1770178355345099720,0.695563,0.00183521,0.00880254,-0.718408,-0.0255663,-0.0511327,-0.00745685,-0.198719,-0.0873884,9.47505
1770178355365178960,0.695547,0.00156893,0.00880574,-0.718425,-0.0436758,-0.0330232,-0.00852211,-0.0035913,-0.122104,9.58758
1770178355385258295,0.695538,0.00132106,0.00880485,-0.718434,-0.0191748,-0.0351537,-0.00745685,0.0706289,-0.208296,9.49301
1770178355405337631,0.695534,0.00112659,0.00882605,-0.718438,-0.0298274,-0.00426106,-0.00639159,0.196325,-0.299275,9.60314
1770178355425415303,0.695533,0.000988836,0.00882816,-0.71844,-0.0127832,-0.0117179,-0.00213053,0.214281,-0.283713,9.4559
1770178355445487854,0.695538,0.000925509,0.0088655,-0.718434,-0.0223706,-0.00852211,-0.00532632,0.250194,-0.341174,9.55526
1770178355465565845,0.695531,0.000924827,0.00896153,-0.71844,-0.00106526,0.0170442,-0.00639159,0.131681,-0.453701,9.55406
1770178355485642845,0.695527,0.00109684,0.00908256,-0.718442,-0.00958738,0.0191748,0,-0.0957681,-0.383072,9.4571
1770178355505719589,0.695525,0.001379,0.00911252,-0.718443,0.00958738,0.0138484,0.00532632,-0.207098,-0.384269,9.43675
1770178355525797804,0.695514,0.00160011,0.00906524,-0.718453,0.0106526,-0.00852211,-0.0117179,-0.209493,-0.149638,9.51336
1770178355545882292,0.695494,0.00170075,0.00893425,-0.718475,0.00639159,-0.00958738,-0.00532632,-0.187945,-0.132878,9.56005
1770178355565960987,0.695477,0.00173819,0.00878558,-0.718492,-0.00426106,-0.0149137,-0.00745685,-0.168791,-0.0670376,9.54688
1770178355586036739,0.695481,0.00173008,0.00864359,-0.718491,-0.00106526,-0.00958738,-0.00106526,-0.0622492,-0.123301,9.61751
1770178355606122571,0.695461,0.00170987,0.0085369,-0.718511,-0.00852211,-0.0213053,-0.00106526,0.0837971,-0.0203507,9.46907
1770178355626201522,0.695464,0.00161326,0.00854992,-0.718508,-0.0319579,-0.00532632,-0.00852211,0.11971,-0.175974,9.48343
1770178355646283258,0.695433,0.00142612,0.00863235,-0.718537,-0.0351537,-0.0191748,-0.0138484,0.150835,-0.232238,9.56723
1770178355666359681,0.695428,0.00129003,0.00873911,-0.718541,-0.0117179,0.00106526,0.00319579,0.0131681,-0.253785,9.56364
1770178355686435049,0.695434,0.00123914,0.00888753,-0.718534,-0.0223706,-0.00106526,-0.00745685,-0.0933739,-0.357933,9.51456
1770178355706512944,0.695446,0.00122522,0.00906234,-0.71852,-0.015979,-0.015979,-0.00319579,-0.0754174,-0.342371,9.56364
1770178355726590712,0.695422,0.0011868,0.00915583,-0.718542,-0.0191748,0.00745685,-0.0138484,-0.148441,-0.337582,9.4966
1770178355746670336,0.69541,0.00115809,0.0091655,-0.718553,0.00639159,-0.00852211,-0.0127832,-0.140061,-0.392649,9.50618
1770178355766747815,0.695408,0.00120582,0.00907006,-0.718557,-0.00106526,-0.0181095,-0.00958738,-0.0383072,-0.368707,9.59357
1770178355786824655,0.69542,0.00127887,0.00891322,-0.718547,0.00639159,-0.0213053,-0.00532632,-0.0538695,-0.243011,9.49421
1770178355806906838,0.695415,0.00139219,0.0088041,-0.718553,0.00426106,-0.00639159,-0.00745685,0.0826,-0.159214,9.53491
1770178355826986014,0.695416,0.00148871,0.00872315,-0.718553,-0.00106526,0.00745685,-0.00639159,0.126893,-0.23104,9.51456
1770178355847067142,0.695413,0.00154278,0.00871406,-0.718556,0.00213053,-0.0149137,-0.00532632,-0.0011971,-0.0981623,9.60673
1770178355867147885,0.695433,0.0016112,0.00871442,-0.718536,-0.00319579,0.00319579,-0.00745685,-0.0658405,-0.0933739,9.46069
1770178355887226261,0.695414,0.00166742,0.00871119,-0.718554,-0.0170442,-0.0170442,-0.0106526,-0.0885855,-0.00718261,9.46428
1770178355907299292,0.695396,0.00162725,0.00881673,-0.718571,-0.0255663,-0.0276969,-0.0106526,-0.107739,-0.155623,9.50977
1770178355927373284,0.695353,0.00157182,0.00893501,-0.718611,-0.0245011,-0.0138484,-0.00532632,-0.146046,-0.259771,9.51575
1770178355947449387,0.695359,0.00147089,0.00898287,-0.718604,-0.0223706,-0.0181095,-0.00319579,-0.0694318,-0.36751,9.55885
1770178355967521299,0.695341,0.00136471,0.00897036,-0.718622,-0.015979,-0.0330232,0.00106526,-0.0658405,-0.238223,9.50618
1770178355987598970,0.695343,0.00125285,0.00891878,-0.718621,0.00319579,-0.0170442,-0.00426106,0.0526724,-0.336385,9.50857
1770178356007677922,0.69532,0.0011287,0.00892837,-0.718644,-0.0138484,-0.00213053,-0.00319579,0.122104,-0.328006,9.5804
1770178356027744201,0.695326,0.0010781,0.00891555,-0.718638,0.00852211,0.00213053,-0.00852211,0.0670376,-0.395043,9.41041
1770178356047824625,0.695318,0.00112857,0.00888922,-0.718646,0.00532632,-0.0117179,-0.0106526,0.0754174,-0.245406,9.55047
1770178356067910168,0.695308,0.0012193,0.00880712,-0.718657,0.0127832,-0.00639159,0,0.0167594,-0.178368,9.47984
1770178356087990240,0.695286,0.0012975,0.0087687,-0.718678,-0.00532632,-0.00319579,-0.0170442,-0.0203507,-0.172383,9.47386
1770178356108067592,0.6953,0.000870989,0.00953977,-0.718656,-0.430367,-0.279099,0.0106526,-0.402226,3.76488,7.0617
1770178356128143855,0.695139,-0.00964594,0.0171706,-0.718606,-0.660464,0.12144,-0.0745685,-0.721852,-3.08613,9.05248
1770178356148222327,0.694963,-0.00954221,0.0208201,-0.718681,0.561394,0.419714,0.0308927,-2.57975,-1.53588,3.78882
1770178356168307646,0.696057,0.00240788,0.0103449,-0.717908,2.18273,-0.0511327,0.175769,-2.31878,-2.16316,11.5676
1770178356188387270,0.696459,0.0100082,0.00504904,-0.717509,-0.143811,0.145941,-0.076699,-0.812831,2.08056,14.9817
1770178356208466158,0.695009,0.0089085,0.00532262,-0.718926,0.181095,-0.20027,-0.210922,0.0526724,-2.77129,3.73376
1770178356228544085,0.694373,0.00692313,0.00315823,-0.719575,-0.38456,-0.250337,0.00106526,0.751779,0.922965,14.6489
1770178356248622173,0.695158,0.00298105,0.00632575,-0.718823,-0.168312,-0.12144,0.0980043,0.675165,-1.64362,7.40048
1770178356268704868,0.695372,5.77713e-05,0.00765819,-0.718609,-0.558199,-0.0351537,-0.0330232,1.29167,1.5275,7.91403
1770178356288783276,0.69511,-0.00234797,0.00983955,-0.718832,-0.0127832,0.0383495,0.00958738,1.15879,-1.39941,12.803
1770178356308860883,0.695423,-0.00128432,0.0101721,-0.718527,0.0628506,0.0862864,0.0479369,-0.143652,0.227449,10.6829
1770178356328937531,0.695435,-0.000111275,0.0102717,-0.718515,-0.00106526,0.0894822,-0.0447411,-0.932542,1.25217,8.53653
1770178356349016835,0.695243,0.00131097,0.0100714,-0.718703,0.140615,0.0287621,0,-1.26294,-0.237026,10.076
1770178356369095402,0.695377,0.00261521,0.00966764,-0.718575,0.108657,-0.00319579,-0.00106526,-1.17076,-0.167594,9.58878
1770178356389173650,0.695239,0.00366693,0.00879813,-0.718715,0.092678,-0.02024,-0.0255663,-1.12288,-0.597353,9.10994
1770178356409253337,0.695135,0.00411058,0.00793039,-0.718823,0.0692422,-0.103331,0.00745685,-0.465672,-0.221464,9.72644
1770178356429332289,0.695248,0.00332132,0.00759794,-0.718722,-0.0980043,-0.103331,0.00532632,0.150835,-0.175974,9.48104
1770178356449412105,0.695212,0.00145589,0.00796517,-0.718759,-0.22051,-0.0916127,-0.0127832,0.617704,-0.153229,9.52294
1770178356469493616,0.695238,-0.000659493,0.0088733,-0.718725,-0.218379,-0.0671116,0.0149137,0.806846,-0.339977,9.53491
1770178356489572664,0.69533,-0.00213873,0.00974284,-0.718622,-0.0905475,-0.00958738,0.00106526,0.798466,-0.342371,9.68694
1770178356509651775,0.69527,-0.00196999,0.00979498,-0.718679,0.015979,0.0255663,-0.0213053,0.694318,-0.0658405,9.30147
1770178356529729703,0.695299,-0.00150303,0.00987028,-0.718651,0.0319579,0.0649811,-0.00426106,0.354342,-0.21069,9.35175
1770178356549808782,0.695235,-0.000627063,0.00993669,-0.718714,0.0553937,0.0575243,-0.0330232,-0.0430956,-0.33878,9.67018
1770178356569886358,0.695188,0.000255108,0.010004,-0.718758,0.0468716,0.0532632,-0.00319579,-0.603339,-0.650026,9.5385
1770178356589957981,0.695224,0.00100159,0.0100324,-0.718722,0.0223706,0.015979,-0.00426106,-0.887052,-0.407014,9.41161
1770178356610038181,0.695209,0.00113233,0.0100426,-0.718737,0.00106526,-0.0213053,0,-0.864307,-0.462081,9.45829
1770178356630112013,0.695203,0.00101274,0.00986483,-0.718745,-0.0117179,-0.0468716,0.00213053,-0.496797,-0.262165,9.54808
1770178356650185332,0.695182,0.00074168,0.0094173,-0.718772,0.00852211,-0.0681769,-0.0106526,-0.140061,-0.2478,9.56723
1770178356670255579,0.695179,0.000653801,0.00889004,-0.718781,0.0181095,-0.0447411,0.00745685,0.288501,0.102951,9.52892
1770178356690331459,0.695203,0.000601675,0.00846841,-0.718763,0.00958738,-0.0298274,0,0.566229,0.137667,9.578
1770178356710405450,0.695189,0.000522552,0.00833531,-0.718779,-0.0351537,-0.00426106,-0.00426106,0.703895,0.192733,9.47266
1770178356730484594,0.695159,0.000330461,0.00848455,-0.718805,-0.0308927,-0.00213053,-0.00958738,0.560243,-0.035913,9.51216
1770178356750563034,0.695157,0.000179244,0.00889697,-0.718803,-0.0553937,0.00213053,0.00426106,0.29329,-0.228646,9.4954
1770178356770637249,0.695161,0.00013551,0.00942226,-0.718792,-0.0458064,0.0479369,-0.0106526,-0.168791,-0.372298,9.51815
1770178356790708840,0.695173,0.000188114,0.00994982,-0.718774,-0.036219,0.0298274,-0.00852211,-0.369904,-0.463278,9.52892
1770178356810789360,0.695159,0.000208051,0.0102757,-0.718783,-0.0106526,-0.00426106,-0.00319579,-0.557849,-0.559046,9.54568
1770178356830862808,0.695144,0.000153673,0.0103528,-0.718796,-0.00319579,-0.0372843,0,-0.556652,-0.636858,9.48343
1770178356850939967,0.69515,9.81426e-05,0.0101715,-0.718792,0.00958738,-0.0447411,-0.015979,-0.403423,-0.423774,9.49899
1770178356871015559,0.695151,1.72542e-05,0.00980105,-0.718797,0.0287621,-0.0543285,-0.0127832,-0.0885855,-0.252588,9.56603
1770178356891088558,0.695145,-9.28742e-06,0.00940377,-0.718808,0.00532632,-0.0415453,-0.0106526,0.28491,-0.0921768,9.56124
1770178356911162902,0.695129,-1.40164e-05,0.00906452,-0.718828,0.00426106,-0.0127832,-0.00426106,0.492008,-0.0861913,9.49301
1770178356931238141,0.695103,2.40001e-05,0.00885043,-0.718855,-0.00745685,-0.00106526,-0.00426106,0.47884,-0.0646434,9.55167
1770178356951310948,0.695111,0.000132341,0.00880728,-0.718849,-0.00532632,0.00319579,0.00958738,0.348356,0.0167594,9.60075
1770178356971382828,0.695112,0.000296784,0.00891599,-0.718846,-0.0266316,0.0266316,-0.0106526,0.131681,-0.0837971,9.52892
1770178356991453587,0.695096,0.000453934,0.00923472,-0.718857,-0.0351537,0.0170442,-0.00106526,-0.0993594,-0.168791,9.5373
1770178357011529819,0.695083,0.000543308,0.00955347,-0.718866,-0.015979,0.00319579,0.00106526,-0.410606,-0.339977,9.51097
1770178357031606274,0.695073,0.00056608,0.00973317,-0.718873,-0.0149137,-0.0170442,-0.00426106,-0.530316,-0.447716,9.46667
1770178357051679658,0.695079,0.000552738,0.00976676,-0.718867,-0.00958738,-0.0298274,-0.00639159,-0.444124,-0.363919,9.54089
1770178357071755473,0.695062,0.000374807,0.00960466,-0.718886,-0.0127832,-0.0415453,-0.00745685,-0.228646,-0.299275,9.55047
1770178357091835769,0.695052,0.000142005,0.0094119,-0.718897,-0.00852211,-0.0351537,-0.00106526,0.0191536,-0.305261,9.47745
1770178357111909184,0.695037,-4.17362e-05,0.00920829,-0.718915,0,-0.0287621,-0.00426106,0.32202,-0.310049,9.51336
1770178357131983336,0.695028,-0.000115613,0.00905281,-0.718926,0.00639159,0.00319579,-0.00213053,0.298078,-0.175974,9.44632
1770178357152053647,0.695032,-8.24736e-05,0.00898796,-0.718923,-0.0234358,0.00639159,0.00106526,0.393846,-0.0586579,9.5397
1770178357172131415,0.69501,-4.31662e-05,0.00903317,-0.718944,-0.015979,0.00319579,-0.00106526,0.254982,-0.0993594,9.52294
1770178357192209822,0.694996,3.53669e-05,0.00924081,-0.718955,-0.0170442,0.0298274,-0.00106526,0.0514753,-0.263362,9.49062
1770178357212286790,0.69499,0.00022261,0.00946053,-0.718958,-0.00639159,0.0127832,-0.00426106,-0.180762,-0.381875,9.58998
1770178357232361229,0.694988,0.000447948,0.00961781,-0.718957,0,0.0255663,0.00319579,-0.360327,-0.316035,9.50259
1770178357252437205,0.69497,0.000558833,0.0096796,-0.718973,-0.00958738,-0.00852211,-0.0106526,-0.403423,-0.219069,9.52892
1770178357272514013,0.694947,0.000520475,0.00960465,-0.718996,-0.00958738,-0.0234358,-0.0138484,-0.257377,-0.31364,9.42837
1770178357292588388,0.694927,0.000394729,0.00943039,-0.719018,-0.00852211,-0.0394148,-0.0106526,-0.118513,-0.318429,9.43196
1770178357312669644,0.694922,0.000310902,0.0092754,-0.719025,0.00745685,-0.0372843,-0.00319579,0.0622492,-0.126893,9.578
1770178357332743635,0.694909,0.00023801,0.00912744,-0.719039,-0.00532632,-0.0181095,-0.0117179,0.21069,-0.00718261,9.60075
1770178357352826875,0.694918,0.000125605,0.00908063,-0.719031,-0.0223706,-0.00958738,-0.0106526,0.351948,-0.11971,9.59835
1770178357372907234,0.694904,-8.68722e-06,0.00911731,-0.719045,-0.0340885,0.015979,-0.00852211,0.277727,-0.179565,9.51097
1770178357392985642,0.694884,-8.4045e-05,0.00919629,-0.719063,-0.0170442,0.00852211,0.00106526,0.120907,-0.356736,9.48104
1770178357413065042,0.694873,-1.13286e-06,0.00934767,-0.719071,-0.00213053,0.00319579,-0.00745685,-0.0622492,-0.274136,9.47625
1770178357433143097,0.694861,0.000108224,0.00951487,-0.719081,-0.0181095,0.0106526,0.00106526,-0.175974,-0.287304,9.48822
1770178357453225537,0.694857,0.000142278,0.0096206,-0.719083,-0.00745685,-0.00852211,-0.015979,-0.245406,-0.371101,9.44513
1770178357473305192,0.694835,0.000158597,0.00960277,-0.719105,-0.00213053,-0.00958738,0.00639159,-0.258574,-0.492008,9.47386
1770178357493384496,0.694828,0.000174088,0.00948566,-0.719113,-0.00532632,-0.0149137,-0.00745685,-0.237026,-0.277727,9.54329
1770178357513464216,0.694834,0.000225841,0.00926217,-0.71911,-0.00106526,-0.0266316,-0.00745685,-0.0011971,-0.135272,9.58998
1770178357533537183,0.694811,0.000195383,0.00916061,-0.719134,-0.00426106,-0.00958738,-0.00532632,0.1652,-0.0454898,9.61751
1770178357553614727,0.694796,0.000128647,0.00903725,-0.71915,0.00213053,-0.0330232,0.00213053,0.199916,-0.114922,9.60434
1770178357573692334,0.694792,9.64483e-05,0.00899124,-0.719154,-0.0170442,0.0117179,0.00958738,0.113725,-0.0814029,9.39724
1770178357593770518,0.694818,0.000143737,0.00900675,-0.719129,-0.0138484,-0.00319579,0.0106526,0.108936,-0.154426,9.50259
1770178357613849725,0.694817,0.00019848,0.00915223,-0.719128,-0.0117179,-0.00319579,-0.0149137,0.0203507,-0.178368,9.3733
1770178357633936933,0.694806,0.000197583,0.00933991,-0.719137,-0.00532632,-0.00106526,-0.00852211,-0.0861913,-0.348356,9.53251
1770178357654018381,0.694775,0.000164271,0.00947119,-0.719165,-0.0138484,-0.015979,-0.0106526,-0.174777,-0.390255,9.58638
1770178357674094132,0.69478,0.000130343,0.00949476,-0.719159,-0.00319579,-0.0213053,-0.00319579,-0.295684,-0.357933,9.53012
1770178357694165980,0.694794,0.000134392,0.00946444,-0.719146,-0.00958738,-0.0181095,0.00532632,-0.185551,-0.353145,9.57561
1770178357714238851,0.694785,8.41953e-05,0.00941031,-0.719156,0.00426106,-0.0330232,-0.0106526,0.0215478,-0.234632,9.64504
1770178357734317675,0.694744,2.82794e-07,0.00936722,-0.719196,-0.00426106,-0.0245011,-0.00852211,0.059855,-0.226252,9.53491
1770178357754392274,0.694745,-2.03531e-05,0.00929501,-0.719196,0.00426106,-0.00958738,-0.0106526,0.0969652,-0.174777,9.51935
1770178357774468250,0.694767,3.40184e-05,0.00914884,-0.719177,-0.00319579,-0.00532632,-0.00213053,0.141258,-0.177171,9.44632
1770178357794547393,0.694764,6.71121e-05,0.00908028,-0.71918,-0.02024,0.00639159,-0.0106526,0.135272,-0.0826,9.60673
1770178357814627145,0.69475,0.000126204,0.00918923,-0.719193,-0.00958738,0.00958738,-0.0117179,0.0442927,-0.197522,9.48463
1770178357834701808,0.694711,0.000166782,0.00933106,-0.719228,-0.0127832,0.00958738,0.00319579,-0.047884,-0.274136,9.46907
1770178357854779384,0.694712,0.000233114,0.00939336,-0.719227,0.00319579,-0.00639159,-0.00639159,-0.225055,-0.259771,9.47386
1770178357874858943,0.694712,0.000272191,0.00935794,-0.719227,0.00958738,-0.0234358,-0.00852211,-0.187945,-0.252588,9.50618
1770178357894937831,0.694689,0.000241583,0.00935979,-0.719249,-0.00852211,-0.00426106,-0.00639159,-0.147243,-0.189142,9.53611
1770178357915016463,0.69467,0.000156961,0.0093706,-0.719267,-0.0191748,-0.0213053,-0.00319579,-0.0526724,-0.326809,9.56484
1770178357935092278,0.694666,8.91411e-05,0.00931239,-0.719272,0.00532632,-0.0319579,-0.00745685,-0.0993594,-0.241814,9.59237
1770178357955172830,0.694658,5.5577e-05,0.00921367,-0.719281,-0.0149137,0.00426106,-0.00213053,0.140061,-0.217872,9.54927
1770178357975250821,0.694658,1.12648e-05,0.00912347,-0.719283,0.00213053,-0.00532632,-0.00639159,0.138864,-0.131681,9.54089
1770178357995329453,0.694639,-7.05031e-05,0.00913519,-0.719301,-0.0234358,-0.00852211,-0.00213053,0.122104,-0.177171,9.44034
1770178358015409332,0.694626,-6.24519e-05,0.00922679,-0.719312,-0.00639159,-0.015979,-0.0106526,0.0538695,-0.328006,9.50139
1770178358035488092,0.694634,3.86746e-05,0.00932875,-0.719303,-0.00213053,0.00745685,-0.00319579,-0.047884,-0.271742,9.49421
1770178358055567268,0.694597,0.000143691,0.00933034,-0.719338,-0.00639159,-0.00426106,0.00213053,-0.120907,-0.227449,9.45111
1770178358075645963,0.69458,0.000161889,0.00932663,-0.719355,-0.0117179,-0.00532632,-0.00213053,-0.0383072,-0.274136,9.5397
1770178358095723827,0.694564,0.000140687,0.00935025,-0.71937,-0.0170442,-0.0106526,-0.00958738,-0.094571,-0.329203,9.53251
1770178358115804250,0.694549,0.000158885,0.00936269,-0.719384,-0.00319579,-0.0170442,-0.00532632,-0.0502782,-0.301669,9.63307
1770178358135882626,0.694546,0.000204925,0.00927164,-0.719389,0.0138484,-0.0213053,-0.0106526,-0.0442927,-0.205901,9.46667
1770178358155956169,0.694545,0.000183003,0.00917673,-0.719391,-0.0138484,0.00106526,-0.00639159,-0.011971,-0.143652,9.42837
1770178358176033681,0.694522,0.000110363,0.00911003,-0.719413,-0.0106526,-0.0372843,-0.00852211,0.0897826,-0.197522,9.47864
1770178358196111449,0.69452,2.89639e-05,0.0091543,-0.719415,-0.00852211,-0.0149137,-0.00532632,0.0802058,-0.274136,9.46428
1770178358216189568,0.69452,6.04009e-05,0.00920238,-0.719415,-0.0170442,0.00958738,-0.00745685,0.0035913,-0.234632,9.53371
1770178358236268488,0.694511,0.000118323,0.00922223,-0.719423,-0.00106526,-0.00745685,-0.00213053,-0.0107739,-0.178368,9.52294
1770178358256343183,0.694505,0.00011882,0.00928273,-0.719428,-0.0255663,-0.0149137,0.00639159,0.0035913,-0.28491,9.5792
1770178358276422679,0.694488,5.13612e-05,0.00934744,-0.719444,-0.0170442,-0.00958738,-0.00532632,-0.101754,-0.337582,9.45829
1770178358296501726,0.694469,7.82103e-05,0.00935373,-0.719462,0.00532632,-0.0213053,-0.0106526,-0.107739,-0.325611,9.5373
1770178358316577510,0.694482,0.000177449,0.00935013,-0.719449,-0.00532632,0.00639159,-0.00319579,-0.0993594,-0.283713,9.45949
1770178358336656813,0.69447,0.000196104,0.00925444,-0.719462,-0.00639159,-0.0170442,-0.0149137,-0.0155623,-0.180762,9.49421
1770178358356733877,0.694466,0.00012877,0.00917967,-0.719467,-0.00958738,-0.0234358,-0.00532632,0.0191536,-0.195127,9.46667
1770178358376813917,0.694467,7.82771e-05,0.00915843,-0.719466,0.00106526,-0.0138484,0.00106526,0.0203507,-0.290895,9.53012
1770178358396893220,0.694477,0.000143786,0.00918834,-0.719456,-0.00958738,-0.0170442,0.00532632,-0.00837971,-0.175974,9.54449
1770178358416971116,0.694463,0.000211783,0.00918211,-0.719469,-0.0138484,0.00958738,-0.00213053,-0.0155623,-0.11971,9.56244
1770178358437048787,0.694433,0.00020084,0.00920395,-0.719498,-0.00639159,-0.00426106,-0.0127832,0.0646434,-0.189142,9.56723
1770178358457126907,0.694429,0.000137028,0.0092506,-0.719502,-0.0181095,0.00213053,0.00426106,-0.0586579,-0.281319,9.50977
1770178358477206242,0.694433,0.000126522,0.0093153,-0.719497,-0.0181095,-0.00426106,-0.00106526,-0.134075,-0.287304,9.50977
1770178358497285098,0.694412,0.000171404,0.00932764,-0.719517,-0.0106526,0.00639159,-0.00639159,-0.0861913,-0.283713,9.47625
1770178358517364146,0.694406,0.000175915,0.00935243,-0.719523,-0.00958738,-0.0213053,-0.00745685,0.00837971,-0.215478,9.50737
1770178363551154465,0.692374,0.00103009,0.00814677,-0.721492,-0.00745685,0.00106526,0.00213053,-0.0586579,-0.241814,9.49421
1770178363571234601,0.69238,0.00110628,0.00809031,-0.721487,-0.00319579,-0.0149137,-0.00958738,-0.0430956,-0.19393,9.59716
1770178363591316017,0.692358,0.00111489,0.00803593,-0.721509,-0.02024,-0.00745685,-0.00958738,0.0454898,-0.175974,9.47146
1770178363611396056,0.692316,0.00111066,0.00798379,-0.72155,-0.00532632,-0.0149137,-0.00532632,0.0634463,-0.298078,9.42837
1770178363631475232,0.692357,0.00108056,0.00798871,-0.72151,-0.00319579,-0.0223706,0,0.0023942,-0.244209,9.38288
1770178363651556167,0.692308,0.00103469,0.00806972,-0.721556,-0.0127832,-0.0170442,-0.00852211,-0.0131681,-0.20231,9.47026
1770178363671635023,0.692316,0.001036,0.00810776,-0.721548,-0.0106526,-0.00532632,-0.00426106,-0.0311246,-0.197522,9.51456
1770178363691714551,0.692307,0.00108524,0.00807447,-0.721557,-0.0138484,-0.0106526,-0.0170442,-0.0191536,-0.171185,9.62589
1770178363711794430,0.692253,0.00114223,0.00802724,-0.721609,-0.00745685,-0.00213053,-0.00639159,-0.0610521,-0.191536,9.55047
1770178363731874278,0.692266,0.00107908,0.00803643,-0.721597,-0.015979,-0.00319579,-0.00745685,-0.0682347,-0.229843,9.57322
1770178363751954829,0.692266,0.00104576,0.00810032,-0.721596,-0.00639159,-0.0117179,-0.00106526,-0.094571,-0.213084,9.50259
1770178363772033397,0.692251,0.00103577,0.00810962,-0.72161,0.00106526,-0.00213053,-0.00106526,-0.0215478,-0.251391,9.43076
1770178363792112061,0.692255,0.00105181,0.00805922,-0.721607,0.00532632,-0.0213053,-0.0117179,0.0550666,-0.342371,9.49421
1770178363812190372,0.69224,0.00103267,0.00799099,-0.721623,0.00639159,-0.0330232,0.00532632,-0.0143652,-0.238223,9.51935
1770178363832270188,0.692256,0.00100959,0.00801072,-0.721607,-0.00532632,-0.00532632,-0.00852211,-0.0323217,-0.211887,9.52533
1770178363852351635,0.692253,0.000990624,0.00803825,-0.72161,-0.0181095,-0.00745685,0.00745685,-0.0311246,-0.110133,9.47386
1770178363872426555,0.692245,0.00100408,0.00810745,-0.721616,-0.0127832,0.0149137,-0.00532632,0.0047884,-0.195127,9.44872
1770178363892497666,0.692228,0.00100921,0.00805983,-0.721633,0.00213053,-0.0213053,-0.0181095,-0.0430956,-0.283713,9.56364
1770178363912575018,0.692243,0.00101792,0.00803595,-0.721619,-0.00426106,-0.0138484,0.00213053,-0.0395043,-0.237026,9.51935
1770178363932652881,0.692243,0.00103414,0.00802793,-0.72162,-0.00639159,-0.0127832,-0.0234358,-0.0646434,-0.207098,9.51935
1770178363952729433,0.69223,0.00107583,0.00804807,-0.721631,0.00639159,-0.0149137,-0.0149137,0.0059855,-0.209493,9.45351
1770178363972803456,0.692196,0.00105282,0.00805053,-0.721663,-0.015979,0.00106526,-0.00319579,0.0466869,-0.268151,9.4966
1770178363992882760,0.692193,0.00103621,0.0080254,-0.721667,-0.00532632,-0.00958738,-0.0181095,-0.0371101,-0.238223,9.42238
1770178364012953359,0.692203,0.00106134,0.00797673,-0.721658,0.00213053,-0.00426106,0.00532632,-0.0849942,-0.184354,9.51695
1770178364033030967,0.692177,0.00108051,0.00799476,-0.721683,-0.0266316,-0.0117179,-0.0117179,-0.0347159,-0.112527,9.61392
1770178364053108447,0.692168,0.00104318,0.00804018,-0.721691,-0.00958738,-0.0223706,-0.00426106,-0.0502782,-0.204704,9.55646
1770178364073193894,0.692153,0.0010502,0.00809919,-0.721705,-0.0191748,-0.0245011,-0.00852211,-0.011971,-0.241814,9.55526
1770178364093273038,0.692173,0.00105916,0.00807607,-0.721685,0.00639159,-0.0319579,0.00639159,-0.0442927,-0.283713,9.53132
1770178364113351925,0.692168,0.00108475,0.00802321,-0.721691,-0.00532632,-0.00745685,-0.0117179,-0.0526724,-0.17358,9.53132
1770178364133426493,0.692149,0.00104512,0.00798109,-0.721709,0,-0.0213053,-0.00426106,-0.0215478,-0.161609,9.56364
1770178364153500964,0.692123,0.00103751,0.00803436,-0.721734,-0.00426106,-0.00852211,-0.00852211,0.0191536,-0.272939,9.50737
1770178364173586796,0.692128,0.00103887,0.00805227,-0.721729,-0.0106526,-0.00958738,-0.00426106,-0.0586579,-0.281319,9.43316
1770178364193664852,0.692146,0.00109351,0.00802703,-0.721712,-0.00745685,-0.00852211,-0.00852211,-0.0143652,-0.205901,9.52892
1770178364213742491,0.692153,0.00112176,0.00797957,-0.721706,-0.00532632,-0.0106526,-0.00426106,0.00837971,-0.144849,9.58878
1770178364233818179,0.69215,0.00105787,0.00796313,-0.721709,-0.0330232,-0.0127832,-0.00745685,-0.0011971,-0.1652,9.51336
1770178364253895946,0.692124,0.000977341,0.00795896,-0.721734,-0.00958738,-0.0213053,-0.00852211,-0.0466869,-0.195127,9.56484
1770178364273980850,0.69214,0.00103989,0.00802017,-0.721718,0.00426106,-0.0138484,0,-0.0383072,-0.238223,9.53491
1770178364294061242,0.69213,0.00110117,0.00803775,-0.721727,-0.0149137,-0.00852211,-0.00319579,-0.035913,-0.204704,9.55646
1770178364314139425,0.692106,0.00112988,0.00802874,-0.72175,-0.00213053,-0.0245011,-0.02024,-0.0191536,-0.227449,9.49421
1770178364334216649,0.692103,0.00105177,0.00802884,-0.721753,-0.0138484,-0.00639159,-0.0117179,-0.0203507,-0.235829,9.42956
1770178364354299888,0.692074,0.00102231,0.00801714,-0.721781,-0.00639159,-0.0117179,-0.015979,-0.0418985,-0.240617,9.49421
1770178364374384568,0.69208,0.00102398,0.00796329,-0.721776,0.00532632,0.00532632,-0.0149137,-0.0969652,-0.186748,9.51935
1770178364394457248,0.692063,0.00108685,0.00791785,-0.721792,-0.0127832,-0.00532632,-0.00319579,0.0347159,-0.20231,9.5373
1770178364414539271,0.69204,0.00107293,0.00797315,-0.721814,-0.00852211,-0.00532632,0.00213053,0.0371101,-0.161609,9.62708
1770178364434614575,0.691999,0.00105131,0.00804127,-0.721853,-0.00958738,-0.015979,-0.015979,-0.0143652,-0.269348,9.57561
1770178364454689078,0.692005,0.00103193,0.00802768,-0.721848,0.0117179,-0.0191748,0.00852211,-0.0442927,-0.253785,9.56843
1770178364474763518,0.692,0.00108379,0.00799874,-0.721853,0.00639159,-0.0234358,-0.0106526,-0.0670376,-0.162806,9.48583
1770178364494841989,0.69199,0.00109179,0.00796644,-0.721862,-0.0149137,0.00106526,-0.00745685,-0.059855,-0.153229,9.53611
1770178364514927117,0.691984,0.00105084,0.00804363,-0.721867,-0.0117179,-0.0181095,-0.00532632,-0.0035913,-0.2478,9.46069
1770178364535002772,0.691984,0.00101948,0.00808597,-0.721867,-0.00639159,-0.00106526,-0.00106526,-0.0562637,-0.299275,9.43555
1770178364555083868,0.691971,0.00106621,0.00808071,-0.72188,0.0117179,-0.00213053,-0.00639159,-0.0634463,-0.208296,9.4978
1770178364575161988,0.691944,0.00106556,0.00799538,-0.721906,-0.00958738,-0.0266316,-0.0223706,-0.0538695,-0.177171,9.52892
1770178364595241547,0.691932,0.00102839,0.00797809,-0.721918,-0.0149137,-0.0117179,-0.0117179,0.0837971,-0.204704,9.57441
1770178364615319315,0.69193,0.00095417,0.00799311,-0.72192,-0.0138484,-0.0127832,-0.00106526,-0.0299275,-0.217872,9.55646
1770178364635397658,0.691912,0.000978318,0.00801086,-0.721937,0.00745685,-0.0287621,-0.00745685,-0.0215478,-0.254982,9.54568
1770178364655476162,0.691914,0.00106353,0.00799534,-0.721934,0.0106526,-0.0117179,-0.0191748,-0.0287304,-0.243011,9.48942
1770178364675546921,0.691878,0.00108976,0.00796031,-0.721969,-0.00319579,-0.0213053,-0.00532632,0.023942,-0.221464,9.49899
1770178364695622705,0.691865,0.00101049,0.00793037,-0.721983,-0.0106526,-0.015979,0,-0.0323217,-0.232238,9.51815
1770178364715699864,0.691855,0.000954936,0.00794482,-0.721992,0.00319579,-0.0170442,-0.00426106,-0.0383072,-0.380678,9.39365
1770178364735779264,0.69184,0.000962029,0.00794237,-0.722007,0.00745685,-0.0255663,-0.00319579,-0.0251391,-0.214281,9.46189
1770178364755855080,0.691808,0.00106083,0.00794166,-0.722037,-0.00745685,-0.0223706,-0.0127832,-0.00957681,-0.20231,9.52174
1770178364775934703,0.691802,0.00102452,0.00791913,-0.722043,-0.0138484,-0.0234358,-0.00852211,0.00718261,-0.105345,9.61631
1770178364796012247,0.691775,0.000951979,0.00791087,-0.72207,-0.015979,-0.00319579,-0.00958738,0.00718261,-0.216675,9.54568
1770178364816087934,0.691781,0.000893509,0.00792077,-0.722063,-0.00106526,-0.0234358,-0.00639159,-0.0622492,-0.192733,9.51097
1770178364836165286,0.691779,0.000949753,0.00789305,-0.722066,0.00213053,-0.0138484,-0.0181095,-0.0263362,-0.178368,9.54209
1770178364856244109,0.691765,0.000990302,0.00787872,-0.722079,-0.00852211,-0.00426106,0,-0.0311246,-0.162806,9.48583
1770178364876321173,0.691737,0.000973155,0.00794506,-0.722105,-0.0138484,-0.00426106,-0.00958738,0.0191536,-0.232238,9.44273
1770178364896401884,0.691736,0.000907783,0.00795959,-0.722106,-0.0255663,-0.0138484,0.00213053,-0.0299275,-0.311246,9.50139
1770178364916475076,0.691725,0.000925961,0.00791561,-0.722117,0,-0.0106526,-0.0170442,-0.0574608,-0.21069,9.48702
1770178364936551211,0.691726,0.000983135,0.00786641,-0.722117,0.00426106,-0.0149137,0.0117179,-0.0395043,-0.150835,9.48702
1770178364956629011,0.691713,0.00101897,0.00789857,-0.722129,-0.0223706,0.00426106,0.00213053,0.0502782,-0.158017,9.5792
1770178364976709755,0.691707,0.000955968,0.00793238,-0.722134,-0.0181095,-0.00745685,-0.00213053,-0.0430956,-0.234632,9.5804
1770178364996788354,0.691732,0.000933966,0.00792684,-0.72211,-0.00319579,-0.00958738,-0.00426106,-0.00957681,-0.274136,9.58998
1770178365016862538,0.691727,0.000939833,0.0078786,-0.722115,-0.02024,-0.0170442,0.00532632,-0.0610521,-0.138864,9.58758
1770178365036942545,0.691705,0.000995342,0.00788877,-0.722136,-0.0170442,-0.0191748,0.00106526,0.0131681,-0.129287,9.55047
1770178365057020569,0.691675,0.000965829,0.00795618,-0.722164,-0.0340885,-0.0117179,-0.00958738,-0.0203507,-0.196325,9.47026
1770178365077100416,0.691673,0.000929048,0.00799621,-0.722166,-0.00426106,-0.015979,-0.00639159,-0.0131681,-0.362722,9.37091
1770178365097178088,0.69168,0.000931774,0.00799122,-0.722159,-0.00639159,-0.0170442,-0.00745685,-0.0526724,-0.208296,9.48942
1770178365117255440,0.69168,0.000995989,0.00793104,-0.72216,-0.0245011,0.00213053,0.00319579,0.0035913,-0.232238,9.49899
1770178365137334551,0.691652,0.00101196,0.00793806,-0.722186,-0.0223706,-0.0138484,-0.00639159,0.0023942,-0.124498,9.62469
1770178365157412127,0.691642,0.0009907,0.00799664,-0.722195,-0.0127832,-0.0351537,-0.00852211,-0.0275333,-0.240617,9.59237
1770178365177483526,0.691631,0.000955937,0.00798915,-0.722207,0.0149137,-0.0149137,-0.00426106,-0.0957681,-0.216675,9.62589
1770178365197559534,0.691626,0.000983043,0.00793103,-0.722212,0,-0.0149137,-0.00958738,0.0251391,-0.221464,9.45949
1770178365217639093,0.691611,0.000997965,0.0078956,-0.722227,-0.00958738,-0.00213053,-0.00852211,-0.00837971,-0.150835,9.52773
1770178365237714717,0.691595,0.000991117,0.0079563,-0.722242,-0.0106526,-0.00958738,0.00852211,0.0131681,-0.316035,9.4152
1770178365257793412,0.691595,0.000967465,0.00804737,-0.72224,-0.0255663,-0.00532632,0,-0.0814029,-0.312443,9.44393
1770178365277869612,0.69159,0.000987299,0.00804079,-0.722245,0.00213053,-0.00213053,-0.0106526,-0.0514753,-0.251391,9.50259
1770178365297960436,0.691571,0.00102408,0.00796611,-0.722264,0.00106526,-0.0276969,-0.00319579,-0.0586579,-0.131681,9.50259
1770178365318040315,0.691559,0.00103781,0.00795382,-0.722275,-0.0266316,-0.00213053,-0.00213053,0.0299275,-0.161609,9.60913
1770178365338117123,0.691547,0.00100394,0.00802794,-0.722286,-0.0223706,0,-0.0149137,-0.0311246,-0.201113,9.62589
1770178365358194186,0.691542,0.000989622,0.00807026,-0.722291,0.00532632,-0.015979,-0.00106526,-0.0430956,-0.308852,9.50857
1770178365378270642,0.691538,0.00102128,0.00806597,-0.722294,-0.00213053,0.00106526,-0.00106526,-0.0826,-0.137667,9.54927
1770178365398347513,0.691518,0.00103927,0.0080241,-0.722314,-0.00106526,-0.0298274,-0.00532632,0.0562637,-0.178368,9.43675
1770178365418420481,0.69151,0.000982319,0.00801125,-0.722322,-0.0191748,-0.0287621,-0.00639159,-0.0251391,-0.213084,9.51815
1770178365438497928,0.691491,0.000963468,0.00808087,-0.722339,0,-0.0127832,-0.00532632,-0.0059855,-0.332794,9.43076
1770178365458567920,0.691516,0.00102074,0.0081176,-0.722315,-0.0127832,-0.0213053,-0.00426106,-0.0849942,-0.184354,9.54688
1770178365478639447,0.691499,0.00109015,0.00807352,-0.722331,-0.00745685,0.0106526,-0.00426106,0.0023942,-0.186748,9.50259
1770178365498716895,0.691477,0.00108648,0.00804745,-0.722353,-0.0117179,-0.00745685,-0.00426106,-0.0167594,-0.112527,9.64025
1770178365518792070,0.691455,0.00103504,0.00804753,-0.722373,-0.00745685,-0.0298274,-0.00852211,0.0167594,-0.251391,9.56005
1770178365538871982,0.691458,0.00100327,0.00807223,-0.722371,-0.00213053,-0.0287621,-0.00745685,-0.071826,-0.201113,9.51097
1770178365558950453,0.69147,0.00108212,0.00809965,-0.722359,0.00639159,-0.00958738,-0.0117179,-0.0167594,-0.232238,9.58998
1770178365579029213,0.691472,0.00109781,0.00808916,-0.722357,-0.00639159,-0.0138484,-0.00639159,-0.00837971,-0.17358,9.5385
1770178365599104901,0.691444,0.00106067,0.00806512,-0.722384,-0.0138484,-0.0117179,-0.00106526,0.0466869,-0.270545,9.51815
1770178365619183052,0.691414,0.000973261,0.00804263,-0.722413,-0.0138484,-0.0127832,0.00106526,-0.0466869,-0.333991,9.47386
1770178365639260820,0.691406,0.000993451,0.00804247,-0.722421,-0.00213053,-0.00745685,-0.00852211,-0.0454898,-0.292093,9.43316
1770178365659338843,0.691416,0.00106737,0.00802892,-0.722412,0.00106526,-0.00745685,-0.00639159,-0.0490811,-0.141258,9.49421
1770178365679415363,0.691391,0.00106951,0.00802009,-0.722435,-0.00426106,-0.0170442,-0.0127832,0.0059855,-0.155623,9.51216
1770178365699488970,0.691375,0.000989248,0.00806277,-0.72245,-0.0287621,0.00958738,-0.00639159,-0.0454898,-0.186748,9.55885
1770178365719568626,0.691373,0.000969596,0.00804933,-0.722453,-0.00852211,-0.00426106,-0.00213053,-0.0574608,-0.243011,9.54449
1770178365739640249,0.691372,0.000970813,0.00800241,-0.722454,-0.00852211,-0.0181095,0.00106526,-0.0670376,-0.138864,9.56005
1770178365759722977,0.691354,0.00102814,0.00802101,-0.722471,-0.0223706,0.0181095,-0.00532632,-0.0263362,-0.131681,9.41161
1770178365779801256,0.691345,0.00101737,0.00808524,-0.722479,-0.0117179,0.00426106,-0.0149137,-0.0538695,-0.178368,9.51575
1770178365799880208,0.691346,0.00102353,0.00815395,-0.722478,-0.00532632,-0.00426106,-0.00319579,0.0143652,-0.314838,9.54089
1770178365819956952,0.691337,0.00100025,0.00812835,-0.722486,-0.00639159,-0.0106526,-0.00106526,-0.0335188,-0.237026,9.65222
1770178365840038175,0.691329,0.0010623,0.00804768,-0.722495,-0.00319579,-0.0138484,0,0.0023942,-0.205901,9.48702
1770178365860120071,0.691314,0.00105393,0.00803168,-0.722509,-0.036219,-0.00958738,-0.0170442,-0.0107739,-0.106542,9.60913
1770178365880203407,0.691283,0.00102165,0.00808658,-0.722538,-0.0191748,-0.0117179,-0.00958738,0.0023942,-0.196325,9.54209
1770178365900281526,0.691307,0.0010186,0.00816771,-0.722514,0.00106526,-0.0330232,-0.00213053,-0.0646434,-0.262165,9.65103
1770178365920356094,0.691309,0.00110294,0.00814946,-0.722513,0.00426106,-0.0181095,-0.0245011,0.0311246,-0.187945,9.4954
1770178365940429733,0.691296,0.00108084,0.00807328,-0.722526,-0.00106526,-0.02024,-0.0127832,-0.0490811,-0.185551,9.45829
1770178365960511053,0.69127,0.00102546,0.00804067,-0.722551,-0.00106526,-0.00532632,-0.0117179,0.0550666,-0.278924,9.49421
1770178365980590100,0.691275,0.000946606,0.00807274,-0.722547,-0.00958738,-0.0245011,0.00106526,-0.0395043,-0.272939,9.57561
1770178366000668252,0.691192,0.000398079,0.00857903,-0.72262,-0.653007,-0.290817,-0.115049,1.08816,4.39935,11.3246
1770178366020746883,0.69266,-0.00536938,0.0133148,-0.721121,-0.403735,0.118244,0.187487,-0.0227449,-1.34195,8.80827
1770178366040825899,0.693061,-0.00220567,0.0126735,-0.720764,0.80534,0.076699,-0.133158,-0.469264,-3.41533,6.90009
1770178366060904371,0.69074,0.00390533,0.00712274,-0.723057,0.526241,0.0553937,-0.393083,-0.864307,0.0514753,7.37414
1770178366080990714,0.689016,0.0058774,0.00597248,-0.724698,0.0490022,-0.118244,-0.0394148,-0.298078,-0.930147,11.0864
1770178366101069922,0.690154,0.00424624,0.00559522,-0.723629,-0.267381,-0.144876,0.24075,0.123301,0.0742203,9.19373
1770178366121149577,0.691401,0.00145282,0.00640775,-0.722441,-0.265251,-0.103331,0.056459,0.954089,-0.0586579,7.93917
1770178366141225777,0.691069,-0.000344648,0.00709052,-0.722754,-0.160855,-0.0340885,-0.0830906,1.75854,-0.124498,10.896
1770178366161298200,0.690883,-0.00147574,0.00790741,-0.722922,-0.122505,0.0340885,0.0234358,1.13246,-0.0442927,9.67377
1770178366181372576,0.691159,-0.00117174,0.00832545,-0.722654,0.00639159,0.0713727,0,0.548272,0.243011,9.11712
1770178366201452488,0.690888,-0.000283442,0.00854523,-0.722911,0.036219,0.0692422,-0.0319579,-0.149638,-0.0981623,10.0149
1770178366221537551,0.690907,0.000601787,0.00884707,-0.722889,0.0447411,0.0383495,0.0436758,-0.742203,-0.399832,9.30267
1770178366241609591,0.690968,0.00131251,0.00904357,-0.722828,0.0298274,-0.00319579,-0.0351537,-1.14922,-0.299275,9.54329
1770178366261687774,0.69077,0.00163855,0.00900299,-0.723017,0.0149137,-0.0276969,-0.00532632,-1.22224,-0.550666,9.25359
1770178366281774118,0.690926,0.00165181,0.00882682,-0.72287,0.00745685,-0.0713727,0.00852211,-0.768539,-0.389058,9.63666
1770178366301849229,0.690896,0.00119753,0.00849754,-0.722903,-0.0266316,-0.0735032,-0.0330232,-0.159214,-0.189142,9.62349
1770178366321936053,0.690817,0.00056946,0.00808181,-0.722984,-0.0138484,-0.072438,-0.00106526,0.31364,-0.214281,9.48942
1770178366342007773,0.690869,0.000167679,0.00766938,-0.722939,-0.00426106,-0.0500674,-0.00106526,0.707487,-0.0335188,9.56124
1770178366362085572,0.690797,3.4461e-07,0.00740292,-0.723011,-0.00106526,0.00532632,-0.00745685,0.843956,-0.00837971,9.62469
1770178366382169804,0.690823,7.94095e-05,0.00737289,-0.722987,-0.00958738,0.036219,0.00639159,0.742203,0.0179565,9.4966
1770178366402253940,0.690821,0.000246609,0.00765244,-0.722985,-0.0383495,0.0266316,-0.0138484,0.537498,-0.11133,9.62948
1770178366422332667,0.69073,0.000514521,0.00808581,-0.723068,-0.00426106,0.0223706,-0.015979,-0.0143652,-0.378284,9.54688
1770178366442406787,0.69075,0.000880681,0.00851145,-0.723043,0.0138484,0.0308927,0.00106526,-0.454898,-0.45011,9.52413
1770178366462481578,0.690714,0.00125274,0.00872725,-0.723074,0.00639159,0.0149137,-0.0138484,-0.824802,-0.386664,9.50139
1770178366482561650,0.690674,0.00147634,0.00874622,-0.723112,0.00639159,-0.0351537,-0.0170442,-0.877475,-0.290895,9.49301
1770178366502641465,0.690654,0.00150755,0.00860648,-0.723132,0.0138484,-0.0543285,-0.0149137,-0.585382,-0.228646,9.46667
1770178366522718881,0.690656,0.00130107,0.00832244,-0.723135,0.00426106,-0.0543285,-0.00852211,-0.137667,-0.234632,9.47505
1770178366542793640,0.690677,0.00105398,0.00791274,-0.72312,-0.0138484,-0.0596548,0.00639159,0.241814,-0.11133,9.51575
1770178366562866896,0.690681,0.000811454,0.00754486,-0.72312,-0.0138484,-0.0426106,-0.00532632,0.543484,0.142455,9.57441
1770178366582945687,0.690667,0.000593077,0.00735249,-0.723136,-0.0276969,-0.0287621,-0.00852211,0.651223,0.071826,9.5792
1770178366603022335,0.690665,0.000452465,0.00747095,-0.723136,-0.036219,0.00639159,-0.00426106,0.537498,-0.0742203,9.49062
1770178366623097542,0.690645,0.000474293,0.00781962,-0.723151,-0.0191748,0.0415453,-0.00745685,0.292093,-0.295684,9.4571
1770178366643176718,0.690659,0.000619648,0.00820883,-0.723134,-0.0149137,0.0340885,-0.00319579,-0.0550666,-0.314838,9.51456
1770178366663254294,0.690629,0.000771994,0.0085608,-0.723158,-0.00213053,0.0255663,-0.0138484,-0.407014,-0.402226,9.50618
1770178366683331133,0.690594,0.000925508,0.00880902,-0.723188,-0.00639159,-0.00106526,-0.0138484,-0.582988,-0.454898,9.43555
1770178366703405125,0.690582,0.00099193,0.00881751,-0.7232,0.0191748,-0.036219,-0.00319579,-0.575805,-0.56982,9.48822
1770178366723479052,0.690595,0.00102739,0.00864534,-0.723189,0.0149137,-0.0426106,0.00106526,-0.33878,-0.308852,9.61631
1770178366743555316,0.690601,0.000999827,0.0083054,-0.723188,0.0245011,-0.0500674,-0.00532632,-0.107739,-0.187945,9.50139
1770178366763634299,0.690613,0.000930468,0.00799717,-0.72318,0.00639159,-0.0383495,-0.00319579,0.337582,-0.0191536,9.54329
1770178366783707555,0.690601,0.00082922,0.00769387,-0.723195,0.015979,-0.0394148,-0.0127832,0.427365,-0.071826,9.50618
1770178366803785994,0.690605,0.000795166,0.00756339,-0.723192,-0.0181095,0.00426106,0.00213053,0.433351,0.104148,9.578
1770178366823857074,0.690593,0.000842428,0.00760377,-0.723203,-0.0234358,0.00639159,-0.00852211,0.263362,-0.00718261,9.58519
1770178366843935641,0.690593,0.000886464,0.00781767,-0.723201,-0.0127832,-0.00639159,-0.0117179,0.0873884,-0.035913,9.51456
1770178366864011233,0.69057,0.000957682,0.00815215,-0.723219,-0.0266316,0.0213053,-0.00532632,-0.130484,-0.314838,9.50019
1770178366884084552,0.690546,0.00100022,0.00848775,-0.723238,-0.0170442,0.0117179,-0.00958738,-0.36751,-0.477643,9.46428
1770178366904158128,0.690538,0.00102823,0.00863193,-0.723244,-0.0106526,-0.0298274,-0.00106526,-0.54109,-0.439336,9.49899
1770178366924232503,0.690542,0.00099496,0.0085998,-0.723241,-0.00319579,-0.0287621,-0.0181095,-0.347159,-0.365116,9.51695
1770178366944306431,0.690525,0.000874119,0.00844127,-0.723259,0.00639159,-0.0383495,-0.00319579,-0.0694318,-0.371101,9.52054
1770178366964382598,0.690524,0.000711992,0.00827424,-0.723262,-0.00958738,-0.0436758,-0.00532632,0.11971,-0.292093,9.56005
1770178366984458414,0.690532,0.000638112,0.00808992,-0.723256,0.0106526,-0.00852211,-0.00639159,0.179565,-0.1652,9.55406
1770178367004538389,0.690544,0.000637338,0.00787248,-0.723247,-0.00426106,0.00213053,-0.00532632,0.341174,-0.0490811,9.5397
1770178367024610397,0.690541,0.000675786,0.00775128,-0.723251,-0.00532632,0.02024,-0.00319579,0.289698,-0.0873884,9.44513
1770178367044682340,0.69054,0.000717544,0.00780178,-0.723252,-0.0127832,0.0138484,-0.00639159,0.266953,-0.146046,9.48942
1770178367064757676,0.690535,0.000826856,0.00803299,-0.723254,-0.00532632,0.015979,-0.00639159,-0.107739,-0.31364,9.44273
1770178367084840307,0.690542,0.00098573,0.0082679,-0.723244,-0.02024,0.0191748,0.00639159,-0.221464,-0.211887,9.55287
1770178367104919867,0.69053,0.00112975,0.00835672,-0.723254,-0.00639159,0.00319579,-0.0138484,-0.398635,-0.311246,9.54209
1770178367124997538,0.690534,0.00112519,0.0084226,-0.72325,-0.0106526,-0.0191748,-0.00852211,-0.248997,-0.302867,9.5385
1770178367145074058,0.690515,0.000991544,0.0083583,-0.723269,-0.00958738,-0.0308927,0.00213053,-0.251391,-0.379481,9.52174
1770178367165150514,0.690497,0.000841242,0.00824244,-0.723288,-0.0138484,-0.0351537,-0.0106526,-0.0586579,-0.158017,9.59476
1770178367185229081,0.690492,0.000761573,0.00807847,-0.723295,-0.00106526,-0.0191748,-0.00532632,0.108936,-0.192733,9.52174
1770178367205299584,0.690475,0.000689096,0.00798173,-0.723312,-0.00852211,-0.0170442,-0.00639159,0.281319,-0.0885855,9.46069
1770178367225378920,0.690468,0.000629913,0.00795192,-0.723319,-0.0106526,-0.0191748,-0.0117179,0.308852,-0.177171,9.39844
1770178367245444111,0.690464,0.000573548,0.00802133,-0.723322,-0.0234358,-0.00426106,-0.00426106,0.19393,-0.280122,9.44153
1770178367265518903,0.690464,0.000656357,0.00808559,-0.723322,-0.0127832,0.0170442,-0.0117179,0.0047884,-0.15682,9.4966
1770178367285592894,0.690471,0.000798725,0.00822522,-0.723313,-0.00745685,-0.00852211,-0.0127832,-0.11971,-0.275333,9.50857
1770178367305670342,0.690439,0.000909313,0.00834385,-0.723342,-0.00958738,-0.00426106,-0.00745685,-0.152032,-0.305261,9.60195
1770178367325742797,0.69043,0.000972477,0.0084548,-0.723349,-0.00745685,-0.00745685,-0.00958738,-0.198719,-0.40462,9.46907
1770178367345821589,0.690411,0.00100512,0.0084381,-0.723367,0.00213053,-0.0255663,-0.00639159,-0.305261,-0.363919,9.42238
1770178367365900508,0.69044,0.00100582,0.00826333,-0.723342,0.00319579,-0.036219,-0.00213053,-0.107739,-0.144849,9.58638
1770178367385971652,0.690419,0.000945656,0.00802901,-0.723365,-0.0138484,-0.0436758,-0.00958738,0.0574608,-0.0658405,9.49181
1770178367406045515,0.690401,0.000814501,0.00794388,-0.723383,-0.00852211,-0.0138484,-0.00958738,0.211887,-0.169988,9.38168
1770178367426120723,0.690384,0.000719635,0.00790812,-0.7234,-0.00958738,-0.0223706,-0.0127832,0.1652,-0.204704,9.46308
1770178367446201435,0.690403,0.000710898,0.00799277,-0.72338,-0.0255663,-0.00319579,-0.00745685,0.19393,-0.154426,9.51456
1770178367466285922,0.690408,0.000769861,0.00808502,-0.723374,-0.0138484,0.00426106,-0.00639159,0.0347159,-0.146046,9.54089
1770178367486365258,0.690408,0.000761161,0.00820931,-0.723373,-0.0319579,-0.0127832,-0.00745685,-0.023942,-0.232238,9.58519
1770178367506444401,0.69039,0.000760524,0.00831171,-0.72339,0.00106526,0.00958738,-0.00213053,-0.184354,-0.355539,9.48822
1770178367526522265,0.690408,0.000789857,0.00841488,-0.72337,-0.00745685,-0.00319579,0.00213053,-0.257377,-0.385466,9.53491
1770178367546596544,0.69041,0.00084411,0.00837096,-0.723369,0.0181095,-0.036219,-0.0149137,-0.216675,-0.27653,9.54927
1770178367566671912,0.690418,0.000851983,0.00831832,-0.723362,-0.0223706,-0.00213053,-0.00745685,-0.094571,-0.172383,9.54568
1770178367586743599,0.690387,0.000820839,0.00821335,-0.723393,-0.00213053,-0.0308927,-0.00639159,0.0023942,-0.116119,9.5397
1770178367606815319,0.690359,0.000752351,0.00809977,-0.723422,-0.0117179,-0.0170442,-0.00745685,0.137667,-0.166397,9.5804
1770178367626895326,0.690345,0.000756606,0.00791799,-0.723437,-0.00106526,-0.00745685,-0.0170442,0.105345,-0.184354,9.55765
1770178367646974630,0.690343,0.000796929,0.00789273,-0.723439,-0.0170442,0,-0.00213053,0.12809,-0.0550666,9.50019
1770178367667055918,0.690317,0.000839055,0.00797726,-0.723463,-0.0245011,-0.00213053,-0.0127832,0.0742203,-0.197522,9.49181
1770178367687131573,0.690304,0.000832901,0.00811555,-0.723473,-0.0181095,-0.0170442,-0.0138484,-0.0311246,-0.277727,9.52533
1770178367707207037,0.690306,0.000841941,0.00819924,-0.723471,-0.00745685,-0.0117179,0.00106526,-0.204704,-0.292093,9.54329
1770178367727281828,0.690325,0.000864548,0.0082388,-0.723452,-0.0127832,-0.00852211,0.00319579,-0.180762,-0.304064,9.49301
1770178367747357292,0.690325,0.000875779,0.00823377,-0.723452,0,-0.0138484,-0.00319579,-0.207098,-0.241814,9.43076
1770178367767432787,0.690284,0.000806765,0.00822165,-0.723492,-0.0213053,0,-0.0149137,-0.0442927,-0.19393,9.56244
1770178367787509755,0.690268,0.000758925,0.00819255,-0.723507,-0.00213053,-0.00852211,-0.0117179,0.011971,-0.36751,9.50259
1770178367807585890,0.690251,0.000744093,0.0081171,-0.723524,0.00852211,-0.0170442,-0.00852211,0.114922,-0.243011,9.57681
1770178367827664138,0.690254,0.000764155,0.00797002,-0.723523,-0.00958738,-0.00319579,-0.00852211,0.106542,-0.0682347,9.60913
1770178367847742097,0.690247,0.000747169,0.00794945,-0.72353,-0.0149137,-0.0117179,0.00532632,0.1652,-0.150835,9.54808
1770178367867814201,0.690224,0.000777905,0.00803694,-0.723551,-0.0191748,-0.00532632,-0.0106526,0.0179565,-0.288501,9.52294
1770178367887895232,0.69021,0.00081168,0.00813129,-0.723563,-0.0106526,-0.00852211,-0.0127832,-0.059855,-0.196325,9.5385
1770178367907973704,0.690194,0.000897684,0.00815216,-0.723578,0.00426106,-0.00213053,-0.00532632,-0.187945,-0.275333,9.51695
1770178367928051280,0.690187,0.000957994,0.00816613,-0.723585,-0.00106526,-0.0170442,-0.00532632,-0.152032,-0.105345,9.56364
1770178367948125015,0.690161,0.000916275,0.0081521,-0.723609,-0.00213053,-0.0266316,-0.00958738,-0.17358,-0.253785,9.43914
1770178367968202207,0.690141,0.000839037,0.00817336,-0.723629,-0.015979,-0.0181095,-0.00213053,-0.023942,-0.288501,9.49181
1770178367988279270,0.690141,0.00082483,0.00813294,-0.723628,0.00319579,-0.0149137,0.00106526,-0.0514753,-0.266953,9.48104
1770178368008357038,0.690146,0.000839699,0.00810367,-0.723624,0.00319579,-0.00745685,0.00639159,0.0574608,-0.175974,9.55765
1770178368028429781,0.690128,0.000801795,0.00806568,-0.723642,-0.00213053,-0.0127832,-0.0106526,0.110133,-0.185551,9.52413
1770178368048508701,0.690121,0.000700457,0.00806693,-0.723649,-0.0138484,-0.0181095,-0.00213053,0.104148,-0.270545,9.56005
1770178368068587364,0.6901,0.00068808,0.00807887,-0.723668,0.00106526,-0.00532632,-0.00532632,-0.0335188,-0.25618,9.54688
1770178368088661292,0.690116,0.00076687,0.00814228,-0.723652,-0.0117179,0.0117179,-0.00852211,-0.0371101,-0.248997,9.4966
1770178368108739891,0.690107,0.00086983,0.00818955,-0.72366,-0.00106526,0.00852211,-0.00639159,-0.0778116,-0.179565,9.57322
1770178368128817947,0.690079,0.000876212,0.00828803,-0.723686,-0.00213053,-0.0138484,-0.00532632,-0.0897826,-0.153229,9.47984
1770178368148897890,0.690057,0.000863002,0.00826849,-0.723707,-0.00213053,-0.0181095,-0.00213053,-0.143652,-0.317232,9.51456
1770178368168976490,0.690049,0.000855235,0.00821405,-0.723716,0.00213053,-0.0308927,0,-0.0490811,-0.220267,9.43076
1770178368189055890,0.690057,0.000910428,0.00813956,-0.723709,0.00745685,-0.00852211,-0.00106526,-0.0586579,-0.15682,9.48104
1770178368209134745,0.690031,0.000871397,0.00812671,-0.723734,-0.015979,-0.00852211,-0.00958738,0.117316,-0.138864,9.56364
1770178368229212673,0.690002,0.000833241,0.00810441,-0.723761,-0.00213053,-0.00852211,0.00213053,0.0622492,-0.250194,9.58638
1770178368249291592,0.689992,0.00081103,0.00813616,-0.723771,-0.0223706,-0.00745685,-0.00958738,0.0299275,-0.191536,9.53611
1770178368269368016,0.689978,0.000829885,0.00809779,-0.723784,0.00213053,-0.0213053,-0.0106526,-0.0311246,-0.208296,9.58638
1770178368289446583,0.689973,0.000801432,0.00810591,-0.723789,-0.0170442,-0.00639159,-0.00745685,-0.0371101,-0.113725,9.52413
1770178368309521183,0.689938,0.00079319,0.00814162,-0.723822,-0.0127832,-0.0234358,-0.0170442,-0.0646434,-0.190339,9.46189
1770178368329597446,0.689927,0.00080885,0.0082283,-0.723832,-0.015979,-0.00213053,-0.00852211,-0.0418985,-0.268151,9.41759
1770178368349676174,0.68994,0.00085174,0.00825563,-0.723819,-0.00106526,-0.00745685,0,-0.0814029,-0.295684,9.41879
1770178368369755254,0.689937,0.000844138,0.00820803,-0.723823,-0.00958738,-0.0149137,-0.00639159,-0.0047884,-0.235829,9.47625
1770178368389834909,0.689922,0.000850286,0.00811547,-0.723838,0.0287621,-0.00426106,-0.0106526,0.0047884,-0.208296,9.43316
1770178368409913189,0.689884,0.000774423,0.00812346,-0.723874,-0.0117179,0.00639159,-0.00319579,0.104148,-0.203507,9.5804
1770178368429991372,0.68988,0.00077243,0.00809116,-0.723878,-0.00106526,0.00639159,-0.02024,-0.0107739,-0.233435,9.55646
1770178368450071252,0.689889,0.000829792,0.00808407,-0.72387,-0.00426106,-0.0149137,-0.015979,0.0347159,-0.12809,9.57202
1770178368470146139,0.689879,0.000869134,0.00803861,-0.723879,0.015979,-0.04048,-0.00958738,-0.0706289,-0.114922,9.50857
1770178368490224643,0.689867,0.000802378,0.00807432,-0.72389,-0.0319579,-0.00532632,-0.00852211,0.0562637,-0.150835,9.47146
1770178368510299915,0.689848,0.000774439,0.00809212,-0.723909,0.00213053,-0.00532632,-0.00639159,-0.0897826,-0.320823,9.42358
1770178368530379922,0.689849,0.000829485,0.00814237,-0.723907,-0.0127832,-0.00532632,0.00745685,-0.0514753,-0.203507,9.56005
1770178368550456346,0.689831,0.000885029,0.00813754,-0.723925,-0.00213053,0.00426106,-0.0181095,-0.124498,-0.263362,9.51336
1770178368570536257,0.689816,0.000846943,0.00810444,-0.723938,-0.00745685,-0.0170442,-0.00745685,0.0514753,-0.217872,9.49062
1770178368590616201,0.689796,0.000790717,0.00805472,-0.723958,0.00319579,-0.0266316,-0.00639159,-0.011971,-0.361524,9.54927
1770178368610702929,0.689784,0.00073907,0.00802306,-0.723971,-0.0138484,-0.00958738,-0.00852211,0,-0.172383,9.59716
1770178368630781688,0.689783,0.000785702,0.00798416,-0.723971,0.00213053,-0.0117179,-0.00745685,-0.0047884,-0.227449,9.48463
1770178368650861472,0.689783,0.000820914,0.00801685,-0.723972,-0.00745685,-0.00745685,-0.00745685,0.0790087,-0.0837971,9.55885
1770178368670940391,0.689755,0.000843968,0.0080245,-0.723997,-0.0181095,-0.00852211,-0.0149137,-0.0323217,-0.169988,9.48702
1770178368691018127,0.68975,0.000825212,0.0080989,-0.724002,-0.0127832,-0.0117179,-0.00745685,-0.0203507,-0.272939,9.4571
1770178368711098487,0.689739,0.000847643,0.0080953,-0.724012,-0.00745685,-0.00532632,-0.00745685,-0.0634463,-0.28491,9.4571
1770178368731177086,0.689738,0.000878183,0.0080687,-0.724014,-0.0138484,-0.0223706,-0.00426106,-0.0502782,-0.158017,9.4978
1770178368751257670,0.689721,0.000885364,0.00803194,-0.72403,-0.00532632,-0.00319579,-0.015979,-0.035913,-0.211887,9.5385
1770178368771340717,0.689692,0.000805785,0.00808947,-0.724058,-0.0127832,-0.00852211,-0.015979,-0.0263362,-0.265756,9.57082
1770178368791419477,0.689691,0.000791263,0.00811742,-0.724058,0.0106526,-0.02024,-0.00745685,-0.0730232,-0.203507,9.47146
1770178368811498941,0.689703,0.000764471,0.00806808,-0.724047,-0.00639159,-0.0223706,0,0.0131681,-0.17358,9.48583
1770178368831579588,0.689697,0.000762958,0.00796492,-0.724054,0.0117179,-0.0319579,0.00426106,0.0107739,-0.149638,9.56244
1770178368851658604,0.689695,0.000714137,0.00799659,-0.724056,-0.0127832,0.015979,-0.00106526,0.0311246,-0.183156,9.52892
1770178368871736019,0.689663,0.000703915,0.00803187,-0.724086,0,-0.0149137,-0.00745685,-0.0107739,-0.32202,9.56723
1770178368891809115,0.689654,0.000731467,0.00807298,-0.724094,-0.0106526,-0.00319579,0,-0.0335188,-0.286107,9.45949
1770178368911887714,0.689656,0.000840664,0.00807734,-0.724092,-0.00106526,0.00319579,0.00106526,-0.0430956,-0.21069,9.59117
1770178368931961194,0.689636,0.000817184,0.00804638,-0.724111,0.00213053,-0.00532632,0,-0.0155623,-0.211887,9.55646
1770178368952038513,0.689608,0.000770124,0.00800663,-0.724138,0,-0.0106526,-0.0170442,-0.0155623,-0.264559,9.47266
1770178368972113561,0.689601,0.000717265,0.00797848,-0.724146,0.00852211,-0.02024,-0.00319579,-0.0383072,-0.214281,9.53491
1770178368992190976,0.689604,0.000763409,0.00793777,-0.724143,0.00639159,-0.0223706,0.00319579,-0.0778116,-0.25618,9.52653
1770178369012269032,0.689599,0.000808124,0.00793821,-0.724147,-0.00106526,-0.00745685,-0.00106526,0.0311246,-0.180762,9.44513
1770178369032346223,0.689561,0.00076109,0.00795087,-0.724184,-0.0181095,-0.00639159,-0.015979,0.0215478,-0.1652,9.44034
1770178369052427223,0.68955,0.000695519,0.00797749,-0.724193,-0.0170442,-0.0191748,-0.00106526,0.0227449,-0.277727,9.4978
1770178369072499519,0.68955,0.000698099,0.00795115,-0.724194,-0.00426106,-0.00532632,0,-0.0442927,-0.258574,9.40203
1770178369092599559,0.689547,0.000738035,0.00797167,-0.724196,-0.00319579,-0.0170442,-0.0127832,-0.0658405,-0.183156,9.54688
1770178369112677966,0.689524,0.000800324,0.00801719,-0.724218,0,-0.015979,-0.0170442,-0.0167594,-0.27653,9.50139
1770178369132755158,0.689499,0.000758808,0.00807835,-0.724241,-0.00958738,0.00532632,-0.00745685,0.00718261,-0.324414,9.50259
1770178369152833981,0.689479,0.000733688,0.00803672,-0.724261,0.0170442,-0.0287621,-0.0127832,-0.094571,-0.326809,9.48343
1770178369172911781,0.689494,0.000733626,0.00798042,-0.724247,0.00319579,0.00852211,0,-0.047884,-0.201113,9.47864
1770178369192989516,0.689483,0.000754518,0.00791755,-0.724259,-0.00745685,-0.0138484,-0.0138484,-0.0538695,-0.12809,9.47505
1770178369213067380,0.68948,0.000726584,0.00796803,-0.724261,-0.0149137,-0.00639159,-0.00426106,0.0299275,-0.0658405,9.59476
1770178369233143931,0.689459,0.000702705,0.00799726,-0.72428,-0.0127832,-0.00852211,-0.00532632,0.00718261,-0.20231,9.52653
1770178369253223459,0.689453,0.000683471,0.00802377,-0.724286,-0.00852211,-0.0255663,0.00319579,0.00837971,-0.27653,9.52773
1770178369273301547,0.68946,0.000743637,0.00796742,-0.72428,-0.00532632,-0.00745685,-0.0138484,-0.0514753,-0.179565,9.50378
1770178369293380306,0.689436,0.000714457,0.00795563,-0.724303,0.0170442,-0.015979,-0.0138484,0.0227449,-0.237026,9.44153
1770178369313459674,0.689421,0.000683744,0.00798071,-0.724317,-0.00426106,-0.0372843,-0.00426106,-0.0418985,-0.325611,9.56723
1770178369333557122,0.689421,0.000669398,0.00807467,-0.724316,-0.0117179,-0.00213053,-0.00106526,-0.0694318,-0.251391,9.48583
1770178369353633801,0.689421,0.00070869,0.00802564,-0.724316,0.0127832,-0.0245011,-0.00213053,-0.126893,-0.232238,9.47984
1770178369373711889,0.689401,0.000696428,0.00797725,-0.724336,-0.0266316,-0.00106526,-0.0170442,-0.0490811,-0.162806,9.3745
1770178369393790296,0.689381,0.000654794,0.0079332,-0.724355,-0.0213053,-0.00106526,-0.0181095,-0.0011971,-0.223858,9.51575
1770178369413868256,0.689361,0.00062747,0.00799022,-0.724374,-0.00426106,-0.0234358,-0.00745685,0.047884,-0.211887,9.59357
1770178369433946600,0.689333,0.000677836,0.00797135,-0.724401,-0.00319579,-0.0170442,-0.0106526,-0.00957681,-0.304064,9.43675
1770178369454025679,0.689332,0.000711809,0.007988,-0.724402,-0.0191748,-0.0223706,-0.00213053,0.0335188,-0.125696,9.55047
1770178369474105335,0.689315,0.000730804,0.00795962,-0.724418,0,-0.0170442,-0.0138484,-0.035913,-0.243011,9.43675
1770178369494182910,0.6893,0.000643091,0.00799199,-0.724432,-0.0266316,-0.00639159,-0.0138484,0.0897826,-0.25618,9.43435
1770178369514262086,0.689293,0.000624916,0.00801419,-0.724438,-0.00532632,-0.0127832,-0.00958738,-0.0826,-0.335188,9.50737
1770178369534336845,0.689297,0.000685044,0.00802668,-0.724435,-0.0127832,0.0170442,-0.015979,-0.0969652,-0.229843,9.50618
1770178369554407541,0.689268,0.000762646,0.00798935,-0.724463,-0.00426106,-0.0106526,-0.0138484,-0.0418985,-0.168791,9.4978
1770178369574486076,0.689276,0.000718155,0.00799059,-0.724455,-0.0276969,-0.0181095,0,0.0035913,-0.130484,9.55646
1770178369594566308,0.689267,0.000676311,0.00797546,-0.724463,-0.00532632,-0.0117179,-0.00106526,-0.0490811,-0.19393,9.54329
1770178369614643724,0.689278,0.000663618,0.00796951,-0.724453,-0.00426106,-0.0308927,-0.00213053,0.0179565,-0.251391,9.51575
1770178369634721747,0.689278,0.000728027,0.00793921,-0.724453,0.00319579,0.00532632,-0.00958738,-0.0742203,-0.169988,9.52413
1770178369654799515,0.689271,0.000745065,0.0080019,-0.724459,-0.00319579,-0.00213053,-0.00319579,0.0131681,-0.223858,9.46667
1770178369674875618,0.689244,0.000736151,0.00803398,-0.724484,0.00958738,-0.015979,-0.00426106,0.0143652,-0.324414,9.43794
1770178369694950058,0.68924,0.00068239,0.00803805,-0.724489,0.00106526,-0.0213053,0.00639159,-0.0227449,-0.316035,9.49181
1770178369715030321,0.689239,0.00071503,0.00798115,-0.72449,0.0106526,-0.0170442,-0.00106526,-0.114922,-0.233435,9.51815
1770178369735109945,0.689231,0.000738991,0.00796244,-0.724497,-0.00639159,-0.00532632,-0.00426106,-0.0179565,-0.147243,9.4978
1770178369755196449,0.689219,0.000711877,0.00794193,-0.724509,-0.00958738,-0.0181095,-0.00426106,-0.0191536,-0.158017,9.56364
1770178369775275752,0.6892,0.000659757,0.0080132,-0.724527,-0.0106526,-0.0191748,-0.00639159,0.0047884,-0.208296,9.51575
1770178369795354416,0.689214,0.00067845,0.00802185,-0.724513,0.00639159,-0.0127832,-0.0106526,-0.0430956,-0.324414,9.58638
1770178369815432343,0.689219,0.000709255,0.00798386,-0.724508,-0.00958738,-0.0234358,-0.0181095,0.00957681,-0.117316,9.55526
1770178369835511807,0.689199,0.000714187,0.00792287,-0.724528,-0.00532632,-0.0266316,-0.0138484,0.00837971,-0.226252,9.45829
1770178369855589734,0.689188,0.000630282,0.00796701,-0.724538,-0.0117179,-0.00426106,0,0.0754174,-0.278924,9.46428
1770178369875664334,0.689168,0.000613886,0.00796219,-0.724558,0.0117179,-0.0245011,-0.0127832,-0.0849942,-0.329203,9.38527
1770178369895739765,0.689186,0.000656736,0.00800922,-0.724539,-0.0117179,0.00319579,0,-0.0610521,-0.20231,9.48942
1770178369915817885,0.689178,0.000718669,0.00799191,-0.724548,0.00639159,-0.00532632,-0.00532632,-0.0454898,-0.181959,9.40562
1770178369935890756,0.689181,0.000687296,0.0080136,-0.724545,-0.0170442,-0.00106526,-0.00426106,0.00957681,-0.171185,9.60554
1770178369955966700,0.689154,0.000620816,0.00799817,-0.724571,-0.0117179,-0.00213053,-0.0149137,-0.0646434,-0.241814,9.60195
1770178369976040819,0.689151,0.000626482,0.00801943,-0.724573,-0.00958738,-0.00532632,-0.0138484,-0.0275333,-0.233435,9.4978
1770178369996119995,0.689141,0.000699431,0.00803343,-0.724582,0.00639159,-0.00319579,-0.00852211,-0.0622492,-0.181959,9.4559
1770178370016197283,0.689139,0.000718367,0.00807504,-0.724584,0,-0.00852211,0.00426106,0.0466869,-0.216675,9.4559
1770178370036277066,0.689116,0.000663733,0.00807129,-0.724606,-0.0127832,-0.0127832,0,-0.0143652,-0.343568,9.46308
1770178370056357298,0.689108,0.000608913,0.00807183,-0.724614,0.00106526,-0.00319579,-0.0117179,-0.0155623,-0.259771,9.51456
1770178370076434553,0.689101,0.000636421,0.00805177,-0.72462,-0.00532632,-0.0138484,-0.00958738,-0.146046,-0.208296,9.49301
1770178370096516801,0.689101,0.000682696,0.00805704,-0.72462,-0.0149137,0.0191748,-0.00426106,-0.00718261,-0.107739,9.59955
1770178370116595145,0.689065,0.00068488,0.00811886,-0.724654,-0.0234358,0.00319579,-0.0149137,-0.0742203,-0.167594,9.56484
1770178370136673872,0.689059,0.000633551,0.00817802,-0.724659,-0.015979,-0.00319579,-0.00958738,0.0191536,-0.195127,9.57681
1770178370156752280,0.689058,0.000637592,0.00811325,-0.724661,0.00213053,-0.0127832,-0.00106526,-0.0407014,-0.319626,9.42956
1770178370176829567,0.68906,0.000672593,0.00806008,-0.72466,-0.00532632,-0.00852211,-0.0127832,-0.047884,-0.191536,9.53371
1770178370196907911,0.689022,0.000711896,0.00803682,-0.724695,-0.00745685,-0.00958738,-0.00532632,0.0011971,-0.251391,9.50139
1770178370216986606,0.689013,0.000720163,0.00809381,-0.724704,-0.0170442,0.00106526,-0.0106526,0.0634463,-0.226252,9.48822
1770178370237062582,0.689012,0.000695254,0.00812903,-0.724704,-0.00319579,-0.02024,-0.0106526,-0.0694318,-0.308852,9.47864
1770178370257141918,0.689015,0.000723275,0.00811037,-0.724702,-0.015979,-0.00319579,-0.00426106,-0.0802058,-0.166397,9.52773
1770178370277220389,0.689013,0.000765565,0.00802013,-0.724704,0.0127832,-0.00106526,-0.00319579,-0.0826,-0.160412,9.48463
1770178370297296845,0.688993,0.000716182,0.00804395,-0.724723,-0.036219,-0.00745685,-0.00639159,-0.0131681,-0.154426,9.59357
1770178370317378804,0.688963,0.000733431,0.00808218,-0.724751,0,-0.00213053,-0.015979,-0.0131681,-0.245406,9.51575
1770178370337457276,0.688972,0.000751298,0.00814453,-0.724741,0.00213053,-0.0340885,-0.00106526,-0.0634463,-0.254982,9.5804
1770178370357537827,0.688989,0.00083257,0.00811768,-0.724726,0.00532632,-0.0170442,-0.00639159,-0.0790087,-0.172383,9.5385
1770178370377610571,0.68897,0.000803602,0.00809873,-0.724744,-0.00958738,-0.0127832,-0.0138484,0.0550666,-0.174777,9.49421
1770178370397686514,0.688935,0.000759564,0.00808032,-0.724778,-0.0106526,-0.0245011,-0.0149137,0.0287304,-0.289698,9.46189
1770178370417765114,0.688926,0.000729375,0.00812381,-0.724786,-0.0234358,0.00319579,0.00532632,-0.0131681,-0.262165,9.53251
1770178370437842018,0.688932,0.000775896,0.00812064,-0.72478,-0.00639159,-0.00745685,0.00106526,-0.0586579,-0.246603,9.5792
1770178370457937833,0.688928,0.000835048,0.00816801,-0.724784,-0.0138484,-0.00106526,-0.00745685,-0.00957681,-0.154426,9.51097
1770178370478015825,0.688917,0.000827809,0.00814602,-0.724794,0.00319579,-0.0213053,-0.00426106,-0.0263362,-0.146046,9.6199
1770178370498093529,0.688896,0.000733845,0.00818421,-0.724814,-0.0127832,-0.0138484,-0.0138484,-0.0179565,-0.264559,9.46428
1770178370518170464,0.688899,0.000779368,0.00814459,-0.724811,0.00852211,-0.00532632,-0.0106526,-0.0275333,-0.227449,9.57681
1770178370538248136,0.688899,0.000815044,0.00812455,-0.724812,0,-0.0117179,-0.0138484,-0.0538695,-0.1652,9.53012
1770178370558325263,0.688891,0.000863189,0.00811456,-0.724819,0.0138484,-0.00639159,-0.00745685,0.00957681,-0.243011,9.54209
1770178370578403031,0.688893,0.00080623,0.00816425,-0.724817,-0.0191748,-0.00958738,0.00213053,0.0658405,-0.310049,9.49181
1770178370598475998,0.688867,0.000777877,0.00817697,-0.724841,0.00426106,-0.0106526,-0.00852211,-0.11133,-0.307655,9.5373
1770178370618551110,0.688857,0.000762871,0.00814345,-0.724851,-0.00745685,-0.00106526,-0.00426106,-0.0814029,-0.161609,9.57202
1770178370638627405,0.688842,0.000781492,0.00806486,-0.724866,-0.00426106,-0.0106526,-0.0106526,-0.0742203,-0.164003,9.52413
1770178370658702453,0.688834,0.000774265,0.00814161,-0.724873,-0.0191748,-0.0213053,-0.00213053,-0.0011971,-0.146046,9.55047
1770178370678776188,0.688804,0.000729986,0.00819466,-0.724901,-0.0117179,-0.015979,-0.0127832,-0.0442927,-0.281319,9.50378
1770178370698854308,0.688804,0.000747763,0.00819986,-0.724901,0.00532632,-0.0245011,-0.00213053,-0.0454898,-0.272939,9.55526
1770178370718929003,0.688795,0.000777943,0.0081132,-0.72491,0.00106526,-0.015979,-0.00639159,-0.0634463,-0.219069,9.54449
1770178370739006643,0.688779,0.00075441,0.00807817,-0.724926,-0.00852211,-0.0298274,-0.00426106,0.011971,-0.159214,9.50857
1770178370759082650,0.688756,0.000707348,0.00807096,-0.724948,-0.00106526,-0.0255663,-0.0234358,0.0335188,-0.259771,9.47266
1770178370779161186,0.68875,0.000709163,0.00815664,-0.724953,-0.0117179,0.0127832,0.00106526,-0.0526724,-0.213084,9.44632
1770178370799236009,0.688743,0.000770477,0.00814814,-0.724959,0.00213053,-0.00958738,-0.00958738,-0.0766145,-0.168791,9.55526
1770178370819310705,0.688756,0.000783225,0.00812409,-0.724947,-0.00745685,-0.0330232,0,0.0215478,-0.167594,9.5792
1770178370839384280,0.688728,0.000734309,0.00808478,-0.724974,-0.0138484,-0.0181095,-0.0117179,-0.0287304,-0.207098,9.4547
1770178370859461600,0.688717,0.000665693,0.00814267,-0.724985,-0.0181095,0,-0.0106526,-0.0035913,-0.233435,9.51815
1770178370879535399,0.688723,0.000691281,0.00810859,-0.724979,0.00532632,-0.0223706,-0.00213053,-0.0323217,-0.29329,9.53012
1770178370899613871,0.688737,0.000754272,0.00815108,-0.724965,-0.0170442,0.00532632,-0.00319579,-0.023942,-0.209493,9.53132
1770178370919691415,0.688723,0.000784059,0.00816757,-0.724978,-0.00106526,-0.0255663,-0.0117179,0.00957681,-0.270545,9.50378
1770178370939769918,0.688706,0.000706038,0.00819917,-0.724994,-0.0255663,-0.00958738,-0.0117179,0.0107739,-0.356736,9.47625
1770178370959840421,0.688693,0.000640755,0.00815552,-0.725007,-0.00745685,-0.00745685,0.00106526,-0.0730232,-0.254982,9.61392
1770178370979915981,0.688717,0.000656694,0.00814474,-0.724984,-0.0266316,0.00745685,0.00213053,-0.0347159,-0.196325,9.50378
1770178370999993269,0.688709,0.000736623,0.00809772,-0.724992,0.00106526,-0.0223706,-0.00319579,-0.0311246,-0.159214,9.56124
1770178371020070812,0.688681,0.000717371,0.00812408,-0.725019,-0.02024,-0.00532632,-0.00958738,0.0263362,-0.12809,9.57082
1770178371040149572,0.688652,0.000699843,0.00813824,-0.725046,-0.0127832,0.00639159,-0.00745685,-0.0790087,-0.208296,9.57202
1770178371060228043,0.688644,0.000687202,0.00813854,-0.725054,-0.00532632,-0.0266316,-0.00213053,-0.0215478,-0.213084,9.57082
1770178371080305811,0.688641,0.000710687,0.00805023,-0.725057,0.00213053,-0.00532632,0.00213053,-0.0514753,-0.20231,9.4954
1770178371100387354,0.688628,0.000701359,0.00804442,-0.72507,-0.0234358,-0.0340885,-0.00106526,0.0227449,-0.161609,9.59117
1770178371120464546,0.688606,0.000663394,0.00811736,-0.72509,-0.00639159,-0.00319579,-0.00426106,-0.0371101,-0.316035,9.51575
1770178371140541674,0.688613,0.000637998,0.00817433,-0.725083,-0.0106526,0.0127832,-0.00426106,-0.0897826,-0.246603,9.52653
1770178371160616657,0.688613,0.000689027,0.00810213,-0.725084,0.00639159,-0.0223706,-0.0149137,-0.102951,-0.223858,9.51456
1770178371180694969,0.688606,0.000690993,0.00806143,-0.725091,-0.0191748,-0.036219,-0.00106526,0.0299275,-0.20231,9.47505
1770178371200774624,0.688589,0.000653133,0.00801715,-0.725108,-0.0181095,-0.0245011,-0.0117179,0.0323217,-0.171185,9.56843
1770178371220852392,0.688576,0.000569179,0.00805845,-0.725119,-0.0191748,-0.00213053,-0.00532632,-0.0107739,-0.216675,9.54688
1770178371240929423,0.68857,0.000585714,0.00805964,-0.725125,-0.00213053,-0.00532632,-0.00852211,-0.0873884,-0.286107,9.47625
1770178371261006103,0.688585,0.000635605,0.00806951,-0.725111,-0.0138484,-0.00319579,-0.00319579,-0.00718261,-0.177171,9.51815
1770178371281082494,0.688568,0.000643235,0.00802741,-0.725127,-0.00426106,-0.0255663,-0.0138484,-0.0778116,-0.209493,9.46308
1770178371301159686,0.688552,0.000585075,0.00803404,-0.725143,-0.0149137,-0.00639159,0.00426106,0.0694318,-0.272939,9.4547
1770178371321233517,0.688515,0.000552357,0.00802162,-0.725177,-0.00958738,-0.0106526,-0.00532632,-0.0466869,-0.402226,9.37689
1770178371341313141,0.688531,0.000555083,0.0079979,-0.725163,-0.00426106,-0.00213053,-0.00106526,-0.0347159,-0.205901,9.60314
1770178371361390685,0.68853,0.000641801,0.00796237,-0.725164,-0.00639159,0.00106526,-0.00213053,-0.047884,-0.135272,9.54329
1770178371381462788,0.688516,0.000636292,0.00804825,-0.725176,-0.0234358,-0.00745685,-0.0117179,0.0203507,-0.0778116,9.63786
1770178371401540268,0.688494,0.000616466,0.00806947,-0.725197,-0.0181095,-0.0330232,-0.00745685,-0.0730232,-0.20231,9.58399
1770178371421618611,0.688514,0.000591952,0.00806914,-0.725178,-0.00106526,-0.00532632,-0.00958738,-0.047884,-0.248997,9.53012
1770178371441697083,0.688496,0.000643336,0.00801187,-0.725196,0.00958738,-0.0127832,-0.00745685,-0.0466869,-0.17358,9.46428
1770178371461776194,0.688491,0.000646361,0.00804821,-0.7252,-0.00532632,-0.0181095,-0.00745685,0.0454898,-0.175974,9.39724
1770178371481854922,0.68847,0.000638024,0.00810186,-0.725219,0.00319579,-0.0255663,0.00106526,-0.00837971,-0.319626,9.39724
1770178371501934161,0.688449,0.00060677,0.00813932,-0.725239,-0.0191748,-0.00106526,-0.00106526,0,-0.316035,9.50378
1770178371522013433,0.688447,0.000628738,0.00810835,-0.725241,0.00958738,-0.02024,-0.0106526,-0.135272,-0.214281,9.47864
1770178371542093985,0.688442,0.000644159,0.00803616,-0.725247,-0.00745685,-0.0223706,-0.00532632,0.0538695,-0.102951,9.57561
1770178371562172360,0.688442,0.000624766,0.00800465,-0.725247,0.00319579,-0.00852211,-0.00106526,-0.0263362,-0.246603,9.60913
1770178371582251472,0.688425,0.000567156,0.00806218,-0.725263,-0.0181095,-0.015979,-0.0106526,-0.0335188,-0.189142,9.56843
1770178371602329399,0.688428,0.000605802,0.00810529,-0.725259,0.00852211,-0.0181095,-0.00532632,-0.0909797,-0.274136,9.50259
1770178371622408575,0.68844,0.000651757,0.00811178,-0.725248,-0.0117179,0.00532632,-0.00426106,0.0059855,-0.167594,9.48463
1770178371642487078,0.688433,0.000660337,0.00808828,-0.725254,-0.0149137,-0.0181095,-0.00532632,-0.0682347,-0.203507,9.49899
1770178371662567790,0.688439,0.000578931,0.00808783,-0.725249,-0.0266316,-0.0117179,0.00213053,0.0969652,-0.238223,9.52773
1770178371682645750,0.688425,0.00054993,0.00803313,-0.725263,0,-0.0234358,-0.00426106,-0.0837971,-0.409408,9.4954
1770178371702723741,0.688443,0.00059031,0.00806801,-0.725245,-0.00532632,-0.0223706,-0.00106526,-0.0730232,-0.153229,9.56124
1770178371722801509,0.688427,0.000679861,0.00803621,-0.725261,0.00106526,0.00852211,-0.00745685,-0.0861913,-0.203507,9.48343
1770178371742879468,0.688419,0.000635213,0.00806091,-0.725268,-0.0276969,-0.00426106,-0.00106526,0.0502782,-0.155623,9.61631
1770178371762958196,0.688388,0.000581436,0.00808224,-0.725298,-0.0106526,-0.0223706,0,-0.0634463,-0.237026,9.55047
1770178371783035419,0.688385,0.000561659,0.00807246,-0.7253,-0.00426106,-0.0234358,0.00106526,-0.0251391,-0.225055,9.5816
1770178371803113443,0.688376,0.00062818,0.00801866,-0.72531,0.00639159,-0.02024,0,-0.0754174,-0.209493,9.52533
1770178371823189163,0.688361,0.000644363,0.0080171,-0.725324,0.00426106,-0.00639159,-0.0117179,-0.0299275,-0.167594,9.53251
1770178371843269138,0.688337,0.00062161,0.00804321,-0.725346,-0.0127832,-0.02024,-0.00852211,0.0023942,-0.337582,9.40083
1770178371863348666,0.688329,0.00058065,0.00810801,-0.725353,-0.015979,-0.00639159,0.00426106,0.011971,-0.304064,9.44991
1770178371883422913,0.688327,0.000603885,0.00804907,-0.725355,-0.00958738,-0.0106526,-0.00852211,-0.11133,-0.214281,9.53012
1770178371903496393,0.688317,0.000640982,0.0080193,-0.725366,-0.0149137,-0.00106526,-0.0106526,0.0490811,-0.110133,9.55287
1770178371923574384,0.6883,0.000638164,0.00801167,-0.725381,-0.0127832,-0.00319579,-0.0106526,-0.00718261,-0.186748,9.61033
1770178371943651576,0.688281,0.000577124,0.00806696,-0.725399,-0.0234358,-0.00319579,-0.0191748,-0.0131681,-0.146046,9.64863
1770178371963724447,0.688267,0.000605625,0.00808465,-0.725412,-0.00532632,0,-0.00639159,-0.0897826,-0.225055,9.47146
1770178371983803047,0.688287,0.00064463,0.00804151,-0.725393,0.00639159,-0.00213053,-0.00106526,-0.0275333,-0.108936,9.54449
1770178372003880494,0.688281,0.00068281,0.00797289,-0.7254,0.00852211,-0.00106526,-0.00958738,0.0047884,-0.21069,9.36133
1770178372023955254,0.688278,0.000638099,0.00795749,-0.725403,-0.00745685,0,-0.0127832,-0.00837971,-0.216675,9.48702
1770178372044035389,0.688253,0.00062441,0.00799972,-0.725426,-0.00213053,-0.0181095,-0.00745685,-0.00957681,-0.292093,9.54568
1770178372064108741,0.688273,0.000635547,0.0080493,-0.725407,-0.00106526,-0.00426106,-0.00958738,-0.0766145,-0.23104,9.53251
1770178372084184044,0.688262,0.000688095,0.00799064,-0.725418,0.0170442,-0.015979,-0.00745685,-0.071826,-0.183156,9.5397
1770178372104260436,0.688261,0.000663889,0.00797858,-0.725419,-0.0330232,-0.00106526,-0.00639159,0.0299275,-0.177171,9.58878
1770178372124336667,0.688242,0.000627094,0.00799298,-0.725437,-0.00958738,-0.0298274,-0.00639159,-0.0311246,-0.232238,9.56124
1770178372144411747,0.688232,0.000635738,0.00803749,-0.725446,-0.00426106,-0.00852211,-0.0106526,-0.011971,-0.253785,9.58399
1770178372164485738,0.688235,0.000710229,0.00803625,-0.725443,0.015979,-0.0138484,-0.00745685,-0.0682347,-0.227449,9.54808
1770178372184560274,0.688238,0.000704664,0.00802784,-0.725441,-0.0276969,-0.0170442,-0.0127832,0.0299275,-0.180762,9.50259
1770178372204631769,0.688229,0.000674745,0.00800574,-0.725449,-0.00745685,-0.00958738,-0.0106526,-0.00718261,-0.25618,9.47864
1770178372224705825,0.688217,0.000635097,0.00801827,-0.725461,-0.0170442,-0.00319579,0.00639159,-0.0215478,-0.290895,9.42358
1770178372244785736,0.688208,0.00068281,0.00795062,-0.72547,0.00958738,-0.00106526,-0.00639159,-0.0802058,-0.265756,9.42597
1770178372264865200,0.688207,0.000735641,0.00794706,-0.725471,-0.00745685,-0.0181095,0.00639159,0.0155623,-0.142455,9.50019
1770178372284941496,0.688205,0.000750022,0.00796142,-0.725472,-0.00426106,-0.00213053,0.00426106,-0.0706289,-0.0766145,9.54808
1770178372305020767,0.688179,0.000684256,0.00801112,-0.725496,-0.0266316,-0.0170442,-0.0127832,-0.0047884,-0.195127,9.63187
1770178372325098407,0.68817,0.00067036,0.0079818,-0.725505,0.00319579,-0.0170442,-0.00106526,-0.12809,-0.243011,9.47266
1770178372345175406,0.688183,0.000698746,0.00795074,-0.725493,-0.0127832,-0.00639159,-0.00532632,-0.0454898,-0.23942,9.52653
1770178372365256790,0.688166,0.000705595,0.00793238,-0.725509,-0.00106526,-0.00319579,-0.00852211,-0.0933739,-0.126893,9.45351
1770178372385335293,0.688157,0.000687205,0.00795687,-0.725518,-0.00745685,0.00426106,0.00213053,0.0407014,-0.216675,9.40802
1770178372405413125,0.688131,0.000686571,0.00799317,-0.725543,0.0138484,-0.0149137,-0.00532632,-0.0538695,-0.329203,9.5385
1770178372425488172,0.688149,0.000701536,0.00802122,-0.725524,-0.00745685,-0.00745685,-0.00319579,0.0263362,-0.195127,9.56723
1770178372445567092,0.688136,0.000745476,0.00793515,-0.725538,-0.00426106,-0.02024,-0.00532632,-0.0981623,-0.197522,9.51456
1770178372465647068,0.68813,0.000703276,0.00791418,-0.725544,-0.0181095,-0.0340885,-0.0127832,0.120907,-0.191536,9.58878
1770178372485724675,0.688105,0.000651546,0.00790203,-0.725568,-0.0170442,-0.0149137,-0.00639159,-0.0706289,-0.195127,9.6223
1770178372505801931,0.688124,0.000663135,0.00798009,-0.725549,-0.00319579,-0.00745685,0,-0.0143652,-0.266953,9.60793
1770178372525880786,0.68813,0.000716835,0.00794974,-0.725544,0.00213053,-0.00319579,-0.00532632,-0.0849942,-0.238223,9.48583
1770178372545958202,0.688116,0.000745459,0.00795456,-0.725556,-0.0138484,-0.00213053,-0.00532632,0.0275333,-0.21069,9.3745
1770178372566036641,0.688083,0.000701151,0.00792855,-0.725589,-0.00745685,-0.00852211,-0.0106526,0.011971,-0.234632,9.52533
1770178372586112745,0.688066,0.000624901,0.00792357,-0.725605,-0.0149137,-0.0170442,0.00106526,-0.0466869,-0.282516,9.42597
1770178372606190641,0.688047,0.000678532,0.00786696,-0.725624,-0.0106526,0,0,-0.071826,-0.225055,9.52174
1770178372626268760,0.688025,0.000723315,0.00788793,-0.725644,-0.0191748,0.00106526,-0.00319579,0,-0.180762,9.59596
1770178372646343360,0.688009,0.000731015,0.00791505,-0.725658,-0.00532632,0.00639159,-0.00639159,0.0215478,-0.226252,9.53491
1770178372666425351,0.688,0.000648959,0.00795593,-0.725667,-0.02024,0.00426106,-0.00852211,0,-0.29329,9.50259
1770178372686504719,0.688002,0.000634461,0.0079377,-0.725665,0.00639159,-0.0276969,-0.00958738,-0.0730232,-0.225055,9.54568
1770178372706581366,0.688021,0.000663511,0.0079067,-0.725648,-0.00639159,-0.0170442,0.00319579,-0.0574608,-0.201113,9.51575
1770178372726658654,0.688,0.000685646,0.00784123,-0.725668,0.00319579,0.00106526,-0.00426106,-0.0371101,-0.144849,9.47625
1770178372746740870,0.687981,0.000653543,0.00789845,-0.725685,-0.0415453,0.00319579,-0.00958738,0.0131681,-0.220267,9.42717
1770178372766821037,0.687972,0.000669479,0.00793282,-0.725694,-0.00745685,-0.00852211,-0.00852211,-0.0442927,-0.360327,9.46308
1770178372786897173,0.687988,0.00070158,0.00795444,-0.725678,0,-0.0234358,-0.0117179,-0.0059855,-0.216675,9.4547
1770178372806975324,0.687983,0.000752541,0.00788967,-0.725684,-0.00639159,-0.0181095,-0.00852211,-0.0754174,-0.19393,9.52533
1770178372827052580,0.68797,0.000707957,0.00788378,-0.725696,-0.0234358,-0.0394148,-0.0127832,0.0430956,-0.198719,9.56843
1770178372847129867,0.687951,0.00067111,0.00787944,-0.725714,-0.0106526,-0.00426106,0.00106526,-0.0466869,-0.283713,9.56124
1770178372867203347,0.687949,0.000652246,0.00794897,-0.725716,-0.0181095,0.0138484,-0.00213053,-0.0526724,-0.191536,9.52174
1770178372887281338,0.687952,0.000719706,0.00793915,-0.725712,-0.00106526,-0.0138484,-0.00639159,-0.047884,-0.213084,9.50977
1770178372907354658,0.687921,0.000756107,0.00790913,-0.725742,-0.00958738,-0.00852211,-0.00639159,-0.0407014,-0.174777,9.42717
1770178372927431945,0.687902,0.00071308,0.00788118,-0.72576,-0.0127832,0.00213053,-0.00639159,-0.00718261,-0.235829,9.46189
1770178372947510193,0.687905,0.000668874,0.00789072,-0.725757,-0.00639159,-0.0255663,0.00213053,0.0059855,-0.282516,9.4954
1770178372967585208,0.687897,0.000695101,0.0078418,-0.725766,-0.0127832,0.00319579,-0.0170442,-0.0490811,-0.197522,9.50259
1770178372987662272,0.687887,0.000745157,0.00785,-0.725775,-0.0138484,-0.00319579,-0.0149137,-0.0059855,-0.189142,9.49301
1770178373007735495,0.687871,0.000761626,0.007869,-0.72579,-0.00213053,-0.00745685,-0.0191748,-0.00957681,-0.232238,9.52054
1770178373027810991,0.687857,0.000685715,0.00789729,-0.725803,-0.0298274,0.00958738,-0.00532632,-0.00718261,-0.311246,9.53012
1770178373047884726,0.687854,0.000670731,0.00783917,-0.725806,0.00639159,-0.0234358,0.00213053,-0.0873884,-0.29329,9.58758
1770178373067956894,0.687883,0.000723806,0.00782499,-0.725779,-0.0106526,-0.00639159,-0.00639159,0.0287304,-0.154426,9.54089
1770178373088031781,0.687844,0.000750485,0.00780318,-0.725816,-0.00532632,-0.00639159,-0.00213053,-0.102951,-0.199916,9.46787
1770178373108109517,0.687823,0.00073443,0.00785792,-0.725835,-0.0287621,0.00852211,-0.0127832,0.0299275,-0.215478,9.50259
1770178373128186420,0.687807,0.000715222,0.00789931,-0.72585,-0.0106526,0.00213053,-0.00319579,-0.0658405,-0.342371,9.42956
1770178373148258716,0.687822,0.000742863,0.00786496,-0.725837,0.00213053,-0.00213053,0.00106526,-0.023942,-0.203507,9.55526
1770178373168335363,0.687822,0.000794338,0.00780209,-0.725837,0,0.00319579,0,-0.047884,-0.171185,9.55406
1770178373188410123,0.687787,0.000824774,0.00781275,-0.72587,-0.0106526,0.0138484,-0.00852211,0.0682347,-0.184354,9.5385
1770178373208486802,0.687767,0.0008087,0.00787384,-0.725888,-0.00958738,-0.0170442,-0.00745685,-0.059855,-0.308852,9.54808
1770178373228562234,0.687756,0.000811256,0.0079213,-0.725899,-0.00532632,-0.0340885,-0.00106526,-0.0383072,-0.21069,9.58998
1770178373248637825,0.687757,0.000847601,0.00783658,-0.725898,0.0106526,-0.02024,-0.00745685,-0.0754174,-0.168791,9.45111
1770178373268712713,0.687753,0.000847768,0.00782279,-0.725902,-0.0245011,-0.0149137,-0.00532632,0.0059855,-0.114922,9.55167
1770178373288788401,0.687733,0.000840981,0.00787584,-0.725921,-0.0117179,-0.00745685,-0.00213053,0.0299275,-0.270545,9.4547
1770178373308865400,0.687736,0.000823123,0.0079593,-0.725916,-0.0138484,-0.00852211,0.00106526,0.0167594,-0.298078,9.40921
1770178373328942592,0.687733,0.000850269,0.00793881,-0.725919,-0.00639159,0.00639159,-0.00426106,-0.0766145,-0.223858,9.41759
1770178373349019943,0.68773,0.000872509,0.00788498,-0.725923,-0.00852211,-0.02024,-0.00319579,-0.0131681,-0.201113,9.48343
1770178373369096079,0.68769,0.000852274,0.0078332,-0.725962,0.00532632,-0.0191748,-0.0266316,0.011971,-0.213084,9.54449
1770178373389171510,0.687664,0.000781104,0.00789564,-0.725986,-0.00852211,-0.0106526,-0.00639159,-0.0155623,-0.259771,9.57202
1770178373409247230,0.687664,0.000805899,0.00792612,-0.725985,0.00213053,-0.02024,0.00106526,-0.0634463,-0.310049,9.41759
1770178373429327237,0.68768,0.000846228,0.00789553,-0.72597,0.00958738,-0.0308927,-0.015979,-0.0023942,-0.160412,9.53012
1770178373449402861,0.687656,0.000861812,0.00783865,-0.725994,-0.00958738,0.00745685,-0.0117179,-0.0131681,-0.185551,9.55287
1770178373469479956,0.687646,0.000794514,0.00786442,-0.726003,-0.0255663,-0.0149137,-0.00958738,0.0407014,-0.192733,9.50378
1770178373489557852,0.687625,0.000795154,0.00792481,-0.726022,0,0.00319579,-0.0106526,-0.0251391,-0.219069,9.57082
1770178373509625987,0.687653,0.000823139,0.00797586,-0.725995,-0.0170442,-0.0170442,-0.00532632,-0.0658405,-0.15682,9.56723
1770178373529706923,0.687617,0.000871913,0.00790114,-0.72603,-0.00106526,-0.0191748,-0.0170442,-0.0275333,-0.180762,9.47386
1770178373549779954,0.687608,0.000826576,0.00789405,-0.726038,-0.0127832,-0.0149137,0.00106526,0.0299275,-0.146046,9.54449
1770178373569861178,0.687577,0.000796991,0.00793847,-0.726068,-0.0106526,-0.00426106,-0.00319579,-0.0538695,-0.265756,9.55287
1770178378603423397,0.685216,0.000537679,0.00800174,-0.728295,-0.00958738,-0.0127832,-0.00639159,-0.0383072,-0.142455,9.53132
1770178378623502509,0.6852,0.000508467,0.00804164,-0.728311,-0.0213053,0.00319579,0,-0.0430956,-0.149638,9.62589
1770178378643581428,0.685196,0.000526017,0.0080669,-0.728314,0.0532632,0.00532632,-0.0149137,-0.0993594,-0.847547,9.53012
1770178378663659292,0.685173,0.000874154,0.00781483,-0.728338,0.0106526,-0.00106526,-0.00745685,-0.0047884,-0.27653,9.51815
1770178378683738563,0.685187,0.000713909,0.00783151,-0.728324,-0.0394148,-0.0330232,0.0106526,0.153229,-0.196325,9.22007
1770178378703810155,0.68523,0.000416476,0.00802066,-0.728283,-0.0639159,-0.0191748,0,0.144849,-0.136469,9.4571
1770178378723872050,0.685128,5.14617e-05,0.00838525,-0.728374,-0.0426106,0.00639159,-0.0138484,0.0323217,-0.40462,9.56005
1770178378743949305,0.685144,0.00016824,0.00839846,-0.728359,0.0138484,-0.00958738,0.00852211,-0.114922,-0.198719,9.53491
1770178378764024225,0.685144,0.000423695,0.00827166,-0.72836,0.0170442,-0.00745685,-0.0106526,-0.137667,-0.201113,9.48702
1770178378784100456,0.685134,0.000647669,0.00810873,-0.728372,0.0106526,0.00852211,-0.00958738,-0.0837971,-0.195127,9.47026
1770178378804174256,0.685101,0.000600783,0.00807495,-0.728403,-0.0351537,-0.00958738,-0.00532632,-0.0646434,-0.23942,9.5385
1770178378824250103,0.685093,0.000431672,0.00823047,-0.728409,-0.0479369,-0.00213053,-0.00319579,-0.0909797,-0.269348,9.59716
1770178378844326655,0.685099,0.000317305,0.00830379,-0.728403,-0.00745685,-0.0106526,-0.00106526,-0.00718261,-0.295684,9.56124
1770178378864400806,0.685103,0.000359176,0.00821652,-0.728399,0.0170442,-0.0127832,-0.0117179,0.047884,-0.251391,9.50737
1770178378884477390,0.685096,0.000408959,0.00807264,-0.728408,0.0127832,-0.0170442,0,0.0514753,-0.215478,9.51336
1770178378904553366,0.68508,0.000472033,0.00801779,-0.728423,-0.00958738,-0.00852211,0.00426106,0.0766145,-0.262165,9.51815
1770178378924624701,0.685056,0.000448081,0.00809423,-0.728445,-0.02024,-0.00852211,0.00532632,-0.0490811,-0.306458,9.41161
1770178378944701124,0.685079,0.000470197,0.00815498,-0.728423,-0.00639159,-0.00958738,-0.00319579,-0.104148,-0.23104,9.47505
1770178378964779724,0.685056,0.000548238,0.0081523,-0.728445,0.00319579,-0.00532632,-0.0138484,-0.0885855,-0.175974,9.47505
1770178378984854324,0.685048,0.000626237,0.00809408,-0.728453,-0.00106526,-0.0340885,0,-0.0670376,-0.124498,9.5804
1770178379004934267,0.685031,0.000556538,0.00810383,-0.728468,-0.0170442,-0.02024,0.00213053,-0.0742203,-0.169988,9.57561
1770178379025014755,0.685047,0.000465394,0.00814252,-0.728453,-0.0117179,-0.00426106,-0.00532632,-0.0790087,-0.197522,9.55526
1770178379045085674,0.685044,0.00044696,0.00813784,-0.728456,-0.015979,-0.0138484,-0.00745685,0.0347159,-0.198719,9.47386
1770178379065163890,0.685034,0.000462748,0.00812124,-0.728465,-0.00639159,-0.0117179,-0.00745685,0.071826,-0.21069,9.56124
1770178379085238969,0.685004,0.000417943,0.00808849,-0.728495,-0.0117179,-0.0170442,-0.00639159,0.101754,-0.288501,9.50139
1770178379105317185,0.685013,0.000364185,0.00812464,-0.728485,-0.00426106,-0.015979,0.00426106,-0.0203507,-0.318429,9.44872
1770178379125397064,0.685016,0.000351855,0.00817365,-0.728482,-0.015979,0.00426106,0.00213053,-0.0766145,-0.283713,9.55167
1770178379145476720,0.685018,0.000432873,0.00816162,-0.72848,0.00852211,-0.00532632,0.00213053,-0.0790087,-0.186748,9.45351
1770178379165553528,0.684986,0.000493204,0.00821477,-0.72851,-0.0181095,-0.00319579,-0.00958738,-0.0490811,-0.209493,9.60195
1770178379185630879,0.684963,0.00050029,0.00825261,-0.728531,-0.00745685,-0.0127832,-0.00745685,-0.0754174,-0.228646,9.53132
1770178379205704583,0.684956,0.000506742,0.00821047,-0.728538,0,-0.0276969,0.00106526,-0.0682347,-0.311246,9.56603
1770178379225781006,0.68498,0.000549364,0.00813773,-0.728516,0.00426106,-0.0181095,-0.00745685,-0.071826,-0.155623,9.51695
1770178379245856982,0.684986,0.000560027,0.00807667,-0.728511,0,-0.00532632,-0.0127832,0.0826,-0.175974,9.53371
1770178379265932605,0.684978,0.000530336,0.00807643,-0.728519,-0.00958738,-0.0223706,-0.00106526,0.0694318,-0.185551,9.49899
1770178379286007141,0.684963,0.000508226,0.00814939,-0.728532,-0.00319579,-0.0117179,-0.00213053,-0.0035913,-0.283713,9.52892
1770178379306087052,0.68498,0.000502598,0.00815538,-0.728516,-0.00319579,-0.0106526,0,-0.0742203,-0.234632,9.4978
1770178379326157876,0.684976,0.000514416,0.00816775,-0.72852,-0.0106526,-0.0106526,-0.00426106,-0.0047884,-0.143652,9.58279
1770178379346227995,0.684955,0.000454747,0.00813721,-0.72854,-0.015979,-0.00106526,-0.00319579,-0.0562637,-0.183156,9.56005
1770178379366301986,0.684952,0.000413819,0.00821758,-0.728541,-0.0106526,-0.00319579,0.00319579,-0.0502782,-0.269348,9.50498
1770178379386376906,0.684964,0.000459212,0.00824654,-0.72853,-0.00106526,-0.00532632,-0.00106526,-0.094571,-0.311246,9.48702
1770178379406455122,0.684959,0.000482715,0.00822885,-0.728535,-0.00958738,-0.0255663,-0.00958738,-0.0538695,-0.226252,9.56484
1770178379426528089,0.684953,0.000479532,0.00819493,-0.728541,-0.00852211,-0.00958738,-0.0106526,0.0442927,-0.223858,9.48942
1770178379446602944,0.6849,0.000426754,0.0081453,-0.728591,-0.0170442,-0.0127832,-0.00532632,0.102951,-0.294487,9.43076
1770178379466680904,0.684891,0.000431036,0.00811286,-0.7286,0.00213053,-0.0149137,-0.00852211,-0.0622492,-0.300472,9.54688
1770178379486757008,0.684883,0.000482722,0.00808567,-0.728609,-0.00213053,-0.0106526,-0.00319579,-0.0514753,-0.201113,9.49421
1770178379506832247,0.68489,0.00053082,0.00806923,-0.728602,-0.00958738,-0.0149137,-0.0127832,-0.0263362,-0.0826,9.4954
1770178379526908543,0.684856,0.000510037,0.00810828,-0.728633,-0.0213053,-0.0149137,-0.0117179,-0.0143652,-0.137667,9.58399
1770178379546991302,0.684843,0.000475732,0.00810135,-0.728645,-0.0234358,-0.0319579,-0.00213053,-0.0658405,-0.214281,9.53251
1770178379567065998,0.684835,0.000461955,0.00810136,-0.728653,-0.0191748,-0.00958738,-0.00213053,-0.0897826,-0.278924,9.56124
1770178379587140629,0.684849,0.000523232,0.00811793,-0.728639,-0.00319579,-0.00745685,-0.00958738,-0.0550666,-0.192733,9.44632
1770178379607216445,0.684811,0.000512849,0.00814386,-0.728675,-0.0106526,0.00852211,-0.00745685,-0.0263362,-0.290895,9.43675
1770178379627295844,0.684805,0.000474123,0.00814078,-0.728681,-0.0106526,-0.0149137,0.00426106,0.0275333,-0.271742,9.51456
1770178379647374348,0.684761,0.000432899,0.00813097,-0.728722,-0.00958738,-0.0266316,-0.00639159,-0.0311246,-0.307655,9.54089
1770178379667454196,0.68477,0.000438583,0.00807237,-0.728715,-0.00745685,-0.015979,-0.0106526,-0.101754,-0.216675,9.52413
1770178379687531035,0.684747,0.000449078,0.00803982,-0.728736,-0.0138484,-0.0330232,-0.00639159,0.0275333,-0.153229,9.47026
1770178379707610947,0.684727,0.000465395,0.00807143,-0.728754,-0.0106526,0.0138484,-0.00426106,0.00837971,-0.122104,9.62589
1770178379727688362,0.684674,0.000430797,0.00811081,-0.728804,-0.0127832,-0.02024,-0.00532632,-0.00718261,-0.235829,9.58519
1770178379747760210,0.684686,0.000459855,0.00805683,-0.728793,0.00319579,-0.0170442,-0.00426106,-0.0837971,-0.301669,9.57322
1770178379767836825,0.684684,0.000491485,0.0080313,-0.728796,0,0.00639159,0.00213053,-0.0275333,-0.23942,9.49421
1770178379787916097,0.684713,0.000501593,0.00798862,-0.728769,0.00213053,-0.00958738,-0.00745685,-0.035913,-0.201113,9.39844
1770178379807994632,0.684688,0.000459536,0.00799615,-0.728792,-0.00213053,-0.0191748,-0.00426106,0.0275333,-0.177171,9.43316
1770178379828066704,0.684701,0.000431613,0.00802246,-0.72878,-0.00852211,-0.0213053,-0.00106526,-0.0430956,-0.336385,9.5804
1770178379848144215,0.684703,0.000434296,0.0080173,-0.728779,0.00745685,-0.0308927,-0.00426106,-0.0311246,-0.277727,9.56005
1770178379868218975,0.684716,0.000469394,0.00795708,-0.728767,-0.00426106,-0.00213053,-0.00106526,-0.0155623,-0.154426,9.5373
1770178379888294854,0.684697,0.000380616,0.00794863,-0.728784,-0.0245011,-0.0191748,-0.00532632,0.0263362,-0.162806,9.59835
1770178379908370926,0.684805,-0.000628663,0.00944634,-0.728665,-0.52198,-0.478304,0.0351537,2.90058,10.2041,3.84389
1770178379928444341,0.684443,-0.00660624,0.0157285,-0.728867,-0.335558,0.217314,-0.0873517,0.468066,-1.98838,4.38977
1770178379948518045,0.68452,-0.00569739,0.0170295,-0.728773,0.84795,-0.148072,0.0245011,-2.95684,-3.45723,8.85136
1770178379968592612,0.685371,-0.000320941,0.0109124,-0.728112,0.773382,-0.0298274,0.168312,-3.07176,-1.08936,15.3145
1770178379988666668,0.68572,0.00437796,0.00770201,-0.727811,0.679639,0.0532632,-0.0937433,-2.17513,-2.98796,9.04769
1770178380008743923,0.684584,0.00701424,0.00353972,-0.728892,0.376038,-0.288687,-0.2024,-0.147243,-1.91057,9.34816
1770178380028817179,0.683608,0.00701551,0.000781876,-0.729815,0.0553937,-0.201335,-0.076699,1.25097,-0.768539,10.574
1770178380048896610,0.684172,0.00508635,0.000398575,-0.729303,-0.18216,-0.117179,0.14168,1.82079,0.884658,8.80707
1770178380068974730,0.684927,0.00173799,0.00201209,-0.728607,-0.430367,-0.104396,0.0106526,2.76291,2.32357,12.1338
1770178380089046513,0.684526,-0.00200084,0.00474407,-0.72897,-0.568851,0.0383495,-0.0660464,2.23978,1.87107,8.34858
1770178380109121785,0.68452,-0.00191507,0.00659941,-0.728962,0.142745,0.235423,0.0862864,1.46286,0.260968,9.21528
1770178380129198272,0.685024,0.000412165,0.00724052,-0.728484,-0.134223,0.217314,0.0181095,-0.0215478,2.15837,10.9439
1770178380149276168,0.684736,0.000828112,0.009607,-0.728728,-0.122505,0.136354,-0.0543285,-1.99437,-0.161609,9.20571
1770178380169354768,0.684615,0.00243497,0.0103767,-0.728827,0.171508,0.0830906,0.0181095,-2.74016,-1.27491,9.14106
1770178380189432279,0.684707,0.00429553,0.00985968,-0.728739,0.160855,0.00426106,-0.0255663,-2.78087,-0.921768,9.36971
1770178380209504671,0.684496,0.00512713,0.00895365,-0.728944,0.0958738,-0.133158,-0.0468716,-1.77291,-1.12527,9.14944
1770178380229583558,0.684411,0.00386822,0.00834858,-0.729039,-0.164051,-0.20027,0.0213053,-0.474052,-0.958878,9.60434
1770178380249662670,0.684566,0.000784034,0.00849577,-0.728901,-0.257794,-0.254598,-0.00958738,0.420182,-0.317232,9.74799
1770178380269734485,0.684495,-0.00264883,0.00908326,-0.728956,-0.254598,-0.226901,-0.02024,1.14802,-0.732626,9.78151
1770178380289813245,0.684564,-0.00450555,0.00882811,-0.728886,0.0990696,-0.0681769,0.0255663,1.52511,-0.97444,9.2081
1770178380309891844,0.684637,-0.00414596,0.0078454,-0.72883,0.0660464,-0.00639159,-0.0245011,1.77889,0.257377,9.69891
1770178380329966188,0.684499,-0.00415537,0.00770664,-0.728962,0.0234358,0.0553937,-0.0181095,1.58736,-0.243011,9.2069
1770178380350039347,0.684517,-0.00293362,0.00755412,-0.728952,0.0905475,0.131028,0.00958738,1.44011,0.118513,9.64744
1770178380370114587,0.684565,-0.00129641,0.00755458,-0.728912,0.113983,0.150202,-0.00745685,0.703895,-0.12809,9.50259
1770178380390192386,0.684446,0.000892862,0.0079888,-0.729019,0.072438,0.160855,-0.00958738,-0.627281,-0.229843,9.47386
1770178380410269162,0.684483,0.00231097,0.00845173,-0.728977,0.0628506,0.0873517,0.00426106,-1.35632,-0.397437,9.65103
1770178380430340817,0.68444,0.00347756,0.00884756,-0.729007,0.0308927,0.0127832,-0.0191748,-1.83037,-0.37589,9.30387
1770178380450416185,0.684395,0.00378324,0.00900727,-0.729046,0.00213053,-0.0479369,-0.0127832,-1.95367,-0.398635,9.25479
1770178380470495488,0.68442,0.0035674,0.00877219,-0.729026,-0.00319579,-0.105461,-0.00745685,-1.59574,-0.241814,9.42358
1770178380490567848,0.684436,0.00271033,0.00791702,-0.729025,-0.0181095,-0.167246,-0.0138484,-0.414197,0.203507,9.63187
1770178380510639407,0.684421,0.00165427,0.00714634,-0.72905,-0.0447411,-0.143811,-0.00745685,0.395043,0.362722,9.69412
1770178380530713975,0.684413,0.000494627,0.00653871,-0.729065,-0.0735032,-0.116114,-0.015979,1.08457,0.316035,9.43794
1770178380550787806,0.684388,-0.000562025,0.00642215,-0.72909,-0.096939,-0.0287621,-0.00106526,1.35751,0.221464,9.54209
1770178380570870470,0.684394,-0.00130395,0.00660826,-0.729081,-0.0916127,-0.00213053,0.00319579,1.41737,0.0754174,9.4966
1770178380590941741,0.684372,-0.00188549,0.00731603,-0.729094,-0.106526,0.0447411,-0.0127832,1.21027,-0.100556,9.52773
1770178380611019989,0.684352,-0.00210347,0.00837346,-0.7291,-0.102265,0.0937433,-0.00852211,0.762553,-0.464475,9.49181
1770178380631101436,0.684297,-0.00205992,0.00962732,-0.729137,-0.0884169,0.113983,-0.00106526,-0.0167594,-0.847547,9.56364
1770178380651181412,0.684311,-0.00167886,0.0107075,-0.72911,-0.0223706,0.0660464,0,-0.859518,-1.00556,9.41041
1770178380671254379,0.684312,-0.00109448,0.0113314,-0.7291,0.0426106,0.0255663,-0.00426106,-1.31921,-0.990002,9.40562
1770178380691331443,0.684324,-0.000488967,0.0112163,-0.729092,0.0830906,-0.0276969,-0.0170442,-1.45089,-0.870292,9.3745
1770178380711406939,0.684288,2.12111e-05,0.0105697,-0.729135,0.0937433,-0.0639159,-0.00532632,-1.16358,-0.707487,9.50019
1770178380731484610,0.684277,0.000357975,0.00945739,-0.729161,0.092678,-0.0649811,-0.00319579,-0.500388,-0.385466,9.58998
1770178380751565162,0.684292,0.000435092,0.00832197,-0.72916,0.0788296,-0.0852211,-0.00319579,0.275333,0.0849942,9.6199
1770178380771638097,0.684299,0.00042538,0.00721841,-0.729165,0.0553937,-0.0777643,-0.0106526,0.849942,0.332794,9.44513
1770178380791711801,0.684262,0.000342899,0.00652985,-0.729207,0.00852211,-0.0426106,-0.00426106,1.07859,0.51595,9.48463
1770178380811784512,0.684253,0.00038453,0.00624157,-0.729218,-0.0170442,0.0149137,-0.0106526,1.07859,0.36751,9.50618
1770178380831857128,0.684246,0.00051001,0.00658538,-0.729221,-0.04048,0.036219,-0.00106526,0.826,0.339977,9.52054
1770178380851935247,0.684262,0.000664875,0.00722622,-0.7292,-0.0681769,0.0884169,-0.00958738,0.307655,0.0969652,9.53371
1770178380872011383,0.684228,0.000745957,0.00810908,-0.729222,-0.0862864,0.0532632,-0.0213053,-0.356736,-0.189142,9.6223
1770178380892088574,0.684221,0.000841299,0.00897755,-0.729219,-0.0671116,0.052198,-0.00319579,-0.843956,-0.519542,9.44034
1770178380912162118,0.684185,0.000717342,0.0097441,-0.729243,-0.0490022,0.00213053,-0.00852211,-1.23182,-0.762553,9.52773
1770178380932240397,0.684212,0.000433281,0.00999868,-0.729215,-0.0234358,-0.072438,-0.00106526,-1.08457,-0.77213,9.40442
1770178380952321525,0.684193,-0.000101409,0.00991157,-0.729234,-0.0255663,-0.076699,-0.00745685,-0.611719,-0.672771,9.60075
1770178380972398460,0.684204,-0.000564493,0.00946388,-0.729229,0.00639159,-0.092678,-0.00319579,0.0335188,-0.52433,9.55287
1770178380992470564,0.684157,-0.000966138,0.00895666,-0.729279,0.0255663,-0.0692422,-0.00958738,0.554258,-0.344765,9.663
1770178381012545387,0.684161,-0.00108646,0.00831148,-0.729283,0.0330232,-0.0447411,-0.015979,0.774524,-0.138864,9.40203
1770178381032628307,0.684164,-0.0010079,0.00781563,-0.729286,0.04048,-0.0191748,-0.0138484,0.934936,0.0227449,9.42837
1770178381052703674,0.684173,-0.000689156,0.00758984,-0.72928,0.00958738,0.0245011,-0.0117179,0.882263,0.0754174,9.41999
1770178381072779458,0.684126,-0.000296876,0.00783248,-0.729321,-0.00426106,0.0532632,-0.00639159,0.571017,0.0407014,9.59835
1770178381092849001,0.684106,0.000133052,0.00820429,-0.729337,-0.0149137,0.0543285,-0.00532632,-0.0155623,-0.246603,9.4571
1770178381112926417,0.684086,0.000558469,0.00871453,-0.729349,-0.00319579,0.0468716,-0.0127832,-0.627281,-0.266953,9.56723
1770178381132999832,0.684101,0.000978625,0.00905477,-0.729331,0.00106526,0.0149137,-0.00532632,-0.888249,-0.333991,9.39006
1770178381153078656,0.684046,0.00117451,0.00922389,-0.72938,0.00532632,-0.0181095,-0.0106526,-0.924162,-0.342371,9.48583
1770178381173154951,0.684043,0.00109927,0.00912768,-0.729384,0.0127832,-0.0649811,-0.00852211,-0.624887,-0.398635,9.48702
1770178381193231855,0.684034,0.000694922,0.00880604,-0.729397,-0.0106526,-0.0958738,-0.00532632,-0.328006,-0.266953,9.58279
1770178381213312119,0.684063,0.000292598,0.00839588,-0.729375,-0.00852211,-0.0468716,0.00319579,0.185551,-0.0586579,9.53251
1770178381233390206,0.684064,-0.000111874,0.00813369,-0.729376,-0.0234358,-0.04048,-0.00319579,0.574608,-0.0167594,9.42717
1770178381253468230,0.684051,-0.000395803,0.0078958,-0.729391,-0.0245011,-0.00106526,-0.015979,0.724246,-0.0514753,9.57561
1770178381273546317,0.684024,-0.000606907,0.00784054,-0.729417,-0.02024,-0.00745685,-0.00532632,0.785298,-0.0957681,9.54808
1770178381293623349,0.684037,-0.000577966,0.00805933,-0.729403,-0.0213053,0.036219,-0.00958738,0.44173,-0.243011,9.50498
1770178381313699580,0.684014,-0.000415597,0.00851896,-0.729419,-0.0308927,0.0500674,-0.00639159,0.160412,-0.294487,9.58399
1770178381333774724,0.683996,-0.000172834,0.00889427,-0.729431,-0.0138484,0.0149137,-0.00852211,-0.211887,-0.440533,9.55526
1770178381353856267,0.683959,9.87876e-05,0.00923735,-0.729462,-0.00639159,0.00745685,0.00106526,-0.599748,-0.5782,9.56124
1770178381373946323,0.683974,0.000363654,0.00933155,-0.729447,0.0276969,-0.0138484,-0.00958738,-0.742203,-0.527921,9.42118
1770178381394024155,0.683965,0.000586409,0.00920252,-0.729456,0.0308927,-0.0394148,0.00106526,-0.675165,-0.31364,9.53371
1770178381414099170,0.683981,0.00064974,0.00887509,-0.729445,0.00958738,-0.0575243,-0.0117179,-0.290895,-0.136469,9.53251
1770178381434178826,0.683956,0.000520479,0.00851857,-0.729474,0.00426106,-0.0553937,-0.00532632,0.0466869,-0.071826,9.51695
1770178381454255698,0.683952,0.000384761,0.00810235,-0.729482,0.02024,-0.04048,-0.00958738,0.283713,0.011971,9.64983
1770178381474333913,0.683949,0.000218885,0.00782678,-0.729488,-0.0117179,-0.0213053,-0.00213053,0.427365,0.105345,9.55765
1770178381494411009,0.683963,0.000169533,0.00777389,-0.729476,-0.0308927,-0.00852211,-0.00213053,0.464475,0.101754,9.51695
1770178381514482120,0.683937,7.23452e-05,0.00800852,-0.729497,-0.0330232,0.00106526,-0.00745685,0.349553,-0.0706289,9.56484
1770178381534555567,0.68393,5.28209e-05,0.00827944,-0.729501,-0.036219,0.00532632,-0.0138484,0.0981623,-0.282516,9.52533
1770178381554632119,0.683895,5.28524e-05,0.00873549,-0.729528,-0.0319579,0.0127832,-0.00639159,-0.258574,-0.393846,9.56603
1770178381574710975,0.683918,0.0001594,0.00908054,-0.729503,-0.0170442,0.0287621,-0.00852211,-0.444124,-0.489614,9.42118
1770178381594785670,0.68389,0.000184241,0.00931462,-0.729526,0.00213053,-0.0276969,-0.0138484,-0.539892,-0.521936,9.53371
1770178381614857326,0.683881,0.000178754,0.00929559,-0.729535,-0.00745685,-0.036219,-0.0117179,-0.39624,-0.506374,9.36731
1770178381634932725,0.683856,5.3119e-05,0.00910601,-0.72956,0.0234358,-0.0426106,0.00639159,-0.189142,-0.432153,9.52773
1770178381655046781,0.68388,2.65257e-05,0.00875731,-0.729541,0.0149137,-0.0426106,0.00106526,0.059855,-0.197522,9.42717
1770178381675142469,0.68386,-2.31939e-05,0.00845097,-0.729565,0.00213053,-0.0170442,-0.00958738,0.278924,-0.0191536,9.50857
1770178381695222317,0.683853,-1.91054e-06,0.00820437,-0.729574,-0.0127832,-0.00426106,-0.0181095,0.410606,0.00837971,9.48702
1770178381715294676,0.68381,-1.04268e-05,0.00810364,-0.729615,-0.00852211,-0.0127832,-0.0170442,0.39624,0.0574608,9.55765
1770178381735373212,0.683818,0.000132324,0.00812142,-0.729607,-0.00426106,0.0181095,0,0.208296,-0.0538695,9.52413
1770178381755450467,0.683813,0.000255179,0.00834312,-0.72961,-0.0149137,0.0127832,-0.0106526,-0.0299275,-0.12809,9.56005
1770178381775527403,0.683802,0.000400766,0.00857348,-0.729617,-0.0276969,0.02024,-0.0149137,-0.177171,-0.197522,9.52413
1770178381795605811,0.683775,0.000381089,0.00881805,-0.72964,-0.0298274,0,-0.0127832,-0.399832,-0.329203,9.50019
1770178381815683834,0.683775,0.000386344,0.00892868,-0.729638,-0.0138484,-0.00639159,0.00213053,-0.432153,-0.362722,9.4978
1770178381835758626,0.683763,0.000276785,0.00890957,-0.729649,-0.00213053,-0.0234358,-0.00639159,-0.299275,-0.435745,9.48583
1770178381855837321,0.683787,0.000223089,0.00881933,-0.729628,0.00426106,-0.0394148,0,-0.138864,-0.264559,9.53371
1770178381875912081,0.68374,2.63263e-05,0.00866823,-0.729674,-0.00532632,-0.0372843,-0.00852211,0.161609,-0.307655,9.53491
1770178381895987928,0.683717,-0.00010597,0.00844708,-0.729699,-0.00426106,-0.0255663,-0.0106526,0.264559,-0.219069,9.51336
1770178381916065376,0.683701,-0.000195483,0.00832474,-0.729715,0,-0.02024,-0.00639159,0.302867,-0.160412,9.55526
1770178381936136647,0.683708,-8.90951e-05,0.00826485,-0.729709,0.00319579,0.0223706,-0.0181095,0.260968,-0.135272,9.49421
1770178381956216047,0.683667,3.28545e-06,0.00838222,-0.729746,-0.0106526,0.00958738,-0.015979,0.131681,-0.262165,9.45111
1770178381976298038,0.683663,0.000124521,0.00851817,-0.729748,-0.015979,0.0213053,-0.00426106,0.0179565,-0.23104,9.47266
1770178381996377214,0.683613,0.000222806,0.00868848,-0.729793,-0.00958738,-0.00745685,0.00319579,-0.237026,-0.323217,9.54449
1770178382016456646,0.683638,0.000370493,0.00875435,-0.729768,-0.0149137,0.0127832,0,-0.343568,-0.317232,9.41161
1770178382036528813,0.683616,0.000445722,0.00875198,-0.729789,0.00532632,-0.0372843,-0.00106526,-0.270545,-0.250194,9.42956
1770178382056602741,0.683609,0.000467626,0.00870152,-0.729796,-0.0181095,-0.015979,-0.00852211,-0.199916,-0.232238,9.48343
1770178382076686908,0.683578,0.000300142,0.00862316,-0.729826,-0.0117179,-0.0255663,-0.00426106,-0.0418985,-0.20231,9.56364
1770178382096763204,0.683357,0.00145439,0.00544233,-0.730063,2.41815,-0.910801,-0.133158,-1.39343,-21.0247,10.6039
1770178382116842539,0.684228,0.0184431,-0.00615957,-0.729009,2.56516,0.325971,0.133158,-4.72137,-2.99634,4.543
1770178382136912467,0.683841,0.0282998,-0.0163146,-0.728899,0.640224,-0.302535,-0.226901,-3.07775,9.24042,6.90129
1770178382156995258,0.681995,0.0209574,-0.0135491,-0.730931,-1.65222,-0.415453,-0.351537,1.79206,6.34224,5.88974
1770178382177076354,0.680849,0.00551621,0.00229607,-0.7324,-2.32015,0.0149137,-0.0788296,4.2928,0.500388,2.04465
1770178382197157098,0.681429,-0.00452378,0.0112497,-0.731784,-0.335558,0.00106526,0.125701,1.62447,-2.40976,15.8484
1770178382217235441,0.682496,-0.00714698,0.0172423,-0.730651,-0.74462,0.429302,0.188552,-2.42772,2.59053,5.03141
1770178382237317689,0.684289,-0.00409552,0.0205319,-0.72891,0.291882,0.144876,0.322775,-4.18506,-0.705092,11.145
1770178382257393344,0.68616,-0.00355336,0.0202448,-0.72716,-0.208792,-0.164051,0.134223,-2.79643,1.33596,8.11754
1770178382277469768,0.685783,-0.00370893,0.0193857,-0.727538,0.185356,-0.155529,-0.217314,-2.69108,-0.456095,10.2663
1770178382297548239,0.683797,-0.00184662,0.0145356,-0.729525,0.675378,-0.337689,-0.268447,-1.42575,-1.76453,8.28514
1770178382317631671,0.682759,-0.0010656,0.0112952,-0.730555,0.0479369,-0.052198,-0.0671116,0.105345,-0.140061,13.7224
1770178382337711455,0.68293,-0.0018099,0.00972074,-0.730417,-0.00532632,-0.247141,0.0585895,0.950498,-1.75615,8.30668
1770178382357784006,0.683122,-0.00594957,0.0107755,-0.730201,-0.456998,-0.186421,-0.0266316,1.83037,-1.65918,8.70053
1770178382377858062,0.682886,-0.0097287,0.0124516,-0.730354,-0.0980043,0.00106526,-0.00639159,2.27808,-2.96522,11.2647
1770178382397934325,0.683097,-0.00931625,0.0118377,-0.730173,0.189617,0.00745685,0.0117179,1.94888,-1.17196,8.86214
1770178382418008189,0.683209,-0.00760084,0.0108313,-0.730103,0.193878,0.137419,-0.00532632,1.93571,-0.910994,9.8677
1770178382438084548,0.683167,-0.00531062,0.0100471,-0.730174,0.271642,0.171508,-0.015979,1.45089,-0.456095,9.2476
1770178382458159692,0.683193,-0.0016408,0.00913338,-0.730179,0.34195,0.217314,0.00639159,0.433351,-0.142455,9.42118
1770178382478244403,0.683211,0.00278733,0.00793047,-0.730173,0.400539,0.243946,-0.00106526,-1.0319,0.112527,9.80306
1770178382498323035,0.683179,0.00741881,0.00631094,-0.730186,0.459129,0.174703,-0.0191748,-2.08774,0.694318,9.46189
1770178382518402243,0.682977,0.0109494,0.00484491,-0.730342,0.226901,0.0585895,-0.0287621,-2.41096,1.50476,9.43675
1770178382538479626,0.682928,0.0118773,0.00417467,-0.730377,-0.0511327,-0.108657,0.00745685,-2.37864,1.57658,9.02614
1770178382558548971,0.682986,0.0111295,0.00392101,-0.730336,-0.0777643,-0.162985,-0.00745685,-1.6101,1.4054,9.34098
1770178382578623336,0.682968,0.00924601,0.00359052,-0.730381,-0.185356,-0.210922,-0.0170442,-0.427365,1.47603,9.61272
1770178382598692932,0.683007,0.00680588,0.00373573,-0.73037,-0.254598,-0.184291,-0.00106526,0.636858,0.997185,10.0233
1770178382618769408,0.683014,0.00378471,0.00433277,-0.730383,-0.289752,-0.133158,-0.0138484,1.26653,0.465672,9.52054
1770178382638852445,0.683032,0.000670122,0.00569008,-0.730366,-0.353668,-0.096939,0,1.5287,-0.21069,9.40442
1770178382658932057,0.683114,-0.00227436,0.00766004,-0.730268,-0.386691,-0.0383495,0.02024,1.488,-0.518345,9.52533
1770178382679015350,0.683158,-0.00485597,0.0101789,-0.730183,-0.269512,0.0468716,0.00639159,1.28569,-1.59933,9.83418
1770178382699085650,0.68313,-0.00530204,0.0116449,-0.730184,-0.0436758,0.0713727,-0.00958738,0.691924,-1.59693,9.26077
1770178382719163279,0.683059,-0.00492822,0.0126237,-0.730237,0.0330232,0.0894822,-0.0106526,-0.071826,-1.87346,9.26317
1770178382739242571,0.683063,-0.00401611,0.0130275,-0.730232,0.04048,0.0735032,0.00958738,-0.748188,-1.69988,9.50019
1770178382759321896,0.683077,-0.00313865,0.0132916,-0.730218,0.0980043,0.0245011,-0.0117179,-1.10852,-1.66397,9.23683
1770178382779400708,0.683068,-0.00222378,0.0129343,-0.730237,0.112918,-0.00639159,0.00319579,-1.20787,-1.26893,9.36133
1770178382799476161,0.683058,-0.00137605,0.0120567,-0.730264,0.162985,-0.0372843,-0.0170442,-0.969652,-1.03908,9.42837
1770178382819551229,0.683067,-0.000128974,0.0102497,-0.730284,0.234358,-0.056459,-0.00745685,-0.413,-0.197522,9.57561
1770178382839628506,0.683065,0.00145054,0.00793203,-0.730313,0.298274,-0.0447411,-0.00319579,0.282516,0.397437,9.7875
1770178382859709782,0.683018,0.00350157,0.00544486,-0.730373,0.28123,-0.0234358,-0.00639159,0.732626,1.17316,9.61751
1770178382879796563,0.682926,0.00574585,0.0033275,-0.730457,0.245011,0.0436758,-0.015979,0.960075,1.23301,9.42238
1770178382899872655,0.682889,0.00731885,0.00220095,-0.730482,0.076699,0.0553937,-0.00319579,0.895431,1.67953,9.65103
1770178382919949164,0.682875,0.00730954,0.0026036,-0.730494,-0.106526,0.0308927,0.00106526,0.584185,0.958878,9.53371
1770178382940026952,0.682899,0.0069494,0.00363407,-0.730471,-0.170442,0.0415453,0.00106526,-0.0251391,0.664391,9.23922
1770178382960102885,0.682873,0.00583478,0.00537596,-0.730494,-0.24075,0.00319579,-0.0191748,-0.62369,-0.0191536,9.58878
1770178382980181569,0.682862,0.00437501,0.00726369,-0.730498,-0.231162,-0.0276969,-0.00852211,-1.14922,-0.451307,9.59476
1770178383000259838,0.682899,0.00282381,0.00880723,-0.730455,-0.219444,-0.0639159,-0.0149137,-1.28569,-0.84635,9.39245
1770178383020334074,0.682937,0.00102784,0.0100294,-0.730408,-0.194943,-0.104396,-0.00213053,-0.991199,-0.818817,9.39604
1770178383040418551,0.682964,-0.000811369,0.0107982,-0.730372,-0.15979,-0.110787,-0.00532632,-0.362722,-1.02472,9.57202
1770178383060496755,0.682981,-0.00217322,0.0108901,-0.730352,-0.0553937,-0.110787,-0.0181095,0.326809,-0.98282,9.61033
1770178383080570256,0.682954,-0.00275741,0.0103201,-0.730384,0.0575243,-0.0607201,-0.00639159,0.784101,-0.976834,9.46069
1770178383100646316,0.682963,-0.00260902,0.00955296,-0.730386,0.0777643,-0.0149137,-0.00213053,1.02472,-0.530316,9.58998
1770178383120719464,0.682971,-0.00212925,0.00888782,-0.730388,0.0820253,0.0117179,0,1.10253,-0.470461,9.50378
1770178383140800517,0.68295,-0.00137269,0.00850069,-0.730414,0.0532632,0.0511327,-0.0117179,0.950498,-0.171185,9.49421
1770178383160875937,0.682912,-0.000586811,0.0084725,-0.730451,0.0394148,0.0745685,-0.00106526,0.47884,-0.363919,9.55526
1770178383180954110,0.682916,0.000415098,0.0085721,-0.730446,0.0500674,0.0692422,0.00745685,-0.172383,-0.047884,9.61631
1770178383201029562,0.682886,0.0015502,0.00861494,-0.730472,0.0713727,0.0809601,-0.00532632,-0.797269,-0.179565,9.4966
1770178383221100503,0.68287,0.00279161,0.00841628,-0.730486,0.0777643,0.0351537,-0.00319579,-1.16119,0.159214,9.49421
1770178383241179987,0.682827,0.00381006,0.00794395,-0.730527,0.0894822,0,-0.0213053,-1.10852,0.0826,9.52653
1770178383261254064,0.682783,0.00444314,0.00723358,-0.730572,0.0553937,-0.0479369,-0.0191748,-0.756568,0.301669,9.55287
1770178383281337292,0.682768,0.00445764,0.00661621,-0.730592,0.00745685,-0.072438,-0.00639159,-0.190339,0.131681,9.51336
1770178383301418313,0.682782,0.00383876,0.00629066,-0.730585,-0.0756338,-0.104396,-0.00852211,0.162806,0.337582,9.46907
1770178383321494437,0.682772,0.00263775,0.00644447,-0.730598,-0.136354,-0.0745685,0.00319579,0.68953,0.169988,9.5373
1770178383341571522,0.682757,0.00142231,0.00693551,-0.730611,-0.151268,-0.0511327,-0.00319579,0.73502,0.0526724,9.47026
1770178383361648574,0.682763,0.000380565,0.00765804,-0.730599,-0.125701,-0.00426106,-0.00319579,0.708684,-0.198719,9.60195
1770178383381722778,0.682799,-0.00037055,0.008452,-0.730557,-0.102265,0.0138484,0.00319579,0.372298,-0.365116,9.43794
1770178383401801975,0.682779,-0.000681114,0.00915603,-0.730567,-0.0426106,0.0255663,-0.00319579,0.213084,-0.611719,9.62948
1770178383421881491,0.68276,-0.000570037,0.00971144,-0.730578,-0.0234358,0.0170442,-0.00852211,-0.254982,-0.762553,9.50498
1770178383441955184,0.682735,-0.00026037,0.01004,-0.730597,0.015979,0.0245011,-0.00532632,-0.573411,-0.930147,9.48822
1770178383462032236,0.682746,7.5228e-05,0.00997364,-0.730587,0.0308927,-0.0308927,-0.0117179,-0.651223,-0.635661,9.5397
1770178383482110633,0.682747,0.000306874,0.00964745,-0.730591,0.0447411,-0.0308927,-0.00213053,-0.444124,-0.54109,9.48463
1770178383502184997,0.682739,0.000494021,0.00915333,-0.730605,0.0553937,-0.0490022,-0.0127832,-0.0610521,-0.246603,9.45351
1770178383522263842,0.682727,0.000715693,0.00856095,-0.730623,0.0607201,-0.0298274,0.00319579,0.201113,-0.168791,9.55765
1770178383542339838,0.682741,0.00110631,0.00791345,-0.730617,0.0575243,-0.00426106,-0.0138484,0.29329,0.104148,9.52413
1770178383562417147,0.682712,0.00158062,0.00730116,-0.730649,0.0468716,0.0213053,-0.00745685,0.442927,0.272939,9.57681
1770178383582494871,0.682702,0.00200141,0.00693517,-0.730661,0.0181095,0.015979,-0.00106526,0.429759,0.418985,9.55885
1770178383602573396,0.682658,0.00221704,0.00700344,-0.730701,-0.0245011,0.0308927,-0.0149137,0.19393,0.129287,9.61033
1770178383622647920,0.682673,0.0022343,0.00738582,-0.730683,-0.0692422,0.0127832,0.00426106,-0.059855,0.0610521,9.54209
1770178383642724204,0.682669,0.00208398,0.00799917,-0.730681,-0.0543285,0,-0.00532632,-0.45849,-0.269348,9.50857
1770178383662803625,0.682678,0.00187646,0.00840914,-0.730669,-0.0543285,-0.0127832,-0.00213053,-0.559046,-0.301669,9.42597
1770178383682888902,0.682638,0.00159771,0.00861651,-0.730704,-0.0255663,-0.0436758,-0.0106526,-0.418985,-0.582988,9.45111
1770178383702960098,0.682626,0.00128974,0.00864086,-0.730715,-0.0330232,-0.0468716,-0.0106526,-0.274136,-0.492008,9.49062
1770178383723038654,0.682602,0.000970608,0.0085662,-0.730739,-0.015979,-0.0170442,-0.00213053,-0.0586579,-0.556652,9.43555
1770178383743115547,0.682639,0.000738304,0.00840133,-0.730707,-0.00958738,-0.0490022,-0.00319579,0.178368,-0.282516,9.54209
1770178383763188631,0.682636,0.000587681,0.00820945,-0.730712,-0.00106526,-0.00852211,-0.0117179,0.426168,-0.280122,9.50618
1770178383783271284,0.682627,0.000620582,0.00800052,-0.730723,0.00532632,-0.00745685,-0.00745685,0.470461,-0.0993594,9.55646
1770178383803351824,0.682612,0.000749122,0.00794702,-0.730738,0.00426106,0.0213053,-0.00213053,0.384269,-0.198719,9.59835
1770178383823432077,0.682626,0.00105415,0.0079902,-0.730724,0,0.0213053,-0.00532632,0.105345,-0.106542,9.50737
1770178383843509833,0.682603,0.00140321,0.00816354,-0.730743,0.0181095,0.0127832,-0.0106526,-0.112527,-0.191536,9.56962
1770178383863590214,0.682597,0.00167421,0.0082618,-0.730746,0.00639159,-0.00106526,-0.0127832,-0.3304,-0.168791,9.45231
1770178383883668002,0.682569,0.00183901,0.00831358,-0.730771,0.0138484,-0.00532632,0.00639159,-0.426168,-0.345962,9.41041
1770178383903752415,0.682573,0.00191304,0.00828256,-0.730768,-0.0170442,-0.0223706,-0.00532632,-0.492008,-0.160412,9.43555
1770178383923828315,0.682564,0.00186805,0.00822236,-0.730777,-0.00426106,-0.0340885,-0.00852211,-0.319626,-0.220267,9.51456
1770178383943905048,0.682553,0.0016748,0.00807984,-0.730789,-0.0383495,-0.0468716,-0.00532632,-0.0802058,0.0754174,9.65462
1770178383963984756,0.682515,0.00132984,0.0079631,-0.730827,-0.0170442,-0.0340885,-0.0117179,0.154426,-0.0849942,9.5373
1770178383984062545,0.682513,0.00108276,0.00789163,-0.73083,-0.0223706,-0.0426106,-0.00958738,0.354342,-0.0742203,9.59237
1770178384004142413,0.682511,0.000869107,0.00792836,-0.730832,-0.0223706,0.00319579,-0.015979,0.32202,-0.290895,9.4954
1770178384024222986,0.682524,0.000848198,0.00803014,-0.730819,-0.0308927,0.00426106,-0.0138484,0.181959,-0.195127,9.54927
1770178384044302310,0.682498,0.000885204,0.00828319,-0.73084,-0.0170442,0.0181095,-0.00319579,0.148441,-0.399832,9.50139
1770178384064380259,0.682491,0.000946251,0.00846641,-0.730844,-0.0276969,0.0127832,0,-0.0993594,-0.42138,9.52294
1770178384084460191,0.682477,0.00109282,0.0085754,-0.730855,0.0117179,0.0127832,0,-0.235829,-0.538695,9.50737
1770178384104536764,0.68247,0.00128045,0.00850572,-0.730863,0.0223706,-0.00426106,-0.00213053,-0.344765,-0.31364,9.46308
1770178384124610168,0.682451,0.00146736,0.00837552,-0.730882,0.0255663,-0.0127832,-0.00213053,-0.213084,-0.271742,9.56124
1770178384144688213,0.682439,0.0015415,0.00821524,-0.730894,-0.00319579,-0.0383495,0.00106526,-0.148441,-0.0251391,9.67018
1770178384164769649,0.682405,0.00150922,0.0080579,-0.730929,0.00426106,-0.0213053,-0.00958738,0.0490811,-0.0742203,9.61751
1770178384184846446,0.682407,0.00148195,0.00783656,-0.730928,-0.00958738,-0.0234358,-0.0117179,0.108936,0.0466869,9.50019
1770178384204924362,0.682409,0.00145053,0.00776046,-0.730928,-0.00532632,-0.0276969,0.00532632,0.196325,-0.0550666,9.51336
1770178384225003111,0.682414,0.00141504,0.00781012,-0.730923,-0.0234358,-0.00958738,-0.00745685,0.185551,0.0275333,9.48942
1770178384245079683,0.682387,0.00132571,0.0080248,-0.730946,-0.0255663,0.015979,-0.0127832,0.059855,-0.317232,9.54927
1770178384265158880,0.68241,0.00128693,0.00822916,-0.730922,-0.0255663,-0.00639159,-0.00319579,-0.0981623,-0.190339,9.59237
1770178384285238140,0.682397,0.00125056,0.00835903,-0.730933,0.00852211,0.00958738,-0.00852211,-0.209493,-0.480037,9.49181
1770178384305312761,0.682411,0.00121857,0.00842873,-0.730919,-0.015979,-0.0319579,-0.00852211,-0.213084,-0.221464,9.52653
1770178384325389365,0.682384,0.00116553,0.00851408,-0.730944,-0.0117179,0.00319579,-0.00639159,-0.140061,-0.414197,9.45829
1770178384345465745,0.682387,0.00110871,0.00851702,-0.730941,-0.00958738,-0.00639159,-0.00106526,-0.0526724,-0.282516,9.58519
1770178384365543790,0.682409,-0.00071498,0.00966508,-0.730906,-0.843689,0.0628506,0.092678,2.1452,7.8458,12.6857
1770178384385621290,0.683516,-0.00685451,0.0159952,-0.729728,-0.539024,-0.235423,0.0372843,1.20907,-0.250194,6.04895
1770178384405698823,0.682862,-0.00549975,0.013824,-0.730396,1.07592,-0.04048,-0.142745,1.1576,-5.60004,9.81982
1770178384425776099,0.682002,0.00244564,0.00575363,-0.731324,0.476173,0.128897,0.00958738,3.0143,1.82917,14.8225
1770178384445850272,0.682586,0.00612796,0.00431611,-0.730766,0.157659,0.0820253,0.076699,1.98599,-0.454898,6.21176
1770178384465932892,0.682651,0.00508126,0.00565744,-0.730705,-0.26099,0.16192,-0.0873517,-0.161609,-0.614113,8.339
1770178384486012153,0.682043,0.00575012,0.00670217,-0.731259,-0.04048,0.0383495,-0.0745685,-1.7322,-0.209493,11.6574
1770178384506088373,0.681971,0.00604028,0.00729181,-0.731318,-0.00532632,-0.0191748,0.0234358,-2.42772,-1.14922,8.9591
1770178384526168594,0.682173,0.00523522,0.00778389,-0.731131,-0.209857,-0.124636,-0.0117179,-2.23738,-0.0778116,9.03452
1770178384546253326,0.682018,0.00322706,0.00840781,-0.73128,-0.183225,-0.171508,-0.00745685,-1.08218,-0.180762,9.46787
1770178384566330603,0.682192,0.00167502,0.00828557,-0.731124,-0.0138484,-0.145941,0.0351537,0.314838,0.693121,9.85453
1770178384586408903,0.68244,0.00104929,0.0074071,-0.730904,-0.0138484,-0.115049,-0.015979,1.09774,1.20189,9.39245
1770178384606486500,0.68226,0.000633142,0.006913,-0.731077,-0.0426106,-0.0394148,-0.0191748,1.13126,0.836774,9.69771
1770178384626562144,0.682215,0.000867001,0.00662953,-0.731121,0.0458064,0.0458064,0.00639159,0.981623,0.271742,10.0568
1770178384646635965,0.682226,0.00128182,0.0067413,-0.731109,-0.0191748,0.0681769,-0.0191748,0.724246,0.152032,9.2081
1770178384666715001,0.682102,0.00128824,0.00750226,-0.731218,-0.11931,0.0351537,-0.0213053,0.277727,-0.283713,9.56603
1770178384686797942,0.682104,0.000644965,0.00880021,-0.731202,-0.176834,0.0319579,0.0149137,-0.306458,-0.810437,9.59835
1770178384706886482,0.682173,-0.00017801,0.0103186,-0.731118,-0.150202,0.0170442,-0.00852211,-0.657208,-1.15879,9.37809
1770178384726963407,0.682184,-0.00105603,0.0115606,-0.731089,-0.11931,-0.0223706,0.00532632,-1.10133,-1.17196,9.30267
1770178384747037515,0.68222,-0.00161588,0.0121951,-0.731044,-0.015979,-0.0490022,0.00319579,-0.961272,-1.17196,9.49421
1770178384767125864,0.6822,-0.00157824,0.0117836,-0.731069,0.0948085,-0.0703074,-0.0106526,-0.633266,-0.884658,9.50139
1770178384787206885,0.682162,-0.00120135,0.0107121,-0.731122,0.115049,-0.0649811,-0.0149137,0.0263362,-0.579397,9.50737
1770178384807285153,0.682145,-0.00063795,0.00936184,-0.731157,0.140615,-0.036219,-0.00426106,0.519542,-0.238223,9.59237
1770178384827366270,0.682171,9.20275e-05,0.00816853,-0.731147,0.120375,-0.0223706,-0.00958738,0.797269,0.195127,9.50857
1770178384847431194,0.682128,0.000779696,0.0072723,-0.731196,0.0798948,-0.00958738,-0.0170442,0.85473,0.385466,9.5816
1770178384867505846,0.682132,0.00143291,0.00683224,-0.731196,0.0245011,0.0276969,0.00106526,0.746991,0.464475,9.47386
1770178384887582547,0.682109,0.00195348,0.006943,-0.731215,-0.0106526,0.0543285,-0.00745685,0.342371,0.323217,9.55406
1770178384907655343,0.682101,0.00234333,0.00735253,-0.731217,-0.0394148,0.0543285,0.00106526,-0.195127,0.235829,9.54688
1770178384927729739,0.682101,0.00261821,0.0079216,-0.731211,-0.0426106,0.0213053,-0.00532632,-0.773327,-0.0227449,9.53132
1770178384947803304,0.682079,0.00270617,0.00844581,-0.731225,-0.0468716,0,-0.00532632,-0.967257,-0.229843,9.48463
1770178384967880228,0.682052,0.0025159,0.00877386,-0.731246,-0.052198,-0.00958738,0.00319579,-0.875081,-0.470461,9.41041
1770178384987956705,0.68206,0.00198101,0.00889547,-0.73124,-0.052198,-0.0735032,0.00106526,-0.621295,-0.426168,9.44872
1770178385008034717,0.682046,0.00106763,0.00885319,-0.731255,-0.0458064,-0.0798948,-0.00745685,-0.148441,-0.422577,9.55047
1770178385028113210,0.682048,0.000276779,0.00879553,-0.731254,-0.0617853,-0.0841559,0,0.271742,-0.304064,9.58638
1770178385048189206,0.682043,-0.000593686,0.00879268,-0.731259,-0.0468716,-0.0617853,-0.00852211,0.648829,-0.357933,9.52054
1770178385068262067,0.682023,-0.00101983,0.00878673,-0.731277,-0.0181095,-0.0127832,-0.00958738,0.827197,-0.294487,9.5385
1770178385088344591,0.682005,-0.00108313,0.00880205,-0.731294,-0.00532632,0.0415453,-0.00852211,0.676362,-0.351948,9.49899
1770178385108424684,0.682024,-0.000797367,0.00886875,-0.731276,0.00958738,0.0426106,-0.0127832,0.402226,-0.272939,9.53491
1770178385128501160,0.682003,-0.000387531,0.00902891,-0.731294,0.0245011,0.0468716,-0.0138484,0.132878,-0.366313,9.54209
1770178385148577701,0.681981,0.000139778,0.00929322,-0.73131,0.00958738,0.0458064,-0.00426106,-0.264559,-0.429759,9.45829
1770178385168651201,0.681968,0.000654111,0.00948968,-0.73132,0.0383495,0.00426106,-0.00532632,-0.651223,-0.535104,9.42478
1770178385188730269,0.681996,0.00111449,0.00940894,-0.731295,0.0298274,-0.0255663,-0.00958738,-0.797269,-0.28491,9.50977
1770178385208807994,0.681987,0.00140452,0.00902839,-0.731308,0.0394148,-0.0351537,-0.00532632,-0.584185,-0.114922,9.48463
1770178385228883702,0.681985,0.00157109,0.00849379,-0.731315,0.0117179,-0.0436758,-0.00639159,-0.216675,0.0957681,9.58519
1770178385248963251,0.681953,0.00151293,0.00802995,-0.73135,0.0138484,-0.0479369,-0.00319579,0.150835,0.0634463,9.54808
1770178385269034447,0.681971,0.0013211,0.00775265,-0.731337,-0.0213053,-0.0383495,-0.00639159,0.307655,0.187945,9.52413
1770178385289116780,0.681965,0.000969883,0.00769921,-0.731343,-0.0383495,-0.0234358,-0.00319579,0.483629,0.15682,9.56484
1770178385309195688,0.681946,0.000661109,0.00786145,-0.73136,-0.056459,0.00426106,-0.0106526,0.4956,0.0251391,9.47984
1770178385329274917,0.681929,0.000436992,0.00816251,-0.731372,-0.0479369,0.015979,-0.00745685,0.361524,-0.171185,9.53491
1770178385349360065,0.681905,0.00034965,0.00861172,-0.73139,-0.0340885,0.0149137,-0.00745685,0.0191536,-0.405817,9.50378
1770178385369438590,0.681922,0.000379222,0.00904456,-0.731369,-0.0234358,0.0234358,-0.00319579,-0.292093,-0.567426,9.48942
1770178385389522522,0.681927,0.000430942,0.00935675,-0.73136,-0.015979,0.00852211,-0.0138484,-0.414197,-0.557849,9.57082
1770178385409601143,0.681893,0.000419922,0.00940669,-0.731391,-0.00106526,-0.0287621,0.00106526,-0.466869,-0.447716,9.56603
1770178385429678099,0.681875,0.000418366,0.00927918,-0.731409,0.00852211,-0.0394148,-0.00852211,-0.368707,-0.453701,9.59237
1770178385449756848,0.681879,0.000469752,0.00895008,-0.731411,0.0340885,-0.036219,-0.00958738,-0.0454898,-0.342371,9.47745
1770178385469833996,0.681887,0.000501593,0.00861826,-0.731406,0.0308927,-0.0415453,-0.00745685,0.20231,-0.117316,9.57202
1770178385489908649,0.681898,0.000545164,0.00830125,-0.7314,0.0181095,-0.00532632,-0.00532632,0.326809,-0.0191536,9.56603
1770178385509983109,0.681879,0.000576792,0.00807396,-0.73142,0.0117179,-0.0340885,-0.0213053,0.408211,0.0011971,9.54209
1770178385530060834,0.681851,0.000667118,0.00803404,-0.731447,0.00106526,0.0106526,-0.015979,0.263362,-0.0933739,9.39844
1770178385550139166,0.681874,0.000808277,0.00811639,-0.731424,-0.0191748,0,-0.00426106,0.0742203,0.00718261,9.46189
1770178385570218587,0.681836,0.000912409,0.00834881,-0.731456,-0.0255663,0.0191748,-0.00852211,-0.131681,-0.168791,9.4978
1770178385590297879,0.681835,0.000972826,0.00869164,-0.731454,-0.036219,0.00852211,-0.00319579,-0.332794,-0.147243,9.5385
1770178385610376500,0.681802,0.000900749,0.00887965,-0.731482,-0.0170442,-0.0287621,-0.00958738,-0.397437,-0.377087,9.54329
1770178385630453936,0.681782,0.000806074,0.00894013,-0.731501,-0.00426106,-0.04048,-0.00532632,-0.415394,-0.416591,9.54209
1770178385650529709,0.681786,0.000670069,0.00888847,-0.731498,-0.00319579,-0.0298274,-0.00958738,-0.251391,-0.33878,9.56603
1770178385670606281,0.681766,0.000507172,0.00878818,-0.731518,-0.00426106,-0.0181095,-0.00852211,0.0167594,-0.325611,9.51456
1770178385690682917,0.681752,0.000318995,0.00864649,-0.731532,0.00319579,-0.0351537,-0.00852211,0.234632,-0.351948,9.42956
1770178385710762914,0.681746,0.00019885,0.00849974,-0.731539,-0.00745685,-0.00958738,-0.00532632,0.301669,-0.307655,9.47026
1770178385730839198,0.681748,0.000248745,0.00841287,-0.731539,0.00958738,-0.00213053,0.00745685,0.271742,-0.160412,9.55765
1770178385750918107,0.681757,0.0003863,0.00840067,-0.73153,-0.0266316,0.00745685,-0.0149137,0.191536,-0.116119,9.53132
1770178385770996695,0.681744,0.000589276,0.00853102,-0.731541,-0.00319579,0.0149137,-0.0127832,0.0814029,-0.183156,9.67377
1770178385791074804,0.681727,0.000721781,0.00871298,-0.731555,-0.02024,-0.00745685,-0.00958738,-0.171185,-0.211887,9.61511
1770178385811153520,0.681742,0.000886471,0.00880782,-0.731539,0.0106526,0.00426106,-0.0106526,-0.345962,-0.350751,9.50857
1770178385831228653,0.681728,0.000959226,0.00878801,-0.731552,-0.0127832,-0.00319579,-0.0170442,-0.365116,-0.164003,9.55885
1770178385851302409,0.68172,0.000964619,0.00870735,-0.731561,-0.00319579,-0.0234358,0.00106526,-0.253785,-0.179565,9.42837
1770178385871381286,0.681719,0.000826671,0.00862342,-0.731563,-0.0181095,-0.0447411,-0.00745685,-0.059855,-0.167594,9.42118
1770178385891452930,0.681694,0.000683193,0.00852355,-0.731588,-0.00106526,-0.0255663,-0.00639159,0.0670376,-0.332794,9.39604
1770178385911529151,0.681696,0.000560336,0.00842417,-0.731587,-0.0170442,-0.0181095,-0.00319579,0.178368,-0.102951,9.47625
1770178385931607643,0.681691,0.000455269,0.00836826,-0.731592,-0.0106526,-0.00426106,-0.0117179,0.233435,-0.146046,9.54329
1770178385951686872,0.681663,0.000347581,0.00838211,-0.731618,-0.0415453,-0.0106526,-0.0191748,0.254982,-0.0826,9.63906
1770178385971761684,0.681636,0.000356774,0.00851806,-0.731641,-0.00213053,0.0340885,-0.00852211,0.123301,-0.347159,9.52174
1770178385991838896,0.681642,0.00038732,0.00872027,-0.731634,-0.0287621,0.0127832,-0.00745685,-0.112527,-0.299275,9.56962
1770178386011918157,0.681623,0.000512464,0.00881354,-0.73165,0.0127832,0.00745685,0.00426106,-0.168791,-0.392649,9.55885
1770178386031994249,0.681651,0.000851876,0.00859711,-0.731627,0.332362,-0.153398,-0.0117179,-0.573411,-1.65559,3.43568
1770178386052073862,0.679381,-0.00851673,0.0185172,-0.733503,-1.08977,-0.256729,-0.308927,1.6939,-3.56975,1.17316
1770178386072152866,0.678479,-0.0097646,0.0190864,-0.734307,0.395213,-0.0415453,0.0500674,-0.0023942,-0.970849,6.54934
1770178386092229599,0.682148,-0.00245512,0.0106473,-0.731132,1.12811,0.0543285,0.581634,1.2797,-2.37984,13.5596
1770178386112306299,0.685628,0.0016703,0.00828987,-0.727903,0.206661,0.13955,0.249272,0.120907,-0.658405,7.56089
1770178386132385656,0.68449,0.00333487,0.006719,-0.728984,0.136354,0.04048,-0.397344,-0.691924,0.962469,9.79827
1770178386152461684,0.682321,0.00500979,0.00594273,-0.731011,0.215183,0.0788296,-0.313188,-0.556652,-1.42694,10.0772
1770178386172540305,0.680986,0.00548558,0.00586648,-0.732253,-0.134223,-0.0426106,-0.0276969,-0.521936,-0.988805,7.59441
1770178386192616909,0.68148,0.00409249,0.00672239,-0.731795,-0.217314,-0.0660464,0.100135,-0.395043,-1.21745,9.45111
1770178386212693610,0.681925,0.000954844,0.00866366,-0.731371,-0.400539,-0.149137,-0.0117179,-0.0227449,0.579397,10.0509
1770178386232767782,0.681783,-0.00204775,0.0108672,-0.731471,-0.133158,-0.0234358,0.00745685,-0.108936,0.136469,9.74919
1770178386252845955,0.68218,-0.00112009,0.00972694,-0.731118,0.196009,0.00639159,0.0490022,0.0454898,0.470461,9.80306
1770178386272921439,0.682251,-0.000437241,0.00906314,-0.731062,0.0106526,-0.00852211,-0.0266316,0.161609,0.599748,8.86214
1770178386293001723,0.682034,-0.000162839,0.0088185,-0.731267,0.118244,0.02024,-0.00958738,0.152032,-0.160412,9.31105
1770178386313076408,0.682114,0.00170063,0.00762539,-0.731204,0.214118,0.0607201,-0.00958738,0.214281,-0.152032,9.85453
1770178386333153844,0.681897,0.00335044,0.00668555,-0.73141,0.107592,0.0276969,-0.0479369,0.0263362,-0.366313,9.3721
1770178386353234385,0.681768,0.00349404,0.00681246,-0.731529,-0.0980043,-0.0127832,0,-0.0514753,-0.626084,9.30866
1770178386373313453,0.681877,0.00235836,0.00768147,-0.731423,-0.181095,-0.0468716,0.00639159,-0.203507,-0.73502,9.33619
1770178386393392170,0.681827,0.000453607,0.00906869,-0.731457,-0.275903,-0.0681769,-0.00639159,-0.23942,-0.715866,9.46308
1770178386413468006,0.681861,-0.00180889,0.0107016,-0.731401,-0.274838,-0.0585895,0.0117179,-0.144849,-0.884658,9.60673
1770178386433547043,0.681937,-0.0027118,0.0112987,-0.731319,0.0884169,-0.0117179,-0.00958738,0.023942,-1.0726,9.01896
1770178386453624831,0.681898,-0.00213929,0.0105393,-0.731368,0.0639159,-0.0383495,-0.00639159,0.104148,-0.0670376,9.94073
1770178386473703196,0.681895,-0.00165022,0.00987225,-0.731382,0.116114,0.00106526,0.00958738,0.144849,-0.220267,9.414
1770178386493781720,0.681903,-0.000197057,0.00868673,-0.731391,0.129962,0.0287621,-0.0127832,0.384269,0.259771,9.46787
1770178386513859605,0.681825,0.000870088,0.0080227,-0.73147,0.1012,0.0287621,-0.00745685,0.222661,-0.0275333,9.40083
1770178386533935505,0.681823,0.00182283,0.00754444,-0.731476,0.0479369,0.0266316,-0.0138484,0.0023942,0.167594,9.60554
1770178386554014414,0.681796,0.00210841,0.00754534,-0.7315,-0.0181095,0.00106526,-0.00852211,-0.190339,0.0263362,9.51097
1770178386574094986,0.681786,0.00200022,0.0077959,-0.731507,-0.0639159,-0.0319579,-0.00319579,-0.300472,0.0323217,9.43435
1770178386594172295,0.681782,0.0015264,0.00829685,-0.731507,-0.0852211,-0.0138484,-0.00639159,-0.383072,-0.100556,9.48224
1770178386614247171,0.681787,0.00102612,0.00872219,-0.731498,-0.0639159,-0.0383495,-0.00639159,-0.405817,-0.241814,9.5397
1770178386634321184,0.681799,0.000517139,0.0089993,-0.731484,-0.04048,-0.0330232,-0.00958738,-0.280122,-0.314838,9.49421
1770178386654399708,0.681783,0.00012577,0.00891064,-0.731501,-0.0245011,-0.0607201,-0.0138484,0.0407014,-0.15682,9.56962
1770178386674479449,0.681764,-0.000157668,0.00886488,-0.731519,-0.0223706,-0.0213053,-0.0106526,0.23942,-0.351948,9.47984
1770178386694557941,0.681748,-0.000394833,0.00887507,-0.731533,-0.0340885,-0.00852211,-0.0170442,0.310049,-0.23942,9.54808
1770178386714635409,0.681728,-0.000612362,0.00901557,-0.73155,-0.0319579,-0.00319579,0.00213053,0.323217,-0.47884,9.39844
1770178386734714702,0.681744,-0.000737931,0.00914934,-0.731533,-0.0351537,0.00745685,-0.00106526,0.187945,-0.319626,9.4164
1770178386754792170,0.681734,-0.000739373,0.00929583,-0.731541,-0.00213053,-0.00319579,-0.0117179,0.0885855,-0.420182,9.50139
1770178386774870119,0.681722,-0.00055998,0.00935839,-0.731551,0.015979,0.0234358,-0.0138484,-0.0933739,-0.337582,9.56962
1770178386794947971,0.681707,-0.000259899,0.00937022,-0.731565,0.0340885,0.0276969,-0.0106526,-0.189142,-0.436942,9.5385
1770178386815026848,0.681728,0.000111293,0.0092577,-0.731547,0.0223706,-0.00213053,-0.00426106,-0.326809,-0.227449,9.53491
1770178386835102300,0.681728,0.000371171,0.00907666,-0.731549,0.00213053,-0.00532632,0.00213053,-0.205901,-0.117316,9.55406
1770178386855176761,0.681709,0.000456851,0.00879906,-0.73157,0.00639159,-0.0394148,-0.00319579,-0.137667,-0.0335188,9.43196
1770178386875250901,0.681678,0.000435885,0.00861579,-0.731602,0.00852211,-0.015979,-0.00319579,0.0418985,-0.118513,9.54568
1770178386895324274,0.681678,0.000370488,0.0085394,-0.731602,-0.02024,-0.0298274,-0.00852211,0.0694318,0.0514753,9.58878
1770178386915398766,0.681673,0.000262583,0.00860071,-0.731606,-0.0298274,-0.0191748,-0.00426106,0.141258,-0.0383072,9.55167
1770178386935476970,0.681672,0.000134746,0.00864438,-0.731607,-0.04048,-0.0127832,-0.00639159,0.12809,-0.0395043,9.47266
1770178386955551207,0.681655,-2.96539e-05,0.00883447,-0.73162,-0.0436758,0.00639159,-0.0106526,0.142455,-0.278924,9.50139
1770178386975628099,0.681635,-0.000139576,0.00901724,-0.731637,-0.0394148,-0.0127832,0.00639159,-0.0730232,-0.387861,9.44632
1770178386995707552,0.681638,-0.00021491,0.0092606,-0.731631,-0.015979,0.00426106,0.0106526,-0.192733,-0.440533,9.51456
1770178387015786908,0.681648,-0.00024522,0.00934756,-0.73162,-0.0138484,-0.00532632,-0.0127832,-0.177171,-0.378284,9.49301
1770178387035865625,0.68163,-0.000240387,0.00939583,-0.731637,-0.00852211,-0.00532632,-0.0138484,-0.0622492,-0.457293,9.54927
1770178387055942069,0.681723,0.00104598,0.00767418,-0.731569,0.680704,-0.509196,0.0351537,2.41096,-3.68587,8.69574
1770178387076021554,0.682416,0.00380497,0.00647935,-0.730925,0.34408,0.171508,0.0340885,-0.565032,4.01268,3.11366
1770178387096100302,0.681783,0.00428511,0.00725736,-0.731506,-0.112918,-0.0436758,-0.210922,-1.46765,-1.2809,9.69532
1770178387116177227,0.680437,0.0021361,0.00928114,-0.732745,-0.213053,-0.096939,-0.145941,-1.74178,-0.0502782,9.86172
1770178387136258151,0.68046,0.000221982,0.00971836,-0.732721,-0.152333,-0.137419,0.1012,-2.28646,0.197522,7.96311
1770178387156333860,0.681254,-0.000129225,0.00921451,-0.731989,0.152333,-0.168312,0.108657,-0.760159,0.563834,11.6705
1770178387176414016,0.681525,-0.000351367,0.00763651,-0.731755,-0.0287621,-0.158724,-0.0490022,-0.124498,1.06303,9.73123
1770178387196491613,0.681228,-0.00164478,0.0073965,-0.732032,-0.217314,-0.0905475,-0.0372843,1.60651,0.143652,8.56286
1770178387216569273,0.681498,-0.00303035,0.00763586,-0.731774,-0.0788296,-0.00532632,0.0394148,2.46004,-1.14922,9.02255
1770178387236646806,0.681481,-0.00339396,0.00802188,-0.731784,-0.00319579,0.0756338,-0.0340885,2.26851,-0.582988,9.60075
1770178387256723538,0.681321,-0.0024337,0.00850111,-0.731932,0.0532632,0.157659,-0.00532632,1.20548,-1.03549,9.16979
1770178387276800975,0.681357,-0.000957686,0.00922695,-0.731893,0.0543285,0.164051,0.00213053,-0.213084,-1.17914,9.65821
1770178387296883787,0.681307,4.46951e-05,0.0104182,-0.731923,-0.0447411,0.0894822,-0.0138484,-1.4449,-1.14084,9.25838
1770178387316969608,0.681262,0.000592769,0.0112932,-0.731952,-0.0149137,0.0191748,-0.00106526,-2.05183,-1.01035,9.35534
1770178387337051140,0.681301,0.000605731,0.0117384,-0.731909,-0.0383495,-0.092678,0,-2.22661,-0.640449,9.25239
1770178387357128161,0.681322,-9.93322e-05,0.0116225,-0.731892,-0.0117179,-0.149137,0.0117179,-1.75136,-0.499191,9.50977
1770178387377208861,0.681421,-0.000453318,0.0105458,-0.731815,0.0830906,-0.138484,0.00532632,-0.39624,-0.0442927,9.5373
1770178387397285114,0.681379,-2.56497e-05,0.00841094,-0.731882,0.221575,-0.092678,-0.0287621,0.68115,0.264559,9.89284
1770178387417365526,0.681312,0.00117759,0.00611015,-0.731967,0.213053,-0.04048,0.00106526,1.34913,0.477643,9.56603
1770178387437445107,0.68136,0.0021856,0.00455291,-0.731931,0.127832,-0.00319579,-0.00319579,1.53588,0.610521,9.24042
1770178387457524943,0.681276,0.00260559,0.0040541,-0.732011,-0.0394148,0.0426106,-0.0127832,1.49159,0.658405,9.55047
1770178387477598380,0.681287,0.00237005,0.00461256,-0.731998,-0.103331,0.0692422,0.00426106,1.14323,0.243011,9.54209
1770178387497677672,0.681266,0.00175512,0.00634285,-0.732006,-0.207727,0.0500674,-0.02024,0.526724,0.159214,9.65462
1770178387517752133,0.681249,0.000985059,0.00825649,-0.732005,-0.211988,0.0692422,0.00319579,-0.517148,-0.560243,9.69891
1770178387537825217,0.681289,0.000465379,0.0101002,-0.731945,-0.158724,0.0490022,0.00745685,-1.41976,-0.677559,9.52773
1770178387557901117,0.681292,7.66153e-05,0.011299,-0.731924,-0.0426106,-0.0255663,-0.0138484,-1.65439,-0.845153,9.2488
1770178387577977530,0.68128,2.48388e-05,0.0114058,-0.731934,0.0117179,-0.0841559,-0.00639159,-1.49159,-0.729034,9.39844
1770178387598050230,0.68127,-7.34691e-05,0.0107885,-0.731953,0.0862864,-0.118244,-0.0138484,-0.877475,-0.936133,9.4571
1770178387618129875,0.681239,-0.000269209,0.00989585,-0.731994,0.0340885,-0.134223,-0.00852211,-0.0670376,-0.506374,9.52294
1770178387638208559,0.681268,-0.000750329,0.00894608,-0.731979,0.0298274,-0.0905475,-0.00213053,0.701501,-0.211887,9.6211
1770178387658286284,0.681241,-0.00120298,0.00819559,-0.732013,-0.0117179,-0.052198,-0.00852211,1.12288,0.0335188,9.49899
1770178387678367432,0.681212,-0.00144865,0.00774746,-0.732044,0.00852211,-0.00852211,-0.00639159,1.31442,0.0586579,9.45111
1770178387698473733,0.68121,-0.00137467,0.00764361,-0.732047,-0.00532632,0.0319579,-0.00958738,1.18513,0.0514753,9.53012
1770178387718553314,0.681211,-0.000902494,0.00792843,-0.732044,0.00852211,0.102265,-0.00532632,0.758962,-0.0107739,9.50977
1770178387738633630,0.681183,-0.000239037,0.0084471,-0.732065,-0.0127832,0.0841559,-0.00319579,0.186748,-0.104148,9.53611
1770178387758708251,0.681186,0.000427149,0.00905974,-0.732054,-0.00852211,0.1012,-0.00852211,-0.433351,-0.402226,9.59476
1770178387778780727,0.681155,0.00114292,0.00966963,-0.732075,-0.0138484,0.0394148,-0.00745685,-1.19471,-0.503979,9.39006
1770178387798855572,0.68116,0.00152881,0.00987849,-0.732067,0.0330232,-0.0117179,-0.00852211,-1.42934,-0.474052,9.45949
1770178387818931728,0.681166,0.00163628,0.00964456,-0.732064,0.00426106,-0.0681769,0.00106526,-1.17795,-0.318429,9.4559
1770178387839007565,0.681154,0.0014092,0.00920259,-0.732081,0.0127832,-0.0916127,-0.02024,-0.559046,-0.183156,9.48702
1770178387859082537,0.68112,0.000903453,0.00862921,-0.732121,-0.0213053,-0.0820253,-0.0138484,0.221464,-0.0383072,9.54449
1770178387879157189,0.681126,0.000367688,0.00811641,-0.732121,-0.00213053,-0.092678,0.00106526,0.605733,0.0347159,9.53132
1770178387899235202,0.681102,-0.000152527,0.00767606,-0.732148,-0.0266316,-0.0532632,-0.0106526,0.958878,0.11971,9.51935
1770178387919315422,0.68111,-0.000392456,0.00755405,-0.732142,-0.0181095,0.0117179,0.00426106,1.01394,0.0574608,9.56843
1770178387939392187,0.681088,-0.000443449,0.00781839,-0.732159,-0.0436758,0.0330232,-0.00852211,0.84635,-0.106542,9.55526
1770178387959468983,0.68107,-0.000328366,0.00843314,-0.73217,-0.0447411,0.0798948,-0.00639159,0.373495,-0.36751,9.44273
1770178387979542388,0.681038,-0.00015863,0.00912899,-0.732191,-0.0436758,0.0553937,-0.00213053,-0.253785,-0.520739,9.47864
1770178387999619440,0.681074,8.46065e-05,0.00978304,-0.732149,-0.0106526,0.0287621,0,-0.799663,-0.626084,9.44752
1770178388019697453,0.681051,0.000386168,0.0100957,-0.732166,-0.00426106,0.00213053,-0.00532632,-1.00796,-0.557849,9.46308
1770178388039770761,0.681044,0.000652867,0.010058,-0.732173,0.036219,-0.0394148,-0.0170442,-1.00078,-0.542287,9.49899
1770178388059845285,0.681011,0.000800162,0.009689,-0.732209,0.0351537,-0.0671116,0.00106526,-0.568623,-0.380678,9.42837
1770178388079926306,0.681035,0.000771055,0.00905446,-0.732194,0.0426106,-0.0681769,-0.00319579,-0.0826,-0.124498,9.52773
1770178388100011839,0.681028,0.000613467,0.00837766,-0.732209,0.0234358,-0.0681769,-0.00639159,0.471658,0.114922,9.578
1770178388120089563,0.681029,0.00047175,0.00791225,-0.732213,0.00106526,-0.04048,-0.0117179,0.666785,0.208296,9.49181
1770178388140163127,0.680983,0.000353644,0.00764805,-0.732259,-0.0106526,-0.00213053,-0.0138484,0.803255,0.126893,9.53611
1770178388160247764,0.680995,0.000384177,0.00777959,-0.732247,-0.0319579,0.0298274,-0.0149137,0.538695,0.0814029,9.50139
1770178388180324688,0.680976,0.000480081,0.00814356,-0.732261,-0.0500674,0.0511327,-0.00426106,0.351948,-0.0981623,9.56723
1770178388200409581,0.680992,0.000622801,0.00867989,-0.732239,-0.0255663,0.0245011,-0.00639159,-0.189142,-0.281319,9.50259
1770178388220485482,0.680939,0.000740818,0.00914167,-0.732283,-0.0319579,0.0191748,-0.0245011,-0.435745,-0.453701,9.55047
1770178388240558374,0.680942,0.000833744,0.00947054,-0.732276,-0.0234358,0.00639159,-0.0117179,-0.741005,-0.539892,9.47984
1770178388260632930,0.680932,0.000812851,0.00963455,-0.732283,-0.015979,-0.0266316,-0.00426106,-0.739808,-0.52433,9.46907
1770178388280707967,0.680984,0.00122474,0.00903476,-0.732242,0.794687,-0.0266316,0.0415453,0.337582,-4.26288,11.7867
1770178388300793019,0.680031,0.0122246,0.00321016,-0.733074,1.15368,0.185356,-0.108657,1.09056,-1.91895,14.4239
1770178388320870360,0.67988,0.016596,-0.0018872,-0.733133,0.401605,-0.229032,0.0330232,-0.600945,-2.22541,-0.802058
1770178388340949332,0.680962,0.00994648,-0.00114835,-0.73225,-1.67353,-0.257794,0.0990696,0.762553,5.87058,21.8818
1770178388361030449,0.681508,-0.00239698,0.0101227,-0.731736,-0.879908,-0.0671116,0.0138484,0.559046,-3.25133,13.9654
1770178388381105517,0.681746,-0.00177822,0.0103977,-0.731513,0.036219,0.109722,0.0266316,-0.349553,2.15718,3.19267
1770178388401187210,0.681719,-0.000655901,0.009816,-0.731548,-0.052198,0.0575243,-0.0607201,-0.185551,2.05901,10.7667
1770178388421260742,0.681411,-0.000962213,0.0106773,-0.731822,0.0873517,0.00532632,0.0127832,-0.482432,-1.20428,11.91
1770178388441341667,0.681463,5.02851e-05,0.0102901,-0.73178,0.142745,0.0213053,-0.0181095,-0.448913,-0.0921768,8.80827
1770178388461416895,0.681241,0.00114242,0.00943261,-0.731998,0.184291,-0.0149137,-0.056459,-0.703895,0.00837971,9.76236
1770178388481489340,0.680884,0.00248457,0.0083128,-0.73234,0.155529,-0.0372843,-0.0479369,-0.0861913,-1.54426,9.69053
1770178388501571896,0.680895,0.00267582,0.00801461,-0.732332,-0.0127832,-0.0553937,0.00745685,-0.0610521,-1.3611,9.08001
1770178388521649173,0.680915,0.00152532,0.00842493,-0.732312,-0.132093,-0.0692422,-0.015979,0.00957681,-0.78051,9.29549
1770178388541722577,0.680858,0.000356107,0.00893772,-0.732361,-0.0948085,-0.0553937,-0.00319579,0.316035,-1.12647,9.96227
1770178388561798093,0.680965,-0.000756418,0.00945742,-0.732254,-0.132093,-0.0426106,0.00639159,0.481235,-0.5782,9.42358
1770178388581876586,0.680946,-0.0018123,0.0101097,-0.732261,-0.0841559,-0.0170442,-0.0138484,0.33878,-0.466869,9.59835
1770178388601956294,0.68094,-0.00159507,0.0100996,-0.732268,0.1012,0.0330232,-0.00532632,0.28491,-0.45011,9.60195
1770178388622031363,0.680988,-0.000337704,0.00940256,-0.732234,0.150202,0.0468716,0.00213053,0.166397,0.220267,9.80904
1770178393655179979,0.678746,0.000783699,0.00845666,-0.734324,-0.00106526,-0.00852211,-0.00745685,0.0466869,-0.275333,9.4966
1770178393675261608,0.678738,0.000718865,0.00849694,-0.734331,-0.015979,-0.0234358,-0.00852211,-0.0981623,-0.232238,9.56484
1770178393695345829,0.678741,0.000766129,0.0085283,-0.734328,-0.00852211,-0.00958738,-0.00532632,-0.135272,-0.29329,9.46069
1770178393715432065,0.678705,0.000700385,0.00859545,-0.73436,-0.0117179,-0.00319579,0,0.0335188,-0.250194,9.44393
1770178393735510654,0.678739,0.000679482,0.00863997,-0.734328,-0.0223706,-0.00745685,-0.00852211,-0.0682347,-0.23104,9.44393
1770178393755581018,0.678677,0.00070681,0.00859021,-0.734386,0.0106526,-0.0127832,-0.0170442,-0.0778116,-0.275333,9.40203
1770178393775656279,0.678678,0.000844197,0.00841661,-0.734388,0.015979,-0.0330232,0.00639159,-0.0694318,-0.29329,9.51695
1770178393795741459,0.678695,0.000874106,0.00839616,-0.734371,-0.0127832,-0.0127832,-0.0149137,0.00837971,-0.185551,9.47984
1770178393815828912,0.678641,0.000781192,0.00846612,-0.734421,-0.015979,-0.0223706,-0.00745685,0.0407014,-0.0921768,9.52413
1770178393835908044,0.678623,0.000656884,0.00859741,-0.734436,-0.0117179,-0.0266316,-0.0138484,0.0814029,-0.248997,9.56364
1770178393855982537,0.678594,0.000724697,0.00855539,-0.734463,0.00852211,-0.0170442,-0.00213053,-0.0323217,-0.222661,9.45351
1770178393876053701,0.678591,0.000861979,0.00847716,-0.734467,0.00426106,-0.00319579,-0.00106526,-0.0790087,-0.220267,9.47386
1770178393896137090,0.678601,0.000886627,0.00846447,-0.734458,-0.0319579,-0.00106526,-0.00745685,-0.023942,-0.101754,9.51097
1770178393916224446,0.678568,0.000792634,0.00857642,-0.734487,-0.0351537,-0.00532632,-0.015979,-0.0538695,-0.219069,9.5816
1770178393936300891,0.678571,0.000712178,0.00864566,-0.734483,-0.0330232,-0.00532632,-0.0106526,-0.105345,-0.280122,9.53611
1770178393956379703,0.678555,0.000674727,0.00862069,-0.734499,0.00426106,-0.0127832,0,-0.0490811,-0.363919,9.4152
1770178393976457588,0.678556,0.000708121,0.00846736,-0.734499,0.00532632,-0.036219,-0.00852211,-0.0395043,-0.195127,9.52773
1770178393996534640,0.678518,0.000735491,0.00842876,-0.734535,-0.0106526,0.00426106,-0.02024,0.0814029,-0.243011,9.46787
1770178394016620109,0.67849,0.000644958,0.00846867,-0.734561,-0.0138484,-0.0234358,-0.00639159,0.114922,-0.271742,9.56603
1770178394036697417,0.678471,0.000598329,0.00851117,-0.734577,-0.0181095,-0.00745685,-0.00106526,0.0550666,-0.373495,9.49421
1770178394056785670,0.67847,0.000648108,0.00846799,-0.734579,0.00426106,-0.0234358,-0.00745685,-0.0490811,-0.245406,9.5804
1770178394076864835,0.678458,0.000760638,0.00841244,-0.734591,-0.0106526,0.0106526,-0.00958738,0.0155623,-0.143652,9.52294
1770178394096943039,0.678451,0.000761977,0.00839684,-0.734597,-0.0340885,-0.00745685,-0.00745685,-0.0670376,-0.164003,9.4966
1770178394117030460,0.67842,0.000753437,0.00846446,-0.734625,-0.00958738,-0.00958738,-0.00426106,-0.059855,-0.277727,9.53251
1770178394137111768,0.678449,0.000753324,0.00852108,-0.734598,-0.0234358,-0.00426106,0.00213053,-0.0873884,-0.259771,9.52174
1770178394157190005,0.67844,0.000776386,0.00849357,-0.734606,-0.00319579,-0.0117179,0.00426106,-0.0742203,-0.207098,9.5397
1770178394177267441,0.678432,0.000761336,0.00842084,-0.734615,-0.0255663,-0.0138484,-0.00745685,0.0155623,-0.162806,9.52054
1770178394197346638,0.678395,0.000696884,0.008399,-0.734649,-0.0191748,-0.00745685,-0.00639159,0.112527,-0.280122,9.45351
1770178394217433002,0.678394,0.000669005,0.00845312,-0.73465,-0.0170442,-0.0223706,-0.00319579,-0.0143652,-0.243011,9.51815
1770178394237512391,0.678397,0.000688532,0.00847065,-0.734647,0.00745685,-0.00319579,-0.0106526,-0.0371101,-0.225055,9.50019
1770178394257589027,0.678407,0.000744177,0.00845171,-0.734637,-0.00106526,-0.00639159,-0.00852211,-0.0143652,-0.110133,9.53251
1770178394277669536,0.678365,0.00072996,0.00842629,-0.734677,-0.00426106,-0.00639159,-0.0106526,0.0035913,-0.237026,9.52294
1770178394297751740,0.678352,0.000698106,0.00845181,-0.734689,-0.0117179,-0.015979,-0.00639159,-0.0454898,-0.262165,9.50019
1770178394317837113,0.67833,0.000710458,0.00847466,-0.734708,0.00532632,-0.0106526,-0.00106526,-0.0921768,-0.348356,9.51575
1770178394337916310,0.678346,0.000797768,0.00849351,-0.734694,-0.0149137,-0.0138484,-0.00852211,-0.0514753,-0.134075,9.49062
1770178394358009362,0.678317,0.00080881,0.00848919,-0.73472,0.00745685,-0.00745685,-0.00745685,-0.00957681,-0.282516,9.46428
1770178394378085263,0.678282,0.00077348,0.00844215,-0.734752,-0.0138484,-0.0266316,-0.0127832,0.0778116,-0.248997,9.55167
1770178394398163787,0.678287,0.000707789,0.00841356,-0.734748,-0.00958738,-0.0213053,0.00213053,0.0023942,-0.360327,9.41879
1770178394418291017,0.678306,0.000776024,0.00839277,-0.734731,-0.0213053,-0.0223706,-0.00639159,-0.0143652,-0.168791,9.51935
1770178394438361669,0.678276,0.000787923,0.00841055,-0.734758,0.00319579,-0.00639159,0.00106526,0.00957681,-0.25618,9.49062
1770178394458441794,0.678277,0.000769767,0.00845248,-0.734757,-0.0287621,0,-0.015979,0.023942,-0.108936,9.45111
1770178394478520222,0.678251,0.000746981,0.0084779,-0.734781,0,0.00852211,-0.00213053,-0.0670376,-0.351948,9.50737
1770178394498597563,0.678251,0.000768785,0.00849662,-0.734781,-0.00532632,-0.00213053,-0.00745685,-0.0191536,-0.190339,9.50259
1770178394518684183,0.67824,0.000783915,0.00843803,-0.734791,0.0149137,-0.00745685,-0.00213053,-0.0814029,-0.243011,9.53012
1770178394538762580,0.678246,0.000828998,0.00842607,-0.734786,-0.0213053,0.0106526,-0.0106526,-0.0059855,-0.174777,9.45949
1770178394558844560,0.678205,0.000792602,0.00848278,-0.734823,0.00532632,0.0106526,-0.00745685,-0.0011971,-0.311246,9.44034
1770178394578917837,0.678214,0.000760899,0.00847279,-0.734815,-0.0223706,-0.00213053,0.00852211,-0.00718261,-0.172383,9.44632
1770178394598992105,0.678202,0.000743202,0.00838028,-0.734828,0.00319579,-0.00213053,-0.00106526,-0.0383072,-0.244209,9.50498
1770178394619078086,0.678209,0.000774157,0.00829038,-0.734822,-0.0191748,-0.02024,-0.00213053,0.0035913,-0.0023942,9.50378
1770178394639155554,0.678185,0.000760397,0.00828033,-0.734844,0.0127832,-0.0170442,-0.00639159,-0.0263362,-0.310049,9.52533
1770178394659231359,0.678174,0.000781404,0.00834713,-0.734854,-0.0245011,-0.00745685,-0.00745685,-0.0407014,-0.199916,9.54808
1770178394679311675,0.678146,0.000740419,0.00836851,-0.73488,0.00426106,-0.0138484,0.00532632,-0.0885855,-0.320823,9.49062
1770178394699392600,0.678168,0.0007863,0.00834273,-0.734859,-0.0287621,-0.0117179,-0.0127832,-0.0634463,-0.126893,9.51336
1770178394719480692,0.678143,0.00071889,0.00830488,-0.734883,0.00319579,0.00532632,-0.00745685,-0.0430956,-0.250194,9.55526
1770178394739566385,0.678124,0.000731186,0.00829934,-0.7349,-0.0383495,-0.00532632,-0.00106526,0.0215478,-0.158017,9.55885
1770178394759646286,0.678127,0.000688111,0.00835602,-0.734897,0.0181095,0.00639159,0.00213053,-0.0335188,-0.402226,9.61871
1770178394779722218,0.678146,0.000706005,0.00833959,-0.734879,-0.0234358,-0.0234358,-0.015979,-0.0143652,-0.094571,9.50498
1770178394799794662,0.678135,0.000681314,0.0082676,-0.73489,0.0330232,-0.0170442,-0.00213053,-0.0059855,-0.260968,9.4966
1770178394819871619,0.67814,0.000725537,0.00826013,-0.734886,-0.0245011,-0.00639159,-0.00426106,0.0251391,-0.0957681,9.5373
1770178394839947103,0.678091,0.000726941,0.00831888,-0.734931,0.00426106,0.00426106,-0.00213053,-0.0215478,-0.357933,9.59357
1770178394860026396,0.678114,0.000752835,0.00835033,-0.734909,-0.0223706,0.00319579,-0.0149137,-0.0993594,-0.192733,9.50498
1770178394880103704,0.678083,0.000756216,0.00827432,-0.734938,0.00958738,0.00319579,0,-0.0670376,-0.33878,9.56843
1770178394900174229,0.678098,0.000773029,0.00825575,-0.734925,-0.0223706,-0.0106526,-0.00745685,-0.0191536,-0.0873884,9.53611
1770178394920251345,0.678035,0.00074068,0.00828978,-0.734982,0.00852211,0.0149137,-0.0170442,-0.0215478,-0.336385,9.47625
1770178394940324461,0.678032,0.000762593,0.00828218,-0.734986,-0.0287621,0.00426106,-0.00852211,-0.0167594,-0.197522,9.51695
1770178394960402986,0.678008,0.000739099,0.0082659,-0.735008,0.0127832,-0.0106526,0.00213053,-0.0299275,-0.28491,9.51456
1770178394980479462,0.678033,0.000708094,0.0082183,-0.734985,-0.0170442,-0.00852211,-0.00426106,0.0011971,-0.094571,9.48822
1770178395000557379,0.677979,0.00068254,0.00819745,-0.735035,0.00532632,-0.0138484,-0.00745685,0.0550666,-0.278924,9.59237
1770178395020634495,0.677987,0.000681387,0.00824952,-0.735027,-0.0372843,0.00213053,-0.00639159,-0.0227449,-0.138864,9.52533
1770178395040709788,0.677936,0.000677235,0.00828372,-0.735074,0.0191748,-0.00958738,-0.0138484,-0.0490811,-0.417788,9.67617
1770178395060783160,0.677972,0.000692285,0.00828139,-0.735041,-0.0213053,-0.0266316,-0.0106526,-0.0383072,-0.0921768,9.50737
1770178395080862133,0.677917,0.000665988,0.00823234,-0.735092,0.0170442,-0.0276969,-0.00319579,-0.100556,-0.296881,9.58638
1770178395100943697,0.677928,0.000658425,0.00825295,-0.735082,-0.02024,-0.0106526,-0.0223706,0.0155623,-0.172383,9.43555
1770178395121032110,0.677889,0.000662149,0.00827965,-0.735117,0.0127832,0.00106526,0,-0.0323217,-0.424971,9.52773
1770178395141112394,0.677928,0.000720345,0.00827461,-0.735082,-0.0138484,-0.0245011,-0.00319579,-0.071826,-0.112527,9.50498
1770178395161190247,0.677899,0.000696545,0.00821126,-0.735109,0.00213053,-0.0255663,-0.00319579,-0.0059855,-0.275333,9.55047
1770178395181266179,0.677899,0.00071862,0.00816487,-0.735109,-0.0170442,-0.00639159,-0.00852211,0.0646434,-0.0622492,9.67976
1770178395201345824,0.677841,0.000653597,0.00821818,-0.735163,0.00426106,-0.0127832,-0.00106526,-0.00837971,-0.298078,9.57202
1770178395221421788,0.677871,0.000715699,0.00826831,-0.735134,-0.0266316,-0.00639159,-0.00319579,-0.0670376,-0.175974,9.55167
1770178395241498361,0.677784,0.00104402,0.00782339,-0.735218,0.265251,0.209857,-0.0745685,0.221464,-1.42335,9.25718
1770178395261572565,0.67757,0.00858044,0.00352813,-0.7354,0.703074,-0.0170442,-0.0191748,-1.08457,1.47124,4.37181
1770178395281650770,0.677291,0.00746203,0.00260716,-0.735673,-0.392017,-0.211988,-0.0149137,0.0574608,-0.395043,4.32513
1770178395301722286,0.677593,0.00147116,0.0073504,-0.735399,-0.761664,-0.0234358,0.0841559,1.7346,-2.51271,11.5101
1770178395321801194,0.6782,-0.00252984,0.0102163,-0.734802,-0.203465,0.145941,0.0617853,1.59334,0,9.55406
1770178395341877223,0.678362,-0.00159017,0.0109795,-0.734644,0.015979,0.0330232,-0.00532632,0.135272,0.283713,8.25521
1770178395361954883,0.678274,-0.00167692,0.0121372,-0.734707,-0.0607201,0.0990696,-0.0223706,-1.48081,-0.0969652,9.54329
1770178395382032320,0.678108,-0.000679867,0.0119255,-0.734865,0.102265,0.0447411,-0.04048,-1.78847,0.208296,11.6526
1770178395402106620,0.678036,0.000310177,0.0111971,-0.734943,0.194943,-0.04048,-0.0223706,-1.88663,-1.44011,8.52096
1770178395422185785,0.677804,0.00155903,0.00945918,-0.73518,0.286556,-0.072438,-0.0436758,-0.766145,-0.512359,9.99579
1770178395442262133,0.677655,0.00314408,0.00713742,-0.735339,0.271642,-0.0692422,-0.0127832,0.311246,-0.302867,10.1275
1770178395462340370,0.677728,0.00354671,0.00584126,-0.735281,0.0287621,-0.0692422,-0.0181095,1.01873,-0.0131681,9.44393
1770178395482419438,0.677678,0.00236037,0.00565471,-0.735334,-0.148072,-0.0703074,-0.0213053,1.403,-0.0275333,9.95389
1770178395502497931,0.677691,0.000799229,0.00660694,-0.735317,-0.169377,-0.00852211,-0.00319579,1.27372,-0.264559,9.74201
1770178395522579431,0.677762,-5.57524e-05,0.00767987,-0.735241,-0.145941,0.0234358,-0.00106526,0.978031,0.0347159,9.58998
1770178395542657604,0.677733,-0.00060303,0.00913303,-0.735251,-0.127832,0.076699,-0.0149137,0.0885855,0.0371101,9.6618
1770178395562728064,0.677731,2.94696e-05,0.00973308,-0.735246,0.0575243,0.0852211,0.00106526,-0.665588,-0.356736,9.60913
1770178395582804732,0.677735,0.00131219,0.00962785,-0.735242,0.1012,0.0543285,-0.00532632,-1.1157,-0.270545,9.56005
1770178395602879481,0.677674,0.00260064,0.00908819,-0.735302,0.125701,-0.0106526,-0.0106526,-1.27731,-0.243011,9.4954
1770178395622952117,0.677698,0.00339924,0.00843661,-0.735285,0.0660464,-0.0426106,-0.00639159,-0.92895,-0.252588,9.30028
1770178395643024690,0.677637,0.00356264,0.00772249,-0.735348,0.00319579,-0.0841559,-0.0181095,-0.427365,-0.0538695,9.51456
1770178395663100942,0.677653,0.00288842,0.00730608,-0.73534,-0.0532632,-0.0937433,0.00852211,0.195127,-0.23942,9.62469
1770178395683179531,0.677709,0.00194166,0.00720139,-0.735293,-0.0958738,-0.0756338,0.00426106,0.665588,0.129287,9.48463
1770178395703255207,0.677675,0.000818996,0.00748297,-0.735323,-0.115049,-0.0490022,-0.00532632,0.90022,-0.0526724,9.56723
1770178395723337220,0.677687,-5.35248e-05,0.00793898,-0.735308,-0.0894822,-0.00852211,0.00426106,0.878672,-0.0658405,9.48822
1770178395743416480,0.677675,-0.000453223,0.00845895,-0.735313,-0.0458064,0.036219,-0.00213053,0.672771,-0.39624,9.46667
1770178395763493757,0.677652,-0.000287597,0.00883987,-0.735329,-0.00106526,0.0372843,-0.0106526,0.0909797,-0.448913,9.51695
1770178395783571929,0.677646,0.000286762,0.00919313,-0.73533,0.0191748,0.0617853,-0.00426106,-0.365116,-0.499191,9.51695
1770178395803647861,0.677608,0.000875942,0.00939696,-0.735363,0.0213053,-0.00639159,-0.0223706,-0.724246,-0.422577,9.4978
1770178395823730642,0.677575,0.00122306,0.00946144,-0.735392,0.0191748,-0.015979,-0.015979,-0.794875,-0.581791,9.42597
1770178395843813263,0.67756,0.00129082,0.0093398,-0.735407,0.0170442,-0.036219,-0.00958738,-0.781707,-0.480037,9.40083
1770178395863892171,0.677583,0.00118776,0.00897851,-0.735391,-0.00106526,-0.0649811,0.00532632,-0.336385,-0.199916,9.53132
1770178395883973672,0.677584,0.00104999,0.00853337,-0.735395,0.0223706,-0.0479369,-0.00532632,0.12809,0.0167594,9.52892
1770178395904046788,0.677599,0.000933365,0.00814588,-0.735386,0.00745685,-0.0319579,0.00106526,0.457293,0.0670376,9.55526
1770178395924122368,0.677583,0.000880289,0.00777008,-0.735405,-0.00213053,-0.00852211,-0.0149137,0.628478,0.136469,9.56962
1770178395944200413,0.677565,0.000889217,0.00770551,-0.735422,-0.015979,0.0127832,0.00426106,0.597353,-0.0023942,9.47984
1770178395964280889,0.677579,0.000897898,0.00790434,-0.735407,-0.0340885,0.02024,-0.00639159,0.283713,0.00957681,9.48463
1770178395984358646,0.677556,0.000938353,0.00840367,-0.735422,-0.0585895,0.0234358,-0.00639159,0.0275333,-0.2478,9.59237
1770178396004440851,0.677544,0.00100456,0.00883539,-0.735428,-0.0415453,0.0245011,-0.0117179,-0.312443,-0.362722,9.49421
1770178396024523183,0.677513,0.00112144,0.00918258,-0.735453,-0.00319579,0.00106526,-0.00958738,-0.611719,-0.609324,9.48224
1770178396044605548,0.677519,0.00122477,0.00921943,-0.735446,0.00319579,-0.0255663,-0.0149137,-0.664391,-0.542287,9.48702
1770178396064686120,0.677502,0.00117686,0.00908397,-0.735464,-0.0106526,-0.04048,-0.00639159,-0.35913,-0.371101,9.47864
1770178396084762021,0.677483,0.00105394,0.00888897,-0.735484,0.00639159,-0.0436758,-0.0138484,-0.0766145,-0.292093,9.45949
1770178396104845729,0.677451,0.000867071,0.00860623,-0.735517,0.00852211,-0.036219,-0.0149137,0.2478,-0.288501,9.58638
1770178396124926782,0.677447,0.000819046,0.00824482,-0.735525,0.0138484,-0.0276969,-0.00852211,0.366313,-0.0706289,9.56124
1770178396145000730,0.677446,0.00089148,0.00798633,-0.735528,0.00532632,-0.00532632,0.00106526,0.489614,0.0454898,9.56244
1770178396165078615,0.677445,0.000987922,0.00793574,-0.73553,0.00213053,0.0213053,-0.00426106,0.387861,0.100556,9.39604
1770178396185156275,0.677398,0.00112707,0.00816201,-0.735571,-0.0149137,0.0426106,-0.02024,0.150835,-0.161609,9.52054
1770178396205232496,0.677395,0.00128512,0.00852599,-0.735569,-0.0138484,0.0287621,-0.00852211,-0.263362,-0.281319,9.48822
1770178396225311084,0.677379,0.00145562,0.0087922,-0.735581,-0.00639159,-0.00852211,-0.00426106,-0.409408,-0.288501,9.50977
1770178396245386088,0.677405,0.00155521,0.008912,-0.735555,0.00852211,-0.0223706,-0.00532632,-0.529119,-0.326809,9.48224
1770178396265465285,0.677377,0.00150001,0.00888556,-0.735581,-0.0181095,-0.0319579,-0.00745685,-0.390255,-0.362722,9.48942
1770178396285542945,0.677371,0.00130015,0.00880001,-0.735588,-0.0117179,-0.00745685,-0.00213053,-0.205901,-0.357933,9.51336
1770178396305624606,0.677357,0.00108942,0.00867331,-0.735602,-0.00532632,-0.0308927,-0.00426106,-0.0323217,-0.282516,9.53132
1770178396325701658,0.677382,0.000972836,0.00847377,-0.735582,-0.00532632,-0.0287621,-0.0213053,0.234632,-0.149638,9.55287
1770178396345780695,0.677365,0.000866552,0.00828612,-0.7356,-0.015979,-0.0127832,0.00426106,0.407014,-0.0263362,9.59476
1770178396365857971,0.677352,0.000828955,0.0082123,-0.735613,-0.00319579,-0.00426106,-0.00745685,0.385466,-0.0957681,9.48822
1770178396385939024,0.677302,0.000860882,0.00834045,-0.735658,-0.0127832,0.0106526,-0.0149137,0.237026,-0.282516,9.53251
1770178396406019309,0.67733,0.0010459,0.00852224,-0.735629,0.00213053,0.0266316,-0.00958738,-0.135272,-0.27653,9.48224
1770178396426093161,0.677329,0.00125367,0.00871321,-0.735628,-0.0127832,0.0255663,0.00745685,-0.270545,-0.300472,9.55406
1770178396446172581,0.677315,0.00141685,0.00879903,-0.735639,0.0106526,0.00745685,-0.00852211,-0.275333,-0.302867,9.52533
1770178396466251554,0.67728,0.00148271,0.00884276,-0.735671,0.00213053,-0.0340885,-0.0117179,-0.391452,-0.282516,9.55167
1770178396486330462,0.677292,0.00143792,0.00873302,-0.735661,-0.00958738,-0.0245011,-0.00106526,-0.339977,-0.243011,9.39724
1770178396506408603,0.677289,0.00133554,0.00853897,-0.735667,-0.00532632,-0.0319579,-0.0127832,-0.0814029,-0.213084,9.60075
1770178396526479415,0.677278,0.00123845,0.00836029,-0.735679,-0.0181095,-0.00852211,-0.00532632,0.108936,0.0167594,9.54688
1770178396546556436,0.677265,0.00113006,0.00830208,-0.735691,-0.015979,-0.015979,-0.00319579,0.278924,-0.0981623,9.54568
1770178396566635632,0.677266,0.00105151,0.00829524,-0.735691,-0.02024,0.00426106,0,0.331597,-0.196325,9.54209
1770178396586707661,0.677275,0.00100089,0.00838544,-0.735682,-0.0266316,0,-0.00106526,0.124498,-0.15682,9.46907
1770178396606789033,0.677275,0.00102835,0.00849688,-0.73568,-0.00532632,-0.00745685,-0.0223706,0.011971,-0.205901,9.53012
1770178396626866694,0.677247,0.00108718,0.00867394,-0.735704,-0.0181095,0.0117179,-0.00213053,-0.122104,-0.342371,9.50618
1770178396646945538,0.677216,0.00116528,0.00886172,-0.73573,-0.0170442,0.0330232,-0.015979,-0.29329,-0.422577,9.50737
1770178396667021567,0.677209,0.00124184,0.00893231,-0.735736,0.00639159,0.00106526,-0.00532632,-0.314838,-0.401029,9.48702
1770178396687099675,0.677222,0.00125009,0.00883337,-0.735725,0.00106526,-0.036219,-0.0170442,-0.250194,-0.244209,9.50618
1770178396707178680,0.677206,0.00119211,0.00866381,-0.735742,-0.0106526,-0.02024,0,-0.0550666,-0.15682,9.56005
1770178396727259444,0.677182,0.0011507,0.00850728,-0.735765,0,-0.0298274,-0.00745685,0.102951,-0.144849,9.50378
1770178396747335056,0.677164,0.00112351,0.00843928,-0.735783,-0.0117179,-0.0117179,0.00106526,0.208296,-0.175974,9.57202
1770178396767413005,0.677164,0.00115085,0.00835208,-0.735784,0.0106526,-0.0138484,-0.00745685,0.205901,-0.0395043,9.44632
1770178396787483465,0.677151,0.00116912,0.00832046,-0.735796,-0.0245011,0.00106526,0.00532632,0.106542,-0.104148,9.5792
1770178396807558406,0.677153,0.00118834,0.00837726,-0.735794,-0.0191748,-0.00426106,-0.0149137,0.0167594,-0.152032,9.56364
1770178396827633986,0.677136,0.00118396,0.00858482,-0.735807,-0.0213053,-0.0138484,-0.00319579,-0.112527,-0.310049,9.59357
1770178396847708767,0.677133,0.00121194,0.00873536,-0.735808,0.00106526,-0.0117179,0,-0.229843,-0.372298,9.51336
1770178396867782587,0.677134,0.00123576,0.00877674,-0.735806,0,-0.0223706,-0.00213053,-0.233435,-0.320823,9.49301
1770178396887869496,0.67713,0.00118109,0.00875734,-0.73581,-0.0298274,-0.0117179,-0.00532632,-0.132878,-0.209493,9.50618
1770178396907945364,0.677112,0.0011022,0.00869129,-0.735828,-0.0127832,-0.0127832,-0.0127832,-0.0826,-0.217872,9.45829
1770178396928024017,0.677089,0.00105509,0.0086463,-0.735849,-0.00106526,-0.0138484,-0.0138484,0.0490811,-0.325611,9.50019
1770178396948109581,0.677097,0.00105401,0.00854518,-0.735843,-0.00852211,-0.00106526,0.00745685,0.0778116,-0.181959,9.46787
1770178396968189002,0.677092,0.00108033,0.00842503,-0.735849,0.00639159,-0.0223706,0.00319579,0.148441,-0.0921768,9.49181
1770178396988266150,0.677073,0.00108976,0.00837627,-0.735868,-0.0181095,-0.0127832,-0.00639159,0.143652,-0.0778116,9.57202
1770178397008344611,0.67704,0.00111376,0.00847902,-0.735896,-0.0213053,0.00106526,-0.0149137,-0.00957681,-0.171185,9.54209
1770178397028418367,0.677017,0.00117878,0.00862477,-0.735916,-0.00852211,0.00639159,-0.00319579,-0.140061,-0.288501,9.54808
1770178397048495419,0.677026,0.00125168,0.00868175,-0.735906,0,-0.02024,-0.00532632,-0.169988,-0.213084,9.54568
1770178397068572600,0.677034,0.00134217,0.00879884,-0.735898,-0.232228,-0.273773,0.191748,2.05303,-0.672771,4.52145
1770178397088650612,0.677956,-0.00187969,0.0118699,-0.735004,-0.12144,0.151268,0.0415453,-0.0682347,-2.79523,3.30998
1770178397108725521,0.677385,0.00206758,0.00991068,-0.735559,0.520914,0.103331,-0.185356,-1.90459,-0.957681,10.4878
1770178397128804813,0.676133,0.00616578,0.00736591,-0.736717,0.54435,0.0703074,-0.152333,-3.23217,-0.835576,9.22366
1770178397148884746,0.675646,0.00862963,0.00513452,-0.737158,-0.0905475,-0.154463,0.0138484,-1.94409,1.73819,8.79271
1770178397168962630,0.676328,0.00614085,0.00486948,-0.736559,-0.193878,-0.316384,0.111853,-0.36751,-0.539892,8.25042
1770178397189039843,0.676883,0.00252533,0.00547534,-0.736066,-0.316384,-0.225836,0.0127832,1.06542,-0.0514753,9.50378
1770178397209118911,0.676787,-0.00128809,0.00644679,-0.73615,-0.392017,-0.151268,-0.00852211,2.4768,0.326809,12.317
1770178397229194972,0.676957,-0.0033823,0.007445,-0.735977,-0.0990696,-0.00106526,0.0447411,2.59412,-0.611719,8.15465
1770178397249271416,0.676975,-0.00300608,0.00768909,-0.735959,-0.0181095,0.108657,-0.0308927,2.47321,0.732626,9.7037
1770178397269351381,0.676731,-0.00216136,0.00860563,-0.736177,-0.0372843,0.204531,-0.0127832,1.28569,-0.611719,10.0592
1770178397289430609,0.676773,-0.000871427,0.00993482,-0.736124,0.0426106,0.190682,0.0117179,-0.683545,-0.957681,9.59716
1770178397309509582,0.676752,0.00111019,0.0109471,-0.736129,0.0830906,0.144876,-0.0127832,-2.09971,-0.824802,8.91242
1770178397329587594,0.676685,0.00262476,0.0114379,-0.736179,0.0479369,0.0447411,-0.00745685,-2.63362,-0.695516,9.23803
1770178397349665095,0.676688,0.00304025,0.0114673,-0.736174,0.0287621,-0.0830906,-0.00319579,-2.44448,-0.669179,9.12311
1770178397369750467,0.676704,0.00272867,0.0109038,-0.73617,0.0372843,-0.151268,0.00106526,-1.71784,-0.812831,8.66342
1770178397389824544,0.676722,0.0021495,0.00981707,-0.73617,0.0340885,-0.167246,-0.00106526,-0.636858,-0.271742,9.61871
1770178397409899196,0.676784,0.00107068,0.00840392,-0.736133,0.0127832,-0.149137,-0.00852211,0.869095,0.260968,9.95749
1770178397429980729,0.676764,0.000382362,0.00696633,-0.736167,0.0340885,-0.115049,0,1.62207,0.511162,9.7456
1770178397450059893,0.676718,-7.55647e-05,0.00601748,-0.736218,0.00426106,-0.0298274,-0.0106526,1.86987,0.460884,9.35893
1770178397470139378,0.676733,-0.000310611,0.00580558,-0.736206,-0.0596548,0.015979,-0.00319579,1.72502,0.500388,9.5373
1770178397490216942,0.676727,-0.000500633,0.00637041,-0.736206,-0.0841559,0.0777643,-0.00639159,1.39821,0.319626,9.60195
1770178397510294123,0.676713,-0.00026151,0.00727865,-0.736211,-0.0830906,0.124636,-0.0106526,0.942118,0.0526724,9.58758
1770178397530370375,0.676723,0.000199625,0.00893897,-0.736184,-0.0798948,0.148072,-0.00958738,-0.104148,-0.587777,9.52413
1770178397550452260,0.676681,0.000646992,0.010251,-0.736205,-0.0543285,0.0798948,-0.0138484,-1.22942,-0.909797,9.49899
1770178397570530336,0.676638,0.00116748,0.0112442,-0.73623,-0.00852211,0.0415453,0.00213053,-1.88304,-1.0331,9.35295
1770178397590608221,0.676674,0.00150213,0.0115138,-0.736191,-0.00106526,-0.0372843,-0.00106526,-1.95726,-0.709881,9.29669
1770178397610678297,0.676655,0.00146046,0.0112182,-0.736213,0.0255663,-0.0820253,-0.0106526,-1.5275,-0.723049,9.33499
1770178397630754773,0.676654,0.0010857,0.0104504,-0.736226,0.04048,-0.137419,-0.0127832,-0.799663,-0.577003,9.64384
1770178397650831986,0.676645,0.000440188,0.00929987,-0.736251,0.056459,-0.154463,-0.00852211,0.500388,-0.1652,9.76954
1770178397670909806,0.676654,-9.12797e-05,0.00809477,-0.736257,0.0319579,-0.106526,-0.00106526,1.14443,0.201113,9.48583
1770178397690983755,0.676636,-0.000365265,0.0072143,-0.736283,0.0266316,-0.0490022,-0.00213053,1.42814,0.312443,9.50259
1770178397711057511,0.676643,-0.000295362,0.00669871,-0.736281,0.00532632,0.00852211,-0.0106526,1.50715,0.389058,9.54329
1770178397731129443,0.676611,-2.49478e-05,0.00681644,-0.736309,-0.0213053,0.0703074,-0.0138484,1.27372,0.197522,9.47026
1770178397751202560,0.676632,0.000345281,0.00738825,-0.736284,-0.0394148,0.0745685,-0.00745685,0.858321,0.0849942,9.57441
1770178397771277116,0.676604,0.000738321,0.00843168,-0.736299,-0.0745685,0.0873517,0,-0.335188,-0.269348,9.65462
1770178397791354681,0.676623,0.00116592,0.0094628,-0.736268,-0.0447411,0.0649811,0.00213053,-1.18752,-0.544681,9.41999
1770178397811432149,0.676596,0.0016164,0.0102052,-0.736282,-0.0245011,0.0245011,-0.00213053,-1.54187,-0.638055,9.39604
1770178397831508018,0.676578,0.00182411,0.0104906,-0.736294,-0.00106526,-0.02024,-0.00106526,-1.67474,-0.658405,9.34337
1770178397851583406,0.676575,0.00170401,0.0102371,-0.736301,0.0106526,-0.1012,-0.0138484,-1.35272,-0.588974,9.39365
1770178397871656746,0.676606,0.00122446,0.00965829,-0.736281,0.0106526,-0.106526,-0.0138484,-0.549469,-0.365116,9.54449
1770178397891735015,0.67659,0.000562883,0.00886194,-0.736306,0.0170442,-0.117179,-0.00426106,0.387861,-0.169988,9.60075
1770178397911812611,0.676582,5.35875e-06,0.00806784,-0.736323,0.0245011,-0.0905475,-0.00745685,0.98282,-0.0047884,9.53491
1770178397931890624,0.676565,-0.000206765,0.00758239,-0.736344,0.00532632,-0.0330232,0.00852211,1.19351,0.112527,9.55287
1770178397951966972,0.676577,-0.000205237,0.00733457,-0.736335,-0.00532632,0.0149137,-0.00213053,1.15879,0.221464,9.46667
1770178397972041177,0.676586,-5.06754e-05,0.00757304,-0.736325,-0.0287621,0.0468716,-0.00106526,0.987608,0.106542,9.56723
1770178397992120085,0.676583,0.000188218,0.00810353,-0.736322,-0.0532632,0.0820253,-0.00213053,0.484826,-0.142455,9.5792
1770178398012199154,0.676553,0.000596409,0.0090094,-0.736338,-0.0426106,0.0788296,-0.0117179,-0.253785,-0.511162,9.59596
1770178398032274478,0.676553,0.00109058,0.00971168,-0.736329,-0.00852211,0.0596548,-0.0117179,-1.05584,-0.512359,9.50139
1770178398052349515,0.67653,0.00151492,0.0100504,-0.736345,0.00426106,-0.00426106,-0.00532632,-1.29167,-0.626084,9.39604
1770178398072428167,0.676535,0.00162114,0.0100411,-0.73634,0.00319579,-0.0596548,-0.0170442,-1.25815,-0.507571,9.43794
1770178398092505572,0.676505,0.0013883,0.0096855,-0.736373,0.0127832,-0.0830906,-0.0149137,-0.705092,-0.517148,9.4559
1770178398112583200,0.676547,0.00103193,0.00917982,-0.736342,0.00213053,-0.0745685,-0.00106526,-0.11133,-0.21069,9.5816
1770178398132654812,0.67654,0.000562901,0.00849693,-0.736357,0.00852211,-0.0671116,-0.0106526,0.503979,-0.0059855,9.6223
1770178398152732505,0.676555,0.000264863,0.00794867,-0.736349,-0.00745685,-0.0330232,-0.00213053,0.828394,0.21069,9.54808
1770178398172810421,0.676525,9.46974e-05,0.00767383,-0.736379,-0.0170442,-0.00852211,0,1.0343,0.159214,9.53491
1770178398192882834,0.676503,4.86565e-05,0.00769199,-0.7364,-0.0234358,0.00745685,0.00319579,0.839168,0.0538695,9.58998
1770178398212961838,0.676475,0.000161421,0.00816078,-0.73642,-0.0468716,0.052198,-0.00213053,0.477643,-0.112527,9.5373
1770178398233036235,0.676519,0.000429361,0.00882654,-0.736372,-0.0330232,0.0490022,-0.00426106,-0.0969652,-0.333991,9.54688
1770178398253109127,0.676471,0.000763531,0.00944431,-0.736408,-0.0127832,0.0479369,0.00426106,-0.543484,-0.535104,9.40083
1770178398273186723,0.676462,0.0010414,0.00979893,-0.736412,-0.00213053,0.00532632,-0.00639159,-0.895431,-0.647632,9.40323
1770178398293264544,0.676439,0.00118309,0.0098934,-0.736431,0.0149137,-0.0127832,-0.00426106,-0.985214,-0.641646,9.42358
1770178398313340668,0.676477,0.00113694,0.00965413,-0.736399,0.00958738,-0.0628506,-0.0106526,-0.73502,-0.372298,9.5373
1770178398333415129,0.676475,0.000944893,0.00924383,-0.736407,0.00852211,-0.076699,0,-0.180762,-0.233435,9.57202
1770178398353492021,0.676498,0.000703296,0.00875011,-0.736392,0.00319579,-0.0628506,-0.00532632,0.295684,0.0646434,9.63427
1770178398373571378,0.676471,0.000445006,0.00830247,-0.736422,0,-0.0298274,0.00106526,0.658405,0.0562637,9.60075
1770178398393649198,0.676491,0.000327622,0.00796399,-0.736408,-0.0149137,0.00958738,0.00106526,0.744597,0.0694318,9.54449
1770178398413726123,0.676478,0.000353811,0.00791364,-0.73642,-0.0170442,0.0266316,0.00213053,0.673968,0.059855,9.52054
1770178398433802567,0.676469,0.000493253,0.00827417,-0.736424,-0.0330232,0.0319579,-0.0117179,0.408211,-0.011971,9.54089
1770178398453880100,0.676414,0.000596791,0.00867248,-0.73647,-0.0351537,0.0340885,-0.0170442,-0.0287304,-0.39624,9.52413
1770178398473956448,0.676435,0.000802889,0.00918817,-0.736445,-0.0170442,0.00958738,0.00852211,-0.506374,-0.44173,9.48463
1770178398494033341,0.676421,0.00102652,0.00950924,-0.736453,0.0106526,-0.00639159,-0.00852211,-0.733823,-0.579397,9.46308
1770178398514109721,0.676421,0.00115159,0.00959523,-0.736452,-0.00319579,-0.00745685,-0.00958738,-0.749385,-0.420182,9.46907
1770178398534187029,0.67638,0.00108292,0.00950554,-0.736491,-0.00532632,-0.0287621,-0.0170442,-0.481235,-0.405817,9.61272
1770178398554266674,0.676391,0.000891336,0.00926036,-0.736484,0.00639159,-0.036219,-0.00852211,-0.141258,-0.250194,9.578
1770178398574337230,0.676395,0.00064573,0.00884463,-0.736486,0.00213053,-0.0372843,0.00426106,0.274136,-0.260968,9.4547
1770178398594413899,0.676417,0.000533647,0.00848717,-0.736469,0.0191748,-0.0394148,-0.00319579,0.481235,0.0167594,9.52413
1770178398614492487,0.676384,0.000482922,0.00822851,-0.736503,-0.00426106,-0.00639159,-0.00426106,0.653617,-0.00957681,9.53132
1770178398634567012,0.676373,0.000515101,0.00826324,-0.736513,-0.02024,0.00426106,-0.00852211,0.465672,-0.0514753,9.53012
1770178398654646368,0.676349,0.000585369,0.00848629,-0.736533,-0.0138484,0.0181095,0.00106526,0.25618,-0.19393,9.5385
1770178398674724186,0.676363,0.000765935,0.00877513,-0.736516,-0.00426106,0.0149137,-0.0213053,-0.1652,-0.23942,9.50498
1770178398694804949,0.676346,0.000941709,0.00900719,-0.736528,-0.0191748,0.04048,-0.0213053,-0.391452,-0.348356,9.50019
1770178398714881999,0.676338,0.00110951,0.00923638,-0.736532,-0.0138484,0.0213053,-0.00958738,-0.587777,-0.316035,9.46069
1770178398734959785,0.676286,0.00115298,0.0093526,-0.736579,-0.00106526,-0.00958738,-0.00745685,-0.579397,-0.395043,9.54209
1770178398755032996,0.676329,0.0010445,0.0092153,-0.736541,0.00639159,-0.0681769,0.00213053,-0.344765,-0.302867,9.48822
1770178398775112318,0.676303,0.000855466,0.00892939,-0.736569,0.00106526,-0.0553937,-0.00319579,-0.0347159,-0.2478,9.52294
1770178398795182585,0.676302,0.000708448,0.00864543,-0.736574,0.00106526,-0.0394148,-0.00426106,0.250194,-0.0586579,9.58638
1770178398815260339,0.676269,0.000553546,0.00845174,-0.736606,-0.00745685,-0.00639159,-0.00745685,0.464475,-0.199916,9.59117
1770178398835336653,0.676275,0.000503185,0.00837917,-0.736601,-0.00852211,-0.00852211,-0.0138484,0.379481,-0.0275333,9.58279
1770178398855416168,0.676248,0.000540466,0.00841688,-0.736626,-0.00639159,-0.00319579,-0.0127832,0.349553,-0.190339,9.49899
1770178398875493346,0.676278,0.000605557,0.00855449,-0.736597,-0.0266316,-0.00213053,-0.0170442,0.0646434,-0.0909797,9.51575
1770178398895566813,0.676227,0.000725331,0.00880611,-0.73664,-0.0170442,0.0181095,-0.00852211,-0.135272,-0.390255,9.44273
1770178398915640855,0.676224,0.000917358,0.00910402,-0.736639,-0.00106526,0.00319579,-0.00213053,-0.383072,-0.332794,9.44632
1770178398935717586,0.676209,0.00100678,0.00919746,-0.736651,-0.00319579,-0.00426106,0.00106526,-0.45011,-0.462081,9.4966
1770178398955795852,0.676235,0.00107549,0.00916965,-0.736628,-0.00532632,-0.0330232,-0.00213053,-0.42138,-0.241814,9.49181
1770178398975869286,0.676197,0.000950151,0.00900587,-0.736665,0.00532632,-0.0372843,-0.00213053,-0.0993594,-0.391452,9.46667
1770178398995949377,0.676199,0.000829323,0.008839,-0.736666,0.00106526,-0.0415453,-0.00958738,0.011971,-0.228646,9.53012
1770178399016034716,0.676168,0.000687617,0.00870531,-0.736695,-0.00106526,-0.0106526,-0.00852211,0.187945,-0.269348,9.48463
1770178399036151095,0.676192,0.00060977,0.00846315,-0.736677,-0.00106526,-0.0191748,-0.00319579,0.248997,-0.0035913,9.50857
1770178399056225681,0.676148,0.000553705,0.00838519,-0.736718,-0.00426106,-0.00213053,-0.0138484,0.316035,-0.105345,9.52054
1770178399076304492,0.676151,0.000566082,0.00850402,-0.736714,-0.0372843,0.0308927,-0.00532632,0.153229,-0.0742203,9.48942
1770178399096382662,0.67611,0.00058466,0.00870863,-0.736749,-0.00852211,0.00639159,-0.00745685,0.0682347,-0.286107,9.52174
1770178399116467841,0.676135,0.000689152,0.00892986,-0.736724,-0.0181095,0.00639159,0,-0.257377,-0.23104,9.53012
1770178399136544091,0.676123,0.000791901,0.0089958,-0.736733,0.00426106,-0.00745685,-0.0127832,-0.311246,-0.361524,9.5373
1770178399156621878,0.676125,0.000849341,0.00905043,-0.736731,-0.00852211,-0.015979,-0.00958738,-0.254982,-0.35913,9.45231
1770178399176697872,0.676089,0.000831629,0.00905846,-0.736764,0.0138484,0.00213053,-0.0191748,-0.225055,-0.444124,9.47146
1770178399196776042,0.676099,0.000786117,0.00896514,-0.736756,-0.00106526,-0.0458064,-0.00639159,-0.0885855,-0.299275,9.50977
1770178399216849221,0.676086,0.000687796,0.00871887,-0.736771,0.0213053,-0.04048,-0.00745685,0.0802058,-0.199916,9.54089
1770178399236919967,0.676097,0.000655342,0.00854412,-0.736763,-0.0127832,-0.0170442,-0.00852211,0.220267,-0.0143652,9.51456
1770178399256990649,0.676052,0.000617359,0.00851955,-0.736804,-0.0191748,-0.0117179,-0.00319579,0.28491,-0.167594,9.49181
1770178399277078548,0.676042,0.000636519,0.00858772,-0.736812,-0.0234358,-0.00426106,-0.00426106,0.208296,-0.0814029,9.55526
1770178399297161807,0.676015,0.000630959,0.00870214,-0.736836,-0.0181095,0.00319579,-0.00639159,0.0574608,-0.274136,9.50378
1770178399317248649,0.676046,0.000707498,0.00880988,-0.736806,-0.0181095,-0.00106526,-0.00852211,-0.105345,-0.171185,9.4547
1770178399337331652,0.675998,0.00075446,0.00893073,-0.736849,-0.00426106,0.00426106,-0.015979,-0.190339,-0.312443,9.49181
1770178399357408318,0.67598,0.000818755,0.00905829,-0.736864,-0.00532632,-0.0266316,-0.0117179,-0.211887,-0.342371,9.54449
1770178399377490649,0.675956,0.000792919,0.00909115,-0.736886,0,-0.0149137,0.00106526,-0.243011,-0.464475,9.39964
1770178399397570035,0.67599,0.00074281,0.00897803,-0.736856,0.00213053,-0.0234358,-0.00639159,-0.172383,-0.226252,9.47625
1770178399417647662,0.675975,0.000673684,0.00882691,-0.736871,-0.00213053,-0.0149137,-0.00745685,0.0347159,-0.183156,9.50737
1770178399437726408,0.675974,0.000626671,0.00866564,-0.736874,-0.00958738,-0.00319579,-0.0117179,0.11971,-0.0514753,9.55047
1770178399457803747,0.675945,0.000578232,0.00861873,-0.736901,0,-0.0330232,-0.0127832,0.215478,-0.217872,9.49899
1770178399477880605,0.675971,0.000584674,0.00860927,-0.736878,-0.00426106,-0.00213053,-0.00213053,0.131681,-0.187945,9.51575
1770178399497953335,0.675948,0.000610257,0.00862882,-0.736899,0,-0.00426106,-0.0149137,0.0395043,-0.203507,9.51216
1770178399518031250,0.675952,0.00065932,0.00869849,-0.736894,-0.015979,0.0117179,-0.00745685,-0.0490811,-0.201113,9.43675
1770178399538108396,0.6759,0.000685347,0.00883096,-0.736941,-0.00426106,-0.0106526,-0.0117179,-0.129287,-0.397437,9.50737
1770178399558181127,0.67591,0.000735053,0.00893668,-0.73693,-0.00639159,-0.0106526,-0.00958738,-0.2478,-0.325611,9.47146
1770178399578260417,0.675904,0.000748936,0.00893446,-0.736935,-0.00532632,-0.0138484,0,-0.234632,-0.37589,9.56244
1770178399598330619,0.675918,0.000710518,0.00881111,-0.736924,-0.00958738,-0.00745685,-0.00213053,-0.154426,-0.143652,9.49181
1770178399618405238,0.67589,0.000653822,0.00872194,-0.736951,-0.0106526,-0.0255663,-0.0127832,0.0023942,-0.238223,9.53491
1770178399638481392,0.675892,0.000590837,0.0086912,-0.736949,-0.00852211,-0.0394148,-0.00426106,0.0203507,-0.110133,9.58399
1770178399658559627,0.675883,0.000556362,0.00866363,-0.736958,-0.00319579,-0.02024,-0.00852211,0.116119,-0.225055,9.48104
1770178399678638405,0.675902,0.000585416,0.00863051,-0.736941,-0.00532632,-0.00106526,-0.00426106,0.0957681,-0.125696,9.51336
1770178399698718944,0.675885,0.000582784,0.00863629,-0.736956,0.00213053,-0.00852211,-0.00426106,0.148441,-0.282516,9.49181
1770178399718800154,0.675877,0.000574508,0.00871164,-0.736962,-0.0127832,0.0138484,-0.00958738,0.0347159,-0.302867,9.57202
1770178399738881653,0.67587,0.000593461,0.00884712,-0.736967,-0.00106526,0.00213053,-0.00639159,-0.0849942,-0.429759,9.54808
1770178399758958031,0.675888,0.000703734,0.00894659,-0.73695,0,0.0106526,-0.00426106,-0.250194,-0.240617,9.52653
1770178399779042634,0.675869,0.000759828,0.00893838,-0.736967,-0.00319579,0.00745685,-0.00319579,-0.1652,-0.266953,9.55167
1770178399799120324,0.675867,0.000738805,0.00889191,-0.73697,0.00852211,-0.02024,-0.00639159,-0.129287,-0.104148,9.65222
1770178399819198015,0.675825,0.000659528,0.00884588,-0.737009,-0.00745685,-0.0149137,-0.0127832,-0.0526724,-0.252588,9.51935
1770178399839275833,0.675852,0.000642748,0.00876665,-0.736985,-0.00213053,-0.0223706,-0.00426106,0.0167594,-0.181959,9.51695
1770178399859349011,0.675841,0.00064404,0.0086988,-0.736995,-0.00745685,-0.00106526,-0.00745685,0.0826,-0.235829,9.51336
1770178399879427214,0.675835,0.000687169,0.00868237,-0.737002,-0.0127832,-0.0117179,-0.00426106,0.143652,-0.101754,9.58758
1770178399899502152,0.675799,0.00064921,0.00873707,-0.737034,-0.0223706,-0.00745685,-0.0117179,0.106542,-0.302867,9.52413
1770178399919576195,0.675805,0.000615823,0.00876262,-0.737028,-0.0117179,-0.0117179,0,-0.0538695,-0.258574,9.54449
1770178399939648573,0.675813,0.000635029,0.0088339,-0.73702,0.00213053,-0.00745685,0,-0.094571,-0.344765,9.49062
1770178399959724311,0.675831,0.000696822,0.00886278,-0.737003,-0.015979,-0.00532632,-0.0127832,-0.169988,-0.20231,9.47625
1770178399979802290,0.675773,0.000719631,0.00888179,-0.737056,-0.0127832,-0.0181095,-0.0117179,-0.0778116,-0.289698,9.578
1770178399999882700,0.67576,0.000667487,0.00886427,-0.737068,-0.00958738,-0.0383495,-0.00745685,-0.106542,-0.203507,9.48224
1770178400019953831,0.675747,0.000633346,0.00881385,-0.737081,-0.00426106,-0.00319579,0.00213053,-0.0778116,-0.328006,9.51097
1770178400040027745,0.675758,0.000629064,0.00871001,-0.737072,-0.00958738,-0.0117179,-0.0106526,0.0155623,-0.136469,9.50618
1770178400060103643,0.675728,0.000616582,0.00866429,-0.7371,-0.0117179,-0.00639159,-0.00106526,0.0861913,-0.233435,9.53491
1770178400080179062,0.675729,0.000621591,0.00869534,-0.737098,-0.0117179,-0.00213053,-0.0170442,0.106542,-0.223858,9.45829
1770178400100255152,0.6757,0.000583805,0.00875,-0.737124,0,-0.0223706,-0.00426106,0.0383072,-0.32202,9.50498
1770178400120330827,0.67571,0.00060668,0.00878398,-0.737115,-0.0213053,0.00532632,-0.00213053,-0.117316,-0.203507,9.55885
1770178400140409925,0.675687,0.000628223,0.00876952,-0.737136,-0.0106526,-0.0276969,-0.00213053,-0.0742203,-0.213084,9.5385
1770178400160490016,0.675667,0.000628839,0.00883586,-0.737154,-0.0298274,-0.00319579,-0.0138484,-0.0814029,-0.148441,9.578
1770178400180565274,0.675614,0.000600475,0.00890093,-0.737202,-0.0234358,0.00745685,0,-0.108936,-0.281319,9.56843
1770178400200646357,0.675631,0.000628984,0.00892172,-0.737186,-0.0106526,-0.0170442,-0.00745685,-0.102951,-0.266953,9.51216
1770178400220725071,0.675613,0.000645525,0.0088515,-0.737203,-0.00745685,-0.02024,-0.0106526,-0.0347159,-0.238223,9.46189
1770178400240812266,0.6756,0.000631141,0.00874973,-0.737216,-0.00213053,-0.0213053,0.00106526,-0.0023942,-0.159214,9.38168
1770178400260895236,0.675551,0.000595419,0.00873866,-0.737261,-0.00426106,-0.0149137,-0.0138484,0.110133,-0.337582,9.51336
1770178400280973183,0.675563,0.000601545,0.00877177,-0.73725,-0.00745685,0,-0.00532632,0.0371101,-0.229843,9.50857
1770178400301052857,0.67555,0.000641909,0.00880988,-0.737261,-0.00532632,0.00213053,-0.00958738,-0.00957681,-0.25618,9.49301
1770178400321129396,0.675569,0.000685179,0.00877833,-0.737244,-0.00958738,0.00426106,0,-0.0167594,-0.101754,9.61033
1770178400341206958,0.675548,0.000671848,0.00878716,-0.737263,-0.0106526,-0.0234358,-0.0106526,-0.0131681,-0.244209,9.57322
1770178400361285129,0.675543,0.000680989,0.00885961,-0.737267,-0.00213053,-0.0106526,-0.0106526,-0.0826,-0.222661,9.52294
1770178400381357283,0.675528,0.00070096,0.00891721,-0.73728,-0.0127832,0.00639159,-0.0138484,-0.0981623,-0.355539,9.45829
1770178400401435037,0.675553,0.000731934,0.00890225,-0.737257,0.00319579,-0.0149137,0.0117179,-0.116119,-0.160412,9.51815
1770178400421515000,0.675528,0.000706029,0.00885728,-0.737281,-0.00213053,-0.015979,-0.00852211,0.0179565,-0.259771,9.44872
1770178400441593042,0.675513,0.000640334,0.00881225,-0.737295,-0.0170442,-0.02024,-0.0106526,0.0658405,-0.226252,9.51695
1770178400461671405,0.675481,0.000604992,0.00880138,-0.737324,-0.0181095,0.0106526,-0.0127832,0.0227449,-0.353145,9.45949
1770178400481745415,0.675499,0.000604337,0.008798,-0.737308,-0.00532632,-0.00426106,0.00532632,-0.0407014,-0.160412,9.4966
1770178400501820002,0.675473,0.000656166,0.00883879,-0.737332,-0.0191748,0.00745685,0.00106526,0.0227449,-0.179565,9.58878
1770178400521897308,0.675473,0.000673396,0.00886418,-0.737331,-0.0191748,-0.00745685,0.00852211,-0.0215478,-0.101754,9.4978
1770178400541975254,0.675444,0.000626456,0.00888878,-0.737358,-0.0181095,-0.00106526,-0.00745685,-0.0634463,-0.263362,9.56005
1770178400562053457,0.675467,0.000644373,0.00892776,-0.737336,0,-0.0106526,-0.0106526,-0.0897826,-0.258574,9.46548
1770178400582131723,0.675457,0.000676312,0.00894221,-0.737345,-0.0181095,-0.00319579,-0.00426106,-0.0682347,-0.27653,9.51815
1770178400602210182,0.675464,0.000723429,0.00888748,-0.737339,-0.00852211,-0.0106526,-0.00639159,-0.047884,-0.217872,9.43196
1770178400622289344,0.675426,0.000708349,0.00892367,-0.737374,0.00106526,-0.0266316,-0.00852211,0.0323217,-0.397437,9.57561
1770178400642367387,0.67545,0.000644943,0.00892627,-0.737352,-0.00426106,-0.0276969,0,0.0275333,-0.310049,9.49301
1770178400662446837,0.675433,0.000629657,0.00884335,-0.737368,-0.00106526,-0.0255663,-0.00532632,-0.0514753,-0.246603,9.52773
1770178400682525584,0.675437,0.000649646,0.00880752,-0.737365,-0.00213053,-0.0127832,-0.00426106,0.0275333,-0.123301,9.52413
1770178400702603594,0.675417,0.000672683,0.00885416,-0.737382,-0.0213053,-0.0223706,-0.00958738,0.0754174,-0.215478,9.55047
1770178400722681541,0.675417,0.00067086,0.00893981,-0.737382,-0.015979,-0.00852211,-0.0106526,-0.0299275,-0.213084,9.52413
1770178400742764831,0.675398,0.000642412,0.00895674,-0.737398,-0.0245011,-0.0266316,0.00319579,-0.0203507,-0.33878,9.56005
1770178400762840858,0.675428,0.000683875,0.00889821,-0.737372,0.00106526,-0.0138484,-0.00745685,-0.0873884,-0.203507,9.50378
1770178400782915188,0.675394,0.00069485,0.00887679,-0.737404,-0.0127832,-0.0138484,-0.00106526,-0.0335188,-0.253785,9.54089
1770178400802988686,0.675378,0.000672455,0.00887559,-0.737418,-0.0138484,0,-0.00639159,0.0023942,-0.268151,9.48702
1770178400823062281,0.675361,0.00065026,0.0089182,-0.737433,-0.00319579,-0.0255663,-0.00852211,-0.0658405,-0.314838,9.46308
1770178400843132451,0.675406,0.000672788,0.00890838,-0.737392,-0.00745685,-0.00106526,0.00106526,-0.0790087,-0.159214,9.50378
1770178400863210749,0.675382,0.000672819,0.00884166,-0.737415,0.00106526,-0.0138484,-0.0106526,0.0143652,-0.184354,9.54808
1770178400883285592,0.675368,0.000668681,0.00879896,-0.737428,-0.0138484,-0.00106526,-0.0117179,0.0646434,-0.180762,9.53371
1770178400903363730,0.675353,0.000656422,0.00885859,-0.737441,-0.0106526,0.0106526,-0.00532632,0.00837971,-0.264559,9.44273
1770178400923442605,0.675372,0.000675688,0.00889791,-0.737424,-0.00639159,-0.00639159,-0.00106526,-0.0490811,-0.232238,9.52054
1770178400943517127,0.67537,0.000698582,0.00888423,-0.737425,-0.0149137,-0.015979,0,-0.0622492,-0.262165,9.50259
1770178400963593794,0.675376,0.000680531,0.00882984,-0.73742,-0.00852211,-0.0223706,-0.00213053,-0.0646434,-0.142455,9.55526
1770178400983674108,0.675326,0.000671388,0.0088285,-0.737467,-0.0117179,0.00426106,-0.00532632,-0.0323217,-0.299275,9.44872
1770178401003749559,0.675337,0.000652472,0.00885323,-0.737456,0.00426106,-0.00852211,-0.00639159,-0.0395043,-0.314838,9.47984
1770178401023829873,0.675326,0.00065728,0.00883105,-0.737466,0.00106526,-0.00852211,0.00532632,-0.0371101,-0.287304,9.57441
1770178401043908747,0.675336,0.000688593,0.00879882,-0.737458,-0.00426106,-0.00958738,-0.0117179,-0.0131681,-0.0969652,9.56723
1770178401063988006,0.675318,0.000670395,0.00872078,-0.737475,-0.015979,-0.0383495,-0.0117179,0.0670376,-0.197522,9.5816
1770178401084067008,0.67532,0.00063146,0.00869925,-0.737473,-0.00532632,-0.0266316,-0.00745685,0.0407014,-0.197522,9.56603
1770178401104141275,0.675299,0.000660532,0.00874549,-0.737492,-0.0138484,-0.015979,0.00426106,-0.0263362,-0.286107,9.44273
1770178401124218421,0.675318,0.000720067,0.00877122,-0.737474,-0.00745685,-0.00958738,0.00106526,-0.023942,-0.153229,9.53012
1770178401144291472,0.675288,0.000738595,0.0087796,-0.737502,-0.0170442,-0.00319579,-0.015979,0.0059855,-0.220267,9.56005
1770178401164365738,0.675275,0.000714517,0.00878251,-0.737514,-0.00532632,-0.00319579,-0.0106526,0.0011971,-0.19393,9.49301
1770178401184444868,0.675252,0.000680903,0.00881794,-0.737535,-0.0138484,-0.0106526,-0.00958738,-0.0227449,-0.392649,9.51336
1770178401204517599,0.675265,0.000710165,0.00882264,-0.737522,-0.015979,0.00213053,-0.00106526,-0.105345,-0.166397,9.49301
1770178401224594649,0.675248,0.000742221,0.00880472,-0.737538,0.00319579,-0.0255663,-0.00639159,0.0287304,-0.213084,9.5397
1770178401244674100,0.675251,0.000736981,0.00879814,-0.737535,-0.0213053,-0.0298274,-0.00532632,0.0383072,-0.159214,9.58758
1770178401264750830,0.675217,0.000681715,0.00878802,-0.737566,-0.00745685,0.0127832,0.00319579,-0.0155623,-0.31364,9.49899
1770178401284826633,0.675231,0.000657524,0.00877613,-0.737553,0.00106526,-0.0223706,-0.00852211,-0.0454898,-0.2478,9.56005
1770178401304902627,0.67522,0.00068697,0.00876142,-0.737564,-0.0106526,-0.00426106,-0.0127832,-0.0167594,-0.243011,9.53012
1770178401324976829,0.675224,0.000751208,0.00879941,-0.73756,-0.00426106,0.02024,0.00426106,-0.0514753,-0.140061,9.59117
1770178401345055512,0.675201,0.000749532,0.00886427,-0.73758,-0.00852211,0.00426106,-0.00852211,0.00957681,-0.32202,9.50977
1770178401365131922,0.675213,0.000696879,0.00886983,-0.737569,-0.00852211,-0.0106526,0.00319579,-0.0909797,-0.305261,9.50378
1770178401385206189,0.675199,0.000698805,0.00884113,-0.737583,-0.00106526,-0.02024,-0.00745685,-0.0993594,-0.301669,9.56484
1770178401405279175,0.675192,0.000751774,0.00885028,-0.737588,-0.00319579,-0.00213053,-0.00106526,-0.0442927,-0.130484,9.56603
1770178401425350241,0.675177,0.000763994,0.00886873,-0.737602,-0.0106526,0.00106526,0.00106526,0.0131681,-0.221464,9.50618
1770178401445422428,0.675179,0.000736054,0.00890619,-0.7376,-0.0138484,-0.0234358,-0.0117179,0.0299275,-0.262165,9.51575
1770178401465497718,0.675179,0.000701407,0.00888639,-0.7376,-0.00106526,-0.0138484,-0.00426106,-0.0299275,-0.251391,9.49062
1770178401485575473,0.67519,0.000722919,0.00881017,-0.737591,0.0191748,-0.036219,-0.00639159,-0.0418985,-0.159214,9.48343
1770178401505652043,0.675177,0.000749466,0.00879729,-0.737603,-0.0117179,-0.0106526,-0.00213053,0.0215478,-0.219069,9.55167
1770178401525730597,0.675169,0.000778038,0.00886737,-0.73761,-0.0106526,0.00213053,-0.00639159,0.00837971,-0.222661,9.48702
1770178401545802304,0.675155,0.000747411,0.00892535,-0.737622,-0.00213053,-0.00745685,0.00639159,-0.0011971,-0.402226,9.41999
1770178401565880346,0.675179,0.000748762,0.00891828,-0.7376,-0.0117179,-0.00106526,-0.00213053,-0.0814029,-0.192733,9.46428
1770178401585956821,0.675155,0.000752025,0.00886148,-0.737623,-0.00639159,-0.00106526,-0.0117179,-0.0418985,-0.21069,9.48224
1770178401606035983,0.675144,0.000773695,0.00883569,-0.737633,-0.0138484,-0.015979,-0.0138484,-0.0023942,-0.123301,9.67736
1770178401626112554,0.67512,0.000763722,0.00889265,-0.737654,-0.0170442,-0.00852211,-0.02024,0.0011971,-0.283713,9.5373
1770178401646190852,0.675129,0.000744763,0.00891426,-0.737645,-0.00745685,-0.0149137,-0.00532632,-0.0466869,-0.248997,9.47864
1770178401666268190,0.675143,0.000728407,0.00887304,-0.737633,0.00213053,-0.0170442,0.00213053,-0.023942,-0.221464,9.56843
1770178401686345337,0.67515,0.000758074,0.00882439,-0.737627,-0.00213053,-0.00213053,-0.0191748,0,-0.108936,9.43076
1770178401706420915,0.675107,0.000736416,0.00884326,-0.737666,-0.00319579,-0.02024,-0.0127832,0.0454898,-0.294487,9.47146
1770178401726498990,0.675115,0.000760087,0.00890086,-0.737658,-0.015979,-0.00532632,0.00213053,-0.0502782,-0.295684,9.45829
1770178401746576744,0.675115,0.000783275,0.00892629,-0.737658,-0.0106526,0.00213053,-0.00319579,-0.0778116,-0.272939,9.51935
1770178401766651107,0.675127,0.000809384,0.00887978,-0.737647,0.00106526,0.00213053,-0.00958738,-0.0586579,-0.117316,9.48343
1770178401786729021,0.675102,0.00078007,0.00884675,-0.737671,-0.0191748,-0.0191748,-0.0138484,0.0143652,-0.264559,9.60673
1770178401806804951,0.675108,0.000757448,0.00889294,-0.737665,-0.0149137,-0.0372843,-0.0170442,-0.0550666,-0.208296,9.51935
1770178401826883634,0.675104,0.00076815,0.0089441,-0.737668,0.00852211,0,-0.00639159,-0.0179565,-0.283713,9.56723
1770178401846960108,0.675134,0.000784477,0.0088981,-0.737641,-0.00106526,-0.0138484,-0.00106526,-0.0538695,-0.1652,9.55406
1770178401867035879,0.675106,0.000755343,0.00885825,-0.737667,-0.015979,-0.00106526,-0.0117179,0.0383072,-0.238223,9.48104
1770178401887117377,0.675116,0.000709484,0.00882591,-0.737659,-0.00958738,-0.0138484,-0.00426106,0.0311246,-0.220267,9.50378
1770178401907191932,0.675066,0.000674129,0.00883636,-0.737704,-0.00958738,-0.0117179,-0.0138484,-0.0107739,-0.383072,9.53012
1770178401927270422,0.675095,0.000705337,0.00887557,-0.737677,-0.00852211,-0.00319579,-0.00213053,-0.0897826,-0.198719,9.48942
1770178401947345233,0.67508,0.000735303,0.00885839,-0.737691,0.00426106,-0.00745685,0.00532632,-0.0418985,-0.223858,9.54808
1770178401967422027,0.67506,0.000745811,0.0088213,-0.73771,-0.00426106,-0.0255663,-0.0191748,-0.0790087,-0.107739,9.49181
1770178401987499077,0.675036,0.000677647,0.00881416,-0.737732,-0.0149137,0.00426106,-0.00852211,-0.0287304,-0.283713,9.56364
1770178402007577280,0.675052,0.000669401,0.00881706,-0.737718,0.00319579,-0.0170442,-0.0223706,-0.0790087,-0.271742,9.48104
1770178402027657658,0.675031,0.000717854,0.00881216,-0.737736,0.00639159,-0.00213053,-0.00958738,-0.00957681,-0.243011,9.48343
1770178402047737653,0.675051,0.00074276,0.00880438,-0.737718,-0.0106526,-0.0149137,-0.00106526,-0.0155623,-0.147243,9.51575
1770178402067812719,0.675012,0.000674391,0.00879276,-0.737755,-0.0223706,-0.0234358,-0.00426106,0.0562637,-0.311246,9.47266
1770178402087890762,0.674999,0.000638428,0.00878369,-0.737766,-0.00532632,-0.0117179,-0.00532632,-0.0395043,-0.271742,9.50498
1770178402107970788,0.674991,0.000652317,0.00880928,-0.737773,-0.0127832,-0.0117179,-0.00106526,-0.0694318,-0.266953,9.56603
1770178402128048095,0.675016,0.000733648,0.00881442,-0.73775,0.00532632,-0.0149137,-0.0106526,-0.0442927,-0.167594,9.51336
1770178402148124985,0.674975,0.000720858,0.00883868,-0.737787,-0.00958738,-0.0117179,-0.0170442,0.0167594,-0.244209,9.63427
1770178402168203700,0.674974,0.00066031,0.00881973,-0.737789,-0.0106526,-0.00958738,-0.00958738,-0.0251391,-0.228646,9.47505
1770178402188277102,0.67495,0.000636036,0.0088134,-0.73781,-0.00426106,0.00532632,-0.00958738,-0.0550666,-0.280122,9.43675
1770178402208356840,0.674943,0.000670785,0.00876143,-0.737817,-0.00852211,-0.00426106,-0.00852211,-0.0646434,-0.149638,9.52413
1770178402228431459,0.674924,0.000688951,0.00877815,-0.737835,-0.00213053,-0.0191748,-0.00852211,0.0047884,-0.21069,9.55047
1770178402248510269,0.674928,0.000675972,0.00880258,-0.737831,-0.0138484,-0.00319579,-0.015979,0.0526724,-0.227449,9.44752
1770178402268586200,0.67489,0.000590503,0.00876318,-0.737866,-0.0191748,-0.015979,-0.0127832,-0.011971,-0.348356,9.50139
1770178402288670642,0.674909,0.00059132,0.0087137,-0.737849,-0.00426106,0.00426106,0.00213053,-0.0993594,-0.201113,9.48104
1770178402308747917,0.674898,0.00063992,0.0087238,-0.737859,-0.00532632,0.00532632,0.00213053,-0.00837971,-0.186748,9.47625
1770178402328826023,0.674889,0.000660436,0.00872203,-0.737868,-0.00745685,-0.0287621,-0.0117179,-0.0011971,-0.110133,9.578
1770178402348904066,0.674846,0.000607416,0.00872294,-0.737907,-0.0127832,0,-0.00532632,0.0011971,-0.252588,9.52892
1770178402368978044,0.674849,0.000573709,0.00870263,-0.737904,0,-0.0191748,-0.00639159,-0.0861913,-0.268151,9.47864
1770178402389056374,0.674826,0.000609644,0.00871315,-0.737926,-0.0149137,0.00426106,0,-0.0179565,-0.198719,9.47146
1770178402409132977,0.674831,0.000648447,0.00868485,-0.737921,-0.0170442,-0.00639159,-0.00639159,-0.00957681,-0.162806,9.47146
1770178402429212267,0.674793,0.000616147,0.00870375,-0.737955,-0.0106526,-0.0234358,-0.0149137,0.059855,-0.308852,9.49301
1770178402449290918,0.674778,0.000577417,0.00871216,-0.737969,-0.0127832,-0.00213053,-0.00639159,-0.0203507,-0.281319,9.50857
1770178402469369792,0.674762,0.000572028,0.00870381,-0.737984,-0.00319579,-0.0298274,-0.0106526,-0.0299275,-0.263362,9.45949
1770178402489447579,0.674797,0.000614218,0.00869839,-0.737952,-0.015979,-0.0223706,0.00426106,-0.0395043,-0.203507,9.51695
1770178402509526773,0.674758,0.000653242,0.00870308,-0.737987,-0.0138484,-0.00426106,-0.00532632,-0.0011971,-0.27653,9.46667
1770178402529604816,0.674738,0.000625765,0.00873721,-0.738006,-0.0234358,-0.00958738,-0.0138484,-0.0131681,-0.251391,9.47864
1770178402549683306,0.674717,0.000571616,0.00875009,-0.738025,-0.00745685,0.00213053,-0.00319579,-0.0933739,-0.32202,9.55526
1770178402569771941,0.674739,0.000585386,0.00870241,-0.738005,-0.0127832,-0.00106526,-0.0117179,-0.0634463,-0.166397,9.4978
1770178402589852639,0.674715,0.000597475,0.00870089,-0.738027,-0.0149137,-0.0106526,-0.00213053,0.0407014,-0.227449,9.42717
1770178402609935834,0.674719,0.000581705,0.00875297,-0.738023,-0.0287621,-0.00639159,-0.00532632,-0.00718261,-0.253785,9.4571
1770178402630014036,0.674703,0.000557532,0.00878515,-0.738037,-0.0149137,0.00319579,-0.00639159,-0.0023942,-0.317232,9.57681
1770178402650091631,0.674717,0.000543909,0.00871604,-0.738024,0.00532632,-0.00745685,-0.0149137,-0.0383072,-0.19393,9.56603
1770178402670171625,0.674704,0.000589432,0.00867973,-0.738037,-0.00639159,-0.0255663,-0.00426106,-0.0131681,-0.233435,9.48702
1770178402690250212,0.674705,0.000613898,0.00865976,-0.738037,-0.0127832,-0.0298274,-0.00426106,-0.0263362,-0.144849,9.60793
1770178402710328798,0.674689,0.000585732,0.00872846,-0.73805,-0.0223706,0.00106526,0,-0.0323217,-0.220267,9.52653
1770178402730404121,0.674709,0.000576525,0.00874428,-0.738032,-0.0223706,0,-0.00319579,-0.0754174,-0.216675,9.55765
1770178402750482707,0.674697,0.000581416,0.00870423,-0.738043,-0.00639159,-0.0255663,-0.0127832,-0.0383072,-0.263362,9.43675
1770178402770560942,0.674702,0.000587165,0.00866173,-0.738039,-0.00852211,-0.0213053,-0.0117179,-0.0538695,-0.123301,9.51336
1770178402790639240,0.67466,0.000569658,0.00867902,-0.738078,-0.0181095,-0.015979,-0.0117179,0.0371101,-0.243011,9.45949
1770178402810718435,0.674664,0.000558806,0.00877912,-0.738072,-0.0191748,-0.00639159,-0.00426106,-0.0383072,-0.274136,9.52174
1770178402830793917,0.674651,0.000573662,0.00876298,-0.738085,0,-0.00639159,-0.00639159,-0.0215478,-0.28491,9.48224
1770178402850871927,0.674665,0.000593043,0.00867912,-0.738073,-0.00639159,-0.0287621,-0.00319579,-0.0407014,-0.146046,9.56005
1770178402870947954,0.674652,0.000582549,0.00865247,-0.738085,-0.0223706,-0.0149137,-0.00106526,0.0562637,-0.299275,9.44872
1770178402891034380,0.674643,0.000566006,0.00870367,-0.738093,-0.00958738,-0.0138484,-0.0117179,-0.0430956,-0.237026,9.54568
1770178402911112039,0.674626,0.000569449,0.0087703,-0.738107,-0.00745685,-0.0170442,-0.0138484,-0.047884,-0.280122,9.51097
1770178402931187201,0.674662,0.00063634,0.00879007,-0.738074,-0.00532632,-0.00319579,-0.00106526,-0.0706289,-0.155623,9.52773
1770178402951264508,0.67463,0.000657569,0.00877177,-0.738104,-0.00532632,-0.00532632,-0.0149137,-0.0311246,-0.169988,9.54329
1770178402971341910,0.674621,0.000615503,0.00872545,-0.738113,0.00958738,0.00106526,-0.00532632,-0.0107739,-0.15682,9.44872
1770178402991416241,0.674599,0.00053217,0.00873261,-0.738132,-0.0170442,-0.0127832,-0.00213053,0.0035913,-0.348356,9.50618
1770178403011490859,0.674633,0.000557759,0.0087466,-0.738101,-0.00745685,-0.00213053,-0.00532632,-0.0191536,-0.222661,9.53371
1770178403031566341,0.674612,0.000614934,0.00875213,-0.738121,0.00106526,-0.02024,-0.0117179,-0.0502782,-0.246603,9.49421
1770178403051654944,0.674613,0.000607912,0.00875044,-0.738119,-0.00745685,-0.0351537,-0.0127832,0.0371101,-0.184354,9.4559
1770178403071734106,0.674573,0.000530633,0.00877147,-0.738156,-0.0117179,-0.00852211,-0.00745685,-0.0155623,-0.360327,9.48104
1770178403091808757,0.674598,0.000509968,0.00878261,-0.738133,0.00213053,-0.0127832,-0.00852211,-0.0885855,-0.215478,9.56124
1770178403111885839,0.674593,0.000550027,0.00882216,-0.738137,0.00213053,0,-0.0106526,-0.023942,-0.289698,9.55047
1770178403131968810,0.674606,0.00056309,0.00880385,-0.738125,-0.00106526,-0.0117179,-0.00532632,-0.0347159,-0.137667,9.5792
1770178403152050276,0.674585,0.000518256,0.00882093,-0.738145,-0.0223706,-0.0213053,0.00426106,0.0191536,-0.248997,9.48702
1770178403172120127,0.67458,0.000475058,0.00882973,-0.738149,-0.00426106,-0.0127832,-0.0127832,-0.0263362,-0.257377,9.53132
1770178403192196281,0.674579,0.000465577,0.00884454,-0.738149,-0.0117179,0,-0.00213053,-0.071826,-0.263362,9.49301
1770178403212279572,0.674583,0.000523505,0.00884634,-0.738145,0.00213053,-0.00958738,-0.0127832,-0.0191536,-0.146046,9.54449
1770178403232352494,0.674533,0.000542969,0.00884084,-0.738192,0.00532632,-0.00639159,-0.0170442,0.0335188,-0.298078,9.51695
1770178403252427112,0.674533,0.000506929,0.00885634,-0.738191,-0.02024,0,-0.00426106,-0.047884,-0.251391,9.52653
1770178403272505475,0.674492,0.000458326,0.00881478,-0.738229,0.00213053,-0.0213053,-0.00852211,-0.0634463,-0.28491,9.53371
1770178403292578525,0.674513,0.000496745,0.00879416,-0.73821,-0.0117179,-0.00213053,-0.00319579,-0.0814029,-0.162806,9.50139
1770178403312652888,0.674499,0.000547828,0.00882412,-0.738222,-0.00319579,-0.0245011,-0.00852211,0.0335188,-0.197522,9.61152
1770178403332733042,0.674501,0.000542716,0.00883046,-0.738221,-0.0117179,-0.00532632,-0.0106526,0.011971,-0.213084,9.48822
1770178403352806636,0.674485,0.000497048,0.00881957,-0.738236,-0.0170442,-0.0170442,-0.00213053,-0.0011971,-0.337582,9.57441
1770178403372889863,0.674484,0.000500359,0.00879906,-0.738237,-0.00958738,-0.00745685,-0.00319579,-0.0514753,-0.220267,9.46428
1770178403392968066,0.674459,0.000554832,0.00881529,-0.73826,-0.00852211,0.00852211,-0.00958738,-0.0407014,-0.203507,9.56124
1770178403413049180,0.674473,0.000604983,0.00880678,-0.738247,-0.00426106,-0.0287621,-0.00958738,-0.0167594,-0.141258,9.53491
1770178403433130423,0.674435,0.000570824,0.0088135,-0.738281,0.00213053,-0.0170442,0.00532632,0.0059855,-0.341174,9.5385
1770178403453209009,0.67443,0.000572543,0.00882578,-0.738286,-0.00852211,-0.00639159,0,-0.105345,-0.225055,9.52294
1770178403473290508,0.674417,0.000578907,0.00882685,-0.738297,0.00106526,0.00958738,-0.00213053,-0.0430956,-0.265756,9.52054
1770178403493370246,0.674441,0.000638356,0.00883866,-0.738276,-0.0245011,0.0117179,-0.00958738,-0.0311246,-0.12809,9.50378
1770178403513445824,0.674376,0.000633815,0.00885965,-0.738334,-0.0127832,-0.0181095,-0.0127832,-0.0167594,-0.32202,9.39485
1770178403533524635,0.674365,0.0006152,0.00888169,-0.738345,-0.0117179,-0.00852211,0.00319579,-0.0562637,-0.304064,9.47026
1770178403553601429,0.674341,0.000572484,0.00883109,-0.738367,-0.00319579,-0.0223706,-0.00532632,-0.0418985,-0.246603,9.47625
1770178403573683792,0.674352,0.000604259,0.00882581,-0.738357,-0.00745685,-0.00745685,-0.00213053,-0.0538695,-0.159214,9.49181
1770178403593764522,0.674318,0.000627937,0.00885199,-0.738388,-0.0149137,-0.0117179,-0.00852211,0.0885855,-0.245406,9.56484
1770178403613846213,0.674307,0.000576552,0.0088742,-0.738398,-0.0234358,-0.00319579,-0.00426106,-0.0263362,-0.251391,9.53132
1770178403633936800,0.6743,0.000542914,0.00887935,-0.738404,0.0106526,-0.00213053,-0.00319579,-0.035913,-0.292093,9.52653
1770178403654019962,0.67432,0.000531611,0.00882148,-0.738387,-0.00745685,-0.0149137,-0.00639159,-0.0371101,-0.191536,9.50977
1770178403674109813,0.674281,0.000558894,0.0088076,-0.738422,-0.00319579,-0.00426106,-0.0170442,-0.0287304,-0.216675,9.47026
1770178408707648330,0.672123,0.000164672,0.00852766,-0.74039,-0.00852211,-0.0127832,-0.0117179,-0.0778116,-0.270545,9.48224
1770178408727729316,0.672118,0.00022313,0.00846231,-0.740396,-0.00745685,-0.0181095,-0.00639159,-0.0814029,-0.153229,9.48224
1770178408747776638,0.672111,0.000301228,0.00839015,-0.740403,0.0468716,-0.0266316,-0.00213053,-0.0143652,-0.262165,9.54089
1770178408767858233,0.672095,0.000400942,0.00838663,-0.740417,-0.0191748,-0.0213053,-0.00852211,-0.0778116,-0.190339,9.42837
1770178408787929811,0.67214,0.00016825,0.0084688,-0.740376,-0.0330232,-0.0106526,0.00106526,-0.035913,-0.0849942,9.60075
1770178408808002317,0.672097,8.71292e-05,0.00840952,-0.740415,0.0117179,-0.0223706,-0.00958738,0.0849942,-0.28491,9.58638
1770178408828077320,0.672105,0.000154512,0.00833341,-0.740409,-0.00745685,-0.0287621,0,0.155623,-0.130484,9.61152
1770178408848155106,0.672105,6.28447e-05,0.00850628,-0.740407,-0.0372843,0.00745685,-0.00213053,0.0311246,-0.238223,9.46548
1770178408868234685,0.672081,6.82794e-05,0.00861252,-0.740428,0.00532632,-0.00426106,-0.0149137,-0.155623,-0.335188,9.60075
1770178408888312695,0.672106,0.000235969,0.00859531,-0.740405,0.00532632,-0.0234358,-0.00213053,-0.131681,-0.243011,9.39365
1770178408908386162,0.672109,0.000270962,0.00854889,-0.740403,0.00958738,-0.036219,0.00319579,-0.190339,-0.296881,9.52892
1770178408928463468,0.672106,0.000264481,0.00849263,-0.740406,-0.00532632,-0.0127832,-0.0127832,0.0203507,-0.138864,9.55167
1770178408948542535,0.672083,0.000122155,0.00849753,-0.740427,-0.0117179,0.00106526,-0.00426106,-0.011971,-0.263362,9.54688
1770178408968615073,0.672093,8.05044e-05,0.00850835,-0.740418,-0.0170442,-0.0245011,-0.00426106,0.104148,-0.225055,9.44991
1770178408988688443,0.672098,8.0069e-05,0.00849749,-0.740414,0.00213053,0.00958738,0.00106526,-0.0586579,-0.305261,9.47505
1770178409008766902,0.672101,0.000125669,0.00840764,-0.740412,-0.00958738,-0.0234358,-0.015979,0.113725,-0.0335188,9.50977
1770178409028847216,0.672085,8.48653e-05,0.00843462,-0.740426,-0.00426106,-0.00532632,0,0.0466869,-0.2478,9.61631
1770178409048927179,0.672087,0.000121092,0.00847823,-0.740423,-0.0266316,-0.0117179,-0.00426106,-0.0011971,-0.197522,9.48343
1770178409069003557,0.672055,7.97641e-05,0.00857902,-0.740451,0.0117179,-0.0276969,0.00213053,-0.15682,-0.329203,9.50737
1770178409089085792,0.67206,0.000250337,0.00857181,-0.740447,-0.00639159,0.00106526,-0.0170442,-0.0706289,-0.219069,9.50498
1770178409109165722,0.672033,0.000245151,0.00854998,-0.740472,0.00852211,-0.0127832,-0.00532632,-0.102951,-0.310049,9.60434
1770178409129246453,0.672017,0.000276006,0.00847168,-0.740487,-0.00426106,-0.036219,-0.00852211,0.0299275,-0.20231,9.49421
1770178409149327791,0.672,0.000153011,0.00848487,-0.740502,0.00958738,-0.0127832,0,-0.0646434,-0.371101,9.54329
1770178409169401674,0.672017,0.000231486,0.00843856,-0.740488,-0.00532632,-0.0213053,-0.00745685,-0.0035913,-0.0502782,9.46428
1770178409189477124,0.671995,0.000152988,0.00845764,-0.740507,0.00639159,-0.0223706,-0.00958738,-0.0167594,-0.214281,9.5373
1770178409209555966,0.672014,0.000182757,0.00838753,-0.740491,-0.015979,-0.00745685,-0.00958738,0.123301,-0.0754174,9.56244
1770178409229631769,0.671959,8.1171e-05,0.00842734,-0.74054,-0.0127832,0.00213053,-0.0138484,-0.0011971,-0.380678,9.56723
1770178409249710227,0.671974,0.000150534,0.00845585,-0.740526,-0.0266316,-0.00745685,0.0149137,-0.0227449,-0.269348,9.54329
1770178409269780622,0.671972,0.000134452,0.00852807,-0.740528,0.00426106,-0.0170442,0,-0.150835,-0.288501,9.5373
1770178409289858152,0.671973,0.000182233,0.00852684,-0.740526,-0.0191748,-0.0181095,-0.00106526,-0.0107739,-0.11971,9.43076
1770178409309935747,0.671941,9.87195e-05,0.00851262,-0.740556,-0.00319579,-0.0170442,-0.0127832,-0.112527,-0.360327,9.4547
1770178409330007453,0.671928,0.000127333,0.00846376,-0.740568,-0.00745685,-0.0213053,-0.00958738,0.0023942,-0.280122,9.46787
1770178409350083287,0.671912,5.93286e-05,0.00844345,-0.740582,-0.00852211,-0.0149137,-0.00213053,-0.108936,-0.262165,9.58878
1770178409370155762,0.671917,0.000145113,0.00839195,-0.740578,-0.0330232,-0.0149137,0.00745685,0.0658405,-0.0023942,9.46189
1770178409390228204,0.671874,0.000111805,0.00838316,-0.740618,0.00958738,-0.00852211,-0.00745685,0.0957681,-0.225055,9.59476
1770178409410307302,0.671879,0.000137045,0.00834755,-0.740613,-0.0266316,-0.0266316,-0.0106526,0.0742203,-0.0610521,9.48104
1770178409430386497,0.67186,0.000103271,0.00834958,-0.740631,-0.00319579,-0.0255663,-0.00639159,-0.0430956,-0.319626,9.62469
1770178409450459259,0.671874,0.000137174,0.00841506,-0.740618,-0.0117179,-0.00426106,-0.00106526,-0.0371101,-0.155623,9.46189
1770178409470531254,0.671863,0.00014615,0.00847678,-0.740627,-0.00106526,-0.0117179,-0.00532632,-0.0514753,-0.300472,9.47625
1770178409490606992,0.671838,0.000174039,0.00852025,-0.740649,-0.0149137,-0.0255663,-0.00852211,-0.0179565,-0.237026,9.49301
1770178409510685354,0.671815,0.000151279,0.008494,-0.74067,0.00106526,-0.0117179,-0.0106526,-0.0981623,-0.393846,9.53251
1770178409530765253,0.671816,9.43789e-05,0.00847096,-0.74067,-0.0170442,-0.0170442,-0.00213053,-0.0981623,-0.185551,9.55167
1770178409550839999,0.671802,7.6314e-05,0.00842817,-0.740683,0.00532632,0.00532632,-0.00532632,-0.0275333,-0.264559,9.56484
1770178409570914266,0.671782,6.07014e-05,0.00839543,-0.740701,-0.0351537,-0.0149137,-0.0149137,0.0694318,-0.0502782,9.6223
1770178409590985556,0.671772,7.78582e-05,0.00840787,-0.74071,-0.00319579,-0.0234358,-0.00426106,0,-0.289698,9.54089
1770178409611059534,0.671789,0.000104402,0.0084233,-0.740694,-0.0266316,-0.00639159,-0.00532632,0.0035913,-0.158017,9.47026
1770178409631134761,0.671792,8.563e-05,0.00837159,-0.740692,0.00958738,-0.0223706,-0.00532632,-0.0837971,-0.260968,9.50139
1770178409651215651,0.671773,0.00011607,0.00835673,-0.740709,-0.0308927,-0.00426106,-0.0117179,0.0131681,-0.154426,9.41999
1770178409671289886,0.671753,0.000103466,0.00841082,-0.740727,0.0117179,-0.00319579,-0.0106526,-0.0275333,-0.326809,9.58638
1770178409691368184,0.671746,0.000158915,0.00841925,-0.740734,-0.0127832,-0.0298274,-0.0106526,-0.0383072,-0.252588,9.50139
1770178409711444787,0.671741,0.000171131,0.00841855,-0.740738,0.0127832,0,0.00958738,-0.179565,-0.260968,9.5397
1770178409731524621,0.671739,0.00019735,0.00835448,-0.740741,-0.00745685,-0.04048,-0.0117179,-0.00957681,-0.147243,9.48104
1770178409751603656,0.671712,9.11632e-05,0.00832722,-0.740765,-0.0138484,-0.0106526,-0.00532632,-0.035913,-0.216675,9.56244
1770178409771680962,0.671693,8.15623e-05,0.00834223,-0.740782,-0.0372843,0.00319579,-0.00745685,0.0766145,-0.186748,9.54329
1770178409791755452,0.671689,5.51465e-05,0.00838054,-0.740786,-0.00745685,-0.0223706,-0.00958738,0,-0.350751,9.56244
1770178409811834615,0.671692,0.000137192,0.00838295,-0.740783,-0.0245011,0.00319579,-0.00852211,0.0299275,-0.105345,9.54449
1770178409831912273,0.671668,0.000102045,0.00836293,-0.740806,0.0117179,-0.0170442,-0.00213053,-0.0957681,-0.35913,9.52174
1770178409851995692,0.671657,0.000113064,0.00836266,-0.740815,-0.0223706,-0.00745685,-0.0117179,0.00957681,-0.217872,9.48702
1770178409872069766,0.671634,0.000103937,0.00843961,-0.740835,-0.00426106,0.0127832,0,-0.0969652,-0.453701,9.45231
1770178409892150113,0.67165,0.000187558,0.00847887,-0.74082,-0.00958738,-0.0170442,-0.00106526,-0.0921768,-0.147243,9.57322
1770178409912225243,0.671659,0.000227202,0.00843371,-0.740813,0.00106526,-0.0245011,0.00106526,-0.059855,-0.269348,9.55646
1770178409932304662,0.671636,0.000224605,0.0083707,-0.740834,-0.0276969,-0.0117179,-0.0213053,0.0383072,-0.0502782,9.46069
1770178409952384560,0.671599,0.00016872,0.00836924,-0.740868,-0.00852211,-0.00745685,-0.00532632,-0.0622492,-0.278924,9.57202
1770178409972458187,0.671609,0.000213175,0.00837514,-0.740858,-0.0223706,-0.0117179,-0.00745685,0.0167594,-0.196325,9.53611
1770178409992555013,0.671605,0.000230628,0.00835766,-0.740863,-0.00213053,-0.00958738,-0.0106526,-0.011971,-0.234632,9.5373
1770178410012632480,0.671588,0.00022287,0.00831333,-0.740878,-0.0245011,-0.0149137,-0.0170442,0.0311246,-0.104148,9.50618
1770178410032711162,0.671569,0.000183428,0.00834172,-0.740895,-0.00426106,0.00426106,-0.00852211,-0.0035913,-0.384269,9.52533
1770178410052791029,0.671549,0.000167581,0.00838389,-0.740912,-0.0276969,-0.015979,-0.0127832,-0.0490811,-0.219069,9.48224
1770178410072866639,0.67155,0.000169207,0.00841997,-0.740912,0.00319579,0.00639159,-0.0117179,-0.120907,-0.296881,9.45829
1770178410092948234,0.671563,0.000239215,0.0084079,-0.7409,-0.0149137,-0.0255663,-0.00745685,-0.0407014,-0.149638,9.59596
1770178410113030564,0.671555,0.000207714,0.00838603,-0.740908,-0.00745685,-0.0181095,0.00213053,-0.0275333,-0.259771,9.45949
1770178410133106175,0.671527,0.000165266,0.00839764,-0.740933,-0.0383495,-0.00426106,-0.02024,-0.0011971,-0.185551,9.52174
1770178410153186457,0.671533,0.000147238,0.00841458,-0.740927,0.02024,-0.00745685,-0.00319579,-0.0311246,-0.402226,9.54089
1770178410173262900,0.671532,0.000203098,0.00840118,-0.740928,-0.0255663,-0.00106526,-0.0181095,0.0251391,-0.0897826,9.48822
1770178410193342830,0.671526,0.000191204,0.00832278,-0.740934,0.00852211,-0.0191748,-0.0106526,0.0023942,-0.316035,9.49062
1770178410213422601,0.671523,0.000193937,0.00829907,-0.740937,-0.0330232,-0.0127832,-0.0106526,0.0670376,-0.105345,9.50618
1770178410233502595,0.671503,0.000169244,0.00836483,-0.740954,0.00852211,0.00426106,-0.00319579,-0.0227449,-0.295684,9.51695
1770178410253588254,0.671518,0.000257566,0.00840344,-0.740941,-0.0117179,-0.0255663,-0.0127832,0.0047884,-0.223858,9.43794
1770178410273662584,0.67152,0.000265377,0.00843788,-0.740938,-0.00426106,0.00426106,-0.00532632,-0.0466869,-0.312443,9.55047
1770178410293739859,0.671505,0.000291974,0.00838004,-0.740952,-0.0117179,-0.00532632,-0.00639159,0.00718261,-0.195127,9.51695
1770178410313823053,0.6715,0.000212358,0.00839561,-0.740957,0,-0.0106526,-0.0138484,-0.0526724,-0.333991,9.56244
1770178410333901160,0.671491,0.000250255,0.00841819,-0.740965,-0.0213053,-0.02024,-0.00958738,-0.00837971,-0.222661,9.57561
1770178410353958658,0.67149,0.000269155,0.0084237,-0.740965,0.00319579,-0.00213053,-0.0138484,-0.0514753,-0.266953,9.52773
1770178410374036028,0.671477,0.00031767,0.00841125,-0.740978,-0.0213053,-0.00639159,-0.0170442,0.059855,-0.1652,9.50139
1770178410394116215,0.671441,0.00030621,0.00839252,-0.741011,-0.00213053,-0.00532632,0.00532632,-0.0275333,-0.397437,9.56244
1770178410414195505,0.67143,0.000286882,0.00838027,-0.741021,-0.0276969,-0.0149137,-0.00532632,0.0035913,-0.199916,9.48463
1770178410434276268,0.67144,0.000346198,0.00839422,-0.741011,0.0127832,0.00426106,-0.00745685,-0.1652,-0.287304,9.54209
1770178410454350470,0.671421,0.000422882,0.00839347,-0.741028,-0.00852211,-0.0170442,-0.0127832,0.00837971,-0.179565,9.48104
1770178410474426688,0.671411,0.000418761,0.00842526,-0.741037,-0.00532632,-0.0223706,-0.00958738,-0.0490811,-0.222661,9.56124
1770178410494502491,0.671394,0.000369083,0.00842812,-0.741053,-0.0276969,-0.0276969,-0.00213053,-0.0311246,-0.191536,9.52773
1770178410514579861,0.671392,0.000339796,0.00837865,-0.741055,0.00639159,-0.00639159,-0.00106526,-0.107739,-0.270545,9.56005
1770178410534655664,0.67141,0.000368309,0.00836574,-0.741039,-0.0245011,-0.0181095,-0.00213053,0.0035913,-0.192733,9.46907
1770178410554731242,0.671401,0.000391251,0.00837221,-0.741047,-0.00106526,-0.00213053,-0.00426106,-0.0323217,-0.201113,9.54209
1770178410574805892,0.671366,0.000350434,0.00841411,-0.741078,-0.0287621,-0.0223706,-0.0149137,0.0766145,-0.174777,9.43076
1770178410594876767,0.671352,0.000305144,0.00840384,-0.741091,-0.00639159,-0.0138484,-0.0127832,-0.0418985,-0.36751,9.49899
1770178410614958649,0.671352,0.000285583,0.00839145,-0.741091,-0.0138484,-0.0266316,0.00426106,-0.0167594,-0.199916,9.50378
1770178410635035252,0.671344,0.000315284,0.00835365,-0.741099,0.0149137,-0.0245011,-0.0127832,-0.0646434,-0.274136,9.63187
1770178410655116846,0.671317,0.000314436,0.00837129,-0.741123,-0.0372843,-0.0138484,-0.0255663,0.0335188,-0.158017,9.56962
1770178410675196649,0.671294,0.000296074,0.00844859,-0.741143,0,-0.00639159,0.00745685,-0.0634463,-0.350751,9.51935
1770178410695272451,0.671289,0.000295384,0.00842786,-0.741148,-0.0138484,-0.0181095,-0.00106526,-0.0311246,-0.190339,9.54089
1770178410715352222,0.671297,0.000280679,0.00836951,-0.741141,0.00319579,0,0.00319579,-0.0778116,-0.292093,9.48343
1770178410735433176,0.671291,0.000307086,0.00836012,-0.741146,-0.0266316,-0.00532632,-0.0117179,0.0155623,-0.0933739,9.42358
1770178410755508947,0.671275,0.000293188,0.00843692,-0.74116,-0.00958738,0.0266316,-0.00852211,-0.0215478,-0.272939,9.50378
1770178410775585709,0.671253,0.00030891,0.00846368,-0.74118,-0.0127832,-0.0298274,-0.00958738,0.00718261,-0.260968,9.47505
1770178410795667431,0.671252,0.000296729,0.00843096,-0.741181,0.00852211,-0.00745685,0.00532632,-0.0694318,-0.251391,9.48343
1770178410815744418,0.67129,-5.57273e-06,0.00861704,-0.741145,-0.346211,-0.297209,0.00213053,-0.0167594,1.05824,7.97269
1770178410835829885,0.670352,-0.00212414,0.01172,-0.741948,0.15979,-0.171508,-0.0681769,-0.981623,6.02381,1.06662
1770178410855909591,0.670526,-0.000475257,0.00861221,-0.741836,0.545415,-0.0553937,0.150202,-1.05345,0.168791,14.528
1770178410875987729,0.671314,-3.07091e-05,0.00814667,-0.741129,0.172573,0.0149137,0.0479369,0.858321,-0.0694318,5.87058
1770178410896065804,0.671737,-0.000198961,0.0079411,-0.740747,-0.0671116,0.108657,0.0255663,1.40779,0.35913,6.01184
1770178410916150855,0.671622,-3.40297e-05,0.00865984,-0.740843,-0.102265,0.127832,-0.0436758,-0.209493,-0.712275,10.0952
1770178410936227297,0.671508,0.000414572,0.00935845,-0.740938,0.138484,0.0596548,-0.00745685,-1.816,-1.86867,9.96227
1770178410956305051,0.67136,0.00223195,0.00878677,-0.741076,0.335558,0.0394148,-0.015979,-1.97043,-1.1576,9.03093
1770178410976382518,0.671061,0.00332298,0.00774607,-0.741355,0.0884169,-0.092678,-0.0596548,-1.19231,-0.0227449,9.0848
1770178410996469296,0.670871,0.0025365,0.00742697,-0.741533,-0.108657,-0.103331,-0.00532632,-0.0502782,0.661997,8.95791
1770178411016549419,0.67107,0.00140589,0.00715207,-0.741358,-0.122505,-0.0841559,0.0255663,0.78051,0.909797,9.99579
1770178411036626565,0.67109,0.000850746,0.006888,-0.741344,-0.036219,-0.0479369,-0.02024,1.03789,-0.19393,10.1981
1770178411056704608,0.671065,0.000710425,0.00692756,-0.741366,-0.0607201,0.0308927,0.0170442,1.04387,0.0969652,9.6223
1770178411076787034,0.671216,0.000495191,0.00746155,-0.741224,-0.0788296,0.0468716,0.0170442,0.389058,-0.0287304,9.37809
1770178411096867125,0.671203,0.00040753,0.00829141,-0.741227,-0.0511327,0.0255663,-0.0276969,-0.211887,-0.379481,9.7444
1770178411116945487,0.671064,0.000466761,0.00888134,-0.741346,-0.015979,0.0298274,-0.0127832,-0.526724,-0.818817,9.62469
1770178411137026346,0.671118,0.000577729,0.00923758,-0.741293,-0.015979,-0.00426106,-0.00745685,-0.742203,-0.786495,9.51336
1770178411157109860,0.671048,0.000496297,0.00941978,-0.741354,-0.0106526,-0.0181095,-0.0234358,-0.64404,-0.719458,9.40921
1770178411177183295,0.671019,0.000384919,0.00933082,-0.741382,0.00213053,-0.0575243,-0.00639159,-0.348356,-0.538695,9.4547
1770178411197259257,0.671107,-9.50069e-05,0.00929217,-0.741302,-0.0447411,-0.072438,-0.00745685,0.0418985,-0.328006,9.63906
1770178411217338228,0.671032,-0.000547707,0.00909151,-0.741372,-0.0117179,-0.0660464,-0.00852211,0.277727,-0.366313,9.56843
1770178411237421422,0.67108,-0.000534182,0.00868469,-0.741334,0.0575243,-0.0319579,-0.00426106,0.384269,-0.159214,9.52533
1770178411257499497,0.671063,4.07672e-05,0.0080545,-0.741357,0.0798948,0.00532632,-0.0117179,0.507571,0.100556,9.5373
1770178411277577731,0.671012,0.000825494,0.00755208,-0.741407,0.0660464,0.04048,-0.00852211,0.417788,0.0754174,9.57441
1770178411297657822,0.670995,0.0015509,0.00730221,-0.741425,0.0372843,0.0319579,-0.0191748,0.185551,0.0837971,9.54089
1770178411317742008,0.67095,0.00190564,0.00746,-0.741463,-0.0255663,0.0276969,-0.00639159,-0.183156,-0.177171,9.51815
1770178411337817459,0.670958,0.00194892,0.00780499,-0.741452,-0.0394148,-0.00532632,-0.00319579,-0.483629,-0.233435,9.47146
1770178411357899341,0.670974,0.00177827,0.00817722,-0.741434,-0.0458064,-0.015979,-0.00319579,-0.536301,-0.233435,9.48463
1770178411377951079,0.670936,0.00144147,0.00840816,-0.741466,-0.0458064,-0.0319579,-0.00213053,-0.471658,-0.307655,9.53012
1770178411398030242,0.670947,0.00116815,0.00846115,-0.741456,-0.0245011,-0.0223706,0,-0.245406,-0.324414,9.54089
1770178411418107804,0.670922,0.000922651,0.00833474,-0.741481,-0.00213053,-0.0479369,0.00106526,-0.0502782,-0.23104,9.59596
1770178411438185687,0.670921,0.000693354,0.00813301,-0.741484,-0.00532632,-0.0415453,-0.00639159,0.264559,-0.120907,9.48104
1770178411458260529,0.670913,0.000444536,0.00799578,-0.741493,-0.00106526,-0.0532632,-0.00106526,0.42138,-0.132878,9.59357
1770178411478369196,0.670901,0.000236472,0.0080597,-0.741503,-0.0415453,-0.0106526,-0.0106526,0.481235,-0.214281,9.50378
1770178411498447142,0.670882,0.000136205,0.00827983,-0.741517,-0.0319579,0.0255663,0.00213053,0.263362,-0.377087,9.59476
1770178411518524417,0.670896,0.00022682,0.00855042,-0.741502,-0.0170442,0.0276969,-0.00426106,0.00957681,-0.320823,9.5397
1770178411538598075,0.670885,0.000434298,0.00873702,-0.74151,-0.00106526,0.0287621,-0.00106526,-0.183156,-0.386664,9.51336
1770178411558672054,0.670869,0.000662271,0.00880007,-0.741523,0.015979,-0.00532632,-0.0117179,-0.257377,-0.366313,9.50498
1770178411578749584,0.670848,0.000827382,0.00873091,-0.741543,0.0149137,-0.02024,-0.00319579,-0.423774,-0.430956,9.50857
1770178411598825738,0.670846,0.000968001,0.00861906,-0.741546,0.0117179,-0.0138484,-0.00532632,-0.395043,-0.246603,9.44273
1770178411618905317,0.67085,0.00103444,0.00839952,-0.741544,0.00319579,-0.0213053,0.00426106,-0.161609,-0.153229,9.50737
1770178411638993920,0.670857,0.00106014,0.00815658,-0.741541,-0.00852211,-0.0138484,-0.0149137,0.134075,0.0682347,9.54808
1770178411659075514,0.670809,0.000951304,0.00792288,-0.741588,-0.0117179,-0.0234358,-0.00213053,0.246603,-0.059855,9.53132
1770178411679153493,0.670797,0.000842713,0.00785987,-0.741599,-0.0372843,-0.00958738,-0.0149137,0.339977,-0.0754174,9.48463
1770178411699234927,0.670789,0.000767675,0.00795794,-0.741605,-0.0138484,-0.00745685,0.00532632,0.1652,-0.138864,9.56364
1770178411719306794,0.670799,0.000753991,0.00816639,-0.741593,-0.0223706,-0.00532632,-0.00958738,0.0837971,-0.147243,9.54449
1770178411739394500,0.670769,0.000712969,0.00837431,-0.741619,-0.015979,-0.00639159,-0.00958738,-0.0167594,-0.319626,9.59357
1770178411759476543,0.670743,0.000671323,0.00859123,-0.74164,-0.0298274,-0.00532632,-0.00958738,-0.234632,-0.360327,9.51695
1770178411779557561,0.670737,0.000643107,0.00875499,-0.741643,-0.0117179,-0.00852211,-0.00852211,-0.290895,-0.500388,9.45111
1770178411799630964,0.670755,0.000652941,0.0087971,-0.741626,-0.00532632,-0.0298274,-0.00213053,-0.217872,-0.320823,9.45829
1770178411819706158,0.670733,0.000636073,0.00872426,-0.741647,0.00639159,-0.0319579,-0.00426106,-0.174777,-0.320823,9.55526
1770178411839791881,0.670729,0.000619662,0.00852534,-0.741653,0.00426106,-0.0127832,-0.00639159,0.0215478,-0.168791,9.62589
1770178411859868931,0.670717,0.000610085,0.00833211,-0.741666,0.00532632,-0.0170442,-0.00532632,0.159214,-0.190339,9.49421
1770178411879955134,0.67074,0.00066395,0.00819654,-0.741647,-0.00319579,-0.00319579,0.00106526,0.217872,-0.0742203,9.578
1770178411900043192,0.670721,0.000756601,0.00811309,-0.741665,-0.00745685,0,-0.00639159,0.191536,-0.0634463,9.52892
1770178411920118483,0.670711,0.000801523,0.00813637,-0.741674,-0.0117179,-0.0191748,-0.0181095,0.166397,-0.071826,9.52054
1770178411940205613,0.670666,0.000859782,0.00822989,-0.741713,-0.00639159,0.00319579,-0.00958738,-0.0706289,-0.234632,9.54808
1770178411960278664,0.67067,0.000906744,0.00836312,-0.741708,-0.0223706,0.00106526,-0.00639159,-0.181959,-0.229843,9.48942
1770178411980350178,0.670658,0.000946762,0.00849336,-0.741717,-0.0117179,-0.0106526,-0.00639159,-0.250194,-0.287304,9.52533
1770178412000432221,0.670642,0.000901881,0.00854468,-0.741732,-0.0117179,-0.0266316,-0.0138484,-0.234632,-0.229843,9.56484
1770178412020504599,0.670615,0.000778986,0.00848159,-0.741757,-0.00852211,-0.0149137,-0.00532632,-0.112527,-0.271742,9.45829
1770178412040590642,0.670605,0.000646897,0.00840099,-0.741766,-0.00745685,-0.02024,-0.00532632,-0.023942,-0.345962,9.44632
1770178412060671820,0.670591,0.000594628,0.00833925,-0.74178,-0.00319579,-0.0127832,-0.00852211,0.0981623,-0.223858,9.51216
1770178412080748166,0.670603,0.00059548,0.00829575,-0.74177,-0.0117179,-0.0255663,-0.00532632,0.152032,-0.172383,9.54927
1770178412100822433,0.670565,0.000578828,0.00824532,-0.741804,0.00319579,-0.015979,-0.0127832,0.237026,-0.253785,9.44273
1770178412120899899,0.670533,0.000596312,0.00825368,-0.741834,-0.00532632,0.0138484,-0.0106526,0.140061,-0.23942,9.50977
1770178412140986774,0.670519,0.000671507,0.00832578,-0.741845,0.00745685,-0.0117179,0.00106526,-0.0622492,-0.296881,9.47984
1770178412161065488,0.670519,0.000843119,0.008428,-0.741844,-0.00852211,0.015979,0.00106526,-0.168791,-0.235829,9.51097
1770178412181142187,0.670498,0.000924479,0.0084787,-0.741863,-0.0191748,0.0149137,-0.00745685,-0.203507,-0.217872,9.47266
1770178412201221061,0.670468,0.000923175,0.00849242,-0.741889,-0.0245011,-0.02024,-0.00639159,-0.192733,-0.150835,9.51216
1770178412221298464,0.670451,0.000889361,0.00844374,-0.741905,-0.00958738,-0.00106526,-0.00958738,-0.160412,-0.310049,9.48583
1770178412241377114,0.670467,0.000850266,0.00837616,-0.741892,-0.015979,-0.0138484,-0.015979,0.011971,-0.168791,9.52773
1770178412261452437,0.670458,0.000803467,0.00827308,-0.741901,-0.00319579,0.00213053,-0.00319579,-0.0035913,-0.162806,9.49899
1770178412281533775,0.670451,0.000741299,0.00824174,-0.741908,-0.00958738,-0.0245011,-0.00745685,0.180762,-0.11971,9.53611
1770178412301615178,0.67042,0.000642163,0.00821807,-0.741936,-0.00639159,-0.0276969,-0.00958738,0.117316,-0.295684,9.45949
1770178412321693252,0.670402,0.000609245,0.00824107,-0.741952,-0.00852211,-0.0149137,-0.00426106,0.0969652,-0.205901,9.52773
1770178412341779615,0.670401,0.000640156,0.00832232,-0.741952,-0.00958738,-0.00106526,-0.00106526,-0.071826,-0.319626,9.54449
1770178412361853977,0.670417,0.000692411,0.00843744,-0.741936,-0.0117179,-0.00213053,-0.00852211,-0.0347159,-0.216675,9.57322
1770178412381934484,0.670398,0.000702866,0.00848535,-0.741953,-0.00426106,-0.0106526,-0.00958738,-0.147243,-0.343568,9.48463
1770178412402009966,0.670384,0.000693218,0.00848043,-0.741966,-0.00426106,-0.015979,-0.00532632,-0.0909797,-0.288501,9.56364
1770178412422084904,0.670398,0.000743099,0.00840137,-0.741953,-0.00106526,-0.0106526,0.00426106,-0.137667,-0.310049,9.50498
1770178412442172451,0.670386,0.000756386,0.00836994,-0.741965,-0.00745685,-0.0245011,-0.00319579,-0.0430956,-0.152032,9.56124
1770178412462253342,0.670373,0.000777874,0.00827449,-0.741978,0.0127832,-0.0287621,-0.00319579,0.0837971,-0.214281,9.50857
1770178412482331864,0.670361,0.000728825,0.00823853,-0.741989,-0.0117179,0.00213053,-0.00852211,0.124498,-0.205901,9.51935
1770178412502411219,0.670347,0.000721249,0.00821458,-0.742002,0.00745685,-0.0117179,-0.00852211,0.0849942,-0.23104,9.56723
1770178412522481517,0.670375,0.000767318,0.00827932,-0.741976,-0.0213053,0.0127832,-0.00639159,0.0407014,-0.114922,9.47864
1770178412542569096,0.670364,0.000771332,0.00832871,-0.741985,-0.0138484,-0.0266316,0.00213053,-0.0227449,-0.168791,9.52533
1770178412562648802,0.670356,0.000747441,0.00839378,-0.741992,-0.0266316,-0.00426106,-0.0127832,-0.0490811,-0.171185,9.44513
1770178412582721244,0.670349,0.000698475,0.00846006,-0.741997,-0.00532632,-0.0255663,-0.00319579,-0.149638,-0.405817,9.47745
1770178412602799639,0.670354,0.000700284,0.00852018,-0.741992,-0.015979,-0.00532632,-0.00426106,-0.149638,-0.260968,9.52773
1770178412622876977,0.670332,0.00074029,0.00850806,-0.742012,-0.0127832,-0.00106526,0.00532632,-0.101754,-0.268151,9.58638
1770178412642964556,0.670321,0.000732267,0.00848042,-0.742022,0.00319579,-0.0276969,-0.0127832,0.0526724,-0.211887,9.51575
1770178412663045062,0.670293,0.000672259,0.00840512,-0.742048,0.00319579,-0.0213053,-0.0149137,0.0826,-0.350751,9.54449
1770178412683120417,0.670283,0.000646856,0.00837947,-0.742058,0.00319579,-0.0181095,-0.0138484,0.0107739,-0.191536,9.55406
1770178412703197563,0.670288,0.000688059,0.00836542,-0.742053,0.00319579,0.00319579,-0.00639159,0.0131681,-0.23104,9.50737
1770178412723277302,0.670294,0.000790187,0.00836937,-0.742048,-0.0213053,-0.00745685,-0.00426106,0.0538695,-0.107739,9.44513
1770178412743359344,0.670264,0.000801848,0.00842227,-0.742074,-0.0223706,-0.00213053,-0.00745685,-0.0347159,-0.25618,9.47026
1770178412763438283,0.67026,0.000803478,0.0084646,-0.742078,-0.00958738,-0.00745685,-0.00532632,-0.0658405,-0.227449,9.42956
1770178412783517605,0.670264,0.000803282,0.00848842,-0.742074,-0.0138484,0.00213053,0,-0.114922,-0.310049,9.47505
1770178412803592224,0.670269,0.000848746,0.00850244,-0.742069,-0.00958738,-0.0149137,-0.00106526,-0.117316,-0.17358,9.50977
1770178412823671226,0.670281,0.000846899,0.0085177,-0.742058,0.00319579,-0.0319579,0.00426106,0.00957681,-0.277727,9.56244
1770178412843758581,0.670265,0.000762132,0.00852031,-0.742073,-0.0170442,-0.0149137,-0.0170442,0.0299275,-0.25618,9.50498
1770178412863832143,0.670255,0.000661305,0.00850844,-0.742082,-0.0138484,-0.015979,-0.0149137,-0.0347159,-0.296881,9.43435
1770178412883908650,0.670279,0.000618703,0.00845963,-0.74206,-0.0127832,-0.00426106,-0.0181095,0.0287304,-0.187945,9.50259
1770178412903992228,0.670264,0.00060244,0.00843872,-0.742075,-0.0117179,-0.0138484,-0.00958738,0.0658405,-0.181959,9.58878
1770178412924066270,0.670243,0.00063649,0.00848741,-0.742093,-0.0426106,-0.00745685,-0.0127832,0.023942,-0.19393,9.50618
1770178412944142489,0.670235,0.000644,0.00856439,-0.742099,-0.0223706,-0.00319579,0.00319579,-0.0107739,-0.310049,9.56244
1770178412964219635,0.670247,0.00064344,0.00859339,-0.742088,-0.0106526,-0.00213053,0.00106526,-0.0921768,-0.150835,9.59955
1770178412984294350,0.670233,0.000707275,0.00855067,-0.742101,-0.00532632,-0.0127832,-0.00213053,-0.118513,-0.204704,9.53491
1770178413004373640,0.670215,0.000741135,0.00856966,-0.742117,-0.00852211,0.00106526,-0.00745685,0.00837971,-0.192733,9.47266
1770178413024444835,0.670183,0.000731255,0.00859877,-0.742145,-0.00106526,-0.0117179,-0.00532632,-0.0131681,-0.366313,9.53611
1770178413044524189,0.670186,0.000712647,0.0085884,-0.742143,-0.0127832,0.00426106,0,-0.0395043,-0.199916,9.50139
1770178413064595959,0.670186,0.000684216,0.00847081,-0.742144,0.0106526,-0.0138484,-0.00958738,-0.0191536,-0.192733,9.55167
1770178413084671378,0.67018,0.000677435,0.00840632,-0.742151,-0.015979,-0.0106526,-0.0106526,0.0574608,-0.0622492,9.56843
1770178413104744972,0.670167,0.000652657,0.00840392,-0.742162,-0.0181095,-0.0276969,-0.00319579,0.0383072,-0.0814029,9.56962
1770178413124821511,0.67016,0.000610629,0.00849849,-0.742168,-0.0170442,-0.0213053,-0.00426106,0.0167594,-0.246603,9.4978
1770178413144898049,0.670152,0.000599725,0.00853476,-0.742175,0,-0.00958738,-0.00106526,-0.0658405,-0.290895,9.47026
1770178413164971931,0.670141,0.000616929,0.00855074,-0.742185,-0.00852211,-0.0191748,-0.00852211,-0.0694318,-0.220267,9.50618
1770178413185053846,0.670125,0.00062797,0.00852824,-0.742199,-0.0117179,0.00532632,-0.00958738,-0.071826,-0.27653,9.4954
1770178413205127664,0.670105,0.000611135,0.0085778,-0.742216,-0.00532632,-0.00532632,-0.00319579,-0.0059855,-0.325611,9.50977
1770178413225204523,0.670093,0.000620569,0.00863012,-0.742227,0.00639159,-0.0170442,-0.00213053,-0.112527,-0.31364,9.50857
1770178413245281157,0.670093,0.000668391,0.0085936,-0.742227,0.00639159,-0.0245011,-0.0191748,-0.0023942,-0.191536,9.51216
1770178413265361024,0.67008,0.000655961,0.00848366,-0.74224,0.0181095,-0.0255663,-0.00958738,-0.035913,-0.183156,9.52533
1770178413285439802,0.670066,0.000623905,0.00847429,-0.742253,-0.00639159,-0.00852211,0.00426106,0.094571,-0.175974,9.47146
1770178413305518389,0.670045,0.000614501,0.00850109,-0.742271,-0.0170442,0.00426106,-0.00639159,0.00718261,-0.307655,9.49062
1770178413325599247,0.670059,0.000644301,0.00853217,-0.742259,0.00213053,-0.00958738,-0.00213053,-0.0251391,-0.150835,9.54209
1770178413345674377,0.670053,0.000681378,0.00853115,-0.742264,-0.00213053,-0.00106526,0,-0.0550666,-0.227449,9.54568
1770178413365746500,0.670034,0.000674043,0.00854405,-0.742281,-0.00532632,-0.0181095,-0.0138484,0.0287304,-0.195127,9.47984
1770178413385821150,0.670026,0.000629812,0.0085962,-0.742288,-0.00213053,-0.0127832,-0.00745685,-0.0407014,-0.350751,9.5397
1770178413405898937,0.670024,0.000606144,0.00863035,-0.742289,-0.0170442,-0.00958738,-0.00639159,-0.0622492,-0.324414,9.42837
1770178413425971635,0.67001,0.000609562,0.00859637,-0.742302,-0.00639159,-0.0181095,-0.00426106,-0.0706289,-0.287304,9.43675
1770178413446049677,0.670015,0.000610025,0.00856078,-0.742298,-0.0106526,-0.0149137,-0.00745685,-0.0191536,-0.129287,9.50977
1770178413466128616,0.669993,0.000563494,0.00849375,-0.742319,-0.00639159,-0.036219,-0.0117179,0.0323217,-0.204704,9.53251
1770178413486202658,0.669973,0.000538698,0.00851626,-0.742337,-0.0276969,-0.00639159,-0.0138484,0.0514753,-0.251391,9.49899
1770178413506282877,0.669978,0.000585953,0.00851699,-0.742332,-0.00319579,0.00106526,-0.00745685,0.0047884,-0.282516,9.52054
1770178413526362647,0.669995,0.000666161,0.00853806,-0.742316,0,-0.00958738,-0.0117179,-0.0275333,-0.159214,9.50259
1770178413546443506,0.669979,0.00067687,0.00848133,-0.742331,0.0117179,-0.0308927,0.00639159,0.0167594,-0.19393,9.62828
1770178413566527340,0.66997,0.000650758,0.00848035,-0.742339,-0.00745685,-0.0330232,-0.0223706,-0.0418985,-0.272939,9.49062
1770178413586598663,0.66996,0.000647545,0.00853717,-0.742347,-0.00958738,-0.0170442,0.00745685,-0.0586579,-0.345962,9.53371
1770178413606677761,0.669982,0.000708885,0.00855223,-0.742328,-0.0106526,-0.00426106,-0.00745685,-0.0706289,-0.174777,9.50618
1770178413626753084,0.669974,0.000704252,0.0085022,-0.742336,-0.0149137,-0.0127832,0.00426106,-0.0155623,-0.158017,9.46907
1770178413646833654,0.669958,0.000649803,0.0084763,-0.74235,-0.0117179,-0.0298274,-0.0170442,0.0191536,-0.220267,9.42597
1770178413666915217,0.669941,0.000613307,0.00849259,-0.742366,-0.0127832,-0.0191748,0.0138484,-0.0335188,-0.306458,9.50019
1770178413686996267,0.669948,0.00063642,0.00854733,-0.742359,-0.0245011,0.00213053,-0.0106526,-0.0023942,-0.183156,9.50977
1770178413707078598,0.669945,0.000668504,0.00854835,-0.742361,-0.00745685,-0.0255663,-0.00213053,-0.0263362,-0.204704,9.51097
1770178413727157888,0.669944,0.000674589,0.00854845,-0.742362,-0.00958738,-0.02024,-0.00852211,0.0287304,-0.135272,9.53132
1770178413747242331,0.669923,0.000639789,0.00854539,-0.742381,0,-0.0245011,-0.0117179,0.0131681,-0.269348,9.49301
1770178413767320597,0.669912,0.000661016,0.00864168,-0.74239,-0.0234358,0.00958738,-0.00532632,-0.047884,-0.243011,9.5397
1770178413787397712,0.669891,0.000763857,0.00866921,-0.742409,0.0980043,0.0372843,-0.0383495,-0.0670376,-0.199916,9.4978
1770178413807480202,0.671333,-0.0025798,0.0107711,-0.741073,-0.412257,0.0149137,0.145941,-0.448913,-2.67313,7.02459
1770178413827559365,0.671109,-0.00107772,0.00961269,-0.741295,0.249272,-0.0436758,-0.189617,-0.468066,1.28928,11.0468
1770178413847635391,0.66899,0.00119924,0.00773895,-0.74323,0.223706,0.0798948,-0.3036,0.85473,-1.16598,8.41921
1770178413867712698,0.667689,0.00495622,0.00593637,-0.744401,0.46339,0.204531,-0.00745685,1.4868,-0.253785,9.84376
1770178413887799188,0.668626,0.00695092,0.0050407,-0.743549,-0.175769,-0.0394148,0.198139,0.547075,1.00796,7.83263
1770178413907879855,0.669945,0.00408039,0.00686398,-0.742368,-0.415453,-0.0511327,0.104396,-0.566229,-0.701501,11.3856
1770178413927957225,0.669976,0.00245252,0.00855552,-0.742329,-0.153398,-0.0628506,-0.0585895,-1.3216,-1.10133,7.02698
1770178413948029763,0.669719,0.00110943,0.00971224,-0.74255,-0.0607201,-0.0735032,0.0127832,-1.52271,-1.16717,9.64384
1770178413968108798,0.670021,0.000608641,0.00961004,-0.74228,-0.0447411,-0.0681769,0.0170442,-0.629675,0.141258,11.3988
1770178413988187576,0.66979,0.000409824,0.00883066,-0.742498,0.0777643,-0.0884169,-0.0468716,0.44173,0.147243,10.7751
1770178414008261715,0.669628,0.000661467,0.00781689,-0.742656,0.0553937,-0.0500674,0.00958738,0.812831,0.290895,8.96509
1770178414028340717,0.669793,0.000729131,0.00734216,-0.742511,-0.00745685,-0.00532632,0.00106526,0.840365,0.755371,9.34936
1770178414048414216,0.669613,0.000815517,0.00721356,-0.742674,-0.0596548,0.0138484,-0.0319579,0.791284,0.348356,10.0185
1770178414068493058,0.66971,0.000500516,0.00775754,-0.742582,-0.0713727,0.015979,0.0319579,0.387861,-0.286107,9.4164
1770178414088565756,0.669755,0.000152711,0.00861009,-0.742532,-0.124636,0.0447411,-0.0234358,0.0418985,-0.289698,9.34577
1770178414108636407,0.669625,-0.000298443,0.00954493,-0.742638,-0.0809601,-0.00106526,-0.00639159,-0.40462,-0.914585,9.4128
1770178414128709457,0.669697,-0.000487945,0.0102343,-0.742564,-0.0607201,0.0213053,0.0149137,-0.580594,-0.742203,9.51456
1770178414148786892,0.669693,-0.000536676,0.0105849,-0.742563,0.0170442,-0.0223706,-0.0191748,-0.679953,-0.756568,9.41879
1770178414168862854,0.669645,-0.000420069,0.0104812,-0.742608,0.0276969,-0.0383495,0.00213053,-0.533907,-0.758962,9.42837
1770178414188936896,0.669709,-0.000324849,0.0099835,-0.742557,0.0596548,-0.04048,-0.00426106,-0.234632,-0.471658,9.59596
1770178414209011099,0.669625,-0.000235329,0.00933145,-0.742641,0.0585895,-0.0394148,-0.0127832,0.107739,-0.316035,9.45949
1770178414229088757,0.669631,1.55111e-05,0.00858649,-0.742644,0.0745685,-0.0223706,0.00213053,0.442927,-0.0430956,9.61631
1770178414249169616,0.669642,0.000342018,0.00802248,-0.74264,0.0351537,-0.00958738,-0.00319579,0.52433,0.160412,9.49181
1770178414269247178,0.669591,0.000751496,0.00769685,-0.74269,0.0340885,-0.00958738,-0.00958738,0.602142,0.21069,9.4547
1770178414289327013,0.669594,0.00106203,0.00768687,-0.742686,-0.00958738,0.036219,-0.00745685,0.353145,0.0742203,9.5816
1770178414309406655,0.669563,0.00125289,0.00793764,-0.742712,-0.0276969,0.0287621,-0.00319579,-0.0155623,-0.0766145,9.53491
1770178414329485210,0.669589,0.00140901,0.0083474,-0.742684,-0.0234358,0.0308927,0.00106526,-0.448913,-0.190339,9.49421
1770178414349566964,0.669582,0.0014597,0.00868701,-0.742685,-0.0308927,0.0117179,-0.00319579,-0.588974,-0.246603,9.49301
1770178414369643279,0.669575,0.0014059,0.00892346,-0.742689,-0.0266316,-0.0298274,-0.00958738,-0.612916,-0.306458,9.52294
1770178414389719465,0.669551,0.00115095,0.00896733,-0.742711,-0.0234358,-0.0596548,-0.00745685,-0.403423,-0.353145,9.56364
1770178414409797155,0.669559,0.000754563,0.00889107,-0.742705,-0.0181095,-0.056459,-0.0127832,-0.164003,-0.349553,9.52533
1770178414429876094,0.669571,0.000372885,0.00876308,-0.742696,-0.0319579,-0.0298274,0.00319579,0.241814,-0.28491,9.50857
1770178414449957208,0.669591,3.71219e-05,0.00866874,-0.742679,-0.0127832,-0.0276969,0.00106526,0.475249,-0.235829,9.46189
1770178414470031955,0.669551,-0.000186204,0.00862842,-0.742716,-0.00639159,-0.0266316,-0.015979,0.54109,-0.289698,9.52174
1770178414490108141,0.669556,-0.000135751,0.00861987,-0.742712,-0.00319579,0.0287621,-0.00639159,0.393846,-0.258574,9.47745
1770178414510182600,0.669548,6.88066e-05,0.00866915,-0.742718,-0.00106526,0.0223706,0.00106526,0.209493,-0.308852,9.48343
1770178414530259362,0.669556,0.000374737,0.0087987,-0.742709,0.00639159,0.0181095,-0.00319579,-0.0263362,-0.258574,9.44872
1770178414550341213,0.669539,0.000577972,0.00898615,-0.742723,-0.0245011,0.00639159,-0.00426106,-0.344765,-0.271742,9.5792
1770178414570419127,0.669535,0.000850706,0.00914904,-0.742724,-0.00213053,0.0149137,-0.00958738,-0.500388,-0.306458,9.4978
1770178414590495249,0.66953,0.000996369,0.00912269,-0.742729,0.0127832,-0.0308927,-0.0117179,-0.477643,-0.299275,9.59476
1770178414610574316,0.669543,0.00104891,0.00888272,-0.74272,0.0138484,-0.0330232,-0.00426106,-0.302867,-0.138864,9.53371
1770178414630654118,0.669519,0.000905439,0.00858781,-0.742744,0.00532632,-0.0660464,0.00106526,-0.023942,-0.094571,9.50737
1770178414650736385,0.669506,0.000722362,0.00841712,-0.742758,-0.0245011,-0.0255663,-0.00958738,0.262165,-0.102951,9.45829
1770178414670810875,0.669486,0.00052079,0.0083386,-0.742778,-0.0138484,-0.0234358,-0.00745685,0.277727,-0.155623,9.43675
1770178414690885526,0.6695,0.000388071,0.00835333,-0.742765,-0.0276969,-0.0127832,-0.00213053,0.282516,-0.134075,9.50618
1770178414710959920,0.669464,0.000277173,0.00846436,-0.742796,-0.0117179,-0.0149137,-0.00958738,0.317232,-0.101754,9.58998
1770178414731041259,0.669454,0.000232875,0.00867164,-0.742803,-0.0191748,-0.0117179,-0.0117179,0.0933739,-0.258574,9.55765
1770178414751115365,0.669424,0.000223612,0.00886058,-0.742828,-0.0372843,0.0234358,-0.00639159,-0.0191536,-0.420182,9.4571
1770178414771184511,0.669433,0.00031138,0.00909051,-0.742816,-0.0170442,0.0149137,-0.00106526,-0.277727,-0.439336,9.49421
1770178414791260122,0.66943,0.000383251,0.0092126,-0.742818,-0.00745685,-0.0191748,-0.00745685,-0.387861,-0.424971,9.48583
1770178414811333652,0.669448,0.000488008,0.00915944,-0.742802,0.00532632,-0.00319579,-0.00745685,-0.225055,-0.332794,9.46189
1770178414831412111,0.669415,0.000461393,0.00895042,-0.742835,0.0127832,-0.0415453,-0.0106526,-0.0586579,-0.331597,9.45111
1770178414851486505,0.669431,0.000475328,0.00871297,-0.742823,0.0127832,-0.0170442,0.00426106,0.071826,-0.216675,9.39006
1770178414871563715,0.669427,0.000468905,0.00847949,-0.742829,0.00106526,-0.0319579,-0.00852211,0.140061,-0.105345,9.57322
1770178414891643614,0.669435,0.000520041,0.00837372,-0.742824,0.00106526,-0.00852211,-0.00852211,0.252588,0.0670376,9.4954
1770178414911722008,0.669409,0.000523537,0.00838451,-0.742847,-0.0330232,0.0191748,-0.00852211,0.196325,-0.047884,9.53611
1770178414931795955,0.66939,0.000562328,0.00850132,-0.742862,-0.0181095,-0.00213053,-0.00319579,0.114922,-0.136469,9.58638
1770178414951869677,0.669376,0.000540976,0.00865259,-0.742873,-0.0170442,-0.00106526,-0.0127832,-0.135272,-0.292093,9.55167
1770178414971939431,0.669422,0.000572876,0.00885207,-0.74283,-0.0287621,-0.00958738,-0.00213053,-0.196325,-0.268151,9.50618
1770178414992014980,0.669399,0.000540353,0.00898971,-0.742848,-0.0213053,-0.00426106,-0.0138484,-0.268151,-0.262165,9.414
1770178415012086981,0.669407,0.000497042,0.00906906,-0.742841,-0.02024,-0.0138484,0.00319579,-0.225055,-0.415394,9.39844
1770178415032162822,0.669393,0.000369474,0.00900748,-0.742853,0.00106526,-0.0458064,-0.00958738,-0.116119,-0.424971,9.5792
1770178415052233895,0.6694,0.000293542,0.00884455,-0.742849,0,-0.04048,-0.0170442,0.0131681,-0.196325,9.48463
1770178415072310440,0.669382,0.000254906,0.00868649,-0.742868,-0.00213053,-0.0181095,-0.00319579,0.147243,-0.191536,9.60554
1770178415092393417,0.66938,0.000262397,0.00861765,-0.74287,-0.0106526,-0.015979,-0.00745685,0.213084,-0.186748,9.55406
1770178415112463562,0.669337,0.000275769,0.00859764,-0.742909,0.00213053,0.00426106,-0.00319579,0.181959,-0.222661,9.56603
1770178415132540267,0.669346,0.00036933,0.00860695,-0.742901,-0.0191748,0.00745685,-0.00532632,0.108936,-0.0897826,9.48583
1770178415152622028,0.669342,0.00044759,0.00865096,-0.742904,-0.00958738,0.00319579,-0.00213053,-0.120907,-0.166397,9.54808
1770178415172696588,0.669327,0.00057399,0.00873008,-0.742916,-0.0106526,0.00213053,-0.0117179,-0.0706289,-0.201113,9.50019
1770178415192770061,0.669304,0.000604067,0.00885233,-0.742936,-0.0223706,-0.0127832,-0.00319579,-0.219069,-0.342371,9.4978
1770178415212853166,0.669318,0.000669428,0.00891335,-0.742922,-0.00745685,-0.0191748,0.00639159,-0.240617,-0.306458,9.45231
1770178415232937391,0.669291,0.000584482,0.00884936,-0.742947,0.00106526,-0.0266316,-0.0138484,-0.189142,-0.262165,9.50378
1770178415253015120,0.669298,0.000542519,0.00874903,-0.742943,-0.0127832,-0.036219,0.00426106,-0.0335188,-0.123301,9.53371
1770178415273093073,0.669271,0.000412186,0.00868123,-0.742967,-0.0170442,-0.0170442,-0.0138484,0.148441,-0.162806,9.51695
1770178415293170770,0.66927,0.000335051,0.00871344,-0.742968,-0.0106526,-0.015979,-0.00958738,0.113725,-0.226252,9.57441
1770178415313247411,0.669255,0.000255077,0.00870116,-0.742981,-0.02024,-0.0117179,-0.0138484,0.118513,-0.235829,9.50259
1770178415333324788,0.669251,0.000271941,0.00867335,-0.742985,-0.0170442,0.0138484,-0.00532632,0.0802058,-0.238223,9.44273
1770178415353403893,0.669225,0.000289772,0.00874916,-0.743008,-0.0106526,0.00639159,-0.0127832,0.0454898,-0.246603,9.47505
1770178415373481910,0.669232,0.000410292,0.00887505,-0.743001,-0.00958738,0.0170442,0.00106526,-0.0562637,-0.329203,9.4954
1770178415393559671,0.669215,0.000457022,0.00896398,-0.743015,0.0106526,-0.0149137,-0.0106526,-0.143652,-0.384269,9.51097
1770178415413638712,0.669228,0.000547615,0.00894089,-0.743003,0.0138484,-0.0266316,0.00319579,-0.237026,-0.287304,9.58399
1770178415433721017,0.669211,0.000597633,0.00882841,-0.74302,-0.00426106,-0.0117179,-0.0127832,-0.11971,-0.187945,9.49181
1770178415453800538,0.669188,0.000618744,0.00876197,-0.743041,0.00532632,-0.0127832,-0.0170442,-0.0562637,-0.152032,9.58878
1770178415473879259,0.669157,0.000542086,0.00874859,-0.743069,-0.015979,-0.0106526,-0.0117179,0.0311246,-0.175974,9.55885
1770178415493957660,0.669163,0.000511084,0.00866229,-0.743065,0.00852211,-0.0138484,-0.00106526,0.0383072,-0.205901,9.50019
1770178415514034429,0.669165,0.00046964,0.00860446,-0.743064,-0.0106526,-0.00958738,-0.00532632,0.071826,-0.147243,9.60673
1770178415534111966,0.669168,0.000485331,0.00861096,-0.743061,-0.00852211,-0.0117179,-0.00213053,0.0957681,-0.108936,9.43555
1770178415554189023,0.669137,0.000438626,0.00871984,-0.743088,-0.015979,0.00319579,-0.00639159,0.0742203,-0.258574,9.42238
1770178415574267648,0.669142,0.000425178,0.00886413,-0.743082,-0.00958738,-0.015979,0.00319579,-0.0909797,-0.349553,9.44872
1770178415594346337,0.66914,0.00039044,0.00891787,-0.743083,-0.00852211,-0.0127832,-0.0117179,-0.150835,-0.356736,9.48702
1770178415614424258,0.669159,0.000457569,0.00886203,-0.743066,0.00639159,-0.0287621,-0.00532632,-0.0837971,-0.282516,9.56484
1770178415634505219,0.669125,0.000428694,0.008859,-0.743097,-0.0170442,-0.0170442,0.00639159,-0.0514753,-0.263362,9.65941
1770178415654583620,0.669104,0.000446795,0.00884594,-0.743116,-0.00639159,-0.0276969,-0.0117179,-0.0514753,-0.260968,9.55885
1770178415674664005,0.669088,0.000414516,0.00877195,-0.743131,-0.00745685,-0.0276969,-0.00852211,-0.0155623,-0.225055,9.47625
1770178415694741606,0.669089,0.000471051,0.00861217,-0.743132,0.00106526,-0.00532632,-0.015979,0.0347159,-0.147243,9.49421
1770178415714820263,0.669067,0.00047945,0.00854879,-0.743153,-0.00852211,-0.0117179,-0.00745685,0.114922,-0.168791,9.39245
1770178415734898248,0.669055,0.000508116,0.00859713,-0.743163,-0.00958738,-0.00426106,-0.00639159,0.123301,-0.192733,9.54568
1770178415754975657,0.669033,0.000524394,0.00867347,-0.743182,-0.00958738,0.015979,-0.0127832,-0.035913,-0.307655,9.44513
1770178415775055274,0.669062,0.000544622,0.00867291,-0.743156,-0.015979,-0.02024,-0.00958738,-0.100556,-0.199916,9.51097
1770178415795134091,0.669046,0.000537724,0.00867474,-0.74317,-0.00958738,-0.0138484,-0.00852211,-0.126893,-0.238223,9.51456
1770178415815203084,0.669031,0.000552445,0.00874178,-0.743183,-0.0138484,-0.0127832,-0.0138484,-0.0933739,-0.142455,9.49301
1770178415835282989,0.668995,0.000463982,0.00881452,-0.743214,-0.0149137,-0.00958738,-0.00745685,-0.0706289,-0.250194,9.56603
1770178415855359085,0.669008,0.000440827,0.00876622,-0.743203,-0.00319579,-0.0149137,-0.00745685,-0.0993594,-0.28491,9.47386
1770178415875440783,0.669084,0.000869598,0.00835935,-0.743139,0.433563,0.0852211,0.0575243,-0.701501,-2.69587,10.2759
1770178415895512655,0.666511,0.0117566,0.000980312,-0.745402,1.11959,0.309992,-0.334493,0.68115,5.03979,8.76996
1770178415915589648,0.666294,0.0122909,-0.00047211,-0.745588,-1.06313,-0.239684,0.256729,-3.47399,2.2278,2.51152
1770178415935664465,0.670398,0.00112816,0.00977409,-0.741936,-1.49244,-0.197074,0.546481,-2.47201,-2.79284,21.1516
1770178415955739474,0.672631,-0.00468566,0.0129154,-0.739851,-0.0873517,-0.02024,-0.00426106,-0.56144,0.531513,2.23618
1770178415975819155,0.671052,-0.00159204,0.010616,-0.741332,0.60294,-0.0500674,-0.296143,1.02592,-0.703895,12.0787
1770178415995896756,0.669244,9.38493e-05,0.00744334,-0.743006,-0.145941,0.0330232,-0.194943,0.922965,1.9836,10.5572
1770178416015974677,0.668584,0.000228119,0.00734468,-0.7436,0.118244,-0.0181095,-0.0127832,0.939724,1.04267,10.0952
1770178416036053302,0.669033,0.00140367,0.00689963,-0.743199,0.100135,0.0777643,0.0639159,0.695516,-0.071826,9.90242
1770178416056135927,0.669108,0.00196383,0.00689011,-0.743131,-0.096939,0.04048,-0.0138484,0.047884,-0.379481,9.63427
1770178416076216504,0.669072,0.0011315,0.00818369,-0.743152,-0.162985,-0.0106526,0.00532632,-0.612916,-0.978031,9.65582
1770178416096295833,0.669249,0.00023876,0.00949099,-0.742977,-0.128897,0.00639159,0.00745685,-0.673968,-0.887052,9.49062
1770178416116374906,0.669119,-0.000172006,0.0101327,-0.743086,-0.0138484,-0.00745685,-0.0330232,-0.663194,-0.948104,10.2987
1770178416136452795,0.66905,-0.000111445,0.00999869,-0.74315,0.0426106,-0.036219,-0.00319579,-0.559046,-0.802058,9.7025
1770178416156529660,0.669099,3.6244e-05,0.00948355,-0.743113,0.0543285,-0.0607201,-0.00532632,-0.254982,-0.414197,9.20211
1770178416176611037,0.66909,5.24722e-05,0.00886342,-0.743129,0.0319579,-0.0607201,-0.0117179,0.161609,-0.205901,9.65103
1770178416196684446,0.669075,0.000319681,0.00820574,-0.743149,0.0532632,-0.0351537,0.00426106,0.283713,0.167594,9.53012
1770178416216763135,0.669066,0.000778581,0.00759177,-0.743163,0.0628506,0.00532632,0,0.399832,0.175974,9.60913
1770178416236837280,0.669061,0.00125485,0.0071831,-0.743172,0.0234358,0.00319579,-0.0127832,0.446519,0.283713,9.59357
1770178416256915553,0.669071,0.00158196,0.00710826,-0.743163,-0.0127832,0.0351537,-0.00426106,0.371101,0.180762,9.48463
1770178416276991298,0.669013,0.00171329,0.00734778,-0.743213,-0.0479369,0.0181095,-0.02024,0.0586579,-0.00957681,9.52294
1770178416297068291,0.668992,0.00168752,0.00784968,-0.743226,-0.0585895,0.00639159,-0.00426106,-0.336385,-0.287304,9.49301
1770178416317149412,0.66899,0.00154112,0.00841259,-0.743222,-0.0649811,0.00639159,-0.00426106,-0.612916,-0.324414,9.55047
1770178416337228069,0.668962,0.00131655,0.00872941,-0.743244,-0.0287621,-0.052198,-0.0117179,-0.579397,-0.457293,9.44034
1770178416357307142,0.668966,0.00102125,0.00879083,-0.74324,-0.0276969,-0.0511327,0.00319579,-0.360327,-0.427365,9.48702
1770178416377388039,0.66893,0.000701822,0.00866086,-0.743275,0.00532632,-0.0308927,-0.00852211,-0.105345,-0.452504,9.54329
1770178416397466440,0.668907,0.000449407,0.00842394,-0.743298,-0.00639159,-0.0458064,0,0.204704,-0.398635,9.51456
1770178416417545385,0.668917,0.00026175,0.00820228,-0.743291,0.00319579,-0.0181095,-0.015979,0.402226,-0.19393,9.48583
1770178416437620425,0.668879,0.000226467,0.00801997,-0.743328,-0.00319579,-0.0117179,-0.0245011,0.497994,-0.159214,9.49181
1770178416457698314,0.668858,0.000319355,0.00794724,-0.743347,0.00426106,-0.00319579,-0.0149137,0.422577,-0.183156,9.55406
1770178416477774571,0.668849,0.000513356,0.00795301,-0.743355,-0.00213053,0.0308927,-0.0106526,0.167594,-0.253785,9.51695
1770178416497853516,0.668833,0.000807391,0.00808245,-0.743368,0.00745685,0.0308927,0.00319579,-0.166397,-0.233435,9.63666
1770178416517942350,0.668837,0.00115907,0.00829621,-0.743362,-0.00958738,0.0266316,0.00106526,-0.355539,-0.135272,9.51935
1770178416538026383,0.66881,0.00137183,0.00839368,-0.743385,0.00745685,-0.00852211,-0.00532632,-0.477643,-0.21069,9.50259
1770178416558104272,0.668785,0.00142779,0.00839281,-0.743407,-0.00426106,-0.015979,-0.00958738,-0.486023,-0.246603,9.52174
1770178416578184177,0.668798,0.00135999,0.00827985,-0.743397,0.00532632,-0.0255663,-0.0138484,-0.307655,-0.177171,9.67377
1770178416598262386,0.668811,0.00118287,0.00815079,-0.743387,-0.0149137,-0.036219,0.00106526,-0.0550666,-0.0742203,9.53012
1770178416618344211,0.668786,0.000972313,0.00802902,-0.743411,-0.015979,-0.0191748,-0.0170442,0.131681,-0.0466869,9.48463
1770178416638424340,0.668767,0.000677706,0.00797299,-0.743429,-0.0372843,-0.0181095,-0.00426106,0.417788,-0.106542,9.47146
1770178416658502197,0.668749,0.000486105,0.00797752,-0.743445,-0.0340885,0.00106526,-0.00745685,0.28491,-0.360327,9.50259
1770178416678583606,0.668755,0.000462654,0.00807594,-0.743438,-0.0234358,0.0117179,-0.00426106,0.232238,-0.191536,9.48463
1770178416698659447,0.668748,0.000512789,0.00822771,-0.743443,-0.0223706,0.0245011,-0.00852211,0.0454898,-0.250194,9.50498
1770178416718735991,0.668725,0.000609621,0.00844506,-0.743462,-0.0223706,0.00106526,-0.00639159,-0.0873884,-0.331597,9.59476
1770178416738814712,0.668706,0.000728098,0.00861567,-0.743476,0.00426106,0.0117179,-0.00639159,-0.259771,-0.556652,9.58399
1770178416758892185,0.668723,0.000863854,0.00863689,-0.743461,0.00532632,-0.0181095,0.0106526,-0.378284,-0.391452,9.55287
1770178416778969178,0.668712,0.000986967,0.00848671,-0.743473,0.0181095,-0.0266316,-0.0127832,-0.283713,-0.257377,9.50019
1770178416799045339,0.6687,0.00104218,0.00825219,-0.743486,-0.00745685,-0.0138484,0.00213053,-0.0957681,-0.154426,9.50498
1770178416819128060,0.668693,0.00104495,0.00805979,-0.743494,0.0117179,-0.0276969,-0.0117179,0.0814029,-0.100556,9.4978
1770178416839206333,0.668657,0.000991691,0.00792206,-0.743528,-0.0127832,-0.00745685,0.00106526,0.174777,-0.100556,9.51815
1770178416859282590,0.66865,0.000936112,0.0077697,-0.743536,0.00426106,-0.0191748,-0.00745685,0.199916,-0.0754174,9.49421
1770178416879357535,0.668659,0.000931138,0.00775011,-0.743528,-0.0138484,-0.0170442,-0.00639159,0.169988,0.0023942,9.55406
1770178416899437632,0.668628,0.000876956,0.00788208,-0.743555,-0.0245011,-0.00745685,-0.0138484,0.134075,-0.0981623,9.44991
1770178416919515713,0.668615,0.000802978,0.0081306,-0.743564,-0.0372843,0.00639159,-0.00958738,-0.0610521,-0.354342,9.5816
1770178416939596546,0.668602,0.00078814,0.00833342,-0.743573,-0.0149137,0.00532632,0.00106526,-0.189142,-0.333991,9.55765
1770178416959672963,0.668624,0.000775371,0.00841897,-0.743553,-0.00745685,-0.0234358,0.00319579,-0.248997,-0.464475,9.56484
1770178416979748996,0.668605,0.000719435,0.00840311,-0.74357,-0.0127832,-0.0255663,-0.00958738,-0.201113,-0.307655,9.47146
1770178416999831909,0.668571,0.000641083,0.00834189,-0.743601,-0.0276969,-0.0234358,-0.00532632,-0.149638,-0.300472,9.5373
1770178417019924678,0.668567,0.000605238,0.00827524,-0.743606,0.0106526,-0.0223706,-0.00532632,0.0622492,-0.272939,9.4571
1770178417040001415,0.66856,0.000633853,0.00814062,-0.743613,-0.0117179,0.00532632,-0.00745685,0.117316,-0.245406,9.51456
1770178417060076776,0.668552,0.000743099,0.00793151,-0.743623,0.0149137,-0.02024,-0.00958738,0.196325,-0.0706289,9.51935
1770178417080149001,0.668522,0.000808738,0.00782732,-0.743651,0,-0.0106526,-0.0106526,0.152032,-0.0526724,9.58998
1770178417100226570,0.668504,0.000889766,0.00790345,-0.743666,-0.0170442,0.0181095,-0.00106526,0.0299275,-0.11971,9.53251
1770178417120300523,0.668505,0.00100257,0.0080387,-0.743664,-0.0138484,0.0138484,-0.0106526,-0.106542,-0.174777,9.50977
1770178417140377004,0.668504,0.00108983,0.00811416,-0.743664,-0.0117179,0.00426106,-0.00852211,-0.192733,-0.15682,9.50498
1770178417160461453,0.668499,0.00110263,0.00816627,-0.743668,-0.00852211,-0.0117179,-0.00639159,-0.227449,-0.190339,9.53251
1770178417180537678,0.668477,0.00101952,0.0082209,-0.743687,-0.0245011,-0.0127832,-0.0149137,-0.158017,-0.214281,9.4954
1770178417200611727,0.668455,0.000870221,0.0082386,-0.743707,-0.015979,-0.02024,0.00106526,-0.124498,-0.331597,9.48942
1770178417220688752,0.668462,0.000803757,0.00819441,-0.743701,-0.0127832,-0.0191748,0.00319579,-0.0107739,-0.268151,9.43076
1770178417240772593,0.668457,0.000728168,0.00808924,-0.743707,0.00319579,-0.0372843,0,0.142455,-0.196325,9.51935
1770178417260846002,0.668429,0.00062741,0.00796859,-0.743733,-0.0287621,0.00532632,-0.0223706,0.250194,-0.160412,9.55765
1770178417280922323,0.668403,0.000584093,0.00798048,-0.743757,-0.00532632,-0.0149137,-0.00958738,0.214281,-0.387861,9.56603
1770178417300995731,0.66839,0.000628063,0.00802412,-0.743768,0.00426106,-0.00958738,-0.00426106,0.0179565,-0.235829,9.50857
1770178417321070708,0.668388,0.000752431,0.00807752,-0.743768,-0.00532632,0.00213053,0.00532632,-0.0167594,-0.310049,9.53012
1770178417341144437,0.668374,0.000836978,0.00810092,-0.743781,-0.00958738,0.00852211,-0.00958738,-0.0909797,-0.189142,9.4966
1770178417361219990,0.668343,0.000873982,0.00814264,-0.743809,-0.0213053,0.015979,-0.00958738,-0.161609,-0.257377,9.50139
1770178417381296471,0.668321,0.00089616,0.00812437,-0.743828,0.00213053,-0.0287621,-0.0106526,-0.190339,-0.25618,9.42597
1770178417401372024,0.668318,0.000941248,0.00809201,-0.743831,-0.0117179,-0.00745685,-0.00213053,-0.171185,-0.216675,9.4954
1770178417421448665,0.668327,0.000949287,0.00800238,-0.743824,0.00852211,-0.0330232,-0.00213053,-0.0562637,-0.0586579,9.47984
1770178417441524858,0.668303,0.00086751,0.00790875,-0.743847,-0.00532632,-0.0266316,-0.00639159,0.159214,-0.15682,9.56723
1770178417461601083,0.66828,0.000734669,0.00786894,-0.743868,-0.0191748,-0.00745685,0.00213053,0.0933739,-0.209493,9.55287
1770178417481676380,0.668278,0.000652305,0.00788361,-0.74387,-0.00745685,-0.0223706,0.00106526,0.0622492,-0.209493,9.53611
1770178417501751261,0.668311,0.000637271,0.00796585,-0.743839,-0.00426106,0.00426106,-0.00106526,0.0454898,-0.23104,9.4978
1770178417521827549,0.668299,0.000664065,0.00802513,-0.743849,-0.00532632,-0.0138484,-0.0127832,-0.0215478,-0.237026,9.54927
1770178417541904446,0.66827,0.000674064,0.00812484,-0.743874,-0.00958738,-0.0181095,-0.0127832,-0.0550666,-0.305261,9.51097
1770178417561987359,0.668253,0.000635329,0.00816781,-0.743889,0.00106526,-0.0138484,-0.00745685,-0.0826,-0.405817,9.51815
1770178417582066464,0.668269,0.00065421,0.00815185,-0.743875,-0.00213053,0,-0.00532632,-0.118513,-0.2478,9.47505
1770178417602143745,0.668264,0.00073928,0.00808664,-0.74388,0.00106526,-0.00106526,-0.00213053,-0.0502782,-0.268151,9.51815
1770178417622237891,0.668267,0.000809232,0.00800198,-0.743878,0.0149137,-0.00852211,-0.00745685,0.0526724,-0.214281,9.60793
1770178417642317156,0.668237,0.000773161,0.00801074,-0.743905,-0.0266316,-0.00745685,-0.00426106,0.011971,-0.262165,9.52413
1770178417662395045,0.668226,0.000763497,0.00796221,-0.743915,0.00639159,-0.00639159,-0.00532632,0.047884,-0.168791,9.56244
1770178417682475590,0.668235,0.000794448,0.0078844,-0.743908,-0.00852211,-0.00106526,-0.00532632,0.0299275,-0.110133,9.48224
1770178417702554055,0.668212,0.000823263,0.0078444,-0.743929,-0.00745685,-0.0138484,-0.00213053,0.0826,-0.0897826,9.50857
1770178417722634824,0.668206,0.000784466,0.00795747,-0.743933,-0.0298274,-0.00426106,-0.0149137,0.0191536,-0.227449,9.53012
1770178417742710537,0.668179,0.000738763,0.00808131,-0.743956,-0.0223706,-0.0213053,-0.0138484,-0.0921768,-0.304064,9.45111
1770178417762787370,0.668182,0.000730242,0.00809642,-0.743953,-0.0106526,-0.0170442,-0.00319579,-0.130484,-0.250194,9.46548
1770178417782863370,0.66818,0.000751388,0.00804428,-0.743955,-0.0149137,-0.00106526,-0.00213053,-0.106542,-0.204704,9.61511
1770178417802949516,0.668171,0.000709568,0.00802187,-0.743964,0,-0.0149137,-0.00958738,-0.00957681,-0.257377,9.47745
1770178417823027309,0.668132,0.000600006,0.00801992,-0.743999,0.00532632,-0.00958738,-0.0106526,0.0323217,-0.32202,9.56962
1770178417843104366,0.668149,0.000564666,0.00804392,-0.743984,-0.00426106,-0.00426106,-0.00319579,0.0035913,-0.280122,9.51815
1770178417863181870,0.668151,0.000624216,0.00801518,-0.743982,0.00213053,0.00106526,-0.00958738,0.0107739,-0.201113,9.51336
1770178417883257167,0.668131,0.000655286,0.0079077,-0.744001,-0.0106526,-0.00958738,-0.00745685,0.0550666,-0.158017,9.52413
1770178417903336048,0.668112,0.000650153,0.00789806,-0.744018,-0.0149137,-0.0149137,-0.00319579,0.0706289,-0.21069,9.42956
1770178417923413233,0.668087,0.000627111,0.00796428,-0.74404,-0.0149137,-0.0138484,-0.00319579,-0.0155623,-0.270545,9.48822
1770178417943488850,0.668109,0.000698161,0.00801038,-0.74402,-0.00958738,0.00532632,0,-0.0849942,-0.171185,9.48463
1770178417963557747,0.668091,0.000790458,0.00799104,-0.744037,0.00745685,-0.0213053,-0.0127832,-0.102951,-0.184354,9.54927
1770178417983632852,0.66807,0.000776914,0.00798268,-0.744055,-0.0149137,-0.00213053,-0.0117179,-0.0861913,-0.137667,9.5816
1770178418003709173,0.668074,0.000674222,0.00800461,-0.744051,-0.00426106,-0.0298274,-0.00958738,-0.118513,-0.311246,9.52533
1770178418023785654,0.668076,0.000632972,0.00801524,-0.744049,0.00639159,-0.0213053,-0.00852211,-0.0658405,-0.300472,9.7037
1770178418043862487,0.668079,0.000626025,0.00802354,-0.744047,0,-0.00958738,-0.00852211,-0.0574608,-0.287304,9.57202
1770178418063939160,0.668083,0.000637169,0.00804721,-0.744043,-0.00639159,0.00106526,-0.0149137,0.0407014,-0.166397,9.43316
1770178418084013049,0.668066,0.000591574,0.00807636,-0.744058,-0.00532632,-0.0266316,-0.00852211,0.11133,-0.216675,9.39365
1770178418104089017,0.668052,0.00053634,0.00807415,-0.74407,-0.0117179,-0.00426106,-0.0106526,-0.0335188,-0.372298,9.50857
1770178418124162170,0.668051,0.000561809,0.00806517,-0.744071,-0.0117179,-0.0117179,0.00106526,-0.0227449,-0.232238,9.46548
1770178418144237947,0.668032,0.000652597,0.00807673,-0.744088,-0.00532632,0.00426106,-0.0117179,-0.0849942,-0.143652,9.53611
1770178418164313372,0.668028,0.00069665,0.00811856,-0.744092,-0.00106526,-0.0181095,-0.00106526,0.0502782,-0.197522,9.55047
1770178418184390589,0.668001,0.000688856,0.00815139,-0.744116,-0.0127832,-0.0298274,0,-0.0706289,-0.298078,9.53491
1770178418204467742,0.668056,-0.000841205,0.00973329,-0.744047,-1.14409,0.072438,0.076699,2.10091,8.26359,9.30267
1770178418224544703,0.668874,-0.00867762,0.0187685,-0.743088,-1.15155,0.0394148,0.142745,2.15119,0.0849942,1.86748
1770178418244622400,0.669251,-0.00829977,0.0193097,-0.742739,0.72651,-0.052198,0.0149137,0.480037,-1.49278,2.40857
1770178418264695969,0.668883,-0.0010582,0.0102206,-0.743297,0.952346,0.076699,-0.11931,-0.691924,2.43251,13.7164
1770178418284771586,0.667876,0.00286788,0.00794653,-0.744225,0.444215,-0.0436758,-0.157659,-0.859518,-1.37307,8.37252
1770178418304852867,0.667531,0.00459236,0.00562935,-0.744546,0.0234358,0.056459,0.0511327,-0.835576,0.62369,9.15303
1770178418324925252,0.667941,0.00489593,0.00471253,-0.744183,0.0181095,-0.165116,-0.0138484,0.40462,0.384269,10.1143
1770178418345000005,0.667708,0.00353268,0.00493472,-0.744399,-0.0149137,0.00319579,-0.0340885,1.25935,-1.55025,7.99065
1770178418365077573,0.667803,0.00290479,0.00478515,-0.744317,-0.0841559,-0.015979,0.0330232,1.78129,-0.0407014,8.51737
1770178418385154214,0.668004,0.000721909,0.00626166,-0.744131,-0.407996,-0.036219,-0.00852211,1.53827,0.81762,10.5548
1770178418405230791,0.66793,-0.00222581,0.00911096,-0.744165,-0.274838,0.0649811,0.00532632,0.520739,-0.533907,10.5333
1770178418425307816,0.668212,-0.00105059,0.00922747,-0.743913,0.153398,0.1012,0.0308927,-0.243011,0.798466,9.22366
1770178418445381833,0.668157,0.000189488,0.00919884,-0.743963,-0.0703074,0.0383495,-0.0415453,-0.682347,1.30963,9.98143
1770178418465459818,0.667949,0.000861013,0.00954991,-0.744145,0.0585895,0.0468716,-0.00213053,-1.17316,-0.0335188,9.94671
1770178418485536651,0.668022,0.00244002,0.00861917,-0.744088,0.184291,0.00958738,0.00106526,-1.52271,-0.122104,10.1347
1770178418505613260,0.66795,0.00338093,0.00760654,-0.74416,0.0553937,-0.0649811,-0.0213053,-0.818817,-0.172383,9.59596
1770178418525691085,0.667874,0.00292832,0.00718725,-0.744234,-0.0649811,-0.110787,-0.00213053,-0.222661,-0.349553,9.086
1770178418545767054,0.66797,0.00158792,0.00728992,-0.744151,-0.127832,-0.113983,0.00639159,0.452504,-0.430956,9.70729
1770178418565839279,0.667907,-0.000101499,0.00773937,-0.744204,-0.164051,-0.0948085,-0.00106526,0.830788,-0.521936,9.67976
1770178418585916816,0.667971,-0.00183195,0.00854729,-0.744136,-0.185356,-0.0511327,0.0127832,0.951695,-0.312443,9.3745
1770178418606007633,0.668011,-0.00303139,0.0094,-0.744086,-0.0809601,0.0138484,0.00319579,0.92895,-0.503979,9.50977
1770178418626084530,0.66796,-0.00276498,0.00957381,-0.744131,0.0276969,0.0607201,-0.00532632,0.794875,-0.435745,9.38288
1770178418646157011,0.667941,-0.0020953,0.00983986,-0.744146,0.0351537,0.0681769,-0.00639159,0.0538695,-0.622492,9.37809
1770178418666235316,0.667933,-0.00116642,0.00981818,-0.744156,0.0948085,0.052198,-0.0138484,-0.298078,-0.594959,9.73482
1770178418686315029,0.667932,6.86364e-05,0.00959052,-0.744161,0.0639159,0.0213053,-0.00639159,-0.833182,-0.280122,9.54568
1770178418706391926,0.667908,0.000790398,0.00942355,-0.744184,0.0649811,0.00958738,-0.0106526,-0.888249,-0.395043,9.4128
1770178418726470711,0.667875,0.00129198,0.00903813,-0.744218,0.0394148,-0.0436758,-0.00958738,-0.80086,-0.283713,9.38527
1770178423759607107,0.66544,0.000750831,0.00801277,-0.746408,-0.00639159,-0.0191748,-0.00639159,0.011971,-0.160412,9.55287
1770178423779684740,0.665421,0.000726654,0.00800653,-0.746425,-0.0149137,-0.00852211,-0.0127832,-0.0275333,-0.191536,9.53491
1770178423799761541,0.665405,0.000696022,0.00805612,-0.746438,-0.0276969,0.00213053,-0.0127832,-0.0395043,-0.12809,9.57441
1770178423819841254,0.665412,0.000611906,0.00809636,-0.746432,0.00106526,-0.00639159,-0.00106526,-0.135272,-0.174777,9.71926
1770178423839922055,0.665431,0.000707228,0.00802329,-0.746416,0,-0.0149137,-0.00852211,-0.059855,-0.112527,9.54808
1770178423859994952,0.665367,0.000806766,0.00793211,-0.746474,0.0106526,0.00852211,-0.0127832,-0.0059855,-0.251391,9.51336
1770178423880075241,0.665359,0.00088523,0.00784235,-0.746482,-0.00639159,-0.0191748,-0.00106526,0.00837971,-0.171185,9.54568
1770178423900154378,0.665335,0.000827563,0.00789865,-0.746503,-0.0117179,-0.0117179,-0.0245011,0.0059855,-0.295684,9.5385
1770178423920231659,0.665346,0.00078792,0.0079663,-0.746492,-0.0191748,-0.00106526,0.00852211,-0.035913,-0.19393,9.47625
1770178423940311660,0.665359,0.000723512,0.00795025,-0.746481,-0.015979,-0.0170442,-0.0117179,0.0323217,-0.169988,9.48822
1770178423960388749,0.665329,0.000751825,0.00787544,-0.746508,0.0106526,-0.02024,-0.00639159,-0.0047884,-0.197522,9.61152
1770178423980461870,0.66529,0.000833943,0.00788437,-0.746543,-0.00319579,0.00958738,-0.00106526,-0.0586579,-0.251391,9.50857
1770178424000541487,0.66528,0.000885466,0.00790941,-0.746551,-0.00745685,-0.00639159,0.00319579,-0.0826,-0.241814,9.60314
1770178424020626864,0.665273,0.000831233,0.00792975,-0.746558,-0.0276969,-0.0330232,-0.00852211,-0.0969652,-0.136469,9.52294
1770178424040700465,0.665255,0.000719866,0.00790931,-0.746574,-0.00319579,-0.0170442,-0.0117179,-0.0023942,-0.27653,9.578
1770178424060780082,0.665252,0.00073076,0.00793403,-0.746576,-0.0213053,0.015979,0.00958738,0.0826,-0.227449,9.50139
1770178424080858419,0.665226,0.000794225,0.00793386,-0.7466,0.00106526,0.00745685,0.00106526,-0.0682347,-0.353145,9.4559
1770178424100938132,0.665249,0.000797729,0.00792882,-0.746579,-0.0276969,-0.0127832,-0.0127832,-0.0490811,-0.131681,9.4559
1770178424121015509,0.665225,0.00074854,0.00792203,-0.746601,-0.00639159,-0.0234358,-0.00213053,-0.0023942,-0.207098,9.56603
1770178424141093526,0.665231,0.000715785,0.00794632,-0.746595,-0.0245011,-0.0149137,-0.00426106,0.0107739,-0.0885855,9.55047
1770178424161170391,0.66521,0.000716493,0.00796699,-0.746613,-0.0117179,0.0138484,-0.0138484,-0.0502782,-0.316035,9.50019
1770178424181249912,0.665243,0.000793427,0.00799581,-0.746584,-0.015979,-0.00532632,-0.00639159,-0.0418985,-0.191536,9.4954
1770178424201327640,0.665216,0.000834006,0.00797529,-0.746608,-0.0149137,-0.00106526,-0.0117179,-0.0981623,-0.243011,9.55406
1770178424221408057,0.665214,0.000841419,0.00791977,-0.746611,-0.0106526,-0.0181095,-0.00319579,0.0179565,-0.1652,9.48463
1770178424241480346,0.665175,0.000750699,0.00794722,-0.746645,0,-0.0298274,-0.00639159,-0.011971,-0.225055,9.43435
1770178424261560795,0.665196,0.000778483,0.00797553,-0.746626,-0.0138484,-0.0170442,-0.00106526,-0.0263362,-0.192733,9.56603
1770178424281637628,0.665195,0.000815217,0.00800452,-0.746626,0.00106526,-0.0234358,0.00532632,-0.102951,-0.2478,9.57322
1770178424301713949,0.66519,0.000864553,0.00792689,-0.746631,-0.00532632,-0.0255663,-0.0149137,0.0418985,-0.0706289,9.54688
1770178424321793726,0.665164,0.000787928,0.00791042,-0.746655,-0.00213053,-0.0191748,-0.00958738,-0.0143652,-0.229843,9.57441
1770178424341869119,0.665158,0.000753434,0.00795228,-0.74666,-0.0191748,-0.00532632,-0.00852211,-0.0311246,-0.126893,9.52892
1770178424361948256,0.665128,0.000761488,0.00798847,-0.746686,-0.00106526,-0.0138484,-0.0106526,-0.0562637,-0.280122,9.56843
1770178424382024033,0.665141,0.000854455,0.00794869,-0.746675,0.00532632,-0.0245011,-0.00745685,-0.047884,-0.180762,9.51695
1770178424402103490,0.665123,0.000811849,0.00792323,-0.746692,0.00958738,-0.0234358,-0.00745685,-0.0227449,-0.155623,9.4966
1770178424422183395,0.665135,0.000809663,0.00790931,-0.746681,-0.0234358,-0.0181095,0.00319579,0.0107739,-0.166397,9.4954
1770178424442262532,0.665126,0.000752783,0.00797907,-0.746688,0.00319579,-0.00852211,-0.00426106,-0.0526724,-0.355539,9.44153
1770178424462340229,0.665147,0.000796127,0.0079632,-0.746669,-0.00319579,-0.00852211,-0.00106526,-0.0263362,-0.241814,9.55765
1770178424482411238,0.665124,0.000815426,0.0079064,-0.74669,0.00213053,-0.0106526,0.00213053,-0.0227449,-0.253785,9.5397
1770178424502491143,0.66512,0.000803184,0.00787176,-0.746695,-0.0319579,-0.015979,0.00532632,0.023942,-0.0227449,9.52174
1770178424522563528,0.665084,0.000750133,0.00790825,-0.746727,-0.0138484,-0.00319579,-0.00852211,-0.0371101,-0.317232,9.54808
1770178424542647305,0.665108,0.000756251,0.00794238,-0.746704,-0.00639159,-0.0181095,-0.015979,-0.0395043,-0.185551,9.5804
1770178424562734890,0.665086,0.000783865,0.00795039,-0.746724,0.00106526,-0.00958738,-0.00106526,-0.0706289,-0.282516,9.50498
1770178424582809899,0.665081,0.00081424,0.00792959,-0.746729,-0.00852211,-0.00745685,-0.0106526,-0.0418985,-0.108936,9.49062
1770178424602888076,0.665043,0.00075866,0.00793819,-0.746762,0.0106526,-0.0170442,-0.00852211,0.0275333,-0.35913,9.59117
1770178424622967821,0.665055,0.000722288,0.00800265,-0.746751,-0.0106526,-0.00958738,0,-0.047884,-0.192733,9.50019
1770178424643046286,0.665044,0.000728718,0.00801175,-0.746761,0.0117179,-0.0255663,-0.00106526,-0.0466869,-0.278924,9.51216
1770178424663132527,0.665053,0.000751983,0.00796539,-0.746753,-0.00426106,-0.0181095,-0.00426106,-0.0514753,-0.136469,9.53371
1770178424683212784,0.66502,0.00074652,0.00789894,-0.746784,0.0298274,-0.0170442,-0.0181095,0.0706289,-0.2478,9.63906
1770178424703297841,0.665016,0.000733794,0.00794684,-0.746786,-0.0223706,-0.0255663,-0.0106526,-0.0371101,-0.112527,9.59596
1770178424723368114,0.664999,0.000670554,0.0080516,-0.7468,-0.00958738,0.00852211,-0.00639159,-0.0754174,-0.235829,9.43794
1770178424743443091,0.665038,0.0007493,0.00799058,-0.746767,-0.00745685,-0.0266316,-0.00106526,-0.0418985,-0.104148,9.54568
1770178424763529076,0.664999,0.00070697,0.00795875,-0.746801,0.00745685,-0.00106526,-0.0117179,0.0766145,-0.319626,9.49181
1770178424783610261,0.665012,0.000738865,0.00793834,-0.746791,-0.0458064,-0.0127832,-0.00745685,0.0191536,-0.102951,9.46308
1770178424803698262,0.664965,0.000722401,0.00798508,-0.746831,0.00106526,-0.00745685,-0.00745685,-0.0251391,-0.381875,9.55526
1770178424823779383,0.66498,0.000738058,0.00798029,-0.746818,-0.0298274,-0.0127832,-0.00213053,-0.059855,-0.112527,9.61152
1770178424843849240,0.664972,0.000681552,0.00792809,-0.746826,0.0223706,-0.0223706,-0.00958738,0.0107739,-0.225055,9.56484
1770178424863925177,0.664971,0.000695951,0.00783079,-0.746828,-0.0117179,-0.0106526,0.00106526,0.0490811,-0.161609,9.46308
1770178424883998554,0.664912,0.000646079,0.00789319,-0.74688,0.00958738,-0.00426106,-0.015979,-0.0107739,-0.417788,9.51695
1770178424904077755,0.664931,0.000691161,0.00794033,-0.746862,-0.0266316,-0.0138484,0.00639159,-0.0526724,-0.150835,9.50378
1770178424924157084,0.664913,0.000646419,0.007898,-0.746879,0.0191748,-0.0170442,-0.015979,-0.0562637,-0.295684,9.56484
1770178424944233981,0.664933,0.000653417,0.00785019,-0.746861,-0.0330232,-0.00745685,0,0.0035913,-0.0706289,9.54449
1770178424964312606,0.664869,0.00062858,0.00781443,-0.746919,0.0266316,-0.0181095,-0.00958738,-0.0131681,-0.332794,9.52413
1770178424984390271,0.6649,0.000662714,0.00786694,-0.746891,-0.0287621,-0.0255663,-0.00319579,-0.0682347,-0.214281,9.47625
1770178425004466463,0.664859,0.000661258,0.00782894,-0.746928,0.00532632,-0.0223706,0.00319579,-0.059855,-0.343568,9.4978
1770178425024545568,0.664892,0.000674357,0.00779332,-0.746899,-0.0287621,-0.0276969,-0.00106526,0.0023942,-0.0921768,9.52653
1770178425044621153,0.664842,0.000676573,0.00777561,-0.746943,-0.00319579,0.00106526,0.00213053,0.0418985,-0.270545,9.55047
1770178425064700802,0.664852,0.000665379,0.00781609,-0.746934,-0.0351537,-0.0213053,-0.015979,-0.0538695,-0.136469,9.54927
1770178425084777923,0.664814,0.00064878,0.00785684,-0.746967,0.0213053,-0.0149137,-0.00639159,-0.0885855,-0.253785,9.59237
1770178425104851364,0.664845,0.000679475,0.00784061,-0.74694,-0.0340885,-0.0138484,-0.0127832,-0.0442927,-0.104148,9.50019
1770178425124929893,0.66479,0.000677869,0.00780398,-0.74699,0.00852211,0.0138484,-0.00639159,-0.0287304,-0.263362,9.57082
1770178425145008230,0.664784,0.00065767,0.00781791,-0.746995,-0.0234358,-0.02024,-0.0127832,0.00718261,-0.153229,9.43914
1770178425165087079,0.664734,0.000631577,0.00788129,-0.747038,0.00426106,-0.0213053,-0.00958738,-0.0131681,-0.385466,9.46069
1770178425185166088,0.664759,0.000680325,0.007884,-0.747016,-0.0223706,-0.00852211,0.00426106,-0.059855,-0.0814029,9.43675
1770178425205247113,0.664728,0.000690412,0.00781443,-0.747044,-0.00745685,-0.0117179,-0.0106526,-0.0107739,-0.294487,9.49301
1770178425225321354,0.664739,0.000663075,0.00777642,-0.747035,-0.04048,-0.00958738,-0.00532632,0.0502782,-0.102951,9.5804
1770178425245398859,0.664689,0.000620694,0.00784306,-0.747079,-0.00639159,-0.00745685,-0.00532632,-0.0275333,-0.310049,9.59117
1770178425265475212,0.664725,0.000677503,0.00787949,-0.747046,-0.015979,-0.0287621,-0.00852211,-0.0742203,-0.191536,9.52773
1770178425285552365,0.664752,0.000188757,0.00866436,-0.747014,-0.907605,0.167246,0.0745685,-0.397437,2.05303,10.2017
1770178425305626926,0.664584,-0.0172987,0.0247478,-0.746603,-1.57659,-0.193878,-0.0276969,0.596156,-9.2081,17.686
1770178425325704623,0.663779,-0.0269353,0.0310039,-0.7468,-0.153398,-0.393083,-0.145941,-4.14197,1.39702,-2.24935
1770178425345782576,0.663647,-0.0208737,0.023159,-0.747396,1.9015,0.197074,-0.0181095,-1.30364,-0.705092,2.30322
1770178425365856081,0.664589,0.000168978,0.00940207,-0.74715,2.57155,1.19523,0.183225,2.98796,-5.7377,15.3061
1770178425385932369,0.665477,0.0137619,-0.0016593,-0.746289,1.9473,-0.0106526,0.0447411,2.45047,-6.71574,4.24971
1770178425406008690,0.665851,0.033212,-0.018122,-0.745125,2.01974,0.475108,0.0181095,-0.0347159,-1.95367,0.0131681
1770178425426080531,0.665305,0.0380954,-0.0208732,-0.745307,-0.662594,-0.0532632,-0.215183,-0.756568,3.11845,11.5975
1770178425446158932,0.663481,0.031987,-0.0170777,-0.747314,-0.555003,-0.320645,-0.266316,-0.849942,-0.975637,3.36864
1770178425466234101,0.662322,0.0211818,-0.00807459,-0.748876,-2.03572,-0.197074,-0.0873517,-1.62686,1.59813,17.4585
1770178425486307318,0.663276,0.00854504,0.00487878,-0.74831,-1.40615,-0.377104,0.22264,-1.69869,0.867898,8.71729
1770178425506385591,0.665264,0.00181461,0.00893434,-0.746552,-0.519849,-0.246076,0.237554,-1.901,3.64876,5.14035
1770178425526462424,0.666307,0.000317866,0.0115776,-0.745588,-0.0852211,0.120375,-0.0117179,-0.312443,2.26491,7.77756
1770178425546545977,0.66543,0.000962677,0.00932774,-0.746401,0.178964,-0.296143,-0.140615,-0.0371101,3.33632,7.70933
1770178425566626490,0.665148,0.002301,0.00667814,-0.746678,0.40267,0.04048,0.0266316,0.585382,1.31801,10.8038
1770178425586705403,0.665084,0.00455657,0.00389785,-0.746744,0.0756338,0.00852211,-0.0777643,1.29167,1.82678,11.0421
1770178425606783772,0.664381,0.0053939,0.0035702,-0.747366,0.105461,0.0351537,-0.0916127,0.869095,-0.745794,9.36731
1770178425626860349,0.664164,0.00514083,0.00449459,-0.747556,-0.252468,0.0245011,0.0213053,0.59855,-0.664391,8.85615
1770178425646937982,0.664406,0.00289737,0.00698149,-0.747334,-0.389887,0.00213053,0.0234358,0.0909797,-1.45328,9.83059
1770178425667017503,0.664314,-0.000453446,0.010576,-0.747379,-0.525175,-0.0798948,-0.0319579,-0.312443,-1.90938,8.96389
1770178425687090400,0.664286,-0.00510328,0.0151129,-0.747308,-0.607201,-0.0426106,0.02024,-0.539892,-2.58454,9.83538
1770178425707169729,0.664579,-0.00778821,0.0184754,-0.746949,-0.285491,0.0415453,0.0351537,-0.630872,-2.40857,8.7939
1770178425727250786,0.664715,-0.00970881,0.0205537,-0.746751,-0.189617,-0.0468716,-0.00213053,-0.438139,-2.13563,10.0317
1770178425747329667,0.664675,-0.010599,0.021434,-0.74675,0.0117179,-0.04048,-0.0149137,-0.0430956,-1.93332,9.04051
1770178425767404868,0.66464,-0.00965966,0.0198911,-0.746837,0.389887,-0.0415453,-0.00745685,0.237026,-1.67594,9.11951
1770178425787481733,0.664752,-0.00578924,0.0151339,-0.746888,0.768056,-0.0394148,0.00745685,0.432153,-1.1983,9.11712
1770178425807562374,0.664756,-0.000448006,0.00932048,-0.747002,0.654072,0.102265,-0.02024,0.658405,0.843956,11.6825
1770178425827635686,0.664398,0.00410251,0.00559636,-0.747347,0.558199,0.0681769,-0.076699,0.296881,0.472855,8.7125
1770178425847713959,0.664075,0.00825837,0.00252026,-0.747616,0.366451,0.0990696,0.00106526,0.317232,1.239,9.91678
1770178425867784808,0.664223,0.0100883,0.00133855,-0.747465,-0.0394148,0.0415453,0.00319579,0.0814029,1.80164,8.90044
1770178425887858377,0.664168,0.0105044,0.00156787,-0.747508,-0.0330232,0.0543285,-0.0191748,-0.272939,1.42575,9.85214
1770178425907932458,0.664119,0.0106297,0.00218627,-0.747548,-0.0873517,0,-0.00213053,-0.794875,1.4042,9.57441
1770178425928010667,0.664168,0.0103317,0.00281135,-0.747506,-0.124636,-0.036219,-0.00532632,-1.04387,1.2402,9.62708
1770178425948090700,0.664126,0.00930502,0.00372096,-0.747554,-0.198139,-0.0468716,-0.0170442,-0.916979,0.508768,9.34696
1770178425968170157,0.664135,0.00760422,0.0047689,-0.747559,-0.226901,-0.0905475,-0.00639159,-0.677559,-0.0215478,9.6199
1770178425988248110,0.664133,0.00555143,0.00589745,-0.747571,-0.286556,-0.122505,-0.0127832,-0.39624,-0.214281,9.46787
1770178426008324879,0.664178,0.0020942,0.00784658,-0.747531,-0.381365,-0.147006,0.00958738,0.196325,-0.586579,9.58758
1770178426028398768,0.664303,-0.00138768,0.00998278,-0.747395,-0.381365,-0.107592,0.0106526,0.605733,-0.876278,9.69891
1770178426048480273,0.664331,-0.00328801,0.0111915,-0.747348,-0.104396,-0.0340885,-0.00426106,0.803255,-1.68432,9.30626
1770178426068558866,0.664249,-0.00365175,0.0111623,-0.74742,0.00639159,0.00319579,-0.015979,0.806846,-1.20787,9.58758
1770178426088637843,0.664226,-0.00342863,0.0109971,-0.747443,0.0713727,0.0191748,-0.00639159,0.693121,-1.3204,9.41759
1770178426108720340,0.664293,-0.00282874,0.0108498,-0.747388,0.0330232,0.0575243,0.0106526,0.518345,-1.09415,9.39126
1770178426128799349,0.664274,-0.00222797,0.0108994,-0.747407,0.0660464,0.0628506,-0.0149137,0.234632,-1.09415,9.50737
1770178426148879254,0.664246,-0.00124244,0.0106868,-0.747436,0.108657,0.0383495,-0.0191748,-0.146046,-0.875081,9.42358
1770178426168959063,0.664272,-0.000143233,0.0102527,-0.747421,0.128897,0.0468716,0.00319579,-0.635661,-0.533907,9.41999
1770178426189037592,0.664294,0.001278,0.00938547,-0.747411,0.185356,-0.00213053,0.00106526,-0.702698,-0.0035913,9.55885
1770178426209119161,0.664264,0.00285902,0.0081616,-0.747448,0.193878,0.00319579,-0.0138484,-0.610521,0.427365,9.54927
1770178426229193658,0.664218,0.00457714,0.00663542,-0.747496,0.183225,-0.00319579,-0.00639159,-0.36751,0.731429,9.59835
1770178426249274235,0.664156,0.00580183,0.00533672,-0.747552,0.131028,-0.0170442,-0.00639159,-0.204704,0.810437,9.63307
1770178426269353660,0.664113,0.00651352,0.00443248,-0.747591,0.0287621,-0.0117179,-0.00958738,0.0371101,0.873884,9.44872
1770178426289427997,0.664116,0.00629359,0.0042812,-0.74759,-0.0937433,-0.0351537,-0.00532632,0.2478,0.711078,9.44752
1770178426309510270,0.664123,0.00531652,0.004876,-0.747588,-0.183225,-0.0287621,-0.00319579,0.318429,0.466869,9.45231
1770178426329591103,0.664113,0.00374036,0.00616403,-0.747598,-0.248207,-0.0372843,-0.00958738,0.195127,-0.00957681,9.68933
1770178426349667840,0.664132,0.00195585,0.00782068,-0.747572,-0.243946,-0.0276969,-0.00319579,-0.0335188,-0.287304,9.55406
1770178426369746017,0.664187,0.000217222,0.00945657,-0.747506,-0.217314,-0.0223706,0.00745685,-0.221464,-0.682347,9.57561
1770178426389819073,0.664201,-0.000770542,0.0104022,-0.747481,-0.0511327,-0.0223706,-0.0191748,-0.229843,-0.980426,9.44273
1770178426409897922,0.664135,-0.00093669,0.0105327,-0.747538,0,-0.0266316,-0.0149137,-0.148441,-0.988805,9.55406
1770178426429982020,0.664102,-0.000877211,0.0103805,-0.747569,0.0213053,-0.015979,0.00213053,-0.0454898,-0.985214,9.61511
1770178426450063557,0.664131,-0.000958355,0.0102467,-0.747546,0.0106526,-0.0287621,-0.00213053,0.0634463,-0.770933,9.54209
1770178426470143046,0.664131,-0.000985858,0.0101022,-0.747547,0.0213053,-0.0191748,-0.00106526,0.207098,-0.639252,9.50259
1770178426490220167,0.664139,-0.00085642,0.00978398,-0.747544,0.0468716,-0.015979,-0.00106526,0.28491,-0.654814,9.45949
1770178426510298375,0.664132,-0.000393064,0.00931091,-0.747557,0.0809601,0.0234358,-0.0106526,0.420182,-0.323217,9.52773
1770178426530373992,0.664105,0.000399206,0.00871988,-0.747588,0.092678,0.0330232,-0.00213053,0.15682,-0.203507,9.59476
1770178426550455977,0.664126,0.00152791,0.00809256,-0.747575,0.0862864,0.0319579,-0.00852211,0.0155623,0.17358,9.54927
1770178426570530602,0.664094,0.00248249,0.00763719,-0.747606,0.0575243,0.0553937,-0.00426106,-0.140061,0.237026,9.48343
1770178426590609963,0.664055,0.00320367,0.00733784,-0.747641,0.0351537,0.00426106,-0.00639159,-0.245406,0.272939,9.4954
1770178426610691052,0.664031,0.00346394,0.00728058,-0.747662,-0.0149137,-0.02024,-0.0117179,-0.432153,0.217872,9.55526
1770178426630766157,0.664025,0.00332894,0.00738994,-0.747666,-0.0553937,-0.0287621,-0.00106526,-0.410606,0.144849,9.59357
1770178426650847598,0.664014,0.00288361,0.00759839,-0.747676,-0.0660464,-0.04048,-0.00852211,-0.318429,0.0347159,9.52533
1770178426670922863,0.664003,0.00227962,0.00790743,-0.747685,-0.0756338,-0.0490022,-0.0127832,-0.0371101,-0.135272,9.44632
1770178426691001584,0.663971,0.0015699,0.00819358,-0.747711,-0.0703074,-0.0426106,-0.00639159,0.129287,-0.312443,9.4954
1770178426711082833,0.663969,0.000857812,0.00848288,-0.747711,-0.0788296,-0.0468716,-0.00958738,0.225055,-0.413,9.4547
1770178426731161906,0.663974,0.000214146,0.00879325,-0.747704,-0.0553937,-0.0181095,0.00213053,0.268151,-0.436942,9.54808
1770178426751244179,0.663971,-0.000192675,0.00908211,-0.747703,-0.0703074,-0.00319579,-0.0127832,0.324414,-0.488417,9.40921
1770178426771321396,0.663974,-0.000424221,0.00937594,-0.747697,-0.0245011,0.00639159,0.00106526,0.167594,-0.661997,9.51216
1770178426791400757,0.663936,-0.000317588,0.00954258,-0.747728,0.00532632,-0.00106526,-0.00532632,0.113725,-0.654814,9.53251
1770178426811483702,0.663936,-5.08361e-05,0.00955721,-0.747728,0.0170442,0.00213053,-0.00426106,-0.0574608,-0.557849,9.54209
1770178426831561303,0.663953,0.00033522,0.00943434,-0.747715,0.0287621,0.0149137,-0.00852211,-0.155623,-0.424971,9.4547
1770178426851638520,0.663953,0.000752668,0.00917951,-0.747717,0.0308927,0.00532632,0.00213053,-0.198719,-0.339977,9.44273
1770178426871713817,0.66393,0.00111981,0.00892968,-0.747741,0.0383495,-0.00958738,0.00106526,-0.106542,-0.164003,9.48822
1770178426891784634,0.663912,0.00148481,0.00861242,-0.74776,0.0351537,0.00319579,-0.00639159,-0.180762,-0.0921768,9.54449
1770178426911868123,0.663912,0.00181347,0.00822201,-0.747764,0.02024,-0.0319579,0.00319579,-0.0263362,0.177171,9.56603
1770178426931945884,0.663898,0.00195705,0.00790682,-0.747779,0.0149137,-0.0245011,-0.00852211,0.0335188,0.17358,9.5804
1770178426952029085,0.663869,0.00193763,0.00789145,-0.747805,-0.0308927,0.02024,-0.00213053,0.137667,0.174777,9.50618
1770178426972108702,0.663846,0.00171823,0.00806842,-0.747824,-0.0585895,-0.0170442,0.00213053,0.0335188,-0.0622492,9.54209
1770178426992183775,0.663843,0.00146324,0.00833136,-0.747824,-0.0479369,-0.00958738,0.00426106,-0.0203507,-0.161609,9.4966
1770178427012264512,0.663846,0.00118992,0.00860429,-0.747819,-0.0372843,-0.00639159,-0.00319579,-0.142455,-0.281319,9.64983
1770178427032344385,0.663817,0.000974282,0.00880409,-0.747843,-0.0266316,-0.0138484,-0.0117179,-0.0335188,-0.420182,9.48463
1770178427052425570,0.663812,0.000701695,0.00901973,-0.747845,-0.0340885,-0.0266316,-0.00213053,-0.113725,-0.599748,9.50019
1770178427072501187,0.66381,0.000520591,0.00919527,-0.747844,-0.0223706,-0.02024,-0.00958738,-0.0526724,-0.508768,9.50977
1770178427092582916,0.663815,0.000386936,0.00921634,-0.74784,-0.00532632,-0.0276969,0.00958738,-0.0526724,-0.471658,9.55406
1770178427112666981,0.663789,0.000358682,0.00908429,-0.747865,0.00532632,-0.0127832,-0.0170442,0.123301,-0.371101,9.53371
1770178427132746726,0.663762,0.000444462,0.00890093,-0.747891,0.015979,0.00319579,-0.0138484,0.0826,-0.308852,9.56603
1770178427152827591,0.663734,0.000663922,0.00876269,-0.747917,0.0149137,-0.00213053,-0.00319579,0.17358,-0.333991,9.50737
1770178427172907720,0.663744,0.000851757,0.00867857,-0.747909,0.0127832,0.00532632,-0.00852211,0.0035913,-0.169988,9.53132
1770178427192986505,0.66373,0.00108615,0.00861292,-0.747922,0.00958738,0.0138484,-0.00106526,0.0215478,-0.0658405,9.46308
1770178427213065994,0.663713,0.00123731,0.00855284,-0.747937,0.0149137,-0.0170442,-0.00958738,-0.0730232,-0.00957681,9.4954
1770178427233145547,0.663686,0.00139453,0.0085291,-0.747961,-0.00639159,-0.00106526,-0.0170442,-0.113725,-0.130484,9.47026
1770178427253227116,0.663698,0.00144637,0.00862567,-0.747949,-0.0149137,-0.00852211,-0.00532632,-0.263362,-0.0873884,9.56484
1770178427273307053,0.663683,0.00141938,0.00867448,-0.747962,-0.0149137,-0.0298274,-0.0127832,-0.183156,-0.11971,9.56962
1770178427293387278,0.663658,0.00121881,0.0086945,-0.747984,-0.02024,-0.0340885,-0.0149137,-0.101754,-0.143652,9.43794
1770178427313468495,0.663618,0.000963585,0.00873912,-0.74802,-0.04048,-0.0191748,-0.00639159,0.0347159,-0.296881,9.47146
1770178427333545488,0.663609,0.000767628,0.00878551,-0.748028,-0.0191748,-0.036219,-0.015979,0.0179565,-0.357933,9.51935
1770178427353627473,0.663543,0.000830211,0.00862644,-0.748088,0.311057,-0.109722,-0.0905475,0.682347,-1.2378,8.84897
1770178427373703346,0.664625,0.00146599,0.0085157,-0.747127,0.15979,-0.0617853,0.226901,-0.536301,-1.13725,7.48667
1770178427393781331,0.664548,0.00319741,0.00715169,-0.747205,0.170442,0.0777643,-0.18216,-0.409408,-0.191536,9.85453
1770178427413859956,0.662564,0.00443267,0.00575161,-0.74897,0.0490022,-0.0298274,-0.205596,0.138864,0.666785,11.4096
1770178427433941493,0.661878,0.00292681,0.00699794,-0.749573,-0.415453,-0.0894822,0.0117179,0.0933739,0.719458,8.92319
1770178427454023766,0.662735,-0.000687583,0.0102553,-0.748783,-0.481499,-0.0127832,0.128897,-0.144849,-0.633266,10.4567
1770178427474102167,0.663556,-0.00170559,0.0117186,-0.748033,0.0234358,-0.00852211,0.0745685,-0.252588,-0.332794,9.05846
1770178427494181016,0.663781,-0.00118029,0.0111722,-0.747842,0.120375,-0.0181095,-0.0170442,-0.282516,-0.272939,8.87171
1770178427514263161,0.663551,-0.000552759,0.0104711,-0.748058,0.116114,-0.00852211,-0.0234358,-0.222661,-1.3228,10.0545
1770178427534343450,0.663506,0.000364581,0.00952532,-0.74811,0.208792,-0.015979,-0.00319579,0.011971,-0.912191,8.91002
1770178427554421307,0.663382,0.00183272,0.00814302,-0.748234,0.106526,-0.00319579,-0.0383495,0.11971,-0.12809,9.34457
1770178427574493532,0.663127,0.00194653,0.00776893,-0.748464,-0.0394148,-0.0351537,-0.0245011,0.283713,-0.153229,9.71687
1770178427594571965,0.663163,0.00107058,0.00823357,-0.748429,-0.140615,-0.0298274,0.0170442,0.308852,-0.3304,9.40203
1770178427614649566,0.663262,-0.00026009,0.00929796,-0.748329,-0.168312,-0.0245011,-0.00852211,0.204704,-0.294487,9.52174
1770178427634729855,0.663261,-0.000492611,0.00974385,-0.748324,0.0532632,0.0298274,-0.00532632,-0.0251391,-0.436942,9.3314
1770178427654807488,0.663271,0.000405077,0.00928381,-0.748322,0.118244,0.02024,-0.00958738,-0.0921768,0.0131681,9.76236
1770178427674885889,0.663225,0.00150468,0.00862685,-0.748369,0.0830906,0.0298274,-0.00958738,-0.131681,0.124498,9.59357
1770178427694963778,0.663186,0.00217816,0.00820015,-0.748406,0.052198,-0.015979,-0.0138484,-0.280122,-0.104148,9.27514
1770178427715042947,0.663156,0.0024048,0.00805462,-0.748434,-0.02024,-0.0383495,-0.0127832,-0.365116,0.0610521,9.53251
1770178427735119492,0.663171,0.00209387,0.00822534,-0.74842,-0.0447411,-0.0255663,-0.00532632,-0.244209,-0.1652,9.53132
1770178427755196133,0.663138,0.00157328,0.00848887,-0.748447,-0.0830906,-0.0585895,-0.00958738,-0.0885855,-0.0538695,9.57441
1770178427775273894,0.663123,0.00100794,0.00874395,-0.748459,-0.0532632,-0.0255663,-0.00106526,0.0442927,-0.426168,9.48104
1770178427795352711,0.66313,0.000585505,0.00887155,-0.748452,-0.0415453,-0.0117179,-0.0117179,0.100556,-0.294487,9.51695
1770178427815429639,0.663145,0.000365677,0.0089296,-0.748438,-0.00639159,-0.0117179,0.00532632,0.1652,-0.351948,9.53611
1770178427835505896,0.663119,0.000293839,0.00897717,-0.74846,-0.0234358,-0.00745685,-0.00319579,0.257377,-0.253785,9.51097
1770178427855582089,0.663105,0.000184185,0.00911638,-0.748471,-0.00852211,-0.00319579,-0.00958738,0.167594,-0.416591,9.49899
1770178427875658346,0.663078,0.000203326,0.00928216,-0.748493,-0.0245011,0.00319579,-0.0117179,0.0502782,-0.542287,9.56005
1770178427895731691,0.663099,0.00027378,0.00933972,-0.748473,0.0149137,-0.00958738,-0.00639159,-0.113725,-0.457293,9.46907
1770178427915811244,0.663113,0.000485378,0.00925551,-0.748462,0.00426106,-0.00958738,-0.0106526,-0.130484,-0.381875,9.48463
1770178427935890509,0.663075,0.000713275,0.00914737,-0.748496,0.0351537,0.00319579,-0.00213053,-0.162806,-0.3304,9.51097
1770178427955966222,0.663056,0.000942212,0.00900392,-0.748515,-0.00532632,0.00106526,-0.0138484,-0.0921768,-0.0766145,9.52653
1770178427976045679,0.66304,0.00103082,0.00887774,-0.748531,0.0287621,-0.00958738,-0.00852211,-0.144849,-0.152032,9.45949
1770178427996124432,0.663048,0.00110651,0.00866171,-0.748526,-0.0127832,-0.015979,-0.0106526,-0.00957681,-0.0215478,9.54568
1770178428016203569,0.663027,0.0010991,0.00854666,-0.748546,-0.00213053,-0.0127832,-0.0138484,0.0251391,0.0706289,9.5385
1770178428036282962,0.663002,0.0010093,0.00852517,-0.748569,-0.0394148,-0.0170442,-0.0149137,0.0670376,0.0550666,9.4978
1770178428056361395,0.662967,0.000905278,0.00863217,-0.748599,-0.00106526,0.00532632,-0.00319579,0.0299275,-0.433351,9.47386
1770178428076440980,0.662962,0.000816207,0.00882562,-0.7486,-0.0479369,-0.0234358,0,-0.0778116,-0.135272,9.47026
1770178428096522805,0.662961,0.000719538,0.00896946,-0.748599,-0.00745685,-0.00852211,-0.00852211,-0.0610521,-0.402226,9.54209
1770178428116602262,0.662943,0.000613927,0.00905837,-0.748615,-0.0276969,-0.0106526,-0.0127832,-0.0167594,-0.433351,9.52054
1770178428136680631,0.662932,0.000462193,0.0091289,-0.748624,-0.00426106,-0.0117179,-0.00639159,-0.0335188,-0.471658,9.4559
1770178428156758456,0.662924,0.000401908,0.00917481,-0.748631,-0.0191748,0.00106526,-0.00426106,-0.0562637,-0.386664,9.46428
1770178428176836345,0.662936,0.000423406,0.00912823,-0.74862,0.00958738,-0.0149137,-0.00532632,-0.0682347,-0.444124,9.46189
1770178428196915514,0.66292,0.000478943,0.00901872,-0.748636,-0.0106526,-0.0170442,-0.00532632,0.102951,-0.251391,9.56005
1770178428216993691,0.662904,0.000565624,0.00893843,-0.748651,0.00745685,-0.00532632,-0.0138484,0.0730232,-0.185551,9.5816
1770178428237073116,0.662865,0.000663656,0.00883333,-0.748687,0.00213053,-0.0170442,-0.0106526,0.108936,-0.171185,9.58519
1770178428257155357,0.662871,0.000806951,0.00873066,-0.748682,0.0181095,0.0106526,0.00319579,-0.0251391,-0.307655,9.56244
1770178428277235166,0.662875,0.000952779,0.00868518,-0.748679,0.00426106,-0.00852211,-0.0106526,-0.0251391,0.0215478,9.53251
1770178428297312703,0.662869,0.0010704,0.00875908,-0.748683,0.00852211,0.0106526,-0.00426106,-0.0933739,-0.233435,9.48942
1770178428317389248,0.66285,0.00103564,0.00884679,-0.748699,-0.0213053,-0.0106526,-0.00213053,-0.0538695,-0.183156,9.57441
1770178428337466849,0.662832,0.000981458,0.00892871,-0.748715,-0.00106526,-0.0234358,-0.00745685,-0.191536,-0.28491,9.5385
1770178428357545986,0.662823,0.000910053,0.0088982,-0.748723,-0.0308927,-0.0117179,-0.00639159,-0.129287,-0.281319,9.54329
1770178428377618403,0.662822,0.000750808,0.00889528,-0.748724,-0.00106526,-0.0149137,-0.00639159,-0.0754174,-0.214281,9.47266
1770178428397694436,0.662803,0.000583063,0.00890803,-0.748741,-0.0383495,-0.0234358,-0.0149137,0.0682347,-0.257377,9.49899
1770178428417774789,0.662781,0.000457156,0.00898543,-0.748759,-0.0106526,0.00532632,-0.00532632,0.0407014,-0.339977,9.50019
1770178428437854502,0.662774,0.000464886,0.00900465,-0.748765,-0.0106526,0.00106526,0,0.129287,-0.292093,9.57441
1770178428457933799,0.66277,0.000490932,0.00902625,-0.748769,0.00426106,0.00426106,-0.00426106,0.0658405,-0.317232,9.54089
1770178428478012968,0.662767,0.000524412,0.00898875,-0.748772,-0.0106526,-0.02024,-0.0138484,0.0754174,-0.257377,9.57082
1770178428498092105,0.662715,0.000539526,0.0089947,-0.748818,0.0138484,-0.0170442,-0.00852211,0.035913,-0.435745,9.50857
1770178428518170890,0.66272,0.000659455,0.00897357,-0.748813,-0.0138484,-0.0117179,0,-0.11971,-0.277727,9.53611
1770178428538247594,0.662704,0.000837604,0.00893063,-0.748828,0.02024,-0.0127832,-0.00213053,-0.144849,-0.295684,9.52773
1770178428558326987,0.662726,0.000963328,0.00889304,-0.748808,-0.0106526,-0.0330232,0.00106526,-0.108936,-0.0634463,9.53012
1770178428578406796,0.662694,0.00097815,0.00888488,-0.748837,-0.00106526,-0.0106526,-0.0127832,-0.0646434,-0.166397,9.57441
1770178428598487661,0.662701,0.000918354,0.00886118,-0.748831,-0.0191748,-0.00532632,-0.0149137,-0.0215478,-0.094571,9.49181
1770178428618566638,0.662712,0.000846766,0.00880495,-0.748822,-0.00426106,-0.0127832,0,-0.0323217,-0.302867,9.57561
1770178428638642511,0.662702,0.000783816,0.00877246,-0.748832,-0.0170442,-0.00958738,-0.02024,-0.0323217,-0.0814029,9.4966
1770178428658716464,0.662687,0.000734244,0.00882787,-0.748845,-0.00319579,0.00852211,-0.0213053,0.094571,-0.378284,9.52773
1770178428678793361,0.66267,0.000633765,0.00901346,-0.748857,-0.0383495,-0.0127832,-0.00213053,0.0778116,-0.195127,9.54089
1770178428698875410,0.662668,0.000549987,0.00906917,-0.748858,0,-0.00319579,-0.00426106,-0.0275333,-0.484826,9.42837
1770178428718951635,0.662689,0.000546588,0.00907874,-0.748839,-0.0138484,-0.0117179,0.00319579,-0.0754174,-0.329203,9.51935
1770178428739031668,0.662682,0.000550821,0.009053,-0.748846,0.0213053,-0.0223706,-0.00958738,-0.023942,-0.348356,9.55765
1770178428759104693,0.662666,0.000560864,0.00912,-0.74886,-0.0191748,-0.00213053,-0.00639159,-0.0059855,-0.195127,9.52413
1770178428779179798,0.662637,0.000587634,0.00911054,-0.748885,0.0234358,0.00319579,-0.00958738,-0.0466869,-0.401029,9.57082
1770178428799258423,0.662656,0.000690687,0.00903861,-0.748869,-0.00532632,-0.00745685,-0.00319579,-0.035913,-0.20231,9.49421
1770178428819339608,0.662651,0.00078814,0.00891708,-0.748875,0.0223706,-0.0245011,-0.00958738,-0.0251391,-0.271742,9.57681
1770178428839416889,0.662646,0.000821122,0.0088156,-0.748881,-0.0138484,-0.0298274,-0.0127832,0.0167594,-0.094571,9.47625
1770178428859493178,0.66261,0.000806061,0.00886194,-0.748912,-0.00426106,-0.00106526,-0.00532632,0.0275333,-0.319626,9.47266
1770178428879571931,0.66262,0.000855371,0.00892796,-0.748902,-0.0149137,-0.00745685,-0.00532632,-0.0131681,-0.147243,9.50857
1770178428899648828,0.662586,0.000877377,0.00894936,-0.748932,0.0149137,-0.0138484,-0.00532632,-0.0897826,-0.274136,9.52773
1770178428919725085,0.662581,0.000869613,0.00894227,-0.748937,-0.0266316,-0.0149137,-0.00532632,-0.0526724,-0.0849942,9.52413
1770178428939799710,0.662551,0.000737477,0.00901255,-0.748962,-0.0234358,-0.0106526,-0.00958738,-0.0814029,-0.333991,9.49421
1770178428959877823,0.66255,0.00062261,0.00910532,-0.748962,-0.036219,-0.0127832,-0.0170442,-0.0849942,-0.241814,9.54808
1770178428979952351,0.662545,0.000593767,0.00913565,-0.748966,0.00639159,-0.00426106,0.00106526,-0.0287304,-0.422577,9.50378
1770178429000027840,0.662533,0.00061625,0.00910386,-0.748977,-0.00639159,-0.0213053,-0.0191748,-0.0299275,-0.180762,9.50139
1770178429020120802,0.662527,0.000570173,0.00911683,-0.748983,0.00958738,-0.00213053,-0.00319579,0.0682347,-0.368707,9.4954
1770178429040193026,0.662534,0.000535342,0.00907152,-0.748977,-0.0149137,-0.0106526,-0.00319579,0.112527,-0.275333,9.46308
1770178429060268547,0.66252,0.000511731,0.00902979,-0.74899,0.0149137,-0.0223706,-0.0170442,-0.0155623,-0.427365,9.5397
1770178429080346436,0.662516,0.000644871,0.00900721,-0.748993,0.00106526,-0.00852211,-0.00532632,-0.0454898,-0.11133,9.50498
1770178429100421637,0.662485,0.000755141,0.00897936,-0.749021,-0.0106526,-0.0106526,-0.0117179,-0.0263362,-0.301669,9.51336
1770178429120504070,0.662474,0.000780583,0.00898901,-0.74903,-0.0181095,-0.00106526,-0.00319579,0.0526724,-0.219069,9.5397
1770178429140583495,0.662449,0.000734262,0.00904068,-0.749052,-0.00213053,-0.00426106,-0.00532632,-0.0730232,-0.326809,9.50498
1770178429160661000,0.662473,0.0007556,0.00899349,-0.749031,-0.0138484,-0.0340885,0,-0.104148,-0.147243,9.51695
1770178429180738025,0.662456,0.000785788,0.00897521,-0.749047,0,0.00532632,0.00852211,-0.0442927,-0.260968,9.55406
1770178429200813578,0.662454,0.000759207,0.0090234,-0.749048,-0.036219,-0.00745685,-0.0191748,0.0191536,-0.101754,9.4978
1770178429220891403,0.662415,0.0006576,0.0090628,-0.749082,-0.00639159,-0.00532632,-0.0127832,0.0814029,-0.39624,9.55287
1770178429240965772,0.662408,0.000563969,0.0090806,-0.749089,-0.0276969,-0.00958738,-0.00852211,-0.00837971,-0.166397,9.49301
1770178429261043565,0.662404,0.000531845,0.00903264,-0.749092,0.0117179,-0.00532632,0.00213053,0.035913,-0.446519,9.55406
1770178429281119822,0.66241,0.000540228,0.00901775,-0.749088,-0.0308927,-0.0170442,0.00106526,0.0059855,-0.0622492,9.52773
1770178429301194319,0.662363,0.000518012,0.00906744,-0.749129,-0.015979,-0.0117179,-0.0117179,0.0562637,-0.369904,9.58279
1770178429321277200,0.662331,0.000504213,0.00911613,-0.749156,-0.0276969,-0.0191748,-0.00426106,0.00718261,-0.37589,9.52892
1770178429341360657,0.662328,0.000550773,0.00912209,-0.749158,0.0117179,0.0138484,-0.00639159,-0.035913,-0.453701,9.51575
1770178429361439282,0.66232,0.000638241,0.00899994,-0.749167,-0.0106526,-0.00532632,-0.00745685,-0.0754174,-0.0921768,9.5397
1770178429381518803,0.662304,0.000634289,0.00897093,-0.749182,-0.00106526,-0.00745685,-0.00852211,0.00718261,-0.361524,9.51097
1770178429401598804,0.662285,0.000656282,0.00900261,-0.749197,-0.015979,-0.0127832,-0.00532632,-0.00718261,-0.281319,9.46548
1770178429421673909,0.66228,0.000656457,0.00904607,-0.749202,0.0266316,-0.0276969,0.00319579,-0.0466869,-0.341174,9.47984
1770178429441747254,0.662274,0.000702701,0.00894845,-0.749208,-0.0138484,-0.0213053,0.00319579,-0.0311246,-0.205901,9.60673
1770178429461820311,0.662273,0.000647885,0.00888296,-0.74921,0.0106526,-0.00852211,0.00213053,-0.0047884,-0.142455,9.50498
1770178429481896663,0.662263,0.000594722,0.00893066,-0.749218,-0.0383495,0.00319579,-0.00426106,0.0035913,-0.192733,9.60075
1770178429501982521,0.662221,0.000515424,0.00905863,-0.749254,-0.0213053,-0.00106526,0.00213053,-0.0131681,-0.366313,9.54688
1770178429522062106,0.662233,0.000518424,0.00907642,-0.749243,-0.0298274,-0.00532632,-0.00958738,-0.0407014,-0.184354,9.55885
1770178429542133946,0.66222,0.000497431,0.00906661,-0.749255,0.00213053,-0.0234358,0.00532632,-0.0586579,-0.343568,9.58638
1770178429562211931,0.662208,0.000444687,0.00907675,-0.749265,-0.0415453,-0.00213053,0.00213053,0.0323217,-0.148441,9.44991
1770178429582290844,0.662175,0.000361936,0.00909397,-0.749294,0.00213053,-0.00426106,-0.0106526,0.0371101,-0.438139,9.4966
1770178429602364477,0.662183,0.000413899,0.00910875,-0.749286,-0.0127832,0.00532632,-0.00639159,-0.0299275,-0.196325,9.4547
1770178429622441758,0.662187,0.000500719,0.00908794,-0.749284,0.0191748,-0.00532632,-0.00426106,-0.0383072,-0.363919,9.5397
1770178429642518303,0.66217,0.000567181,0.00904339,-0.749299,-0.0149137,-0.0138484,-0.0149137,0.0323217,-0.0251391,9.51815
1770178429662596576,0.662141,0.000521507,0.00899466,-0.749325,0.00532632,-0.00532632,-0.00852211,0,-0.299275,9.56962
1770178429682674977,0.662105,0.000492132,0.00900921,-0.749357,-0.0170442,-0.00852211,-0.00532632,0.00957681,-0.275333,9.55406
1770178429702744546,0.662099,0.000570429,0.00902383,-0.749361,0.015979,0.00639159,-0.00213053,-0.0909797,-0.286107,9.51216
1770178429722827267,0.662114,0.000648768,0.00901187,-0.749349,-0.0191748,-0.00213053,-0.00639159,-0.0299275,-0.152032,9.57561
1770178429742904068,0.6621,0.000613875,0.00905124,-0.749361,0.00426106,-0.0149137,-0.00639159,-0.0287304,-0.246603,9.56124
1770178429762977413,0.662105,0.000510947,0.00906821,-0.749356,-0.0383495,-0.0191748,-0.00426106,0.0442927,-0.27653,9.49899
1770178429783055910,0.662089,0.00043385,0.00908758,-0.74937,-0.0106526,-0.0234358,0.00213053,-0.0490811,-0.483629,9.50977
1770178429803133991,0.662103,0.000461344,0.00907641,-0.749358,-0.0213053,-0.00639159,-0.00426106,-0.035913,-0.172383,9.56484
1770178429823209512,0.662088,0.000477072,0.00907934,-0.749371,0.00426106,-0.00426106,-0.00852211,0.0610521,-0.278924,9.58519
1770178429843288361,0.66208,0.000423551,0.00910882,-0.749377,-0.0266316,-0.0308927,-0.00852211,0.0909797,-0.162806,9.60793
1770178429863365898,0.662057,0.000354833,0.00913035,-0.749398,0.0106526,-0.00958738,-0.00213053,-0.0275333,-0.312443,9.52653
1770178429883439434,0.66208,0.000374334,0.00908127,-0.749378,-0.0191748,-0.0127832,-0.00319579,-0.0287304,-0.203507,9.58998
1770178429903515275,0.66207,0.000425214,0.00902257,-0.749387,0.00745685,-0.0223706,0.00319579,-0.0466869,-0.268151,9.5804
1770178429923590796,0.662069,0.000476756,0.00898744,-0.749389,-0.0117179,-0.0170442,-0.0149137,0.011971,-0.209493,9.59716
1770178429943666733,0.662033,0.000448054,0.00905758,-0.74942,0.0117179,-0.0127832,-0.0149137,0.0167594,-0.29329,9.44991
1770178429963745454,0.662024,0.000482719,0.00906975,-0.749428,-0.0106526,-0.00426106,-0.00639159,-0.0574608,-0.299275,9.50737
1770178429983825679,0.661988,0.000502993,0.00898309,-0.749461,0.00639159,-0.00852211,0.00106526,-0.0873884,-0.2478,9.49301
1770178430003904432,0.661979,0.000518863,0.00890228,-0.749469,-0.0127832,-0.0223706,-0.0149137,0.0047884,-0.141258,9.5373
1770178430023983889,0.661939,0.000418,0.00893806,-0.749504,-0.0255663,-0.0170442,-0.00745685,0.0383072,-0.180762,9.6211
1770178430044062034,0.661934,0.000390286,0.00901973,-0.749508,-0.036219,0.00106526,-0.00319579,-0.00957681,-0.248997,9.55526
1770178430064144371,0.661909,0.000371224,0.00901149,-0.74953,0.0138484,-0.0181095,-0.00106526,-0.0418985,-0.415394,9.54089
1770178430084224884,0.661924,0.000415222,0.00895469,-0.749518,-0.00852211,-0.0138484,-0.0117179,-0.0442927,-0.220267,9.52294
1770178430104303925,0.661894,0.000352776,0.00896291,-0.749543,0,-0.0298274,-0.00958738,0.0023942,-0.250194,9.50259
1770178430124382806,0.661889,0.000297073,0.00901856,-0.749548,-0.0245011,0.00213053,0.00319579,0.059855,-0.283713,9.53611
1770178430144463575,0.661875,0.000290506,0.00908663,-0.749559,0.00426106,0.00639159,0.00532632,-0.0742203,-0.526724,9.44393
1770178430164542392,0.661893,0.000397966,0.00906255,-0.749543,0.00106526,-0.0138484,-0.00852211,-0.0682347,-0.164003,9.54089
1770178430184618905,0.661888,0.000436448,0.00899977,-0.749548,0.00958738,-0.015979,-0.00852211,-0.0131681,-0.308852,9.51695
1770178430204693978,0.661871,0.000364427,0.00894947,-0.749564,-0.0223706,-0.0372843,-0.0117179,0.0407014,-0.0909797,9.54329
1770178430224770075,0.661852,0.00174579,0.00785456,-0.749592,2.23173,0.867125,0.13955,1.51314,-2.42892,8.39886
1770178430244856092,0.661975,0.0197731,-0.00361117,-0.749257,0.938498,0.372843,-0.0276969,0.306458,2.26372,4.79798
1770178430264936797,0.661144,0.0274928,-0.0109726,-0.749675,0.289752,-0.0585895,-0.0820253,-0.45011,2.60729,1.78368
1770178430285017502,0.660493,0.0179348,-0.0081805,-0.750574,-2.40324,-0.367516,-0.0980043,0.161609,4.9536,10.1658
1770178430305092895,0.660868,0.000746098,0.0076172,-0.750463,-2.38832,-0.145941,0.125701,-1.18034,-1.31801,4.40533
1770178430325170784,0.662531,-0.00230665,0.0134637,-0.74891,0.171508,0.150202,0.290817,0.0909797,-0.539892,4.05219
1770178430345250177,0.663737,-0.00157628,0.0127642,-0.747855,-0.137419,0.04048,-0.0223706,0.047884,3.19985,15.4953
1770178430365328642,0.66292,-0.0025858,0.0147697,-0.74854,-0.252468,0.0138484,-0.155529,-1.59095,0.584185,8.011
1770178430385407203,0.662246,-0.00306133,0.0145679,-0.749139,0.129962,-0.0820253,-0.0308927,-0.926556,-0.605733,8.0517
1770178430405488676,0.66241,-0.00139544,0.0121462,-0.749042,0.320645,-0.0735032,0.00639159,-0.241814,-1.34434,9.87608
1770178430425560357,0.661995,-0.000324299,0.0105356,-0.749434,0.135289,-0.00852211,-0.100135,0.299275,-0.839168,9.12071
1770178430445635750,0.661463,0.000432574,0.00920202,-0.749922,0.0862864,-0.0585895,-0.0372843,0.454898,-1.68432,9.96227
1770178430465718951,0.661689,2.46367e-05,0.00911024,-0.749723,-0.0798948,-0.0287621,0.0607201,0.921768,-1.08457,9.20451
1770178430485798792,0.6618,-0.00123449,0.00982048,-0.749615,-0.22264,-0.0319579,-0.00852211,0.736217,-1.25336,9.001
1770178430505880169,0.661698,-0.00405429,0.0120348,-0.749663,-0.296143,-0.0276969,0.00639159,0.377087,-1.6496,9.88207
1770178430525958858,0.661853,-0.00465807,0.0129212,-0.749508,0.0852211,0.0308927,0.02024,0.282516,-1.68552,9.12071
1770178430546041131,0.66192,-0.00334864,0.0120435,-0.749471,0.229032,0.0394148,-0.00532632,0.333991,-0.675165,9.81383
1770178430566119500,0.66177,-0.00140555,0.0108161,-0.749627,0.204531,0.0660464,-0.00745685,0.132878,0.0155623,9.38886
1770178430586199565,0.661776,0.000765679,0.00945707,-0.749641,0.275903,0.0671116,0,-0.298078,0.181959,9.65103
1770178430606276302,0.661776,0.00396157,0.00733503,-0.749655,0.343015,0.076699,-0.0181095,-0.575805,0.915782,9.55047
1770178430626356303,0.661648,0.00723466,0.00506925,-0.749763,0.311057,0.0543285,-0.0117179,-0.761356,0.973243,9.58399
1770178430646438544,0.661579,0.00929284,0.00362194,-0.749809,0.0681769,0.0149137,0.0117179,-0.553061,1.53229,9.79228
1770178430666518129,0.66156,0.00886976,0.00365806,-0.749831,-0.129962,-0.0703074,-0.0170442,-0.503979,0.821211,9.46787
1770178430686596274,0.661602,0.00816006,0.00403912,-0.7498,-0.0937433,-0.0340885,-0.00319579,-0.244209,0.373495,9.24162
1770178430706672691,0.661564,0.00688528,0.00474036,-0.749842,-0.216249,-0.0649811,-0.0181095,-0.0670376,0.435745,9.5397
1770178430726750452,0.661573,0.00475253,0.00599683,-0.749842,-0.295078,-0.0841559,-0.00639159,0.12809,0.126893,9.52413
1770178430746811540,0.661609,0.00207849,0.00771263,-0.749807,-0.322775,-0.0735032,-0.0117179,0.305261,-0.381875,9.55646
1770178430766896501,0.661642,-0.000490011,0.00970027,-0.749757,-0.309992,-0.0777643,-0.00852211,0.344765,-0.603339,9.57681
1770178430786973686,0.661688,-0.00211142,0.0112145,-0.749693,-0.076699,-0.0170442,-0.00426106,0.204704,-1.488,9.43316
1770178430807055319,0.661682,-0.00214598,0.011411,-0.749695,-0.02024,0.00852211,0.00106526,0.207098,-0.691924,9.75877
1770178430827133112,0.661596,-0.00214647,0.0114491,-0.74977,0.0298274,0.0106526,-0.00532632,0.0550666,-1.16238,9.26676
1770178430847211705,0.661603,-0.00176665,0.0112368,-0.749768,0.072438,0.00958738,-0.00532632,0.00718261,-0.984017,9.53132
1770178430867297722,0.661557,-0.0014035,0.0109959,-0.749813,0.0447411,0.0127832,-0.0127832,-0.0921768,-1.03789,9.39006
1770178430887426652,0.661595,-0.000991402,0.0107087,-0.749784,0.0585895,0.00213053,-0.00106526,-0.11133,-0.620098,9.5397
1770178430907503773,0.661602,-0.000423696,0.0102732,-0.749784,0.0980043,0.0298274,-0.0170442,-0.00957681,-0.403423,9.56244
1770178430927581438,0.661585,0.000410791,0.00957134,-0.749809,0.117179,0.00106526,-0.00319579,0.0502782,-0.0047884,9.63546
1770178430947654143,0.661552,0.00156685,0.00854545,-0.749849,0.132093,0.0245011,0.00532632,-0.0275333,0.150835,9.56484
1770178430967726560,0.661544,0.00268842,0.00766109,-0.749862,0.135289,0.0149137,-0.00852211,0.0407014,0.505177,9.60793
1770178430987799425,0.661533,0.00370707,0.00691832,-0.749875,0.0820253,0.0255663,-0.00745685,-0.100556,0.513556,9.58998
1770178431007875746,0.66151,0.00444325,0.00651266,-0.749895,-0.00532632,0.00852211,0.00106526,-0.094571,0.508768,9.38168
1770178431027950563,0.661476,0.0044027,0.00669944,-0.749923,-0.0479369,-0.00852211,-0.0106526,-0.117316,0.149638,9.54688
1770178431048027940,0.661486,0.003803,0.0071797,-0.749914,-0.116114,-0.0351537,-0.00106526,-0.251391,0.0047884,9.43555
1770178431068102085,0.661485,0.00275546,0.00790569,-0.749912,-0.147006,-0.0276969,-0.00426106,-0.31364,-0.211887,9.48942
1770178431088178534,0.661498,0.0017223,0.00857768,-0.749896,-0.126766,-0.0585895,0,-0.148441,-0.265756,9.6211
1770178431108250854,0.661489,0.000712439,0.00923267,-0.749898,-0.107592,-0.0191748,-0.00639159,0.00837971,-0.518345,9.54808
1770178431128327431,0.661484,-0.000159305,0.00979224,-0.749895,-0.072438,-0.0500674,-0.0170442,0.140061,-0.529119,9.54089
1770178431148404712,0.661469,-0.000584671,0.0100165,-0.749906,-0.0266316,-0.0191748,-0.00319579,0.153229,-0.694318,9.54808
1770178431168478601,0.661481,-0.000691193,0.0100111,-0.749895,0,-0.00958738,-0.00319579,0.234632,-0.493206,9.5385
1770178431188553194,0.661447,-0.000590568,0.00984435,-0.749928,0.0319579,-0.00852211,-0.0106526,0.228646,-0.650026,9.53012
1770178431208632555,0.66141,-0.000375779,0.00968401,-0.749962,0.0255663,-0.00958738,-0.00426106,0.21069,-0.525527,9.48822
1770178431228707980,0.661404,-8.33866e-05,0.00961807,-0.749968,0.0319579,0.00639159,0.00106526,0.0227449,-0.56982,9.4571
1770178431248785357,0.661418,0.0003654,0.00950968,-0.749957,0.0447411,-0.00852211,-0.0106526,-0.166397,-0.27653,9.52294
1770178431268863182,0.661413,0.000882534,0.0092429,-0.749965,0.0532632,0.0127832,-0.0117179,-0.191536,-0.168791,9.50857
1770178431288938191,0.661391,0.00141561,0.0088341,-0.749988,0.0553937,-0.00319579,-0.0170442,-0.140061,-0.0191536,9.56005
1770178431309015984,0.661349,0.00187606,0.00844727,-0.750028,0.0447411,-0.00745685,-0.0127832,-0.160412,-0.059855,9.56364
1770178431329091153,0.661346,0.0022029,0.00814032,-0.750034,0.00532632,-0.0149137,-0.0127832,-0.166397,0.1652,9.54808
1770178431349169426,0.661341,0.00229013,0.00801092,-0.750039,-0.0149137,-0.0213053,0.00213053,-0.101754,0.138864,9.51456
1770178431369246195,0.661339,0.0020711,0.00808246,-0.750041,-0.0511327,-0.0447411,-0.0138484,0.00957681,0.168791,9.49301
1770178431389320819,0.661308,0.00165811,0.00828886,-0.750067,-0.0511327,-0.036219,-0.00639159,0.0586579,-0.129287,9.51336
1770178431409416469,0.661303,0.00126268,0.00848609,-0.75007,-0.0575243,-0.0266316,-0.0170442,0.0562637,-0.306458,9.5385
1770178431429493718,0.661305,0.000974179,0.00875472,-0.750065,-0.036219,0.00106526,-0.00213053,0.0287304,-0.324414,9.56723
1770178431449569079,0.661305,0.000820195,0.00897079,-0.750063,-0.0372843,-0.00852211,-0.0181095,0.0383072,-0.37589,9.50259
1770178431469648504,0.661293,0.000660935,0.00916567,-0.750072,-0.02024,-0.0191748,-0.00532632,-0.00718261,-0.496797,9.51815
1770178431489730137,0.661291,0.000563542,0.00927906,-0.750072,-0.0234358,-0.00532632,-0.0106526,-0.035913,-0.538695,9.47984
1770178431509803002,0.661264,0.00053886,0.00929914,-0.750096,0.00745685,-0.02024,-0.00106526,-0.0646434,-0.52433,9.51695
1770178431529878330,0.661272,0.000656986,0.00915373,-0.75009,0.00532632,-0.0106526,-0.0127832,-0.0407014,-0.295684,9.54449
1770178431549956251,0.661252,0.000826683,0.00900048,-0.750109,0.0223706,-0.00426106,-0.00319579,0.0371101,-0.253785,9.51216
1770178431570030140,0.661248,0.00104453,0.00883046,-0.750114,0.00958738,0,-0.0223706,0.0562637,-0.123301,9.46308
1770178431590108189,0.661246,0.00124816,0.00868321,-0.750118,0.0276969,0.0149137,0.00213053,0.0131681,-0.199916,9.52413
1770178431610187774,0.661251,0.00137343,0.00855983,-0.750115,-0.00958738,-0.0149137,-0.02024,-0.035913,0.0311246,9.47026
1770178431630267999,0.661239,0.0015087,0.00848038,-0.750126,-0.00106526,-0.00213053,-0.00532632,-0.0730232,-0.00718261,9.50259
1770178431650347072,0.661229,0.00158143,0.00848374,-0.750135,-0.0276969,-0.0287621,-0.00426106,-0.0155623,0.0191536,9.57322
1770178431670418849,0.661204,0.00150728,0.00861132,-0.750155,-0.0319579,-0.0127832,-0.00852211,-0.11133,-0.191536,9.57322
1770178431690489506,0.661211,0.00134825,0.00876157,-0.750148,-0.0319579,-0.02024,-0.00213053,-0.0993594,-0.222661,9.53491
1770178431710561123,0.661212,0.00116461,0.00884048,-0.750147,-0.00852211,-0.0255663,-0.00213053,-0.0861913,-0.281319,9.59357
1770178431730642244,0.661213,0.000986019,0.00887035,-0.750146,-0.0191748,-0.0372843,-0.00745685,-0.0227449,-0.23942,9.46667
1770178431750722661,0.661202,0.000824094,0.00893718,-0.750154,-0.0234358,0.00426106,0.00426106,0.0694318,-0.408211,9.4571
1770178431770797222,0.661194,0.00071155,0.00899191,-0.750161,-0.0127832,-0.0170442,-0.00532632,0.0909797,-0.427365,9.48702
1770178431790870983,0.661175,0.000684153,0.00904615,-0.750177,0,0.00958738,-0.0127832,0.0730232,-0.363919,9.55885
1770178431810946823,0.661169,0.000729567,0.00898433,-0.750183,0.00639159,-0.0138484,-0.00745685,0.120907,-0.274136,9.46548
1770178431831026152,0.661146,0.000826557,0.00889047,-0.750204,0.015979,-0.0127832,-0.00958738,0.113725,-0.326809,9.51336
1770178431851100905,0.661121,0.000974467,0.00886199,-0.750226,-0.00426106,0.0117179,-0.00958738,-0.0011971,-0.265756,9.51695
1770178431871180266,0.661123,0.00117558,0.00884728,-0.750225,0.0138484,0.0106526,-0.00319579,-0.110133,-0.294487,9.56124
1770178431891261131,0.661135,0.0013193,0.00880472,-0.750215,-0.00426106,-0.00319579,-0.00106526,-0.108936,-0.0634463,9.50378
1770178431911341548,0.661115,0.00140614,0.00874427,-0.750232,0.0127832,-0.0234358,-0.00958738,-0.192733,-0.0574608,9.51935
1770178431931434862,0.661097,0.00138897,0.00870461,-0.750248,-0.0117179,-0.00852211,-0.00958738,-0.0299275,-0.0442927,9.46787
1770178431951506511,0.661086,0.00133946,0.00868905,-0.750258,-0.0138484,-0.00106526,-0.00213053,-0.0610521,-0.298078,9.46308
1770178431971590800,0.661096,0.00124946,0.00871557,-0.75025,-0.0223706,-0.0255663,-0.00532632,-0.0407014,-0.15682,9.59716
1770178431991672785,0.661086,0.00115114,0.00879244,-0.750258,-0.00958738,-0.0170442,-0.0117179,0.0047884,-0.184354,9.55765
1770178432011747090,0.661067,0.00105086,0.00889446,-0.750274,-0.0490022,-0.0170442,-0.00958738,0.094571,-0.196325,9.55885
1770178432031825523,0.661062,0.000896821,0.00896602,-0.750277,-0.0127832,-0.00106526,0.00319579,0.047884,-0.335188,9.5397
1770178432051903379,0.661064,0.000810852,0.00901179,-0.750275,-0.0170442,-0.0106526,-0.0127832,-0.0167594,-0.324414,9.52892
1770178432071988405,0.66106,0.000851675,0.00902261,-0.750278,0.00745685,-0.00745685,-0.00106526,-0.0430956,-0.398635,9.43316
1770178432092069558,0.66104,0.0008875,0.00902042,-0.750296,-0.0127832,-0.0138484,-0.00852211,-0.0335188,-0.280122,9.5373
1770178432112145431,0.661021,0.000957749,0.00903446,-0.750312,0.00958738,0.0181095,-0.0117179,0.0215478,-0.383072,9.44872
1770178432132221047,0.661005,0.0010097,0.0089859,-0.750327,0.00106526,-0.0106526,-0.0127832,-0.011971,-0.393846,9.45351
1770178432152301048,0.661011,0.00110159,0.00885708,-0.750323,0.0213053,-0.0149137,-0.00426106,-0.035913,-0.20231,9.53132
1770178432172386042,0.661009,0.00119321,0.00873801,-0.750326,0.00213053,-0.0149137,0,-0.0155623,-0.0754174,9.55287
1770178432192463323,0.660974,0.00124499,0.0086742,-0.750358,-0.0138484,0.00426106,-0.0117179,0.0335188,-0.0778116,9.61272
1770178432212539707,0.660975,0.00125496,0.00871642,-0.750356,-0.0245011,0.0127832,0.00319579,-0.0347159,-0.0897826,9.57082
1770178432232610364,0.660975,0.00124116,0.00876822,-0.750356,0,-0.0170442,-0.00852211,-0.0610521,-0.260968,9.50737
1770178432252687709,0.66098,0.00122246,0.00878955,-0.750351,-0.015979,-0.0149137,-0.00532632,-0.0502782,-0.130484,9.5385
1770178432272775134,0.660978,0.001116,0.00879429,-0.750353,-0.0245011,-0.00532632,-0.00532632,-0.0191536,-0.219069,9.48463
1770178432292850943,0.660943,0.000968249,0.00885749,-0.750383,-0.02024,-0.0340885,-0.0138484,0.00837971,-0.222661,9.50857
1770178432312929376,0.66092,0.000879881,0.00895125,-0.750402,-0.0127832,-0.00958738,-0.00745685,-0.0167594,-0.476446,9.54568
1770178432333007521,0.660936,0.000858163,0.00900064,-0.750388,-0.00958738,-0.015979,-0.0149137,-0.0790087,-0.225055,9.49181
1770178432353079426,0.660936,0.000900352,0.00896036,-0.750388,-0.00426106,-0.00745685,0.00532632,0.00837971,-0.300472,9.52054
1770178432373162915,0.660912,0.000880485,0.00887171,-0.750411,-0.00745685,-0.015979,-0.0106526,0.0574608,-0.243011,9.5804
1770178432393245732,0.660883,0.00087782,0.00885695,-0.750436,-0.00745685,0.00213053,0.00106526,0.047884,-0.274136,9.56843
1770178432413322373,0.660891,0.000928099,0.00885246,-0.750429,-0.00319579,-0.00745685,-0.0127832,-0.0251391,-0.214281,9.58758
1770178432433402214,0.660896,0.00107087,0.00880392,-0.750425,0.0117179,-0.0106526,-0.00745685,-0.0574608,-0.234632,9.53491
1770178432453481447,0.660902,0.0011838,0.00877366,-0.75042,-0.00958738,-0.00426106,0,-0.0466869,-0.0993594,9.58998
1770178432473554408,0.660869,0.00120235,0.0087549,-0.750449,-0.0127832,-0.00319579,-0.0117179,0.0011971,-0.222661,9.48224
1770178432493629737,0.66085,0.00119051,0.00874686,-0.750466,-0.0106526,-0.0106526,-0.00319579,-0.0562637,-0.310049,9.4954
1770178432513709802,0.660845,0.00116961,0.0087526,-0.750471,-0.00745685,-0.0181095,-0.00319579,-0.126893,-0.209493,9.55646
1770178432533790443,0.660855,0.00119243,0.00875873,-0.750462,-0.00852211,-0.00852211,0.00106526,-0.0466869,-0.110133,9.58758
1770178432553870668,0.660825,0.001139,0.00879806,-0.750488,-0.015979,-0.0138484,-0.0138484,-0.0227449,-0.216675,9.57202
1770178432573947629,0.660809,0.00101316,0.00883681,-0.750501,-0.0287621,-0.0223706,-0.00639159,0.0502782,-0.287304,9.48224
1770178432594024014,0.660776,0.000886597,0.008863,-0.75053,0,-0.0117179,-0.00213053,-0.0610521,-0.257377,9.54449
1770178432614099919,0.660894,0.00114422,0.00867056,-0.750429,-0.563525,-0.16192,0.00106526,2.16436,-4.1312,0.582988
1770178432634175920,0.659177,-0.00174586,0.0114662,-0.751899,-0.358994,0.00958738,-0.216249,-1.42455,1.67953,6.73968
1770178432654255793,0.659253,-0.00221181,0.0124572,-0.751815,0.171508,-0.0756338,0.183225,-1.89142,-3.2214,7.46392
1770178432674336946,0.661475,-0.00125802,0.010701,-0.74989,0.388821,-0.0458064,0.322775,-0.294487,-1.61968,9.98262
1770178432694415123,0.663134,0.000190334,0.00946096,-0.748441,0.330232,-0.0436758,0.0820253,0.836774,1.36948,10.3262
1770178432714495316,0.662491,0.00370191,0.00662832,-0.749031,0.461259,0.138484,-0.203465,0.976834,-0.972046,9.71328
1770178432734564564,0.660746,0.00687071,0.00407733,-0.750567,0.0852211,-0.0127832,-0.227967,0.203507,0.384269,8.76876
1770178432754640661,0.659633,0.00647954,0.00435898,-0.751547,-0.284426,0.00106526,-0.092678,-0.227449,0.536301,7.27119
1770178432774715766,0.659775,0.00494303,0.0057377,-0.751425,-0.256729,-0.0500674,0.0980043,-0.295684,0.690727,9.59117
1770178432794789207,0.660615,0.00247315,0.00798048,-0.750678,-0.436758,-0.076699,0.0660464,-0.399832,0.918176,10.3837
1770178432814869688,0.66072,-0.000212239,0.0103821,-0.75056,-0.256729,0.00639159,-0.0276969,-0.605733,-0.215478,10.2532
1770178432834950009,0.660824,0.000308428,0.0101716,-0.750472,0.176834,-0.0170442,0.0340885,-0.489614,0.339977,9.72166
1770178432855024922,0.660859,0.000609699,0.00982872,-0.750446,-0.0852211,-0.0383495,-0.0319579,-0.409408,0.89184,9.21409
1770178432875099707,0.660689,0.000252998,0.00995339,-0.750594,0.0223706,-0.0223706,-0.0223706,-0.413,-0.357933,9.56124
1770178432895177436,0.66072,0.00116142,0.00892826,-0.750578,0.155529,-0.00532632,0.00106526,0.152032,-0.122104,9.97424
1770178432915253405,0.660618,0.00184749,0.00811651,-0.750676,0.0426106,-0.0308927,-0.0276969,0.244209,-0.374693,9.12311
1770178432935333630,0.66049,0.0012795,0.00818203,-0.750789,-0.102265,-0.0617853,-0.0106526,0.290895,-0.549469,8.89685
1770178432955409247,0.660636,-0.000151634,0.009042,-0.750652,-0.152333,-0.0351537,0.0245011,0.402226,-0.895431,9.25239
1770178432975483552,0.660647,-0.00140531,0.0100123,-0.750628,-0.151268,-0.00852211,-0.00532632,0.35913,-0.62369,9.80066
1770178432995561089,0.660626,-0.00252916,0.0111947,-0.750628,-0.076699,-0.00106526,0.00852211,0.245406,-0.830788,9.60793
1770178433015632033,0.660702,-0.00209087,0.0111272,-0.750563,0.096939,0.0266316,-0.00319579,0.0790087,-0.591368,9.31823
1770178433035708866,0.660626,-0.0011298,0.0105676,-0.75064,0.092678,0.0266316,-0.02024,-0.172383,-0.110133,9.36731
1770178433055782147,0.660604,0.000186673,0.00969311,-0.750672,0.160855,0.0106526,0.00106526,-0.405817,-0.245406,9.65103
1770178433075857028,0.660653,0.00169452,0.00865114,-0.75064,0.172573,0.0276969,-0.0191748,-0.374693,0.0454898,9.57082
1770178433095931813,0.660543,0.00305795,0.00760269,-0.750744,0.125701,0.0149137,-0.0138484,-0.184354,0.108936,9.50977
1770178433116005638,0.660526,0.0037858,0.00700327,-0.75076,0.0681769,0.00106526,-0.00532632,-0.124498,0.294487,9.37689
1770178433136078343,0.660502,0.00397562,0.00670566,-0.750784,-0.0372843,-0.0127832,-0.0149137,-0.0670376,0.298078,9.52294
1770178433156152232,0.660505,0.00359742,0.00672609,-0.750782,-0.0553937,-0.0298274,-0.00426106,-0.0155623,0.311246,9.50498
1770178433176231721,0.660495,0.00289938,0.0070944,-0.750791,-0.11931,-0.0340885,-0.0106526,0.0287304,0.178368,9.663
1770178433196304426,0.660462,0.00202556,0.00776258,-0.750817,-0.11931,-0.02024,-0.0117179,0.134075,0.0251391,9.49899
1770178433216377770,0.660446,0.00119642,0.00849425,-0.750825,-0.106526,-0.0138484,0,-0.0347159,-0.295684,9.58998
1770178433236452683,0.660468,0.00061265,0.00910479,-0.750798,-0.0798948,-0.015979,-0.00106526,-0.0335188,-0.403423,9.57561
1770178433256528268,0.660483,6.4191e-05,0.00962601,-0.75078,-0.0639159,-0.0351537,0.00532632,-0.125696,-0.497994,9.56124
1770178433276603501,0.660487,-0.000331863,0.00991541,-0.750772,-0.0276969,-0.0245011,-0.00213053,-0.0694318,-0.59855,9.40921
1770178433296676462,0.660463,-0.000621377,0.0101091,-0.75079,-0.0213053,-0.0170442,-0.00319579,-0.0107739,-0.707487,9.54089
1770178433316754415,0.660457,-0.000667523,0.0101206,-0.750796,0.0191748,-0.0234358,-0.00426106,0.0011971,-0.667982,9.44273
1770178433336835248,0.660445,-0.000576121,0.0100644,-0.750807,0.02024,0.0106526,-0.00319579,0.0107739,-0.580594,9.50139
1770178433356911761,0.660451,-0.000346599,0.00982977,-0.750805,0.0266316,-0.0106526,-0.00639159,0.175974,-0.357933,9.43316
1770178433376991826,0.660429,-5.53226e-05,0.00960753,-0.750827,0.0394148,-0.0138484,-0.00213053,0.126893,-0.217872,9.58519
1770178433397070259,0.660408,0.000391679,0.00923616,-0.75085,0.0372843,0.0117179,-0.0117179,0.106542,-0.161609,9.55047
1770178433417147540,0.660404,0.000828889,0.00894365,-0.750856,0.0500674,-0.0127832,-0.00319579,-0.0143652,-0.0897826,9.61272
1770178433437226101,0.66039,0.00136036,0.00868752,-0.750872,0.036219,0.00426106,-0.0127832,-0.0562637,0.0658405,9.51097
1770178433457303734,0.660334,0.00175245,0.00853939,-0.750921,0.00958738,0.00852211,-0.00852211,-0.148441,0.0131681,9.53012
1770178433477378327,0.660296,0.00194187,0.00848141,-0.750955,-0.00958738,-0.0170442,-0.00745685,-0.120907,-0.0407014,9.49421
1770178433497458680,0.660277,0.00183692,0.00852613,-0.750972,-0.0340885,-0.0255663,-0.0106526,-0.25618,-0.0694318,9.48343
1770178433517537977,0.660285,0.0015735,0.00860014,-0.750964,-0.0372843,-0.0340885,-0.00213053,-0.184354,-0.0670376,9.50857
1770178433537618522,0.660258,0.00122142,0.00871347,-0.750987,-0.0617853,-0.0149137,-0.02024,-0.094571,-0.149638,9.63307
1770178433557700251,0.660264,0.00090798,0.00887381,-0.750981,-0.036219,-0.0223706,0.00213053,0.0562637,-0.201113,9.4966
1770178433577776476,0.660223,0.000601645,0.00906856,-0.751015,-0.0436758,-0.0266316,-0.0149137,0.0873884,-0.323217,9.62948
1770178433597854365,0.660249,0.000366011,0.00921623,-0.75099,-0.0394148,-0.00213053,-0.0138484,0.19393,-0.408211,9.50618
1770178433617932382,0.660237,0.000148812,0.00933,-0.750999,-0.0255663,-0.0223706,-0.00319579,0.106542,-0.377087,9.54089
1770178433638006078,0.660241,0.000112056,0.00940032,-0.750995,-0.0106526,0.00745685,-0.0117179,0.114922,-0.39624,9.49181
1770178433658079871,0.6602,0.000180428,0.00944875,-0.75103,0.015979,0.00745685,0.00213053,0.0131681,-0.48722,9.51935
1770178433678152864,0.660203,0.000390052,0.00940116,-0.751028,0.0234358,-0.0138484,-0.00213053,-0.0670376,-0.378284,9.46548
1770178433698228033,0.66019,0.000624489,0.00935487,-0.75104,0.00532632,0.00852211,-0.0127832,-0.189142,-0.320823,9.51097
1770178433718307746,0.660199,0.000880288,0.00921201,-0.751034,0.0245011,0.00106526,0.0117179,-0.0514753,-0.114922,9.59596
1770178433738382243,0.660163,0.000994597,0.00902113,-0.751067,0,-0.0127832,-0.00958738,-0.117316,-0.0766145,9.55765
1770178433758457572,0.660153,0.00112201,0.00885039,-0.751078,0.00213053,-0.0127832,0.0149137,-0.0167594,-0.0730232,9.54449
1770178433778532037,0.660156,0.00115047,0.00875979,-0.751076,-0.0170442,-0.00639159,0.00106526,-0.0802058,-0.0502782,9.52413
1770178438811708754,0.657773,-0.000262241,0.00929133,-0.753159,-0.0181095,-0.00639159,-0.0191748,0.0430956,-0.353145,9.43794
1770178438831795955,0.657768,-0.000282541,0.00928158,-0.753163,-0.00213053,-0.00958738,0.00106526,-0.0646434,-0.311246,9.43076
1770178438851875188,0.657763,-0.000168455,0.00921018,-0.753169,0.02024,0.00745685,-0.00213053,-0.114922,-0.274136,9.43316
1770178438871955445,0.657803,-6.2439e-05,0.00915674,-0.753134,-0.00426106,-0.0287621,-0.00639159,-0.0454898,-0.215478,9.36372
1770178438892031894,0.657753,-0.000152221,0.00922918,-0.753177,-0.0255663,-0.0223706,-0.0127832,0.0167594,-0.208296,9.52533
1770178438912106839,0.657703,-0.000186555,0.00917455,-0.753221,0.00106526,0.00213053,-0.00426106,0.124498,-0.118513,9.64863
1770178438932183992,0.657727,-0.000192718,0.00919486,-0.7532,-0.00852211,-0.0106526,0,0.0526724,-0.354342,9.41041
1770178438952259385,0.657744,-0.00026504,0.00933347,-0.753184,-0.02024,-0.0181095,-0.00106526,-0.0335188,-0.292093,9.51815
1770178438972337338,0.657735,-0.000211078,0.00940681,-0.753191,-0.00958738,0.0170442,-0.0117179,-0.0790087,-0.223858,9.50618
1770178438992415771,0.657715,-0.000105248,0.00933206,-0.753209,0.00745685,-0.0223706,-0.0117179,-0.0766145,-0.280122,9.48942
1770178439012493884,0.65768,-0.00010959,0.00928111,-0.75324,-0.0149137,-0.0234358,-0.015979,-0.0921768,-0.295684,9.51097
1770178439032569885,0.657706,-0.000201119,0.00928828,-0.753217,-0.00426106,-0.0149137,-0.00745685,-0.094571,-0.281319,9.52892
1770178439052646078,0.657713,-0.000247715,0.00932213,-0.753211,-0.0298274,-0.00639159,-0.00426106,-0.0215478,-0.269348,9.46787
1770178439072724703,0.657701,-0.000235735,0.00925186,-0.753222,0.0117179,-0.0351537,0,0.174777,-0.181959,9.56124
1770178439092802496,0.657675,-0.000207999,0.00918195,-0.753246,-0.0127832,-0.00639159,-0.00426106,0.100556,-0.302867,9.4547
1770178439112878849,0.65768,-0.000205952,0.00916831,-0.753242,-0.0127832,-0.0127832,-0.00319579,0.0526724,-0.301669,9.57441
1770178439132954370,0.657661,-0.000201032,0.00923479,-0.753257,-0.00319579,-0.0330232,-0.0149137,-0.0059855,-0.302867,9.4559
1770178439153031427,0.657656,-0.000190728,0.00927612,-0.753261,-0.0106526,0.00319579,0.00852211,-0.0383072,-0.20231,9.48104
1770178439173110308,0.657622,-0.000135376,0.00931524,-0.75329,-0.0191748,-0.00319579,-0.0106526,-0.0562637,-0.275333,9.43435
1770178439193184900,0.657602,-9.39277e-05,0.00929248,-0.753308,-0.00426106,-0.00319579,-0.00426106,-0.110133,-0.336385,9.51575
1770178439213262309,0.657574,-0.000105802,0.00922954,-0.753333,-0.00319579,-0.0170442,-0.00745685,-0.0873884,-0.308852,9.47026
1770178439233338086,0.657579,-0.000132641,0.00916923,-0.75333,-0.0149137,-0.0276969,-0.00426106,-0.0335188,-0.124498,9.52773
1770178439253411175,0.657535,-0.000141493,0.00918704,-0.753367,-0.00958738,-0.0191748,-0.00532632,0.0670376,-0.196325,9.52413
1770178439273487912,0.657526,-0.00014598,0.00920012,-0.753375,-0.00426106,-0.00213053,-0.015979,0.0275333,-0.185551,9.56005
1770178439293563305,0.6575,-0.000131161,0.00919012,-0.753399,-0.00319579,0.00639159,-0.00745685,-0.0323217,-0.262165,9.46548
1770178439313637034,0.65752,-0.000105886,0.00916194,-0.753381,-0.00958738,-0.0106526,-0.015979,-0.0311246,-0.187945,9.53132
1770178439333713963,0.657468,-0.000152121,0.00921288,-0.753426,-0.0223706,-0.015979,-0.015979,-0.0155623,-0.197522,9.35175
1770178439353789100,0.657455,-0.00015661,0.0092783,-0.753437,-0.00426106,-0.00958738,-0.00639159,-0.0155623,-0.283713,9.47386
1770178439373867757,0.657427,-0.00011277,0.00935115,-0.75346,-0.00958738,0.0127832,0,-0.0933739,-0.301669,9.47625
1770178439393946926,0.657455,-4.55885e-05,0.00933079,-0.753436,0.00745685,-0.0149137,-0.00532632,-0.0694318,-0.207098,9.54808
1770178439414025455,0.657417,-5.95191e-05,0.00923783,-0.75347,0.00532632,-0.02024,-0.00852211,-0.102951,-0.274136,9.55885
1770178439434100208,0.657392,-0.000137508,0.00917398,-0.753493,-0.0191748,-0.00319579,-0.00745685,0.0299275,-0.215478,9.52653
1770178439454174256,0.657367,-0.000184334,0.00916757,-0.753515,-0.0117179,-0.0181095,-0.02024,0.0179565,-0.275333,9.51336
1770178439474248113,0.657368,-0.000129281,0.0091255,-0.753514,0.00745685,-0.0255663,0.00319579,-0.00718261,-0.241814,9.50857
1770178439494322450,0.657334,-9.28261e-05,0.00909557,-0.753544,-0.00532632,-0.00319579,-0.02024,0.0143652,-0.155623,9.55526
1770178439514400723,0.657339,-8.60174e-05,0.00911392,-0.75354,-0.02024,-0.00426106,-0.00852211,0.011971,-0.135272,9.48702
1770178439534474772,0.657289,-0.000146125,0.0091427,-0.753583,-0.00958738,0.0127832,-0.015979,-0.0047884,-0.241814,9.45829
1770178439554553365,0.657272,-0.000163486,0.00915412,-0.753597,-0.00958738,-0.0106526,0.00106526,-0.0430956,-0.415394,9.47386
1770178439574631254,0.657269,-0.000110149,0.0091217,-0.753601,-0.00106526,-0.00958738,-0.00319579,-0.122104,-0.238223,9.42956
1770178439594710935,0.657267,-6.09834e-05,0.00912425,-0.753603,0.00319579,-0.0255663,-0.00852211,-0.0311246,-0.207098,9.57322
1770178439614789528,0.65724,-0.000108852,0.00919644,-0.753625,-0.0191748,-0.015979,-0.0106526,0.0227449,-0.223858,9.4978
1770178439634866937,0.657231,-0.000150362,0.00918917,-0.753633,0.00106526,-0.02024,-0.00319579,-0.0023942,-0.259771,9.578
1770178439654943962,0.657202,-0.00013372,0.00918931,-0.753658,0.00639159,-0.0266316,-0.00319579,-0.0706289,-0.314838,9.48463
1770178439675023291,0.657225,-8.32613e-05,0.00909173,-0.75364,-0.0127832,-0.00532632,0.00213053,0.0155623,-0.185551,9.52892
1770178439695102524,0.657188,-9.4354e-05,0.00907995,-0.753672,-0.00639159,-0.0245011,-0.0149137,0.0454898,-0.17358,9.47266
1770178439715185629,0.657178,-0.000115069,0.00913575,-0.75368,-0.0170442,-0.0138484,0.0127832,0.0610521,-0.253785,9.48822
1770178439735265534,0.657147,-0.000112993,0.00920413,-0.753706,0.00745685,-0.00639159,-0.0106526,-0.0514753,-0.374693,9.46548
1770178439755338815,0.657163,-3.81188e-05,0.00917021,-0.753693,-0.00106526,-0.0213053,-0.00958738,-0.0383072,-0.262165,9.54329
1770178439775417792,0.657128,-1.90904e-05,0.00913633,-0.753724,-0.00852211,-0.0138484,-0.0149137,-0.0586579,-0.208296,9.51815
1770178439795495809,0.657135,-6.85151e-05,0.00913375,-0.753718,-0.0308927,-0.0298274,-0.0213053,-0.0299275,-0.20231,9.56603
1770178439815582882,0.657102,-0.000164611,0.0091971,-0.753746,-0.0170442,-0.0127832,-0.00745685,-0.0383072,-0.250194,9.53491
1770178439835664515,0.65712,-0.000155383,0.00920849,-0.753729,0.00958738,-0.0276969,-0.0181095,-0.0311246,-0.29329,9.5373
1770178439855740964,0.657101,-0.000119224,0.00918704,-0.753746,-0.0117179,-0.0170442,-0.00639159,-0.0011971,-0.199916,9.4164
1770178439875819333,0.657103,-0.000104622,0.00914538,-0.753745,-0.00532632,-0.0127832,-0.0106526,0.0251391,-0.172383,9.42597
1770178439895904646,0.657063,-0.000187631,0.00916001,-0.75378,-0.00745685,0.00532632,-0.00213053,0.0454898,-0.258574,9.47386
1770178439915983815,0.657057,-0.000207073,0.00916829,-0.753785,-0.0234358,0.0127832,0.00426106,-0.0311246,-0.337582,9.47505
1770178439936062984,0.65704,-0.000147806,0.00917215,-0.7538,-0.00532632,0.00213053,-0.0127832,-0.0933739,-0.226252,9.53611
1770178439956139721,0.65707,-5.58471e-05,0.00916975,-0.753774,0.00958738,-0.0138484,-0.00532632,-0.0430956,-0.23942,9.48583
1770178439976218378,0.657044,-8.84114e-05,0.00918649,-0.753797,-0.02024,-0.0234358,-0.0255663,-0.0023942,-0.161609,9.51815
1770178439996298315,0.657033,-0.000152384,0.00920543,-0.753806,-0.0191748,-0.00213053,-0.00958738,-0.0430956,-0.292093,9.59716
1770178440016377260,0.657009,-0.000209883,0.00918728,-0.753827,-0.00106526,-0.00745685,-0.00639159,-0.0610521,-0.302867,9.5804
1770178440036455597,0.657027,-0.000115446,0.00913569,-0.753812,0.00213053,0.00426106,-0.015979,-0.0538695,-0.23942,9.53132
1770178440056527982,0.656992,-0.0001059,0.00914789,-0.753842,-0.00852211,-0.0245011,-0.0117179,0.0275333,-0.178368,9.38647
1770178440076604655,0.656978,-0.000136892,0.00913748,-0.753854,-0.015979,-0.0351537,-0.00319579,0.0227449,-0.223858,9.37809
1770178440096679696,0.656933,-0.000195202,0.00915316,-0.753893,-0.00852211,-0.0117179,-0.00958738,0.0023942,-0.366313,9.38766
1770178440116760561,0.656961,-0.000166363,0.00914938,-0.753869,0.00106526,-0.0287621,0.00426106,-0.0586579,-0.225055,9.54329
1770178440136835889,0.656932,-0.000128597,0.00915098,-0.753895,-0.0117179,0.00532632,-0.00852211,-0.0215478,-0.213084,9.56603
1770178440156921011,0.656933,-0.000114791,0.00915705,-0.753893,0,-0.0149137,0.00106526,0.0299275,-0.21069,9.70729
1770178440177002612,0.656883,-0.000182346,0.00924395,-0.753936,-0.00532632,-0.0213053,-0.0127832,-0.0670376,-0.294487,9.58878
1770178440197081141,0.656895,-0.00017038,0.00922072,-0.753926,0.00958738,-0.0223706,-0.00745685,-0.0814029,-0.328006,9.55406
1770178440217159446,0.656889,-0.000150638,0.0091521,-0.753932,0.00319579,-0.0276969,-0.00745685,-0.0849942,-0.186748,9.51695
1770178440237237591,0.656902,-9.64999e-05,0.00912554,-0.75392,-0.0117179,-0.00958738,-0.00639159,-0.0035913,-0.240617,9.44872
1770178440257316952,0.656864,-0.0001406,0.00918216,-0.753953,-0.0138484,-0.00319579,-0.0106526,0.0586579,-0.274136,9.50378
1770178440277397497,0.656887,-0.000161156,0.0092206,-0.753933,-0.0106526,-0.0213053,0.00958738,0.0143652,-0.360327,9.58638
1770178440297476506,0.656868,-0.000171195,0.00917025,-0.75395,0.00319579,-0.0117179,0.00213053,-0.0191536,-0.189142,9.51815
1770178440317556763,0.656881,0.00161006,0.00724494,-0.753958,1.78538,0.678573,0.0372843,2.41575,-16.435,5.4085
1770178440337629595,0.655514,0.0253092,-0.01089,-0.75468,2.44904,0.181095,-0.2024,-0.940921,-0.667982,0.859518
1770178440357707260,0.654341,0.0357362,-0.0246619,-0.754952,0.0255663,-0.642354,0.0426106,1.28569,4.67228,-0.997185
1770178440377789405,0.655269,0.0229677,-0.0194061,-0.754797,-2.82189,-0.414388,0.116114,3.11486,4.47357,7.66504
1770178440397868638,0.657337,-0.0015138,0.00378091,-0.753586,-2.09751,0.197074,0.329167,2.98557,1.08936,7.2688
1770178440417949151,0.658639,-0.003225,0.0119696,-0.752357,-0.386691,0.662594,0.140615,0.484826,4.58729,-1.21985
1770178440438022560,0.658833,-0.00197403,0.0141279,-0.752154,0.171508,-0.150202,-0.100135,-0.469264,-0.0275333,16.3632
1770178440458102177,0.657736,-0.0021155,0.0150549,-0.753095,-0.0894822,0.187487,-0.126766,-3.04782,1.6915,11.5221
1770178440478182146,0.657202,0.000158054,0.0147448,-0.75357,0.291882,-0.0426106,-0.0426106,-2.57377,-0.537498,6.61278
1770178440498261059,0.65693,0.00138789,0.0117268,-0.753859,0.172573,-0.14168,-0.0681769,-1.95247,-0.266953,12.7982
1770178440518336004,0.656741,0.00167799,0.0108066,-0.754037,0.160855,-0.112918,-0.0308927,-0.688333,-1.58736,6.5242
1770178440538411909,0.656617,0.0023715,0.0087273,-0.75417,0.0735032,-0.0894822,0,0.717063,-1.04866,11.3497
1770178440558490950,0.656679,0.00070624,0.0086798,-0.75412,-0.264186,-0.138484,0.00106526,1.09774,-1.23421,9.0034
1770178440578569863,0.656735,-0.00225282,0.00992959,-0.754053,-0.334493,-0.116114,0,1.32639,-1.74058,9.68215
1770178440598646920,0.656763,-0.00693414,0.0128989,-0.753955,-0.470847,-0.0575243,0.0170442,1.4042,-1.73819,10.1287
1770178440618724009,0.656837,-0.00842358,0.0144868,-0.753847,0.0745685,0.072438,0.00319579,1.28569,-2.11887,8.38569
1770178440638799114,0.656804,-0.00705148,0.0136163,-0.753906,0.264186,0.0596548,-0.02024,1.3216,-1.37307,9.61751
1770178440658884843,0.656744,-0.00468709,0.0125425,-0.753995,0.264186,0.126766,0.00213053,0.62369,-0.910994,9.13747
1770178440678967372,0.656826,-0.00177504,0.0112134,-0.753956,0.302535,0.149137,-0.00213053,-0.149638,-0.353145,10.0604
1770178440699046957,0.656805,0.00198609,0.00924644,-0.754002,0.438889,0.132093,-0.0149137,-0.931344,0.0849942,9.88925
1770178440719130222,0.656674,0.00658874,0.00652046,-0.754118,0.528371,0.147006,-0.0117179,-1.39702,0.608127,9.53251
1770178440739210159,0.65661,0.0108739,0.00374682,-0.754142,0.211988,0.00319579,-0.0106526,-1.45927,2.00874,9.17937
1770178440759288656,0.656563,0.0110387,0.00320007,-0.754183,-0.0990696,-0.110787,-0.00426106,-1.31561,1.72981,8.47667
1770178440779366865,0.656589,0.0102208,0.00325136,-0.754172,-0.102265,-0.0937433,-0.00745685,-0.736217,1.41976,9.45231
1770178440799445042,0.656618,0.00867168,0.00356474,-0.754165,-0.193878,-0.128897,-0.0223706,-0.0371101,1.33237,9.78869
1770178440819524211,0.656581,0.00676186,0.00413324,-0.754214,-0.22051,-0.112918,-0.00958738,0.518345,0.7434,9.55406
1770178440839602772,0.656605,0.00434406,0.00526719,-0.754204,-0.28336,-0.0884169,-0.0117179,0.684742,0.232238,9.50857
1770178440859682101,0.656656,0.00164546,0.00707215,-0.754155,-0.34408,-0.0745685,-0.00852211,0.786495,-0.147243,9.578
1770178440879759158,0.656721,-0.000885464,0.00922218,-0.754077,-0.360059,-0.0458064,-0.00213053,0.708684,-0.68115,9.64624
1770178440899840695,0.656737,-0.00324473,0.0116348,-0.754023,-0.28336,-0.00745685,0,0.424971,-1.25935,9.61152
1770178440919918648,0.656743,-0.00408593,0.0130754,-0.75399,-0.0127832,0.0372843,-0.00319579,0.0562637,-1.85551,9.06684
1770178440939991641,0.656709,-0.00377182,0.01332,-0.754017,0.0266316,0.0245011,-0.00639159,-0.196325,-1.57419,9.48224
1770178440960069242,0.6567,-0.00324994,0.0131879,-0.754029,0.0809601,0.0106526,-0.00213053,-0.39624,-1.47243,9.39964
1770178440980147291,0.656684,-0.00264785,0.0127711,-0.754053,0.096939,-0.00745685,-0.0191748,-0.390255,-1.26294,9.45351
1770178441000226428,0.65666,-0.00201968,0.0121537,-0.754086,0.11931,-0.0245011,-0.00958738,-0.300472,-1.09774,9.44513
1770178441020304157,0.656685,-0.0013443,0.0112997,-0.754079,0.135289,-0.036219,-0.00426106,-0.159214,-0.542287,9.61871
1770178441040382686,0.656691,-0.000187048,0.00989252,-0.754095,0.20027,-0.0149137,-0.015979,0.137667,0.0191536,9.62469
1770178441060461023,0.656663,0.0016121,0.00799799,-0.75414,0.227967,0.0117179,-0.00532632,0.332794,0.597353,9.64744
1770178441080538304,0.656583,0.00356264,0.00630168,-0.754219,0.231162,0.0447411,-0.00852211,0.435745,0.818817,9.5816
1770178441100617729,0.656506,0.00538065,0.00502016,-0.754285,0.186421,0.052198,-0.0138484,0.226252,0.907402,9.48702
1770178441120698466,0.656465,0.00716408,0.00410508,-0.754312,0.0788296,0.0479369,0,-0.00837971,0.890643,9.52892
1770178441140779907,0.656468,0.00745028,0.00433628,-0.754304,-0.11931,-0.00639159,-0.00852211,-0.318429,0.866701,9.1243
1770178441160854820,0.656426,0.00680237,0.00517981,-0.754342,-0.155529,-0.0276969,-0.00213053,-0.494403,0.264559,9.73482
1770178441180933413,0.656415,0.00565811,0.00622884,-0.754353,-0.199204,-0.0511327,-0.00426106,-0.718261,0.0646434,9.56843
1770178441201011845,0.65642,0.00391846,0.00751847,-0.754348,-0.210922,-0.072438,-0.00106526,-0.667982,-0.368707,9.51935
1770178441221089286,0.656476,0.00226136,0.00853748,-0.754295,-0.187487,-0.092678,0.00213053,-0.368707,-0.410606,9.53132
1770178441241169543,0.656484,0.0005536,0.00947848,-0.75428,-0.162985,-0.0862864,-0.00426106,0.104148,-0.572214,9.48463
1770178441261242824,0.656472,-0.000881277,0.0101164,-0.754282,-0.115049,-0.0639159,-0.00426106,0.389058,-0.632069,9.53611
1770178441281320873,0.656476,-0.00180347,0.0104669,-0.754272,-0.0511327,-0.0245011,-0.0106526,0.587777,-0.81762,9.39365
1770178441301393514,0.65648,-0.00203265,0.0104093,-0.754268,0.0191748,0.0149137,-0.00639159,0.582988,-0.678756,9.53132
1770178441321472747,0.656462,-0.00173451,0.0102448,-0.754288,0.0479369,0.0276969,-0.0117179,0.579397,-0.676362,9.60554
1770178441341553900,0.656458,-0.00113713,0.0100874,-0.754295,0.0500674,0.0330232,-0.00958738,0.289698,-0.584185,9.59237
1770178441361634125,0.656416,-0.000377129,0.00998636,-0.754333,0.0596548,0.0426106,-0.0149137,0.035913,-0.574608,9.47745
1770178441381712110,0.656425,0.000352781,0.00982077,-0.754327,0.0617853,0.0276969,-0.00532632,-0.393846,-0.417788,9.49301
1770178441401788463,0.656419,0.00106551,0.00955894,-0.754335,0.0703074,0.0234358,0.00319579,-0.538695,-0.250194,9.45949
1770178441421862864,0.656402,0.00195437,0.00896847,-0.754355,0.1012,-0.02024,-0.0170442,-0.603339,0.0442927,9.47625
1770178441441944369,0.656369,0.0026472,0.00838957,-0.754388,0.0894822,0.0117179,-0.0149137,-0.339977,0.0514753,9.54089
1770178441462016498,0.656362,0.00328617,0.00761166,-0.754401,0.0692422,-0.0340885,-0.00532632,-0.183156,0.197522,9.49421
1770178441482093331,0.656363,0.00359052,0.00710072,-0.754403,0.0234358,-0.0170442,-0.00852211,0.0837971,0.380678,9.42358
1770178441502166964,0.656345,0.00342621,0.00683263,-0.754422,-0.052198,-0.02024,-0.00852211,0.197522,0.407014,9.51336
1770178441522246645,0.656328,0.00299347,0.00703211,-0.754437,-0.0862864,-0.0308927,0,0.328006,0.140061,9.5397
1770178441542326518,0.656328,0.0022965,0.00766562,-0.754433,-0.108657,-0.00745685,-0.00106526,0.20231,-0.0526724,9.56603
1770178441562404247,0.656321,0.0016818,0.00835523,-0.754434,-0.0980043,-0.0223706,-0.00639159,0.0215478,-0.355539,9.50618
1770178441582478936,0.656342,0.00108945,0.00898815,-0.754409,-0.076699,-0.00852211,-0.00319579,-0.172383,-0.368707,9.51575
1770178441602559353,0.65632,0.000720627,0.00944554,-0.754423,-0.0660464,0,-0.00852211,-0.192733,-0.592565,9.43555
1770178441622640122,0.656311,0.000497464,0.00974055,-0.754428,-0.0223706,-0.00106526,-0.00639159,-0.220267,-0.685939,9.55765
1770178441642716026,0.656286,0.000472852,0.00979255,-0.754448,0.0223706,-0.0255663,-0.0170442,-0.171185,-0.693121,9.54808
1770178441662794491,0.656284,0.000505744,0.00958816,-0.754453,0.0223706,-0.0308927,-0.0127832,-0.11133,-0.526724,9.51456
1770178441682873596,0.656277,0.000605553,0.00926166,-0.754463,0.0308927,-0.0447411,0,0.199916,-0.337582,9.49421
1770178441702953469,0.656262,0.000673567,0.00896825,-0.754479,0.00426106,-0.0149137,0.00532632,0.214281,-0.137667,9.52294
1770178441723027742,0.656228,0.000894158,0.00875156,-0.754511,0.0138484,0.00532632,-0.0223706,0.19393,-0.0634463,9.50259
1770178441743103039,0.656205,0.00120561,0.00856935,-0.754533,0.0181095,0.0149137,0.00319579,0.12809,-0.0047884,9.60434
1770178441763182976,0.656219,0.00164998,0.00838869,-0.754522,0.0330232,0.00319579,-0.0106526,0.0430956,0.0059855,9.58998
1770178441783261441,0.656203,0.00200546,0.00826237,-0.754536,0.0181095,0.00106526,-0.0117179,-0.138864,0.0191536,9.53491
1770178441803338338,0.656181,0.00223077,0.00828148,-0.754555,-0.0106526,-0.00532632,-0.0138484,-0.203507,-0.158017,9.45231
1770178441823415363,0.656165,0.00223241,0.0084251,-0.754567,-0.0223706,-0.0298274,-0.00426106,-0.395043,-0.132878,9.50618
1770178441843497924,0.656166,0.00206889,0.00860323,-0.754565,-0.0308927,-0.02024,-0.00213053,-0.268151,-0.21069,9.53371
1770178441863575461,0.656166,0.00178193,0.00864616,-0.754565,-0.0213053,-0.0426106,0,-0.238223,-0.174777,9.4966
1770178441883651110,0.656147,0.00148128,0.00863703,-0.754582,-0.0223706,-0.0298274,0,0.0706289,-0.266953,9.5373
1770178441903728839,0.656121,0.00125676,0.00861385,-0.754606,-0.0149137,-0.0149137,-0.0127832,0.136469,-0.366313,9.50139
1770178441923807784,0.656129,0.00107915,0.00864225,-0.754598,-0.00958738,-0.0191748,-0.00745685,0.23942,-0.335188,9.54927
1770178441943884681,0.656137,0.000980609,0.00870694,-0.754591,-0.0117179,-0.00213053,-0.00106526,0.15682,-0.277727,9.50259
1770178441963962058,0.656113,0.00101638,0.00876775,-0.754611,0,-0.00106526,-0.0106526,0.243011,-0.356736,9.50857
1770178441984039947,0.656091,0.00112746,0.00877897,-0.75463,0.0106526,0.0106526,-0.0117179,0.011971,-0.39624,9.51097
1770178442004118188,0.656083,0.0012981,0.00878806,-0.754636,0.00745685,0.00852211,-0.00106526,-0.100556,-0.398635,9.47745
1770178442024197485,0.656093,0.00158782,0.00876885,-0.754628,0.0106526,0.0170442,-0.00319579,-0.278924,-0.213084,9.48463
1770178442044277294,0.656107,0.00178959,0.00872745,-0.754616,0.00532632,-0.00106526,0,-0.216675,-0.0909797,9.48942
1770178442064355663,0.656078,0.00185551,0.00866693,-0.754641,-0.00426106,-0.02024,0.00319579,-0.226252,-0.0730232,9.50618
1770178442084432304,0.656071,0.0018483,0.00857009,-0.754648,-0.00213053,-0.036219,-0.00426106,-0.0993594,-0.0550666,9.578
1770178442104509649,0.656085,0.00178985,0.00846169,-0.754638,-0.0127832,-0.0245011,-0.00958738,-0.0766145,-0.0646434,9.44273
1770178442124587602,0.65608,0.00171739,0.00836087,-0.754643,-0.0170442,-0.0213053,-0.00426106,0.132878,-0.0287304,9.5397
1770178442144666835,0.656073,0.001551,0.0083957,-0.754649,-0.015979,-0.0181095,-0.00745685,0.148441,-0.108936,9.59117
1770178442164743924,0.656045,0.00141306,0.00859359,-0.754671,-0.0372843,-0.00639159,-0.0106526,0.110133,-0.259771,9.50019
1770178442184822645,0.656043,0.00131299,0.00874011,-0.754672,-0.0138484,-0.00958738,-0.0106526,-0.0323217,-0.332794,9.53611
1770178442204903222,0.65606,0.00130622,0.00884578,-0.754656,-0.00426106,-0.00852211,0,-0.0490811,-0.411803,9.53251
1770178442224977974,0.656048,0.00126469,0.00889215,-0.754666,-0.015979,-0.02024,-0.00532632,-0.168791,-0.306458,9.47026
1770178442245056951,0.65603,0.00125943,0.00892584,-0.754681,-0.00319579,-0.00532632,-0.00745685,-0.116119,-0.363919,9.47625
1770178442265137944,0.656019,0.00126931,0.00894981,-0.75469,0.00319579,-0.0191748,-0.00745685,-0.153229,-0.354342,9.56843
1770178442285214265,0.656019,0.00136849,0.00884258,-0.754691,0.0138484,-0.0138484,-0.0117179,-0.0179565,-0.31364,9.52533
1770178442305292762,0.656015,0.0014814,0.00869208,-0.754696,0.0106526,-0.0117179,0.00106526,-0.0275333,-0.114922,9.49421
1770178442325372091,0.655992,0.00156,0.00848665,-0.754718,0.0106526,-0.0223706,-0.00852211,0.117316,-0.134075,9.50737
1770178442345452156,0.655959,0.00154792,0.0084036,-0.754748,-0.0234358,-0.00213053,-0.0117179,0.047884,-0.0885855,9.5804
1770178442365525693,0.65594,0.00161445,0.00842397,-0.754764,-0.00319579,-0.00745685,-0.0117179,-0.0059855,-0.155623,9.54688
1770178442385605502,0.655952,0.00171673,0.00846827,-0.754754,-0.00106526,-0.00852211,-0.00532632,-0.0957681,-0.0514753,9.52892
1770178442405681375,0.655943,0.00175005,0.00851777,-0.754761,-0.015979,-0.0106526,-0.0127832,-0.0873884,-0.106542,9.50019
1770178442425758816,0.655921,0.00162719,0.00859436,-0.754779,-0.0468716,-0.00852211,-0.0149137,-0.137667,-0.102951,9.54688
1770178442445835361,0.655908,0.00148807,0.00871119,-0.754789,-0.0319579,-0.00319579,-0.0117179,-0.102951,-0.306458,9.55526
1770178442465917442,0.655926,0.0013968,0.00879658,-0.754772,-0.02024,-0.0117179,0.00319579,-0.180762,-0.314838,9.46548
1770178442486012803,0.655926,0.00139649,0.00876756,-0.754773,-0.00319579,-0.0255663,-0.00213053,0.035913,-0.275333,9.56244
1770178442506090084,0.655895,0.00130026,0.00873792,-0.754801,-0.0213053,-0.015979,-0.0127832,0.0538695,-0.232238,9.50019
1770178442526169349,0.655972,0.00156655,0.00858725,-0.754735,0.437824,-0.131028,0.0351537,2.19069,-1.47004,2.00155
1770178442546247750,0.656326,0.00203117,0.00855247,-0.754426,0.154463,0.167246,-0.0756338,-0.921768,1.35751,4.74172
1770178442566331399,0.655847,0.00398338,0.00805462,-0.75484,0.193878,0.136354,-0.112918,-2.5199,-0.216675,14.0719
1770178442586406344,0.655364,0.0052272,0.00790451,-0.755253,-0.0660464,-0.0138484,-0.00852211,-3.43448,1.59334,10.3621
1770178442606481417,0.655745,0.00431885,0.00764345,-0.754932,-0.2024,-0.164051,0.0681769,-2.09612,0.695516,7.2688
1770178442626557034,0.655896,0.00249702,0.00731361,-0.754812,-0.175769,-0.215183,-0.0276969,-0.059855,0.393846,10.7069
1770178442646636075,0.65567,0.000209376,0.00718853,-0.755013,-0.128897,-0.165116,0,0.803255,0.0957681,8.63589
1770178442666709516,0.656026,-0.000593921,0.0064522,-0.75471,0.00532632,-0.0223706,0.0745685,2.1883,-0.0682347,8.72088
1770178442686784365,0.656068,-0.000797343,0.0061607,-0.754676,-0.0458064,0.0372843,-0.0735032,2.12485,0.314838,9.46189
1770178442706867598,0.655702,-0.000898317,0.00681487,-0.754988,-0.0884169,0.116114,-0.00852211,2.17513,-0.282516,9.50498
1770178442726942607,0.655829,-0.000310663,0.00787392,-0.754869,-0.0330232,0.15979,0.0234358,0.957681,-0.548272,9.43196
1770178442747020464,0.655833,0.000301935,0.00933436,-0.754848,-0.0905475,0.123571,-0.0234358,-0.642843,-0.638055,9.40921
1770178442767095441,0.655752,0.000541393,0.0111208,-0.754894,-0.113983,0.0788296,0,-1.81241,-1.10253,9.58519
1770178442787171346,0.655846,0.000734269,0.0120937,-0.754797,-0.0191748,0.0170442,0.00745685,-2.02669,-0.866701,9.36731
1770178442807247859,0.655801,0.00117714,0.0120164,-0.754837,0.0820253,-0.0511327,-0.0319579,-2.11528,-1.01514,9.3745
1770178442827322996,0.655768,0.00169808,0.0109393,-0.754882,0.127832,-0.113983,0.0138484,-1.53229,-0.632069,9.29908
1770178442847401588,0.655838,0.00158423,0.00948346,-0.754841,0.0820253,-0.150202,-0.00852211,-0.381875,-0.0790087,9.43196
1770178442867483638,0.655813,0.00108112,0.00817514,-0.754878,0.0479369,-0.143811,-0.00745685,0.670376,0.0969652,9.63666
1770178442887559830,0.655774,0.000612074,0.00694743,-0.754925,0.0671116,-0.0958738,-0.0106526,1.29287,0.134075,9.57561
1770178442907635575,0.655753,0.000613327,0.00605816,-0.754951,0.052198,-0.036219,-0.0106526,1.43293,0.391452,9.36133
1770178442927713656,0.655747,0.000582979,0.0058691,-0.754957,-0.0436758,0.0298274,0.00852211,1.43892,0.288501,9.36133
1770178442947793081,0.655769,0.000544809,0.00626301,-0.754936,-0.0692422,0.0585895,-0.00319579,1.30005,0.344765,9.46787
1770178442967870362,0.655729,0.000629764,0.00732692,-0.754961,-0.0809601,0.0873517,-0.00532632,0.599748,-0.160412,9.57202
1770178442987947195,0.655711,0.0010058,0.00844067,-0.754964,-0.0713727,0.1012,0,-0.399832,-0.403423,9.63187
1770178443008022812,0.655701,0.00156213,0.00954906,-0.754959,-0.0245011,0.0703074,-0.00213053,-1.25815,-0.688333,9.61871
1770178443028108125,0.655689,0.00199371,0.0100726,-0.754961,-0.0181095,0.00319579,-0.00319579,-1.60412,-0.677559,9.39844
1770178443048184062,0.655669,0.00211487,0.0102065,-0.754976,0.0213053,-0.0490022,-0.015979,-1.53349,-0.785298,9.30985
1770178443068256671,0.65565,0.00186493,0.00989464,-0.754998,0.00852211,-0.0948085,-0.0127832,-0.973243,-0.571017,9.46548
1770178443088328384,0.655615,0.00126507,0.00921701,-0.755038,0.0383495,-0.132093,-0.0127832,-0.223858,-0.420182,9.47505
1770178443108443202,0.655646,0.000749365,0.00840236,-0.755022,0.0234358,-0.113983,-0.0117179,0.505177,0.0167594,9.69053
1770178443128518275,0.655656,0.000286153,0.00755086,-0.755022,0.0138484,-0.0671116,-0.00532632,1.03669,0.183156,9.45231
1770178443148594755,0.655641,0.000132576,0.00696581,-0.75504,0.0223706,-0.0149137,-0.0149137,1.21985,0.29329,9.45829
1770178443168669252,0.655611,0.000196699,0.00687377,-0.755068,-0.0170442,0.052198,-0.00213053,1.16119,0.177171,9.56005
1770178443188752837,0.655605,0.000401101,0.00722803,-0.755069,-0.0468716,0.052198,-0.00639159,0.797269,0.159214,9.59955
1770178443208826758,0.655583,0.000758248,0.0078629,-0.755082,-0.0394148,0.0820253,-0.0106526,0.223858,-0.215478,9.59835
1770178443228903495,0.655561,0.00124343,0.00863078,-0.755092,-0.0436758,0.0607201,-0.0106526,-0.428562,-0.351948,9.64384
1770178443248980392,0.655526,0.00171834,0.00924225,-0.755114,0.00319579,0.0351537,-0.0117179,-1.09894,-0.770933,9.48224
1770178443269058761,0.655523,0.00210246,0.00958557,-0.755111,-0.00639159,0.00852211,-0.00532632,-1.30963,-0.590171,9.35654
1770178443289134634,0.655534,0.00210788,0.00960523,-0.755101,0.0117179,-0.0639159,-0.00319579,-1.17076,-0.657208,9.39126
1770178443309211563,0.655545,0.00184085,0.00928249,-0.755097,-0.00852211,-0.0990696,-0.00213053,-0.573411,-0.250194,9.53132
1770178443329296268,0.655524,0.00127758,0.00870601,-0.755123,0.00213053,-0.096939,-0.0149137,0.0682347,-0.17358,9.64624
1770178443349374925,0.655521,0.000837856,0.00805871,-0.755134,0.00852211,-0.0905475,0.00532632,0.612916,0.0754174,9.62589
1770178443369452014,0.655514,0.000514343,0.00754607,-0.755145,0.0191748,-0.02024,-0.0106526,0.907402,0.0347159,9.5385
1770178443389531727,0.655536,0.000435395,0.00728595,-0.755128,-0.00639159,-0.00852211,0,0.976834,0.20231,9.56244
1770178443409609584,0.655503,0.000444102,0.00740384,-0.755157,-0.0500674,0.0372843,-0.0138484,0.848745,0.011971,9.52653
1770178443429684273,0.655472,0.000557304,0.00784701,-0.755178,-0.0490022,0.0553937,0.00213053,0.446519,-0.207098,9.51456
1770178443449762482,0.655456,0.000871736,0.00843427,-0.755186,-0.0127832,0.0617853,-0.00319579,-0.162806,-0.488417,9.54568
1770178443469833779,0.655475,0.0012852,0.0089153,-0.755163,-0.00426106,0.0490022,0.00213053,-0.732626,-0.47884,9.50139
1770178443489913780,0.655469,0.00168474,0.00927167,-0.755164,0.0170442,0.0127832,-0.00106526,-0.948104,-0.550666,9.47026
1770178443509993429,0.655479,0.00186064,0.00935498,-0.755153,-0.0170442,-0.04048,0.00106526,-0.948104,-0.381875,9.53371
1770178443530072662,0.655467,0.00169579,0.00915802,-0.755166,-0.00106526,-0.0575243,-0.0138484,-0.699107,-0.380678,9.61392
1770178443550147063,0.655475,0.00142038,0.0087131,-0.755165,0.00852211,-0.0862864,-0.0117179,-0.222661,-0.0933739,9.57082
1770178443570225048,0.655458,0.00111717,0.00815458,-0.755187,0.0149137,-0.0745685,-0.00426106,0.347159,-0.0622492,9.50139
1770178443590302233,0.655461,0.000897665,0.00772369,-0.755189,0.00319579,-0.0319579,0.00426106,0.703895,0.185551,9.52054
1770178443610380121,0.655428,0.000736451,0.00753601,-0.755219,-0.00745685,0,-0.00639159,0.788889,0.023942,9.54209
1770178443630455514,0.655415,0.000731714,0.00761783,-0.75523,-0.0266316,0.00852211,-0.0138484,0.702698,-0.0131681,9.53491
1770178443650535739,0.655414,0.000824837,0.00790709,-0.755228,-0.0255663,0.0383495,-0.00639159,0.45011,-0.118513,9.52413
1770178443670614588,0.655418,0.00102595,0.00833631,-0.75522,-0.0351537,0.0372843,0.00319579,-0.0802058,-0.164003,9.52054
1770178443690694813,0.655397,0.00127416,0.00873341,-0.755233,-0.0213053,0.0181095,-0.00852211,-0.457293,-0.451307,9.46069
1770178443710765214,0.655365,0.00146573,0.00905476,-0.755256,-0.00852211,-0.00426106,-0.00532632,-0.679953,-0.500388,9.43435
1770178443730849247,0.655366,0.00157158,0.00919312,-0.755254,-0.00213053,-0.00532632,-0.00213053,-0.769736,-0.549469,9.51815
1770178443750924864,0.655368,0.00158584,0.00908863,-0.755253,-0.00639159,-0.0490022,0,-0.530316,-0.312443,9.54089
1770178443771004001,0.655346,0.00140115,0.00875854,-0.755276,0.00106526,-0.056459,0.00319579,-0.132878,-0.274136,9.56484
1770178443791081730,0.655312,0.00112802,0.0083588,-0.755311,0.00958738,-0.0607201,-0.0149137,0.350751,-0.113725,9.49181
1770178443811155843,0.655303,0.000923207,0.00797482,-0.755323,0.0138484,-0.0372843,-0.0106526,0.433351,-0.129287,9.47386
1770178443831232356,0.655298,0.000864345,0.00773674,-0.75533,-0.02024,-0.00106526,-0.00106526,0.56982,0.0299275,9.60075
1770178443851307973,0.655286,0.000942065,0.00770091,-0.755341,0.0127832,0,-0.00852211,0.545878,0.0263362,9.53371
1770178443871384518,0.655251,0.00101686,0.00792522,-0.755369,-0.0426106,0.0372843,-0.00213053,0.320823,-0.0610521,9.56124
1770178443891457895,0.655216,0.00113498,0.00827523,-0.755395,-0.0149137,0.0308927,-0.0106526,0.0634463,-0.245406,9.43196
1770178443911535240,0.655213,0.00133397,0.0085688,-0.755395,-0.0255663,0.0181095,-0.00319579,-0.366313,-0.416591,9.49301
1770178443931609609,0.655211,0.00152335,0.00874617,-0.755394,0,0.0149137,-0.00319579,-0.5782,-0.378284,9.50378
1770178443951689866,0.655204,0.0015928,0.00884642,-0.755399,-0.0117179,-0.0340885,0,-0.574608,-0.336385,9.51935
1770178443971771211,0.655174,0.00150583,0.00883777,-0.755425,0.00106526,-0.0436758,0.00426106,-0.418985,-0.355539,9.43555
1770178443991850124,0.655163,0.00130627,0.00861183,-0.755437,-0.00319579,-0.0415453,-0.00745685,-0.149638,-0.271742,9.48822
1770178444011928429,0.655186,0.00114149,0.00833276,-0.755421,0.0149137,-0.0298274,-0.00213053,0.120907,-0.181959,9.44153
1770178444032006798,0.655183,0.000987932,0.00794196,-0.755428,-0.00213053,-0.0213053,-0.0117179,0.341174,0.00718261,9.4966
1770178444052086159,0.655176,0.000941896,0.00780321,-0.755435,-0.0213053,-0.0213053,-0.0127832,0.465672,0.0143652,9.50259
1770178444072161167,0.655151,0.00095477,0.00792699,-0.755456,-0.0255663,0.0191748,-0.00319579,0.365116,-0.131681,9.52892
1770178444092243568,0.655164,0.00106861,0.00813055,-0.755443,-0.0223706,0.0319579,0.00852211,0.15682,-0.20231,9.5373
1770178444112323313,0.655148,0.00123519,0.00835185,-0.755454,-0.02024,0.00852211,-0.00745685,-0.11133,-0.20231,9.48822
1770178444132403474,0.655146,0.00140484,0.00850859,-0.755454,-0.0149137,0.0191748,0.00532632,-0.31364,-0.275333,9.38766
1770178444152479123,0.655123,0.00147774,0.00866311,-0.755471,-0.0170442,-0.00639159,-0.00745685,-0.426168,-0.357933,9.46548
1770178444172558740,0.6551,0.00150758,0.00875683,-0.75549,-0.00319579,-0.0319579,-0.00106526,-0.392649,-0.408211,9.44752
1770178444192637493,0.655095,0.00146587,0.00869352,-0.755495,-0.00106526,-0.0266316,-0.00106526,-0.28491,-0.288501,9.47266
1770178444212715414,0.655087,0.00136983,0.00849213,-0.755504,0.00426106,-0.0458064,-0.00426106,-0.0131681,-0.175974,9.50618
1770178444232793943,0.655084,0.00121649,0.00827574,-0.75551,-0.0245011,-0.036219,-0.00639159,0.252588,-0.0622492,9.55646
1770178444252872568,0.655061,0.0010447,0.008141,-0.755532,-0.00426106,-0.0138484,-0.0191748,0.296881,-0.167594,9.55047
1770178444272952057,0.655059,0.000997931,0.00812754,-0.755533,-0.00745685,-0.00745685,0.00639159,0.286107,-0.120907,9.57082
1770178444293032090,0.655054,0.00106477,0.00821184,-0.755536,-0.00745685,0.0138484,-0.00426106,0.248997,-0.131681,9.4978
1770178444313111099,0.655052,0.00111803,0.00834415,-0.755537,-0.0138484,-0.00106526,-0.00319579,0.0227449,-0.177171,9.60793
1770178444333189500,0.655056,0.00113441,0.00914102,-0.755524,-0.740359,-0.356864,-0.0756338,-0.610521,-0.806846,10.082
1770178444353259485,0.655066,-0.00911896,0.0191817,-0.755273,-1.0887,0.196009,0.02024,-1.1552,-1.43293,8.06966
1770178444373337374,0.655856,-0.00844433,0.0223428,-0.754508,0.664725,0.15979,0.115049,-4.22696,-3.7182,1.69509
1770178444393416063,0.657026,-0.00100461,0.0131169,-0.753753,1.23784,-0.206661,0.0245011,-3.1783,1.22703,10.7488
1770178444413493664,0.655225,0.00521426,0.00708737,-0.755382,0.745685,0.092678,-0.405866,0.27653,-1.41497,15.1469
1770178444433569601,0.652781,0.0100435,0.000522321,-0.75748,0.993892,-0.167246,-0.218379,1.67953,-1.1959,6.40449
1770178444453648386,0.65261,0.0143038,-0.00608621,-0.757534,0.500674,-0.0479369,0.120375,1.50954,-0.460884,9.79228
1770178444473722051,0.653891,0.0146649,-0.00813711,-0.756403,-0.15979,-0.0958738,0.107592,1.52271,1.25456,7.70334
1770178444493793988,0.654006,0.0106423,-0.00481957,-0.756399,-0.851146,0.0596548,-0.0607201,1.76572,0.987608,8.76038
1770178444513880389,0.654024,0.00365338,0.00268083,-0.75646,-1.09083,-0.0905475,0.0607201,1.47483,0.981623,10.8374
1770178444533965254,0.655128,-0.00201543,0.00821807,-0.75547,-0.329167,0.113983,0.11931,0.123301,0.843956,8.94115
1770178444554048615,0.655751,0.000154209,0.00904393,-0.754923,0.357929,0.152333,0.00639159,-0.773327,0.670376,9.13029
1770178444574126248,0.655379,0.00152566,0.00902649,-0.755245,-0.245011,0.1012,-0.0916127,-1.42216,3.57095,10.0185
1770178444594205833,0.654973,0.00230877,0.00948356,-0.755589,0.0916127,0.00106526,-0.0255663,-1.90818,0.447716,8.70053
1770178444614277034,0.654943,0.00342038,0.00917143,-0.755615,0.108657,0.00319579,0.00213053,-1.76453,-0.344765,9.39844
1770178444634352235,0.654729,0.00422178,0.00813142,-0.755808,0.0862864,-0.0841559,-0.0490022,-1.1995,-0.709881,9.51097
1770178444654429644,0.654473,0.00331482,0.00790433,-0.756037,-0.123571,-0.151268,-0.0181095,-0.418985,-0.980426,9.49181
1770178444674501388,0.654648,0.000734657,0.00848628,-0.755885,-0.251402,-0.174703,0.0149137,0.430956,-1.11929,9.42837
1770178444694546637,0.654642,-0.00261025,0.00983947,-0.755871,-0.36219,-0.151268,-0.0298274,1.00916,-1.05225,9.51695
1770178444714626926,0.654584,-0.00558316,0.011379,-0.755883,-0.191748,-0.0788296,0.00532632,1.22583,-1.79206,9.90002
1770178444734707919,0.654794,-0.00594761,0.0111766,-0.755701,0.115049,0.0170442,-0.00213053,1.35272,-1.05105,9.01058
1770178444754782576,0.65469,-0.00537175,0.0106078,-0.755804,0.0703074,0.0276969,-0.0415453,1.27012,-0.542287,9.66659
1770178444774858193,0.65463,-0.00444673,0.0103778,-0.755865,0.11931,0.120375,0,0.964863,-0.818817,9.53132
1770178444794934033,0.65475,-0.00269988,0.00998486,-0.755775,0.147006,0.107592,-0.00106526,0.444124,-0.308852,9.52413
1770178444815009010,0.654656,-0.000749114,0.00970606,-0.755864,0.144876,0.127832,-0.0255663,-0.386664,-0.349553,9.41041
1770178444835087091,0.65465,0.00112818,0.00916359,-0.755876,0.18216,0.0713727,0.00852211,-1.16119,-0.116119,9.61033
1770178444855166548,0.654688,0.00315028,0.008358,-0.755847,0.2024,0.0287621,-0.0149137,-1.39821,0.183156,9.43316
1770178444875242837,0.654575,0.0048983,0.00716782,-0.755947,0.160855,-0.00319579,-0.00958738,-1.37786,0.459687,9.44034
1770178444895321814,0.654526,0.00586055,0.00610782,-0.755992,0.122505,-0.0607201,-0.00532632,-0.969652,0.460884,9.46189
1770178444915400023,0.654545,0.00620506,0.00500844,-0.755981,0.0191748,-0.0830906,-0.0138484,-0.235829,0.791284,9.48702
1770178444935476536,0.65453,0.00552335,0.00455781,-0.756002,-0.076699,-0.1012,-0.0117179,0.31364,0.69791,9.63906
1770178444955560729,0.65453,0.00396598,0.00479307,-0.756011,-0.187487,-0.092678,-0.00426106,0.723049,0.641646,9.4966
1770178444975638490,0.654528,0.00212502,0.00573561,-0.756013,-0.252468,-0.0585895,-0.015979,0.859518,0.160412,9.47146
1770178444995711355,0.654557,0.000137444,0.00730211,-0.755977,-0.26099,-0.0500674,0.00532632,0.683545,-0.11133,9.51456
1770178445015784636,0.654641,-0.00154044,0.00902299,-0.755885,-0.235423,0.0106526,0.0117179,0.45849,-0.463278,9.60793
1770178445035866589,0.654646,-0.00252746,0.0104884,-0.755859,-0.104396,0.0266316,-0.0170442,0.172383,-0.919373,9.38527
1770178445055945918,0.654579,-0.00252047,0.0111733,-0.755906,-0.00958738,0.0287621,-0.0127832,-0.232238,-1.00916,9.61871
1770178445076018719,0.654528,-0.00219507,0.0114234,-0.755948,0.00213053,0.0351537,-0.0170442,-0.563834,-1.24618,9.44273
1770178445096098016,0.654546,-0.00199372,0.0116689,-0.755929,0.0117179,-0.00639159,-0.00958738,-0.627281,-1.26893,9.38886
1770178445116173985,0.654576,-0.00200699,0.0115977,-0.755904,0.0127832,-0.0458064,-0.00958738,-0.45011,-0.967257,9.43196
1770178445136256066,0.654554,-0.0019618,0.0111468,-0.755931,0.0884169,-0.0458064,-0.00426106,-0.155623,-0.841562,9.62349
1770178445156333795,0.654567,-0.00159513,0.0102723,-0.755933,0.107592,-0.0479369,-0.0138484,0.149638,-0.435745,9.64265
1770178445176411012,0.65455,-0.000899947,0.00918146,-0.755962,0.143811,-0.00958738,-0.00532632,0.378284,-0.0610521,9.56124
1770178445196489637,0.654561,0.000129141,0.0080029,-0.755967,0.12144,0.0298274,-0.00532632,0.549469,0.323217,9.4128
1770178445216566214,0.654542,0.00117688,0.00712375,-0.755991,0.096939,0.0245011,-0.0106526,0.596156,0.521936,9.50378
1770178445236647559,0.654496,0.00194565,0.00667537,-0.756033,0.0500674,0.0372843,-0.00852211,0.377087,0.480037,9.414
1770178445256723336,0.654472,0.00253757,0.00667949,-0.756052,-0.0181095,0.0490022,-0.00745685,-0.0490811,0.316035,9.53611
1770178445276801641,0.654477,0.00269037,0.00713532,-0.756044,-0.0681769,0.0181095,0,-0.436942,0.209493,9.50378
1770178445296882474,0.654478,0.002536,0.00773059,-0.756037,-0.0852211,-0.0149137,-0.00852211,-0.694318,-0.0311246,9.51336
1770178445316967819,0.654466,0.00210018,0.00830894,-0.756043,-0.0852211,-0.0213053,-0.00745685,-0.654814,-0.195127,9.54688
1770178445337048940,0.654449,0.00144527,0.00872631,-0.756054,-0.0820253,-0.0532632,-0.00106526,-0.577003,-0.477643,9.58399
1770178445357160941,0.654472,0.000619823,0.00899325,-0.756032,-0.0830906,-0.0820253,-0.00532632,-0.253785,-0.413,9.54688
1770178445377235374,0.654481,-0.000304318,0.00920738,-0.756023,-0.0681769,-0.0735032,-0.00426106,0.124498,-0.480037,9.57202
1770178445397314831,0.654471,-0.0010482,0.00929294,-0.75603,-0.0607201,-0.0607201,-0.00639159,0.415394,-0.435745,9.53371
1770178445417393552,0.65446,-0.00162525,0.00936604,-0.756037,-0.0213053,-0.0394148,-0.0170442,0.663194,-0.54109,9.52773
1770178445437473681,0.654453,-0.00177965,0.00931153,-0.756044,-0.00958738,0.00745685,-0.0138484,0.616507,-0.476446,9.50139
1770178445457551314,0.654453,-0.00160806,0.00925796,-0.756044,0.0276969,0.036219,-0.00319579,0.489614,-0.511162,9.50019
1770178445477629907,0.654457,-0.00115902,0.00928796,-0.756041,0.0127832,0.0671116,-0.00426106,0.288501,-0.380678,9.49421
1770178445497708116,0.65443,-0.000632057,0.00942668,-0.756064,0.0308927,0.0468716,-0.00745685,-0.117316,-0.405817,9.58758
1770178445517789621,0.654406,-0.000158416,0.00949626,-0.756084,0.0276969,-0.00106526,0.00106526,-0.333991,-0.386664,9.50977
1770178445537868662,0.654388,0.000353965,0.00940788,-0.7561,0.0543285,0.00958738,-0.0106526,-0.627281,-0.290895,9.49181
1770178445557949559,0.654398,0.000886903,0.0090585,-0.756095,0.0500674,-0.015979,-0.00852211,-0.60693,-0.0826,9.53012
1770178445578030584,0.654387,0.0012913,0.00855985,-0.75611,0.0415453,-0.0532632,-0.00639159,-0.349553,-0.0610521,9.51935
1770178445598109113,0.654364,0.00138291,0.00817845,-0.756134,0.00852211,-0.0330232,-0.0138484,-0.11971,0.108936,9.49181
1770178445618188890,0.65434,0.00115807,0.00790408,-0.756158,-0.02024,-0.0447411,0.00106526,0.178368,0.0287304,9.55287
1770178445638267067,0.654355,0.000758888,0.00785907,-0.756147,-0.0394148,-0.0415453,0.00426106,0.266953,0.143652,9.49062
1770178445658346524,0.654338,0.000376615,0.00799872,-0.75616,-0.056459,0.0127832,-0.00319579,0.300472,0.00957681,9.60314
1770178445678427101,0.654334,8.7323e-05,0.00823873,-0.756161,-0.0468716,-0.0138484,-0.00852211,0.383072,-0.11971,9.63068
1770178445698504062,0.654314,-0.000101357,0.00864711,-0.756174,-0.0415453,0,-0.0106526,0.158017,-0.488417,9.5373
1770178445718581215,0.654314,-0.00025816,0.00901255,-0.756169,-0.0394148,0.0117179,-0.00745685,-0.059855,-0.457293,9.46189
1770178445738653184,0.654317,-0.000366424,0.00932305,-0.756163,-0.0181095,-0.00639159,-0.00639159,-0.228646,-0.590171,9.48583
1770178445758727745,0.654297,-0.000428911,0.00949234,-0.756178,-0.0191748,0,-0.0127832,-0.323217,-0.59855,9.41161
1770178445778804002,0.654271,-0.000394345,0.00951635,-0.7562,0.0127832,-0.015979,-0.0191748,-0.302867,-0.610521,9.43555
1770178445798882147,0.654267,-0.000297502,0.00933344,-0.756206,0.0181095,-0.015979,-0.00106526,-0.136469,-0.445322,9.47505
1770178445818962564,0.654264,-0.000149984,0.00894207,-0.756213,0.0276969,-0.0127832,-0.00213053,-0.00837971,-0.325611,9.61871
1770178445839043333,0.654251,-8.84998e-05,0.00859743,-0.756229,0.0181095,-0.0372843,0,0.197522,-0.0682347,9.52653
1770178445859123622,0.654228,2.89537e-06,0.008338,-0.756251,0.02024,-0.00745685,-0.0117179,0.286107,0.0323217,9.60434
1770178445879201959,0.654223,0.000128721,0.00819248,-0.756258,-0.00319579,0.00532632,-0.00532632,0.222661,0.0371101,9.52294
1770178445899281352,0.654219,0.000331519,0.00821015,-0.75626,-0.0127832,0.0319579,0.00319579,0.047884,0.00837971,9.56603
1770178445919358089,0.654226,0.000460994,0.00831146,-0.756253,-0.0372843,0.0117179,-0.00319579,-0.0550666,0.0227449,9.5397
1770178445939432330,0.654207,0.000444808,0.00849952,-0.756268,-0.0340885,-0.0138484,-0.0117179,-0.205901,-0.147243,9.61033
1770178445959510122,0.654188,0.000340766,0.00869038,-0.756282,-0.0351537,-0.0117179,-0.00958738,-0.280122,-0.283713,9.45949
1770178445979586379,0.654158,0.000198606,0.00890783,-0.756305,-0.0255663,-0.0255663,-0.00532632,-0.326809,-0.435745,9.48224
1770178445999668396,0.65415,8.68204e-05,0.00899283,-0.756311,-0.015979,-0.015979,-0.00852211,-0.237026,-0.325611,9.44034
1770178446019744365,0.65414,-8.16883e-05,0.00895104,-0.75632,-0.00106526,-0.0319579,-0.00852211,-0.0706289,-0.355539,9.60314
1770178446039824526,0.654135,-0.000274205,0.00883741,-0.756326,-0.0138484,-0.0394148,-0.00852211,0.171185,-0.333991,9.54568
1770178446059897807,0.654118,-0.000447535,0.00877634,-0.756342,0,-0.015979,0.00213053,0.207098,-0.392649,9.5397
1770178446079974224,0.654121,-0.000448259,0.00869121,-0.75634,-0.0106526,0.0170442,-0.00319579,0.23942,-0.23942,9.56005
1770178446100048465,0.654108,-0.000292544,0.00866357,-0.756352,0.0255663,-0.00639159,-0.00852211,0.191536,-0.208296,9.5397
1770178446120123058,0.654095,-0.000106147,0.00867174,-0.756363,-0.0138484,0.0138484,-0.00852211,0.100556,-0.134075,9.50259
1770178446140204691,0.654068,4.98803e-05,0.0087267,-0.756386,0.00532632,0.0106526,-0.0138484,-0.035913,-0.191536,9.46308
1770178446160284436,0.65407,0.000201487,0.00877333,-0.756383,-0.0138484,0.00532632,0.00213053,-0.189142,-0.286107,9.46069
1770178446180366901,0.654071,0.000381179,0.00880554,-0.756382,0.00852211,0.00852211,-0.00106526,-0.305261,-0.216675,9.44752
1770178446200454134,0.654074,0.000479509,0.00876699,-0.75638,-0.00852211,-0.0181095,0.00106526,-0.269348,-0.105345,9.46189
1770178446220533463,0.654041,0.000421776,0.00871073,-0.756409,0.00106526,-0.0340885,-0.00852211,-0.105345,-0.129287,9.58519
1770178446240604344,0.65402,0.000249239,0.00863957,-0.756428,-0.0276969,-0.0415453,-0.00319579,-0.0311246,-0.124498,9.55047
1770178446260683929,0.653991,7.2e-05,0.00857805,-0.756453,-0.00639159,-0.0372843,0.00106526,0.0035913,-0.262165,9.55526
1770178446280761434,0.653996,-2.32413e-05,0.00857783,-0.75645,-0.0330232,-0.00639159,-0.0117179,0.136469,-0.0610521,9.50139
1770178446300845435,0.653978,-0.000139594,0.00861428,-0.756465,-0.0181095,-0.00106526,-0.00639159,0.129287,-0.31364,9.55646
1770178446320923484,0.653964,-0.000236732,0.00874713,-0.756475,-0.0127832,-0.00106526,-0.0149137,0.191536,-0.241814,9.4559
1770178446341002461,0.653959,-0.00028621,0.00886413,-0.756478,-0.00745685,0.00319579,-0.00745685,-0.023942,-0.51595,9.48822
1770178446361079966,0.653975,-0.00025361,0.00894343,-0.756463,-0.00852211,-0.00426106,-0.00532632,-0.0873884,-0.332794,9.42717
1770178446381162431,0.653969,-0.00011095,0.00895886,-0.756468,0.0106526,0,-0.00958738,-0.11971,-0.389058,9.52773
1770178446401245792,0.653935,-2.30359e-05,0.00894916,-0.756498,0.00319579,-0.0181095,-0.00532632,-0.11971,-0.274136,9.51216
1770178446421323777,0.653923,3.46022e-05,0.00890991,-0.756508,0.0213053,-0.0106526,0.00532632,-0.12809,-0.39624,9.63906
1770178446441407618,0.653929,4.99709e-05,0.00875046,-0.756506,0.00426106,-0.0255663,-0.00958738,-0.107739,-0.179565,9.50498
1770178446461489283,0.653856,-0.000478254,0.00775417,-0.756579,0.230097,-0.678573,-0.115049,-0.288501,-0.879869,2.77488
1770178446481571716,0.653834,0.00840171,0.00752995,-0.756554,1.71188,0.343015,0.0585895,-1.74058,0.857124,0.122104
1770178446501657925,0.653922,0.0094323,0.00742032,-0.756466,-0.579504,-0.670051,-0.0692422,1.93212,4.45322,3.57095
1770178446521737542,0.653789,0.000363298,0.00418969,-0.756665,-0.611462,-0.611462,-0.0223706,3.99233,2.09014,15.925
1770178446541826440,0.653671,-0.006053,0.0115815,-0.756666,-0.317449,0.0841559,0.0447411,2.81079,-1.71425,-5.86699
1770178446561905577,0.654133,-0.00199147,0.0109991,-0.756297,0.803209,0.595483,0.0585895,1.02592,-2.30921,19.976
1770178446581990570,0.654122,0.00547198,0.0087465,-0.756319,0.450607,0.2024,-0.0852211,-3.22379,1.70467,7.81108
1770178446602064491,0.653586,0.00747158,0.00980028,-0.756752,0.0245011,0.036219,-0.0266316,-4.85185,-1.62686,11.1941
1770178446622137163,0.653614,0.00917528,0.0090776,-0.756718,0.266316,-0.0458064,0.0340885,-3.36026,-1.12887,7.90685
1770178446642213676,0.653636,0.00984203,0.00727371,-0.75671,-0.0223706,-0.278034,-0.0106526,-2.29724,0.428562,8.6287
1770178446662287405,0.653574,0.00723718,0.00617162,-0.756803,-0.0106526,-0.398409,-0.00319579,-0.486023,-0.94571,10.5656
1770178446682368142,0.653579,0.00393352,0.00519786,-0.75683,-0.15979,-0.252468,-0.015979,1.75136,0.594959,8.98544
1770178446702444431,0.653689,0.00069785,0.00500125,-0.756746,-0.248207,-0.178964,0.0191748,2.61447,0.435745,10.7895
1770178446722519280,0.653727,-0.00158409,0.00544152,-0.75671,-0.198139,-0.0607201,-0.00319579,2.40378,0.766145,9.51456
1770178446742597937,0.653731,-0.00249187,0.00607556,-0.756699,-0.135289,0.072438,-0.00852211,2.16795,0.527921,8.78313
1770178446762671570,0.653717,-0.00254578,0.0069844,-0.756703,-0.11931,0.127832,-0.00213053,1.66038,0.237026,9.92995
1770178446782752019,0.653668,-0.0022015,0.00846553,-0.756731,-0.106526,0.181095,-0.00958738,0.871489,-0.392649,9.40921
1770178446802827060,0.653642,-0.00126142,0.0100798,-0.756736,-0.0628506,0.168312,-0.00426106,-0.54109,-0.85473,9.47625
1770178446822899797,0.653663,-0.000275275,0.0116057,-0.756697,-0.0138484,0.117179,-0.00319579,-1.64601,-1.31561,9.60793
1770178446842974902,0.653643,0.000752472,0.0124672,-0.7567,0.0170442,0.0479369,-0.00319579,-2.1871,-1.07021,9.36851
1770178446863052119,0.653636,0.00120263,0.012728,-0.756701,0.0351537,-0.0330232,0.00319579,-2.22541,-1.35991,9.3338
1770178446883134744,0.653624,0.00116749,0.0123065,-0.756719,0.04048,-0.128897,-0.00852211,-1.83037,-0.944513,9.32302
1770178446903210105,0.653633,0.000477132,0.0112755,-0.756728,0.0585895,-0.175769,-0.00745685,-0.933739,-0.867898,9.48463
1770178446923283161,0.653668,-9.71062e-05,0.00985376,-0.756717,0.0532632,-0.174703,-0.00958738,0.465672,-0.0323217,9.75877
1770178446943358554,0.653633,-0.000628476,0.00824208,-0.756767,0.0873517,-0.112918,-0.00745685,1.38744,0.213084,9.50259
1770178446963433947,0.653601,-0.000579341,0.00669506,-0.75681,0.0830906,-0.0575243,-0.0106526,1.85311,0.593762,9.57202
1770178446983519036,0.653572,-0.0002738,0.00567343,-0.756843,0.072438,0.0170442,-0.00319579,1.85431,0.641646,9.52653
1770178447003597469,0.653585,0.000379308,0.00529175,-0.756835,0.00532632,0.0692422,0,1.64721,0.808043,9.56005
1770178447023670814,0.653559,0.000940697,0.00575895,-0.756853,-0.0490022,0.115049,-0.00639159,1.29287,0.557849,9.51216
1770178447043744191,0.653574,0.00154806,0.00696599,-0.756829,-0.102265,0.154463,-0.00745685,0.395043,0.17358,9.68933
1770178447063813600,0.653524,0.0020396,0.00855325,-0.756855,-0.0703074,0.135289,-0.0181095,-0.909797,-0.40462,9.80066
1770178447083887553,0.653561,0.00247834,0.00985961,-0.756806,-0.0745685,0.0415453,0.00426106,-1.82438,-0.628478,9.36013
1770178447103971426,0.653525,0.00258481,0.0106232,-0.756826,-0.0223706,-0.0234358,-0.015979,-2.07098,-0.827197,9.42238
1770178447124050435,0.653496,0.00231279,0.0106544,-0.756851,-0.0191748,-0.103331,-0.00639159,-1.64841,-0.727837,9.34696
1770178447144125924,0.653477,0.00159052,0.0102089,-0.756876,0.00319579,-0.165116,-0.00532632,-0.90022,-0.885855,9.34696
1770178447164196869,0.653498,0.000559478,0.00939109,-0.75687,-0.00958738,-0.149137,-0.00319579,0.214281,-0.343568,9.68933
1770178447184275302,0.653493,-0.000438977,0.00853829,-0.756884,0.00213053,-0.0948085,-0.0117179,1.04148,-0.216675,9.52773
1770178447204353702,0.653493,-0.000975644,0.00781723,-0.756892,-0.00213053,-0.0713727,-0.0170442,1.43772,0.144849,9.49062
1770178447224421415,0.653432,-0.00127943,0.0071593,-0.75695,0.0266316,-0.0106526,-0.0127832,1.60531,0.214281,9.36851
1770178447244504296,0.653445,-0.00100569,0.00701918,-0.756941,-0.00958738,0.0479369,-0.00426106,1.42575,0.220267,9.40802
1770178447264578345,0.653422,-0.00042784,0.00739172,-0.756958,-0.0213053,0.11931,-0.015979,1.05704,0.101754,9.67138
1770178447284657546,0.653421,0.000342499,0.00820709,-0.75695,-0.0415453,0.116114,-0.00213053,0.300472,0.0251391,9.62948
1770178447304737227,0.653372,0.00111775,0.00918733,-0.75698,-0.00426106,0.0830906,-0.00958738,-0.84635,-0.588974,9.56962
1770178447324813580,0.653354,0.00184658,0.00980502,-0.756987,-0.00958738,0.0479369,-0.00319579,-1.44131,-0.531513,9.42118
1770178447344892877,0.653311,0.00239417,0.0101231,-0.757018,0.0394148,-0.00532632,-0.00639159,-1.72861,-0.721852,9.29549
1770178447364967694,0.653329,0.00256248,0.00991226,-0.757005,0.0223706,-0.076699,-0.00426106,-1.4461,-0.434548,9.43794
1770178447385046607,0.653323,0.00219637,0.00942887,-0.757017,0.0117179,-0.111853,-0.00426106,-0.889446,-0.35913,9.53611
1770178447405125264,0.653309,0.00137594,0.00866142,-0.75704,-0.0181095,-0.136354,-0.00639159,0.0897826,0.0059855,9.67257
1770178447425202769,0.65328,0.000563274,0.00801948,-0.757074,0.00213053,-0.0980043,-0.0106526,0.752976,-0.0155623,9.54089
1770178447445285074,0.653291,4.96242e-07,0.00743409,-0.757071,-0.015979,-0.0639159,-0.00319579,1.17555,0.180762,9.49181
1770178447465362803,0.65327,-0.000309176,0.00719408,-0.757091,-0.00532632,0.00213053,-0.0138484,1.32399,0.0873884,9.51695
1770178447485442900,0.653282,-0.000311857,0.00738045,-0.757079,-0.0447411,0.036219,-0.00958738,1.19112,0.19393,9.52054
1770178447505519861,0.653244,-0.000170751,0.00794527,-0.757106,-0.0298274,0.0735032,-0.00106526,0.736217,-0.362722,9.56005
1770178447525596182,0.653257,0.000140365,0.00875345,-0.757085,-0.0511327,0.0735032,0.00106526,0,-0.390255,9.63786
1770178447545667447,0.653246,0.00057256,0.00957272,-0.757085,-0.00958738,0.0543285,-0.0276969,-0.787692,-0.770933,9.43794
1770178447565750904,0.653261,0.00108707,0.0100955,-0.757064,-0.0170442,0.0255663,-0.00213053,-1.1983,-0.590171,9.57441
1770178447585837113,0.65322,0.00142536,0.0102419,-0.757098,0.0181095,-0.0181095,-0.00852211,-1.33477,-0.653617,9.56843
1770178447605915034,0.653212,0.00158097,0.00994459,-0.757108,0.0266316,-0.0745685,-0.00852211,-1.0726,-0.386664,9.48583
1770178447625993819,0.65322,0.00134707,0.00928599,-0.75711,0.0351537,-0.0894822,-0.00106526,-0.482432,-0.325611,9.50139
1770178447646069340,0.653251,0.000939083,0.00848277,-0.757093,0.0117179,-0.106526,-0.00745685,0.56982,0.168791,9.58998
1770178447666145117,0.653244,0.000592276,0.00796688,-0.757105,-0.00426106,-0.0319579,-0.00958738,0.828394,0.190339,9.53012
1770178447686223678,0.653234,0.000384261,0.00758202,-0.757118,-0.02024,-0.00213053,-0.0106526,1.00078,0.221464,9.53251
1770178447706297823,0.653205,0.00030846,0.00756857,-0.757143,-0.0170442,0.0276969,-0.00426106,0.975637,0.132878,9.49301
1770178447726369343,0.653238,0.000400476,0.00786043,-0.757111,-0.056459,0.0298274,0.00106526,0.651223,0.0454898,9.55526
1770178447746444160,0.653203,0.000548354,0.00846267,-0.757135,-0.0490022,0.0458064,-0.0127832,0.191536,-0.229843,9.4978
1770178447766517505,0.653207,0.000802622,0.00914206,-0.757123,-0.0500674,0.0383495,-0.0149137,-0.418985,-0.407014,9.5373
1770178447786596962,0.653171,0.00101464,0.00969713,-0.757147,-0.0138484,0.0308927,-0.00426106,-0.89184,-0.739808,9.43076
1770178447806675811,0.653175,0.00123198,0.01001,-0.75714,-0.015979,-0.0255663,-0.00319579,-1.05105,-0.533907,9.4559
1770178447826754788,0.653159,0.00118898,0.00998423,-0.757154,0.00852211,-0.0490022,0.00532632,-0.840365,-0.597353,9.4966
1770178447846827653,0.653152,0.000929153,0.00953344,-0.757167,0.00213053,-0.0852211,-0.0191748,-0.335188,-0.345962,9.51935
1770178447866907142,0.653125,0.000578861,0.00904385,-0.757196,0.0276969,-0.052198,-0.00426106,0.23942,-0.389058,9.45829
1770178447886986855,0.653152,0.00038228,0.00854023,-0.757179,0.00639159,-0.0415453,-0.0117179,0.559046,-0.0263362,9.49062
1770178447907058536,0.653168,0.000342219,0.00816967,-0.757169,0.0234358,-0.0170442,-0.00958738,0.749385,0.0059855,9.52653
1770178447927133353,0.653186,0.000414423,0.00795091,-0.757156,-0.015979,0.00745685,-0.00426106,0.756568,0.248997,9.59955
1770178447947208106,0.653128,0.000551451,0.00803077,-0.757204,-0.0117179,0.0436758,-0.00958738,0.511162,-0.011971,9.52773
1770178447967282154,0.653098,0.000767484,0.00838476,-0.757227,-0.056459,0.0394148,0.00213053,0.147243,-0.101754,9.59716
1770178447987359659,0.653092,0.00106848,0.00885833,-0.757226,-0.00532632,0.0628506,-0.00106526,-0.368707,-0.355539,9.56723
1770178448007435628,0.653083,0.001362,0.0092145,-0.757229,-0.0276969,0.00532632,-0.00106526,-0.761356,-0.28491,9.49301
1770178448027510829,0.65305,0.00149059,0.00943811,-0.757254,-0.00319579,-0.0191748,0,-0.769736,-0.503979,9.40203
1770178448047588590,0.653021,0.00139748,0.00938767,-0.75728,-0.0191748,-0.0383495,-0.0106526,-0.594959,-0.464475,9.48104
1770178448067673711,0.653013,0.00112005,0.00918758,-0.75729,0.0127832,-0.04048,0.00852211,-0.296881,-0.465672,9.44752
1770178448087758000,0.653042,0.000806747,0.00886535,-0.757269,-0.0127832,-0.0617853,-0.00319579,0.0790087,-0.136469,9.5385
1770178448107835313,0.653014,0.000588935,0.00854721,-0.757297,0.0181095,-0.0298274,-0.0117179,0.45011,-0.19393,9.55765
1770178448127909394,0.653009,0.000446043,0.00827497,-0.757305,-0.00852211,-0.0330232,-0.00745685,0.641646,0.023942,9.58399
1770178448147985363,0.652975,0.000356337,0.00820093,-0.757335,-0.00213053,0.015979,-0.00106526,0.604536,-0.180762,9.59596
1770178448168060020,0.652993,0.000433868,0.00828496,-0.757318,-0.0223706,0.0170442,0,0.319626,-0.0490811,9.57202
1770178448188144533,0.652967,0.000648406,0.00857088,-0.757338,-0.00745685,0.0394148,-0.00532632,0.0742203,-0.302867,9.48224
1770178448208217558,0.652948,0.000938635,0.00885812,-0.757351,-0.0234358,0.0255663,-0.00852211,-0.270545,-0.260968,9.53371
1770178448228298775,0.652924,0.00120851,0.00912498,-0.757368,0.00106526,0.0170442,-0.00639159,-0.494403,-0.566229,9.50498
1770178448248374296,0.65292,0.00134319,0.00917961,-0.75737,-0.00426106,-0.0245011,-0.00852211,-0.639252,-0.354342,9.4954
1770178448268450137,0.652892,0.00128149,0.0090801,-0.757395,0.0149137,-0.0394148,0,-0.587777,-0.35913,9.50737
1770178448288529946,0.652916,0.0011375,0.00880807,-0.757378,-0.00319579,-0.0660464,-0.0127832,-0.175974,-0.0622492,9.5792
1770178448308603675,0.652877,0.000932476,0.00859785,-0.757415,-0.00106526,-0.0287621,-0.00852211,0.146046,-0.130484,9.48463
1770178448328677468,0.65288,0.000754904,0.00838517,-0.757415,-0.0191748,-0.0266316,-0.00852211,0.371101,-0.0287304,9.5792
1770178448348747996,0.652861,0.000584107,0.0082096,-0.757433,-0.00213053,-0.0245011,-0.00426106,0.463278,-0.129287,9.52533
1770178448368824317,0.65279,0.000325985,0.0078056,-0.757499,-0.211988,-0.617853,-0.0948085,0.518345,-0.621295,8.31746
1770178448388902526,0.653676,-0.00135596,0.00981901,-0.75671,-0.0809601,0.14168,0.0490022,-2.37265,-0.737414,5.85741
1770178448408979167,0.65337,0.00150228,0.00936027,-0.75698,0.502805,0.0873517,-0.168312,-3.02148,-0.543484,11.5317
1770178448429057472,0.652009,0.00571271,0.00681925,-0.758159,0.299339,0.00745685,-0.133158,-2.72101,0.685939,8.08761
1770178448449135105,0.651942,0.00641482,0.00594492,-0.758218,-0.0639159,-0.138484,0.0639159,-1.38385,0.865504,6.89291
1770178448469211522,0.6525,0.00431226,0.00601211,-0.757753,-0.315318,-0.237554,0.0436758,0.462081,0.702698,12.0476
1770178448489292483,0.65252,0.00038431,0.00758074,-0.757734,-0.34195,-0.143811,-0.0149137,1.21506,-0.0311246,10.1634
1770178448509367204,0.652596,-0.00193114,0.00869023,-0.757654,-0.18216,-0.0266316,0.0468716,1.29885,-0.0634463,8.50301
1770178448529443237,0.652861,-0.0019795,0.00870711,-0.757425,0.0820253,0.0458064,-0.00852211,1.41737,0.481235,9.65222
1770178448549520134,0.65273,-0.00138094,0.00863861,-0.757541,-0.0191748,0.072438,-0.0458064,0.61531,0.186748,10.2687
1770178448569594023,0.652591,-0.000680419,0.00900261,-0.757657,-0.00532632,0.0958738,-0.00319579,-0.0442927,-0.183156,9.30626
1770178448589673736,0.652647,0.000160448,0.00954831,-0.757602,0.0117179,0.0596548,-0.02024,-0.792481,-0.287304,9.19852
1770178448609751017,0.652565,0.000725759,0.0100127,-0.757667,-0.00532632,0.0372843,-0.0149137,-1.09654,-0.565032,9.39724
1770178448629827818,0.652609,0.0010113,0.0101739,-0.757626,0.0415453,-0.0138484,0.00745685,-1.15879,-0.659603,9.56364
1770178448649904875,0.652647,0.00120239,0.00987671,-0.757597,0.0170442,-0.0436758,-0.00639159,-1.01275,-0.415394,9.46787
1770178448669995148,0.652611,0.000775309,0.00960036,-0.757631,-0.0170442,-0.0713727,-0.00852211,-0.508768,-0.40462,9.58878
1770178448690071853,0.65258,0.000477708,0.00891236,-0.757667,0.0276969,-0.0617853,-0.00319579,0.23104,-0.0646434,9.60554
1770178448710151150,0.65258,0.000203582,0.00832524,-0.757674,0.0340885,-0.0575243,-0.00852211,0.64404,0.0011971,9.44153
1770178448730225711,0.652586,7.99128e-05,0.00786322,-0.757674,0.00745685,-0.0553937,0.00426106,0.876278,0.302867,9.61392
1770178448750303952,0.652581,1.45619e-05,0.007665,-0.75768,-0.0170442,0.00745685,-0.00745685,0.905008,0.213084,9.49181
1770178448770380145,0.652567,0.000108576,0.00784095,-0.757691,-0.0415453,0.0479369,0.00106526,0.604536,-0.0035913,9.49301
1770178448790456498,0.652528,0.000238953,0.00838696,-0.757718,-0.0372843,0.0713727,-0.0106526,0.147243,-0.317232,9.52653
1770178448810533650,0.652534,0.000487226,0.00892203,-0.757707,-0.036219,0.04048,-0.00319579,-0.311246,-0.384269,9.54927
1770178448830607795,0.652517,0.000680803,0.00952497,-0.757714,-0.0351537,0.00958738,-0.00319579,-0.77213,-0.572214,9.52174
1770178453863979653,0.650407,0.000282784,0.00850081,-0.759538,-0.0138484,-0.0170442,-0.00958738,-0.0802058,-0.2478,9.40203
1770178453884062726,0.650419,0.000298732,0.0084235,-0.759529,0.00106526,-0.00319579,-0.00319579,-0.0167594,-0.192733,9.47026
1770178453904134695,0.650408,0.000350664,0.00832871,-0.75954,0.015979,0.00319579,-0.00958738,0.0586579,-0.214281,9.50618
1770178453924213992,0.650415,0.000556266,0.00818702,-0.759535,0.00106526,0.00106526,-0.0170442,0.149638,-0.0658405,9.70729
1770178453944291369,0.650353,0.000569399,0.00821075,-0.759587,-0.0106526,-0.015979,-0.0106526,-0.0179565,-0.251391,9.69532
1770178453964366409,0.6504,0.000455216,0.00831551,-0.759547,-0.0436758,-0.0138484,0.00532632,-0.174777,-0.0814029,9.52533
1770178453984444842,0.650383,0.000149443,0.00850376,-0.759559,-0.0255663,-0.0298274,-0.0170442,-0.0658405,-0.197522,9.5373
1770178454004518187,0.650342,0.000127374,0.0085089,-0.759594,-0.0117179,-0.0127832,0.00319579,-0.0155623,-0.219069,9.5397
1770178454024597164,0.650353,0.000274464,0.00841427,-0.759586,0.00639159,-0.00319579,-0.0106526,0.00718261,-0.283713,9.52653
1770178454044677869,0.6503,0.00032277,0.00841242,-0.759631,-0.02024,-0.00532632,0.00106526,-0.0442927,-0.221464,9.51935
1770178454064757646,0.650346,0.000286014,0.00844017,-0.759591,-0.0234358,0.00639159,-0.00319579,-0.0011971,-0.269348,9.51935
1770178454084833679,0.650302,7.13667e-05,0.00852452,-0.759628,-0.0330232,-0.02024,-0.00426106,0.0299275,-0.232238,9.56603
1770178454104916496,0.650289,-1.42282e-05,0.00856973,-0.759638,-0.00319579,-0.00852211,-0.00319579,0.0203507,-0.434548,9.44752
1770178454124996273,0.650297,6.151e-05,0.00857637,-0.759632,0.0117179,-0.00958738,-0.00958738,-0.0179565,-0.302867,9.51097
1770178454145077458,0.650279,0.000221518,0.00850049,-0.759648,0.0245011,-0.0191748,-0.00213053,-0.0287304,-0.337582,9.50259
1770178454165150739,0.650256,0.000263089,0.0084269,-0.759669,-0.0149137,0.00213053,-0.0106526,-0.0634463,-0.0778116,9.51336
1770178454185228916,0.650233,0.000214811,0.00836724,-0.759689,-0.00213053,-0.00958738,-0.0170442,0.0035913,-0.207098,9.52054
1770178454205310453,0.650201,0.000184853,0.00843908,-0.759715,-0.0106526,-0.0149137,-0.015979,-0.0466869,-0.146046,9.55406
1770178454225388758,0.65019,0.000268767,0.00841934,-0.759725,0.00213053,-0.0213053,-0.0106526,-0.0730232,-0.282516,9.52653
1770178454245464439,0.650178,0.000334232,0.00838659,-0.759735,0,-0.0298274,-0.00639159,-0.0203507,-0.0466869,9.47864
1770178454265539544,0.650156,0.000336552,0.00833069,-0.759755,-0.00106526,-0.0287621,-0.0138484,-0.0059855,-0.262165,9.46308
1770178454285618713,0.650123,0.000257455,0.00840134,-0.759782,-0.0287621,-0.0245011,-0.0138484,0.00718261,-0.184354,9.45949
1770178454305697754,0.650114,0.00017897,0.00849161,-0.75979,-0.00852211,-0.0127832,-0.00852211,-0.0251391,-0.381875,9.4571
1770178454325777019,0.650121,0.000136538,0.00853329,-0.759783,-0.00426106,-0.0127832,-0.00426106,-0.0802058,-0.254982,9.53251
1770178454345854940,0.650115,0.000134193,0.00844838,-0.759789,0.00426106,-0.0223706,-0.0117179,-0.0155623,-0.281319,9.54688
1770178454365938525,0.650093,9.69045e-05,0.00847816,-0.759807,-0.0106526,-0.00106526,0.00532632,0.0490811,-0.11971,9.57322
1770178454386016254,0.650071,7.98772e-05,0.00849692,-0.759826,-0.00426106,-0.00426106,-0.0149137,-0.0059855,-0.405817,9.56244
1770178454406090751,0.650062,6.39901e-05,0.00853081,-0.759834,-0.00426106,-0.00532632,-0.0170442,-0.0371101,-0.2478,9.56603
1770178454426170848,0.650065,0.00014614,0.00843448,-0.759832,0.00213053,-0.00213053,-0.0106526,-0.0287304,-0.305261,9.50618
1770178454446247009,0.650059,0.000182308,0.00838705,-0.759838,-0.015979,0.00213053,-0.00106526,0.0227449,-0.0849942,9.40682
1770178454466323874,0.650041,0.000216031,0.0084089,-0.759853,-0.00213053,-0.0223706,-0.015979,-0.00957681,-0.344765,9.47625
1770178454486401955,0.650027,0.000208874,0.00846975,-0.759864,-0.0213053,-0.00852211,0.00106526,-0.0634463,-0.195127,9.4571
1770178454506475716,0.650048,0.000228046,0.00841705,-0.759847,0.015979,-0.0223706,-0.00532632,-0.0969652,-0.31364,9.48583
1770178454526550213,0.650063,0.000244378,0.00839418,-0.759834,-0.0117179,-0.00426106,-0.00106526,-0.023942,-0.023942,9.54927
1770178454546637446,0.650035,0.000202733,0.00840354,-0.759858,-0.00319579,-0.00958738,-0.0127832,-0.0011971,-0.254982,9.6211
1770178454566715719,0.650025,0.000154065,0.00849735,-0.759865,-0.0298274,-0.0149137,-0.0117179,-0.0299275,-0.141258,9.56603
1770178454586792680,0.650025,0.000117997,0.00853366,-0.759865,-0.00106526,0.00319579,-0.00745685,-0.0442927,-0.32202,9.50737
1770178454606868361,0.650022,9.78747e-05,0.00851161,-0.759868,0.0106526,-0.0245011,-0.00532632,-0.0059855,-0.107739,9.55646
1770178454626943593,0.650025,9.09005e-05,0.00850737,-0.759865,0.00213053,-0.0117179,-0.0127832,0.0047884,-0.306458,9.45949
1770178454647018986,0.65003,4.31164e-05,0.00855449,-0.759861,-0.0234358,-0.00745685,-0.00426106,0.071826,-0.198719,9.51695
1770178454667095627,0.649999,5.19313e-05,0.0085829,-0.759887,0,-0.00745685,-0.00852211,-0.0371101,-0.444124,9.51097
1770178454687177260,0.649992,9.60603e-05,0.00857912,-0.759893,-0.00958738,-0.0117179,-0.0117179,-0.0646434,-0.160412,9.57561
1770178454707252877,0.649986,0.00012411,0.00848068,-0.759899,0.0181095,-0.0223706,-0.0191748,-0.0490811,-0.254982,9.55885
1770178454727331790,0.649971,0.000134513,0.00847972,-0.759912,-0.0191748,-0.00426106,-0.00213053,-0.0143652,-0.0849942,9.44752
1770178454747412815,0.649951,0.000143006,0.00851421,-0.759929,-0.0181095,0.00106526,-0.0117179,-0.0407014,-0.302867,9.54449
1770178454767490704,0.649934,0.000186545,0.0085536,-0.759943,-0.00958738,-0.0181095,-0.0117179,-0.0921768,-0.248997,9.58878
1770178454787564785,0.649927,0.000201116,0.0084715,-0.759949,0.00106526,-0.015979,-0.00852211,-0.0742203,-0.254982,9.48343
1770178454807650674,0.649909,0.000178664,0.00843018,-0.759965,-0.0234358,-0.00745685,-0.00532632,-0.0251391,-0.17358,9.48104
1770178454827730707,0.64988,0.000130735,0.00842948,-0.75999,-0.0223706,-0.02024,-0.0117179,0.0143652,-0.287304,9.49181
1770178454847807924,0.649857,9.2586e-05,0.00851172,-0.760009,-0.0170442,-0.0223706,-0.00745685,-0.0227449,-0.221464,9.55047
1770178454867882549,0.649854,0.000110437,0.00852264,-0.760011,-0.00106526,-0.00106526,-0.00106526,-0.0430956,-0.302867,9.50378
1770178454887958294,0.649851,0.000123883,0.00849347,-0.760014,-0.0106526,-0.0106526,-0.00745685,0,-0.223858,9.58399
1770178454908033303,0.649843,6.45256e-05,0.00846579,-0.760021,0.00639159,-0.0149137,0.00106526,0.0490811,-0.274136,9.54089
1770178454928108952,0.649832,-3.95544e-06,0.00849363,-0.76003,-0.0181095,-0.0213053,-0.00745685,-0.011971,-0.341174,9.55406
1770178454948180665,0.649828,8.89341e-06,0.00853772,-0.760033,0.0149137,-0.00639159,-0.00639159,-0.0861913,-0.335188,9.62828
1770178454968259450,0.649827,6.51404e-05,0.00851912,-0.760034,-0.00639159,-0.0127832,-0.00958738,-0.0107739,-0.094571,9.60314
1770178454988332538,0.64983,8.4889e-05,0.0084237,-0.760033,0.00532632,-0.0213053,-0.00852211,-0.0227449,-0.304064,9.44034
1770178455008401947,0.649821,6.31787e-05,0.00841566,-0.760041,-0.0191748,-0.00106526,-0.00745685,0.0395043,-0.195127,9.47745
1770178455028479164,0.649821,8.82186e-05,0.00845215,-0.76004,0.00852211,-0.00213053,-0.00745685,-0.104148,-0.37589,9.43435
1770178455048552925,0.649832,0.000124254,0.00851061,-0.760031,-0.015979,0.00958738,-0.00532632,-0.0263362,-0.234632,9.55765
1770178455068626718,0.64983,0.000160357,0.00843548,-0.760033,0.00426106,-0.0234358,-0.0138484,-0.0275333,-0.21069,9.54209
1770178455088705503,0.649802,0.000108544,0.008451,-0.760056,-0.0330232,-0.0117179,0,0.0622492,-0.154426,9.58519
1770178455108777312,0.64977,3.56181e-05,0.0084582,-0.760084,-0.0106526,-0.00213053,-0.00106526,0.0263362,-0.356736,9.48583
1770178455128854785,0.649772,4.91728e-05,0.00852037,-0.760082,-0.00852211,-0.0149137,0.00106526,-0.059855,-0.281319,9.50857
1770178455148935234,0.649784,8.30063e-05,0.00852545,-0.760071,-0.00426106,0.015979,-0.00213053,-0.0742203,-0.28491,9.47984
1770178455169016483,0.649752,7.27995e-05,0.00850439,-0.760099,0.00532632,-0.0255663,-0.0117179,0.0227449,-0.181959,9.56723
1770178455189092612,0.649735,4.62602e-05,0.00849827,-0.760113,-0.00852211,-0.00213053,-0.02024,0.011971,-0.349553,9.4954
1770178455209166885,0.649715,8.61938e-06,0.00850595,-0.76013,-0.0149137,0,0.00319579,0.011971,-0.241814,9.5373
1770178455229244646,0.649742,2.54604e-05,0.00849954,-0.760107,0.0106526,-0.0191748,0.00319579,0.0035913,-0.339977,9.47386
1770178455249322759,0.649734,0.00011763,0.00852491,-0.760114,-0.0138484,-0.0138484,-0.0106526,-0.0371101,-0.142455,9.56124
1770178455269399463,0.64972,0.000163278,0.00849388,-0.760126,0.0181095,-0.0287621,-0.00426106,-0.011971,-0.294487,9.50498
1770178455289475496,0.649689,0.0001277,0.00852213,-0.760152,-0.0127832,-0.0191748,-0.0138484,-0.011971,-0.277727,9.58279
1770178455309550697,0.649687,0.000120711,0.00853648,-0.760154,-0.00106526,0.02024,-0.00106526,-0.0742203,-0.345962,9.55167
1770178455329627242,0.649692,0.000151224,0.00851857,-0.76015,-0.0223706,-0.0181095,-0.0117179,-0.035913,-0.131681,9.57202
1770178455349699243,0.649696,0.000170636,0.0084846,-0.760146,0.00213053,0.00426106,-0.0149137,-0.0311246,-0.281319,9.49899
1770178455369783596,0.649687,0.000147338,0.00851778,-0.760154,-0.0223706,-0.0138484,-0.00213053,0.0155623,-0.100556,9.54329
1770178455389861325,0.649686,7.45472e-05,0.00856155,-0.760154,0.00426106,-0.0308927,-0.00532632,-0.0335188,-0.328006,9.46428
1770178455409934862,0.649679,2.14464e-05,0.00853696,-0.760161,-0.0213053,-0.0170442,-0.00319579,-0.0742203,-0.209493,9.48463
1770178455430007215,0.649696,2.09612e-05,0.0084687,-0.760147,0.0234358,-0.0351537,0,-0.0155623,-0.277727,9.47984
1770178455450087152,0.649674,2.95974e-05,0.00848943,-0.760166,-0.0255663,-0.00319579,-0.00532632,0.0275333,-0.184354,9.54927
1770178455470162993,0.64965,2.20134e-06,0.0085161,-0.760186,-0.00532632,-0.0149137,-0.0127832,0,-0.37589,9.55765
1770178455490244306,0.649642,1.8045e-06,0.00854321,-0.760193,-0.015979,-0.0255663,-0.0106526,-0.0574608,-0.288501,9.63187
1770178455510321651,0.649651,6.1008e-05,0.00850852,-0.760185,0.00852211,-0.00319579,-0.00958738,-0.0490811,-0.294487,9.49062
1770178455530408180,0.649636,3.70474e-05,0.0084596,-0.760198,-0.0170442,-0.0117179,-0.015979,-0.0059855,-0.131681,9.59237
1770178455550487637,0.649611,2.95481e-05,0.00841749,-0.76022,-0.00639159,-0.0106526,-0.0138484,-0.0011971,-0.294487,9.51695
1770178455570557718,0.649596,3.28769e-05,0.00847752,-0.760232,-0.00745685,0,-0.00745685,-0.0227449,-0.171185,9.51216
1770178455590635351,0.649594,6.04989e-05,0.00849688,-0.760234,0.00319579,-0.0117179,-0.00639159,-0.0107739,-0.316035,9.42837
1770178455610710776,0.649592,0.0001012,0.00850047,-0.760236,-0.015979,-0.00852211,-0.00426106,-0.011971,-0.0670376,9.54688
1770178455630785912,0.649585,7.52924e-05,0.00842824,-0.760242,-0.00106526,-0.0149137,-0.0117179,-0.0059855,-0.287304,9.55167
1770178455650862585,0.649558,1.1182e-05,0.0084581,-0.760265,-0.04048,-0.0255663,0.00106526,-0.00957681,-0.244209,9.65941
1770178455670940282,0.649563,1.35945e-05,0.00849054,-0.76026,0.00852211,0.00745685,-0.00532632,-0.0610521,-0.319626,9.53012
1770178455691016667,0.649551,1.89181e-05,0.00851882,-0.76027,-0.0106526,-0.0170442,-0.0106526,-0.023942,-0.140061,9.50857
1770178455711095324,0.649562,8.0677e-05,0.00852884,-0.760261,-0.00106526,0.00426106,-0.0266316,-0.0023942,-0.227449,9.4954
1770178455731172029,0.649534,6.65085e-05,0.00856483,-0.760284,-0.0351537,-0.0234358,-0.00213053,-0.0011971,-0.140061,9.48463
1770178455751254206,0.649532,-1.39043e-06,0.00857462,-0.760286,-0.00213053,-0.0308927,-0.0127832,-0.059855,-0.339977,9.48463
1770178455771341631,0.649519,-2.66323e-05,0.00858531,-0.760297,-0.0255663,0.00319579,0.00106526,-0.0442927,-0.130484,9.53611
1770178455791419552,0.649525,5.27591e-05,0.00854441,-0.760293,0.00852211,-0.00958738,-0.00639159,-0.0586579,-0.307655,9.50139
1770178455811496001,0.649504,8.71805e-05,0.00857198,-0.76031,-0.0127832,-0.00958738,-0.00106526,0.094571,-0.0861913,9.54808
1770178455831570978,0.649487,6.56805e-05,0.00858091,-0.760324,-0.0127832,-0.0106526,-0.00639159,0.0035913,-0.405817,9.50378
1770178455851645571,0.649471,1.51461e-05,0.00860545,-0.760338,-0.00745685,-0.0340885,-0.00532632,-0.0407014,-0.178368,9.47505
1770178455871725636,0.649501,5.97465e-05,0.00856591,-0.760312,0.015979,0.00106526,-0.00319579,-0.102951,-0.295684,9.50259
1770178455891806501,0.649474,5.70576e-05,0.00854423,-0.760336,-0.0287621,-0.0170442,-0.00852211,0.0011971,-0.0215478,9.63187
1770178455911877830,0.649444,7.5998e-05,0.00856768,-0.760361,-0.0117179,-0.00639159,-0.0234358,-0.0454898,-0.345962,9.49181
1770178455931951207,0.649413,1.99069e-05,0.0086202,-0.760387,-0.0138484,-0.00745685,-0.00213053,0.0107739,-0.186748,9.44632
1770178455952025192,0.649412,3.2977e-05,0.00857032,-0.760388,0.0106526,-0.0127832,-0.00426106,-0.0514753,-0.385466,9.41879
1770178455972096233,0.649415,4.19022e-05,0.00850391,-0.760387,-0.02024,-0.0117179,-0.00745685,0.0311246,-0.110133,9.52294
1770178455992171049,0.649396,5.7433e-05,0.00848763,-0.760403,-0.00106526,0.00426106,-0.0138484,0.0143652,-0.274136,9.57202
1770178456012246442,0.649383,8.34809e-06,0.00854769,-0.760414,-0.0170442,-0.0245011,-0.0170442,-0.0155623,-0.221464,9.44153
1770178456032318283,0.649403,4.26329e-05,0.00858661,-0.760396,0.0117179,0,-0.00213053,-0.0538695,-0.329203,9.48702
1770178456052394956,0.649406,7.04567e-05,0.00860104,-0.760393,-0.0276969,-0.00213053,0.00106526,-0.0538695,-0.112527,9.47146
1770178456072469229,0.649406,9.49254e-05,0.00854825,-0.760394,0.0106526,-0.00958738,-0.0127832,0.00957681,-0.246603,9.54209
1770178456092533166,0.649382,0.00010114,0.00855779,-0.760414,-0.0117179,-0.00426106,-0.0127832,0.0287304,-0.228646,9.54927
1770178456112608975,0.649381,8.02611e-05,0.00861679,-0.760414,-0.015979,-0.00532632,-0.00213053,-0.0035913,-0.451307,9.54927
1770178456132686128,0.649373,0.000106165,0.00866633,-0.76042,-0.00426106,0.00852211,-0.00852211,-0.00837971,-0.12809,9.48583
1770178456152760304,0.649387,0.000184504,0.00859529,-0.760409,0.0170442,-0.0149137,-0.0127832,-0.047884,-0.282516,9.54568
1770178456172853618,0.649371,0.000193704,0.00860706,-0.760423,-0.0138484,-0.0213053,-0.0170442,0.0299275,-0.0395043,9.48104
1770178456192931859,0.649345,0.00013255,0.00861244,-0.760445,0.00426106,-0.0138484,-0.00852211,-0.0490811,-0.446519,9.57202
1770178456213011028,0.649337,5.94949e-05,0.00864347,-0.760452,-0.0245011,-0.0340885,-0.0106526,-0.0526724,-0.167594,9.55765
1770178456233089493,0.649348,0.000114634,0.00864327,-0.760443,0.0127832,0.00745685,-0.0127832,-0.0742203,-0.332794,9.5373
1770178456253171510,0.649323,0.000165789,0.00868009,-0.760463,-0.0223706,-0.00213053,-0.00426106,0.0407014,-0.0610521,9.59357
1770178456273249527,0.649324,0.000188623,0.00867992,-0.760462,-0.0117179,-0.0138484,-0.00745685,-0.0011971,-0.305261,9.47625
1770178456293329624,0.649287,0.000116273,0.00870895,-0.760493,-0.0308927,0.00319579,-0.00426106,0.0167594,-0.197522,9.50019
1770178456313408569,0.649299,0.000110207,0.0086856,-0.760484,-0.00426106,0.00106526,0.00745685,-0.0466869,-0.383072,9.44273
1770178456333489562,0.649282,0.000140857,0.00865655,-0.760499,-0.0138484,-0.0181095,-0.00213053,0.0143652,-0.0395043,9.4966
1770178456353569595,0.649285,0.000198448,0.00862551,-0.760496,0.00745685,-0.0106526,-0.00745685,0.0203507,-0.241814,9.49301
1770178456373647964,0.64926,0.000181571,0.00867464,-0.760517,-0.0255663,-0.0117179,0.00213053,0.0047884,-0.264559,9.58998
1770178456393720669,0.64926,0.000162157,0.00866335,-0.760517,0.00213053,-0.00319579,-0.00639159,-0.0442927,-0.347159,9.40083
1770178456413798366,0.649256,0.000152557,0.00863592,-0.760521,-0.00958738,-0.0117179,-0.00745685,-0.0610521,-0.209493,9.56124
1770178456433878591,0.649256,0.000172057,0.00857969,-0.760522,0.0106526,-0.0170442,-0.00745685,-0.0790087,-0.219069,9.48942
1770178456453952575,0.64925,0.000150938,0.00861518,-0.760526,-0.0394148,-0.00958738,-0.00319579,-0.0514753,-0.129287,9.56962
1770178456474024576,0.649252,0.000143443,0.00867447,-0.760524,-0.00852211,-0.0213053,-0.00532632,-0.0335188,-0.213084,9.52054
1770178456494105793,0.649232,0.000168481,0.00870174,-0.760541,-0.0138484,-0.00852211,0.00319579,-0.0526724,-0.262165,9.56124
1770178456514182178,0.649254,0.000179813,0.00867605,-0.760522,0.00426106,-0.0191748,-0.0117179,-0.00957681,-0.215478,9.54449
1770178456534260739,0.649212,0.000163064,0.00865796,-0.760558,-0.0117179,-0.0266316,-0.00745685,0.0909797,-0.120907,9.56484
1770178456554333636,0.649199,0.000140848,0.00867573,-0.760569,-0.00319579,-0.00106526,0,0.0167594,-0.270545,9.43316
1770178456574412677,0.649192,0.000130738,0.00871344,-0.760574,-0.00639159,-0.0255663,-0.00426106,-0.00718261,-0.141258,9.53132
1770178456594490406,0.649214,0.000184989,0.00870849,-0.760556,0.0117179,0.00319579,-0.00958738,-0.0873884,-0.211887,9.49301
1770178456614568423,0.649178,0.000204859,0.00870329,-0.760586,-0.0532632,0.00532632,-0.00745685,0.0442927,-0.0622492,9.50857
1770178456634645256,0.649162,0.000185749,0.00864641,-0.760601,-0.00426106,-0.0117179,0,0,-0.208296,9.53012
1770178456654718153,0.649139,0.000145853,0.00865338,-0.760621,-0.0127832,-0.0245011,-0.00639159,-0.0191536,-0.214281,9.50498
1770178456674793674,0.649148,0.000180141,0.008633,-0.760613,0.00106526,0.00426106,0.00532632,-0.0814029,-0.287304,9.43196
1770178456694869227,0.649135,0.00020991,0.00865258,-0.760624,-0.0266316,-0.00852211,-0.00213053,-0.0191536,-0.169988,9.55406
1770178456714942923,0.649119,0.000243031,0.00864382,-0.760637,-0.00958738,0.00852211,0.00213053,0.0131681,-0.258574,9.43555
1770178456735024108,0.649083,0.000156851,0.00865321,-0.760668,-0.02024,-0.0372843,-0.0127832,0.0167594,-0.294487,9.6199
1770178456755095949,0.649088,0.000117932,0.00861502,-0.760665,-0.00213053,-0.0138484,-0.00319579,-0.0861913,-0.397437,9.53012
1770178456775171150,0.649062,0.000270043,0.00847221,-0.760689,0.165116,-0.158724,-0.0394148,0.233435,-0.277727,10.398
1770178456795247503,0.648713,0.00235452,0.00684331,-0.760999,0.096939,-0.0596548,0.0394148,1.37068,-1.04148,8.53653
1770178456815329264,0.649056,0.00134687,0.00714244,-0.760706,-0.24288,-0.110787,0.0330232,0.168791,-1.87825,9.52892
1770178456835409969,0.649417,-0.00182286,0.00935488,-0.760372,-0.345146,-0.036219,0.00426106,0.675165,-0.116119,9.47266
1770178456855489490,0.649309,-0.00153275,0.00929844,-0.760466,0.191748,0.092678,-0.036219,0.781707,-1.10133,7.41963
1770178456875563475,0.649196,0.000212931,0.00864321,-0.760572,0.171508,0.0884169,-0.0351537,0.229843,0.179565,9.87848
1770178456895638356,0.649094,0.00122251,0.00876104,-0.760657,0.0703074,0.0543285,-0.0117179,-0.490811,-0.757765,10.3334
1770178456915715797,0.649031,0.0017951,0.00899525,-0.760707,-0.0575243,0.0245011,-0.0127832,-1.40779,0.0323217,9.43196
1770178456935792246,0.649009,0.00210535,0.00888246,-0.760726,0.0213053,-0.0628506,-0.00106526,-1.36829,0.110133,9.55765
1770178456955870199,0.649004,0.00205273,0.00839709,-0.760736,0.0319579,-0.0852211,0,-0.913388,-0.289698,10.0676
1770178456975948120,0.649066,0.00165026,0.00784006,-0.76069,-0.0170442,-0.0841559,-0.0127832,0.124498,-0.0023942,9.39964
1770178456996025913,0.649032,0.00100145,0.00747567,-0.760724,-0.0543285,-0.0703074,-0.0170442,0.859518,0.282516,9.62708
1770178457016100250,0.649001,0.000259349,0.00744079,-0.760751,-0.0735032,-0.0213053,-0.00958738,0.991199,0.0311246,9.58878
1770178457036174139,0.648995,-0.000148442,0.00763861,-0.760755,-0.0543285,0.00745685,0.00106526,0.875081,-0.0885855,9.57082
1770178457056255612,0.648994,-0.000175838,0.00799026,-0.760752,-0.0287621,0.0383495,-0.0106526,0.497994,-0.204704,9.51216
1770178457076327100,0.648989,-9.67721e-05,0.00850071,-0.76075,-0.0596548,0.0607201,-0.00745685,0.318429,-0.268151,9.53012
1770178457096401949,0.648942,3.45533e-05,0.00905727,-0.760784,-0.0298274,0.0234358,-0.00745685,-0.269348,-0.553061,9.57202
1770178457116480254,0.648965,0.000295002,0.00964788,-0.760757,-0.00852211,0.0223706,-0.00745685,-0.70629,-0.711078,9.4547
1770178457136551967,0.648966,0.00056662,0.0098114,-0.760754,0.0340885,-0.0181095,-0.00213053,-0.881066,-0.624887,9.54449
1770178457156626848,0.648938,0.000754758,0.00965367,-0.760779,0.0351537,-0.0479369,-0.00426106,-0.741005,-0.407014,9.41759
1770178457176704033,0.648929,0.000757144,0.00919374,-0.760793,0.0117179,-0.0660464,-0.00319579,-0.351948,-0.278924,9.60075
1770178457196783042,0.648906,0.000625356,0.00867218,-0.760819,0.00958738,-0.0639159,-0.00958738,0.0742203,-0.142455,9.50019
1770178457216858307,0.648916,0.000509528,0.00815073,-0.760816,0.0191748,-0.0149137,0.00213053,0.416591,0.0023942,9.59596
1770178457236931204,0.648913,0.000453432,0.00778347,-0.760822,-0.00213053,-0.02024,-0.0127832,0.640449,0.203507,9.52054
1770178457257010021,0.648893,0.000471992,0.0076661,-0.760841,-0.0117179,-0.0127832,-0.015979,0.642843,0.166397,9.55287
1770178457277085286,0.648861,0.000479633,0.00785505,-0.760867,-0.036219,0.0170442,-0.0138484,0.471658,-0.0143652,9.5385
1770178457297165127,0.648872,0.000543689,0.00821457,-0.760853,-0.0340885,0.0223706,-0.00319579,0.071826,-0.234632,9.59596
1770178457317250440,0.648864,0.000701907,0.00867269,-0.760855,-0.0234358,0.0223706,-0.0117179,-0.329203,-0.363919,9.44393
1770178457337335465,0.648868,0.000842248,0.00903167,-0.760847,-0.0383495,0.00106526,-0.00639159,-0.56982,-0.37589,9.58638
1770178457357409546,0.648821,0.000866165,0.00925362,-0.760884,-0.0255663,-0.0223706,-0.0138484,-0.60693,-0.490811,9.46907
1770178457377485579,0.64882,0.000750433,0.00928179,-0.760885,-0.00639159,-0.0170442,0.00106526,-0.560243,-0.523133,9.60314
1770178457397567148,0.648838,0.000522176,0.00909534,-0.760872,-0.00106526,-0.0543285,-0.00319579,-0.241814,-0.398635,9.4152
1770178457417649069,0.648845,0.000330136,0.00871237,-0.760871,0.0138484,-0.0447411,0,0.0957681,-0.258574,9.59835
1770178457437724142,0.648829,0.000214761,0.00840679,-0.760887,-0.00319579,-0.0340885,-0.00958738,0.503979,-0.0514753,9.51097
1770178457457802415,0.648813,0.000175412,0.00819539,-0.760903,0.0191748,-0.0213053,-0.0106526,0.547075,-0.132878,9.61871
1770178457477881904,0.64882,0.000235699,0.0081704,-0.760898,-0.0106526,0.0181095,-0.00319579,0.446519,-0.0742203,9.48343
1770178457497960113,0.648842,0.000356014,0.00821471,-0.760879,0.00319579,0.0117179,0.00426106,0.223858,-0.146046,9.66898
1770178457518039794,0.648828,0.000564964,0.00839909,-0.760889,-0.0287621,0.00532632,-0.0117179,-0.0191536,-0.0514753,9.47864
1770178457538115090,0.648782,0.00071158,0.00865339,-0.760925,-0.0266316,0.0170442,-0.0181095,-0.310049,-0.333991,9.55167
1770178457558192403,0.648767,0.00087285,0.00895272,-0.760934,-0.0213053,0.02024,-0.00319579,-0.527921,-0.342371,9.35654
1770178457578270164,0.648767,0.000936428,0.00905404,-0.760933,-0.00213053,-0.0191748,-0.00958738,-0.568623,-0.377087,9.56484
1770178457598345813,0.648771,0.000881126,0.00897656,-0.76093,-0.0127832,-0.0308927,-0.00106526,-0.360327,-0.225055,9.45351
1770178457618423286,0.648741,0.000652597,0.0087307,-0.760959,-0.00213053,-0.0649811,0,-0.0957681,-0.248997,9.53611
1770178457638496663,0.648713,0.000409559,0.00851844,-0.760986,0.0223706,-0.0511327,-0.0170442,0.269348,-0.269348,9.43076
1770178457658575160,0.648722,0.000272918,0.00836851,-0.760979,-0.0106526,-0.0117179,-0.00426106,0.314838,-0.140061,9.55526
1770178457678654073,0.6487,0.00025139,0.00829557,-0.760999,-0.00319579,-0.00319579,-0.00639159,0.392649,-0.185551,9.51336
1770178457698732634,0.648704,0.000267454,0.00830725,-0.760996,-0.0351537,0.0170442,-0.00106526,0.308852,-0.0706289,9.5373
1770178457718809467,0.648684,0.000319171,0.00848876,-0.76101,-0.0127832,0,0.00426106,0.143652,-0.287304,9.51456
1770178457738883196,0.648678,0.000423537,0.00867701,-0.761013,-0.0181095,0.015979,-0.00319579,-0.137667,-0.240617,9.48224
1770178457758955837,0.648659,0.000634394,0.00883852,-0.761027,0.0170442,0.00213053,-0.00852211,-0.305261,-0.447716,9.44872
1770178457779035454,0.648676,0.000809966,0.00891621,-0.761012,-0.00106526,-0.00426106,-0.00532632,-0.462081,-0.270545,9.52653
1770178457799114239,0.648648,0.000866477,0.00892991,-0.761036,-0.0106526,-0.00319579,-0.00106526,-0.302867,-0.366313,9.48104
1770178457819193632,0.648646,0.000823555,0.00879045,-0.761039,0.00532632,-0.0287621,-0.0149137,-0.140061,-0.246603,9.49899
1770178457839270369,0.648617,0.000687367,0.00859645,-0.761066,0.0138484,-0.0298274,-0.00532632,0.0275333,-0.260968,9.46428
1770178457859350946,0.648647,0.000605389,0.00834853,-0.761043,0.0106526,-0.0266316,0.0117179,0.125696,-0.0646434,9.61751
1770178457879424739,0.648622,0.000535556,0.00822025,-0.761066,-0.0245011,-0.0117179,-0.00639159,0.286107,-0.0251391,9.4547
1770178457899498211,0.648629,0.000466464,0.0082607,-0.76106,-0.0319579,0.015979,-0.00213053,0.23104,-0.0814029,9.54927
1770178457919576804,0.648599,0.000409744,0.00841515,-0.761084,-0.0213053,-0.0117179,-0.00319579,0.174777,-0.199916,9.46548
1770178457939652229,0.648616,0.00046919,0.00860115,-0.761067,-0.00958738,-0.00319579,0.00213053,-0.106542,-0.260968,9.51935
1770178457959730566,0.648594,0.000557167,0.00873261,-0.761084,0,0.0170442,-0.0138484,-0.137667,-0.263362,9.4966
1770178457979837512,0.64856,0.000636732,0.00884131,-0.761112,-0.0245011,0.00106526,-0.0127832,-0.265756,-0.366313,9.46428
1770178457999909385,0.648517,0.000625644,0.00894476,-0.761148,-0.0149137,-0.00532632,-0.00852211,-0.283713,-0.356736,9.43675
1770178458019987114,0.648524,0.000598753,0.00894122,-0.761141,0.00426106,-0.0458064,-0.00639159,-0.197522,-0.424971,9.49421
1770178458040065195,0.648504,0.000622176,0.00880841,-0.76116,0.0170442,-0.0245011,-0.00745685,-0.047884,-0.270545,9.59117
1770178458060143948,0.648565,0.000254996,0.00906753,-0.761105,-0.604005,0.0415453,0.0745685,0.0670376,0.435745,9.47266
1770178458080224173,0.647988,-0.015309,0.0279061,-0.760985,-1.69803,0.177899,-0.0415453,1.22583,-1.92973,11.084
1770178458100297229,0.647961,-0.0194785,0.0347611,-0.760631,0.11931,-0.0127832,0.0394148,1.10732,-4.72615,0.670376
1770178458120370478,0.648855,-0.0143313,0.0263375,-0.760321,1.95689,-0.314253,0.136354,1.62087,-4.11324,0.560243
1770178458140448399,0.65027,0.0025292,0.00715374,-0.759666,1.77473,0.398409,0.0980043,1.34913,5.46237,24.2126
1770178458160527568,0.649617,0.0119408,0.00273959,-0.760163,0.824515,-0.00106526,-0.196009,0.818817,-1.35153,5.54138
1770178458180605105,0.648019,0.0145182,-0.00303054,-0.76148,0.373908,-0.0692422,-0.164051,-0.642843,-0.744597,12.7108
1770178458200684626,0.647171,0.0163924,-0.00219881,-0.762165,0.00213053,0.0841559,-0.0649811,-1.10852,-1.80044,8.08881
1770178458220762451,0.647161,0.0143557,-0.00122477,-0.762217,-0.383495,-0.194943,0.0415453,-0.834379,-1.21625,6.99945
1770178458240837332,0.648194,0.00805043,0.00454425,-0.76142,-1.15901,-0.0884169,0.144876,0.183156,-0.149638,9.57322
1770178458260917045,0.648826,0.000894459,0.0088085,-0.760886,-0.656203,-0.28336,0.0106526,-0.104148,1.83156,12.5624
1770178458280997014,0.648965,-0.00127279,0.0112251,-0.760734,-0.0149137,0.0617853,0.0511327,0.059855,0.720655,8.32464
1770178458301075959,0.649731,-0.000599548,0.00953991,-0.760104,0.252468,-0.056459,0.0703074,0.229843,2.20865,9.38527
1770178458321160376,0.649765,0.000645242,0.00827119,-0.76009,0.0415453,-0.00426106,-0.0585895,0.503979,2.26851,9.06445
1770178458341239769,0.649164,0.00151531,0.00722915,-0.760612,0.111853,0.0372843,-0.0553937,0.418985,1.57898,10.1766
1770178458361320218,0.649054,0.00267795,0.00679514,-0.760707,0.0948085,0.0745685,-0.0106526,0.347159,0.0766145,9.80186
1770178458381398811,0.648793,0.00396988,0.00652718,-0.760927,0.0511327,0.0426106,-0.0511327,0.0430956,-0.263362,9.86411
1770178458401476348,0.648434,0.0040738,0.00709511,-0.761227,-0.134223,0.0287621,-0.036219,-0.223858,-0.816423,9.57561
1770178458421555485,0.648499,0.00300794,0.00843988,-0.761163,-0.2024,-0.0287621,0.015979,-0.407014,-1.36469,9.31943
1770178458441632030,0.648579,0.000753877,0.0104844,-0.761074,-0.376038,-0.0894822,-0.0170442,-0.492008,-1.25935,9.26556
1770178458461704991,0.648563,-0.00296219,0.0134576,-0.761036,-0.432497,-0.0841559,0.00426106,-0.523133,-1.75375,9.65222
1770178458481784384,0.648733,-0.0047132,0.0148418,-0.760857,0.00958738,-0.0458064,0.0234358,-0.289698,-2.30562,9.07642
1770178458501863585,0.6488,-0.0044025,0.0138363,-0.76082,0.2024,-0.0681769,-0.0191748,0.135272,-1.56341,9.77792
1770178458521942626,0.648695,-0.00366184,0.0123835,-0.760939,0.15979,-0.0479369,-0.0213053,0.633266,-0.794875,9.26077
1770178458542021027,0.648703,-0.00249896,0.0106082,-0.760963,0.227967,-0.00532632,-0.0106526,0.733823,-0.4956,9.45351
1770178458562101476,0.64865,-0.000733075,0.00887548,-0.761035,0.252468,0.0479369,-0.0170442,0.820014,0.0011971,9.74799
1770178458582179749,0.648546,0.00145102,0.00728261,-0.761139,0.236489,0.0873517,-0.00639159,0.567426,0.54109,9.52892
1770178458602252486,0.648539,0.00366772,0.00602561,-0.761149,0.178964,0.0905475,-0.00426106,0.21069,0.919373,9.5792
1770178458622330823,0.648481,0.00564694,0.00519583,-0.761192,0.100135,0.0830906,-0.015979,-0.259771,0.98282,9.57561
1770178458642410632,0.648394,0.00687414,0.00496825,-0.761258,0.0340885,0.0468716,-0.0149137,-0.80924,0.70629,9.52413
1770178458662489641,0.648389,0.00716319,0.00524384,-0.761257,-0.0852211,-0.0127832,-0.00532632,-1.12527,0.566229,9.44752
1770178458682574346,0.648394,0.00667697,0.00571612,-0.761254,-0.127832,-0.0543285,-0.0138484,-1.05824,0.265756,9.44153
1770178458702652139,0.648387,0.00512584,0.00656988,-0.761265,-0.193878,-0.113983,-0.0106526,-0.694318,0.178368,9.47625
1770178458722723692,0.648397,0.0031481,0.00748402,-0.761259,-0.234358,-0.128897,-0.00426106,-0.148441,-0.184354,9.50857
1770178458742802061,0.648443,0.000589048,0.00872263,-0.761213,-0.267381,-0.111853,0.00426106,0.286107,-0.245406,9.60793
1770178458762883278,0.64849,-0.00153394,0.00988942,-0.761158,-0.210922,-0.0617853,0.00532632,0.618901,-0.53271,9.48463
1770178458782962159,0.648536,-0.00254222,0.0104241,-0.761108,-0.0266316,-0.00639159,-0.00532632,0.699107,-0.806846,9.2476
1770178458803039632,0.648471,-0.00268885,0.0105117,-0.761162,0.0127832,-0.00106526,-0.0138484,0.857124,-0.73502,9.6223
1770178458823117264,0.648423,-0.00254913,0.0106065,-0.761202,0.0181095,0.036219,-0.00639159,0.647632,-0.922965,9.56005
1770178458843195505,0.648452,-0.00225984,0.0107988,-0.761175,0.00639159,0.0330232,-0.00426106,0.234632,-0.897826,9.34337
1770178458863278483,0.64843,-0.0018665,0.0110701,-0.761191,0.0213053,0.036219,0,-0.169988,-0.930147,9.50977
1770178458883351987,0.648423,-0.00124782,0.0111348,-0.761198,0.0340885,0.0223706,-0.00213053,-0.490811,-0.707487,9.57441
1770178458903430612,0.648412,-0.000520659,0.0108677,-0.761212,0.0937433,0.00106526,0,-0.700304,-0.630872,9.46787
1770178458923507605,0.648411,0.000385047,0.0101379,-0.761223,0.125701,-0.0213053,-0.00426106,-0.597353,-0.199916,9.55406
1770178458943588662,0.6484,0.00134022,0.00895256,-0.761246,0.140615,-0.0276969,-0.00426106,-0.398635,0.0287304,9.52174
1770178458963668119,0.648396,0.00210806,0.00790893,-0.761259,0.108657,-0.0181095,-0.0170442,-0.0047884,0.539892,9.53012
1770178458983744248,0.648352,0.00273333,0.00690579,-0.761305,0.0468716,-0.0298274,-0.00958738,0.277727,0.580594,9.64863
1770178459003822649,0.648325,0.00290411,0.00658298,-0.76133,-0.0234358,0.00426106,-0.00745685,0.356736,0.588974,9.50857
1770178459023900858,0.648317,0.00263507,0.00670168,-0.761336,-0.076699,-0.0170442,-0.00213053,0.301669,0.35913,9.5816
1770178459043977275,0.648343,0.00202783,0.00729667,-0.761311,-0.124636,-0.00958738,-0.00745685,0.185551,0.263362,9.52054
1770178459064049436,0.648339,0.00128576,0.0081778,-0.761307,-0.124636,0.00426106,-0.00426106,-0.071826,-0.184354,9.56843
1770178459084123069,0.648314,0.000511654,0.0091805,-0.761318,-0.129962,-0.0117179,-0.02024,-0.252588,-0.40462,9.51336
1770178459104216926,0.648305,-0.000272412,0.010132,-0.761314,-0.0937433,-0.0223706,0,-0.45849,-0.812831,9.49899
1770178459124297503,0.648312,-0.000839855,0.010679,-0.761299,-0.0543285,-0.056459,-0.00426106,-0.381875,-0.748188,9.55047
1770178459144376000,0.6483,-0.0012321,0.0107816,-0.761308,-0.00852211,-0.0351537,-0.00852211,-0.19393,-0.768539,9.46189
1770178459164447297,0.648283,-0.00139924,0.0105568,-0.761325,0.0255663,-0.0330232,-0.00958738,0.141258,-0.721852,9.54209
1770178459184524898,0.648228,-0.00140579,0.010228,-0.761377,0.0298274,-0.0213053,-0.0138484,0.237026,-0.650026,9.52054
1770178459204604483,0.648235,-0.00125673,0.00988943,-0.761375,0.0383495,0.00958738,-0.00426106,0.381875,-0.415394,9.44393
1770178459224682532,0.648255,-0.00101149,0.00954375,-0.761362,0.036219,0.00213053,-0.0181095,0.366313,-0.2478,9.5385
1770178459244761861,0.648242,-0.000552907,0.00922428,-0.761378,0.052198,0.0223706,-0.00852211,0.344765,-0.105345,9.48104
1770178459264840710,0.648223,4.92155e-05,0.00895804,-0.761398,0.0490022,0.0447411,-0.00106526,0.108936,-0.0658405,9.5385
1770178459284921159,0.648209,0.000776641,0.00877041,-0.761412,0.0426106,0.0245011,-0.00319579,-0.216675,-0.0670376,9.47505
1770178459305001512,0.6482,0.00140188,0.00859651,-0.76142,0.0319579,0.0170442,0.00319579,-0.47884,0.0418985,9.54688
1770178459325082217,0.648217,0.00173688,0.00851474,-0.761406,-0.00639159,-0.00745685,-0.00532632,-0.481235,0.126893,9.4954
1770178459345162506,0.64821,0.0016593,0.00854758,-0.761412,-0.0351537,-0.0340885,-0.00106526,-0.356736,0.0155623,9.58519
1770178459365240459,0.648221,0.00129611,0.00862207,-0.761402,-0.0511327,-0.036219,-0.00745685,-0.251391,-0.135272,9.5373
1770178459385321196,0.648229,0.00083631,0.00875082,-0.761395,-0.0394148,-0.056459,-0.00532632,-0.0957681,-0.215478,9.4547
1770178459405400877,0.64823,0.000356191,0.00886392,-0.761393,-0.0394148,-0.0276969,-0.0181095,0.185551,-0.196325,9.52892
1770178459425480910,0.648217,-5.37018e-05,0.00892039,-0.761404,-0.0276969,-0.0276969,-0.00426106,0.344765,-0.296881,9.46548
1770178459445559727,0.648185,-0.000366048,0.00903939,-0.761429,-0.04048,-0.0213053,-0.0149137,0.432153,-0.345962,9.52892
1770178459465637904,0.648163,-0.000608813,0.00921878,-0.761445,-0.0351537,0.00426106,-0.00213053,0.229843,-0.555455,9.57681
1770178459485715377,0.648188,-0.000630349,0.00952089,-0.761421,-0.0170442,0.015979,-0.00426106,0.035913,-0.520739,9.54449
1770178459505798674,0.648168,-0.000490127,0.00972531,-0.761435,0.00319579,0.0298274,-0.0127832,-0.0861913,-0.452504,9.56364
1770178459525878291,0.648139,-0.000296124,0.00975131,-0.76146,0.00745685,-0.0170442,-0.00532632,-0.122104,-0.433351,9.52294
1770178459545956820,0.648125,1.31982e-05,0.00962934,-0.761473,0.0351537,0,-0.00852211,-0.240617,-0.52433,9.54209
1770178459566035733,0.648123,0.00030885,0.00941691,-0.761478,0.0351537,-0.00745685,-0.015979,-0.269348,-0.31364,9.58279
1770178459586112502,0.648122,0.000525833,0.00909479,-0.761482,0.0266316,-0.0191748,-0.00319579,-0.190339,-0.117316,9.50378
1770178459606186103,0.648119,0.000658887,0.00884593,-0.761487,0.00852211,-0.0127832,-0.00958738,-0.0754174,0.0658405,9.55287
1770178459626272504,0.64808,0.000728826,0.00863409,-0.761523,-0.00852211,-0.00745685,-0.00745685,0.181959,-0.0347159,9.51935
1770178459646349177,0.64807,0.000659833,0.0085426,-0.761532,-0.0234358,-0.02024,-0.00852211,0.152032,0.0263362,9.54568
1770178459666425434,0.648078,0.000574243,0.00856815,-0.761526,-0.0170442,-0.00319579,0.00106526,0.0730232,-0.0670376,9.51575
1770178459686496155,0.64808,0.000473983,0.00876791,-0.761521,-0.0479369,-0.00958738,-0.00958738,0.0466869,-0.0383072,9.51575
1770178459706579388,0.647907,0.00112816,0.00760857,-0.761681,1.32199,-0.648746,-0.210922,2.75573,-7.37773,9.70969
1770178459726652796,0.649792,0.0109317,0.000698401,-0.760034,0.713727,0.22264,0.22051,-2.15598,-2.79882,11.0121
1770178459746728765,0.649092,0.0130174,-0.00242856,-0.760594,-0.253533,-0.192813,-0.297209,-0.729034,5.02782,5.72813
1770178459766807358,0.646012,0.00621924,0.00300707,-0.763296,-1.34117,-0.0585895,-0.413323,3.02627,0.932542,9.25479
1770178459786886655,0.644032,-0.00271126,0.0100661,-0.764927,-0.968325,-0.135289,-0.104396,2.91614,-2.09971,13.9702
1770178459806964352,0.644629,-0.00758397,0.0176701,-0.764253,-0.953412,0.334493,0.22264,0.656011,-0.535104,6.61278
1770178459827039201,0.646488,-0.00784651,0.0220696,-0.762564,-0.186421,0.1012,0.287621,-0.179565,1.34075,6.21654
1770178459847116962,0.648747,-0.00778385,0.0223132,-0.760637,0.284426,-0.00213053,0.284426,-2.42652,-0.96606,10.3142
1770178459867199459,0.650298,-0.00626023,0.0212203,-0.759357,0.1012,-0.015979,0.0671116,-3.00233,0.0754174,9.60314
1770178459887278084,0.649666,-0.00540986,0.0198366,-0.759942,0.329167,-0.164051,-0.232228,-2.04824,-0.930147,8.04332
1770178459907355237,0.647721,-0.00252768,0.0142685,-0.76174,0.710531,-0.120375,-0.22051,-0.998382,-2.16675,12.5217
1770178459927440038,0.646923,0.000321067,0.0106119,-0.762481,0.442085,-0.0798948,-0.0468716,0.164003,-1.58017,8.89207
1770178459947517991,0.64713,0.000959917,0.00806976,-0.762337,-0.0181095,-0.131028,0.0394148,1.18992,-0.531513,9.47864
1770178459967593928,0.647225,-0.00123558,0.00803783,-0.762256,-0.253533,-0.184291,-0.0245011,1.70228,-0.714669,8.73644
1770178459987679049,0.647173,-0.00481529,0.00991884,-0.762263,-0.367516,-0.0713727,0.0191748,1.84593,-0.843956,10.1981
1770178460007764042,0.647425,-0.00521176,0.0104895,-0.762039,0.197074,0.0841559,0.0255663,1.61848,-1.61489,8.92439
1770178460027839499,0.647553,-0.00300695,0.00908891,-0.76196,0.235423,0.11931,0.00319579,1.27252,0.094571,10.2735
1770178460047915916,0.64744,-0.00088635,0.00861868,-0.762067,0.18216,0.140615,-0.0287621,0.565032,0.580594,9.07163
1770178460067998285,0.647331,0.00214857,0.00772311,-0.762167,0.275903,0.198139,-0.0117179,-0.398635,0.614113,9.85094
1770178460088083182,0.647206,0.00620231,0.00615935,-0.762266,0.361125,0.164051,-0.0234358,-1.53827,0.543484,9.84615
1770178460108157583,0.647039,0.0098321,0.00456149,-0.76238,0.253533,0.096939,-0.00852211,-1.99437,0.476446,9.51336
1770178460128229904,0.647016,0.0105306,0.00432938,-0.762392,-0.0958738,-0.105461,-0.00319579,-1.92494,0.870292,8.19655
1770178460148307025,0.647057,0.00944813,0.00457607,-0.762369,-0.092678,-0.106526,0.00106526,-1.4437,0.174777,10.3992
1770178460168382770,0.647018,0.00815181,0.00439177,-0.762418,-0.138484,-0.173638,-0.00852211,-0.508768,0.44173,9.52174
1770178460188460211,0.647045,0.00561094,0.00486069,-0.762416,-0.270577,-0.168312,-0.00745685,0.342371,0.355539,9.33499
1770178460208538196,0.647059,0.00260647,0.00583523,-0.762413,-0.297209,-0.132093,-0.00106526,1.00197,0.214281,9.69532
1770178460228610773,0.647144,-0.000336775,0.00740593,-0.762332,-0.292948,-0.0617853,0,1.30125,0.0167594,9.72644
1770178460248686806,0.647146,-0.00227632,0.00886245,-0.762311,-0.162985,-0.0127832,-0.0106526,1.38744,-0.547075,9.62589
1770178460268762775,0.647129,-0.00261883,0.00957825,-0.762316,-0.0490022,0.0511327,-0.00213053,1.15281,-0.808043,9.38168
1770178460288839512,0.647105,-0.00246899,0.0103254,-0.762327,-0.0181095,0.0607201,-0.00532632,0.543484,-0.997185,9.43196
1770178460308916920,0.647115,-0.00198401,0.0109815,-0.762311,-0.0149137,0.1012,-0.00532632,-0.0814029,-1.21266,9.663
1770178460329002682,0.647105,-0.00147442,0.0116474,-0.762311,-0.00852211,0.0543285,-0.0149137,-0.72664,-1.14682,9.49181
1770178460349076762,0.647079,-0.000926238,0.0120162,-0.762328,0.0415453,0.0415453,-0.00958738,-1.09176,-1.24858,9.28352
1770178460369150875,0.647077,-0.000281374,0.0118014,-0.762333,0.0798948,-0.0127832,-0.00745685,-1.1552,-1.00437,9.40682
1770178460389225692,0.647081,0.000378935,0.0108499,-0.762344,0.134223,-0.0585895,-0.00852211,-0.859518,-0.679953,9.48343
1770178460409310845,0.647092,0.00104199,0.00942429,-0.762353,0.176834,-0.0905475,-0.00106526,-0.274136,-0.131681,9.57441
1770178460429387806,0.647087,0.00194551,0.00773425,-0.762375,0.175769,-0.0458064,-0.0106526,0.464475,0.324414,9.62948
1770178460449464415,0.647025,0.00296564,0.00608873,-0.762438,0.15979,-0.0138484,-0.0170442,0.788889,0.577003,9.57202
1770178460469540160,0.646991,0.00383243,0.00502925,-0.762472,0.0905475,0.0106526,-0.00639159,0.872687,0.755371,9.52413
1770178460489622337,0.646972,0.00443978,0.00451336,-0.762487,0.0138484,0.0170442,-0.0127832,0.797269,0.849942,9.52773
1770178460509699426,0.646965,0.00462667,0.00484126,-0.76249,-0.0884169,0.0639159,-0.0138484,0.488417,0.56982,9.59117
1770178460529774211,0.646935,0.0043701,0.0058263,-0.762511,-0.140615,0.0266316,-0.00106526,-0.0981623,0.214281,9.54927
1770178460549848964,0.646899,0.0038692,0.00706423,-0.762533,-0.171508,0.0181095,-0.00745685,-0.721852,-0.289698,9.52413
1770178460569941573,0.646921,0.00309217,0.0083243,-0.762506,-0.14168,-0.0266316,-0.0149137,-1.04267,-0.464475,9.4954
1770178460590034119,0.646971,0.00204873,0.00936385,-0.762454,-0.140615,-0.0458064,-0.0106526,-1.00078,-0.638055,9.43316
1770178460610109767,0.646982,0.00114744,0.0098473,-0.762441,-0.108657,-0.0862864,-0.00958738,-0.752976,-0.709881,9.44393
1770178460630183496,0.646956,-4.79445e-05,0.010128,-0.76246,-0.0553937,-0.0948085,-0.00213053,-0.0802058,-0.823605,9.52892
1770178460650264777,0.646954,-0.0008639,0.00991234,-0.762464,0.0138484,-0.0852211,-0.00319579,0.395043,-0.626084,9.55167
1770178460670337034,0.646953,-0.00111632,0.00947825,-0.76247,0.0276969,-0.04048,-0.0127832,0.733823,-0.48722,9.53611
1770178460690415083,0.646945,-0.0010733,0.00891824,-0.762484,0.0490022,-0.0308927,-0.00745685,0.920571,-0.275333,9.51695
1770178460710492972,0.646923,-0.00067675,0.00857668,-0.762506,0.0266316,0.02024,-0.00532632,0.920571,-0.266953,9.56603
1770178460730576461,0.646917,-9.12404e-05,0.00853013,-0.762513,0.0308927,0.0607201,-0.0149137,0.47884,-0.311246,9.578
1770178460750654446,0.646911,0.000650645,0.00865694,-0.762516,0.0276969,0.0628506,-0.00319579,0.0311246,-0.251391,9.57681
1770178460770731695,0.646919,0.00145518,0.00871255,-0.762508,0.0447411,0.052198,0.00532632,-0.468066,-0.217872,9.47864
1770178460790808048,0.646889,0.00215424,0.00869774,-0.762531,0.052198,0.0181095,-0.0181095,-0.785298,-0.198719,9.43196
1770178460810886833,0.646869,0.00274701,0.00848838,-0.762549,0.0479369,-0.015979,0.00745685,-0.90022,-0.203507,9.49301
1770178460830962354,0.646844,0.00314406,0.00809836,-0.762573,0.0426106,-0.0532632,-0.00213053,-0.754174,-0.0574608,9.41041
1770178460851039123,0.646866,0.00316905,0.00764025,-0.762559,0.0266316,-0.0585895,-0.00745685,-0.360327,0.114922,9.58758
1770178460871115124,0.646851,0.00281014,0.00727656,-0.762577,-0.036219,-0.0703074,-0.0149137,0.137667,0.195127,9.61392
1770178460891200437,0.646838,0.00217211,0.00710528,-0.762591,-0.0596548,-0.0639159,0.00106526,0.509965,0.0933739,9.5804
1770178460911279030,0.646812,0.00151333,0.00727318,-0.762613,-0.0745685,-0.0351537,-0.00106526,0.628478,-0.0742203,9.55646
1770178460931357591,0.646816,0.000996232,0.00763471,-0.762607,-0.0596548,-0.0149137,-0.00106526,0.61531,-0.166397,9.5397
1770178460951432312,0.646836,0.000652499,0.00821267,-0.762585,-0.0798948,0.0213053,0,0.374693,-0.312443,9.53012
1770178460971514105,0.646808,0.000413037,0.00875204,-0.762602,-0.0308927,0.0149137,-0.0138484,0.124498,-0.533907,9.59716
1770178460991592186,0.646783,0.000368327,0.00924263,-0.762618,-0.0330232,0.0245011,-0.00426106,-0.248997,-0.666785,9.51695
1770178461011669659,0.646762,0.000458348,0.00956476,-0.762632,0.00319579,0.0127832,0.00852211,-0.444124,-0.737414,9.56843
1770178461031747004,0.64677,0.000680697,0.00964805,-0.762624,0.0138484,-0.00745685,-0.00213053,-0.580594,-0.527921,9.42956
1770178461051825405,0.646761,0.000831764,0.0093702,-0.762635,0.0458064,-0.0298274,-0.00213053,-0.433351,-0.448913,9.54449
1770178461071905502,0.646752,0.000937099,0.00891276,-0.762648,0.0298274,-0.0468716,-0.0138484,-0.131681,-0.250194,9.47266
1770178461091986751,0.646709,0.00104908,0.00837766,-0.76269,0.0511327,-0.0468716,-0.0149137,0.137667,-0.228646,9.55167
1770178461112064256,0.646735,0.00122736,0.00797075,-0.762672,0.0287621,-0.00745685,0.00106526,0.323217,-0.0407014,9.53491
1770178461132136769,0.646732,0.00142163,0.00757144,-0.762679,0.0394148,-0.0255663,-0.00319579,0.415394,0.183156,9.44513
1770178461152209985,0.646718,0.00160419,0.00738845,-0.762691,-0.00745685,0,-0.0255663,0.439336,0.110133,9.54568
1770178461172283586,0.646689,0.00175058,0.00747374,-0.762716,-0.0213053,0.0127832,-0.00958738,0.143652,-0.0395043,9.48583
1770178461192356835,0.646683,0.00182158,0.00783494,-0.762716,-0.0447411,0.015979,-0.00639159,-0.184354,-0.197522,9.47026
1770178461212429284,0.6467,0.00185424,0.00818022,-0.762698,-0.0266316,-0.00106526,0.00213053,-0.398635,-0.259771,9.56124
1770178461232510053,0.646663,0.00177237,0.00847221,-0.762726,-0.0426106,-0.0330232,-0.00426106,-0.463278,-0.272939,9.48942
1770178461252586534,0.646663,0.00162297,0.00857608,-0.762726,-0.0170442,-0.0149137,-0.00426106,-0.374693,-0.486023,9.46787
1770178461272661255,0.646641,0.00136167,0.008604,-0.762745,-0.0234358,-0.0255663,0.00426106,-0.226252,-0.549469,9.40562
1770178461292740424,0.646654,0.00110313,0.0085396,-0.762735,-0.00852211,-0.02024,-0.00852211,0.0670376,-0.351948,9.4966
1770178461312818473,0.646665,0.000876256,0.0084318,-0.762727,0.00106526,-0.036219,0,0.288501,-0.238223,9.5385
1770178461332896778,0.646648,0.000746606,0.00824121,-0.762744,-0.00106526,-0.015979,-0.00213053,0.381875,-0.233435,9.55526
1770178461352975627,0.646623,0.000725435,0.00813303,-0.762766,-0.00213053,-0.00745685,-0.0191748,0.379481,-0.131681,9.56603
1770178461373056684,0.646628,0.000908802,0.00811662,-0.762762,0.0127832,0.0149137,0.00745685,0.222661,-0.300472,9.54209
1770178461393133357,0.646616,0.00113739,0.00821776,-0.762771,-0.00532632,0.0308927,-0.00213053,0.0502782,-0.262165,9.52413
1770178461413206414,0.646606,0.00137298,0.0083182,-0.762778,0,0.015979,-0.00958738,-0.168791,-0.110133,9.45231
1770178461433279854,0.646584,0.0015324,0.00845508,-0.762794,-0.00852211,0.0298274,-0.0117179,-0.288501,-0.283713,9.54568
1770178461453356783,0.646562,0.00164345,0.00845433,-0.762813,-0.00426106,-0.0149137,-0.00532632,-0.384269,-0.345962,9.5804
1770178461473432080,0.646578,0.00165728,0.00841639,-0.7628,-0.0106526,-0.02024,-0.00319579,-0.342371,-0.258574,9.54808
1770178461493504785,0.646587,0.0015873,0.00829014,-0.762794,0,-0.0372843,-0.00745685,-0.0969652,-0.141258,9.52533
1770178461513585490,0.646572,0.00140545,0.00820897,-0.762808,-0.0245011,-0.0490022,-0.00319579,0.114922,-0.0502782,9.5397
1770178461533659699,0.64655,0.00117974,0.00813508,-0.762828,-0.0138484,-0.0266316,0.00213053,0.252588,-0.203507,9.54209
1770178461553734228,0.64653,0.000975305,0.0080786,-0.762845,-0.0351537,0.00319579,-0.00213053,0.280122,-0.205901,9.55167
1770178461573813397,0.646539,0.000911315,0.00806699,-0.762838,-0.00106526,-0.00213053,0.00106526,0.195127,-0.223858,9.52653
1770178461593891158,0.646531,0.000903391,0.00821325,-0.762843,-0.0372843,0.00319579,-0.0138484,0.148441,-0.229843,9.414
1770178461613967927,0.646506,0.000950447,0.00839599,-0.762862,-0.0106526,-0.00106526,-0.0106526,-0.0143652,-0.275333,9.52174
1770178461634046744,0.646481,0.00101494,0.00852822,-0.762882,-0.00532632,-0.00213053,-0.0117179,-0.189142,-0.454898,9.48702
1770178461654120857,0.646484,0.001108,0.00852682,-0.762879,0.0181095,-0.00958738,-0.00639159,-0.248997,-0.365116,9.47625
1770178461674196122,0.646477,0.00122786,0.00847667,-0.762886,-0.00745685,-0.00532632,-0.00532632,-0.233435,-0.307655,9.56364
1770178461694272411,0.646476,0.00131192,0.00834945,-0.762888,0.015979,-0.00639159,0.00213053,-0.12809,-0.244209,9.44034
1770178461714344699,0.646451,0.00129768,0.00821986,-0.76291,0.00319579,-0.0276969,-0.0181095,0.00837971,-0.243011,9.51456
1770178461734420988,0.646462,0.00125328,0.00805637,-0.762902,0.00958738,-0.0468716,-0.00745685,-0.00837971,-0.11133,9.41999
1770178461754504701,0.646449,0.00121344,0.00791761,-0.762915,-0.0117179,-0.0245011,0.00213053,0.147243,0.0574608,9.48702
1770178461774584702,0.646445,0.0011721,0.00785678,-0.762919,-0.00532632,-0.0319579,-0.00745685,0.15682,0.0670376,9.61033
1770178461794659775,0.646423,0.00116217,0.00796542,-0.762937,-0.0383495,0.00852211,-0.00319579,0.125696,-0.159214,9.49301
1770178461814734880,0.646397,0.00114728,0.00813887,-0.762957,-0.0234358,0.0223706,-0.00426106,-0.0251391,-0.214281,9.57082
1770178461834812417,0.646401,0.00114104,0.00827974,-0.762952,-0.015979,-0.00639159,-0.00426106,-0.132878,-0.278924,9.54329
1770178461854886530,0.646394,0.00109516,0.00831019,-0.762958,-0.00852211,-0.00852211,-0.0170442,-0.219069,-0.277727,9.51336
1770178461874961027,0.646384,0.00104072,0.00837348,-0.762965,-0.0213053,-0.00319579,-0.00745685,-0.0909797,-0.350751,9.4559
1770178461895040452,0.64636,0.000978956,0.00838025,-0.762986,0.00745685,-0.0351537,-0.00319579,-0.124498,-0.383072,9.50977
1770178461915117221,0.646325,0.000953905,0.00837428,-0.763016,-0.00532632,-0.00639159,-0.0106526,-0.0502782,-0.331597,9.49301
1770178461935192710,0.646344,0.000965029,0.00826012,-0.763,0.0117179,-0.0223706,0.00745685,0.0167594,-0.235829,9.52533
1770178461955270631,0.646329,0.000972789,0.00812251,-0.763015,-0.00958738,-0.0234358,-0.0149137,0.161609,-0.11133,9.55526
1770178461975344808,0.646307,0.000968024,0.00802318,-0.763035,-0.0117179,0.00106526,-0.0106526,0.0885855,-0.11971,9.56603
1770178461995418665,0.646296,0.00101224,0.00807279,-0.763043,-0.0149137,0.00958738,-0.0138484,0.0897826,-0.172383,9.51695
1770178462015497097,0.646292,0.000959713,0.00805261,-0.763047,0.0777643,-0.148072,-0.00958738,0.228646,0.93733,10.5105
1770178462035575338,0.64613,0.00661054,0.00472159,-0.763184,0.630636,0.150202,-0.0500674,-0.059855,-0.560243,2.91494
1770178462055645419,0.645682,0.00608307,0.00420989,-0.76357,-0.330232,-0.170442,-0.0330232,0.952892,0.0814029,9.67976
1770178462075720044,0.645998,0.00160188,0.00738768,-0.763302,-0.60507,-0.052198,0.076699,0.739808,0.302867,14.1126
1770178462095801869,0.64665,-0.000241015,0.00915907,-0.762732,0.015979,0.0585895,0.04048,0.266953,0.238223,10.8218
1770178462115883406,0.646611,0.000211943,0.00938731,-0.762762,-0.117179,0.0181095,-0.0415453,-0.36751,0.742203,9.08839
1770178462135959759,0.646365,-6.22009e-05,0.00998781,-0.762963,-0.0458064,-0.00532632,-0.00532632,-0.670376,-0.709881,9.12789
1770178462156039408,0.64642,0.000134394,0.00990878,-0.762917,0.0223706,-0.0458064,-0.00319579,-0.715866,-0.560243,9.70969
1770178462176120625,0.646197,0.000115362,0.00956528,-0.763111,-0.00958738,-0.036219,-0.0500674,-0.390255,-0.474052,9.03332
1770178462196195698,0.646076,-4.80796e-05,0.00902014,-0.76322,0.036219,-0.0671116,-0.00106526,0.0442927,-0.466869,8.91002
1770178462216277235,0.646119,0.00034495,0.00807058,-0.763194,0.111853,-0.036219,-0.00639159,0.556652,-0.42138,9.50378
1770178462236355092,0.646157,0.000797996,0.00722319,-0.76317,-0.00426106,-0.015979,0,1.11091,-0.129287,9.30746
1770178462256437845,0.64616,0.000955505,0.00700994,-0.763169,-0.00106526,0.00958738,-0.00639159,0.86311,-0.0837971,9.70011
1770178462276515734,0.646173,0.000877155,0.0074222,-0.763154,-0.056459,0.0340885,-0.00852211,0.410606,-0.325611,9.50139
1770178462296590007,0.646168,0.000615511,0.00823955,-0.76315,-0.0990696,0.0426106,-0.00639159,-0.132878,-0.262165,9.41161
1770178462316672056,0.646161,0.000636993,0.00889359,-0.763149,-0.0127832,0.0436758,0.00213053,-0.571017,-0.29329,9.44632
1770178462336745401,0.646167,0.00122353,0.0088913,-0.763143,0.0436758,0.00426106,-0.0138484,-0.805649,-0.209493,9.39844
1770178462356822554,0.6461,0.00174479,0.00860032,-0.763202,0.0649811,0.00213053,-0.0170442,-0.769736,-0.204704,9.46667
1770178462376899035,0.646124,0.00228848,0.00785462,-0.763189,0.0852211,-0.0553937,-0.00426106,-0.537498,0.152032,9.59716
1770178462396975964,0.646112,0.00244767,0.0071908,-0.763205,0.036219,-0.0458064,-0.0117179,-0.124498,0.184354,9.53132
1770178462417063677,0.646066,0.00240251,0.0067773,-0.763247,0.00426106,-0.0245011,-0.0127832,0.365116,0.144849,9.57202
1770178462437141982,0.646054,0.00206724,0.0066771,-0.763259,-0.0447411,-0.0298274,-0.00745685,0.573411,0.023942,9.51815
1770178462457217855,0.646022,0.00141959,0.0069353,-0.763286,-0.102265,-0.0234358,-0.0127832,0.44173,-0.0347159,9.47745
1770178462477291456,0.64603,0.000665544,0.00758395,-0.763274,-0.0990696,-0.00639159,0.0117179,0.33878,-0.2478,9.56244
1770178462497374401,0.646025,0.000146952,0.00830035,-0.763271,-0.100135,0.0127832,-0.0138484,0.153229,-0.350751,9.62349
1770178462517450658,0.646007,-7.05896e-05,0.0089634,-0.763278,-0.0575243,0.0287621,-0.00745685,-0.132878,-0.617704,9.48343
1770178462537528099,0.645981,1.23395e-05,0.00925953,-0.763297,0.00319579,0.00745685,-0.00319579,-0.351948,-0.727837,9.49301
1770178462557604548,0.646005,0.000288649,0.00925204,-0.763277,0.0276969,-0.0138484,-0.00639159,-0.465672,-0.5782,9.47386
1770178462577687109,0.645988,0.000536131,0.00898263,-0.763295,0.0308927,-0.0213053,-0.0138484,-0.324414,-0.483629,9.50019
1770178462597765030,0.645954,0.000721806,0.0086463,-0.763327,0.04048,-0.0223706,-0.0170442,-0.113725,-0.356736,9.50019
1770178462617842823,0.645926,0.000786895,0.00825259,-0.763355,0.0223706,-0.036219,0.00319579,0.116119,-0.21069,9.52054
1770178462637916295,0.645916,0.00084155,0.00789533,-0.763367,0.0255663,-0.0149137,-0.00639159,0.197522,-0.0131681,9.54089
1770178462658000137,0.645919,0.000978286,0.00754155,-0.763368,0.02024,-0.00852211,-0.00532632,0.304064,0.0921768,9.62349
1770178462678076937,0.645912,0.00116777,0.00734955,-0.763375,0.00639159,-0.00319579,-0.00745685,0.270545,0.152032,9.54568
1770178462698155338,0.645886,0.00136982,0.00735666,-0.763397,-0.00639159,0.0170442,-0.015979,0.140061,0.0861913,9.5385
1770178462718231531,0.645867,0.00151226,0.00759953,-0.763411,-0.0266316,0.0138484,-0.00852211,-0.120907,-0.207098,9.55047
1770178462738307916,0.645873,0.00151841,0.00784296,-0.763403,-0.0394148,-0.0106526,-0.00852211,-0.266953,-0.207098,9.50378
1770178462758381933,0.645868,0.00139339,0.00807142,-0.763405,-0.036219,-0.0191748,-0.00319579,-0.42138,-0.289698,9.45829
1770178462778456750,0.645857,0.0012487,0.00819321,-0.763414,-0.0223706,-0.0223706,-0.0106526,-0.304064,-0.393846,9.47026
1770178462798532527,0.645806,0.00106842,0.00824863,-0.763456,-0.0213053,-0.0234358,-0.0191748,-0.11971,-0.453701,9.42358
1770178462818608432,0.645807,0.000853383,0.00817797,-0.763456,-0.00319579,-0.0490022,-0.00106526,0.00837971,-0.3304,9.51575
1770178462838686833,0.645808,0.000661741,0.0080418,-0.763457,-0.0149137,-0.0276969,0.00319579,0.1652,-0.286107,9.54089
1770178462858763506,0.645812,0.000563128,0.00787264,-0.763456,-0.00852211,-0.0170442,-0.00639159,0.302867,-0.171185,9.62708
1770178462878841619,0.645804,0.000592056,0.00781185,-0.763463,0,0.00106526,0.00532632,0.306458,-0.195127,9.45829
1770178462898923924,0.645814,0.000754681,0.00784105,-0.763454,0.00745685,0.0245011,-0.00319579,0.21069,-0.299275,9.51216
1770178462919004565,0.645806,0.000993873,0.00791744,-0.763459,-0.00852211,0.0170442,-0.00532632,-0.059855,-0.137667,9.48343
1770178462939078774,0.645806,0.0012508,0.00796056,-0.763459,-0.00319579,0.0149137,-0.00852211,-0.189142,-0.159214,9.54568
1770178462959155127,0.645779,0.00137979,0.00799025,-0.763481,-0.00213053,-0.00319579,-0.0255663,-0.289698,-0.216675,9.43555
1770178462979228856,0.64577,0.00145041,0.00799688,-0.763489,0.00213053,-0.0351537,-0.00319579,-0.306458,-0.311246,9.53611
1770178462999303992,0.645754,0.0014561,0.00800418,-0.763502,-0.00426106,-0.0287621,-0.00426106,-0.307655,-0.329203,9.44752
1770178463019379961,0.645765,0.00139538,0.0079329,-0.763494,0.00106526,-0.0308927,0.00319579,-0.196325,-0.12809,9.578
1770178463039453626,0.645724,0.0011958,0.00778342,-0.76353,-0.02024,-0.0351537,-0.0213053,0.0526724,-0.11971,9.42837
1770178463059536699,0.645713,0.000975066,0.00774035,-0.76354,-0.0276969,-0.00958738,-0.0181095,0.245406,-0.129287,9.52533
1770178463079609404,0.645678,0.000796028,0.0077594,-0.76357,-0.0223706,-0.0170442,-0.00319579,0.243011,-0.183156,9.54568
1770178463099682365,0.64569,0.000772207,0.00785999,-0.763559,-0.0149137,0.0117179,-0.00639159,0.197522,-0.233435,9.54209
1770178463119760446,0.645693,0.000811124,0.00797862,-0.763555,-0.0106526,0,-0.00852211,0.0754174,-0.270545,9.52892
1770178463139833919,0.645683,0.000862938,0.00806897,-0.763562,0,-0.0106526,-0.00745685,0.0287304,-0.294487,9.44872
1770178463159908096,0.645651,0.000891185,0.00810627,-0.763589,0.00426106,0,-0.0149137,-0.106542,-0.48722,9.51695
1770178463179980673,0.645654,0.000991542,0.00811378,-0.763587,-0.00213053,0.00426106,0,-0.232238,-0.416591,9.48583
1770178463200060354,0.645631,0.00113502,0.00801519,-0.763607,0.0106526,0.00532632,-0.00532632,-0.264559,-0.305261,9.53611
1770178463220144387,0.645623,0.00119725,0.00789737,-0.763615,0.0149137,-0.0458064,-0.00958738,-0.0921768,-0.122104,9.57441
1770178463240222628,0.645568,0.00117237,0.00772906,-0.763663,0.0213053,-0.0287621,-0.00639159,-0.00837971,-0.101754,9.57441
1770178463260301093,0.645557,0.00110486,0.00759307,-0.763673,-0.00639159,-0.0181095,-0.0127832,0.0646434,-0.0610521,9.55765
1770178463280380486,0.64553,0.00108749,0.00753929,-0.763697,-0.0106526,-0.00958738,-0.00852211,0.094571,-0.0634463,9.49181
1770178463300458343,0.645532,0.00112447,0.00757292,-0.763695,-0.00213053,-0.0138484,-0.00106526,0.0778116,-0.0287304,9.58279
1770178463320538472,0.645504,0.0010777,0.0076879,-0.763717,-0.0330232,-0.00532632,0.00639159,0.0395043,-0.161609,9.54089
1770178463340616905,0.645491,0.00100059,0.00783977,-0.763727,-0.0287621,-0.0127832,-0.00213053,-0.0742203,-0.336385,9.48583
1770178463360694410,0.645458,0.000944078,0.00796396,-0.763753,-0.0223706,-0.00745685,-0.00745685,-0.152032,-0.424971,9.55406
1770178463380770506,0.645452,0.00095742,0.00801171,-0.763758,-0.0106526,-0.00745685,-0.00745685,-0.160412,-0.331597,9.6211
1770178463400847755,0.645433,0.00093199,0.00801387,-0.763774,-0.00426106,-0.00852211,-0.00958738,-0.120907,-0.306458,9.52413
1770178463420925004,0.645417,0.000883801,0.00800226,-0.763788,-0.015979,-0.0266316,-0.00852211,-0.0526724,-0.235829,9.61751
1770178463441003725,0.645383,0.000784902,0.00792173,-0.763818,-0.0117179,-0.02024,-0.00319579,0.035913,-0.262165,9.55167
1770178463461082222,0.645408,0.000811558,0.00781335,-0.763797,-0.00852211,-0.00639159,-0.00213053,0.0454898,-0.25618,9.56244
1770178463481164079,0.645406,0.000890502,0.00769078,-0.763801,0.015979,-0.00958738,-0.00426106,0.11133,-0.159214,9.53611
1770178463501244336,0.645409,0.000998102,0.00770036,-0.763798,-0.00745685,-0.00106526,-0.0106526,0.108936,-0.195127,9.41759
1770178463521324401,0.645365,0.00102891,0.00772109,-0.763835,-0.015979,-0.00532632,0.00213053,0.0957681,-0.268151,9.57681
1770178463541397970,0.645372,0.00106113,0.00776371,-0.763828,-0.00213053,-0.0106526,-0.00319579,-0.0826,-0.21069,9.56244
1770178463561475379,0.645365,0.001133,0.00779034,-0.763833,-0.0117179,-0.00319579,-0.00852211,-0.183156,-0.250194,9.51695
1770178463581550996,0.645354,0.00115944,0.00781329,-0.763843,0.00532632,-0.0383495,-0.00958738,-0.179565,-0.106542,9.46308
1770178463601629045,0.645305,0.00109049,0.00788432,-0.763884,-0.0245011,-0.0223706,-0.0191748,-0.0957681,-0.179565,9.56603
1770178463621705430,0.645305,0.000974483,0.00790187,-0.763884,-0.0117179,-0.0351537,-0.0106526,-0.0861913,-0.27653,9.52413
1770178463641784663,0.645285,0.000879648,0.00782256,-0.763901,-0.00106526,-0.02024,-0.00213053,-0.0167594,-0.342371,9.52413
1770178463661870648,0.645299,0.000833097,0.00775015,-0.76389,0.00106526,-0.0234358,-0.00319579,0.0766145,-0.233435,9.49301
1770178463681951452,0.645257,0.000792028,0.00771931,-0.763926,0.00319579,-0.0170442,-0.00852211,0.154426,-0.237026,9.39724
1770178463702025653,0.645271,0.000778947,0.00780497,-0.763913,-0.00745685,-0.0181095,-0.00639159,0.129287,-0.337582,9.50259
1770178463722095885,0.64525,0.000802151,0.00785396,-0.76393,-0.015979,0.00532632,-0.00106526,-0.023942,-0.305261,9.47266
1770178463742172710,0.645262,0.000890401,0.007833,-0.763921,0.00958738,-0.0127832,0.00106526,-0.116119,-0.312443,9.47146
1770178463762246687,0.645234,0.000985081,0.00780375,-0.763945,-0.00213053,-0.0170442,-0.0223706,-0.0754174,-0.199916,9.54089
1770178463782332952,0.645242,0.00104168,0.00785189,-0.763937,-0.0117179,0.0106526,-0.00639159,-0.102951,-0.17358,9.59955
1770178463802412593,0.645223,0.00106395,0.00788618,-0.763953,-0.0117179,0.00426106,-0.0191748,-0.12809,-0.184354,9.52533
1770178463822491434,0.645236,0.001088,0.00785674,-0.763942,-0.00639159,0.00745685,-0.00319579,-0.106542,-0.225055,9.53491
1770178463842570819,0.645222,0.00108715,0.00777228,-0.763955,-0.00213053,-0.0191748,-0.0117179,-0.0466869,-0.154426,9.53012
1770178463862643291,0.64524,0.00105335,0.00770977,-0.763941,-0.00745685,-0.0213053,-0.0138484,0.0634463,-0.189142,9.4571
1770178463882714548,0.645205,0.000942167,0.0077361,-0.763969,-0.0117179,0.00106526,-0.00958738,0.112527,-0.288501,9.48942
