1770256949513218381,43,45,51,43,0,0,0,0
1770256949513340943,43,45,51,43,0,0,0,0
1770256949514096992,43,45,51,43,0,0,0,0
1770256949516119628,43,45,50,43,0,0,0,0
1770256949518360349,43,45,50,43,0,0,0,0
1770256949520502859,43,45,50,43,0,0,0,0
1770256949522356052,43,45,50,43,0,0,0,0
1770256949524218012,43,45,50,43,0,0,0,0
1770256949526174791,43,45,50,43,0,0,0,0
1770256949528160946,43,45,51,43,0,0,0,0
1770256949530526598,43,45,51,43,0,0,0,0
1770256949532284812,43,45,51,43,0,0,0,0
1770256949534469788,43,45,50,43,0,0,0,0
1770256949536301572,43,45,50,43,0,0,0,0
1770256949538652951,43,45,50,42,0,0,0,0
1770256949540071126,43,45,50,42,0,0,0,0
1770256949541803612,43,45,50,42,0,0,0,0
1770256949543876009,43,45,50,43,0,0,0,0
1770256949545806259,43,45,50,43,0,0,0,0
1770256949547869568,43,45,50,43,0,0,0,0
1770256949549834955,43,45,50,43,0,0,0,0
1770256949552226943,43,45,50,42,0,0,0,0
1770256949554220266,43,45,50,42,0,0,0,0
1770256949556051666,43,45,50,43,0,0,0,0
1770256949558253250,43,45,50,43,0,0,0,0
1770256949560147212,43,45,50,43,0,0,0,0
1770256949562208152,43,45,50,42,0,0,0,0
1770256949564294662,43,45,50,42,0,0,0,0
1770256949566233072,43,45,50,42,0,0,0,0
1770256949568220251,43,45,50,43,0,0,0,0
1770256949570057668,43,45,50,43,0,0,0,0
1770256949571903628,43,45,50,43,0,0,0,0
1770256949573990617,43,45,50,43,0,0,0,0
1770256949576001381,43,45,51,43,0,0,0,0
1770256949577916751,43,45,51,43,0,0,0,0
1770256949580095038,43,45,51,43,0,0,0,0
1770256949582533843,43,45,51,43,0,0,0,0
1770256949584336219,43,45,51,43,0,0,0,0
1770256949586166851,43,45,51,43,0,0,0,0
1770256949588329938,43,45,51,43,0,0,0,0
1770256949591818046,43,45,51,43,0,0,0,0
1770256949592411307,43,45,51,43,0,0,0,0
1770256949594205074,43,45,51,43,0,0,0,0
1770256949596057818,43,45,51,43,0,0,0,0
1770256949598194537,43,45,51,43,0,0,0,0
1770256949600041137,43,45,50,43,0,0,0,0
1770256949602146911,43,45,50,43,0,0,0,0
1770256949604226092,43,45,50,43,0,0,0,0
1770256949606277145,43,45,51,43,0,0,0,0
1770256949608347878,43,45,51,43,0,0,0,0
1770256949610422675,43,45,51,43,0,0,0,0
1770256949611961493,43,45,51,43,0,0,0,0
1770256949613876415,43,45,50,43,0,0,0,0
1770256949615965548,43,45,50,43,0,0,0,0
1770256949617881654,43,45,50,43,0,0,0,0
1770256949620093606,43,45,51,43,0,0,0,0
1770256949622375320,43,45,51,43,0,0,0,0
1770256949624202784,43,45,51,43,0,0,0,0
1770256949626194155,43,45,51,43,0,0,0,0
1770256949628256728,43,45,51,43,0,0,0,0
1770256949630277732,43,45,51,43,0,0,0,0
1770256949632206734,43,45,51,43,0,0,0,0
1770256949634437407,43,45,51,43,0,0,0,0
1770256949636525900,43,45,51,43,0,0,0,0
1770256949638492375,43,45,51,43,0,0,0,0
1770256949640499523,43,45,51,43,0,0,0,0
1770256949642186088,43,45,50,43,0,0,0,0
1770256949644042800,43,45,50,43,0,0,0,0
1770256949646054460,43,45,50,43,0,0,0,0
1770256949648273932,43,45,50,43,0,0,0,0
1770256949650278104,43,45,50,43,0,0,0,0
1770256949652589834,43,45,50,43,0,0,0,0
1770256949654422098,43,45,51,43,0,0,0,0
1770256949656430910,43,45,51,43,0,0,0,0
1770256949658377801,43,45,51,42,0,0,0,0
1770256949660538136,43,45,51,42,0,0,0,0
1770256949662174235,43,45,50,42,0,0,0,0
1770256949664282281,43,45,50,43,0,0,0,0
1770256949666255380,43,45,50,43,0,0,0,0
1770256949668371522,43,45,51,43,0,0,0,0
1770256949670000870,43,45,51,43,0,0,0,0
1770256949672515165,43,45,50,43,0,0,0,0
1770256949674635147,43,45,50,43,0,0,0,0
1770256949676644919,43,45,50,43,0,0,0,0
1770256949678432798,43,45,50,43,0,0,0,0
1770256949680524171,43,45,50,43,0,0,0,0
1770256949682483574,43,45,50,43,0,0,0,0
1770256949684528707,43,45,50,43,0,0,0,0
1770256949686582927,43,45,50,43,0,0,0,0
1770256949688282164,43,45,50,43,0,0,0,0
1770256949690157405,43,45,50,43,0,0,0,0
1770256949692173961,43,45,50,43,0,0,0,0
1770256949694331960,43,45,50,43,0,0,0,0
1770256949696257346,43,45,50,43,0,0,0,0
1770256949697863077,43,45,50,43,0,0,0,0
1770256949700180792,43,45,50,43,0,0,0,0
1770256949702362439,43,45,50,43,0,0,0,0
1770256949704465397,43,45,50,43,0,0,0,0
1770256949706546690,43,45,50,43,0,0,0,0
1770256949708606607,43,45,50,43,0,0,0,0
1770256949710295348,43,45,50,43,0,0,0,0
1770256949712090971,43,45,50,43,0,0,0,0
1770256949714263563,43,45,50,43,0,0,0,0
1770256949716281399,43,45,50,43,0,0,0,0
1770256949718249666,43,45,50,43,0,0,0,0
1770256949720356911,43,45,50,43,0,0,0,0
1770256949722319674,43,45,50,43,0,0,0,0
1770256949724393415,43,45,50,43,0,0,0,0
1770256949726445396,43,45,51,43,0,0,0,0
1770256949728163450,43,45,51,43,0,0,0,0
1770256949730322921,43,45,51,43,0,0,0,0
1770256949732114384,43,45,51,43,0,0,0,0
1770256949733987289,43,45,51,43,0,0,0,0
1770256949736085574,43,45,51,43,0,0,0,0
1770256949738631902,43,45,50,43,0,0,0,0
1770256949740544424,43,45,50,43,0,0,0,0
1770256949742329966,43,45,50,43,0,0,0,0
1770256949744526654,43,45,50,43,0,0,0,0
1770256949746434696,43,45,50,43,0,0,0,0
1770256949748099148,43,45,50,43,0,0,0,0
1770256949750308796,43,45,50,43,0,0,0,0
1770256949752352105,43,45,50,43,0,0,0,0
1770256949754253618,43,45,50,43,0,0,0,0
1770256949756190781,43,45,51,43,0,0,0,0
1770256949758319435,43,45,51,43,0,0,0,0
1770256949760405336,43,45,51,43,0,0,0,0
1770256949762553767,43,45,50,43,0,0,0,0
1770256949764617460,43,45,50,43,0,0,0,0
1770256949766343706,43,45,50,43,0,0,0,0
1770256949768844688,43,45,51,43,0,0,0,0
1770256949770542805,43,45,51,43,0,0,0,0
1770256949772411486,43,45,51,43,0,0,0,0
1770256949774023681,43,45,51,43,0,0,0,0
1770256949776030925,43,45,50,43,0,0,0,0
1770256949778031449,43,45,50,42,0,0,0,0
1770256949780059269,43,45,50,42,0,0,0,0
1770256949782006959,43,45,50,42,0,0,0,0
1770256949784349250,43,45,50,42,0,0,0,0
1770256949786581587,43,45,50,43,0,0,0,0
1770256949788549662,43,45,50,43,0,0,0,0
1770256949790431591,43,45,50,42,0,0,0,0
1770256949792451283,43,45,50,42,0,0,0,0
1770256949794224314,43,45,50,42,0,0,0,0
1770256949796176196,43,45,50,42,0,0,0,0
1770256949798054125,43,45,50,42,0,0,0,0
1770256949800528259,43,45,50,42,0,0,0,0
1770256949802195911,43,45,50,43,0,0,0,0
1770256949804547163,43,45,50,43,0,0,0,0
1770256949806355234,43,45,50,43,0,0,0,0
1770256949808523089,43,45,50,43,0,0,0,0
1770256949810502076,43,45,51,43,0,0,0,0
1770256949812451239,43,45,51,43,0,0,0,0
1770256949814161036,43,45,51,43,0,0,0,0
1770256949816251162,43,45,51,43,0,0,0,0
1770256949818236293,43,45,51,43,0,0,0,0
1770256949820341619,43,45,51,43,0,0,0,0
1770256949822333566,43,45,51,43,0,0,0,0
1770256949824508686,43,45,51,43,0,0,0,0
1770256949826524762,43,45,51,43,0,0,0,0
1770256949828435683,43,45,51,43,0,0,0,0
1770256949830496656,42,45,51,43,0,0,0,0
1770256949832373209,42,45,51,43,0,0,0,0
1770256949834158048,42,45,51,43,0,0,0,0
1770256949836269486,42,45,51,43,0,0,0,0
1770256949838249017,42,45,51,43,0,0,0,0
1770256949840057793,42,45,51,43,0,0,0,0
1770256949842114125,42,45,51,43,0,0,0,0
1770256949844789000,42,45,51,43,0,0,0,0
1770256949846856309,42,45,50,43,0,0,0,0
1770256949850803371,42,45,50,43,0,0,0,0
1770256949853449188,42,45,50,43,0,0,0,0
1770256949854654431,43,45,50,43,0,0,0,0
1770256949855831000,43,45,50,43,0,0,0,0
1770256949858152619,43,45,50,43,0,0,0,0
1770256949860609088,43,45,50,43,0,0,0,0
1770256949862516554,43,45,50,43,0,0,0,0
1770256949864376339,43,45,50,43,0,0,0,0
1770256949866125529,43,45,50,43,0,0,0,0
1770256949868371754,43,45,50,43,0,0,0,0
1770256949870213138,43,45,51,43,0,0,0,0
1770256949872289471,43,45,51,43,0,0,0,0
1770256949874604113,43,45,51,43,0,0,0,0
1770256949876486107,43,45,51,43,0,0,0,0
1770256949878256993,43,45,51,43,0,0,0,0
1770256949880349743,43,45,51,43,0,0,0,0
1770256949882262232,43,45,51,43,0,0,0,0
1770256949884248228,43,45,51,43,0,0,0,0
1770256949886151117,43,45,51,43,0,0,0,0
1770256949888194074,43,45,50,43,0,0,0,0
1770256949890042114,43,45,50,43,0,0,0,0
1770256949892144976,43,45,50,43,0,0,0,0
1770256949894077594,43,45,50,43,0,0,0,0
1770256949896734100,43,45,50,43,0,0,0,0
1770256949898418073,43,45,50,43,0,0,0,0
1770256949900238272,43,45,50,43,0,0,0,0
1770256949902442736,43,45,50,43,0,0,0,0
1770256949904244504,43,45,50,43,0,0,0,0
1770256949906202146,43,45,50,43,0,0,0,0
1770256949908033930,43,45,50,43,0,0,0,0
1770256949910312668,43,45,50,43,0,0,0,0
1770256949912083810,43,45,50,43,0,0,0,0
1770256949914086158,43,45,50,43,0,0,0,0
1770256949916317695,43,45,50,43,0,0,0,0
1770256949918478702,43,45,50,43,0,0,0,0
1770256949920458329,43,45,50,43,0,0,0,0
1770256949922470693,43,45,50,43,0,0,0,0
1770256949924447568,43,45,50,43,0,0,0,0
1770256949926606015,43,45,50,43,0,0,0,0
1770256949928707053,43,45,50,43,0,0,0,0
1770256949930586806,43,45,50,43,0,0,0,0
1770256949932618274,43,45,50,43,0,0,0,0
1770256949934459914,43,45,50,43,0,0,0,0
1770256949936237393,43,45,50,43,0,0,0,0
1770256949938155515,43,45,50,43,0,0,0,0
1770256949940248072,43,45,50,43,0,0,0,0
1770256949942218387,43,45,50,43,0,0,0,0
1770256949944357346,43,45,50,43,0,0,0,0
1770256949946556370,43,45,50,42,0,0,0,0
1770256949948515740,43,45,51,42,0,0,0,0
1770256949950652555,43,45,51,42,0,0,0,0
1770256949952313551,43,45,51,42,0,0,0,0
1770256949954263450,43,45,50,42,0,0,0,0
1770256949956232709,43,45,50,42,0,0,0,0
1770256949958526839,43,45,50,42,0,0,0,0
1770256949960319934,43,45,50,42,0,0,0,0
1770256949962531374,43,45,50,42,0,0,0,0
1770256949964660124,43,45,50,43,0,0,0,0
1770256949966326337,43,45,50,43,0,0,0,0
1770256949968040390,43,45,50,43,0,0,0,0
1770256949970056722,43,45,50,43,0,0,0,0
1770256949971968668,43,45,50,43,0,0,0,0
1770256949974150827,43,45,50,43,0,0,0,0
1770256949976055317,43,45,50,43,0,0,0,0
1770256949978388488,43,45,50,43,0,0,0,0
1770256949980239088,43,45,50,43,0,0,0,0
1770256949982323613,43,45,50,43,0,0,0,0
1770256949984361130,43,45,51,43,0,0,0,0
1770256949986316116,43,45,51,43,0,0,0,0
1770256949988035738,43,45,51,43,0,0,0,0
1770256949990005413,43,45,51,43,0,0,0,0
1770256949992349784,43,45,51,43,0,0,0,0
1770256949994360516,43,45,51,43,0,0,0,0
1770256949996543507,43,45,51,43,0,0,0,0
1770256949998398908,43,45,51,43,0,0,0,0
1770256950000346118,43,45,51,43,0,0,0,0
1770256950002141613,43,45,50,43,0,0,0,0
1770256950004475008,43,45,50,43,0,0,0,0
1770256950006109380,43,45,50,43,0,0,0,0
1770256950007891499,43,45,50,43,0,0,0,0
1770256950010489955,43,45,50,43,0,0,0,0
1770256950012306955,43,45,50,42,0,0,0,0
1770256950014480538,43,45,51,42,0,0,0,0
1770256950016615817,43,45,51,42,0,0,0,0
1770256950018144778,43,45,51,43,0,0,0,0
1770256950020189207,43,45,51,43,0,0,0,0
1770256950022290532,43,45,51,43,0,0,0,0
1770256950024544182,43,45,51,43,0,0,0,0
1770256950026512609,43,45,51,43,0,0,0,0
1770256950028415850,43,45,51,43,0,0,0,0
1770256950030494615,43,45,51,43,0,0,0,0
1770256950032784713,43,45,51,43,0,0,0,0
1770256950034242313,43,45,51,43,0,0,0,0
1770256950036426937,43,45,51,43,0,0,0,0
1770256950038720395,43,45,50,43,0,0,0,0
1770256950040339566,43,45,50,43,0,0,0,0
1770256950042267704,43,45,50,43,0,0,0,0
1770256950044259555,43,45,50,43,0,0,0,0
1770256950046199086,43,45,50,43,0,0,0,0
1770256950048194649,43,45,50,42,0,0,0,0
1770256950050270406,43,45,50,42,0,0,0,0
1770256950052321779,43,45,50,42,0,0,0,0
1770256950054173819,43,45,50,43,0,0,0,0
1770256950056264009,43,45,50,43,0,0,0,0
1770256950058344694,43,45,50,43,0,0,0,0
1770256950060508806,43,45,50,43,0,0,0,0
1770256950062317229,43,45,50,43,0,0,0,0
1770256950064203606,43,45,50,43,0,0,0,0
1770256950066153601,43,45,50,43,0,0,0,0
1770256950068049834,43,45,51,43,0,0,0,0
1770256950070328572,43,45,51,43,0,0,0,0
1770256950072086914,43,45,51,43,0,0,0,0
1770256950074493910,43,45,51,43,0,0,0,0
1770256950076528323,43,45,51,43,0,0,0,0
1770256950078577967,43,45,51,43,0,0,0,0
1770256950080228211,43,45,51,43,0,0,0,0
1770256950082485541,43,45,51,43,0,0,0,0
1770256950084325389,43,45,51,43,0,0,0,0
1770256950086140756,43,45,51,43,0,0,0,0
1770256950088442694,43,45,51,43,0,0,0,0
1770256950090219917,43,45,51,43,0,0,0,0
1770256950092376060,43,45,50,43,0,0,0,0
1770256950094474282,43,45,50,43,0,0,0,0
1770256950096531543,43,45,50,43,0,0,0,0
1770256950098472001,43,45,50,43,0,0,0,0
1770256950100133029,43,45,50,43,0,0,0,0
1770256950102124689,43,45,50,43,0,0,0,0
1770256950103599697,43,45,50,43,0,0,0,0
1770256950106234506,43,45,50,43,0,0,0,0
1770256950108107699,43,45,50,42,0,0,0,0
1770256950109995196,43,45,50,42,0,0,0,0
1770256950112114410,43,45,50,42,0,0,0,0
1770256950113987443,43,45,50,42,0,0,0,0
1770256950116270821,43,45,50,42,0,0,0,0
1770256950118250448,43,45,50,42,0,0,0,0
1770256950120284444,43,45,50,43,0,0,0,0
1770256950122252935,43,45,50,43,0,0,0,0
1770256950124107696,43,45,50,43,0,0,0,0
1770256950126142012,43,45,50,43,0,0,0,0
1770256950128054342,43,45,51,43,0,0,0,0
1770256950130364280,43,45,51,43,0,0,0,0
1770256950132644426,43,45,51,43,0,0,0,0
1770256950134536755,43,45,51,43,0,0,0,0
1770256950136619424,43,45,51,43,0,0,0,0
1770256950138784208,43,45,51,43,0,0,0,0
1770256950140085740,43,45,50,43,0,0,0,0
1770256950142143417,43,45,50,43,0,0,0,0
1770256950144281959,43,45,50,43,0,0,0,0
1770256950146210097,43,45,50,43,0,0,0,0
1770256950148041145,43,45,50,43,0,0,0,0
1770256950150300267,43,45,50,43,0,0,0,0
1770256950152006128,43,45,50,43,0,0,0,0
1770256950154121182,43,45,50,43,0,0,0,0
1770256950156088777,43,45,50,43,0,0,0,0
1770256950158194135,43,45,50,43,0,0,0,0
1770256950160176834,44,45,50,43,0,0,0,0
1770256950162370066,44,45,50,43,0,0,0,0
1770256950164485472,44,45,50,43,0,0,0,0
1770256950166466123,43,45,50,43,0,0,0,0
1770256950168490327,43,45,50,43,0,0,0,0
1770256950169691473,43,45,51,43,0,0,0,0
1770256950172001828,43,45,51,43,0,0,0,0
1770256950174224404,43,45,51,43,0,0,0,0
1770256950176214719,43,45,51,43,0,0,0,0
1770256950178128521,43,45,51,43,0,0,0,0
1770256950180229591,43,45,51,43,0,0,0,0
1770256950182280132,43,45,51,43,0,0,0,0
1770256950184025194,43,45,51,43,0,0,0,0
1770256950186096471,43,45,51,43,0,0,0,0
1770256950188050721,43,45,51,43,0,0,0,0
1770256950190347060,43,45,51,43,0,0,0,0
1770256950192394464,43,45,51,43,0,0,0,0
1770256950194528143,43,45,51,43,0,0,0,0
1770256950196526842,42,45,51,43,0,0,0,0
1770256950198547494,42,45,50,43,0,0,0,0
1770256950200359054,43,45,50,43,0,0,0,0
1770256950202335193,43,45,50,43,0,0,0,0
1770256950204107071,43,45,50,42,0,0,0,0
1770256950206044778,43,45,50,42,0,0,0,0
1770256950208225145,43,45,50,42,0,0,0,0
1770256950210257701,43,45,50,43,0,0,0,0
1770256950211593475,43,45,50,43,0,0,0,0
1770256950214122074,43,45,50,43,0,0,0,0
1770256950215952770,43,45,50,43,0,0,0,0
1770256950218025871,43,45,50,43,0,0,0,0
1770256950219956025,43,45,50,43,0,0,0,0
1770256950222444623,43,45,50,43,0,0,0,0
1770256950224426170,43,45,51,43,0,0,0,0
1770256950226637642,43,45,51,43,0,0,0,0
1770256950228612118,43,45,51,43,0,0,0,0
1770256950230448254,43,45,51,43,0,0,0,0
1770256950232230436,43,45,51,43,0,0,0,0
1770256950234262417,43,45,51,43,0,0,0,0
1770256950236204507,43,45,51,43,0,0,0,0
1770256950238091012,43,45,51,43,0,0,0,0
1770256950240235955,43,45,50,43,0,0,0,0
1770256950242601190,43,45,50,43,0,0,0,0
1770256950243805377,43,45,50,43,0,0,0,0
1770256950246505628,43,45,50,43,0,0,0,0
1770256950248327427,43,45,50,43,0,0,0,0
1770256950250657718,43,45,50,43,0,0,0,0
1770256950252166551,43,45,50,43,0,0,0,0
1770256950254165795,43,45,50,43,0,0,0,0
1770256950255977450,43,45,50,43,0,0,0,0
1770256950258299165,43,45,50,43,0,0,0,0
1770256950259987617,43,45,50,43,0,0,0,0
1770256950262480632,43,45,50,43,0,0,0,0
1770256950264416226,43,45,50,43,0,0,0,0
1770256950266569553,43,45,50,43,0,0,0,0
1770256950268833090,43,45,50,43,0,0,0,0
1770256950270393860,43,45,50,43,0,0,0,0
1770256950271650624,43,45,50,43,0,0,0,0
1770256950274333434,43,45,50,43,0,0,0,0
1770256950276133505,43,45,50,43,0,0,0,0
1770256950278058379,43,45,51,43,0,0,0,0
1770256950280345789,43,45,51,43,0,0,0,0
1770256950282351273,43,45,51,43,0,0,0,0
1770256950284309140,43,45,51,43,0,0,0,0
1770256950285781108,43,45,51,43,0,0,0,0
1770256950288637266,43,45,51,43,0,0,0,0
1770256950290420793,43,45,50,43,0,0,0,0
1770256950292071421,43,45,50,43,0,0,0,0
1770256950294226252,43,45,50,43,0,0,0,0
1770256950296266392,43,45,50,43,0,0,0,0
1770256950298201602,42,45,50,43,0,0,0,0
1770256950300177485,42,45,50,43,0,0,0,0
1770256950302556865,42,45,50,43,0,0,0,0
1770256950304307367,43,45,50,43,0,0,0,0
1770256950306128143,43,45,50,43,0,0,0,0
1770256950308125659,43,45,50,43,0,0,0,0
1770256950310405004,43,45,50,43,0,0,0,0
1770256950312117298,43,45,50,43,0,0,0,0
1770256950314409316,43,45,50,43,0,0,0,0
1770256950316455504,43,45,50,43,0,0,0,0
1770256950318627232,43,45,50,43,0,0,0,0
1770256950320663468,43,45,50,43,0,0,0,0
1770256950322541621,43,45,50,43,0,0,0,0
1770256950324222777,43,45,51,43,0,0,0,0
1770256950326088546,43,45,51,43,0,0,0,0
1770256950328144079,43,45,51,43,0,0,0,0
1770256950330207804,43,45,51,43,0,0,0,0
1770256950332253289,43,45,50,43,0,0,0,0
1770256950334380791,43,45,50,43,0,0,0,0
1770256950336783627,43,45,50,43,0,0,0,0
1770256950338277676,43,45,50,43,0,0,0,0
1770256950340395322,43,45,50,43,0,0,0,0
1770256950342554953,43,45,50,43,0,0,0,0
1770256950344371473,43,45,50,43,0,0,0,0
1770256950346275258,43,45,50,43,0,0,0,0
1770256950348246949,43,45,50,43,0,0,0,0
1770256950350287570,43,45,50,43,0,0,0,0
1770256950351847444,43,45,50,43,0,0,0,0
1770256950354406251,43,45,50,43,0,0,0,0
1770256950356024047,43,45,50,43,0,0,0,0
1770256950358019194,43,45,50,42,0,0,0,0
1770256950360182441,43,45,50,42,0,0,0,0
1770256950361946352,43,45,51,42,0,0,0,0
1770256950364098495,43,45,51,42,0,0,0,0
1770256950366481971,43,45,51,43,0,0,0,0
1770256950369021322,43,45,50,43,0,0,0,0
1770256950371185817,43,45,50,43,0,0,0,0
1770256950373049378,43,45,50,43,0,0,0,0
1770256950374978188,43,45,51,43,0,0,0,0
1770256950375862207,43,45,51,43,0,0,0,0
1770256950378041903,43,45,51,43,0,0,0,0
1770256950379991769,43,45,51,43,0,0,0,0
1770256950382015237,43,45,51,43,0,0,0,0
1770256950383994032,43,45,50,43,0,0,0,0
1770256950386424869,43,45,50,43,0,0,0,0
1770256950388546291,43,45,50,43,0,0,0,0
1770256950391259183,43,45,50,43,0,0,0,0
1770256950392315366,43,45,50,43,0,0,0,0
1770256950394318833,43,45,50,43,0,0,0,0
1770256950396370174,43,45,50,43,0,0,0,0
1770256950398144933,43,45,51,43,0,0,0,0
1770256950400313940,43,45,51,43,0,0,0,0
1770256950402237086,43,45,51,43,0,0,0,0
1770256950404068998,43,45,51,43,0,0,0,0
1770256950406352792,43,45,51,43,0,0,0,0
1770256950408046589,43,45,51,43,0,0,0,0
1770256950409985255,43,45,51,43,0,0,0,0
1770256950411956818,43,45,51,43,0,0,0,0
1770256950414050623,43,45,51,43,0,0,0,0
1770256950416095308,43,45,50,43,0,0,0,0
1770256950418405598,43,45,50,43,0,0,0,0
1770256950420497612,43,45,50,43,0,0,0,0
1770256950422435286,43,45,50,43,0,0,0,0
1770256950424442338,43,45,50,43,0,0,0,0
1770256950426374604,43,45,50,43,0,0,0,0
1770256950428167411,43,45,50,43,0,0,0,0
1770256950429915321,43,45,50,43,0,0,0,0
1770256950432086312,43,45,50,43,0,0,0,0
1770256950434016307,43,45,50,43,0,0,0,0
1770256950436087360,43,45,50,43,0,0,0,0
1770256950438377010,43,45,50,43,0,0,0,0
1770256950440468863,43,45,50,43,0,0,0,0
1770256950442439274,43,45,50,43,0,0,0,0
1770256950444288370,43,45,50,43,0,0,0,0
1770256950446110874,43,45,50,43,0,0,0,0
1770256950448124134,43,45,50,43,0,0,0,0
1770256950450220500,43,45,51,43,0,0,0,0
1770256950452224927,43,45,51,43,0,0,0,0
1770256950454247564,43,45,51,43,0,0,0,0
1770256950455861999,43,45,51,43,0,0,0,0
1770256950457969277,43,45,51,43,0,0,0,0
1770256950459972040,43,45,51,43,0,0,0,0
1770256950462068246,43,45,51,43,0,0,0,0
1770256950464152771,43,45,51,43,0,0,0,0
1770256950466663194,43,45,51,43,0,0,0,0
1770256950468424449,43,45,51,43,0,0,0,0
1770256950470674546,43,45,50,43,0,0,0,0
1770256950472718718,43,45,50,43,0,0,0,0
1770256950474771083,43,45,50,43,0,0,0,0
1770256950476241771,43,45,50,43,0,0,0,0
1770256950478248183,42,45,50,43,0,0,0,0
1770256950480123936,42,45,50,43,0,0,0,0
1770256950481936743,43,45,50,43,0,0,0,0
1770256950484259866,43,45,50,43,0,0,0,0
1770256950486153187,43,45,50,42,0,0,0,0
1770256950488396948,43,45,50,42,0,0,0,0
1770256950490463329,43,45,50,42,0,0,0,0
1770256950492310857,43,45,50,43,0,0,0,0
1770256950494644988,43,45,51,43,0,0,0,0
1770256950496072155,43,45,51,43,0,0,0,0
1770256950497979301,43,45,51,43,0,0,0,0
1770256950500032465,43,45,51,43,0,0,0,0
1770256950501764887,43,45,51,43,0,0,0,0
1770256950504071081,43,45,51,43,0,0,0,0
1770256950506265561,43,45,51,43,0,0,0,0
1770256950508399592,43,45,51,43,0,0,0,0
1770256950510773372,43,45,51,43,0,0,0,0
1770256950512627748,43,45,50,43,0,0,0,0
1770256950514583919,43,45,50,43,0,0,0,0
1770256950516298452,43,45,50,43,0,0,0,0
1770256950517975353,43,45,51,43,0,0,0,0
1770256950519613724,43,45,51,43,0,0,0,0
1770256950521671049,43,45,51,43,0,0,0,0
1770256950524942192,43,45,50,43,0,0,0,0
1770256950526464498,43,45,50,43,0,0,0,0
1770256950528619425,43,45,50,43,0,0,0,0
1770256950530652973,43,45,50,43,0,0,0,0
1770256950532487349,43,45,50,43,0,0,0,0
1770256950534781031,43,45,50,43,0,0,0,0
1770256950536539437,43,45,50,43,0,0,0,0
1770256950537694118,43,45,50,43,0,0,0,0
1770256950540320928,43,45,50,43,0,0,0,0
1770256950542426445,43,45,50,43,0,0,0,0
1770256950544278198,43,45,50,43,0,0,0,0
1770256950546667114,43,45,50,43,0,0,0,0
1770256950548823705,43,45,50,43,0,0,0,0
1770256950551008617,43,45,50,43,0,0,0,0
1770256950552832304,43,45,50,43,0,0,0,0
1770256950554822364,43,45,50,43,0,0,0,0
1770256950556696101,43,45,50,43,0,0,0,0
1770256950558896948,43,45,51,43,0,0,0,0
1770256950560615546,43,45,51,43,0,0,0,0
1770256950562427745,43,45,51,43,0,0,0,0
1770256950564232585,43,45,51,43,0,0,0,0
1770256950566134514,43,45,51,43,0,0,0,0
1770256950568173695,43,45,51,43,0,0,0,0
1770256950569938917,43,45,51,43,0,0,0,0
1770256950572000658,43,45,51,43,0,0,0,0
1770256950574132481,43,45,51,43,0,0,0,0
1770256950575979881,43,45,51,43,0,0,0,0
1770256950578108663,43,45,51,43,0,0,0,0
1770256950580278471,43,45,51,43,0,0,0,0
1770256950582170704,43,45,51,43,0,0,0,0
1770256950584046777,43,45,50,43,0,0,0,0
1770256950586255337,43,45,50,43,0,0,0,0
1770256950588181331,43,45,50,42,0,0,0,0
1770256950590557063,43,45,50,42,0,0,0,0
1770256950592538546,43,45,50,42,0,0,0,0
1770256950594282680,43,45,50,42,0,0,0,0
1770256950596470407,43,45,50,42,0,0,0,0
1770256950598319408,43,45,50,42,0,0,0,0
1770256950600108119,43,45,50,43,0,0,0,0
1770256950602407209,43,45,50,43,0,0,0,0
1770256950604561784,43,45,50,43,0,0,0,0
1770256950606576356,43,45,51,43,0,0,0,0
1770256950608329002,43,45,51,43,0,0,0,0
1770256950610389591,43,45,51,43,0,0,0,0
1770256950612103804,43,45,51,43,0,0,0,0
1770256950614082823,43,45,51,43,0,0,0,0
1770256950616206678,43,45,51,43,0,0,0,0
1770256950618189569,43,45,51,43,0,0,0,0
1770256950620054986,43,45,51,43,0,0,0,0
1770256950622457246,43,45,51,43,0,0,0,0
1770256950624475786,43,45,51,43,0,0,0,0
1770256950626506646,43,45,50,43,0,0,0,0
1770256950628580483,43,45,50,43,0,0,0,0
1770256950630761075,43,45,50,43,0,0,0,0
1770256950632253459,43,45,50,43,0,0,0,0
1770256950634275103,43,45,50,43,0,0,0,0
1770256950636297516,43,45,50,43,0,0,0,0
1770256950638247094,43,45,50,43,0,0,0,0
1770256950642102058,43,45,50,43,0,0,0,0
1770256950642870299,43,45,50,43,0,0,0,0
1770256950644445309,43,45,50,43,0,0,0,0
1770256950646537867,43,45,50,43,0,0,0,0
1770256950648604792,43,45,50,43,0,0,0,0
1770256950650530178,43,45,50,43,0,0,0,0
1770256950652102212,43,45,50,43,0,0,0,0
1770256950654105104,43,45,50,42,0,0,0,0
1770256950656344512,43,45,50,42,0,0,0,0
1770256950658255114,43,45,50,43,0,0,0,0
1770256950660015441,43,45,50,43,0,0,0,0
1770256950662403429,43,45,51,43,0,0,0,0
1770256950664625429,43,45,51,43,0,0,0,0
1770256950666370971,43,45,51,43,0,0,0,0
1770256950668441480,43,45,51,43,0,0,0,0
1770256950670565878,43,45,51,43,0,0,0,0
1770256950672235067,43,45,51,43,0,0,0,0
1770256950674462507,43,45,51,43,0,0,0,0
1770256950676490520,43,45,51,43,0,0,0,0
1770256950678683879,43,45,51,43,0,0,0,0
1770256950680505839,43,45,50,43,0,0,0,0
1770256950682469530,43,45,50,43,0,0,0,0
1770256950684038428,43,45,50,43,0,0,0,0
1770256950685856324,43,45,50,43,0,0,0,0
1770256950688052980,43,45,50,43,0,0,0,0
1770256950689961821,43,45,50,43,0,0,0,0
1770256950691970473,43,45,50,43,0,0,0,0
1770256950694381502,43,45,50,43,0,0,0,0
1770256950696585838,43,45,50,43,0,0,0,0
1770256950698435414,43,45,50,43,0,0,0,0
1770256950700641190,43,45,50,43,0,0,0,0
1770256950702444621,43,45,51,43,0,0,0,0
1770256950704180051,43,45,51,43,0,0,0,0
1770256950706155774,43,45,51,43,0,0,0,0
1770256950708229355,43,45,51,43,0,0,0,0
1770256950710014194,43,45,51,43,0,0,0,0
1770256950712052031,43,45,51,43,0,0,0,0
1770256950714477044,43,45,51,43,0,0,0,0
1770256950716577089,43,45,51,43,0,0,0,0
1770256950718610414,43,45,51,43,0,0,0,0
1770256950720497719,43,45,51,43,0,0,0,0
1770256950722540323,43,45,51,43,0,0,0,0
1770256950724123238,43,45,51,43,0,0,0,0
1770256950726103857,43,45,51,43,0,0,0,0
1770256950728146429,43,45,51,43,0,0,0,0
1770256950730202282,43,45,51,43,0,0,0,0
1770256950732268023,43,45,51,43,0,0,0,0
1770256950734580170,43,45,51,43,0,0,0,0
1770256950736315600,43,45,51,42,0,0,0,0
1770256950738218489,43,45,51,42,0,0,0,0
1770256950740415369,42,45,51,42,0,0,0,0
1770256950742801981,42,45,51,42,0,0,0,0
1770256950744146266,42,45,51,42,0,0,0,0
1770256950745916033,43,45,50,42,0,0,0,0
1770256950747997102,43,45,50,42,0,0,0,0
1770256950750028666,43,45,50,42,0,0,0,0
1770256950752041414,42,45,50,42,0,0,0,0
1770256950753973360,42,45,50,43,0,0,0,0
1770256950756625546,42,45,50,43,0,0,0,0
1770256950758484947,43,45,51,43,0,0,0,0
1770256950760383740,43,45,51,43,0,0,0,0
1770256950762282662,43,45,51,43,0,0,0,0
1770256950764267857,43,45,51,43,0,0,0,0
1770256950766368191,43,45,51,43,0,0,0,0
1770256950768653744,43,45,51,43,0,0,0,0
1770256950770608219,43,45,51,43,0,0,0,0
1770256950772219710,43,45,51,43,0,0,0,0
1770256950774223274,43,45,51,43,0,0,0,0
1770256950776415482,43,45,51,43,0,0,0,0
1770256950778666731,43,45,51,43,0,0,0,0
1770256950780382352,43,45,51,43,0,0,0,0
1770256950782483454,43,45,51,43,0,0,0,0
1770256950784418632,43,45,51,43,0,0,0,0
1770256950785546529,43,45,50,43,0,0,0,0
1770256950788297437,43,45,50,43,0,0,0,0
1770256950790270984,43,45,50,43,0,0,0,0
1770256950792270163,43,45,50,43,0,0,0,0
1770256950794237246,43,45,50,43,0,0,0,0
1770256950796521616,43,45,50,43,0,0,0,0
1770256950798354904,43,45,50,43,0,0,0,0
1770256950800380324,43,45,50,43,0,0,0,0
1770256950802549715,43,45,50,43,0,0,0,0
1770256950804349434,43,45,50,43,0,0,0,0
1770256950806309093,43,45,50,43,0,0,0,0
1770256950808197070,43,45,50,43,0,0,0,0
1770256950810259707,43,45,51,43,0,0,0,0
1770256950812029250,43,45,51,43,0,0,0,0
1770256950814421398,43,45,51,43,0,0,0,0
1770256950816472899,43,45,51,43,0,0,0,0
1770256950818427373,43,45,51,43,0,0,0,0
1770256950820587036,43,45,51,43,0,0,0,0
1770256950822596968,43,45,51,43,0,0,0,0
1770256950824165514,43,45,51,43,0,0,0,0
1770256950826187382,43,45,51,43,0,0,0,0
1770256950828195010,43,45,51,43,0,0,0,0
1770256950830042026,43,45,51,43,0,0,0,0
1770256950832091895,42,45,51,43,0,0,0,0
1770256950834417034,42,45,51,43,0,0,0,0
1770256950836749501,43,45,50,43,0,0,0,0
1770256950838560964,43,45,50,43,0,0,0,0
1770256950840493902,43,45,50,43,0,0,0,0
1770256950842445817,43,45,50,43,0,0,0,0
1770256950844739595,43,45,50,43,0,0,0,0
1770256950846024967,43,45,50,43,0,0,0,0
1770256950848018898,43,45,50,43,0,0,0,0
1770256950850298884,43,45,50,43,0,0,0,0
1770256950852122572,43,45,50,43,0,0,0,0
1770256950854522112,43,45,50,43,0,0,0,0
1770256950856599469,43,45,50,43,0,0,0,0
1770256950858452278,43,45,50,43,0,0,0,0
1770256950860527203,43,45,50,43,0,0,0,0
1770256950862720851,43,45,50,43,0,0,0,0
1770256950864308917,43,45,50,43,0,0,0,0
1770256950866021403,43,45,50,43,0,0,0,0
1770256950868218891,43,45,50,43,0,0,0,0
1770256950870094547,43,45,51,43,0,0,0,0
1770256950872111871,43,45,51,43,0,0,0,0
1770256950874185997,43,45,51,43,0,0,0,0
1770256950876457054,43,45,50,43,0,0,0,0
1770256950878056865,43,45,50,43,0,0,0,0
1770256950880327634,43,45,50,43,0,0,0,0
1770256950882190523,43,45,50,43,0,0,0,0
1770256950884057764,43,45,50,43,0,0,0,0
1770256950886381270,43,45,50,42,0,0,0,0
1770256950888121820,43,45,50,42,0,0,0,0
1770256950890423663,43,45,50,42,0,0,0,0
1770256950892579390,43,45,50,42,0,0,0,0
1770256950894596841,43,45,50,42,0,0,0,0
1770256950896421105,43,45,50,42,0,0,0,0
1770256950897697357,43,45,50,43,0,0,0,0
1770256950900304582,43,45,51,43,0,0,0,0
1770256950902072524,43,45,51,43,0,0,0,0
1770256950904246844,43,45,51,43,0,0,0,0
1770256950906215719,43,45,50,43,0,0,0,0
1770256950908402358,43,45,50,43,0,0,0,0
1770256950910613735,43,45,50,43,0,0,0,0
1770256950912538513,43,45,51,43,0,0,0,0
1770256950914523708,43,45,51,43,0,0,0,0
1770256950916141279,43,45,51,43,0,0,0,0
1770256950918284558,43,45,51,43,0,0,0,0
1770256950920385372,43,45,51,43,0,0,0,0
1770256950922242564,43,45,51,43,0,0,0,0
1770256950923915657,43,45,50,43,0,0,0,0
1770256950926052279,43,45,50,43,0,0,0,0
1770256950928358761,43,45,50,43,0,0,0,0
1770256950930375317,43,45,50,43,0,0,0,0
1770256950932377761,43,45,50,43,0,0,0,0
1770256950934523792,43,45,50,43,0,0,0,0
1770256950936517339,43,45,51,43,0,0,0,0
1770256950938436389,43,45,51,43,0,0,0,0
1770256950940271821,43,45,51,43,0,0,0,0
1770256950942184983,43,45,50,43,0,0,0,0
1770256950944149250,43,45,50,43,0,0,0,0
1770256950946518741,43,45,50,43,0,0,0,0
1770256950948632163,43,45,51,43,0,0,0,0
1770256950950688080,43,45,51,43,0,0,0,0
1770256950952581945,43,45,51,43,0,0,0,0
1770256950954451202,43,45,50,43,0,0,0,0
1770256950956311051,43,45,50,43,0,0,0,0
1770256950958001647,43,45,50,43,0,0,0,0
1770256950959877048,43,45,51,43,0,0,0,0
1770256950962011527,43,45,51,43,0,0,0,0
1770256950964027123,43,45,51,43,0,0,0,0
1770256950965972733,43,45,50,43,0,0,0,0
1770256950968331409,43,45,50,43,0,0,0,0
1770256950970546913,43,45,50,43,0,0,0,0
1770256950972303495,43,45,51,43,0,0,0,0
1770256950974432182,43,45,51,43,0,0,0,0
1770256950976568708,43,45,51,43,0,0,0,0
1770256950978163655,43,45,50,43,0,0,0,0
1770256950980228692,43,45,50,43,0,0,0,0
1770256950982141438,43,45,50,43,0,0,0,0
1770256950984097576,43,45,50,43,0,0,0,0
1770256950985992018,43,45,50,43,0,0,0,0
1770256950988313668,43,45,50,43,0,0,0,0
1770256950990391729,43,45,50,43,0,0,0,0
1770256950992513152,43,45,50,43,0,0,0,0
1770256950994536108,43,45,50,43,0,0,0,0
1770256950996364276,43,45,50,43,0,0,0,0
1770256950998133690,43,45,50,43,0,0,0,0
1770256951000317578,43,45,50,43,0,0,0,0
1770256951002254132,43,45,51,43,0,0,0,0
1770256951004452516,43,45,51,43,0,0,0,0
1770256951006394510,43,45,51,43,0,0,0,0
1770256951008313944,43,45,50,43,0,0,0,0
1770256951010386565,43,45,50,43,0,0,0,0
1770256951012095019,43,45,50,43,0,0,0,0
1770256951014151095,43,45,50,43,0,0,0,0
1770256951016127874,43,45,50,43,0,0,0,0
1770256951018148846,43,45,50,43,0,0,0,0
1770256951020332734,43,45,51,43,0,0,0,0
1770256951022432588,43,45,51,43,0,0,0,0
1770256951024666653,43,45,51,43,0,0,0,0
1770256951026448291,43,45,51,43,0,0,0,0
1770256951028535633,43,45,51,43,0,0,0,0
1770256951030498844,43,45,51,43,0,0,0,0
1770256951032435238,43,45,50,43,0,0,0,0
1770256951034595349,43,45,50,43,0,0,0,0
1770256951036802949,43,45,50,43,0,0,0,0
1770256951038506058,43,45,50,43,0,0,0,0
1770256951041500939,43,45,50,43,0,0,0,0
1770256951042676997,43,45,50,42,0,0,0,0
1770256951044289000,43,45,50,42,0,0,0,0
1770256951046307156,43,45,50,42,0,0,0,0
1770256951048332160,43,45,50,42,0,0,0,0
1770256951050326412,43,45,50,42,0,0,0,0
1770256951052365304,43,45,50,42,0,0,0,0
1770256951054507559,43,45,50,42,0,0,0,0
1770256951056515219,43,45,50,42,0,0,0,0
1770256951058392828,43,45,50,42,0,0,0,0
1770256951060374919,43,45,50,43,0,0,0,0
1770256951061621890,43,45,51,43,0,0,0,0
1770256951064028246,43,45,51,43,0,0,0,0
1770256951066079683,43,45,51,43,0,0,0,0
1770256951067896907,43,45,50,43,0,0,0,0
1770256951069991768,43,45,50,43,0,0,0,0
1770256951072115431,43,45,50,43,0,0,0,0
1770256951074571868,43,45,51,43,0,0,0,0
1770256951076461253,43,45,51,43,0,0,0,0
1770256951078645397,43,45,51,43,0,0,0,0
1770256951080554783,43,45,51,43,0,0,0,0
1770256951082379462,43,45,51,43,0,0,0,0
1770256951084013706,43,45,51,43,0,0,0,0
1770256951085883443,43,45,50,43,0,0,0,0
1770256951088039842,43,45,50,43,0,0,0,0
1770256951090071854,43,45,50,43,0,0,0,0
1770256951091966295,43,45,51,43,0,0,0,0
1770256951094387052,43,45,51,43,0,0,0,0
1770256951096401752,43,45,51,43,0,0,0,0
1770256951098465349,43,45,51,43,0,0,0,0
1770256951100378127,43,45,51,43,0,0,0,0
1770256951102539102,43,45,51,43,0,0,0,0
1770256951104392326,43,45,50,42,0,0,0,0
1770256951106526997,43,45,50,42,0,0,0,0
1770256951108531232,43,45,50,42,0,0,0,0
1770256951110427498,43,45,50,42,0,0,0,0
1770256951112558232,43,45,50,42,0,0,0,0
1770256951114295582,43,45,50,42,0,0,0,0
1770256951116052292,43,45,50,42,0,0,0,0
1770256951118262613,43,45,51,42,0,0,0,0
1770256951120197215,43,45,51,42,0,0,0,0
1770256951122136649,43,45,51,42,0,0,0,0
1770256951124396154,43,45,51,42,0,0,0,0
1770256951126286147,43,45,51,42,0,0,0,0
1770256951128324368,43,45,51,43,0,0,0,0
1770256951130325595,43,45,51,43,0,0,0,0
1770256951132518379,43,45,51,43,0,0,0,0
1770256951134476118,43,45,50,43,0,0,0,0
1770256951136597444,43,45,50,43,0,0,0,0
1770256951138594384,43,45,50,43,0,0,0,0
1770256951140488473,43,45,51,43,0,0,0,0
1770256951141628178,43,45,51,43,0,0,0,0
1770256951143991013,43,45,51,43,0,0,0,0
1770256951145991889,43,45,50,43,0,0,0,0
1770256951147934299,43,45,50,43,0,0,0,0
1770256951149905286,43,45,50,43,0,0,0,0
1770256951152457918,43,45,50,43,0,0,0,0
1770256951154630125,43,45,50,43,0,0,0,0
1770256951156245136,43,45,50,43,0,0,0,0
1770256951158258492,43,45,50,43,0,0,0,0
1770256951160370826,43,45,50,43,0,0,0,0
1770256951162310581,43,45,50,43,0,0,0,0
1770256951164475588,43,45,50,43,0,0,0,0
1770256951166459439,43,45,50,43,0,0,0,0
1770256951168598078,43,45,50,43,0,0,0,0
1770256951170509927,43,45,51,43,0,0,0,0
1770256951172139819,43,45,51,43,0,0,0,0
1770256951174160055,43,45,51,43,0,0,0,0
1770256951176179523,43,45,51,43,0,0,0,0
1770256951178553303,43,45,51,43,0,0,0,0
1770256951179999062,43,45,51,43,0,0,0,0
1770256951182162437,43,45,51,43,0,0,0,0
1770256951184641691,43,45,51,43,0,0,0,0
1770256951186420610,43,45,51,43,0,0,0,0
1770256951187843297,43,45,51,43,0,0,0,0
1770256951191255724,43,45,51,43,0,0,0,0
1770256951192549448,43,45,51,43,0,0,0,0
1770256951194481906,43,45,50,43,0,0,0,0
1770256951196309690,43,45,50,43,0,0,0,0
1770256951198139618,43,45,50,43,0,0,0,0
1770256951200363986,43,45,50,43,0,0,0,0
1770256951202217082,43,45,50,43,0,0,0,0
1770256951204085155,43,45,50,43,0,0,0,0
1770256951206520632,43,45,50,43,0,0,0,0
1770256951208586661,43,45,50,43,0,0,0,0
1770256951210424493,43,45,50,43,0,0,0,0
1770256951212684991,43,45,50,43,0,0,0,0
1770256951214272833,43,45,50,43,0,0,0,0
1770256951216054312,43,45,50,43,0,0,0,0
1770256951218098645,43,45,50,43,0,0,0,0
1770256951220061631,43,45,50,43,0,0,0,0
1770256951221981513,43,45,50,43,0,0,0,0
1770256951223989781,43,45,50,43,0,0,0,0
1770256951226549101,43,45,50,43,0,0,0,0
1770256951228960865,43,45,50,43,0,0,0,0
1770256951230451138,43,45,50,43,0,0,0,0
1770256951233059611,43,45,50,43,0,0,0,0
1770256951234931876,43,45,50,43,0,0,0,0
1770256951236158654,43,45,51,43,0,0,0,0
1770256951238203691,43,45,51,43,0,0,0,0
1770256951240106804,43,45,51,43,0,0,0,0
1770256951242163073,43,45,51,43,0,0,0,0
1770256951244345777,43,45,51,43,0,0,0,0
1770256951246388797,43,45,51,43,0,0,0,0
1770256951248288903,43,45,51,43,0,0,0,0
1770256951250498167,43,45,51,43,0,0,0,0
1770256951252250653,43,45,51,43,0,0,0,0
1770256951254071781,43,45,50,43,0,0,0,0
1770256951256110577,43,45,50,43,0,0,0,0
1770256951258161406,43,45,50,43,0,0,0,0
1770256951260088040,43,45,51,43,0,0,0,0
1770256951262596895,43,45,51,43,0,0,0,0
1770256951264526633,43,45,51,42,0,0,0,0
1770256951266446386,43,45,50,42,0,0,0,0
1770256951268643618,43,45,50,42,0,0,0,0
1770256951270450122,43,45,50,43,0,0,0,0
1770256951272289746,43,45,50,43,0,0,0,0
1770256951274170107,43,45,50,43,0,0,0,0
1770256951275960610,43,45,50,43,0,0,0,0
1770256951278101488,43,45,51,43,0,0,0,0
1770256951279992218,43,45,51,43,0,0,0,0
1770256951281956004,43,45,51,43,0,0,0,0
1770256951284321528,43,45,51,43,0,0,0,0
1770256951286236610,43,45,51,43,0,0,0,0
1770256951288566837,43,45,51,43,0,0,0,0
1770256951290263546,43,45,51,43,0,0,0,0
1770256951292747184,43,45,51,43,0,0,0,0
1770256951294187055,43,45,51,43,0,0,0,0
1770256951296245916,43,45,51,43,0,0,0,0
1770256951298389483,43,45,51,43,0,0,0,0
1770256951300412151,43,45,51,43,0,0,0,0
1770256951302598022,43,45,50,43,0,0,0,0
1770256951304531089,43,45,50,43,0,0,0,0
1770256951306393497,43,45,50,43,0,0,0,0
1770256951308269506,43,45,50,43,0,0,0,0
1770256951310390672,43,45,50,43,0,0,0,0
1770256951312168535,43,45,50,42,0,0,0,0
1770256951314278053,43,45,50,42,0,0,0,0
1770256951316536118,43,45,50,42,0,0,0,0
1770256951318385598,43,45,50,43,0,0,0,0
1770256951320499309,43,45,50,43,0,0,0,0
1770256951322337621,43,45,50,43,0,0,0,0
1770256951324245982,43,45,50,43,0,0,0,0
1770256951326275402,43,45,51,43,0,0,0,0
1770256951328145747,43,45,51,43,0,0,0,0
1770256951330250977,43,45,51,43,0,0,0,0
1770256951332198188,43,45,51,43,0,0,0,0
1770256951334263449,43,45,51,43,0,0,0,0
1770256951336609612,43,45,51,43,0,0,0,0
1770256951338417491,43,45,51,43,0,0,0,0
1770256951341209584,43,45,51,43,0,0,0,0
1770256951342652239,43,45,51,43,0,0,0,0
1770256951344398005,43,45,51,43,0,0,0,0
1770256951346493475,43,45,51,43,0,0,0,0
1770256951348450222,43,45,51,43,0,0,0,0
1770256951350589340,43,45,51,43,0,0,0,0
1770256951352529287,43,45,51,43,0,0,0,0
1770256951354339598,43,45,50,43,0,0,0,0
1770256951356241720,43,45,50,43,0,0,0,0
1770256951358439208,43,45,50,43,0,0,0,0
1770256951360390610,43,45,50,43,0,0,0,0
1770256951362353085,43,45,50,43,0,0,0,0
1770256951364387913,43,45,50,43,0,0,0,0
1770256951366498775,43,45,50,42,0,0,0,0
1770256951368440769,43,45,50,42,0,0,0,0
1770256951370356747,43,45,50,42,0,0,0,0
1770256951372193651,43,45,50,43,0,0,0,0
1770256951374161022,43,45,51,43,0,0,0,0
1770256951376103657,43,45,51,43,0,0,0,0
1770256951378224727,43,45,51,43,0,0,0,0
1770256951380530409,43,45,51,43,0,0,0,0
1770256951382519060,43,45,51,43,0,0,0,0
1770256951384474015,43,45,51,43,0,0,0,0
1770256951386512811,43,45,51,43,0,0,0,0
1770256951388368692,43,45,51,43,0,0,0,0
1770256951390411360,43,45,51,43,0,0,0,0
1770256951392463693,43,45,51,43,0,0,0,0
1770256951394173938,43,45,51,43,0,0,0,0
1770256951395905912,43,45,51,43,0,0,0,0
1770256951398173226,43,45,51,43,0,0,0,0
1770256951399910991,43,45,51,43,0,0,0,0
1770256951401911451,43,45,51,43,0,0,0,0
1770256951404025097,43,45,50,43,0,0,0,0
1770256951406358140,43,45,50,43,0,0,0,0
1770256951408593901,43,45,50,43,0,0,0,0
1770256951410300882,43,45,50,43,0,0,0,0
1770256951412494210,43,45,50,43,0,0,0,0
1770256951414475725,43,45,50,43,0,0,0,0
1770256951416145329,43,45,50,43,0,0,0,0
1770256951418104316,43,45,50,43,0,0,0,0
1770256951420100391,43,45,50,43,0,0,0,0
1770256951422251222,43,45,50,43,0,0,0,0
1770256951424301187,43,45,50,43,0,0,0,0
1770256951426534804,43,45,50,43,0,0,0,0
1770256951428581920,43,45,50,43,0,0,0,0
1770256951430529803,43,45,50,43,0,0,0,0
1770256951432399284,43,45,50,43,0,0,0,0
1770256951434516322,43,45,50,43,0,0,0,0
1770256951436092644,43,45,50,43,0,0,0,0
1770256951438189522,43,45,50,43,0,0,0,0
1770256951440255071,43,45,51,43,0,0,0,0
1770256951442470383,43,45,51,43,0,0,0,0
1770256951444248694,43,45,51,43,0,0,0,0
1770256951446495943,43,45,51,43,0,0,0,0
1770256951448293774,43,45,51,43,0,0,0,0
1770256951450403868,43,45,50,43,0,0,0,0
1770256951451626871,43,45,50,43,0,0,0,0
1770256951454276112,43,45,50,43,0,0,0,0
1770256951456206490,43,45,50,43,0,0,0,0
1770256951458390314,43,45,51,43,0,0,0,0
1770256951460059374,43,45,51,43,0,0,0,0
1770256951462450851,43,45,51,43,0,0,0,0
1770256951464782613,43,45,51,43,0,0,0,0
1770256951466518203,43,45,51,43,0,0,0,0
1770256951468676202,43,45,51,43,0,0,0,0
1770256951470449457,43,45,50,43,0,0,0,0
1770256951471669868,43,45,50,43,0,0,0,0
1770256951473562485,43,45,50,43,0,0,0,0
1770256951475985962,43,45,51,43,0,0,0,0
1770256951478136184,43,45,51,43,0,0,0,0
1770256951479961504,43,45,51,42,0,0,0,0
1770256951482473111,43,45,51,42,0,0,0,0
1770256951484389729,43,45,51,42,0,0,0,0
1770256951486533871,43,45,51,43,0,0,0,0
1770256951488539323,43,45,51,43,0,0,0,0
1770256951491177237,43,45,51,43,0,0,0,0
1770256951492512786,43,45,51,43,0,0,0,0
1770256951494567583,43,45,51,43,0,0,0,0
1770256951496344005,43,45,51,43,0,0,0,0
1770256951498322800,43,45,51,43,0,0,0,0
1770256951500262779,43,45,51,43,0,0,0,0
1770256951502574349,43,45,51,43,0,0,0,0
1770256951504407765,43,45,51,43,0,0,0,0
1770256951506551524,43,45,51,43,0,0,0,0
1770256951508665394,43,45,51,43,0,0,0,0
1770256951510411320,43,45,51,43,0,0,0,0
1770256951512233312,43,45,51,43,0,0,0,0
1770256951514243115,43,45,51,43,0,0,0,0
1770256951516295064,43,45,51,43,0,0,0,0
1770256951518012190,43,45,50,43,0,0,0,0
1770256951520321584,43,45,50,43,0,0,0,0
1770256951522613282,43,45,50,43,0,0,0,0
1770256951524245669,43,45,50,43,0,0,0,0
1770256951526412213,43,45,50,43,0,0,0,0
1770256951528577028,43,45,50,43,0,0,0,0
1770256951530409452,43,45,50,43,0,0,0,0
1770256951532059408,43,45,50,43,0,0,0,0
1770256951534182334,43,45,50,43,0,0,0,0
1770256951536243211,43,45,50,43,0,0,0,0
1770256951538232054,43,45,50,43,0,0,0,0
1770256951540229186,43,45,50,43,0,0,0,0
1770256951542384337,43,45,51,43,0,0,0,0
1770256951544235321,43,45,51,43,0,0,0,0
1770256951546255909,43,45,51,43,0,0,0,0
1770256951548081197,43,45,51,43,0,0,0,0
1770256951550280733,43,45,51,43,0,0,0,0
1770256951552033955,43,45,51,43,0,0,0,0
1770256951554309365,43,45,51,43,0,0,0,0
1770256951556300352,43,45,51,43,0,0,0,0
1770256951558236586,43,45,51,43,0,0,0,0
1770256951560381689,43,45,50,43,0,0,0,0
1770256951562266338,43,45,50,43,0,0,0,0
1770256951563950983,43,45,50,43,0,0,0,0
1770256951565896145,43,45,50,43,0,0,0,0
1770256951568023520,43,45,50,43,0,0,0,0
1770256951569537889,43,45,50,42,0,0,0,0
1770256951572267484,43,45,50,42,0,0,0,0
1770256951574523021,43,45,50,42,0,0,0,0
1770256951576294228,43,45,50,42,0,0,0,0
1770256951578572358,43,45,50,42,0,0,0,0
1770256951580360685,43,45,50,42,0,0,0,0
1770256951582261686,43,45,50,42,0,0,0,0
1770256951584171936,43,45,50,42,0,0,0,0
1770256951586036328,43,45,50,42,0,0,0,0
1770256951588002355,43,45,50,43,0,0,0,0
1770256951590130113,43,45,51,43,0,0,0,0
1770256951592045931,43,45,51,43,0,0,0,0
1770256951594510753,43,45,51,43,0,0,0,0
1770256951596532429,43,45,51,43,0,0,0,0
1770256951598549817,43,45,51,43,0,0,0,0
1770256951600510276,43,45,51,43,0,0,0,0
1770256951601735550,43,45,51,43,0,0,0,0
1770256951604299926,43,45,51,43,0,0,0,0
1770256951606103806,43,45,51,43,0,0,0,0
1770256951608405840,43,45,51,43,0,0,0,0
1770256951610272281,43,45,51,43,0,0,0,0
1770256951612236035,43,45,51,43,0,0,0,0
1770256951614134125,43,45,50,43,0,0,0,0
1770256951616004501,43,45,50,43,0,0,0,0
1770256951618037282,43,45,50,43,0,0,0,0
1770256951619999821,43,45,50,43,0,0,0,0
1770256951622046201,43,45,50,43,0,0,0,0
1770256951624458286,43,45,50,43,0,0,0,0
1770256951626620573,43,45,50,43,0,0,0,0
1770256951628457765,43,45,50,43,0,0,0,0
1770256951630218027,43,45,50,43,0,0,0,0
1770256951632402043,43,45,50,43,0,0,0,0
1770256951635006900,43,45,50,43,0,0,0,0
1770256951636496948,43,45,50,43,0,0,0,0
1770256951638586914,43,45,50,43,0,0,0,0
1770256951640513580,43,45,50,43,0,0,0,0
1770256951642963905,43,45,50,43,0,0,0,0
1770256951644325151,43,45,51,43,0,0,0,0
1770256951646129510,43,45,51,43,0,0,0,0
1770256951648360663,43,45,50,43,0,0,0,0
1770256951650180222,43,45,50,43,0,0,0,0
1770256951652087336,43,45,50,43,0,0,0,0
1770256951654230967,43,45,50,43,0,0,0,0
1770256951656068447,43,45,51,43,0,0,0,0
1770256951657953672,43,45,51,43,0,0,0,0
1770256951660046197,43,45,51,43,0,0,0,0
1770256951662035969,43,45,51,43,0,0,0,0
1770256951664153295,43,45,51,43,0,0,0,0
1770256951665999319,43,45,51,43,0,0,0,0
1770256951667891808,43,45,51,43,0,0,0,0
1770256951669986542,43,45,51,43,0,0,0,0
1770256951671890904,43,45,51,43,0,0,0,0
1770256951674143849,43,45,51,43,0,0,0,0
1770256951676300664,43,45,51,43,0,0,0,0
1770256951678293667,43,45,50,43,0,0,0,0
1770256951680199309,43,45,50,43,0,0,0,0
1770256951682211289,43,45,50,43,0,0,0,0
1770256951684182563,43,45,50,43,0,0,0,0
1770256951686220848,43,45,50,43,0,0,0,0
1770256951688196827,43,45,50,43,0,0,0,0
1770256951690382091,43,45,50,43,0,0,0,0
1770256951692173746,43,45,50,43,0,0,0,0
1770256951694321600,43,45,50,43,0,0,0,0
1770256951696270891,43,45,51,43,0,0,0,0
1770256951698222550,43,45,51,43,0,0,0,0
1770256951700190560,43,45,51,43,0,0,0,0
1770256951702278990,43,45,51,43,0,0,0,0
1770256951704230712,43,45,51,43,0,0,0,0
1770256951706141922,43,45,51,43,0,0,0,0
1770256951708078380,43,45,51,43,0,0,0,0
1770256951709932437,43,45,51,43,0,0,0,0
1770256951711971233,43,45,51,43,0,0,0,0
1770256951714060367,43,45,51,43,0,0,0,0
1770256951715917463,43,45,51,43,0,0,0,0
1770256951718024101,43,45,51,43,0,0,0,0
1770256951720014512,43,45,51,43,0,0,0,0
1770256951722201376,43,45,50,43,0,0,0,0
1770256951724120170,43,45,50,43,0,0,0,0
1770256951726011827,43,45,50,43,0,0,0,0
1770256951728327846,43,45,50,43,0,0,0,0
1770256951730273232,43,45,50,43,0,0,0,0
1770256951732199994,43,45,50,43,0,0,0,0
1770256951734344137,43,45,50,43,0,0,0,0
1770256951736198065,43,45,50,43,0,0,0,0
1770256951737897398,43,45,50,43,0,0,0,0
1770256951739885026,43,45,50,43,0,0,0,0
1770256951742022544,43,45,50,43,0,0,0,0
1770256951743964635,43,45,51,43,0,0,0,0
1770256951745877636,43,45,51,43,0,0,0,0
1770256951748408187,43,45,51,43,0,0,0,0
1770256951750462664,43,45,50,43,0,0,0,0
1770256951752627383,43,45,50,43,0,0,0,0
1770256951754532705,43,45,50,43,0,0,0,0
1770256951756502476,43,45,50,43,0,0,0,0
1770256951758652379,43,45,50,43,0,0,0,0
1770256951760643494,43,45,50,43,0,0,0,0
1770256951762050821,43,45,50,43,0,0,0,0
1770256951764096273,43,45,50,43,0,0,0,0
1770256951765975354,43,45,50,43,0,0,0,0
1770256951768871769,43,45,50,43,0,0,0,0
1770256951770908742,43,45,50,43,0,0,0,0
1770256951773087733,43,45,50,43,0,0,0,0
1770256951774846876,43,45,50,43,0,0,0,0
1770256951776828039,43,45,50,43,0,0,0,0
1770256951777663097,43,45,50,43,0,0,0,0
1770256951780019148,43,45,50,43,0,0,0,0
1770256951781958167,43,45,50,43,0,0,0,0
1770256951783976899,43,45,50,43,0,0,0,0
1770256951785953998,43,45,50,43,0,0,0,0
1770256951788321857,43,45,51,43,0,0,0,0
1770256951790389998,43,45,51,43,0,0,0,0
1770256951792647648,43,45,51,43,0,0,0,0
1770256951794567369,43,45,51,43,0,0,0,0
1770256951796402641,43,45,51,43,0,0,0,0
1770256951798434238,43,45,51,42,0,0,0,0
1770256951800437225,43,45,51,42,0,0,0,0
1770256951802521911,43,45,51,42,0,0,0,0
1770256951804524642,43,45,51,43,0,0,0,0
1770256951806488813,43,45,51,43,0,0,0,0
1770256951808249748,43,45,51,43,0,0,0,0
1770256951810093660,43,45,51,43,0,0,0,0
1770256951812434479,43,45,51,43,0,0,0,0
1770256951814214998,43,45,51,43,0,0,0,0
1770256951816008925,43,45,51,43,0,0,0,0
1770256951818447410,43,45,51,43,0,0,0,0
1770256951820660514,43,45,51,43,0,0,0,0
1770256951822529227,43,45,51,43,0,0,0,0
1770256951824165455,43,45,51,43,0,0,0,0
1770256951826111385,43,45,51,43,0,0,0,0
1770256951828149829,43,45,50,43,0,0,0,0
1770256951830011662,43,45,50,43,0,0,0,0
1770256951832370977,43,45,50,43,0,0,0,0
1770256951834530416,43,45,51,43,0,0,0,0
1770256951836547580,43,45,51,43,0,0,0,0
1770256951838412741,43,45,51,43,0,0,0,0
1770256951839994632,43,45,51,43,0,0,0,0
1770256951842271609,42,45,51,43,0,0,0,0
1770256951844328166,42,45,51,43,0,0,0,0
1770256951846060940,42,45,50,43,0,0,0,0
1770256951848297117,42,45,50,43,0,0,0,0
1770256951850195654,42,45,50,43,0,0,0,0
1770256951852246707,42,45,50,43,0,0,0,0
1770256951854263007,42,45,50,43,0,0,0,0
1770256951856355212,43,45,50,43,0,0,0,0
1770256951857802828,43,45,50,43,0,0,0,0
1770256951860909903,43,45,50,43,0,0,0,0
1770256951862706551,43,45,50,43,0,0,0,0
1770256951864542655,43,45,51,43,0,0,0,0
1770256951866519978,43,45,51,43,0,0,0,0
1770256951868644056,43,45,51,43,0,0,0,0
1770256951870053271,43,45,51,43,0,0,0,0
1770256951872277671,43,45,51,43,0,0,0,0
1770256951874366645,43,45,51,43,0,0,0,0
1770256951876131227,43,45,51,43,0,0,0,0
1770256951878182248,43,45,51,43,0,0,0,0
1770256951880500250,43,45,51,43,0,0,0,0
1770256951882546695,43,45,51,43,0,0,0,0
1770256951884590068,43,45,51,43,0,0,0,0
1770256951886668129,43,45,51,43,0,0,0,0
1770256951888536490,43,45,51,43,0,0,0,0
1770256951890304240,43,45,51,43,0,0,0,0
1770256951892104823,43,45,51,43,0,0,0,0
1770256951894097955,43,45,51,43,0,0,0,0
1770256951895970988,43,45,51,43,0,0,0,0
1770256951898064217,43,45,51,43,0,0,0,0
1770256951899930434,43,45,51,43,0,0,0,0
1770256951902188691,43,45,50,43,0,0,0,0
1770256951904589800,43,45,50,43,0,0,0,0
1770256951906635348,43,45,50,43,0,0,0,0
1770256951908457692,43,45,50,43,0,0,0,0
1770256951910644524,43,45,50,43,0,0,0,0
1770256951911945576,43,45,50,43,0,0,0,0
1770256951914591746,42,45,50,43,0,0,0,0
1770256951916569389,42,45,50,43,0,0,0,0
1770256951918278418,42,45,50,43,0,0,0,0
1770256951920369471,42,45,50,43,0,0,0,0
1770256951922139654,42,45,50,42,0,0,0,0
1770256951924053584,42,45,51,42,0,0,0,0
1770256951926296929,43,45,51,42,0,0,0,0
1770256951928298380,43,45,51,43,0,0,0,0
1770256951930331929,43,45,51,43,0,0,0,0
1770256951932503880,43,45,51,43,0,0,0,0
1770256951934547060,43,45,51,43,0,0,0,0
1770256951936409117,43,45,51,43,0,0,0,0
1770256951938229637,43,45,51,43,0,0,0,0
1770256951940352915,43,45,51,43,0,0,0,0
1770256951942274205,43,45,51,43,0,0,0,0
1770256951944198663,43,45,51,43,0,0,0,0
1770256951946092048,43,45,51,43,0,0,0,0
1770256951948434243,43,45,51,43,0,0,0,0
1770256951950599666,43,45,51,43,0,0,0,0
1770256951952428218,43,45,51,43,0,0,0,0
1770256951954571209,43,45,50,43,0,0,0,0
1770256951956343536,43,45,50,43,0,0,0,0
1770256951958208632,43,45,50,43,0,0,0,0
1770256951960320454,43,45,50,43,0,0,0,0
1770256951962269265,43,45,50,43,0,0,0,0
1770256951964215739,43,45,50,43,0,0,0,0
1770256951966545006,43,45,51,43,0,0,0,0
1770256951968198194,43,45,51,43,0,0,0,0
1770256951970155421,43,45,51,43,0,0,0,0
1770256951971956196,43,45,50,43,0,0,0,0
1770256951974097523,43,45,50,43,0,0,0,0
1770256951976037309,43,45,50,43,0,0,0,0
1770256951978522355,43,45,50,43,0,0,0,0
1770256951980483646,43,45,50,43,0,0,0,0
1770256951982515306,43,45,50,43,0,0,0,0
1770256951984481941,43,45,50,42,0,0,0,0
1770256951986602627,43,45,50,42,0,0,0,0
1770256951988598543,43,45,50,43,0,0,0,0
1770256951990159601,43,45,50,43,0,0,0,0
1770256951992548421,43,45,50,43,0,0,0,0
1770256951994623698,43,45,50,43,0,0,0,0
1770256951996486651,43,45,50,43,0,0,0,0
1770256951998646858,43,45,50,43,0,0,0,0
1770256952000518706,43,45,50,43,0,0,0,0
1770256952002143510,43,45,51,42,0,0,0,0
1770256952004091712,43,45,51,42,0,0,0,0
1770256952006286032,43,45,51,42,0,0,0,0
1770256952008339293,43,45,50,43,0,0,0,0
1770256952010534797,43,45,50,43,0,0,0,0
1770256952012586969,43,45,50,43,0,0,0,0
1770256952014497539,43,45,51,43,0,0,0,0
1770256952016288138,43,45,51,43,0,0,0,0
1770256952018161139,43,45,51,43,0,0,0,0
1770256952020270561,43,45,50,43,0,0,0,0
1770256952022249228,43,45,50,43,0,0,0,0
1770256952024143445,43,45,50,43,0,0,0,0
1770256952026028830,43,45,50,43,0,0,0,0
1770256952028170413,43,45,51,43,0,0,0,0
1770256952030058966,43,45,51,43,0,0,0,0
1770256952031962784,43,45,50,43,0,0,0,0
1770256952034113935,43,45,50,43,0,0,0,0
1770256952035747570,43,45,50,43,0,0,0,0
1770256952038315786,43,45,51,43,0,0,0,0
1770256952040531387,43,45,51,43,0,0,0,0
1770256952042903630,43,45,51,43,0,0,0,0
1770256952044470800,43,45,51,43,0,0,0,0
1770256952046375674,42,45,51,43,0,0,0,0
1770256952048291428,42,45,51,43,0,0,0,0
1770256952050279279,42,45,51,43,0,0,0,0
1770256952052401917,43,45,51,43,0,0,0,0
1770256952054101186,43,45,51,43,0,0,0,0
1770256952056211600,43,45,51,43,0,0,0,0
1770256952058358335,43,45,51,43,0,0,0,0
1770256952060467597,43,45,51,43,0,0,0,0
1770256952062467225,43,45,50,43,0,0,0,0
1770256952063697395,43,45,50,43,0,0,0,0
1770256952066179754,43,45,50,43,0,0,0,0
1770256952068161685,43,45,50,43,0,0,0,0
1770256952070307972,43,45,50,43,0,0,0,0
1770256952072243726,43,45,50,43,0,0,0,0
1770256952074509279,43,45,50,43,0,0,0,0
1770256952076704239,43,45,50,43,0,0,0,0
1770256952078529207,43,45,50,43,0,0,0,0
1770256952080536483,43,45,51,43,0,0,0,0
1770256952082678097,43,45,51,43,0,0,0,0
1770256952084303349,43,45,51,43,0,0,0,0
1770256952085988345,43,45,50,43,0,0,0,0
1770256952088094791,43,45,50,43,0,0,0,0
1770256952089983984,43,45,50,43,0,0,0,0
1770256952092029565,43,45,51,43,0,0,0,0
1770256952094152107,43,45,51,43,0,0,0,0
1770256952096373724,43,45,51,43,0,0,0,0
1770256952098541515,43,45,51,43,0,0,0,0
1770256952099797766,42,45,51,43,0,0,0,0
1770256952102831496,42,45,51,43,0,0,0,0
1770256952104408171,42,45,51,43,0,0,0,0
1770256952106804543,43,45,51,43,0,0,0,0
1770256952108470851,43,45,51,43,0,0,0,0
1770256952110586929,43,45,51,43,0,0,0,0
1770256952112687231,43,45,51,43,0,0,0,0
1770256952114297442,43,45,51,43,0,0,0,0
1770256952116130186,43,45,50,43,0,0,0,0
1770256952118281625,43,45,50,43,0,0,0,0
1770256952120221475,43,45,50,43,0,0,0,0
1770256952122259120,43,45,50,43,0,0,0,0
1770256952124181210,43,45,50,43,0,0,0,0
1770256952126268647,43,45,50,43,0,0,0,0
1770256952128659771,43,45,50,42,0,0,0,0
1770256952130634054,43,45,50,42,0,0,0,0
1770256952132444814,43,45,50,42,0,0,0,0
1770256952134329623,43,45,50,42,0,0,0,0
1770256952136394308,43,45,50,42,0,0,0,0
1770256952138228524,43,45,50,43,0,0,0,0
1770256952140144918,43,45,50,43,0,0,0,0
1770256952142164930,43,45,50,43,0,0,0,0
1770256952144136013,43,45,50,43,0,0,0,0
1770256952146456383,43,45,51,43,0,0,0,0
1770256952148273255,43,45,51,43,0,0,0,0
1770256952150385557,43,45,51,43,0,0,0,0
1770256952152377216,43,45,51,43,0,0,0,0
1770256952154531439,43,45,51,43,0,0,0,0
1770256952156400504,43,45,51,43,0,0,0,0
1770256952158485413,43,45,50,43,0,0,0,0
1770256952160596532,43,45,50,43,0,0,0,0
1770256952162479805,43,45,50,43,0,0,0,0
1770256952164384102,43,45,50,43,0,0,0,0
1770256952166532149,43,45,50,43,0,0,0,0
1770256952168233050,43,45,50,42,0,0,0,0
1770256952170269798,43,45,50,42,0,0,0,0
1770256952172124239,43,45,50,42,0,0,0,0
1770256952174232829,43,45,50,42,0,0,0,0
1770256952176185031,43,45,50,43,0,0,0,0
1770256952178150386,43,45,50,43,0,0,0,0
1770256952180307585,43,45,50,43,0,0,0,0
1770256952182560370,43,45,50,43,0,0,0,0
1770256952184500061,43,45,51,43,0,0,0,0
1770256952186573194,43,45,51,43,0,0,0,0
1770256952188421906,43,45,51,43,0,0,0,0
1770256952190479871,43,45,51,43,0,0,0,0
1770256952192247717,43,45,51,43,0,0,0,0
1770256952194183984,43,45,51,43,0,0,0,0
1770256952196259997,43,45,51,43,0,0,0,0
1770256952198221416,43,45,51,43,0,0,0,0
1770256952200187730,43,45,51,43,0,0,0,0
1770256952202888717,43,45,51,43,0,0,0,0
1770256952204370510,43,45,51,43,0,0,0,0
1770256952206025234,43,45,50,42,0,0,0,0
1770256952208537480,43,45,50,42,0,0,0,0
1770256952209669633,43,45,50,42,0,0,0,0
1770256952212411805,43,45,50,42,0,0,0,0
1770256952214319654,43,45,50,42,0,0,0,0
1770256952216292081,43,45,50,42,0,0,0,0
1770256952218739719,43,45,50,42,0,0,0,0
1770256952220300169,43,45,50,42,0,0,0,0
1770256952222311829,43,45,50,42,0,0,0,0
1770256952224012378,43,45,50,42,0,0,0,0
1770256952226135848,43,45,50,42,0,0,0,0
1770256952228233878,43,45,50,42,0,0,0,0
1770256952230059326,43,45,51,43,0,0,0,0
1770256952232265166,43,45,51,43,0,0,0,0
1770256952234524063,43,45,51,43,0,0,0,0
1770256952236455817,43,45,51,43,0,0,0,0
1770256952238584759,43,45,51,43,0,0,0,0
1770256952240532834,43,45,51,43,0,0,0,0
1770256952242352841,43,45,51,43,0,0,0,0
1770256952244178641,43,45,51,43,0,0,0,0
1770256952246092731,43,45,51,43,0,0,0,0
1770256952248317227,43,45,51,43,0,0,0,0
1770256952250104018,43,45,51,43,0,0,0,0
1770256952252383364,43,45,51,43,0,0,0,0
1770256952254588020,43,45,51,43,0,0,0,0
1770256952256556415,43,45,51,43,0,0,0,0
1770256952258362918,43,45,51,43,0,0,0,0
1770256952260195758,43,45,51,43,0,0,0,0
1770256952262384926,43,45,51,43,0,0,0,0
1770256952264313192,43,45,51,43,0,0,0,0
1770256952266114479,43,45,50,43,0,0,0,0
1770256952268359872,43,45,50,43,0,0,0,0
1770256952270245833,43,45,50,43,0,0,0,0
1770256952272256053,43,45,50,43,0,0,0,0
1770256952274619113,43,45,51,43,0,0,0,0
1770256952276544787,43,45,51,42,0,0,0,0
1770256952278538750,43,45,51,42,0,0,0,0
1770256952280582219,42,45,51,42,0,0,0,0
1770256952282286032,42,45,51,43,0,0,0,0
1770256952284297212,42,45,51,43,0,0,0,0
1770256952286123268,43,45,51,43,0,0,0,0
1770256952288603802,43,45,51,43,0,0,0,0
1770256952290581445,43,45,51,43,0,0,0,0
1770256952292940792,43,45,51,43,0,0,0,0
1770256952294170099,43,45,51,43,0,0,0,0
1770256952296309410,43,45,51,43,0,0,0,0
1770256952298111593,43,45,51,43,0,0,0,0
1770256952300060691,43,45,51,43,0,0,0,0
1770256952302302852,43,45,51,43,0,0,0,0
1770256952304022218,43,45,51,43,0,0,0,0
1770256952305704398,43,45,51,43,0,0,0,0
1770256952308156964,43,45,51,43,0,0,0,0
1770256952310018540,43,45,51,43,0,0,0,0
1770256952312176187,43,45,51,43,0,0,0,0
1770256952314526671,43,45,50,43,0,0,0,0
1770256952316581499,43,45,50,43,0,0,0,0
1770256952317863543,43,45,50,43,0,0,0,0
1770256952320640596,43,45,50,43,0,0,0,0
1770256952322567966,43,45,50,43,0,0,0,0
1770256952324276323,43,45,50,43,0,0,0,0
1770256952326151980,43,45,50,43,0,0,0,0
1770256952328068854,43,45,50,43,0,0,0,0
1770256952330319335,43,45,50,43,0,0,0,0
1770256952332137518,43,45,50,43,0,0,0,0
1770256952334552931,43,45,50,43,0,0,0,0
1770256952336680497,43,45,50,43,0,0,0,0
1770256952338318517,43,45,50,43,0,0,0,0
1770256952340375042,43,45,50,43,0,0,0,0
1770256952342618259,43,45,50,43,0,0,0,0
1770256952344203989,43,45,51,43,0,0,0,0
1770256952346030813,43,45,51,43,0,0,0,0
1770256952347912646,43,45,51,43,0,0,0,0
1770256952350187224,43,45,51,43,0,0,0,0
1770256952352032160,43,45,51,43,0,0,0,0
1770256952354182703,43,45,51,43,0,0,0,0
1770256952356459969,43,45,50,43,0,0,0,0
1770256952357911584,43,45,50,43,0,0,0,0
1770256952360376438,43,45,50,43,0,0,0,0
1770256952362142428,43,45,50,43,0,0,0,0
1770256952364590930,43,45,50,43,0,0,0,0
1770256952366501819,43,45,50,43,0,0,0,0
1770256952368481191,43,45,50,43,0,0,0,0
1770256952370702711,43,45,50,43,0,0,0,0
1770256952372272281,43,45,50,43,0,0,0,0
1770256952374311622,43,45,50,43,0,0,0,0
1770256952376052204,43,45,50,43,0,0,0,0
1770256952378270684,43,45,50,43,0,0,0,0
1770256952380147397,43,45,50,42,0,0,0,0
1770256952382359829,43,45,50,42,0,0,0,0
1770256952384455011,43,45,50,42,0,0,0,0
1770256952386324972,43,45,50,43,0,0,0,0
1770256952388575197,43,45,50,43,0,0,0,0
1770256952391170549,43,45,50,43,0,0,0,0
1770256952392368783,43,45,50,43,0,0,0,0
1770256952394392635,43,45,50,43,0,0,0,0
1770256952396269060,43,45,50,43,0,0,0,0
1770256952397645730,43,45,50,43,0,0,0,0
1770256952400313756,43,45,50,43,0,0,0,0
1770256952402233382,43,45,50,43,0,0,0,0
1770256952404275475,43,45,51,43,0,0,0,0
1770256952406572869,43,45,51,43,0,0,0,0
1770256952408518639,43,45,51,43,0,0,0,0
1770256952410564028,43,45,51,43,0,0,0,0
1770256952412640489,43,45,51,43,0,0,0,0
1770256952414561235,43,45,51,43,0,0,0,0
1770256952415722604,43,45,51,43,0,0,0,0
1770256952418107616,43,45,51,43,0,0,0,0
1770256952420283120,43,45,51,43,0,0,0,0
1770256952422307484,43,45,51,43,0,0,0,0
1770256952423955040,43,45,51,43,0,0,0,0
1770256952425613092,43,45,51,43,0,0,0,0
1770256952428062905,43,45,50,43,0,0,0,0
1770256952429987811,43,45,50,43,0,0,0,0
1770256952431902093,43,45,50,43,0,0,0,0
1770256952433917241,43,45,51,42,0,0,0,0
1770256952436460272,43,45,51,42,0,0,0,0
1770256952438478428,43,45,51,43,0,0,0,0
1770256952439744152,43,45,50,43,0,0,0,0
1770256952443012351,43,45,50,43,0,0,0,0
1770256952444474975,43,45,50,43,0,0,0,0
1770256952446127331,43,45,50,43,0,0,0,0
1770256952448285522,43,45,50,43,0,0,0,0
1770256952450208892,43,45,50,43,0,0,0,0
1770256952452003107,43,45,51,43,0,0,0,0
1770256952454277173,43,45,51,43,0,0,0,0
1770256952456500293,43,45,51,43,0,0,0,0
1770256952458588307,43,45,51,43,0,0,0,0
1770256952460364633,42,45,51,43,0,0,0,0
1770256952462091519,42,45,51,43,0,0,0,0
1770256952464437714,42,45,50,43,0,0,0,0
1770256952466371548,42,45,50,43,0,0,0,0
1770256952468492298,42,45,50,43,0,0,0,0
1770256952470648473,42,45,50,43,0,0,0,0
1770256952472664549,43,45,50,43,0,0,0,0
1770256952474701842,43,45,50,43,0,0,0,0
1770256952476276916,43,45,51,43,0,0,0,0
1770256952478263103,43,45,51,43,0,0,0,0
1770256952480278859,43,45,51,43,0,0,0,0
1770256952482347864,43,45,51,43,0,0,0,0
1770256952484155968,43,45,51,43,0,0,0,0
1770256952486138315,43,45,51,43,0,0,0,0
1770256952488386908,43,45,51,43,0,0,0,0
1770256952490173827,43,45,51,43,0,0,0,0
1770256952492290289,43,45,51,43,0,0,0,0
1770256952494325790,43,45,50,43,0,0,0,0
1770256952496220071,43,45,50,43,0,0,0,0
1770256952498216338,43,45,50,43,0,0,0,0
1770256952500169245,43,45,51,43,0,0,0,0
1770256952502146216,43,45,51,43,0,0,0,0
1770256952503955983,43,45,51,43,0,0,0,0
1770256952506434245,43,45,51,43,0,0,0,0
1770256952508701079,43,45,51,43,0,0,0,0
1770256952510571008,43,45,51,43,0,0,0,0
1770256952512516330,43,45,50,43,0,0,0,0
1770256952514416819,43,45,50,43,0,0,0,0
1770256952516377246,43,45,50,43,0,0,0,0
1770256952518376778,43,45,50,43,0,0,0,0
1770256952520163505,43,45,50,43,0,0,0,0
1770256952522123899,43,45,50,43,0,0,0,0
1770256952524388333,43,45,50,43,0,0,0,0
1770256952526129523,43,45,50,43,0,0,0,0
1770256952528064669,43,45,50,42,0,0,0,0
1770256952530639573,43,45,51,42,0,0,0,0
1770256952532419068,43,45,51,42,0,0,0,0
1770256952534453480,43,45,51,43,0,0,0,0
1770256952536379346,43,45,50,43,0,0,0,0
1770256952538251739,43,45,50,43,0,0,0,0
1770256952540000513,43,45,50,43,0,0,0,0
1770256952542272403,43,45,51,43,0,0,0,0
1770256952544398049,43,45,51,43,0,0,0,0
1770256952546241001,43,45,51,43,0,0,0,0
1770256952548600445,43,45,51,43,0,0,0,0
1770256952550492166,43,45,51,43,0,0,0,0
1770256952551735137,43,45,51,43,0,0,0,0
1770256952554339098,43,45,51,43,0,0,0,0
1770256952556034079,43,45,51,43,0,0,0,0
1770256952557584192,43,45,51,43,0,0,0,0
1770256952560164057,43,45,51,43,0,0,0,0
1770256952561923039,43,45,51,43,0,0,0,0
1770256952564207185,43,45,51,43,0,0,0,0
1770256952566626885,43,45,51,43,0,0,0,0
1770256952568965528,43,45,51,43,0,0,0,0
1770256952570900707,43,45,51,43,0,0,0,0
1770256952572960175,43,45,50,43,0,0,0,0
1770256952574413967,43,45,50,43,0,0,0,0
1770256952576081716,43,45,50,43,0,0,0,0
1770256952578271555,43,45,51,43,0,0,0,0
1770256952580305072,43,45,51,43,0,0,0,0
1770256952582244090,43,45,51,43,0,0,0,0
1770256952584320071,43,45,50,43,0,0,0,0
1770256952586450134,43,45,50,43,0,0,0,0
1770256952588608357,43,45,50,43,0,0,0,0
1770256952591248926,43,45,51,43,0,0,0,0
1770256952592381623,43,45,51,43,0,0,0,0
1770256952594280960,43,45,51,43,0,0,0,0
1770256952596007750,43,45,50,43,0,0,0,0
1770256952598031250,43,45,50,43,0,0,0,0
1770256952600103199,43,45,50,43,0,0,0,0
1770256952602104139,43,45,50,43,0,0,0,0
1770256952604180056,43,45,50,43,0,0,0,0
1770256952606429193,43,45,50,43,0,0,0,0
1770256952608581880,43,45,50,43,0,0,0,0
1770256952610336286,43,45,50,43,0,0,0,0
1770256952612165958,43,45,50,43,0,0,0,0
1770256952614519993,43,45,50,43,0,0,0,0
1770256952616459236,43,45,50,43,0,0,0,0
1770256952618252971,43,45,50,43,0,0,0,0
1770256952620677216,43,45,51,43,0,0,0,0
1770256952622403781,43,45,51,43,0,0,0,0
1770256952624383280,43,45,51,43,0,0,0,0
1770256952626385116,43,45,51,43,0,0,0,0
1770256952628252325,43,45,51,43,0,0,0,0
1770256952629577282,43,45,51,43,0,0,0,0
1770256952632692869,43,45,51,43,0,0,0,0
1770256952634533710,43,45,51,43,0,0,0,0
1770256952636143057,43,45,51,43,0,0,0,0
1770256952638490180,43,45,51,43,0,0,0,0
1770256952640518352,43,45,51,43,0,0,0,0
1770256952642338168,43,45,51,43,0,0,0,0
1770256952644251073,43,45,51,43,0,0,0,0
1770256952646233165,43,45,51,43,0,0,0,0
1770256952648081301,43,45,51,43,0,0,0,0
1770256952650350982,43,45,51,43,0,0,0,0
1770256952652612632,43,45,51,43,0,0,0,0
1770256952654394654,43,45,51,43,0,0,0,0
1770256952656420523,43,45,51,43,0,0,0,0
1770256952658275667,43,45,51,43,0,0,0,0
1770256952660507588,43,45,51,43,0,0,0,0
1770256952662456974,43,45,51,43,0,0,0,0
1770256952664191700,43,45,51,43,0,0,0,0
1770256952666221472,43,45,51,43,0,0,0,0
1770256952668296269,43,45,50,43,0,0,0,0
1770256952670307993,43,45,50,43,0,0,0,0
1770256952672459432,43,45,50,43,0,0,0,0
1770256952674579862,43,45,50,43,0,0,0,0
1770256952676516449,43,45,50,43,0,0,0,0
1770256952678488492,43,45,50,43,0,0,0,0
1770256952680518872,43,45,50,43,0,0,0,0
1770256952682242397,43,45,50,43,0,0,0,0
1770256952684321579,43,45,50,43,0,0,0,0
1770256952686196788,42,45,50,43,0,0,0,0
1770256952688147614,42,45,50,43,0,0,0,0
1770256952690182922,42,45,50,43,0,0,0,0
1770256952692682401,43,45,51,43,0,0,0,0
1770256952694517577,43,45,51,43,0,0,0,0
1770256952696262671,43,45,50,43,0,0,0,0
1770256952698465087,43,45,50,43,0,0,0,0
1770256952700404521,43,45,50,43,0,0,0,0
1770256952701986796,43,45,50,43,0,0,0,0
1770256952704305438,43,45,50,43,0,0,0,0
1770256952706159719,43,45,50,43,0,0,0,0
1770256952708229300,43,45,50,43,0,0,0,0
1770256952710379555,43,45,51,43,0,0,0,0
1770256952712534866,43,45,51,43,0,0,0,0
1770256952714663808,43,45,51,43,0,0,0,0
1770256952716653323,43,45,50,43,0,0,0,0
1770256952718545717,43,45,50,43,0,0,0,0
1770256952720672035,43,45,50,43,0,0,0,0
1770256952722195492,43,45,51,43,0,0,0,0
1770256952724204752,43,45,51,43,0,0,0,0
1770256952726152186,43,45,51,43,0,0,0,0
1770256952728450893,43,45,51,43,0,0,0,0
1770256952730452920,43,45,51,43,0,0,0,0
1770256952732311425,43,45,51,43,0,0,0,0
1770256952734389262,43,45,51,43,0,0,0,0
1770256952736486780,43,45,51,43,0,0,0,0
1770256952737703702,43,45,51,43,0,0,0,0
1770256952740337552,43,45,51,43,0,0,0,0
1770256952742169848,43,45,51,43,0,0,0,0
1770256952744127010,43,45,50,43,0,0,0,0
1770256952746340499,43,45,50,43,0,0,0,0
1770256952748377471,43,45,50,43,0,0,0,0
1770256952750462252,43,45,50,43,0,0,0,0
1770256952752405655,43,45,50,43,0,0,0,0
1770256952754480356,43,45,50,43,0,0,0,0
1770256952756698452,43,45,50,43,0,0,0,0
1770256952758294999,43,45,50,42,0,0,0,0
1770256952760235905,43,45,50,42,0,0,0,0
1770256952762209900,43,45,50,42,0,0,0,0
1770256952764283482,43,45,51,42,0,0,0,0
1770256952766527179,43,45,51,42,0,0,0,0
1770256952768411316,43,45,51,43,0,0,0,0
1770256952770573059,43,45,51,43,0,0,0,0
1770256952772263240,43,45,51,43,0,0,0,0
1770256952774400502,43,45,50,43,0,0,0,0
1770256952776147164,43,45,50,43,0,0,0,0
1770256952778275947,43,45,50,43,0,0,0,0
1770256952780097554,43,45,51,43,0,0,0,0
1770256952782304994,43,45,51,43,0,0,0,0
1770256952784302606,43,45,51,43,0,0,0,0
1770256952786334266,43,45,51,43,0,0,0,0
1770256952788460521,43,45,51,43,0,0,0,0
1770256952790534614,43,45,51,43,0,0,0,0
1770256952792689669,43,45,51,43,0,0,0,0
1770256952794543789,43,45,51,43,0,0,0,0
1770256952796361301,43,45,51,43,0,0,0,0
1770256952798068538,43,45,51,43,0,0,0,0
1770256952800280682,43,45,50,43,0,0,0,0
1770256952802109490,43,45,50,43,0,0,0,0
1770256952804346275,43,45,50,43,0,0,0,0
1770256952806386095,43,45,50,43,0,0,0,0
1770256952808319641,43,45,50,43,0,0,0,0
1770256952809866683,43,45,50,43,0,0,0,0
1770256952811999338,43,45,50,43,0,0,0,0
1770256952814021910,43,45,50,43,0,0,0,0
1770256952816052258,43,45,50,43,0,0,0,0
1770256952818153008,43,45,51,43,0,0,0,0
1770256952820340575,43,45,51,43,0,0,0,0
1770256952822518831,43,45,51,43,0,0,0,0
1770256952824372087,43,45,51,43,0,0,0,0
1770256952826388547,43,45,51,43,0,0,0,0
1770256952828216779,43,45,51,43,0,0,0,0
1770256952830178358,43,45,51,43,0,0,0,0
1770256952832135137,43,45,51,43,0,0,0,0
1770256952834365617,43,45,51,43,0,0,0,0
1770256952836075158,43,45,51,43,0,0,0,0
1770256952838359720,43,45,51,43,0,0,0,0
1770256952840412789,43,45,50,43,0,0,0,0
1770256952842490210,43,45,50,43,0,0,0,0
1770256952844276201,43,45,50,43,0,0,0,0
1770256952846627196,43,45,50,43,0,0,0,0
1770256952848342882,43,45,51,43,0,0,0,0
1770256952850117256,43,45,51,43,0,0,0,0
1770256952852059059,43,45,51,43,0,0,0,0
1770256952854110720,43,45,50,43,0,0,0,0
1770256952855912743,43,45,50,43,0,0,0,0
1770256952857562539,43,45,50,43,0,0,0,0
1770256952860266854,43,45,50,43,0,0,0,0
1770256952862045868,43,45,50,43,0,0,0,0
1770256952864270877,43,45,50,43,0,0,0,0
1770256952866296809,43,45,50,43,0,0,0,0
1770256952868105009,43,45,50,43,0,0,0,0
1770256952870294048,43,45,50,43,0,0,0,0
1770256952872534577,43,45,51,43,0,0,0,0
1770256952874672288,43,45,51,43,0,0,0,0
1770256952876503592,43,45,51,43,0,0,0,0
1770256952878447154,43,45,51,43,0,0,0,0
1770256952880419869,43,45,51,43,0,0,0,0
1770256952882338695,43,45,51,43,0,0,0,0
1770256952884625049,43,45,51,43,0,0,0,0
1770256952886520034,43,45,51,43,0,0,0,0
1770256952888478157,43,45,51,43,0,0,0,0
1770256952890372630,43,45,51,43,0,0,0,0
1770256952892190878,43,45,51,43,0,0,0,0
1770256952894291883,43,45,51,43,0,0,0,0
1770256952896271126,43,45,51,43,0,0,0,0
1770256952898190080,43,45,51,43,0,0,0,0
1770256952900474578,43,45,51,43,0,0,0,0
1770256952902322522,43,45,51,43,0,0,0,0
1770256952904668301,43,45,51,43,0,0,0,0
1770256952906610968,43,45,51,43,0,0,0,0
1770256952908632644,43,45,51,43,0,0,0,0
1770256952910409195,43,45,51,43,0,0,0,0
1770256952912061455,43,45,51,43,0,0,0,0
1770256952914074907,42,45,51,43,0,0,0,0
1770256952916028485,42,45,51,43,0,0,0,0
1770256952917972207,42,45,51,43,0,0,0,0
1770256952920029084,42,45,50,43,0,0,0,0
1770256952922101897,43,45,50,43,0,0,0,0
1770256952924220920,43,45,50,43,0,0,0,0
1770256952926178082,43,45,51,43,0,0,0,0
1770256952928297809,43,45,51,43,0,0,0,0
1770256952930215386,43,45,51,43,0,0,0,0
1770256952932518701,43,45,51,43,0,0,0,0
1770256952934465591,43,45,51,43,0,0,0,0
1770256952936568613,43,45,51,43,0,0,0,0
1770256952938619121,43,45,51,43,0,0,0,0
1770256952940555676,43,45,51,43,0,0,0,0
1770256952942403396,43,45,51,43,0,0,0,0
1770256952944019623,43,45,51,43,0,0,0,0
1770256952946103573,43,45,51,43,0,0,0,0
1770256952947868667,43,45,51,43,0,0,0,0
1770256952950102284,43,45,51,43,0,0,0,0
1770256952952279995,43,45,51,43,0,0,0,0
1770256952954441962,43,45,51,43,0,0,0,0
1770256952956572473,43,45,50,43,0,0,0,0
1770256952958485378,43,45,50,43,0,0,0,0
1770256952960698803,43,45,50,43,0,0,0,0
1770256952962256501,43,45,50,43,0,0,0,0
1770256952963904665,43,45,50,43,0,0,0,0
1770256952966182122,43,45,50,42,0,0,0,0
1770256952968104500,43,45,50,42,0,0,0,0
1770256952970106112,43,45,50,42,0,0,0,0
1770256952971906119,43,45,50,43,0,0,0,0
1770256952974515040,43,45,50,43,0,0,0,0
1770256952976501227,43,45,50,43,0,0,0,0
1770256952978697627,43,45,50,43,0,0,0,0
1770256952980587140,43,45,50,43,0,0,0,0
1770256952982517806,43,45,50,43,0,0,0,0
1770256952984208787,43,45,50,43,0,0,0,0
1770256952986299489,43,45,51,43,0,0,0,0
1770256952988190154,43,45,51,43,0,0,0,0
1770256952990293976,43,45,51,43,0,0,0,0
1770256952992561449,43,45,51,43,0,0,0,0
1770256952993635041,43,45,51,43,0,0,0,0
1770256952996463070,43,45,51,43,0,0,0,0
1770256952998192964,43,45,51,43,0,0,0,0
1770256953000199568,43,45,51,43,0,0,0,0
1770256953002075577,43,45,51,43,0,0,0,0
1770256953004023875,43,45,51,43,0,0,0,0
1770256953006285076,43,45,51,43,0,0,0,0
1770256953008398274,43,45,51,43,0,0,0,0
1770256953010575122,43,45,51,43,0,0,0,0
1770256953012448667,43,45,51,43,0,0,0,0
1770256953014265666,43,45,51,43,0,0,0,0
1770256953016275566,43,45,51,43,0,0,0,0
1770256953018195960,43,45,51,43,0,0,0,0
1770256953020175139,43,45,51,43,0,0,0,0
1770256953022090925,43,45,51,43,0,0,0,0
1770256953024078264,43,45,51,43,0,0,0,0
1770256953026557102,43,45,51,43,0,0,0,0
1770256953028587994,43,45,51,43,0,0,0,0
1770256953030579366,43,45,51,43,0,0,0,0
1770256953032520112,43,45,51,43,0,0,0,0
1770256953034237686,43,45,51,43,0,0,0,0
1770256953036265282,43,45,51,43,0,0,0,0
1770256953038227469,43,45,51,43,0,0,0,0
1770256953040135574,43,45,51,43,0,0,0,0
1770256953042432840,43,45,51,43,0,0,0,0
1770256953044486773,43,45,51,43,0,0,0,0
1770256953046543970,43,45,50,43,0,0,0,0
1770256953048595279,43,45,50,43,0,0,0,0
1770256953050462391,43,45,51,43,0,0,0,0
1770256953052460003,43,45,51,43,0,0,0,0
1770256953054419597,43,45,51,43,0,0,0,0
1770256953055957999,43,45,50,43,0,0,0,0
1770256953058007836,43,45,50,43,0,0,0,0
1770256953059886533,43,45,50,43,0,0,0,0
1770256953061988850,43,45,50,43,0,0,0,0
1770256953064107169,43,45,50,43,0,0,0,0
1770256953066392658,43,45,50,43,0,0,0,0
1770256953068559138,43,45,50,43,0,0,0,0
1770256953070533613,43,45,50,43,0,0,0,0
1770256953071774504,43,45,50,43,0,0,0,0
1770256953074571973,43,45,50,43,0,0,0,0
1770256953075813120,43,45,51,43,0,0,0,0
1770256953078281846,43,45,51,43,0,0,0,0
1770256953080462821,43,45,51,43,0,0,0,0
1770256953082053352,43,45,50,43,0,0,0,0
1770256953084138325,43,45,50,43,0,0,0,0
1770256953086643500,43,45,50,43,0,0,0,0
1770256953088633399,43,45,50,43,0,0,0,0
1770256953090281979,43,45,50,43,0,0,0,0
1770256953092474987,43,45,50,43,0,0,0,0
1770256953094694939,43,45,51,43,0,0,0,0
1770256953096311199,42,45,51,43,0,0,0,0
1770256953098073925,42,45,50,43,0,0,0,0
1770256953100311126,43,45,50,43,0,0,0,0
1770256953102054460,43,45,50,43,0,0,0,0
1770256953104327373,43,45,51,43,0,0,0,0
1770256953106502237,43,45,51,43,0,0,0,0
1770256953107666294,43,45,51,43,0,0,0,0
1770256953110262415,43,45,51,43,0,0,0,0
1770256953112262330,43,45,51,43,0,0,0,0
1770256953114411721,43,45,51,43,0,0,0,0
1770256953116042125,43,45,51,43,0,0,0,0
1770256953118674310,43,45,51,43,0,0,0,0
1770256953120399564,43,45,51,43,0,0,0,0
1770256953122283733,43,45,51,43,0,0,0,0
1770256953124636040,43,45,51,43,0,0,0,0
1770256953126448079,43,45,51,43,0,0,0,0
1770256953128189429,43,45,51,43,0,0,0,0
1770256953130361349,43,45,51,43,0,0,0,0
1770256953132229357,43,45,51,43,0,0,0,0
1770256953134286714,43,45,50,43,0,0,0,0
1770256953136344295,43,45,50,43,0,0,0,0
1770256953138007851,43,45,50,43,0,0,0,0
1770256953140059960,43,45,50,43,0,0,0,0
1770256953142004547,43,45,51,43,0,0,0,0
1770256953143572645,43,45,51,43,0,0,0,0
1770256953146054683,43,45,51,43,0,0,0,0
1770256953148310380,43,45,50,43,0,0,0,0
1770256953150656767,43,45,50,43,0,0,0,0
1770256953152514664,43,45,50,43,0,0,0,0
1770256953154514963,43,45,50,43,0,0,0,0
1770256953156446301,43,45,50,43,0,0,0,0
1770256953157679800,43,45,51,42,0,0,0,0
1770256953160322482,43,45,51,42,0,0,0,0
1770256953162663429,43,45,51,42,0,0,0,0
1770256953164630032,43,45,50,43,0,0,0,0
1770256953166566138,43,45,50,43,0,0,0,0
1770256953168455939,43,45,50,43,0,0,0,0
1770256953170502640,43,45,51,43,0,0,0,0
1770256953172297271,43,45,51,43,0,0,0,0
1770256953174270082,43,45,51,43,0,0,0,0
1770256953176361807,43,45,51,43,0,0,0,0
1770256953178622497,43,45,51,43,0,0,0,0
1770256953180603564,43,45,51,43,0,0,0,0
1770256953182583255,43,45,51,43,0,0,0,0
1770256953184371998,43,45,51,43,0,0,0,0
1770256953186287688,43,45,51,43,0,0,0,0
1770256953188159921,43,45,51,43,0,0,0,0
1770256953190190013,43,45,50,43,0,0,0,0
1770256953192228585,43,45,50,43,0,0,0,0
1770256953194198228,43,45,51,43,0,0,0,0
1770256953196222176,43,45,51,43,0,0,0,0
1770256953198508722,43,45,51,43,0,0,0,0
1770256953200542174,43,45,51,43,0,0,0,0
1770256953202511273,43,45,51,43,0,0,0,0
1770256953204413395,43,45,51,43,0,0,0,0
1770256953206677060,43,45,51,43,0,0,0,0
1770256953208338568,43,45,51,43,0,0,0,0
1770256953209593092,43,45,51,43,0,0,0,0
1770256953212258014,43,45,51,43,0,0,0,0
1770256953214202184,43,45,51,43,0,0,0,0
1770256953216049744,43,45,51,43,0,0,0,0
1770256953218652585,43,45,51,42,0,0,0,0
1770256953220535634,43,45,51,42,0,0,0,0
1770256953222117909,43,45,51,42,0,0,0,0
1770256953224464328,43,45,51,43,0,0,0,0
1770256953226379986,43,45,51,43,0,0,0,0
1770256953228520448,43,45,51,43,0,0,0,0
1770256953230191877,43,45,51,43,0,0,0,0
1770256953232252082,43,45,51,43,0,0,0,0
1770256953234296030,43,45,51,43,0,0,0,0
1770256953236381708,43,45,51,43,0,0,0,0
1770256953238386647,43,45,51,43,0,0,0,0
1770256953240246560,43,45,51,43,0,0,0,0
1770256953242177066,43,45,51,43,0,0,0,0
1770256953244139573,43,45,51,43,0,0,0,0
1770256953246253859,43,45,51,43,0,0,0,0
1770256953248227918,43,45,51,43,0,0,0,0
1770256953250040661,43,45,51,43,0,0,0,0
1770256953252172548,43,45,51,43,0,0,0,0
1770256953254098158,43,45,51,43,0,0,0,0
1770256953256013559,43,45,51,43,0,0,0,0
1770256953258108805,43,45,51,43,0,0,0,0
1770256953260575771,43,45,51,43,0,0,0,0
1770256953262432931,43,45,51,43,0,0,0,0
1770256953265036252,43,45,51,43,0,0,0,0
1770256953266547293,43,45,51,42,0,0,0,0
1770256953268579177,43,45,51,42,0,0,0,0
1770256953270584789,43,45,51,42,0,0,0,0
1770256953273289776,43,45,51,42,0,0,0,0
1770256953275456927,43,45,51,42,0,0,0,0
1770256953277387433,43,45,51,42,0,0,0,0
1770256953279437014,43,45,51,43,0,0,0,0
1770256953280359754,43,45,51,43,0,0,0,0
1770256953282354454,43,45,51,43,0,0,0,0
1770256953284132636,43,45,51,43,0,0,0,0
1770256953285958564,43,45,51,43,0,0,0,0
1770256953288052242,43,45,51,43,0,0,0,0
1770256953289970428,43,45,50,43,0,0,0,0
1770256953292381168,43,45,50,43,0,0,0,0
1770256953294226680,43,45,50,43,0,0,0,0
1770256953296495786,43,45,50,43,0,0,0,0
1770256953298473397,43,45,50,43,0,0,0,0
1770256953300556994,43,45,50,43,0,0,0,0
1770256953301676955,43,45,50,43,0,0,0,0
1770256953304112784,43,45,50,43,0,0,0,0
1770256953306006681,43,45,50,43,0,0,0,0
1770256953308112679,43,45,50,43,0,0,0,0
1770256953310110803,43,45,50,43,0,0,0,0
1770256953312288706,43,45,50,43,0,0,0,0
1770256953314500242,43,45,50,43,0,0,0,0
1770256953316660001,43,45,50,43,0,0,0,0
1770256953318532106,43,45,50,43,0,0,0,0
1770256953320445844,43,45,50,43,0,0,0,0
1770256953322167321,43,45,50,43,0,0,0,0
1770256953324147749,43,45,50,43,0,0,0,0
1770256953326193265,43,45,50,43,0,0,0,0
1770256953328177884,43,45,50,43,0,0,0,0
1770256953330055781,43,45,50,43,0,0,0,0
1770256953332609469,43,45,50,43,0,0,0,0
1770256953334264769,43,45,50,43,0,0,0,0
1770256953336504402,43,45,50,43,0,0,0,0
1770256953337717868,43,45,50,43,0,0,0,0
1770256953340306437,43,45,50,43,0,0,0,0
1770256953342484116,43,45,50,43,0,0,0,0
1770256953344171257,43,45,51,43,0,0,0,0
1770256953346277479,43,45,51,43,0,0,0,0
1770256953348219601,43,45,51,43,0,0,0,0
1770256953350029881,43,45,51,43,0,0,0,0
1770256953352468046,43,45,50,43,0,0,0,0
1770256953354569084,43,45,50,43,0,0,0,0
1770256953356624072,43,45,51,43,0,0,0,0
1770256953358539474,43,45,51,43,0,0,0,0
1770256953360576671,43,45,51,43,0,0,0,0
1770256953361909852,43,45,51,43,0,0,0,0
1770256953364091371,43,45,51,43,0,0,0,0
1770256953366014229,43,45,51,43,0,0,0,0
1770256953368190597,43,45,50,43,0,0,0,0
1770256953369975083,43,45,50,43,0,0,0,0
1770256953372248701,43,45,50,43,0,0,0,0
1770256953374352907,43,45,51,43,0,0,0,0
1770256953376445528,43,45,51,43,0,0,0,0
1770256953378462884,43,45,51,43,0,0,0,0
1770256953380525873,43,45,50,42,0,0,0,0
1770256953382970503,43,45,50,42,0,0,0,0
1770256953385512094,43,45,50,42,0,0,0,0
1770256953392334547,42,45,50,42,0,0,0,0
1770256953392808413,42,45,51,42,0,0,0,0
1770256953394132602,42,45,51,42,0,0,0,0
1770256953396016355,43,45,51,42,0,0,0,0
1770256953398114833,43,45,51,43,0,0,0,0
1770256953399963545,43,45,51,43,0,0,0,0
1770256953401540955,43,45,51,43,0,0,0,0
1770256953405089321,43,45,51,43,0,0,0,0
1770256953406408134,43,45,51,43,0,0,0,0
1770256953408628886,43,45,51,43,0,0,0,0
1770256953410638658,43,45,51,43,0,0,0,0
1770256953412616461,43,45,51,43,0,0,0,0
1770256953414195535,43,45,51,43,0,0,0,0
1770256953416082136,43,45,51,43,0,0,0,0
1770256953418107653,43,45,51,43,0,0,0,0
1770256953420427639,43,45,51,43,0,0,0,0
1770256953422075707,43,45,50,43,0,0,0,0
1770256953424210122,43,45,50,43,0,0,0,0
1770256953426146772,43,45,50,43,0,0,0,0
1770256953428155744,43,45,50,43,0,0,0,0
1770256953430213292,43,45,50,43,0,0,0,0
1770256953432237528,43,45,50,43,0,0,0,0
1770256953434418376,43,45,51,43,0,0,0,0
1770256953436587639,43,45,51,43,0,0,0,0
1770256953438440544,43,45,51,43,0,0,0,0
1770256953440410539,43,45,51,43,0,0,0,0
1770256953442332725,43,45,51,43,0,0,0,0
1770256953443718675,43,45,51,43,0,0,0,0
1770256953446377293,43,45,51,43,0,0,0,0
1770256953448303479,43,45,51,43,0,0,0,0
1770256953450404004,43,45,51,43,0,0,0,0
1770256953452072681,43,45,51,43,0,0,0,0
1770256953454170807,42,45,51,43,0,0,0,0
1770256953456607852,42,45,51,43,0,0,0,0
1770256953458523541,42,45,51,43,0,0,0,0
1770256953460589378,43,45,51,43,0,0,0,0
1770256953462648559,43,45,51,43,0,0,0,0
1770256953464163216,43,45,51,43,0,0,0,0
1770256953466171868,43,45,51,43,0,0,0,0
1770256953468302635,43,45,51,43,0,0,0,0
1770256953470145075,43,45,51,43,0,0,0,0
1770256953471969402,43,45,51,43,0,0,0,0
1770256953474479921,43,45,51,43,0,0,0,0
1770256953476444508,43,45,51,42,0,0,0,0
1770256953478295876,43,45,51,42,0,0,0,0
1770256953480522197,43,45,51,42,0,0,0,0
1770256953482476544,43,45,50,43,0,0,0,0
1770256953484323592,43,45,50,43,0,0,0,0
1770256953486140527,43,45,50,43,0,0,0,0
1770256953488205532,43,45,51,43,0,0,0,0
1770256953490061573,43,45,51,43,0,0,0,0
1770256953492041968,43,45,51,43,0,0,0,0
1770256953494308769,43,45,50,43,0,0,0,0
1770256953496035015,43,45,50,43,0,0,0,0
1770256953498042067,43,45,50,43,0,0,0,0
1770256953500075327,43,45,51,43,0,0,0,0
1770256953502085547,43,45,51,43,0,0,0,0
1770256953504173656,43,45,51,43,0,0,0,0
1770256953505995136,43,45,51,43,0,0,0,0
1770256953508032173,43,45,51,43,0,0,0,0
1770256953509979703,43,45,51,43,0,0,0,0
1770256953512059428,43,45,51,43,0,0,0,0
1770256953513914573,43,45,51,43,0,0,0,0
1770256953517702111,43,45,51,43,0,0,0,0
1770256953520491772,43,45,50,43,0,0,0,0
1770256953522818703,43,45,50,43,0,0,0,0
1770256953525253828,43,45,50,43,0,0,0,0
1770256953526271066,43,45,50,43,0,0,0,0
1770256953528067169,43,45,50,43,0,0,0,0
1770256953530205712,43,45,50,43,0,0,0,0
1770256953532265405,43,45,50,43,0,0,0,0
1770256953534294921,43,45,50,43,0,0,0,0
1770256953536090320,43,45,50,43,0,0,0,0
1770256953537977337,43,45,50,43,0,0,0,0
1770256953540370413,43,45,50,43,0,0,0,0
1770256953542432026,43,45,50,43,0,0,0,0
1770256953544630058,43,45,50,43,0,0,0,0
1770256953546286606,43,45,50,43,0,0,0,0
1770256953548454494,43,45,50,43,0,0,0,0
1770256953550320262,43,45,50,43,0,0,0,0
1770256953552296977,43,45,50,43,0,0,0,0
1770256953554012215,43,45,51,43,0,0,0,0
1770256953556202534,43,45,51,43,0,0,0,0
1770256953558386454,43,45,51,43,0,0,0,0
1770256953560587270,43,45,51,43,0,0,0,0
1770256953561820001,43,45,51,43,0,0,0,0
1770256953564753633,43,45,51,43,0,0,0,0
1770256953566538088,43,45,51,43,0,0,0,0
1770256953568217708,43,45,51,43,0,0,0,0
1770256953570261433,43,45,51,43,0,0,0,0
1770256953572319814,43,45,51,43,0,0,0,0
1770256953573624834,43,45,51,43,0,0,0,0
1770256953576445792,43,45,51,43,0,0,0,0
1770256953578462700,43,45,51,43,0,0,0,0
1770256953580582618,43,45,51,43,0,0,0,0
1770256953582460931,43,45,51,43,0,0,0,0
1770256953584623506,43,45,50,43,0,0,0,0
1770256953586504411,43,45,50,43,0,0,0,0
1770256953588320643,43,45,50,43,0,0,0,0
1770256953590151306,43,45,51,43,0,0,0,0
1770256953592273849,43,45,51,43,0,0,0,0
1770256953594354374,43,45,51,43,0,0,0,0
1770256953596068939,43,45,50,43,0,0,0,0
1770256953598496576,43,45,50,43,0,0,0,0
1770256953600504012,43,45,50,43,0,0,0,0
1770256953602406486,43,45,51,42,0,0,0,0
1770256953604484451,43,45,51,42,0,0,0,0
1770256953606511407,43,45,51,42,0,0,0,0
1770256953608337175,43,45,51,43,0,0,0,0
1770256953610087933,43,45,51,43,0,0,0,0
1770256953612296205,43,45,51,43,0,0,0,0
1770256953614257496,43,45,51,43,0,0,0,0
1770256953616017214,43,45,51,43,0,0,0,0
1770256953618382002,43,45,51,43,0,0,0,0
1770256953620566593,43,45,51,43,0,0,0,0
1770256953622557645,43,45,51,43,0,0,0,0
1770256953624485239,43,45,51,43,0,0,0,0
1770256953626561476,43,45,51,43,0,0,0,0
1770256953628349739,43,45,51,43,0,0,0,0
1770256953630109201,43,45,51,43,0,0,0,0
1770256953632319042,43,45,51,43,0,0,0,0
1770256953634315597,42,45,51,43,0,0,0,0
1770256953636536669,42,45,51,43,0,0,0,0
1770256953638619083,42,45,51,43,0,0,0,0
1770256953640574837,43,45,51,43,0,0,0,0
1770256953642455006,43,45,51,43,0,0,0,0
1770256953644758193,43,45,50,43,0,0,0,0
1770256953646376948,43,45,50,43,0,0,0,0
1770256953648396416,43,45,50,43,0,0,0,0
1770256953650093573,43,45,51,43,0,0,0,0
1770256953652322806,43,45,51,43,0,0,0,0
1770256953654509957,43,45,51,43,0,0,0,0
1770256953656578098,43,45,51,43,0,0,0,0
1770256953658383738,43,45,51,43,0,0,0,0
1770256953660197985,43,45,51,43,0,0,0,0
1770256953662211181,43,45,51,43,0,0,0,0
1770256953664130263,43,45,51,43,0,0,0,0
1770256953666336007,43,45,51,43,0,0,0,0
1770256953668128398,43,45,51,43,0,0,0,0
1770256953670235260,43,45,51,43,0,0,0,0
1770256953672455372,43,45,51,43,0,0,0,0
1770256953674882625,43,45,51,43,0,0,0,0
1770256953676378370,43,45,51,43,0,0,0,0
1770256953678492848,43,45,51,43,0,0,0,0
1770256953679851310,43,45,51,43,0,0,0,0
1770256953682029949,43,45,51,43,0,0,0,0
1770256953683671425,43,45,51,43,0,0,0,0
1770256953686114134,43,45,51,43,0,0,0,0
1770256953687614967,43,45,51,43,0,0,0,0
1770256953690309169,43,45,51,43,0,0,0,0
1770256953692538754,43,45,50,43,0,0,0,0
1770256953694208390,43,45,50,43,0,0,0,0
1770256953696191090,43,45,50,43,0,0,0,0
1770256953698273791,43,45,50,43,0,0,0,0
1770256953700488975,43,45,50,43,0,0,0,0
1770256953701977616,43,45,50,42,0,0,0,0
1770256953704096318,43,45,50,42,0,0,0,0
1770256953706181291,43,45,50,42,0,0,0,0
1770256953708133046,43,45,50,42,0,0,0,0
1770256953710069184,43,45,50,43,0,0,0,0
1770256953712458772,43,45,50,43,0,0,0,0
1770256953714556194,43,45,50,43,0,0,0,0
1770256953716507117,43,45,51,43,0,0,0,0
1770256953717687814,43,45,51,43,0,0,0,0
1770256953720595174,43,45,51,43,0,0,0,0
1770256953722134055,43,45,51,43,0,0,0,0
1770256953723641384,43,45,51,43,0,0,0,0
1770256953726327939,43,45,51,43,0,0,0,0
1770256953728210412,43,45,51,43,0,0,0,0
1770256953729982642,43,45,51,43,0,0,0,0
1770256953732347014,43,45,51,43,0,0,0,0
1770256953734531253,43,45,51,43,0,0,0,0
1770256953736753254,43,45,51,43,0,0,0,0
1770256953738744497,43,45,51,43,0,0,0,0
1770256953740581529,43,45,51,43,0,0,0,0
1770256953742207389,43,45,51,43,0,0,0,0
1770256953744157447,43,45,51,43,0,0,0,0
1770256953746001135,43,45,51,43,0,0,0,0
1770256953748010747,43,45,51,43,0,0,0,0
1770256953749529180,43,45,51,43,0,0,0,0
1770256953752336537,43,45,51,43,0,0,0,0
1770256953754379910,43,45,51,43,0,0,0,0
1770256953756574262,43,45,51,43,0,0,0,0
1770256953758543681,43,45,50,43,0,0,0,0
1770256953760302791,43,45,50,43,0,0,0,0
1770256953762745308,43,45,50,43,0,0,0,0
1770256953765057647,43,45,50,43,0,0,0,0
1770256953766495086,43,45,50,43,0,0,0,0
1770256953769057254,43,45,50,43,0,0,0,0
1770256953770643208,43,45,50,42,0,0,0,0
1770256953772295276,43,45,50,42,0,0,0,0
1770256953774248887,43,45,50,43,0,0,0,0
1770256953776005181,43,45,51,43,0,0,0,0
1770256953778227726,43,45,51,43,0,0,0,0
1770256953780274010,43,45,51,43,0,0,0,0
1770256953782296070,43,45,51,43,0,0,0,0
1770256953784122126,43,45,51,43,0,0,0,0
1770256953786210396,43,45,51,43,0,0,0,0
1770256953788129190,43,45,51,43,0,0,0,0
1770256953790221011,43,45,51,43,0,0,0,0
1770256953792662056,43,45,51,43,0,0,0,0
1770256953794577490,43,45,51,43,0,0,0,0
1770256953796278071,43,45,51,43,0,0,0,0
1770256953798542089,43,45,51,43,0,0,0,0
1770256953800446578,43,45,51,43,0,0,0,0
1770256953802166296,43,45,51,43,0,0,0,0
1770256953803898397,43,45,51,43,0,0,0,0
1770256953805893865,43,45,50,43,0,0,0,0
1770256953808079128,43,45,50,43,0,0,0,0
1770256953809568537,43,45,50,43,0,0,0,0
1770256953812308789,43,45,51,43,0,0,0,0
1770256953814997711,43,45,51,43,0,0,0,0
1770256953816498096,43,45,51,43,0,0,0,0
1770256953819044295,43,45,51,43,0,0,0,0
1770256953820537352,43,45,51,43,0,0,0,0
1770256953822565908,43,45,51,43,0,0,0,0
1770256953824255353,43,45,51,43,0,0,0,0
1770256953826222340,43,45,51,43,0,0,0,0
1770256953828208271,43,45,51,43,0,0,0,0
1770256953830335166,43,45,51,43,0,0,0,0
1770256953832370186,43,45,51,43,0,0,0,0
1770256953834495128,43,45,51,43,0,0,0,0
1770256953836639271,43,45,51,43,0,0,0,0
1770256953838269706,43,45,51,43,0,0,0,0
1770256953841565330,43,45,51,43,0,0,0,0
1770256953842406469,43,45,51,43,0,0,0,0
1770256953844276557,43,45,51,43,0,0,0,0
1770256953846285273,43,45,51,43,0,0,0,0
1770256953848352262,43,45,51,43,0,0,0,0
1770256953850350706,43,45,51,43,0,0,0,0
1770256953852363198,43,45,51,43,0,0,0,0
1770256953854626287,43,45,50,43,0,0,0,0
1770256953856323060,43,45,50,43,0,0,0,0
1770256953858552677,43,45,50,43,0,0,0,0
1770256953860316811,43,45,50,43,0,0,0,0
1770256953862622781,43,45,50,43,0,0,0,0
1770256953864564744,43,45,50,43,0,0,0,0
1770256953865751713,43,45,51,43,0,0,0,0
1770256953868288377,43,45,51,43,0,0,0,0
1770256953870169186,43,45,51,43,0,0,0,0
1770256953872323665,43,45,51,43,0,0,0,0
1770256953874381726,43,45,51,43,0,0,0,0
1770256953875926783,43,45,51,43,0,0,0,0
1770256953878241074,43,45,51,43,0,0,0,0
1770256953879921526,43,45,51,43,0,0,0,0
1770256953881518841,43,45,51,43,0,0,0,0
1770256953884021488,43,45,51,43,0,0,0,0
1770256953886467749,43,45,51,43,0,0,0,0
1770256953888546034,43,45,51,43,0,0,0,0
1770256953889797166,43,45,51,43,0,0,0,0
1770256953892877233,43,45,51,43,0,0,0,0
1770256953894638071,43,45,51,43,0,0,0,0
1770256953896050422,43,45,51,43,0,0,0,0
1770256953898811314,43,45,51,43,0,0,0,0
1770256953901111748,43,45,51,43,0,0,0,0
1770256953903098159,43,45,51,43,0,0,0,0
1770256953904998617,43,45,51,43,0,0,0,0
1770256953906582587,43,45,51,43,0,0,0,0
1770256953908214079,43,45,51,43,0,0,0,0
1770256953910027943,43,45,51,43,0,0,0,0
1770256953912316344,43,45,51,43,0,0,0,0
1770256953914132320,43,45,51,43,0,0,0,0
1770256953916416626,43,45,51,43,0,0,0,0
1770256953918545504,43,45,51,43,0,0,0,0
1770256953920450698,43,45,51,43,0,0,0,0
1770256953922513527,43,45,51,43,0,0,0,0
1770256953924360031,43,45,51,43,0,0,0,0
1770256953926155558,43,45,51,43,0,0,0,0
1770256953928332277,43,45,51,43,0,0,0,0
1770256953930260000,43,45,51,43,0,0,0,0
1770256953932138376,43,45,50,43,0,0,0,0
1770256953934246934,43,45,50,43,0,0,0,0
1770256953936375749,43,45,50,43,0,0,0,0
1770256953938344080,43,45,50,43,0,0,0,0
1770256953940210552,43,45,50,43,0,0,0,0
1770256953942242981,43,45,50,43,0,0,0,0
1770256953944218928,43,45,50,43,0,0,0,0
1770256953945651759,43,45,50,43,0,0,0,0
1770256953948520526,43,45,50,43,0,0,0,0
1770256953949757512,43,45,51,43,0,0,0,0
1770256953952171677,43,45,51,43,0,0,0,0
1770256953954473935,43,45,51,43,0,0,0,0
1770256953956159348,43,45,51,43,0,0,0,0
1770256953958475655,43,45,51,43,0,0,0,0
1770256953960504243,43,45,51,43,0,0,0,0
1770256953962493726,43,45,51,43,0,0,0,0
1770256953964612204,43,45,51,43,0,0,0,0
1770256953966241232,43,45,51,43,0,0,0,0
1770256953968534754,43,45,51,43,0,0,0,0
1770256953970033698,43,45,51,43,0,0,0,0
1770256953972141616,43,45,51,43,0,0,0,0
1770256953974312704,43,45,51,43,0,0,0,0
1770256953976183944,43,45,51,43,0,0,0,0
1770256953978283126,43,45,51,43,0,0,0,0
1770256953980886095,43,45,51,43,0,0,0,0
1770256953982334479,43,45,51,43,0,0,0,0
1770256953983921201,43,45,51,43,0,0,0,0
1770256953986512714,43,45,51,43,0,0,0,0
1770256953988603607,43,45,51,43,0,0,0,0
1770256953990158937,43,45,51,43,0,0,0,0
1770256953992667376,43,45,51,43,0,0,0,0
1770256953994383957,43,45,51,43,0,0,0,0
1770256953996113979,43,45,51,43,0,0,0,0
1770256953998214953,42,45,51,43,0,0,0,0
1770256953999795499,42,45,51,43,0,0,0,0
1770256954002027132,42,45,51,43,0,0,0,0
1770256954004112201,42,45,51,43,0,0,0,0
1770256954005627562,43,45,51,43,0,0,0,0
1770256954008187138,43,45,51,43,0,0,0,0
1770256954010173485,43,45,51,43,0,0,0,0
1770256954012150040,43,45,51,43,0,0,0,0
1770256954013898623,43,45,51,43,0,0,0,0
1770256954016129967,43,45,51,43,0,0,0,0
1770256954017948343,43,45,51,43,0,0,0,0
1770256954020287690,43,45,51,43,0,0,0,0
1770256954022468985,43,45,51,43,0,0,0,0
1770256954024444580,43,45,51,43,0,0,0,0
1770256954026425008,43,45,51,43,0,0,0,0
1770256954028176310,43,45,51,43,0,0,0,0
1770256954030079007,43,45,51,43,0,0,0,0
1770256954032339536,43,45,51,43,0,0,0,0
1770256954034265626,43,45,51,43,0,0,0,0
1770256954036032577,43,45,51,43,0,0,0,0
1770256954038288274,43,45,51,43,0,0,0,0
1770256954040238493,43,45,51,43,0,0,0,0
1770256954042279657,43,45,51,43,0,0,0,0
1770256954044298869,43,45,51,43,0,0,0,0
1770256954046099868,43,45,51,43,0,0,0,0
1770256954048253483,43,45,51,43,0,0,0,0
1770256954050583134,43,45,51,43,0,0,0,0
1770256954052474919,43,45,51,43,0,0,0,0
1770256954053897382,43,45,51,43,0,0,0,0
1770256954056433470,43,45,51,43,0,0,0,0
1770256954058364680,43,45,51,43,0,0,0,0
1770256954060324786,43,45,51,43,0,0,0,0
1770256954062328094,43,45,50,43,0,0,0,0
1770256954064299081,43,45,50,43,0,0,0,0
1770256954066256724,43,45,50,43,0,0,0,0
1770256954068452484,43,45,50,43,0,0,0,0
1770256954070149257,43,45,50,43,0,0,0,0
1770256954071955120,43,45,50,43,0,0,0,0
1770256954074365508,43,45,50,43,0,0,0,0
1770256954076018152,43,45,51,43,0,0,0,0
1770256954078040085,43,45,51,43,0,0,0,0
1770256954080735503,43,45,51,43,0,0,0,0
1770256954082658905,43,45,51,43,0,0,0,0
1770256954084571459,43,45,51,43,0,0,0,0
1770256954086438828,43,45,50,43,0,0,0,0
1770256954088515993,43,45,50,43,0,0,0,0
1770256954090157469,43,45,50,43,0,0,0,0
1770256954091987909,43,45,50,43,0,0,0,0
1770256954093891246,43,45,51,43,0,0,0,0
1770256954095602867,43,45,51,43,0,0,0,0
1770256954097986503,43,45,51,43,0,0,0,0
1770256954100281017,43,45,51,43,0,0,0,0
1770256954102514506,43,45,51,43,0,0,0,0
1770256954104465877,43,45,51,42,0,0,0,0
1770256954106290972,43,45,51,42,0,0,0,0
1770256954107962465,43,45,51,42,0,0,0,0
1770256954110337845,43,45,51,42,0,0,0,0
1770256954112353312,43,45,51,43,0,0,0,0
1770256954114416429,43,45,51,43,0,0,0,0
1770256954116188916,43,45,51,43,0,0,0,0
1770256954118223968,43,45,51,43,0,0,0,0
1770256954120390288,43,45,51,43,0,0,0,0
1770256954122283385,43,45,51,43,0,0,0,0
1770256954124411175,43,45,51,43,0,0,0,0
1770256954126333297,43,45,51,43,0,0,0,0
1770256954128533985,43,45,51,43,0,0,0,0
1770256954130541133,43,45,51,43,0,0,0,0
1770256954131706054,43,45,51,43,0,0,0,0
1770256954134079354,43,45,51,43,0,0,0,0
1770256954136089094,43,45,51,43,0,0,0,0
1770256954137665864,43,45,51,43,0,0,0,0
1770256954140106557,43,45,51,43,0,0,0,0
1770256954142690262,43,45,51,43,0,0,0,0
1770256954144458140,43,45,51,43,0,0,0,0
1770256954146459656,43,45,51,43,0,0,0,0
1770256954148766426,43,45,51,43,0,0,0,0
1770256954150535969,43,45,51,43,0,0,0,0
1770256954152258214,43,45,51,43,0,0,0,0
1770256954154237361,43,45,51,43,0,0,0,0
1770256954156191004,43,45,51,43,0,0,0,0
1770256954158424717,43,45,51,43,0,0,0,0
1770256954160261109,43,45,51,43,0,0,0,0
1770256954162339426,43,45,51,43,0,0,0,0
1770256954164038855,43,45,50,43,0,0,0,0
1770256954166024146,43,45,50,43,0,0,0,0
1770256954167758872,43,45,50,43,0,0,0,0
1770256954170233614,43,45,50,43,0,0,0,0
1770256954172030197,43,45,51,43,0,0,0,0
1770256954174546540,43,45,51,43,0,0,0,0
1770256954176649178,43,45,51,43,0,0,0,0
1770256954178420224,43,45,51,43,0,0,0,0
1770256954180540143,43,45,51,43,0,0,0,0
1770256954182188115,43,45,51,43,0,0,0,0
1770256954183680787,43,45,51,43,0,0,0,0
1770256954186213834,43,45,51,43,0,0,0,0
1770256954187999153,43,45,51,43,0,0,0,0
1770256954190024509,43,45,51,43,0,0,0,0
1770256954192045481,43,45,51,43,0,0,0,0
1770256954194004340,43,45,51,43,0,0,0,0
1770256954196100578,43,45,51,43,0,0,0,0
1770256954198046700,43,45,51,43,0,0,0,0
1770256954200172923,43,45,51,43,0,0,0,0
1770256954202009443,43,45,51,43,0,0,0,0
1770256954204060879,43,45,51,43,0,0,0,0
1770256954205999194,43,45,51,43,0,0,0,0
1770256954208013862,43,45,51,43,0,0,0,0
1770256954210626526,43,45,51,43,0,0,0,0
1770256954212552296,43,45,51,43,0,0,0,0
1770256954214449042,43,45,51,43,0,0,0,0
1770256954216510207,43,45,51,43,0,0,0,0
1770256954218514762,43,45,51,43,0,0,0,0
1770256954220603608,43,45,51,43,0,0,0,0
1770256954222463296,43,45,51,43,0,0,0,0
1770256954224393995,43,45,51,43,0,0,0,0
1770256954226490712,43,45,51,43,0,0,0,0
1770256954228193693,43,45,51,43,0,0,0,0
1770256954230167240,43,45,51,43,0,0,0,0
1770256954232168212,43,45,51,43,0,0,0,0
1770256954234178080,43,45,51,43,0,0,0,0
1770256954236316078,43,45,51,43,0,0,0,0
1770256954238463933,43,45,50,43,0,0,0,0
1770256954240517450,43,45,50,43,0,0,0,0
1770256954242177582,43,45,50,42,0,0,0,0
1770256954243677103,43,45,50,42,0,0,0,0
1770256954246177381,43,45,50,42,0,0,0,0
1770256954248349173,43,45,50,42,0,0,0,0
1770256954250205469,43,45,50,42,0,0,0,0
1770256954252208201,43,45,50,42,0,0,0,0
1770256954254659838,43,45,50,42,0,0,0,0
1770256954256480710,43,45,50,43,0,0,0,0
1770256954258219436,43,45,50,43,0,0,0,0
1770256954260292345,43,45,50,43,0,0,0,0
1770256954262235523,43,45,51,43,0,0,0,0
1770256954264231535,43,45,51,43,0,0,0,0
1770256954266099320,43,45,51,43,0,0,0,0
1770256954268303528,43,45,51,43,0,0,0,0
1770256954270634458,43,45,51,43,0,0,0,0
1770256954272617894,43,45,51,43,0,0,0,0
1770256954274665522,43,45,51,43,0,0,0,0
1770256954276652318,43,45,51,43,0,0,0,0
1770256954278151230,43,45,51,43,0,0,0,0
1770256954280399535,43,45,51,43,0,0,0,0
1770256954282314841,43,45,51,43,0,0,0,0
1770256954284285508,43,45,51,43,0,0,0,0
1770256954286290928,43,45,51,43,0,0,0,0
1770256954288610530,43,45,51,43,0,0,0,0
1770256954291578787,43,45,51,43,0,0,0,0
1770256954292878847,43,45,50,43,0,0,0,0
1770256954294630277,43,45,50,43,0,0,0,0
1770256954296674546,43,45,50,43,0,0,0,0
1770256954298206355,43,45,50,43,0,0,0,0
1770256954300031195,43,45,50,43,0,0,0,0
1770256954302266572,43,45,50,43,0,0,0,0
1770256954304155413,43,45,50,43,0,0,0,0
1770256954306142816,43,45,50,43,0,0,0,0
1770256954308600150,43,45,50,43,0,0,0,0
1770256954310464735,43,45,51,43,0,0,0,0
1770256954312526891,43,45,51,43,0,0,0,0
1770256954314687067,43,45,51,43,0,0,0,0
1770256954316608676,43,45,51,43,0,0,0,0
1770256954318470957,43,45,51,43,0,0,0,0
1770256954320332662,43,45,51,43,0,0,0,0
1770256954322141597,43,45,51,43,0,0,0,0
1770256954324287820,43,45,51,43,0,0,0,0
1770256954326454555,43,45,51,43,0,0,0,0
1770256954328394885,43,45,51,43,0,0,0,0
1770256954330337392,43,45,51,43,0,0,0,0
1770256954332489791,43,45,51,43,0,0,0,0
1770256954334368520,43,45,51,43,0,0,0,0
1770256954336049964,43,45,51,43,0,0,0,0
1770256954338349598,43,45,51,43,0,0,0,0
1770256954340257384,43,45,51,43,0,0,0,0
1770256954342037103,43,45,51,43,0,0,0,0
1770256954344249311,43,45,51,43,0,0,0,0
1770256954346369325,43,45,51,43,0,0,0,0
1770256954348663391,43,45,51,43,0,0,0,0
1770256954350555176,43,45,51,43,0,0,0,0
1770256954352439537,43,45,51,43,0,0,0,0
1770256954354510431,43,45,51,43,0,0,0,0
1770256954356417960,43,45,51,43,0,0,0,0
1770256954358144846,43,45,51,43,0,0,0,0
1770256954360260732,43,45,51,43,0,0,0,0
1770256954362164997,43,45,51,43,0,0,0,0
1770256954364345685,43,45,51,43,0,0,0,0
1770256954366144988,43,45,51,43,0,0,0,0
1770256954368303211,43,45,51,43,0,0,0,0
1770256954370437850,43,45,50,43,0,0,0,0
1770256954372418885,43,45,50,43,0,0,0,0
1770256954374523475,43,45,51,43,0,0,0,0
1770256954376311450,43,45,51,43,0,0,0,0
1770256954378070816,43,45,51,43,0,0,0,0
1770256954380330929,43,45,51,43,0,0,0,0
1770256954382178426,43,45,51,43,0,0,0,0
1770256954384289352,43,45,51,43,0,0,0,0
1770256954386379605,43,45,51,43,0,0,0,0
1770256954388161084,43,45,51,43,0,0,0,0
1770256954390184872,43,45,51,43,0,0,0,0
1770256954392188532,43,45,51,43,0,0,0,0
1770256954394052732,43,45,51,43,0,0,0,0
1770256954396298381,43,45,51,43,0,0,0,0
1770256954398540542,43,45,51,43,0,0,0,0
1770256954400045439,43,45,51,43,0,0,0,0
1770256954402503797,43,45,51,43,0,0,0,0
1770256954404599010,43,45,51,43,0,0,0,0
1770256954406227686,43,45,50,43,0,0,0,0
1770256954408136655,43,45,50,43,0,0,0,0
1770256954410324415,43,45,50,43,0,0,0,0
1770256954412001668,43,45,51,43,0,0,0,0
1770256954414191795,43,45,51,43,0,0,0,0
1770256954416160862,43,45,51,43,0,0,0,0
1770256954418434864,43,45,50,43,0,0,0,0
1770256954420641024,43,45,50,43,0,0,0,0
1770256954422562922,43,45,50,43,0,0,0,0
1770256954424497908,43,45,50,43,0,0,0,0
1770256954426385565,43,45,50,43,0,0,0,0
1770256954428217061,43,45,50,43,0,0,0,0
1770256954430151887,43,45,50,43,0,0,0,0
1770256954432218524,43,45,50,43,0,0,0,0
1770256954434180647,43,45,50,43,0,0,0,0
1770256954435918317,43,45,51,43,0,0,0,0
1770256954438395267,43,45,51,43,0,0,0,0
1770256954441355619,43,45,51,43,0,0,0,0
1770256954442555742,43,45,51,43,0,0,0,0
1770256954444493160,43,45,51,43,0,0,0,0
1770256954446599542,43,45,51,43,0,0,0,0
1770256954448314107,42,45,51,43,0,0,0,0
1770256954450293926,42,45,51,43,0,0,0,0
1770256954452348691,42,45,51,43,0,0,0,0
1770256954454179675,43,45,51,43,0,0,0,0
1770256954456237960,43,45,51,43,0,0,0,0
1770256954458411607,43,45,51,43,0,0,0,0
1770256954460504165,43,45,51,43,0,0,0,0
1770256954462430927,43,45,51,43,0,0,0,0
1770256954464620735,43,45,51,43,0,0,0,0
1770256954466570345,43,45,51,43,0,0,0,0
1770256954468347408,43,45,51,43,0,0,0,0
1770256954470379996,43,45,51,43,0,0,0,0
1770256954472156451,43,45,50,43,0,0,0,0
1770256954474330706,43,45,50,43,0,0,0,0
1770256954476401759,43,45,50,43,0,0,0,0
1770256954478219911,43,45,50,43,0,0,0,0
1770256954480167441,43,45,50,43,0,0,0,0
1770256954481897239,43,45,51,43,0,0,0,0
1770256954484122824,43,45,51,43,0,0,0,0
1770256954486030609,43,45,51,43,0,0,0,0
1770256954488049309,43,45,51,43,0,0,0,0
1770256954491299396,43,45,51,43,0,0,0,0
1770256954492691266,43,45,51,43,0,0,0,0
1770256954494716047,43,45,51,43,0,0,0,0
1770256954496348050,43,45,51,43,0,0,0,0
1770256954498171834,43,45,51,43,0,0,0,0
1770256954500383466,43,45,51,43,0,0,0,0
1770256954502304052,43,45,51,43,0,0,0,0
1770256954504088891,43,45,51,43,0,0,0,0
1770256954506281771,43,45,51,43,0,0,0,0
1770256954508416793,43,45,51,43,0,0,0,0
1770256954510323299,43,45,51,43,0,0,0,0
1770256954512512274,43,45,51,43,0,0,0,0
1770256954514526334,43,45,51,43,0,0,0,0
1770256954515906204,43,45,51,43,0,0,0,0
1770256954518415731,43,45,50,43,0,0,0,0
1770256954519984853,43,45,50,43,0,0,0,0
1770256954521710939,43,45,50,43,0,0,0,0
1770256954524134416,43,45,50,43,0,0,0,0
1770256954525872694,43,45,50,43,0,0,0,0
1770256954527592475,43,45,50,43,0,0,0,0
1770256954530519643,43,45,50,43,0,0,0,0
1770256954532495110,43,45,51,43,0,0,0,0
1770256954534014407,43,45,51,43,0,0,0,0
1770256954536602751,43,45,51,43,0,0,0,0
1770256954538288228,43,45,51,43,0,0,0,0
1770256954541556075,43,45,51,43,0,0,0,0
1770256954543318802,43,45,51,43,0,0,0,0
1770256954545523234,43,45,51,43,0,0,0,0
1770256954547565742,43,45,51,43,0,0,0,0
1770256954549261139,43,45,51,43,0,0,0,0
1770256954550233865,43,45,51,43,0,0,0,0
1770256954551597350,43,45,51,43,0,0,0,0
1770256954553998331,43,45,51,43,0,0,0,0
1770256954556118953,43,45,51,43,0,0,0,0
1770256954557572585,43,45,51,43,0,0,0,0
1770256954560053567,43,45,51,43,0,0,0,0
1770256954561988969,43,45,51,43,0,0,0,0
1770256954564164760,43,45,51,43,0,0,0,0
1770256954566088770,43,45,51,43,0,0,0,0
1770256954568086318,43,45,51,43,0,0,0,0
1770256954570066041,43,45,51,43,0,0,0,0
1770256954572506350,43,45,51,43,0,0,0,0
1770256954574241172,43,45,50,43,0,0,0,0
1770256954576580455,43,45,50,43,0,0,0,0
1770256954578680853,43,45,50,42,0,0,0,0
1770256954580747138,43,45,50,42,0,0,0,0
1770256954582038046,43,45,50,42,0,0,0,0
1770256954584034121,43,45,50,43,0,0,0,0
1770256954586019093,43,45,50,43,0,0,0,0
1770256954587996032,43,45,50,43,0,0,0,0
1770256954590063757,43,45,50,43,0,0,0,0
1770256954592374303,43,45,51,43,0,0,0,0
1770256954594153862,43,45,51,43,0,0,0,0
1770256954596181554,43,45,50,43,0,0,0,0
1770256954598045915,43,45,50,43,0,0,0,0
1770256954600310444,43,45,50,43,0,0,0,0
1770256954602338392,43,45,51,43,0,0,0,0
1770256954604533160,43,45,51,43,0,0,0,0
1770256954606468466,43,45,51,43,0,0,0,0
1770256954608338171,43,45,51,43,0,0,0,0
1770256954610447273,43,45,51,43,0,0,0,0
1770256954612421620,43,45,51,43,0,0,0,0
1770256954614218779,43,45,51,43,0,0,0,0
1770256954616114149,43,45,51,43,0,0,0,0
1770256954618299860,43,45,51,43,0,0,0,0
1770256954620078875,43,45,51,43,0,0,0,0
1770256954622197737,43,45,51,43,0,0,0,0
1770256954624033905,43,45,51,43,0,0,0,0
1770256954626160448,43,45,51,43,0,0,0,0
1770256954627945606,43,45,51,43,0,0,0,0
1770256954630172087,43,45,51,43,0,0,0,0
1770256954632022271,43,45,51,43,0,0,0,0
1770256954634176846,43,45,51,43,0,0,0,0
1770256954636516577,43,45,51,43,0,0,0,0
1770256954638245927,43,45,51,43,0,0,0,0
1770256954641256649,43,45,51,43,0,0,0,0
1770256954642665863,43,45,51,43,0,0,0,0
1770256954644742133,43,45,51,43,0,0,0,0
1770256954645912910,43,45,51,43,0,0,0,0
1770256954648187680,43,45,51,43,0,0,0,0
1770256954650001287,43,45,51,43,0,0,0,0
1770256954651594058,43,45,51,43,0,0,0,0
1770256954654094656,43,45,51,43,0,0,0,0
1770256954656712665,43,45,51,43,0,0,0,0
1770256954658506753,43,45,51,43,0,0,0,0
1770256954660566445,43,45,51,43,0,0,0,0
1770256954662489207,43,45,51,43,0,0,0,0
1770256954664403169,43,45,51,43,0,0,0,0
1770256954666032677,43,45,51,43,0,0,0,0
1770256954668288886,43,45,51,43,0,0,0,0
1770256954670234304,43,45,51,43,0,0,0,0
1770256954672101385,43,45,51,43,0,0,0,0
1770256954674466684,43,45,51,43,0,0,0,0
1770256954676369350,43,45,51,43,0,0,0,0
1770256954678305872,43,45,51,43,0,0,0,0
1770256954680340956,43,45,51,43,0,0,0,0
1770256954682317832,43,45,51,43,0,0,0,0
1770256954684154896,43,45,51,43,0,0,0,0
1770256954686395648,43,45,51,43,0,0,0,0
1770256954688408428,43,45,51,43,0,0,0,0
1770256954690302390,43,45,51,43,0,0,0,0
1770256954692481157,43,45,50,43,0,0,0,0
1770256954694466928,43,45,50,43,0,0,0,0
1770256954696543678,43,45,50,43,0,0,0,0
1770256954697642006,43,45,50,43,0,0,0,0
1770256954700032458,43,45,50,43,0,0,0,0
1770256954702165752,43,45,50,43,0,0,0,0
1770256954704136739,43,45,50,43,0,0,0,0
1770256954706282322,43,45,50,43,0,0,0,0
1770256954708030136,43,45,50,43,0,0,0,0
1770256954710091109,43,45,51,43,0,0,0,0
1770256954712029071,43,45,51,43,0,0,0,0
1770256954714093852,43,45,51,43,0,0,0,0
1770256954716026726,43,45,51,43,0,0,0,0
1770256954718535293,43,45,51,43,0,0,0,0
1770256954720712204,43,45,51,43,0,0,0,0
1770256954722382961,43,45,51,43,0,0,0,0
1770256954724409053,43,45,51,43,0,0,0,0
1770256954726115234,43,45,51,43,0,0,0,0
1770256954728044108,43,45,51,43,0,0,0,0
1770256954730167706,43,45,51,43,0,0,0,0
1770256954732169734,43,45,51,43,0,0,0,0
1770256954734224499,43,45,51,43,0,0,0,0
1770256954736225087,43,45,51,43,0,0,0,0
1770256954738496624,43,45,51,43,0,0,0,0
1770256954740439834,43,45,51,43,0,0,0,0
1770256954742471271,43,45,51,43,0,0,0,0
1770256954743765443,43,45,51,43,0,0,0,0
1770256954746602753,43,45,50,43,0,0,0,0
1770256954748140578,43,45,50,43,0,0,0,0
1770256954750165710,43,45,50,43,0,0,0,0
1770256954752120025,43,45,50,43,0,0,0,0
1770256954754272072,43,45,50,43,0,0,0,0
1770256954756198386,43,45,50,43,0,0,0,0
1770256954758608166,43,45,51,43,0,0,0,0
1770256954759713182,43,45,51,43,0,0,0,0
1770256954762491387,43,45,51,43,0,0,0,0
1770256954764598377,43,45,51,43,0,0,0,0
1770256954766694615,43,45,51,43,0,0,0,0
1770256954768338042,43,45,51,43,0,0,0,0
1770256954771253562,43,45,51,43,0,0,0,0
1770256954772610008,43,45,51,43,0,0,0,0
1770256954774548962,43,45,51,43,0,0,0,0
1770256954775760476,43,45,51,43,0,0,0,0
1770256954778379509,43,45,51,43,0,0,0,0
1770256954780163996,43,45,51,43,0,0,0,0
1770256954782281802,43,45,51,43,0,0,0,0
1770256954784309591,43,45,51,43,0,0,0,0
1770256954786051933,43,45,51,43,0,0,0,0
1770256954788270541,43,45,51,43,0,0,0,0
1770256954790336122,43,45,51,43,0,0,0,0
1770256954792924978,43,45,51,43,0,0,0,0
1770256954794524021,43,45,50,43,0,0,0,0
1770256954796497760,43,45,50,43,0,0,0,0
1770256954798051106,43,45,50,43,0,0,0,0
1770256954800077294,43,45,50,43,0,0,0,0
1770256954802135259,43,45,50,43,0,0,0,0
1770256954804177000,43,45,50,43,0,0,0,0
1770256954806247061,43,45,51,43,0,0,0,0
1770256954809112435,43,45,51,43,0,0,0,0
1770256954813017480,43,45,51,43,0,0,0,0
1770256954816987487,43,45,51,43,0,0,0,0
1770256954817625805,43,45,51,43,0,0,0,0
1770256954818335036,43,45,51,43,0,0,0,0
1770256954819618840,43,45,51,43,0,0,0,0
1770256954822030253,43,45,51,43,0,0,0,0
1770256954824012280,43,45,51,43,0,0,0,0
1770256954826022180,43,45,51,43,0,0,0,0
1770256954828583324,43,45,51,43,0,0,0,0
1770256954830641640,43,45,51,43,0,0,0,0
1770256954832547122,43,45,51,43,0,0,0,0
1770256954834589502,43,45,51,43,0,0,0,0
1770256954836724109,43,45,51,43,0,0,0,0
1770256954838274159,43,45,51,43,0,0,0,0
1770256954840185080,43,45,51,43,0,0,0,0
1770256954842146691,43,45,51,43,0,0,0,0
1770256954844055757,43,45,51,43,0,0,0,0
1770256954846156315,43,45,51,43,0,0,0,0
1770256954848370955,43,45,51,43,0,0,0,0
1770256954850104593,43,45,51,43,0,0,0,0
1770256954851671891,43,45,51,43,0,0,0,0
1770256954854120136,43,45,51,43,0,0,0,0
1770256954855914511,43,45,51,43,0,0,0,0
1770256954858018237,43,45,51,43,0,0,0,0
1770256954860401617,43,45,51,43,0,0,0,0
1770256954862426909,43,45,51,43,0,0,0,0
1770256954864599981,43,45,51,43,0,0,0,0
1770256954866416820,43,45,51,43,0,0,0,0
1770256954868980684,43,45,51,43,0,0,0,0
1770256954870138149,43,45,51,43,0,0,0,0
1770256954872227699,43,45,51,43,0,0,0,0
1770256954874216638,43,45,51,43,0,0,0,0
1770256954876421326,43,45,51,43,0,0,0,0
1770256954878115635,43,45,51,43,0,0,0,0
1770256954880516744,43,45,51,43,0,0,0,0
1770256954882604117,43,45,51,43,0,0,0,0
1770256954884603201,43,45,51,43,0,0,0,0
1770256954886292581,43,45,51,43,0,0,0,0
1770256954888614808,43,45,51,43,0,0,0,0
1770256954890309309,43,45,51,43,0,0,0,0
1770256954892178950,43,45,51,43,0,0,0,0
1770256954894311156,43,45,51,43,0,0,0,0
1770256954896168445,43,45,51,43,0,0,0,0
1770256954898232842,43,45,51,43,0,0,0,0
1770256954899911502,43,45,51,43,0,0,0,0
1770256954902292482,43,45,51,43,0,0,0,0
1770256954904253837,43,45,51,43,0,0,0,0
1770256954906242296,43,45,51,43,0,0,0,0
1770256954908181122,43,45,51,43,0,0,0,0
1770256954910389139,43,45,51,43,0,0,0,0
1770256954912378462,43,45,51,43,0,0,0,0
1770256954914547693,43,45,51,43,0,0,0,0
1770256954916299795,43,45,51,43,0,0,0,0
1770256954918573861,43,45,51,43,0,0,0,0
1770256954920500399,43,45,51,43,0,0,0,0
1770256954922508123,43,45,51,43,0,0,0,0
1770256954924515527,43,45,51,43,0,0,0,0
1770256954926534451,43,45,51,43,0,0,0,0
1770256954928696098,43,45,51,43,0,0,0,0
1770256954930460584,43,45,51,43,0,0,0,0
1770256954931980489,43,45,50,43,0,0,0,0
1770256954933991669,43,45,50,43,0,0,0,0
1770256954936081027,43,45,50,43,0,0,0,0
1770256954937945323,43,45,50,43,0,0,0,0
1770256954939875349,43,45,50,43,0,0,0,0
1770256954942436109,43,45,50,43,0,0,0,0
1770256954944436153,43,45,50,43,0,0,0,0
1770256954946414884,43,45,50,43,0,0,0,0
1770256954948736598,43,45,50,43,0,0,0,0
1770256954950529790,43,45,50,43,0,0,0,0
1770256954952200610,43,45,50,43,0,0,0,0
1770256954954162765,43,45,50,43,0,0,0,0
1770256954956306523,43,45,51,43,0,0,0,0
1770256954958224197,43,45,51,43,0,0,0,0
1770256954960352692,43,45,51,43,0,0,0,0
1770256954962433505,43,45,51,43,0,0,0,0
1770256954964603888,43,45,51,43,0,0,0,0
1770256954966660733,43,45,51,43,0,0,0,0
1770256954968796268,43,45,51,43,0,0,0,0
1770256954970095848,43,45,51,43,0,0,0,0
1770256954971974065,43,45,51,43,0,0,0,0
1770256954974008189,43,45,51,43,0,0,0,0
1770256954976173644,43,45,51,43,0,0,0,0
1770256954978109847,43,45,51,43,0,0,0,0
1770256954980439081,43,45,50,43,0,0,0,0
1770256954982467702,43,45,50,43,0,0,0,0
1770256954984613732,43,45,50,43,0,0,0,0
1770256954986475405,43,45,50,43,0,0,0,0
1770256954988441016,43,45,51,43,0,0,0,0
1770256954989661650,43,45,51,43,0,0,0,0
1770256954992269835,43,45,51,43,0,0,0,0
1770256954994358617,43,45,51,43,0,0,0,0
1770256954996134816,43,45,51,43,0,0,0,0
1770256954998231405,43,45,50,43,0,0,0,0
1770256955000496639,43,45,50,43,0,0,0,0
1770256955002576652,43,45,50,43,0,0,0,0
1770256955004476213,43,45,51,43,0,0,0,0
1770256955006413376,43,45,51,43,0,0,0,0
1770256955008537198,43,45,51,43,0,0,0,0
1770256955010118000,43,45,51,43,0,0,0,0
1770256955012304576,43,45,51,43,0,0,0,0
1770256955014252618,43,45,51,43,0,0,0,0
1770256955016281015,43,45,51,43,0,0,0,0
1770256955018246242,43,45,51,43,0,0,0,0
1770256955020479186,43,45,51,43,0,0,0,0
1770256955022649121,43,45,51,43,0,0,0,0
1770256955024612396,43,45,51,43,0,0,0,0
1770256955026642777,43,45,51,43,0,0,0,0
1770256955028586371,43,45,51,43,0,0,0,0
1770256955030330889,43,45,51,43,0,0,0,0
1770256955031582820,43,45,51,43,0,0,0,0
1770256955034035290,43,45,51,43,0,0,0,0
1770256955035947171,43,45,51,43,0,0,0,0
1770256955038059249,43,45,51,43,0,0,0,0
1770256955039563378,43,45,51,43,0,0,0,0
1770256955042585364,43,45,51,43,0,0,0,0
1770256955044716194,43,45,51,43,0,0,0,0
1770256955046399047,43,45,50,43,0,0,0,0
1770256955048653592,43,45,50,43,0,0,0,0
1770256955050537665,43,45,50,43,0,0,0,0
1770256955052120548,43,45,50,43,0,0,0,0
1770256955054230066,43,45,50,43,0,0,0,0
1770256955056332896,43,45,50,43,0,0,0,0
1770256955058074662,43,45,51,43,0,0,0,0
1770256955060315542,43,45,51,43,0,0,0,0
1770256955062302082,43,45,51,43,0,0,0,0
1770256955064488817,43,45,51,43,0,0,0,0
1770256955066233207,43,45,51,43,0,0,0,0
1770256955068564682,43,45,51,43,0,0,0,0
1770256955070525429,43,45,51,43,0,0,0,0
1770256955072558657,43,45,51,43,0,0,0,0
1770256955074478219,43,45,51,43,0,0,0,0
1770256955076433590,43,45,51,43,0,0,0,0
1770256955078523907,43,45,51,43,0,0,0,0
1770256955080701011,43,45,51,43,0,0,0,0
1770256955082233044,43,45,51,43,0,0,0,0
1770256955084239712,43,45,51,43,0,0,0,0
1770256955086398959,43,45,51,43,0,0,0,0
1770256955088145589,43,45,50,43,0,0,0,0
1770256955090058655,43,45,50,43,0,0,0,0
1770256955092653175,43,45,50,43,0,0,0,0
1770256955094309371,43,45,50,43,0,0,0,0
1770256955096261254,43,45,50,43,0,0,0,0
1770256955098237201,43,45,50,43,0,0,0,0
1770256955100230492,43,45,51,43,0,0,0,0
1770256955102295273,43,45,51,43,0,0,0,0
1770256955104126257,43,45,51,43,0,0,0,0
1770256955105571409,43,45,51,43,0,0,0,0
1770256955108110504,43,45,51,43,0,0,0,0
1770256955110031538,43,45,51,43,0,0,0,0
1770256955112065726,43,45,51,43,0,0,0,0
1770256955113935367,43,45,51,43,0,0,0,0
1770256955116468734,43,45,51,43,0,0,0,0
1770256955118382792,43,45,51,43,0,0,0,0
1770256955120495318,43,45,51,43,0,0,0,0
1770256955122465601,43,45,51,43,0,0,0,0
1770256955124373035,43,45,51,43,0,0,0,0
1770256955126156754,43,45,51,43,0,0,0,0
1770256955128336193,43,45,51,43,0,0,0,0
1770256955130037062,43,45,51,43,0,0,0,0
1770256955131621481,43,45,51,43,0,0,0,0
1770256955134067966,43,45,51,43,0,0,0,0
1770256955136591221,43,45,51,43,0,0,0,0
1770256955138620481,43,45,51,43,0,0,0,0
1770256955140445897,43,45,51,43,0,0,0,0
1770256955142859006,43,45,51,43,0,0,0,0
1770256955144379359,43,45,51,43,0,0,0,0
1770256955146051683,43,45,51,43,0,0,0,0
1770256955148242963,43,45,51,43,0,0,0,0
1770256955150232830,43,45,51,43,0,0,0,0
1770256955152150408,43,45,51,43,0,0,0,0
1770256955154261110,43,45,51,43,0,0,0,0
1770256955155975195,43,45,51,43,0,0,0,0
1770256955157924166,43,45,51,43,0,0,0,0
1770256955159903857,43,45,51,43,0,0,0,0
1770256955161988543,43,45,51,43,0,0,0,0
1770256955164023755,43,45,51,43,0,0,0,0
1770256955166554210,43,45,51,43,0,0,0,0
1770256955168353129,43,45,51,43,0,0,0,0
1770256955170345589,43,45,51,43,0,0,0,0
1770256955172509380,43,45,51,43,0,0,0,0
1770256955174740244,43,45,51,43,0,0,0,0
1770256955176635070,43,45,51,43,0,0,0,0
1770256955178237889,43,45,51,43,0,0,0,0
1770256955180598868,43,45,51,43,0,0,0,0
1770256955182305401,43,45,51,43,0,0,0,0
1770256955184464168,43,45,51,43,0,0,0,0
1770256955186090028,43,45,51,43,0,0,0,0
1770256955188307484,43,45,51,43,0,0,0,0
1770256955190194885,43,45,51,43,0,0,0,0
1770256955192263986,43,45,51,43,0,0,0,0
1770256955194319167,43,45,51,43,0,0,0,0
1770256955196559088,43,45,51,43,0,0,0,0
1770256955198434905,43,45,51,43,0,0,0,0
1770256955200661065,43,45,51,43,0,0,0,0
1770256955202558483,43,45,51,43,0,0,0,0
1770256955204539518,43,45,51,43,0,0,0,0
1770256955205688727,43,45,51,43,0,0,0,0
1770256955208419411,43,45,51,43,0,0,0,0
1770256955210224314,43,45,51,43,0,0,0,0
1770256955212293767,43,45,51,43,0,0,0,0
1770256955214288402,43,45,51,43,0,0,0,0
1770256955216514051,43,45,51,43,0,0,0,0
1770256955218483438,43,45,51,43,0,0,0,0
1770256955220259285,43,45,51,43,0,0,0,0
1770256955222500293,43,45,51,43,0,0,0,0
1770256955224704470,43,45,51,43,0,0,0,0
1770256955226230967,43,45,51,43,0,0,0,0
1770256955228305540,43,45,51,43,0,0,0,0
1770256955230323760,43,45,51,43,0,0,0,0
1770256955231663789,43,45,51,43,0,0,0,0
1770256955234246758,43,45,51,43,0,0,0,0
1770256955236664058,43,45,51,43,0,0,0,0
1770256955238553315,43,45,51,43,0,0,0,0
1770256955241340256,43,45,51,43,0,0,0,0
1770256955242718174,43,45,51,43,0,0,0,0
1770256955244546086,43,45,51,43,0,0,0,0
1770256955245695519,43,45,51,43,0,0,0,0
1770256955248333689,43,45,51,43,0,0,0,0
1770256955250289155,43,45,51,43,0,0,0,0
1770256955252170668,43,45,51,43,0,0,0,0
1770256955254283962,43,45,51,43,0,0,0,0
1770256955256250149,43,45,51,43,0,0,0,0
1770256955258023308,43,45,51,43,0,0,0,0
1770256955259958486,43,45,51,43,0,0,0,0
1770256955262076196,43,45,51,43,0,0,0,0
1770256955264006574,43,45,51,43,0,0,0,0
1770256955266112060,43,45,51,43,0,0,0,0
1770256955268530001,43,45,51,43,0,0,0,0
1770256955270638335,43,45,51,43,0,0,0,0
1770256955272670155,43,45,51,43,0,0,0,0
1770256955274674263,43,45,51,43,0,0,0,0
1770256955276495550,43,45,51,43,0,0,0,0
1770256955278310662,43,45,51,43,0,0,0,0
1770256955280263825,43,45,51,43,0,0,0,0
1770256955282320029,43,45,51,43,0,0,0,0
1770256955284244359,43,45,51,43,0,0,0,0
1770256955285591717,43,45,51,43,0,0,0,0
1770256955288526661,43,45,51,43,0,0,0,0
1770256955290519440,43,45,51,43,0,0,0,0
1770256955292558652,43,45,51,43,0,0,0,0
1770256955294541992,43,45,51,43,0,0,0,0
1770256955296432433,43,45,51,43,0,0,0,0
1770256955297638923,43,45,51,43,0,0,0,0
1770256955300047648,43,45,51,43,0,0,0,0
1770256955302368370,43,45,51,43,0,0,0,0
1770256955304047351,43,45,51,43,0,0,0,0
1770256955306471276,43,45,51,43,0,0,0,0
1770256955308673276,43,45,51,43,0,0,0,0
1770256955310451714,43,45,51,43,0,0,0,0
1770256955312488591,43,45,51,43,0,0,0,0
1770256955314699871,43,45,51,43,0,0,0,0
1770256955316773004,43,45,51,43,0,0,0,0
1770256955318464817,43,45,51,43,0,0,0,0
1770256955320310937,43,45,51,43,0,0,0,0
1770256955322370854,43,45,51,43,0,0,0,0
1770256955324208974,43,45,51,43,0,0,0,0
1770256955326290204,43,45,51,43,0,0,0,0
1770256955328396650,43,45,51,43,0,0,0,0
1770256955330567257,43,45,51,43,0,0,0,0
1770256955332581829,43,45,51,43,0,0,0,0
1770256955334605297,43,45,51,43,0,0,0,0
1770256955336432409,43,45,51,43,0,0,0,0
1770256955338371075,43,45,51,43,0,0,0,0
1770256955340289325,43,45,51,43,0,0,0,0
1770256955342153973,43,45,51,43,0,0,0,0
1770256955344364390,43,45,51,43,0,0,0,0
1770256955346244911,43,45,51,43,0,0,0,0
1770256955348336796,43,45,51,43,0,0,0,0
1770256955350394121,43,45,51,43,0,0,0,0
1770256955352066574,43,45,51,43,0,0,0,0
1770256955354195740,43,45,51,43,0,0,0,0
1770256955356017636,43,45,51,43,0,0,0,0
1770256955357701288,43,45,51,43,0,0,0,0
1770256955360545030,43,45,51,43,0,0,0,0
1770256955362592211,43,45,51,43,0,0,0,0
1770256955364594975,43,45,51,43,0,0,0,0
1770256955366654187,43,45,51,43,0,0,0,0
1770256955368463315,43,45,51,43,0,0,0,0
1770256955370025589,43,45,51,43,0,0,0,0
1770256955371662137,43,45,51,43,0,0,0,0
1770256955374143535,43,45,51,43,0,0,0,0
1770256955375983447,43,45,51,43,0,0,0,0
1770256955377597370,43,45,51,43,0,0,0,0
1770256955380421272,43,45,51,43,0,0,0,0
1770256955382634120,43,45,51,43,0,0,0,0
1770256955384606643,43,45,51,43,0,0,0,0
1770256955386451419,43,45,51,43,0,0,0,0
1770256955388332836,43,45,51,43,0,0,0,0
1770256955390271534,43,45,51,43,0,0,0,0
1770256955392216921,43,45,51,43,0,0,0,0
1770256955394364391,43,45,51,43,0,0,0,0
1770256955396220720,43,45,51,43,0,0,0,0
1770256955398057016,43,45,51,43,0,0,0,0
1770256955400394987,43,45,51,43,0,0,0,0
1770256955402425943,43,45,51,43,0,0,0,0
1770256955404508101,43,45,51,43,0,0,0,0
1770256955406350893,43,45,51,43,0,0,0,0
1770256955408348600,43,45,51,43,0,0,0,0
1770256955410376484,43,45,51,43,0,0,0,0
1770256955412407729,43,45,51,43,0,0,0,0
1770256955414539263,43,45,51,43,0,0,0,0
1770256955416373639,43,45,51,43,0,0,0,0
1770256955418684058,43,45,51,43,0,0,0,0
1770256955420611940,43,45,51,43,0,0,0,0
1770256955421702427,43,45,51,43,0,0,0,0
1770256955424023758,43,45,51,43,0,0,0,0
1770256955426043322,43,45,51,43,0,0,0,0
1770256955428204585,43,45,51,43,0,0,0,0
1770256955430204149,43,45,50,43,0,0,0,0
1770256955432501511,43,45,50,43,0,0,0,0
1770256955434513075,43,45,50,43,0,0,0,0
1770256955436383035,43,45,51,43,0,0,0,0
1770256955438537258,43,45,51,43,0,0,0,0
1770256955440582487,43,45,51,43,0,0,0,0
1770256955442273820,43,45,51,43,0,0,0,0
1770256955444355657,43,45,51,43,0,0,0,0
1770256955446195473,43,45,51,43,0,0,0,0
1770256955448078522,43,45,51,43,0,0,0,0
1770256955450325227,43,45,51,43,0,0,0,0
1770256955452566428,43,45,51,43,0,0,0,0
1770256955454526407,43,45,51,43,0,0,0,0
1770256955456376815,43,45,51,43,0,0,0,0
1770256955458659841,43,45,51,43,0,0,0,0
1770256955460474952,43,45,51,43,0,0,0,0
1770256955462961791,43,45,51,43,0,0,0,0
1770256955465109933,43,45,51,43,0,0,0,0
1770256955466875764,43,45,51,43,0,0,0,0
1770256955468945281,43,45,51,43,0,0,0,0
1770256955470810506,43,45,51,43,0,0,0,0
1770256955472234857,43,45,51,43,0,0,0,0
1770256955474136146,43,45,51,43,0,0,0,0
1770256955476160638,43,45,51,43,0,0,0,0
1770256955478206411,43,45,50,43,0,0,0,0
1770256955480010162,43,45,50,43,0,0,0,0
1770256955482234083,43,45,50,43,0,0,0,0
1770256955483569536,43,45,51,43,0,0,0,0
1770256955486053270,43,45,51,43,0,0,0,0
1770256955488072386,43,45,51,43,0,0,0,0
1770256955490127695,43,45,51,43,0,0,0,0
1770256955491621487,43,45,51,43,0,0,0,0
1770256955494344075,43,45,51,43,0,0,0,0
1770256955496373911,43,45,51,43,0,0,0,0
1770256955498672105,43,45,51,43,0,0,0,0
1770256955500630740,43,45,51,43,0,0,0,0
1770256955502569534,43,45,51,43,0,0,0,0
1770256955504348517,43,45,51,43,0,0,0,0
1770256955506533748,43,45,51,43,0,0,0,0
1770256955507915922,43,45,51,43,0,0,0,0
1770256955510531051,43,45,51,43,0,0,0,0
1770256955512531287,43,45,51,43,0,0,0,0
1770256955513752242,43,45,51,43,0,0,0,0
1770256955516427756,43,45,51,43,0,0,0,0
1770256955518124785,43,45,51,43,0,0,0,0
1770256955520056827,43,45,51,43,0,0,0,0
1770256955522221642,43,45,51,43,0,0,0,0
1770256955524533949,43,45,51,43,0,0,0,0
1770256955526489255,43,45,51,43,0,0,0,0
1770256955528558612,43,45,51,43,0,0,0,0
1770256955530645666,43,45,51,43,0,0,0,0
1770256955532505226,43,45,51,43,0,0,0,0
1770256955534342514,43,45,51,43,0,0,0,0
1770256955536076920,43,45,51,43,0,0,0,0
1770256955538120229,43,45,51,43,0,0,0,0
1770256955540219731,43,45,51,43,0,0,0,0
1770256955542207422,43,45,51,43,0,0,0,0
1770256955544304364,43,45,51,43,0,0,0,0
1770256955545965136,43,45,51,43,0,0,0,0
1770256955548050493,43,45,51,43,0,0,0,0
1770256955549602175,43,45,51,43,0,0,0,0
1770256955551936338,43,45,51,43,0,0,0,0
1770256955554281925,43,45,51,43,0,0,0,0
1770256955556394067,43,45,51,43,0,0,0,0
1770256955558447264,43,45,51,43,0,0,0,0
1770256955560342921,43,45,51,43,0,0,0,0
1770256955562381462,43,45,51,43,0,0,0,0
1770256955564394913,43,45,51,43,0,0,0,0
1770256955566221673,43,45,51,43,0,0,0,0
1770256955568035441,43,45,51,43,0,0,0,0
1770256955570323939,43,45,51,43,0,0,0,0
1770256955572318638,43,45,51,43,0,0,0,0
1770256955574357915,43,45,51,43,0,0,0,0
1770256955576437832,43,45,51,43,0,0,0,0
1770256955578543062,43,45,51,43,0,0,0,0
1770256955580461184,43,45,51,43,0,0,0,0
1770256955582516140,43,45,51,43,0,0,0,0
1770256955584355637,43,45,51,43,0,0,0,0
1770256955586180828,43,45,51,43,0,0,0,0
1770256955588212745,43,45,51,43,0,0,0,0
1770256955590327895,43,45,51,43,0,0,0,0
1770256955592403940,43,45,51,43,0,0,0,0
1770256955594535378,43,45,51,43,0,0,0,0
1770256955596393691,43,45,51,43,0,0,0,0
1770256955598392391,43,45,51,43,0,0,0,0
1770256955600650680,43,45,51,43,0,0,0,0
1770256955602495872,43,45,51,43,0,0,0,0
1770256955604085027,43,45,51,43,0,0,0,0
1770256955606428694,43,45,51,43,0,0,0,0
1770256955608285630,43,45,51,43,0,0,0,0
1770256955610291786,43,45,51,43,0,0,0,0
1770256955612178611,43,45,51,43,0,0,0,0
1770256955614517670,43,45,51,43,0,0,0,0
1770256955616612436,43,45,51,43,0,0,0,0
1770256955618414267,43,45,51,43,0,0,0,0
1770256955620834032,43,45,51,43,0,0,0,0
1770256955622553973,43,45,51,43,0,0,0,0
1770256955623861202,43,45,51,43,0,0,0,0
1770256955626444938,43,45,51,43,0,0,0,0
1770256955628604409,43,45,51,43,0,0,0,0
1770256955630375488,43,45,51,43,0,0,0,0
1770256955632387051,43,45,51,43,0,0,0,0
1770256955634402295,43,45,51,43,0,0,0,0
1770256955636478949,43,45,51,43,0,0,0,0
1770256955638136361,43,45,51,43,0,0,0,0
1770256955640210710,43,45,51,43,0,0,0,0
1770256955642303588,43,45,51,43,0,0,0,0
1770256955644320848,43,45,51,43,0,0,0,0
1770256955645848177,43,45,51,42,0,0,0,0
1770256955648682223,43,45,51,42,0,0,0,0
1770256955650466038,43,45,51,42,0,0,0,0
1770256955651904373,43,45,51,43,0,0,0,0
1770256955654301065,43,45,51,43,0,0,0,0
1770256955656164914,43,45,51,43,0,0,0,0
1770256955658243967,43,45,51,43,0,0,0,0
1770256955660104168,43,45,51,43,0,0,0,0
1770256955662149844,43,45,51,43,0,0,0,0
1770256955664268450,43,45,51,43,0,0,0,0
1770256955666440242,43,45,51,43,0,0,0,0
1770256955668202936,43,45,51,43,0,0,0,0
1770256955670346663,43,45,51,43,0,0,0,0
1770256955672070860,43,45,51,43,0,0,0,0
1770256955674352286,43,45,51,43,0,0,0,0
1770256955676285288,43,45,51,43,0,0,0,0
1770256955678615611,43,45,51,43,0,0,0,0
1770256955679810389,43,45,51,43,0,0,0,0
1770256955682644915,43,45,51,43,0,0,0,0
1770256955684469467,43,45,51,43,0,0,0,0
1770256955686570024,43,45,51,43,0,0,0,0
1770256955687818436,43,45,51,43,0,0,0,0
1770256955690150070,43,45,51,43,0,0,0,0
1770256955692402792,43,45,50,43,0,0,0,0
1770256955694281425,43,45,50,43,0,0,0,0
1770256955696195578,43,45,50,43,0,0,0,0
1770256955698485356,43,45,50,43,0,0,0,0
1770256955700678140,43,45,51,43,0,0,0,0
1770256955702446018,43,45,51,43,0,0,0,0
1770256955704453262,43,45,51,43,0,0,0,0
1770256955706677983,43,45,50,43,0,0,0,0
1770256955708321411,43,45,50,43,0,0,0,0
1770256955710154923,43,45,50,43,0,0,0,0
1770256955712068052,43,45,51,43,0,0,0,0
1770256955714066016,43,45,51,43,0,0,0,0
1770256955716245679,43,45,51,43,0,0,0,0
1770256955718598659,43,45,51,43,0,0,0,0
1770256955720589806,43,45,51,43,0,0,0,0
1770256955722534968,43,45,51,43,0,0,0,0
1770256955724542436,43,45,51,43,0,0,0,0
1770256955726032293,43,45,51,43,0,0,0,0
1770256955728067601,43,45,51,43,0,0,0,0
1770256955729668756,43,45,51,43,0,0,0,0
1770256955732158442,43,45,51,43,0,0,0,0
1770256955734299737,43,45,51,43,0,0,0,0
1770256955736666444,43,45,51,43,0,0,0,0
1770256955738426355,43,45,51,43,0,0,0,0
1770256955740588194,43,45,51,43,0,0,0,0
1770256955742538796,43,45,51,43,0,0,0,0
1770256955744766941,43,45,51,43,0,0,0,0
1770256955746292446,43,45,51,43,0,0,0,0
1770256955748542351,43,45,51,43,0,0,0,0
1770256955750320470,43,45,51,43,0,0,0,0
1770256955752164286,43,45,51,43,0,0,0,0
1770256955754095336,43,45,51,43,0,0,0,0
1770256955756427803,43,45,51,43,0,0,0,0
1770256955758353573,43,45,51,43,0,0,0,0
1770256955760492756,43,45,51,43,0,0,0,0
1770256955762539872,43,45,51,43,0,0,0,0
1770256955764244165,43,45,51,43,0,0,0,0
1770256955766305746,43,45,51,43,0,0,0,0
1770256955768041496,43,45,51,43,0,0,0,0
1770256955770330730,43,45,51,43,0,0,0,0
1770256955772054960,43,45,51,43,0,0,0,0
1770256955774188894,43,45,51,43,0,0,0,0
1770256955776295340,43,45,51,43,0,0,0,0
1770256955777534279,43,45,51,43,0,0,0,0
1770256955780188001,43,45,51,43,0,0,0,0
1770256955782004713,43,45,51,43,0,0,0,0
1770256955784077814,43,45,51,43,0,0,0,0
1770256955785984031,43,45,51,43,0,0,0,0
1770256955788469461,43,45,51,43,0,0,0,0
1770256955790339326,43,45,51,43,0,0,0,0
1770256955792854581,43,45,51,43,0,0,0,0
1770256955794762143,43,45,51,43,0,0,0,0
1770256955796299648,43,45,51,43,0,0,0,0
1770256955797918691,43,45,51,43,0,0,0,0
1770256955800036466,43,45,51,43,0,0,0,0
1770256955801545330,43,45,51,43,0,0,0,0
1770256955804113994,43,45,51,43,0,0,0,0
1770256955805643852,43,45,51,43,0,0,0,0
1770256955808656173,43,45,51,43,0,0,0,0
1770256955810446420,43,45,51,43,0,0,0,0
1770256955812547586,43,45,51,43,0,0,0,0
1770256955814434155,43,45,51,43,0,0,0,0
1770256955816546137,43,45,51,43,0,0,0,0
1770256955817730195,43,45,51,43,0,0,0,0
1770256955820261770,43,45,51,43,0,0,0,0
1770256955822088146,43,45,51,43,0,0,0,0
1770256955824232737,43,45,51,43,0,0,0,0
1770256955826154379,43,45,51,43,0,0,0,0
1770256955828621665,43,45,51,43,0,0,0,0
1770256955830489257,43,45,51,43,0,0,0,0
1770256955832447764,43,45,51,43,0,0,0,0
1770256955834482208,43,45,51,43,0,0,0,0
1770256955836858516,43,45,51,43,0,0,0,0
1770256955838274899,43,45,51,43,0,0,0,0
1770256955840296959,43,45,51,43,0,0,0,0
1770256955842083046,43,45,51,43,0,0,0,0
1770256955844169428,43,45,51,43,0,0,0,0
1770256955846158495,43,45,51,43,0,0,0,0
1770256955848433552,43,45,51,43,0,0,0,0
1770256955850196215,43,45,51,43,0,0,0,0
1770256955852198627,43,45,51,43,0,0,0,0
1770256955854570678,43,45,51,43,0,0,0,0
1770256955856418078,43,45,50,43,0,0,0,0
1770256955858662703,43,45,50,43,0,0,0,0
1770256955860918177,43,45,50,43,0,0,0,0
1770256955862924780,43,45,50,43,0,0,0,0
1770256955864905111,43,45,50,43,0,0,0,0
1770256955866523227,43,45,51,43,0,0,0,0
1770256955868520070,43,45,51,43,0,0,0,0
1770256955870119241,43,45,51,43,0,0,0,0
1770256955871651115,43,45,51,43,0,0,0,0
1770256955874734574,43,45,51,43,0,0,0,0
1770256955876432755,43,45,51,43,0,0,0,0
1770256955878688612,43,45,51,43,0,0,0,0
1770256955880558157,43,45,51,43,0,0,0,0
1770256955882537816,43,45,51,43,0,0,0,0
1770256955884167899,43,45,51,43,0,0,0,0
1770256955886248233,43,45,50,43,0,0,0,0
1770256955888165458,43,45,50,43,0,0,0,0
1770256955890318561,43,45,51,43,0,0,0,0
1770256955892692597,43,45,51,43,0,0,0,0
1770256955894603775,43,45,51,43,0,0,0,0
1770256955896399206,43,45,51,43,0,0,0,0
1770256955898260559,43,45,51,43,0,0,0,0
1770256955900041653,43,45,51,43,0,0,0,0
1770256955901569463,43,45,51,43,0,0,0,0
1770256955904046925,43,45,51,43,0,0,0,0
1770256955906074137,43,45,51,43,0,0,0,0
1770256955908074084,43,45,51,43,0,0,0,0
1770256955910894242,43,45,51,43,0,0,0,0
1770256955913122706,43,45,51,43,0,0,0,0
1770256955915058269,43,45,51,43,0,0,0,0
1770256955917103529,43,45,51,43,0,0,0,0
1770256955918779726,43,45,51,43,0,0,0,0
1770256955920057610,43,45,51,43,0,0,0,0
1770256955921865073,43,45,51,43,0,0,0,0
1770256955924109954,43,45,51,43,0,0,0,0
1770256955926048268,43,45,51,43,0,0,0,0
1770256955927596046,43,45,51,43,0,0,0,0
1770256955930334250,43,45,51,43,0,0,0,0
1770256955932597531,43,45,51,43,0,0,0,0
1770256955934468644,43,45,51,43,0,0,0,0
1770256955936530993,43,45,51,43,0,0,0,0
1770256955937741035,43,45,51,43,0,0,0,0
1770256955940351204,43,45,51,43,0,0,0,0
1770256955942299982,43,45,51,43,0,0,0,0
1770256955944022196,43,45,51,43,0,0,0,0
1770256955946206724,43,45,51,43,0,0,0,0
1770256955948297201,43,45,51,43,0,0,0,0
1770256955950033783,43,45,51,43,0,0,0,0
1770256955952185286,43,45,51,43,0,0,0,0
1770256955954166961,43,45,51,43,0,0,0,0
1770256955956390594,43,45,51,43,0,0,0,0
1770256955958604402,43,45,51,43,0,0,0,0
1770256955960525916,43,45,51,43,0,0,0,0
1770256955962235617,43,45,51,43,0,0,0,0
1770256955964483090,43,45,51,43,0,0,0,0
1770256955965764942,43,45,51,43,0,0,0,0
1770256955968369447,43,45,51,43,0,0,0,0
1770256955970415475,43,45,51,43,0,0,0,0
1770256955972182682,43,45,51,43,0,0,0,0
1770256955974301608,43,45,51,43,0,0,0,0
1770256955976326420,43,45,51,43,0,0,0,0
1770256955978359008,43,45,51,43,0,0,0,0
1770256955980572177,43,45,50,43,0,0,0,0
1770256955982567932,43,45,50,43,0,0,0,0
1770256955984395428,43,45,50,43,0,0,0,0
1770256955986690486,43,45,50,43,0,0,0,0
1770256955988831653,43,45,50,43,0,0,0,0
1770256955992860636,43,45,50,43,0,0,0,0
1770256955994648643,43,45,50,43,0,0,0,0
1770256955995955040,43,45,50,43,0,0,0,0
1770256955996496236,43,45,50,43,0,0,0,0
1770256955997653733,43,45,51,43,0,0,0,0
1770256956000028985,43,45,51,43,0,0,0,0
1770256956002007908,43,45,51,43,0,0,0,0
1770256956004046736,43,45,51,43,0,0,0,0
1770256956006054108,43,45,51,43,0,0,0,0
1770256956008163914,43,45,51,43,0,0,0,0
1770256956010111764,43,45,51,43,0,0,0,0
1770256956011638742,43,45,52,43,0,0,0,0
1770256956014045514,43,45,52,43,0,0,0,0
1770256956015623277,43,45,51,43,0,0,0,0
1770256956018333192,43,45,51,43,0,0,0,0
1770256956020540536,43,45,51,43,0,0,0,0
1770256956022413281,43,45,51,43,0,0,0,0
1770256956024174183,43,45,51,43,0,0,0,0
1770256956026488121,43,45,51,43,0,0,0,0
1770256956028301185,43,45,51,43,0,0,0,0
1770256956030599411,43,45,51,43,0,0,0,0
1770256956032673056,43,45,51,43,0,0,0,0
1770256956034626187,43,45,50,43,0,0,0,0
1770256956036517108,43,45,50,43,0,0,0,0
1770256956038169592,43,45,50,43,0,0,0,0
1770256956040274182,43,45,51,43,0,0,0,0
1770256956042483318,43,45,51,43,0,0,0,0
1770256956044190555,43,45,51,43,0,0,0,0
1770256956046274505,43,45,51,43,0,0,0,0
1770256956048549370,43,45,51,43,0,0,0,0
1770256956050620007,43,45,51,43,0,0,0,0
1770256956052468624,43,45,51,43,0,0,0,0
1770256956053656266,43,45,51,43,0,0,0,0
1770256956056284387,43,45,51,43,0,0,0,0
1770256956058163852,43,45,51,43,0,0,0,0
1770256956060209752,43,45,51,43,0,0,0,0
1770256956062159907,43,45,51,43,0,0,0,0
1770256956064657849,43,45,51,43,0,0,0,0
1770256956066614948,43,45,51,43,0,0,0,0
1770256956068544494,43,45,51,43,0,0,0,0
1770256956070477976,43,45,51,43,0,0,0,0
1770256956072424707,43,45,51,43,0,0,0,0
1770256956074685076,43,45,51,43,0,0,0,0
1770256956076527036,43,45,51,43,0,0,0,0
1770256956078531912,43,45,51,43,0,0,0,0
1770256956080586165,43,45,51,43,0,0,0,0
1770256956082453917,43,45,51,43,0,0,0,0
1770256956084267269,43,45,51,43,0,0,0,0
1770256956086288081,43,45,51,43,0,0,0,0
1770256956088204987,43,45,51,43,0,0,0,0
1770256956090374186,43,45,51,43,0,0,0,0
1770256956092166289,43,45,51,43,0,0,0,0
1770256956094467875,43,45,51,43,0,0,0,0
1770256956096596273,43,45,51,43,0,0,0,0
1770256956098324951,43,45,51,43,0,0,0,0
1770256956100440581,43,45,51,43,0,0,0,0
1770256956102526323,43,45,51,43,0,0,0,0
1770256956104173687,43,45,51,43,0,0,0,0
1770256956106031967,43,45,51,43,0,0,0,0
1770256956108224303,43,45,51,43,0,0,0,0
1770256956110519809,43,45,51,43,0,0,0,0
1770256956112747698,43,45,51,43,0,0,0,0
1770256956114465047,43,45,51,43,0,0,0,0
1770256956116569125,43,45,51,43,0,0,0,0
1770256956117743902,43,45,51,43,0,0,0,0
1770256956120208084,43,45,51,43,0,0,0,0
1770256956121943706,43,45,51,43,0,0,0,0
1770256956124374735,43,45,51,43,0,0,0,0
1770256956126504893,43,45,51,43,0,0,0,0
1770256956128306629,43,45,51,43,0,0,0,0
1770256956130442259,43,45,51,43,0,0,0,0
1770256956132561153,43,45,51,43,0,0,0,0
1770256956134138372,43,45,51,43,0,0,0,0
1770256956135615076,43,45,50,43,0,0,0,0
1770256956138088890,43,45,50,43,0,0,0,0
1770256956140001828,43,45,50,43,0,0,0,0
1770256956142028080,43,45,50,43,0,0,0,0
1770256956144355042,43,45,50,43,0,0,0,0
1770256956146514834,43,45,50,43,0,0,0,0
1770256956148680641,43,45,51,43,0,0,0,0
1770256956150716717,43,45,51,43,0,0,0,0
1770256956152325648,43,45,51,43,0,0,0,0
1770256956154253690,43,45,51,43,0,0,0,0
1770256956156517260,43,45,51,43,0,0,0,0
1770256956157689285,43,45,51,43,0,0,0,0
1770256956160315614,43,45,51,43,0,0,0,0
1770256956162687538,43,45,51,43,0,0,0,0
1770256956164652477,43,45,51,43,0,0,0,0
1770256956166173342,43,45,51,43,0,0,0,0
1770256956168400143,43,45,51,43,0,0,0,0
1770256956170679616,43,45,51,43,0,0,0,0
1770256956172764014,43,45,51,43,0,0,0,0
1770256956174582485,43,45,51,43,0,0,0,0
1770256956176591201,43,45,51,43,0,0,0,0
1770256956178610541,43,45,51,43,0,0,0,0
1770256956180541783,43,45,51,43,0,0,0,0
1770256956182335806,43,45,51,43,0,0,0,0
1770256956184450380,43,45,51,43,0,0,0,0
1770256956186603291,43,45,51,43,0,0,0,0
1770256956187988409,43,45,51,43,0,0,0,0
1770256956190325548,43,45,51,43,0,0,0,0
1770256956192489020,43,45,51,43,0,0,0,0
1770256956194515048,43,45,51,43,0,0,0,0
1770256956195675809,43,45,51,43,0,0,0,0
1770256956198357051,43,45,51,43,0,0,0,0
1770256956200091009,43,45,51,43,0,0,0,0
1770256956202071756,43,45,51,43,0,0,0,0
1770256956204462241,43,45,51,43,0,0,0,0
1770256956206395627,43,45,51,43,0,0,0,0
1770256956208236755,43,45,51,43,0,0,0,0
1770256956210219390,43,45,51,43,0,0,0,0
1770256956212409870,43,45,51,43,0,0,0,0
1770256956214345656,43,45,51,43,0,0,0,0
1770256956215658645,43,45,51,43,0,0,0,0
1770256956218177483,43,45,51,43,0,0,0,0
1770256956219665452,43,45,51,43,0,0,0,0
1770256956222212867,43,45,51,43,0,0,0,0
1770256956223704580,43,45,51,43,0,0,0,0
1770256956225720752,43,45,51,43,0,0,0,0
1770256956228111268,43,45,51,43,0,0,0,0
1770256956230352661,43,45,51,43,0,0,0,0
1770256956232044442,43,45,51,43,0,0,0,0
1770256956234078886,43,45,51,43,0,0,0,0
1770256956236617917,43,45,51,43,0,0,0,0
1770256956238451845,43,45,51,43,0,0,0,0
1770256956240591668,43,45,51,43,0,0,0,0
1770256956242542079,43,45,51,43,0,0,0,0
1770256956244535626,43,45,51,43,0,0,0,0
1770256956245732676,43,45,51,43,0,0,0,0
1770256956248055415,43,45,51,43,0,0,0,0
1770256956250033442,43,45,51,43,0,0,0,0
1770256956251616324,43,45,51,43,0,0,0,0
1770256956253940023,43,45,51,43,0,0,0,0
1770256956256586705,43,45,51,43,0,0,0,0
1770256956257785131,43,45,51,43,0,0,0,0
1770256956260594696,43,45,51,43,0,0,0,0
1770256956262489073,43,45,51,43,0,0,0,0
1770256956264204983,43,45,51,43,0,0,0,0
1770256956266823472,43,45,51,43,0,0,0,0
1770256956268371794,43,45,51,43,0,0,0,0
1770256956270593442,43,45,51,43,0,0,0,0
1770256956271801244,43,45,51,43,0,0,0,0
1770256956274561944,43,45,51,43,0,0,0,0
1770256956276351167,43,45,51,43,0,0,0,0
1770256956278163047,43,45,51,43,0,0,0,0
1770256956280036880,43,45,51,43,0,0,0,0
1770256956282327490,43,45,51,43,0,0,0,0
1770256956284217867,43,45,51,43,0,0,0,0
1770256956286380122,43,45,51,43,0,0,0,0
1770256956288649260,43,45,51,43,0,0,0,0
1770256956290348145,43,45,51,43,0,0,0,0
1770256956292716708,43,45,51,43,0,0,0,0
1770256956294631118,43,45,51,43,0,0,0,0
1770256956296326963,43,45,51,43,0,0,0,0
1770256956298028888,43,45,51,43,0,0,0,0
1770256956300279241,43,45,51,43,0,0,0,0
1770256956302382935,43,45,51,43,0,0,0,0
1770256956304309921,43,45,51,43,0,0,0,0
1770256956306195562,43,45,51,43,0,0,0,0
1770256956308361785,43,45,51,43,0,0,0,0
1770256956310468615,43,45,51,43,0,0,0,0
1770256956312553685,43,45,51,43,0,0,0,0
1770256956314203064,43,45,51,43,0,0,0,0
1770256956316186980,43,45,50,43,0,0,0,0
1770256956318129582,43,45,50,43,0,0,0,0
1770256956320262269,43,45,50,43,0,0,0,0
1770256956322283881,43,45,50,43,0,0,0,0
1770256956324322261,43,45,50,43,0,0,0,0
1770256956326625895,43,45,50,43,0,0,0,0
1770256956328608882,43,45,51,43,0,0,0,0
1770256956329802284,43,45,51,43,0,0,0,0
1770256956332339716,43,45,51,43,0,0,0,0
1770256956334384560,43,45,51,43,0,0,0,0
1770256956336362363,43,45,51,43,0,0,0,0
1770256956338269157,43,45,51,43,0,0,0,0
1770256956340175087,43,45,51,43,0,0,0,0
1770256956342035671,43,45,51,43,0,0,0,0
1770256956344293576,43,45,51,43,0,0,0,0
1770256956346462072,43,45,51,43,0,0,0,0
1770256956348178845,43,45,51,43,0,0,0,0
1770256956350629714,43,45,51,43,0,0,0,0
1770256956351939887,43,45,51,43,0,0,0,0
1770256956354518951,43,45,51,43,0,0,0,0
1770256956356720311,43,45,51,43,0,0,0,0
1770256956358475069,43,45,51,43,0,0,0,0
1770256956360483977,43,45,51,43,0,0,0,0
1770256956362574263,43,45,51,43,0,0,0,0
1770256956363888563,43,45,51,43,0,0,0,0
1770256956366480108,43,45,51,43,0,0,0,0
1770256956368243154,43,45,51,43,0,0,0,0
1770256956370342560,43,45,51,43,0,0,0,0
1770256956372319755,43,45,51,43,0,0,0,0
1770256956374314231,43,45,51,43,0,0,0,0
1770256956375684661,43,45,51,43,0,0,0,0
1770256956378147178,43,45,51,43,0,0,0,0
1770256956380022355,43,45,51,43,0,0,0,0
1770256956382116289,43,45,51,43,0,0,0,0
1770256956384204878,43,45,51,43,0,0,0,0
1770256956387067693,43,45,51,43,0,0,0,0
1770256956388862388,43,45,51,43,0,0,0,0
1770256956392493507,43,45,50,43,0,0,0,0
1770256956394545936,43,45,51,43,0,0,0,0
1770256956396142514,43,45,51,43,0,0,0,0
1770256956396625853,43,45,51,43,0,0,0,0
1770256956397744021,43,45,51,43,0,0,0,0
1770256956399633471,43,45,51,43,0,0,0,0
1770256956402087508,43,45,51,43,0,0,0,0
1770256956404025150,43,45,51,43,0,0,0,0
1770256956406348401,43,45,51,43,0,0,0,0
1770256956408489568,43,45,51,43,0,0,0,0
1770256956410480235,43,45,51,43,0,0,0,0
1770256956412375316,43,45,51,43,0,0,0,0
1770256956414627237,43,45,51,43,0,0,0,0
1770256956416281609,43,45,51,43,0,0,0,0
1770256956418309366,43,45,51,43,0,0,0,0
1770256956420639464,43,45,51,43,0,0,0,0
1770256956422296525,43,45,51,43,0,0,0,0
1770256956424482876,43,45,51,43,0,0,0,0
1770256956426583402,43,45,51,43,0,0,0,0
1770256956428405778,43,45,51,43,0,0,0,0
1770256956430194041,43,45,51,43,0,0,0,0
1770256956432422505,43,45,51,43,0,0,0,0
1770256956434137519,43,45,51,43,0,0,0,0
1770256956436253501,43,45,51,43,0,0,0,0
1770256956438691282,43,45,51,43,0,0,0,0
1770256956440401335,43,45,51,43,0,0,0,0
1770256956442484389,43,45,51,43,0,0,0,0
1770256956443731872,43,45,51,43,0,0,0,0
1770256956446371481,43,45,51,43,0,0,0,0
1770256956448244834,43,45,51,43,0,0,0,0
1770256956450605110,43,45,51,43,0,0,0,0
1770256956452600897,43,45,51,43,0,0,0,0
1770256956454453705,43,45,51,43,0,0,0,0
1770256956456464117,43,45,51,43,0,0,0,0
1770256956458455937,43,45,51,43,0,0,0,0
1770256956460432780,43,45,51,43,0,0,0,0
1770256956462211475,43,45,51,43,0,0,0,0
1770256956464649832,43,45,51,43,0,0,0,0
1770256956466362125,43,45,51,43,0,0,0,0
1770256956468358969,43,45,51,43,0,0,0,0
1770256956470074942,43,45,51,43,0,0,0,0
1770256956472211980,43,45,51,43,0,0,0,0
1770256956474279194,43,45,51,43,0,0,0,0
1770256956476023456,43,45,51,43,0,0,0,0
1770256956478391475,43,45,51,43,0,0,0,0
1770256956480758375,43,45,51,43,0,0,0,0
1770256956482552782,43,45,51,43,0,0,0,0
1770256956484656636,43,45,50,43,0,0,0,0
1770256956486571045,43,45,50,43,0,0,0,0
1770256956488180041,43,45,50,43,0,0,0,0
1770256956490081938,43,45,51,43,0,0,0,0
1770256956492352899,43,45,51,43,0,0,0,0
1770256956494212876,43,45,51,43,0,0,0,0
1770256956496348891,43,45,51,43,0,0,0,0
1770256956498337702,43,45,51,43,0,0,0,0
1770256956500446260,43,45,51,43,0,0,0,0
1770256956502371166,43,45,51,43,0,0,0,0
1770256956504342505,43,45,51,43,0,0,0,0
1770256956506599642,43,45,51,43,0,0,0,0
1770256956508548196,43,45,51,43,0,0,0,0
1770256956510544016,43,45,51,43,0,0,0,0
1770256956512342007,43,45,51,43,0,0,0,0
1770256956514667530,43,45,51,43,0,0,0,0
1770256956516649173,43,45,51,43,0,0,0,0
1770256956517845935,43,45,51,43,0,0,0,0
1770256956520309125,43,45,51,43,0,0,0,0
1770256956522336913,43,45,51,43,0,0,0,0
1770256956524298652,43,45,51,43,0,0,0,0
1770256956526256038,43,45,51,43,0,0,0,0
1770256956528216913,43,45,51,43,0,0,0,0
1770256956530393409,43,45,51,43,0,0,0,0
1770256956532415469,43,45,51,43,0,0,0,0
1770256956534562940,43,45,51,43,0,0,0,0
1770256956536472965,43,45,51,43,0,0,0,0
1770256956538419120,43,45,50,43,0,0,0,0
1770256956540211063,43,45,50,43,0,0,0,0
1770256956542521513,43,45,50,43,0,0,0,0
1770256956543776868,43,45,51,43,0,0,0,0
1770256956545742223,43,45,51,43,0,0,0,0
1770256956548431594,43,45,51,43,0,0,0,0
1770256956550774333,43,45,51,43,0,0,0,0
1770256956552531427,43,45,51,43,0,0,0,0
1770256956554563791,43,45,51,43,0,0,0,0
1770256956556505338,43,45,51,43,0,0,0,0
1770256956557662771,43,45,51,43,0,0,0,0
1770256956560469424,43,45,50,43,0,0,0,0
1770256956561682539,43,45,50,43,0,0,0,0
1770256956564127584,43,45,50,43,0,0,0,0
1770256956565989256,43,45,50,43,0,0,0,0
1770256956567738895,43,45,50,43,0,0,0,0
1770256956570047329,43,45,50,43,0,0,0,0
1770256956572075629,43,45,50,43,0,0,0,0
1770256956574096505,43,45,51,43,0,0,0,0
1770256956576049860,43,45,51,43,0,0,0,0
1770256956577602758,43,45,51,43,0,0,0,0
1770256956579607025,43,45,51,43,0,0,0,0
1770256956582704725,43,45,51,43,0,0,0,0
1770256956584353081,43,45,51,43,0,0,0,0
1770256956586419590,43,45,51,43,0,0,0,0
1770256956588186732,43,45,51,43,0,0,0,0
1770256956590486654,43,45,51,43,0,0,0,0
1770256956592435785,43,45,51,43,0,0,0,0
1770256956594497526,43,45,51,43,0,0,0,0
1770256956596192571,43,45,51,43,0,0,0,0
1770256956598469932,43,45,51,43,0,0,0,0
1770256956600571738,43,45,51,43,0,0,0,0
1770256956601689875,43,45,51,43,0,0,0,0
1770256956603741791,43,45,51,43,0,0,0,0
1770256956606293015,43,45,51,43,0,0,0,0
1770256956608233889,43,45,51,43,0,0,0,0
1770256956610433361,43,45,51,43,0,0,0,0
1770256956612566240,43,45,51,43,0,0,0,0
1770256956614572363,43,45,51,43,0,0,0,0
1770256956616268528,43,45,51,43,0,0,0,0
1770256956618182362,43,45,51,43,0,0,0,0
1770256956620013602,43,45,51,43,0,0,0,0
1770256956622332149,43,45,51,43,0,0,0,0
1770256956624304512,43,45,51,43,0,0,0,0
1770256956626438062,43,45,51,43,0,0,0,0
1770256956628723232,43,45,51,43,0,0,0,0
1770256956630859470,43,45,51,43,0,0,0,0
1770256956632446449,43,45,51,43,0,0,0,0
1770256956634607968,43,45,51,43,0,0,0,0
1770256956635815898,43,45,51,43,0,0,0,0
1770256956638533014,43,45,51,43,0,0,0,0
1770256956640556610,43,45,51,43,0,0,0,0
1770256956642301128,43,45,51,43,0,0,0,0
1770256956644341524,43,45,51,43,0,0,0,0
1770256956646337120,43,45,51,43,0,0,0,0
1770256956648085638,43,45,51,43,0,0,0,0
1770256956649623431,43,45,51,43,0,0,0,0
1770256956651622451,43,45,51,43,0,0,0,0
1770256956654053288,43,45,51,43,0,0,0,0
1770256956655956145,43,45,51,43,0,0,0,0
1770256956658442536,43,45,51,43,0,0,0,0
1770256956660651576,43,45,51,43,0,0,0,0
1770256956662556193,43,45,51,43,0,0,0,0
1770256956664422442,43,45,51,43,0,0,0,0
1770256956666380149,43,45,51,43,0,0,0,0
1770256956668246845,43,45,51,43,0,0,0,0
1770256956670255945,43,45,51,43,0,0,0,0
1770256956672390680,43,45,51,43,0,0,0,0
1770256956674260192,43,45,51,43,0,0,0,0
1770256956675710816,43,45,51,43,0,0,0,0
1770256956678409275,43,45,51,43,0,0,0,0
1770256956680411366,43,45,51,43,0,0,0,0
1770256956682665912,43,45,51,43,0,0,0,0
1770256956684806630,43,45,51,43,0,0,0,0
1770256956686373096,43,45,51,43,0,0,0,0
1770256956687617252,43,45,51,43,0,0,0,0
1770256956689977111,43,45,51,43,0,0,0,0
1770256956692050276,43,45,51,43,0,0,0,0
1770256956694161938,43,45,51,43,0,0,0,0
1770256956696007962,43,45,51,43,0,0,0,0
1770256956698598227,43,45,51,43,0,0,0,0
1770256956699675338,43,45,51,43,0,0,0,0
1770256956702572329,43,45,51,43,0,0,0,0
1770256956704225229,43,45,51,43,0,0,0,0
1770256956705967123,43,45,51,43,0,0,0,0
1770256956708107234,43,45,51,43,0,0,0,0
1770256956710029708,43,45,51,43,0,0,0,0
1770256956712264381,43,45,51,43,0,0,0,0
1770256956714432588,43,45,51,43,0,0,0,0
1770256956716366870,43,45,51,43,0,0,0,0
1770256956718180094,43,45,51,43,0,0,0,0
1770256956720381294,43,45,51,43,0,0,0,0
1770256956722018577,43,45,51,43,0,0,0,0
1770256956724264258,43,45,51,43,0,0,0,0
1770256956726033065,43,45,51,43,0,0,0,0
1770256956728465758,43,45,51,43,0,0,0,0
1770256956730570988,43,45,51,43,0,0,0,0
1770256956732525878,43,45,51,43,0,0,0,0
1770256956734407839,43,45,51,43,0,0,0,0
1770256956736452940,43,45,51,43,0,0,0,0
1770256956738265555,43,45,51,43,0,0,0,0
1770256956740237918,43,45,51,43,0,0,0,0
1770256956742023045,43,45,51,43,0,0,0,0
1770256956744171252,43,45,51,43,0,0,0,0
1770256956746303939,43,45,51,43,0,0,0,0
1770256956748518739,43,45,50,43,0,0,0,0
1770256956750546623,43,45,50,43,0,0,0,0
1770256956752554603,43,45,50,43,0,0,0,0
1770256956754245040,43,45,51,43,0,0,0,0
1770256956756336669,43,45,51,43,0,0,0,0
1770256956758221126,43,45,51,43,0,0,0,0
1770256956760314068,43,45,51,43,0,0,0,0
1770256956762185981,43,45,51,43,0,0,0,0
1770256956764120871,43,45,51,43,0,0,0,0
1770256956766489275,43,45,51,43,0,0,0,0
1770256956768621673,43,45,51,43,0,0,0,0
1770256956769956710,43,45,51,43,0,0,0,0
1770256956772650785,43,45,51,43,0,0,0,0
1770256956774353734,43,45,51,43,0,0,0,0
1770256956776178414,43,45,51,43,0,0,0,0
1770256956778051287,43,45,51,43,0,0,0,0
1770256956780392362,43,45,51,43,0,0,0,0
1770256956782053966,43,45,51,43,0,0,0,0
1770256956784420417,43,45,51,43,0,0,0,0
1770256956786375788,43,45,51,43,0,0,0,0
1770256956788491322,43,45,51,43,0,0,0,0
1770256956790512902,43,45,51,43,0,0,0,0
1770256956792653653,43,45,51,43,0,0,0,0
1770256956794458012,43,45,51,43,0,0,0,0
1770256956795726392,43,45,51,43,0,0,0,0
1770256956798244431,43,45,51,43,0,0,0,0
1770256956800238010,43,45,51,43,0,0,0,0
1770256956802132100,43,45,51,43,0,0,0,0
1770256956804470262,43,45,51,43,0,0,0,0
1770256956806356256,43,45,51,43,0,0,0,0
1770256956808422445,43,45,51,43,0,0,0,0
1770256956810450777,43,45,51,43,0,0,0,0
1770256956812584423,43,45,51,43,0,0,0,0
1770256956814449520,43,45,51,43,0,0,0,0
1770256956816200886,43,45,51,43,0,0,0,0
1770256956818071839,43,45,51,43,0,0,0,0
1770256956820500628,43,45,51,43,0,0,0,0
1770256956822712996,43,45,51,43,0,0,0,0
1770256956824700239,43,45,51,43,0,0,0,0
1770256956826629561,43,45,51,43,0,0,0,0
1770256956828585284,43,45,51,43,0,0,0,0
1770256956829574938,43,45,51,43,0,0,0,0
1770256956831698408,43,45,51,43,0,0,0,0
1770256956834041467,43,45,51,43,0,0,0,0
1770256956835677791,43,45,51,43,0,0,0,0
1770256956838045330,43,45,51,43,0,0,0,0
1770256956840525544,43,45,51,43,0,0,0,0
1770256956842556213,43,45,51,43,0,0,0,0
1770256956844583105,43,45,51,43,0,0,0,0
1770256956846473482,43,45,51,43,0,0,0,0
1770256956848439029,43,45,51,43,0,0,0,0
1770256956850210939,43,45,51,43,0,0,0,0
1770256956852159270,43,45,51,43,0,0,0,0
1770256956854144433,43,45,51,43,0,0,0,0
1770256956856284224,43,45,51,43,0,0,0,0
1770256956858060455,43,45,51,43,0,0,0,0
1770256956860539133,43,45,51,43,0,0,0,0
1770256956863056371,43,45,51,43,0,0,0,0
1770256956864958493,43,45,51,43,0,0,0,0
1770256956866953928,43,45,51,43,0,0,0,0
1770256956869025110,43,45,51,43,0,0,0,0
1770256956870388563,43,45,51,43,0,0,0,0
1770256956872296861,43,45,51,43,0,0,0,0
1770256956873601401,43,45,51,43,0,0,0,0
1770256956876439415,43,45,51,43,0,0,0,0
1770256956878411682,43,45,51,43,0,0,0,0
1770256956880291915,43,45,51,43,0,0,0,0
1770256956882061874,43,45,51,43,0,0,0,0
1770256956883588851,43,45,51,43,0,0,0,0
1770256956886153099,43,43,50,42,0,0,0,0
1770256956888081717,36,43,50,42,0,0,0,0
1770256956890116161,36,43,50,42,0,0,0,0
1770256956892299153,33,43,50,43,0,0,0,0
1770256956894245979,33,34,50,43,0,0,0,0
1770256956896031554,33,34,60,43,0,0,0,0
1770256956897861450,32,34,60,49,0,0,0,0
1770256956900246718,32,34,60,49,0,0,0,0
1770256956902385453,32,34,60,49,0,0,0,0
1770256956904513595,32,34,59,49,0,0,0,0
1770256956906398724,32,34,59,49,0,0,0,0
1770256956908446097,32,34,61,49,0,0,0,0
1770256956910662113,34,34,61,51,0,0,0,0
1770256956912208611,34,35,61,51,0,0,0,0
1770256956914037739,34,35,62,51,0,0,0,0
1770256956916222714,34,35,62,54,0,0,0,0
1770256956918167173,34,40,62,54,0,0,0,0
1770256956919629893,34,40,61,54,0,0,0,0
1770256956922536420,32,40,61,52,0,0,0,0
1770256956924606929,32,39,61,52,0,0,0,0
1770256956926529947,32,39,61,52,0,0,0,0
1770256956928422564,32,39,60,48,0,0,0,0
1770256956930450096,24,36,60,48,0,0,0,0
1770256956932170486,24,36,60,48,0,0,0,0
1770256956934422919,22,36,61,50,0,0,0,0
1770256956936139308,22,35,61,50,0,0,0,0
1770256956938194073,22,35,60,50,0,0,0,0
1770256956940290055,22,34,60,50,0,0,0,0
1770256956942692699,21,34,60,50,0,0,0,0
1770256956944537283,21,34,60,50,0,0,0,0
1770256956946515407,21,45,61,49,0,0,0,0
1770256956948298549,21,45,61,49,0,0,0,0
1770256956950158142,21,45,61,49,0,0,0,0
1770256956952097288,21,53,70,48,0,0,0,0
1770256956954323897,21,53,70,48,0,0,0,0
1770256956956310020,21,53,70,48,0,0,0,0
1770256956958349808,20,53,72,52,0,0,0,0
1770256956960540544,20,53,72,52,0,0,0,0
1770256956962532492,20,53,70,52,0,0,0,0
1770256956964604377,20,55,70,48,0,0,0,0
1770256956966577092,21,55,70,48,0,0,0,0
1770256956968425804,21,55,70,48,0,0,0,0
1770256956970106609,21,61,76,37,0,0,0,0
1770256956972510085,21,61,76,37,0,0,0,0
1770256956974467056,21,61,81,32,0,0,0,0
1770256956976276599,21,61,81,32,0,0,0,0
1770256956978525608,21,61,81,32,0,0,0,0
1770256956980495251,21,61,81,32,0,0,0,0
1770256956982404925,21,57,86,32,0,0,0,0
1770256956984580876,21,57,86,32,0,0,0,0
1770256956986593400,21,57,85,28,0,0,0,0
1770256956987940053,20,55,85,28,0,0,0,0
1770256956990572943,20,55,85,28,0,0,0,0
1770256956992775135,20,55,90,28,0,0,0,0
1770256956994162813,20,53,90,25,0,0,0,0
1770256956996126504,20,53,90,25,0,0,0,0
1770256956998052018,20,53,90,25,0,0,0,0
1770256957000423846,21,48,90,22,0,0,0,0
1770256957002263662,21,48,90,22,0,0,0,0
1770256957004548703,21,48,90,22,0,0,0,0
1770256957006543563,20,48,90,22,0,0,0,0
1770256957008551479,20,45,90,22,0,0,0,0
1770256957010258684,20,45,88,22,0,0,0,0
1770256957012391530,20,45,88,30,0,0,0,0
1770256957014362037,21,45,88,30,0,0,0,0
1770256957016056474,21,45,89,30,0,0,0,0
1770256957018324844,20,46,89,22,0,0,0,0
1770256957020171636,20,46,89,22,0,0,0,0
1770256957022304706,20,46,89,22,0,0,0,0
1770256957024058345,20,48,89,20,0,0,0,0
1770256957026013203,20,48,89,20,0,0,0,0
1770256957028075072,20,48,94,20,0,0,0,0
1770256957030035467,21,52,94,20,0,0,0,0
1770256957031635438,21,52,94,20,0,0,0,0
1770256957034328040,21,52,98,20,0,0,0,0
1770256957036555865,21,53,98,19,0,0,0,0
1770256957038494595,21,53,98,19,0,0,0,0
1770256957040552688,21,53,98,19,0,0,0,0
1770256957042662430,21,52,98,19,0,0,0,0
1770256957044050684,21,52,98,19,0,0,0,0
1770256957046148426,21,52,98,19,0,0,0,0
1770256957047644011,21,53,98,19,0,0,0,0
1770256957050105472,21,53,98,19,0,0,0,0
1770256957052453076,21,53,100,19,0,0,0,0
1770256957054321564,21,53,100,19,0,0,0,0
1770256957056581934,21,53,100,19,0,0,0,0
1770256957058506936,21,53,98,19,0,0,0,0
1770256957060518147,21,53,98,19,0,0,0,0
1770256957062503951,21,53,98,19,0,0,0,0
1770256957064682590,21,53,98,19,0,0,0,0
1770256957066491110,21,51,96,19,0,0,0,0
1770256957068458448,21,51,96,19,0,0,0,0
1770256957070568670,21,51,92,19,0,0,0,0
1770256957072386534,21,51,92,19,0,0,0,0
1770256957074384402,21,51,92,19,0,0,0,0
1770256957076487199,21,51,86,19,0,0,0,0
1770256957078550092,21,54,86,19,0,0,0,0
1770256957080393269,21,54,86,19,0,0,0,0
1770256957082643430,21,54,80,19,0,0,0,0
1770256957084439053,21,49,80,19,0,0,0,0
1770256957086170610,21,49,80,19,0,0,0,0
1770256957088161662,21,49,74,19,0,0,0,0
1770256957090176266,21,49,74,20,0,0,0,0
1770256957092168149,21,35,74,20,0,0,0,0
1770256957094292451,21,35,69,20,0,0,0,0
1770256957096070250,21,29,69,20,0,0,0,0
1770256957098040853,21,29,69,20,0,0,0,0
1770256957100151459,21,29,64,20,0,0,0,0
1770256957102017932,20,29,64,20,0,0,0,0
1770256957104039640,20,27,64,20,0,0,0,0
1770256957106523086,20,27,61,19,0,0,0,0
1770256957108197299,21,27,61,19,0,0,0,0
1770256957110330145,21,27,61,19,0,0,0,0
1770256957112296140,21,27,61,19,0,0,0,0
1770256957114639903,20,27,62,19,0,0,0,0
1770256957116428806,20,17,62,19,0,0,0,0
1770256957118174124,20,17,58,19,0,0,0,0
1770256957120482270,54,19,58,19,0,0,0,0
1770256957122590476,54,19,58,19,0,0,0,0
1770256957124525974,54,19,58,19,0,0,0,0
1770256957126451040,73,19,52,20,0,0,0,0
1770256957128593071,73,19,52,20,0,0,0,0
1770256957130829216,73,19,42,20,0,0,0,0
1770256957132129852,74,20,42,19,0,0,0,0
1770256957134462735,74,20,42,19,0,0,0,0
1770256957136629822,74,20,42,19,0,0,0,0
1770256957137827384,49,20,41,116,0,0,0,0
1770256957140574292,49,20,41,116,0,0,0,0
1770256957142675330,49,20,42,174,0,0,0,0
1770256957144551467,28,20,42,174,0,0,0,0
1770256957146296209,28,20,42,174,0,0,0,0
1770256957148297277,28,20,42,174,0,0,0,0
1770256957150030018,53,20,39,110,0,0,0,0
1770256957152238674,53,20,39,110,0,0,0,0
1770256957154750953,53,20,39,110,0,0,0,0
1770256957156319851,62,20,18,35,0,0,0,0
1770256957158463930,62,20,18,35,0,0,0,0
1770256957160521383,62,20,19,35,0,0,0,0
1770256957162419600,72,19,19,39,0,0,0,0
1770256957163940978,72,19,19,39,0,0,0,0
1770256957165909052,72,19,19,39,0,0,0,0
1770256957167692515,78,20,19,65,0,0,0,0
1770256957170206202,78,20,19,65,0,0,0,0
1770256957171589912,84,20,19,88,0,0,0,0
1770256957174614330,84,20,19,88,0,0,0,0
1770256957175841237,84,20,19,88,0,0,0,0
1770256957178567344,84,20,19,90,0,0,0,0
1770256957180636509,85,19,19,90,0,0,0,0
1770256957182347043,85,19,19,90,0,0,0,0
1770256957184100137,85,19,19,81,0,0,0,0
1770256957186000754,85,20,19,81,0,0,0,0
1770256957188223043,68,20,19,81,0,0,0,0
1770256957190207022,68,20,19,81,0,0,0,0
1770256957192538721,56,20,19,82,0,0,0,0
1770256957194399721,56,20,19,82,0,0,0,0
1770256957196692603,56,20,19,80,0,0,0,0
1770256957198477250,56,20,19,80,0,0,0,0
1770256957200306794,56,20,19,80,0,0,0,0
1770256957202388376,56,20,19,80,0,0,0,0
1770256957204161694,50,20,19,84,0,0,0,0
1770256957206267692,50,20,19,84,0,0,0,0
1770256957208414203,50,20,19,84,0,0,0,0
1770256957210521705,41,20,20,85,0,0,0,0
1770256957212597718,41,20,20,85,0,0,0,0
1770256957214510432,41,20,20,85,0,0,0,0
1770256957216219301,41,20,20,86,0,0,0,0
1770256957218490743,41,20,20,86,0,0,0,0
1770256957220650246,41,20,20,86,0,0,0,0
1770256957222480686,45,20,20,89,0,0,0,0
1770256957224287861,45,20,20,89,0,0,0,0
1770256957226500037,45,20,20,89,0,0,0,0
1770256957228205738,35,20,20,84,0,0,0,0
1770256957229605065,35,20,20,84,0,0,0,0
1770256957232250082,35,20,20,84,0,0,0,0
1770256957234049898,24,20,20,80,0,0,0,0
1770256957235649101,24,20,20,80,0,0,0,0
1770256957238498315,24,20,20,80,0,0,0,0
1770256957240527671,24,20,20,72,0,0,0,0
1770256957242623333,24,20,20,72,0,0,0,0
1770256957244286889,24,20,20,60,0,0,0,0
1770256957246435128,29,20,20,60,0,0,0,0
1770256957248412579,29,20,20,60,0,0,0,0
1770256957249928100,29,20,20,54,0,0,0,0
1770256957252354681,19,20,20,54,0,0,0,0
1770256957254300131,19,20,20,54,0,0,0,0
1770256957256389713,19,20,20,56,0,0,0,0
1770256957258412253,19,20,20,56,0,0,0,0
1770256957259871100,19,20,20,56,0,0,0,0
1770256957262487190,19,20,20,58,0,0,0,0
1770256957264403871,19,31,20,58,0,0,0,0
1770256957266353450,19,31,20,58,0,0,0,0
1770256957268493432,19,31,105,58,0,0,0,0
1770256957270433795,19,61,105,60,0,0,0,0
1770256957272277323,19,61,105,60,0,0,0,0
1770256957274471003,19,61,105,60,0,0,0,0
1770256957276570760,19,61,105,58,0,0,0,0
1770256957278529907,19,58,105,58,0,0,0,0
1770256957279671660,19,58,49,58,0,0,0,0
1770256957281610518,19,48,49,64,0,0,0,0
1770256957283614818,19,48,49,64,0,0,0,0
1770256957285586829,19,48,33,64,0,0,0,0
1770256957288131460,19,48,33,49,0,0,0,0
1770256957292564389,19,52,33,49,0,0,0,0
1770256957293561851,19,58,46,49,0,0,0,0
1770256957294859063,19,58,46,33,0,0,0,0
1770256957296953925,19,58,46,33,0,0,0,0
1770256957298609097,19,58,62,33,0,0,0,0
1770256957299804227,19,58,62,29,0,0,0,0
1770256957301979154,19,61,62,29,0,0,0,0
1770256957304093664,19,61,82,29,0,0,0,0
1770256957306045323,19,54,82,32,0,0,0,0
1770256957307603501,19,54,82,32,0,0,0,0
1770256957310433963,19,54,82,32,0,0,0,0
1770256957312061838,19,71,88,37,0,0,0,0
1770256957314101499,19,71,88,37,0,0,0,0
1770256957316259082,19,71,77,36,0,0,0,0
1770256957318177843,19,80,77,36,0,0,0,0
1770256957319935898,19,80,77,36,0,0,0,0
1770256957322653525,19,80,86,36,0,0,0,0
1770256957324468060,20,73,86,34,0,0,0,0
1770256957326547946,20,73,86,34,0,0,0,0
1770256957328678136,20,73,90,34,0,0,0,0
1770256957330680004,19,72,90,28,0,0,0,0
1770256957332205061,19,72,90,28,0,0,0,0
1770256957334083630,19,72,93,28,0,0,0,0
1770256957336330815,19,72,93,21,0,0,0,0
1770256957338041188,19,68,93,21,0,0,0,0
1770256957340466841,19,68,88,21,0,0,0,0
1770256957342557351,20,58,88,22,0,0,0,0
1770256957344665173,20,58,88,22,0,0,0,0
1770256957346284280,19,58,84,16,0,0,0,0
1770256957348668812,19,57,84,16,0,0,0,0
1770256957350661303,19,57,84,16,0,0,0,0
1770256957352322236,19,57,80,16,0,0,0,0
1770256957353889182,20,62,80,17,0,0,0,0
1770256957356293970,20,62,80,17,0,0,0,0
1770256957358455777,20,62,80,17,0,0,0,0
1770256957360652529,20,64,82,17,0,0,0,0
1770256957362685661,20,64,82,17,0,0,0,0
1770256957364585607,20,64,80,17,0,0,0,0
1770256957366572370,20,64,80,17,0,0,0,0
1770256957368336249,20,64,80,17,0,0,0,0
1770256957370219458,20,64,78,17,0,0,0,0
1770256957372273582,20,62,78,17,0,0,0,0
1770256957374335675,20,62,78,17,0,0,0,0
1770256957376252613,20,62,84,17,0,0,0,0
1770256957378405940,20,64,84,17,0,0,0,0
1770256957380492962,20,64,84,17,0,0,0,0
1770256957382442252,20,64,84,17,0,0,0,0
1770256957384636316,20,64,90,17,0,0,0,0
1770256957386501765,20,60,90,17,0,0,0,0
1770256957387979205,20,60,78,17,0,0,0,0
1770256957390355641,20,61,78,17,0,0,0,0
1770256957392437734,20,61,78,17,0,0,0,0
1770256957394410961,20,61,74,17,0,0,0,0
1770256957396300954,20,61,74,17,0,0,0,0
1770256957398266725,20,61,74,17,0,0,0,0
1770256957400107245,20,61,72,18,0,0,0,0
1770256957402330302,20,56,72,18,0,0,0,0
1770256957404187686,20,56,72,18,0,0,0,0
1770256957406386358,20,56,72,18,0,0,0,0
1770256957408284511,20,45,69,18,0,0,0,0
1770256957409644989,20,45,69,18,0,0,0,0
1770256957412291543,20,45,68,18,0,0,0,0
1770256957414227585,20,45,68,18,0,0,0,0
1770256957416256237,20,34,68,18,0,0,0,0
1770256957418552991,20,34,68,18,0,0,0,0
1770256957420745807,20,35,66,18,0,0,0,0
1770256957422428756,20,35,66,18,0,0,0,0
1770256957424418015,20,35,66,18,0,0,0,0
1770256957426679696,37,29,58,18,0,0,0,0
1770256957428225490,37,29,58,18,0,0,0,0
1770256957430190141,37,29,58,18,0,0,0,0
1770256957432271466,86,28,52,18,0,0,0,0
1770256957434165011,86,28,52,18,0,0,0,0
1770256957436293762,86,28,52,18,0,0,0,0
1770256957438169099,69,19,49,18,0,0,0,0
1770256957440394683,69,19,49,18,0,0,0,0
1770256957442553866,69,19,42,18,0,0,0,0
1770256957443761957,33,18,42,18,0,0,0,0
1770256957446137688,33,18,42,18,0,0,0,0
1770256957448605646,33,18,42,18,0,0,0,0
1770256957450520984,32,18,37,18,0,0,0,0
1770256957452562692,32,18,37,18,0,0,0,0
1770256957454609777,40,18,30,18,0,0,0,0
1770256957455768586,40,18,30,18,0,0,0,0
1770256957458077853,40,18,30,18,0,0,0,0
1770256957459718080,40,18,28,18,0,0,0,0
1770256957462204823,49,18,28,18,0,0,0,0
1770256957464267812,49,18,28,18,0,0,0,0
1770256957466457683,49,18,27,18,0,0,0,0
1770256957468463583,61,18,27,18,0,0,0,0
1770256957470449066,61,18,27,18,0,0,0,0
1770256957472659034,64,18,18,18,0,0,0,0
1770256957474807945,64,18,18,156,0,0,0,0
1770256957476124326,64,18,18,156,0,0,0,0
1770256957477646823,68,18,18,208,0,0,0,0
1770256957480272992,68,18,18,208,0,0,0,0
1770256957482204907,68,18,18,208,0,0,0,0
1770256957484281560,68,18,17,208,0,0,0,0
1770256957486135712,77,18,17,92,0,0,0,0
1770256957488564309,77,18,17,92,0,0,0,0
1770256957490545504,77,18,18,92,0,0,0,0
1770256957492522731,84,18,18,27,0,0,0,0
1770256957494819453,84,18,18,27,0,0,0,0
1770256957495873108,70,18,18,24,0,0,0,0
1770256957498513838,70,18,18,24,0,0,0,0
1770256957500362582,70,18,18,24,0,0,0,0
1770256957502174654,70,18,18,37,0,0,0,0
1770256957504162505,64,18,18,37,0,0,0,0
1770256957506407226,64,18,18,37,0,0,0,0
1770256957508470151,70,18,18,72,0,0,0,0
1770256957510392721,70,18,18,72,0,0,0,0
1770256957512782469,70,18,18,72,0,0,0,0
1770256957514514059,70,18,18,72,0,0,0,0
1770256957516517110,80,18,18,92,0,0,0,0
1770256957518378911,80,18,18,92,0,0,0,0
1770256957520272360,80,18,18,92,0,0,0,0
1770256957522217267,82,18,18,80,0,0,0,0
1770256957524284160,82,18,18,80,0,0,0,0
1770256957526462863,82,18,18,68,0,0,0,0
1770256957528536124,72,18,18,68,0,0,0,0
1770256957530693707,72,18,18,68,0,0,0,0
1770256957532635542,61,18,19,60,0,0,0,0
1770256957534561440,61,19,19,60,0,0,0,0
1770256957536218596,61,19,19,60,0,0,0,0
1770256957538307857,62,19,19,56,0,0,0,0
1770256957540340798,62,19,19,56,0,0,0,0
1770256957542392362,62,19,19,56,0,0,0,0
1770256957544159697,56,19,19,48,0,0,0,0
1770256957546577926,56,19,19,48,0,0,0,0
1770256957547886786,56,19,19,48,0,0,0,0
1770256957550357560,42,19,19,48,0,0,0,0
1770256957552213568,42,19,19,48,0,0,0,0
1770256957554235789,42,19,19,48,0,0,0,0
1770256957556379323,42,19,19,57,0,0,0,0
1770256957558097825,38,19,19,57,0,0,0,0
1770256957559651619,38,19,19,57,0,0,0,0
1770256957562691621,38,19,19,57,0,0,0,0
1770256957564583406,36,19,19,50,0,0,0,0
1770256957566544249,36,19,19,50,0,0,0,0
1770256957568496643,36,19,20,50,0,0,0,0
1770256957570733012,35,64,20,34,0,0,0,0
1770256957572249941,35,64,20,34,0,0,0,0
1770256957574152991,35,64,19,28,0,0,0,0
1770256957576339278,15,64,19,28,0,0,0,0
1770256957578380795,15,81,19,28,0,0,0,0
1770256957580405863,17,81,19,27,0,0,0,0
1770256957582531477,17,44,19,27,0,0,0,0
1770256957584660484,17,44,19,27,0,0,0,0
1770256957586759281,17,44,20,34,0,0,0,0
1770256957588654075,17,26,20,34,0,0,0,0
1770256957591168530,17,26,20,34,0,0,0,0
1770256957592194920,17,26,145,31,0,0,0,0
1770256957594305462,18,26,145,31,0,0,0,0
1770256957596311810,18,25,145,31,0,0,0,0
1770256957598181642,18,25,153,26,0,0,0,0
1770256957600363034,18,45,153,26,0,0,0,0
1770256957602327173,18,45,153,26,0,0,0,0
1770256957604673048,18,45,18,27,0,0,0,0
1770256957606669411,18,73,18,27,0,0,0,0
1770256957607997728,18,73,18,27,0,0,0,0
1770256957610390324,18,73,16,15,0,0,0,0
1770256957612287838,18,90,16,15,0,0,0,0
1770256957614489166,18,90,16,15,0,0,0,0
1770256957616646109,18,90,16,17,0,0,0,0
1770256957618549894,18,86,16,17,0,0,0,0
1770256957620824408,18,86,16,17,0,0,0,0
1770256957622376858,18,86,49,17,0,0,0,0
1770256957624292611,18,66,49,17,0,0,0,0
1770256957626287535,18,66,49,17,0,0,0,0
1770256957628369212,18,66,89,17,0,0,0,0
1770256957630281734,18,70,89,17,0,0,0,0
1770256957632449685,18,70,89,17,0,0,0,0
1770256957634410976,18,70,85,17,0,0,0,0
1770256957636595248,18,77,85,17,0,0,0,0
1770256957638464984,18,77,85,17,0,0,0,0
1770256957640505669,18,77,65,17,0,0,0,0
1770256957642648596,18,70,65,17,0,0,0,0
1770256957643695626,18,70,65,17,0,0,0,0
1770256957646249570,18,70,54,17,0,0,0,0
1770256957648301519,18,66,54,17,0,0,0,0
1770256957650554624,18,66,54,17,0,0,0,0
1770256957651891357,18,66,54,18,0,0,0,0
1770256957654435156,18,73,54,18,0,0,0,0
1770256957656524386,18,73,54,18,0,0,0,0
1770256957657946465,18,73,54,17,0,0,0,0
1770256957660270804,18,74,54,17,0,0,0,0
1770256957662262591,18,74,54,17,0,0,0,0
1770256957664238250,18,74,50,17,0,0,0,0
1770256957666147252,19,73,50,17,0,0,0,0
1770256957668337156,19,73,50,17,0,0,0,0
1770256957670466418,19,73,48,18,0,0,0,0
1770256957672646593,19,73,48,18,0,0,0,0
1770256957674583468,19,74,48,18,0,0,0,0
1770256957675779078,19,74,54,18,0,0,0,0
1770256957678246588,19,72,54,18,0,0,0,0
1770256957680266184,19,72,54,18,0,0,0,0
1770256957682465751,19,72,55,18,0,0,0,0
1770256957684424194,19,68,55,18,0,0,0,0
1770256957686088390,19,68,55,18,0,0,0,0
1770256957688520923,19,68,49,18,0,0,0,0
1770256957690488614,19,61,49,18,0,0,0,0
1770256957692346063,19,61,49,18,0,0,0,0
1770256957694684418,19,61,46,18,0,0,0,0
1770256957696542794,19,64,46,18,0,0,0,0
1770256957697797382,19,64,46,18,0,0,0,0
1770256957700128664,19,64,44,18,0,0,0,0
1770256957702175909,62,62,44,18,0,0,0,0
1770256957704214450,62,62,44,18,0,0,0,0
1770256957706486019,86,62,43,18,0,0,0,0
1770256957708565456,86,37,43,18,0,0,0,0
1770256957710275734,86,37,43,18,0,0,0,0
1770256957712490374,80,37,44,18,0,0,0,0
1770256957714577619,80,20,44,18,0,0,0,0
1770256957715994770,80,20,44,18,0,0,0,0
1770256957718147873,80,20,44,18,0,0,0,0
1770256957720465204,61,19,42,18,0,0,0,0
1770256957722378461,61,19,42,18,0,0,0,0
1770256957724259622,61,19,35,19,0,0,0,0
1770256957726543192,40,17,35,19,0,0,0,0
1770256957728355520,40,17,35,19,0,0,0,0
1770256957730702483,48,17,26,18,0,0,0,0
1770256957732510298,48,17,26,18,0,0,0,0
1770256957734472677,48,17,26,18,0,0,0,0
1770256957736270380,85,17,24,18,0,0,0,0
1770256957738225431,85,17,24,18,0,0,0,0
1770256957740200802,85,17,24,18,0,0,0,0
1770256957742215822,86,17,19,18,0,0,0,0
1770256957744237658,86,17,19,18,0,0,0,0
1770256957746654671,86,17,19,18,0,0,0,0
1770256957748667002,69,17,21,18,0,0,0,0
1770256957750353215,69,17,21,18,0,0,0,0
1770256957752380875,69,17,21,18,0,0,0,0
1770256957754657661,69,17,22,18,0,0,0,0
1770256957755739349,66,17,22,109,0,0,0,0
1770256957758524209,66,17,22,109,0,0,0,0
1770256957760630687,62,17,20,109,0,0,0,0
1770256957762557865,62,17,20,166,0,0,0,0
1770256957764532948,62,17,20,166,0,0,0,0
1770256957766564064,62,17,22,166,0,0,0,0
1770256957767805564,72,17,22,74,0,0,0,0
1770256957770379476,72,17,22,74,0,0,0,0
1770256957772137178,72,17,19,74,0,0,0,0
1770256957774344586,82,17,19,22,0,0,0,0
1770256957776467896,82,17,19,22,0,0,0,0
1770256957778374594,82,17,18,21,0,0,0,0
1770256957779629181,70,17,18,21,0,0,0,0
1770256957782014641,70,17,18,21,0,0,0,0
1770256957783967548,70,17,19,49,0,0,0,0
1770256957786072202,72,18,19,49,0,0,0,0
1770256957787700973,72,18,19,49,0,0,0,0
1770256957790331751,72,18,19,88,0,0,0,0
1770256957792445205,77,18,19,88,0,0,0,0
1770256957794051928,77,18,19,88,0,0,0,0
1770256957796458252,80,18,18,88,0,0,0,0
1770256957798205490,80,18,18,88,0,0,0,0
1770256957799662610,80,18,18,88,0,0,0,0
1770256957802182985,81,18,18,62,0,0,0,0
1770256957804176116,81,18,18,62,0,0,0,0
1770256957806263938,81,18,18,62,0,0,0,0
1770256957808293742,77,18,19,52,0,0,0,0
1770256957810659170,77,18,19,52,0,0,0,0
1770256957812674958,77,18,19,52,0,0,0,0
1770256957814605400,72,18,19,52,0,0,0,0
1770256957815882899,72,18,19,48,0,0,0,0
1770256957818478348,72,18,19,48,0,0,0,0
1770256957820130832,70,18,19,48,0,0,0,0
1770256957821628273,70,18,19,47,0,0,0,0
1770256957824242218,70,18,19,47,0,0,0,0
1770256957826191060,70,18,19,45,0,0,0,0
1770256957828249857,52,18,19,45,0,0,0,0
1770256957830422704,52,18,19,45,0,0,0,0
1770256957832599872,52,18,19,54,0,0,0,0
1770256957834680013,42,18,19,54,0,0,0,0
1770256957836593335,42,18,19,54,0,0,0,0
1770256957838579618,44,18,19,58,0,0,0,0
1770256957839744572,44,18,19,58,0,0,0,0
1770256957841746247,44,18,20,58,0,0,0,0
1770256957843989464,44,18,20,58,0,0,0,0
1770256957846101638,36,18,20,45,0,0,0,0
1770256957847706025,36,18,19,45,0,0,0,0
1770256957849667540,32,18,19,30,0,0,0,0
1770256957852473585,32,70,19,30,0,0,0,0
1770256957854491677,32,70,19,30,0,0,0,0
1770256957856593707,32,70,20,23,0,0,0,0
1770256957858184493,19,88,20,23,0,0,0,0
1770256957860232122,19,88,20,23,0,0,0,0
1770256957862148388,17,88,19,22,0,0,0,0
1770256957864030349,17,69,19,22,0,0,0,0
1770256957866072057,17,69,19,22,0,0,0,0
1770256957868441549,17,69,188,33,0,0,0,0
1770256957869906157,17,33,188,33,0,0,0,0
1770256957872305377,17,33,188,33,0,0,0,0
1770256957874334157,18,33,197,24,0,0,0,0
1770256957876202966,18,22,197,24,0,0,0,0
1770256957878213762,18,22,197,24,0,0,0,0
1770256957880081163,17,22,74,17,0,0,0,0
1770256957882863911,17,33,74,17,0,0,0,0
1770256957884513099,17,33,74,17,0,0,0,0
1770256957886419893,18,33,15,17,0,0,0,0
1770256957888705991,18,72,15,17,0,0,0,0
1770256957890580880,18,72,16,17,0,0,0,0
1770256957892346134,18,72,16,17,0,0,0,0
1770256957894096732,18,88,16,17,0,0,0,0
1770256957896344493,18,88,16,17,0,0,0,0
1770256957898048978,18,88,55,17,0,0,0,0
1770256957899641781,18,88,55,17,0,0,0,0
1770256957902066506,18,88,55,17,0,0,0,0
1770256957903782383,18,88,92,17,0,0,0,0
1770256957906082241,18,62,92,17,0,0,0,0
1770256957907954346,18,62,92,17,0,0,0,0
1770256957910187579,18,62,106,17,0,0,0,0
1770256957912267368,18,72,106,17,0,0,0,0
1770256957914422263,18,72,106,17,0,0,0,0
1770256957916471748,18,72,72,17,0,0,0,0
1770256957918667604,18,81,72,17,0,0,0,0
1770256957919844269,18,81,72,17,0,0,0,0
1770256957922075902,18,81,62,17,0,0,0,0
1770256957923621760,18,69,62,17,0,0,0,0
1770256957926238425,18,69,62,17,0,0,0,0
1770256957928072545,19,69,62,17,0,0,0,0
1770256957929811527,19,60,62,18,0,0,0,0
1770256957932445216,19,60,62,18,0,0,0,0
1770256957934729618,19,60,61,17,0,0,0,0
1770256957936438231,18,66,61,17,0,0,0,0
1770256957938265951,18,66,61,17,0,0,0,0
1770256957940466895,18,66,42,17,0,0,0,0
1770256957942545628,18,73,42,17,0,0,0,0
1770256957944077278,18,73,42,17,0,0,0,0
1770256957946066505,19,73,41,17,0,0,0,0
1770256957947995251,19,78,41,18,0,0,0,0
1770256957950239076,19,78,41,18,0,0,0,0
1770256957952652441,19,78,50,18,0,0,0,0
1770256957954294844,19,76,50,18,0,0,0,0
1770256957956470124,19,76,50,18,0,0,0,0
1770256957958464023,19,76,57,18,0,0,0,0
1770256957960388417,19,77,57,18,0,0,0,0
1770256957962327883,19,77,57,18,0,0,0,0
1770256957964187924,19,77,52,18,0,0,0,0
1770256957966174463,19,61,52,18,0,0,0,0
1770256957968386351,19,61,49,18,0,0,0,0
1770256957970447036,19,61,49,18,0,0,0,0
1770256957972986708,19,53,49,18,0,0,0,0
1770256957974633528,19,53,49,18,0,0,0,0
1770256957976876328,19,53,45,18,0,0,0,0
1770256957979045944,19,54,45,18,0,0,0,0
1770256957980940865,19,54,45,18,0,0,0,0
1770256957982363520,29,54,42,18,0,0,0,0
1770256957983580059,29,48,42,18,0,0,0,0
1770256957985981999,29,48,42,18,0,0,0,0
1770256957987992091,81,48,40,18,0,0,0,0
1770256957990072360,81,27,40,18,0,0,0,0
1770256957991778733,81,27,38,18,0,0,0,0
1770256957994197346,81,27,38,18,0,0,0,0
1770256957996158189,84,19,38,18,0,0,0,0
1770256957998303804,84,19,39,18,0,0,0,0
1770256957999640249,51,19,39,18,0,0,0,0
1770256958002282866,51,17,39,18,0,0,0,0
1770256958004525859,51,17,39,18,0,0,0,0
1770256958006475598,32,17,30,18,0,0,0,0
1770256958008909123,32,17,30,18,0,0,0,0
1770256958010530598,32,17,30,18,0,0,0,0
1770256958012538258,39,17,25,18,0,0,0,0
1770256958014268183,39,16,25,18,0,0,0,0
1770256958016206210,39,16,25,18,0,0,0,0
1770256958018148972,61,16,18,18,0,0,0,0
1770256958020123063,61,17,18,18,0,0,0,0
1770256958022102146,61,17,19,18,0,0,0,0
1770256958024424949,77,17,19,19,0,0,0,0
1770256958026637797,77,17,19,19,0,0,0,0
1770256958028514958,77,17,20,19,0,0,0,0
1770256958030611868,66,17,20,169,0,0,0,0
1770256958032467684,66,17,20,169,0,0,0,0
1770256958034445167,66,17,20,169,0,0,0,0
1770256958036690176,62,17,19,207,0,0,0,0
1770256958038514024,62,17,19,207,0,0,0,0
1770256958040454450,62,17,20,207,0,0,0,0
1770256958042631106,70,17,20,88,0,0,0,0
1770256958044439945,70,17,20,88,0,0,0,0
1770256958046297426,70,17,20,88,0,0,0,0
1770256958048207931,84,17,18,18,0,0,0,0
1770256958050075908,84,17,18,18,0,0,0,0
1770256958052342581,84,17,18,18,0,0,0,0
1770256958054404546,80,17,18,17,0,0,0,0
1770256958056122504,80,17,18,17,0,0,0,0
1770256958057628137,80,17,18,17,0,0,0,0
1770256958060134911,73,17,18,33,0,0,0,0
1770256958062174444,73,18,18,33,0,0,0,0
1770256958064370140,73,18,18,33,0,0,0,0
1770256958066599948,66,18,19,77,0,0,0,0
1770256958068516374,66,18,19,77,0,0,0,0
1770256958070468416,66,18,19,77,0,0,0,0
1770256958072397963,78,18,18,93,0,0,0,0
1770256958074401686,78,18,18,93,0,0,0,0
1770256958076334688,78,18,18,93,0,0,0,0
1770256958078192841,88,18,18,78,0,0,0,0
1770256958080352376,88,18,18,78,0,0,0,0
1770256958082183648,88,18,18,78,0,0,0,0
1770256958084544371,92,18,18,64,0,0,0,0
1770256958086426268,92,18,18,64,0,0,0,0
1770256958088235812,92,18,18,64,0,0,0,0
1770256958090610071,92,18,19,44,0,0,0,0
1770256958093051085,77,18,19,44,0,0,0,0
1770256958094442667,77,18,19,44,0,0,0,0
1770256958096193329,65,18,19,40,0,0,0,0
1770256958098436866,65,18,19,40,0,0,0,0
1770256958100323851,65,18,19,40,0,0,0,0
1770256958102296374,58,18,19,40,0,0,0,0
1770256958104326754,58,18,19,40,0,0,0,0
1770256958106487666,58,18,19,40,0,0,0,0
1770256958108836805,58,18,19,41,0,0,0,0
1770256958110657292,48,18,19,41,0,0,0,0
1770256958111803301,48,18,19,41,0,0,0,0
1770256958114602594,48,18,19,48,0,0,0,0
1770256958115785468,39,18,19,48,0,0,0,0
1770256958118381973,39,18,19,48,0,0,0,0
1770256958120312191,39,18,19,48,0,0,0,0
1770256958122207624,38,53,19,48,0,0,0,0
1770256958124368471,38,53,19,48,0,0,0,0
1770256958126710954,38,53,20,25,0,0,0,0
1770256958128776791,38,116,20,25,0,0,0,0
1770256958130352314,38,116,20,25,0,0,0,0
1770256958132540393,18,116,19,18,0,0,0,0
1770256958134647383,18,88,19,18,0,0,0,0
1770256958135764464,18,88,19,18,0,0,0,0
1770256958137624856,18,88,19,17,0,0,0,0
1770256958139664293,18,40,19,17,0,0,0,0
1770256958142061273,18,40,19,17,0,0,0,0
1770256958144091973,18,40,120,24,0,0,0,0
1770256958145632583,17,28,120,24,0,0,0,0
1770256958148688617,17,28,120,24,0,0,0,0
1770256958150479248,17,28,210,29,0,0,0,0
1770256958152445339,17,36,210,29,0,0,0,0
1770256958154400166,17,36,210,29,0,0,0,0
1770256958156130988,17,64,121,17,0,0,0,0
1770256958158178456,17,64,121,17,0,0,0,0
1770256958160155523,17,64,121,17,0,0,0,0
1770256958162162511,17,64,10,16,0,0,0,0
1770256958163986743,17,73,10,16,0,0,0,0
1770256958166511566,17,73,10,16,0,0,0,0
1770256958168345878,18,73,14,18,0,0,0,0
1770256958170362722,18,84,14,18,0,0,0,0
1770256958172192330,18,84,14,18,0,0,0,0
1770256958174175701,18,88,15,20,0,0,0,0
1770256958175661429,18,88,15,20,0,0,0,0
1770256958178719640,18,88,15,20,0,0,0,0
1770256958180609953,18,88,57,29,0,0,0,0
1770256958182612269,18,84,57,29,0,0,0,0
1770256958184684058,18,84,57,29,0,0,0,0
1770256958185880436,18,84,106,16,0,0,0,0
1770256958187891264,18,77,106,16,0,0,0,0
1770256958190437687,18,77,106,16,0,0,0,0
1770256958192209342,18,77,77,17,0,0,0,0
1770256958194320332,18,73,77,17,0,0,0,0
1770256958196242646,18,73,77,17,0,0,0,0
1770256958198892304,18,73,48,17,0,0,0,0
1770256958200796537,18,72,48,17,0,0,0,0
1770256958202827077,18,72,48,17,0,0,0,0
1770256958205074902,18,72,43,17,0,0,0,0
1770256958206810268,18,74,43,17,0,0,0,0
1770256958207698640,18,74,43,17,0,0,0,0
1770256958210000610,18,76,46,17,0,0,0,0
1770256958211576900,18,76,46,17,0,0,0,0
1770256958214017849,18,76,46,17,0,0,0,0
1770256958216047622,18,76,56,17,0,0,0,0
1770256958218470778,18,81,56,17,0,0,0,0
1770256958220540615,18,81,47,17,0,0,0,0
1770256958222589812,18,81,47,17,0,0,0,0
1770256958224650913,18,80,47,17,0,0,0,0
1770256958225993022,18,80,36,17,0,0,0,0
1770256958228444724,18,80,36,18,0,0,0,0
1770256958229694063,19,72,36,18,0,0,0,0
1770256958232334601,19,72,36,18,0,0,0,0
1770256958234215730,19,73,38,17,0,0,0,0
1770256958235695506,19,73,38,17,0,0,0,0
1770256958238296490,19,73,38,17,0,0,0,0
1770256958240544955,19,73,49,17,0,0,0,0
1770256958242674218,19,72,49,18,0,0,0,0
1770256958244359951,19,72,48,18,0,0,0,0
1770256958246557151,19,72,48,17,0,0,0,0
1770256958247914396,19,54,48,17,0,0,0,0
1770256958250579926,19,54,48,17,0,0,0,0
1770256958252255739,19,54,44,18,0,0,0,0
1770256958254598446,19,48,44,18,0,0,0,0
1770256958256563961,19,48,44,18,0,0,0,0
1770256958258392096,72,52,38,18,0,0,0,0
1770256958260449613,72,52,38,18,0,0,0,0
1770256958262540827,72,52,38,18,0,0,0,0
1770256958264568039,112,52,34,18,0,0,0,0
1770256958265778689,112,34,34,18,0,0,0,0
1770256958268348377,112,34,34,18,0,0,0,0
1770256958270291108,90,34,34,18,0,0,0,0
1770256958272086507,90,24,34,18,0,0,0,0
1770256958274386205,90,24,33,18,0,0,0,0
1770256958276374632,50,24,33,18,0,0,0,0
1770256958278538136,50,14,33,18,0,0,0,0
1770256958280510211,50,14,33,18,0,0,0,0
1770256958282780148,34,14,31,18,0,0,0,0
1770256958284663069,34,16,31,18,0,0,0,0
1770256958286551430,34,16,21,18,0,0,0,0
1770256958288447696,44,16,21,18,0,0,0,0
1770256958290210742,44,16,21,18,0,0,0,0
1770256958292255683,44,16,18,18,0,0,0,0
1770256958294388273,44,16,18,18,0,0,0,0
1770256958296229561,88,16,18,18,0,0,0,0
1770256958298255237,88,16,18,18,0,0,0,0
1770256958300037932,88,16,18,18,0,0,0,0
1770256958302118362,88,17,18,18,0,0,0,0
1770256958304285673,88,17,18,18,0,0,0,0
1770256958305956077,74,17,18,110,0,0,0,0
1770256958308243199,74,16,18,110,0,0,0,0
1770256958310510160,74,16,20,110,0,0,0,0
1770256958312666303,77,16,20,210,0,0,0,0
1770256958314640970,77,17,20,210,0,0,0,0
1770256958316737688,77,17,19,210,0,0,0,0
1770256958318547072,69,17,19,125,0,0,0,0
1770256958319828252,69,17,19,125,0,0,0,0
1770256958321699620,66,17,18,125,0,0,0,0
1770256958324344542,66,17,18,22,0,0,0,0
1770256958326166150,66,17,18,22,0,0,0,0
1770256958327791625,66,17,18,22,0,0,0,0
1770256958330536773,82,17,18,18,0,0,0,0
1770256958332398254,82,17,18,18,0,0,0,0
1770256958334582077,82,17,18,18,0,0,0,0
1770256958339054655,84,17,18,29,0,0,0,0
1770256958339331013,84,17,18,29,0,0,0,0
1770256958339813231,84,17,18,29,0,0,0,0
1770256958341959710,84,17,18,72,0,0,0,0
1770256958344005707,84,17,18,72,0,0,0,0
1770256958346036599,84,17,18,72,0,0,0,0
1770256958353165874,76,17,18,72,0,0,0,0
1770256958353421432,76,18,18,77,0,0,0,0
1770256958353537914,76,18,18,77,0,0,0,0
1770256958354746357,69,18,18,57,0,0,0,0
1770256958356669055,69,18,18,57,0,0,0,0
1770256958358651338,69,18,18,57,0,0,0,0
1770256958360625493,78,18,19,58,0,0,0,0
1770256958362232568,78,18,19,58,0,0,0,0
1770256958364605708,78,18,19,58,0,0,0,0
1770256958366256944,77,18,19,58,0,0,0,0
1770256958368094488,77,18,19,58,0,0,0,0
1770256958370235238,72,18,19,58,0,0,0,0
1770256958372372565,72,18,19,55,0,0,0,0
1770256958374459074,72,18,19,55,0,0,0,0
1770256958376442894,72,18,19,55,0,0,0,0
1770256958378448665,62,18,19,42,0,0,0,0
1770256958380408900,62,18,19,42,0,0,0,0
1770256958382352270,62,18,19,42,0,0,0,0
1770256958384514877,50,18,19,31,0,0,0,0
1770256958386501129,50,18,19,31,0,0,0,0
1770256958388432275,50,18,19,31,0,0,0,0
1770256958390434046,37,18,19,28,0,0,0,0
1770256958392292967,37,18,19,28,0,0,0,0
1770256958394260562,25,18,19,28,0,0,0,0
1770256958396244445,25,18,19,40,0,0,0,0
1770256958398067909,25,30,19,40,0,0,0,0
1770256958400252116,25,30,19,40,0,0,0,0
1770256958402432964,18,98,19,37,0,0,0,0
1770256958404347790,18,98,19,37,0,0,0,0
1770256958406496669,18,98,19,37,0,0,0,0
1770256958408585130,18,98,19,26,0,0,0,0
1770256958410588406,17,93,19,26,0,0,0,0
1770256958412506432,17,93,19,26,0,0,0,0
1770256958414691567,17,93,19,21,0,0,0,0
1770256958416459094,17,43,19,21,0,0,0,0
1770256958418579620,17,43,57,21,0,0,0,0
1770256958420526670,17,43,57,20,0,0,0,0
1770256958422243092,17,20,57,20,0,0,0,0
1770256958424107132,17,20,210,20,0,0,0,0
1770256958426139241,17,20,210,20,0,0,0,0
1770256958428310488,17,24,210,17,0,0,0,0
1770256958430191489,17,24,181,17,0,0,0,0
1770256958432278735,17,24,181,17,0,0,0,0
1770256958434479391,17,51,181,17,0,0,0,0
1770256958436645518,17,51,181,17,0,0,0,0
1770256958438349779,17,51,14,19,0,0,0,0
1770256958440407456,17,70,14,19,0,0,0,0
1770256958442371915,17,70,14,19,0,0,0,0
1770256958444369366,18,70,14,25,0,0,0,0
1770256958446220958,18,78,14,25,0,0,0,0
1770256958448250251,17,78,18,25,0,0,0,0
1770256958450471035,17,78,18,17,0,0,0,0
1770256958452429158,17,84,18,17,0,0,0,0
1770256958454301679,17,84,64,17,0,0,0,0
1770256958456388124,18,84,64,17,0,0,0,0
1770256958458417704,18,85,64,17,0,0,0,0
1770256958460309906,18,85,64,17,0,0,0,0
1770256958461965622,18,78,128,16,0,0,0,0
1770256958464180486,18,78,128,16,0,0,0,0
1770256958466128400,18,78,128,16,0,0,0,0
1770256958468029786,18,78,46,17,0,0,0,0
1770256958469868034,18,73,46,17,0,0,0,0
1770256958472482267,18,73,46,17,0,0,0,0
1770256958474938352,18,73,21,17,0,0,0,0
1770256958476871835,18,84,21,17,0,0,0,0
1770256958478941960,18,84,21,17,0,0,0,0
1770256958480492969,18,84,21,17,0,0,0,0
1770256958482144909,18,89,21,17,0,0,0,0
1770256958483970709,18,89,48,17,0,0,0,0
1770256958485998529,18,89,48,17,0,0,0,0
1770256958487896587,18,76,48,17,0,0,0,0
1770256958489965976,18,76,84,17,0,0,0,0
1770256958492069446,18,76,84,17,0,0,0,0
1770256958494495995,18,62,84,17,0,0,0,0
1770256958496244641,18,62,68,17,0,0,0,0
1770256958498261325,18,62,68,17,0,0,0,0
1770256958500247864,18,61,68,17,0,0,0,0
1770256958502166914,18,61,68,17,0,0,0,0
1770256958504531445,18,61,44,17,0,0,0,0
1770256958506297852,18,70,44,17,0,0,0,0
1770256958508465675,18,70,31,17,0,0,0,0
1770256958510371765,19,70,31,17,0,0,0,0
1770256958512489507,19,70,31,17,0,0,0,0
1770256958514336971,19,70,33,17,0,0,0,0
1770256958516112338,19,78,33,18,0,0,0,0
1770256958518172735,19,78,33,18,0,0,0,0
1770256958520242828,19,78,42,18,0,0,0,0
1770256958522108885,19,78,42,18,0,0,0,0
1770256958524260163,19,55,42,18,0,0,0,0
1770256958526372177,19,55,49,18,0,0,0,0
1770256958528713092,19,55,49,18,0,0,0,0
1770256958530280167,19,26,49,18,0,0,0,0
1770256958532316371,19,26,45,18,0,0,0,0
1770256958534496995,84,26,45,18,0,0,0,0
1770256958536292426,84,18,45,18,0,0,0,0
1770256958538181139,84,18,40,18,0,0,0,0
1770256958540236928,105,18,40,18,0,0,0,0
1770256958542531346,105,22,40,18,0,0,0,0
1770256958544215990,66,22,30,18,0,0,0,0
1770256958546138240,66,22,30,18,0,0,0,0
1770256958548024393,66,21,30,18,0,0,0,0
1770256958550051190,66,21,28,18,0,0,0,0
1770256958551632664,30,21,28,18,0,0,0,0
1770256958554036716,30,18,28,18,0,0,0,0
1770256958556415776,30,18,24,18,0,0,0,0
1770256958558575311,24,18,24,18,0,0,0,0
1770256958560557659,24,17,24,18,0,0,0,0
1770256958562224479,24,17,20,18,0,0,0,0
1770256958564402862,34,17,20,18,0,0,0,0
1770256958566072403,34,17,20,18,0,0,0,0
1770256958568395461,34,17,18,18,0,0,0,0
1770256958570113451,74,17,18,18,0,0,0,0
1770256958572190552,74,17,18,18,0,0,0,0
1770256958574422345,74,17,18,18,0,0,0,0
1770256958576476374,85,17,20,18,0,0,0,0
1770256958578475041,85,17,20,18,0,0,0,0
1770256958580607568,77,17,19,18,0,0,0,0
1770256958582476600,77,17,19,18,0,0,0,0
1770256958584433859,77,17,19,18,0,0,0,0
1770256958586171785,76,17,18,18,0,0,0,0
1770256958588240374,76,17,18,166,0,0,0,0
1770256958590237121,76,17,18,166,0,0,0,0
1770256958592379216,78,17,18,166,0,0,0,0
1770256958594242297,78,17,18,146,0,0,0,0
1770256958595693560,78,17,18,146,0,0,0,0
1770256958598345874,78,17,18,146,0,0,0,0
1770256958600136985,74,17,18,36,0,0,0,0
1770256958602244071,74,17,18,36,0,0,0,0
1770256958604324052,74,17,18,36,0,0,0,0
1770256958606202941,70,17,18,19,0,0,0,0
1770256958608085606,70,17,18,19,0,0,0,0
1770256958610365208,70,17,18,19,0,0,0,0
1770256958611620628,73,17,18,30,0,0,0,0
1770256958614194924,73,17,18,30,0,0,0,0
1770256958616119638,73,17,18,73,0,0,0,0
1770256958617646423,84,17,18,73,0,0,0,0
1770256958620030859,84,18,18,73,0,0,0,0
1770256958621608141,93,18,18,73,0,0,0,0
1770256958624086723,93,18,18,89,0,0,0,0
1770256958626221362,93,18,18,89,0,0,0,0
1770256958628577701,89,18,18,89,0,0,0,0
1770256958630644466,89,18,18,60,0,0,0,0
1770256958632658078,89,18,18,60,0,0,0,0
1770256958634529863,89,18,18,60,0,0,0,0
1770256958636288781,74,18,18,51,0,0,0,0
1770256958638085204,74,18,18,51,0,0,0,0
1770256958640218403,76,18,18,51,0,0,0,0
1770256958642233295,76,18,18,52,0,0,0,0
1770256958644081911,76,18,18,52,0,0,0,0
1770256958646268039,81,18,19,52,0,0,0,0
1770256958648063886,81,18,19,48,0,0,0,0
1770256958649638896,81,18,19,48,0,0,0,0
1770256958651962307,81,18,19,48,0,0,0,0
1770256958653635239,71,18,19,52,0,0,0,0
1770256958655840311,71,18,19,52,0,0,0,0
1770256958658721846,71,18,19,52,0,0,0,0
1770256958659841423,74,18,18,58,0,0,0,0
1770256958662457352,74,18,18,58,0,0,0,0
1770256958664293424,48,18,18,58,0,0,0,0
1770256958666417278,48,18,18,45,0,0,0,0
1770256958668550764,48,18,18,45,0,0,0,0
1770256958670531288,27,18,20,45,0,0,0,0
1770256958672511427,27,18,20,29,0,0,0,0
1770256958674856214,27,60,20,29,0,0,0,0
1770256958676373559,27,60,19,29,0,0,0,0
1770256958677643379,14,114,19,28,0,0,0,0
1770256958680087688,14,114,19,28,0,0,0,0
1770256958682127604,14,114,18,28,0,0,0,0
1770256958684203970,17,114,18,31,0,0,0,0
1770256958685634369,17,80,18,31,0,0,0,0
1770256958688708740,16,80,20,31,0,0,0,0
1770256958689966367,16,35,20,35,0,0,0,0
1770256958692753052,16,35,20,35,0,0,0,0
1770256958694622181,17,35,19,35,0,0,0,0
1770256958696492333,17,35,19,33,0,0,0,0
1770256958698561819,17,20,19,33,0,0,0,0
1770256958699892920,17,20,19,33,0,0,0,0
1770256958702579954,17,20,146,33,0,0,0,0
1770256958704444123,17,21,146,33,0,0,0,0
1770256958706527048,17,21,165,33,0,0,0,0
1770256958708347088,17,21,165,27,0,0,0,0
1770256958710127447,17,62,165,27,0,0,0,0
1770256958712143395,17,62,42,27,0,0,0,0
1770256958714312626,17,62,42,27,0,0,0,0
1770256958716061976,17,92,42,24,0,0,0,0
1770256958718520942,17,92,17,24,0,0,0,0
1770256958720284468,17,92,17,17,0,0,0,0
1770256958722400386,17,97,17,17,0,0,0,0
1770256958724191977,17,97,30,17,0,0,0,0
1770256958726319640,18,86,30,17,0,0,0,0
1770256958728645098,18,86,30,17,0,0,0,0
1770256958729821124,17,86,77,17,0,0,0,0
1770256958732602624,17,86,77,17,0,0,0,0
1770256958734708974,17,84,77,17,0,0,0,0
1770256958736450068,17,84,117,17,0,0,0,0
1770256958738227451,18,84,117,17,0,0,0,0
1770256958740216582,18,84,117,17,0,0,0,0
1770256958742238579,18,84,73,17,0,0,0,0
1770256958744123196,18,74,73,17,0,0,0,0
1770256958746379949,18,74,73,17,0,0,0,0
1770256958748167572,18,74,36,17,0,0,0,0
1770256958749642548,18,74,36,17,0,0,0,0
1770256958752057769,18,74,36,17,0,0,0,0
1770256958754149174,18,74,36,17,0,0,0,0
1770256958755677911,18,74,38,17,0,0,0,0
1770256958757628450,18,89,38,17,0,0,0,0
1770256958760619299,18,89,59,17,0,0,0,0
1770256958762435563,18,86,59,17,0,0,0,0
1770256958764599706,18,86,59,17,0,0,0,0
1770256958766752233,18,86,69,17,0,0,0,0
1770256958768138407,18,72,69,17,0,0,0,0
1770256958770428441,18,72,69,17,0,0,0,0
1770256958772196863,18,72,60,17,0,0,0,0
1770256958773723329,18,54,60,17,0,0,0,0
1770256958776369274,18,54,60,17,0,0,0,0
1770256958778117761,18,54,53,17,0,0,0,0
1770256958780286704,18,53,53,18,0,0,0,0
1770256958782358429,18,53,53,18,0,0,0,0
1770256958784481259,18,53,51,18,0,0,0,0
1770256958786499319,18,53,51,18,0,0,0,0
1770256958788568964,18,58,51,18,0,0,0,0
1770256958790057861,18,58,49,17,0,0,0,0
1770256958792096017,18,58,49,17,0,0,0,0
1770256958794264992,18,66,49,17,0,0,0,0
1770256958796315661,19,66,49,17,0,0,0,0
1770256958797748940,19,73,49,18,0,0,0,0
1770256958800374918,19,73,49,18,0,0,0,0
1770256958802622711,19,73,45,18,0,0,0,0
1770256958804428766,18,73,45,18,0,0,0,0
1770256958806565389,18,52,45,18,0,0,0,0
1770256958808451926,84,52,46,18,0,0,0,0
1770256958810043384,84,52,46,18,0,0,0,0
1770256958812040100,84,18,46,18,0,0,0,0
1770256958813947149,98,18,47,18,0,0,0,0
1770256958816082716,98,18,47,18,0,0,0,0
1770256958817625854,98,16,47,18,0,0,0,0
1770256958820577310,98,16,43,18,0,0,0,0
1770256958822627627,69,15,43,18,0,0,0,0
1770256958824581429,69,15,43,18,0,0,0,0
1770256958826675331,32,15,40,18,0,0,0,0
1770256958828590253,32,16,40,18,0,0,0,0
1770256958829949642,32,16,40,18,0,0,0,0
1770256958832320510,28,16,32,18,0,0,0,0
1770256958833818399,28,16,32,18,0,0,0,0
1770256958836271988,28,16,32,18,0,0,0,0
1770256958838156061,28,16,27,18,0,0,0,0
1770256958840373389,28,16,27,18,0,0,0,0
1770256958842105363,28,16,27,18,0,0,0,0
1770256958843733239,28,16,26,18,0,0,0,0
1770256958846049417,54,16,26,18,0,0,0,0
1770256958847881041,54,16,26,18,0,0,0,0
1770256958849746618,66,16,17,18,0,0,0,0
1770256958852063724,66,16,17,18,0,0,0,0
1770256958853661647,66,17,17,18,0,0,0,0
1770256958855654907,66,17,18,18,0,0,0,0
1770256958857712935,66,17,18,18,0,0,0,0
1770256958860099323,66,17,18,18,0,0,0,0
1770256958862566161,66,17,18,154,0,0,0,0
1770256958863783916,69,17,18,154,0,0,0,0
1770256958866581417,69,17,18,154,0,0,0,0
1770256958868570516,69,17,18,186,0,0,0,0
1770256958870357691,62,17,18,186,0,0,0,0
1770256958871691768,62,17,18,186,0,0,0,0
1770256958874458036,72,17,18,186,0,0,0,0
1770256958875648078,72,17,18,77,0,0,0,0
1770256958878493516,72,17,18,77,0,0,0,0
1770256958880087343,72,17,18,12,0,0,0,0
1770256958882548805,68,18,18,12,0,0,0,0
1770256958884538608,68,18,18,12,0,0,0,0
1770256958886588829,68,18,18,18,0,0,0,0
1770256958888369892,80,17,18,18,0,0,0,0
1770256958890513394,80,17,18,18,0,0,0,0
1770256958892238936,96,17,18,18,0,0,0,0
1770256958894290565,96,17,18,56,0,0,0,0
1770256958896247087,96,17,18,56,0,0,0,0
1770256958898257051,96,17,18,56,0,0,0,0
1770256958900309128,98,18,18,118,0,0,0,0
1770256958902691964,98,18,18,118,0,0,0,0
1770256958904623622,98,18,18,118,0,0,0,0
1770256958905736158,92,17,18,72,0,0,0,0
1770256958908505114,92,17,18,72,0,0,0,0
1770256958910480838,92,17,18,42,0,0,0,0
1770256958911675584,86,18,18,42,0,0,0,0
1770256958914170454,86,18,18,42,0,0,0,0
1770256958916385958,86,18,19,37,0,0,0,0
1770256958918242927,81,18,19,37,0,0,0,0
1770256958919689166,81,18,19,37,0,0,0,0
1770256958922664623,81,18,19,37,0,0,0,0
1770256958924634170,81,18,19,37,0,0,0,0
1770256958925753490,81,18,19,37,0,0,0,0
1770256958928452909,62,18,19,37,0,0,0,0
1770256958930580284,62,18,19,42,0,0,0,0
1770256958931813783,62,18,19,42,0,0,0,0
1770256958934460048,62,18,19,42,0,0,0,0
1770256958936376058,64,18,19,54,0,0,0,0
1770256958938222658,64,18,19,54,0,0,0,0
1770256958940318832,64,18,19,54,0,0,0,0
1770256958942236314,72,18,19,56,0,0,0,0
1770256958944037569,72,18,19,56,0,0,0,0
1770256958945735814,72,18,19,40,0,0,0,0
1770256958948134586,38,18,19,40,0,0,0,0
1770256958949728861,38,19,19,40,0,0,0,0
1770256958951856331,38,19,19,40,0,0,0,0
1770256958954370146,23,19,19,21,0,0,0,0
1770256958956185770,23,72,19,21,0,0,0,0
1770256958957688138,18,72,19,20,0,0,0,0
1770256958960235234,18,72,19,20,0,0,0,0
1770256958961657345,18,82,19,20,0,0,0,0
1770256958964389149,17,82,19,20,0,0,0,0
1770256958966057601,17,39,19,25,0,0,0,0
1770256958968302194,17,39,19,25,0,0,0,0
1770256958969636495,16,39,73,25,0,0,0,0
1770256958971674491,16,25,73,37,0,0,0,0
1770256958974607803,16,25,73,37,0,0,0,0
1770256958976358433,17,25,210,37,0,0,0,0
1770256958978447439,17,23,210,28,0,0,0,0
1770256958980383353,17,23,210,28,0,0,0,0
1770256958982481063,17,23,140,28,0,0,0,0
1770256958984336015,17,23,140,24,0,0,0,0
1770256958986091670,17,62,140,24,0,0,0,0
1770256958988307302,17,62,17,24,0,0,0,0
1770256958990061228,17,93,17,19,0,0,0,0
1770256958992232027,17,93,17,19,0,0,0,0
1770256958994498637,17,93,15,19,0,0,0,0
1770256958996376118,17,93,15,17,0,0,0,0
1770256958998587174,17,96,15,17,0,0,0,0
1770256959000561681,18,96,17,17,0,0,0,0
1770256959002420922,18,86,17,17,0,0,0,0
1770256959003996060,18,86,17,17,0,0,0,0
1770256959006176683,18,86,50,17,0,0,0,0
1770256959008186615,18,86,50,17,0,0,0,0
1770256959009646359,18,66,50,17,0,0,0,0
1770256959012328145,18,66,105,17,0,0,0,0
1770256959014397887,18,81,105,17,0,0,0,0
1770256959016702097,18,81,105,17,0,0,0,0
1770256959018639835,18,81,68,17,0,0,0,0
1770256959020779690,18,81,68,17,0,0,0,0
1770256959022625714,18,77,68,17,0,0,0,0
1770256959023805932,18,77,49,17,0,0,0,0
1770256959026195232,18,77,49,17,0,0,0,0
1770256959027847140,18,73,49,17,0,0,0,0
1770256959030159286,18,73,37,17,0,0,0,0
1770256959031652727,18,76,37,17,0,0,0,0
1770256959034183086,18,76,37,17,0,0,0,0
1770256959036605315,18,76,43,17,0,0,0,0
1770256959037780796,18,84,43,17,0,0,0,0
1770256959041528046,18,84,43,17,0,0,0,0
1770256959042694791,18,84,48,17,0,0,0,0
1770256959044516783,18,78,48,17,0,0,0,0
1770256959045735146,18,78,48,17,0,0,0,0
1770256959048275841,18,78,46,17,0,0,0,0
1770256959050037319,18,68,46,17,0,0,0,0
1770256959052292505,18,68,46,17,0,0,0,0
1770256959054363942,18,68,49,17,0,0,0,0
1770256959056404722,18,68,49,17,0,0,0,0
1770256959058530432,18,68,49,17,0,0,0,0
1770256959060749521,19,68,50,17,0,0,0,0
1770256959062525976,19,68,50,17,0,0,0,0
1770256959064322143,19,69,50,17,0,0,0,0
1770256959066107750,19,69,45,18,0,0,0,0
1770256959068408568,19,69,45,18,0,0,0,0
1770256959070113725,19,64,45,18,0,0,0,0
1770256959072186378,19,64,36,18,0,0,0,0
1770256959074418235,19,65,36,18,0,0,0,0
1770256959076343749,19,65,36,18,0,0,0,0
1770256959078683928,19,65,33,18,0,0,0,0
1770256959080464383,57,65,33,18,0,0,0,0
1770256959082513099,57,65,33,18,0,0,0,0
1770256959084458806,92,65,35,18,0,0,0,0
1770256959086254877,92,33,35,18,0,0,0,0
1770256959088268777,92,33,35,18,0,0,0,0
1770256959090350102,92,33,37,18,0,0,0,0
1770256959092377826,66,22,37,18,0,0,0,0
1770256959094179401,66,22,37,18,0,0,0,0
1770256959096597918,66,22,39,18,0,0,0,0
1770256959098560009,36,14,39,18,0,0,0,0
1770256959099775427,36,14,39,18,0,0,0,0
1770256959102556672,36,14,37,18,0,0,0,0
1770256959104552364,34,16,37,18,0,0,0,0
1770256959105730277,34,16,37,18,0,0,0,0
1770256959108190299,64,16,24,18,0,0,0,0
1770256959110308233,64,16,24,18,0,0,0,0
1770256959112203954,64,16,24,18,0,0,0,0
1770256959114317664,64,16,18,18,0,0,0,0
1770256959116447503,105,16,18,18,0,0,0,0
1770256959118300983,105,16,18,18,0,0,0,0
1770256959120645546,93,16,18,18,0,0,0,0
1770256959122492627,93,16,18,18,0,0,0,0
1770256959124437053,93,16,18,18,0,0,0,0
1770256959126185347,70,16,17,18,0,0,0,0
1770256959128246864,70,16,17,19,0,0,0,0
1770256959130257084,70,16,17,19,0,0,0,0
1770256959132221223,60,16,18,210,0,0,0,0
1770256959133650278,60,17,18,210,0,0,0,0
1770256959139161598,60,17,18,210,0,0,0,0
1770256959143385946,60,17,18,156,0,0,0,0
1770256959145351429,60,17,18,30,0,0,0,0
1770256959146422204,73,17,18,30,0,0,0,0
1770256959148019199,73,17,18,30,0,0,0,0
1770256959149786086,86,17,18,30,0,0,0,0
1770256959151708911,86,17,18,12,0,0,0,0
1770256959153591768,86,17,18,12,0,0,0,0
1770256959156259123,80,17,18,14,0,0,0,0
1770256959158981550,80,17,18,14,0,0,0,0
1770256959160988986,80,17,18,14,0,0,0,0
1770256959162993093,81,17,18,45,0,0,0,0
1770256959164790829,81,17,18,45,0,0,0,0
1770256959166465553,81,17,18,45,0,0,0,0
1770256959168449212,78,17,18,45,0,0,0,0
1770256959169663351,78,18,18,76,0,0,0,0
1770256959171701507,78,18,18,76,0,0,0,0
1770256959174252219,74,18,18,76,0,0,0,0
1770256959175659065,74,17,18,60,0,0,0,0
1770256959178580985,74,17,18,60,0,0,0,0
1770256959180509987,76,17,19,46,0,0,0,0
1770256959182369164,76,18,19,46,0,0,0,0
1770256959184682942,104,18,19,46,0,0,0,0
1770256959186216192,104,18,19,34,0,0,0,0
1770256959187610526,104,18,19,34,0,0,0,0
1770256959190085396,104,18,19,34,0,0,0,0
1770256959191767129,94,18,19,28,0,0,0,0
1770256959193601185,94,18,19,28,0,0,0,0
1770256959196057078,94,18,19,28,0,0,0,0
1770256959198629230,88,18,19,22,0,0,0,0
1770256959200595065,88,18,19,22,0,0,0,0
1770256959201782003,88,18,19,22,0,0,0,0
1770256959204644881,78,18,19,24,0,0,0,0
1770256959205737353,78,19,19,24,0,0,0,0
1770256959208397539,78,19,19,24,0,0,0,0
1770256959210381550,45,19,19,17,0,0,0,0
1770256959212290072,45,105,19,17,0,0,0,0
1770256959214226882,45,105,19,17,0,0,0,0
1770256959216257550,38,105,19,17,0,0,0,0
1770256959218575297,38,105,19,17,0,0,0,0
1770256959220508747,38,194,19,17,0,0,0,0
1770256959222621145,37,194,19,23,0,0,0,0
1770256959224586532,37,105,19,23,0,0,0,0
1770256959226670961,37,105,19,23,0,0,0,0
1770256959227717192,14,105,19,26,0,0,0,0
1770256959230312993,14,44,19,26,0,0,0,0
1770256959232324717,14,44,19,26,0,0,0,0
1770256959234502876,16,44,19,20,0,0,0,0
1770256959236393253,16,44,19,20,0,0,0,0
1770256959238508403,16,36,19,20,0,0,0,0
1770256959240624513,16,36,19,20,0,0,0,0
1770256959243096439,16,68,19,16,0,0,0,0
1770256959244551511,16,68,19,16,0,0,0,0
1770256959246572515,16,68,78,16,0,0,0,0
1770256959248351370,16,88,78,16,0,0,0,0
1770256959249689671,16,88,210,16,0,0,0,0
1770256959252318912,16,88,210,17,0,0,0,0
1770256959254448911,17,96,210,17,0,0,0,0
1770256959256067186,17,96,210,17,0,0,0,0
1770256959258251362,17,96,97,17,0,0,0,0
1770256959260203308,16,93,97,17,0,0,0,0
1770256959261700813,16,93,22,17,0,0,0,0
1770256959264485866,17,93,22,17,0,0,0,0
1770256959266507158,17,86,22,17,0,0,0,0
1770256959268562626,17,86,17,17,0,0,0,0
1770256959270644784,17,86,17,17,0,0,0,0
1770256959272547865,17,90,17,17,0,0,0,0
1770256959274905389,17,90,17,17,0,0,0,0
1770256959276651347,17,90,17,17,0,0,0,0
1770256959278556284,17,85,17,17,0,0,0,0
1770256959280362948,17,85,17,17,0,0,0,0
1770256959282294030,17,85,17,17,0,0,0,0
1770256959284273337,17,80,17,17,0,0,0,0
1770256959285688024,17,80,17,17,0,0,0,0
1770256959288455540,17,80,17,17,0,0,0,0
1770256959290330365,17,89,17,17,0,0,0,0
1770256959292893685,17,89,17,17,0,0,0,0
1770256959294775806,17,89,36,17,0,0,0,0
1770256959295917527,17,95,36,17,0,0,0,0
1770256959298448750,17,95,36,17,0,0,0,0
1770256959300603645,18,95,104,17,0,0,0,0
1770256959301808727,18,80,104,17,0,0,0,0
1770256959304487729,18,80,104,17,0,0,0,0
1770256959306601759,18,80,40,17,0,0,0,0
1770256959308341893,18,70,40,17,0,0,0,0
1770256959310732026,18,70,40,17,0,0,0,0
1770256959312820423,18,70,21,17,0,0,0,0
1770256959314467883,18,74,21,17,0,0,0,0
1770256959316125295,18,74,21,17,0,0,0,0
1770256959318424449,18,74,17,17,0,0,0,0
1770256959320273289,18,73,17,17,0,0,0,0
1770256959322351063,18,73,17,17,0,0,0,0
1770256959324848365,19,73,25,17,0,0,0,0
1770256959326281868,19,88,25,18,0,0,0,0
1770256959327904368,19,88,25,18,0,0,0,0
1770256959330181025,19,88,39,18,0,0,0,0
1770256959332247246,18,92,39,18,0,0,0,0
1770256959334097239,18,92,39,18,0,0,0,0
1770256959336158916,18,92,28,18,0,0,0,0
1770256959338294514,18,98,28,18,0,0,0,0
1770256959340626789,18,98,28,18,0,0,0,0
1770256959342645937,18,98,21,18,0,0,0,0
1770256959344472537,18,98,21,18,0,0,0,0
1770256959346446596,18,70,22,18,0,0,0,0
1770256959348305708,19,70,22,18,0,0,0,0
1770256959349696139,19,42,22,18,0,0,0,0
1770256959352066238,19,42,22,18,0,0,0,0
1770256959353666785,140,42,21,18,0,0,0,0
1770256959356213689,140,34,21,18,0,0,0,0
1770256959357589335,164,34,24,18,0,0,0,0
1770256959360581816,164,34,24,18,0,0,0,0
1770256959362407200,164,37,24,18,0,0,0,0
1770256959364465869,164,37,24,18,0,0,0,0
1770256959366469336,91,37,21,18,0,0,0,0
1770256959368446627,91,37,21,18,0,0,0,0
1770256959369725503,91,37,25,18,0,0,0,0
1770256959371755180,40,37,25,18,0,0,0,0
1770256959374421862,40,13,25,18,0,0,0,0
1770256959376185420,40,13,23,18,0,0,0,0
1770256959377682861,32,13,23,18,0,0,0,0
1770256959380701231,32,15,23,18,0,0,0,0
1770256959385097358,32,15,19,18,0,0,0,0
1770256959389056197,72,15,19,18,0,0,0,0
1770256959390288672,109,15,18,18,0,0,0,0
1770256959391430168,109,16,18,18,0,0,0,0
1770256959391817569,109,16,18,18,0,0,0,0
1770256959393894318,109,16,18,18,0,0,0,0
1770256959396413317,106,16,18,18,0,0,0,0
1770256959397711841,106,15,18,18,0,0,0,0
1770256959400448189,98,15,18,18,0,0,0,0
1770256959402693902,98,15,18,160,0,0,0,0
1770256959404430612,98,16,18,160,0,0,0,0
1770256959406499425,98,16,18,160,0,0,0,0
1770256959408446539,70,16,19,160,0,0,0,0
1770256959410094319,70,16,19,138,0,0,0,0
1770256959411697490,70,16,19,138,0,0,0,0
1770256959414051429,70,16,19,138,0,0,0,0
1770256959415751563,52,16,19,49,0,0,0,0
1770256959418103134,52,16,19,49,0,0,0,0
1770256959419670560,64,16,18,15,0,0,0,0
1770256959422749923,64,16,18,15,0,0,0,0
1770256959425015988,64,16,18,15,0,0,0,0
1770256959426715546,108,16,19,15,0,0,0,0
1770256959428124280,108,16,19,15,0,0,0,0
1770256959430699024,108,16,19,15,0,0,0,0
1770256959431693030,108,16,18,50,0,0,0,0
1770256959434347328,117,16,18,50,0,0,0,0
1770256959435774751,113,17,19,50,0,0,0,0
1770256959438320054,113,17,19,97,0,0,0,0
1770256959440210240,113,17,19,97,0,0,0,0
1770256959441807202,113,17,19,97,0,0,0,0
1770256959443718604,113,17,18,60,0,0,0,0
1770256959446202178,88,17,18,60,0,0,0,0
1770256959448121100,88,17,18,60,0,0,0,0
1770256959449636653,74,17,19,60,0,0,0,0
1770256959452284039,74,17,19,27,0,0,0,0
1770256959454573721,74,17,19,27,0,0,0,0
1770256959455872629,78,17,19,22,0,0,0,0
1770256959458536527,78,18,19,22,0,0,0,0
1770256959460744735,78,18,19,22,0,0,0,0
1770256959462283265,77,18,19,26,0,0,0,0
1770256959463713600,77,17,19,26,0,0,0,0
1770256959466385050,77,17,19,26,0,0,0,0
1770256959468179361,84,17,19,46,0,0,0,0
1770256959470311248,84,18,19,46,0,0,0,0
1770256959472514720,84,18,19,46,0,0,0,0
1770256959474485035,93,18,19,50,0,0,0,0
1770256959476439221,93,18,19,50,0,0,0,0
1770256959478697383,93,18,19,50,0,0,0,0
1770256959480342922,94,18,19,50,0,0,0,0
1770256959482036687,94,18,19,46,0,0,0,0
1770256959484278624,94,18,19,46,0,0,0,0
1770256959486334253,89,18,19,46,0,0,0,0
1770256959488405402,89,18,19,29,0,0,0,0
1770256959490290243,89,18,19,29,0,0,0,0
1770256959492664919,82,18,19,29,0,0,0,0
1770256959494516223,82,39,19,22,0,0,0,0
1770256959496519499,82,39,19,22,0,0,0,0
1770256959498555767,78,39,19,22,0,0,0,0
1770256959500506018,78,130,19,22,0,0,0,0
1770256959501654587,78,130,19,22,0,0,0,0
1770256959504342998,81,130,19,23,0,0,0,0
1770256959506041947,81,130,19,23,0,0,0,0
1770256959508164905,81,102,19,23,0,0,0,0
1770256959509638249,72,102,19,23,0,0,0,0
1770256959511682261,72,61,19,22,0,0,0,0
1770256959515050527,72,61,19,22,0,0,0,0
1770256959516966953,52,61,19,17,0,0,0,0
1770256959518846994,52,45,19,17,0,0,0,0
1770256959521189509,52,45,19,17,0,0,0,0
1770256959522292669,46,45,92,17,0,0,0,0
1770256959524078692,46,53,92,17,0,0,0,0
1770256959526060047,46,53,92,17,0,0,0,0
1770256959528341185,72,53,126,17,0,0,0,0
1770256959530415950,72,53,126,17,0,0,0,0
1770256959532637342,72,70,126,17,0,0,0,0
1770256959534495079,73,70,84,17,0,0,0,0
1770256959536510131,73,58,84,17,0,0,0,0
1770256959538468669,73,58,17,17,0,0,0,0
1770256959540336454,80,58,17,17,0,0,0,0
1770256959542281424,80,74,17,17,0,0,0,0
1770256959544261916,72,74,17,17,0,0,0,0
1770256959546307144,72,74,19,17,0,0,0,0
1770256959547731591,72,94,19,17,0,0,0,0
1770256959550333856,72,94,19,17,0,0,0,0
1770256959552277642,55,94,22,17,0,0,0,0
1770256959553624104,55,100,22,17,0,0,0,0
1770256959556135710,55,100,22,17,0,0,0,0
1770256959557623903,34,100,44,17,0,0,0,0
1770256959560033875,34,102,44,17,0,0,0,0
1770256959562175842,34,102,61,17,0,0,0,0
1770256959564443763,30,102,61,18,0,0,0,0
1770256959566553281,30,66,61,18,0,0,0,0
1770256959568481483,32,66,48,18,0,0,0,0
1770256959570533048,32,66,48,18,0,0,0,0
1770256959572553956,32,53,48,18,0,0,0,0
1770256959574623441,32,53,39,18,0,0,0,0
1770256959576543451,26,53,39,17,0,0,0,0
1770256959578407012,26,58,39,17,0,0,0,0
1770256959580540850,22,58,38,17,0,0,0,0
1770256959582493693,22,58,38,18,0,0,0,0
1770256959583673463,22,66,38,18,0,0,0,0
1770256959586308976,22,66,38,18,0,0,0,0
1770256959587936884,18,66,53,18,0,0,0,0
1770256959590252390,18,80,53,18,0,0,0,0
1770256959592279058,18,80,53,18,0,0,0,0
1770256959594702055,17,80,53,18,0,0,0,0
1770256959596481262,17,88,53,18,0,0,0,0
1770256959598732479,17,88,53,18,0,0,0,0
1770256959600635816,17,88,37,18,0,0,0,0
1770256959602453232,17,81,37,18,0,0,0,0
1770256959604141813,17,81,36,18,0,0,0,0
1770256959606046558,17,81,36,18,0,0,0,0
1770256959607716835,17,60,36,18,0,0,0,0
1770256959609729743,17,60,29,18,0,0,0,0
1770256959611688857,22,60,29,18,0,0,0,0
1770256959614569624,22,48,29,18,0,0,0,0
1770256959616566532,22,48,29,18,0,0,0,0
1770256959618282665,65,48,29,18,0,0,0,0
1770256959620512058,65,42,29,18,0,0,0,0
1770256959622460004,65,42,29,18,0,0,0,0
1770256959624246763,61,42,41,18,0,0,0,0
1770256959626267159,61,48,41,18,0,0,0,0
1770256959628335236,61,48,41,18,0,0,0,0
1770256959629851077,42,48,50,68,0,0,0,0
1770256959632184952,42,62,50,68,0,0,0,0
1770256959634185732,33,62,41,68,0,0,0,0
1770256959636334578,33,62,41,96,0,0,0,0
1770256959638373631,33,70,41,96,0,0,0,0
1770256959640580399,33,70,41,96,0,0,0,0
1770256959642943010,29,70,38,60,0,0,0,0
1770256959643715987,29,65,38,60,0,0,0,0
1770256959646413678,29,65,38,60,0,0,0,0
1770256959648019377,32,65,35,44,0,0,0,0
1770256959650413797,32,46,35,44,0,0,0,0
1770256959652166828,32,46,33,44,0,0,0,0
1770256959654285146,51,46,33,33,0,0,0,0
1770256959656582284,51,38,33,33,0,0,0,0
1770256959658514614,51,38,33,33,0,0,0,0
1770256959660096696,45,38,33,24,0,0,0,0
1770256959662177606,45,39,33,24,0,0,0,0
1770256959664289332,45,39,33,24,0,0,0,0
1770256959666440739,46,39,33,33,0,0,0,0
1770256959668525488,46,46,33,33,0,0,0,0
1770256959670431418,52,46,30,33,0,0,0,0
1770256959672491623,52,46,30,40,0,0,0,0
1770256959674440881,52,56,30,40,0,0,0,0
1770256959676223288,52,56,28,40,0,0,0,0
1770256959678321798,54,56,28,42,0,0,0,0
1770256959680070444,54,56,28,42,0,0,0,0
1770256959682301020,54,56,36,42,0,0,0,0
1770256959684294984,56,56,36,35,0,0,0,0
1770256959686264499,56,56,36,35,0,0,0,0
1770256959688603622,56,56,36,35,0,0,0,0
1770256959690578289,57,56,36,27,0,0,0,0
1770256959692968389,57,55,36,27,0,0,0,0
1770256959694504038,57,55,33,27,0,0,0,0
1770256959696338190,57,55,33,25,0,0,0,0
1770256959698190327,57,53,33,25,0,0,0,0
1770256959700240131,57,53,37,25,0,0,0,0
1770256959701619713,58,53,37,23,0,0,0,0
1770256959704540545,58,53,37,23,0,0,0,0
1770256959706527724,58,53,44,23,0,0,0,0
1770256959708334004,60,53,44,23,0,0,0,0
1770256959710584197,60,57,44,31,0,0,0,0
1770256959712613905,60,57,44,31,0,0,0,0
1770256959713932622,60,57,44,38,0,0,0,0
1770256959716190975,60,57,44,38,0,0,0,0
1770256959718323917,60,57,44,38,0,0,0,0
1770256959720096628,58,57,41,38,0,0,0,0
1770256959722337573,58,56,41,38,0,0,0,0
1770256959724273199,58,56,39,38,0,0,0,0
1770256959726271643,58,56,39,37,0,0,0,0
1770256959728606958,58,53,39,37,0,0,0,0
1770256959730631738,58,53,39,37,0,0,0,0
1770256959732509219,58,53,41,37,0,0,0,0
1770256959734237896,58,52,41,36,0,0,0,0
1770256959736110257,58,52,44,36,0,0,0,0
1770256959738370338,61,52,44,34,0,0,0,0
1770256959740257964,61,52,44,34,0,0,0,0
1770256959742018546,61,52,45,34,0,0,0,0
1770256959744311460,62,52,45,34,0,0,0,0
1770256959745550527,62,52,45,33,0,0,0,0
1770256959748084054,62,52,45,33,0,0,0,0
1770256959749547958,62,52,45,34,0,0,0,0
1770256959752141775,62,52,45,34,0,0,0,0
1770256959754053912,62,52,42,34,0,0,0,0
1770256959756343914,62,52,42,35,0,0,0,0
1770256959758583963,62,52,42,35,0,0,0,0
1770256959760643176,62,52,41,35,0,0,0,0
1770256959762529713,62,52,41,36,0,0,0,0
1770256959764569501,62,52,41,36,0,0,0,0
1770256959766329444,61,52,41,36,0,0,0,0
1770256959768362768,61,52,41,36,0,0,0,0
1770256959769723566,61,50,41,36,0,0,0,0
1770256959772278245,61,50,44,36,0,0,0,0
1770256959774207792,61,50,44,36,0,0,0,0
1770256959776613700,61,50,44,36,0,0,0,0
1770256959778572655,61,50,44,36,0,0,0,0
1770256959780678109,61,50,45,36,0,0,0,0
1770256959782675528,61,49,45,36,0,0,0,0
1770256959784516976,61,49,45,36,0,0,0,0
1770256959785702986,60,49,46,36,0,0,0,0
1770256959788237377,60,48,46,36,0,0,0,0
1770256959789719010,60,48,46,36,0,0,0,0
1770256959792401596,58,48,46,36,0,0,0,0
1770256959793686104,58,48,46,37,0,0,0,0
1770256959796604536,58,48,46,37,0,0,0,0
1770256959798459936,57,48,45,38,0,0,0,0
1770256959800657712,57,49,45,38,0,0,0,0
1770256959802612507,57,49,45,38,0,0,0,0
1770256959804638343,56,49,44,38,0,0,0,0
1770256959806531152,56,48,44,38,0,0,0,0
1770256959808362936,56,48,44,38,0,0,0,0
1770256959810398980,56,48,44,38,0,0,0,0
1770256959812311470,56,49,44,38,0,0,0,0
1770256959814487453,56,49,44,38,0,0,0,0
1770256959816313733,56,49,44,39,0,0,0,0
1770256959818299121,56,49,44,39,0,0,0,0
1770256959820312956,56,49,44,39,0,0,0,0
1770256959822294312,54,49,44,40,0,0,0,0
1770256959824217234,54,50,44,40,0,0,0,0
1770256959826435778,54,50,45,40,0,0,0,0
1770256959828494607,54,50,45,40,0,0,0,0
1770256959830700127,54,50,45,40,0,0,0,0
1770256959832488294,54,50,45,40,0,0,0,0
1770256959834536114,53,50,45,40,0,0,0,0
1770256959836214103,53,50,45,40,0,0,0,0
1770256959838339237,53,50,45,40,0,0,0,0
1770256959840233295,53,50,45,40,0,0,0,0
1770256959842412094,53,51,45,40,0,0,0,0
1770256959844300231,53,51,46,40,0,0,0,0
1770256959846310483,52,51,46,40,0,0,0,0
1770256959848612133,52,52,46,40,0,0,0,0
1770256959850645042,50,52,47,40,0,0,0,0
1770256959851921229,50,52,47,40,0,0,0,0
1770256959854591240,50,52,47,40,0,0,0,0
1770256959856360334,49,52,48,40,0,0,0,0
1770256959858346969,49,52,48,39,0,0,0,0
1770256959860277796,49,52,48,39,0,0,0,0
1770256959862267919,48,52,48,39,0,0,0,0
1770256959864089751,48,52,48,40,0,0,0,0
1770256959866336200,48,52,48,40,0,0,0,0
1770256959867706469,48,52,48,40,0,0,0,0
1770256959869653776,46,52,48,41,0,0,0,0
1770256959872018051,46,52,48,41,0,0,0,0
1770256959873977678,46,52,49,41,0,0,0,0
1770256959875651379,46,52,49,42,0,0,0,0
1770256959878653844,46,52,49,42,0,0,0,0
1770256959880899109,46,52,49,42,0,0,0,0
1770256959882560425,45,52,49,42,0,0,0,0
1770256959885062112,45,51,49,42,0,0,0,0
1770256959886969513,44,51,50,42,0,0,0,0
1770256959888153155,44,51,50,42,0,0,0,0
1770256959889733798,44,50,50,42,0,0,0,0
1770256959891655439,44,50,50,42,0,0,0,0
1770256959894206151,44,50,50,42,0,0,0,0
1770256959895715304,44,51,50,42,0,0,0,0
1770256959898479396,44,51,50,42,0,0,0,0
1770256959900283948,43,51,50,42,0,0,0,0
1770256959902393402,43,51,50,42,0,0,0,0
1770256959904701900,42,51,51,42,0,0,0,0
1770256959905807876,42,52,51,42,0,0,0,0
1770256959908184184,42,52,51,42,0,0,0,0
1770256959910211300,42,52,52,42,0,0,0,0
1770256959911763558,42,52,52,43,0,0,0,0
1770256959913674735,42,51,52,43,0,0,0,0
1770256959916393771,42,51,52,43,0,0,0,0
1770256959918396086,42,51,52,44,0,0,0,0
1770256959920632871,42,50,52,44,0,0,0,0
1770256959922390189,42,50,52,44,0,0,0,0
1770256959924611038,41,50,52,44,0,0,0,0
1770256959926580969,41,50,52,44,0,0,0,0
1770256959928256141,41,50,52,44,0,0,0,0
1770256959929644491,41,50,53,44,0,0,0,0
1770256959932157250,41,50,53,44,0,0,0,0
1770256959934079372,41,50,53,44,0,0,0,0
1770256959935700527,41,50,53,44,0,0,0,0
1770256959938523341,41,49,53,44,0,0,0,0
1770256959940488248,41,49,53,44,0,0,0,0
1770256959942605670,41,49,53,44,0,0,0,0
1770256959944455950,41,48,53,44,0,0,0,0
1770256959946575869,41,48,53,44,0,0,0,0
1770256959948446821,40,48,53,44,0,0,0,0
1770256959949677152,40,48,53,44,0,0,0,0
1770256959952135862,40,48,52,44,0,0,0,0
1770256959953686840,40,48,52,44,0,0,0,0
1770256959956054923,40,47,52,44,0,0,0,0
1770256959958127320,40,47,52,44,0,0,0,0
1770256959960280871,40,47,52,44,0,0,0,0
1770256959961662245,40,46,52,44,0,0,0,0
1770256959964095770,40,46,53,44,0,0,0,0
1770256959966287658,40,46,53,44,0,0,0,0
1770256959968165971,40,46,53,44,0,0,0,0
1770256959970560903,40,46,53,44,0,0,0,0
1770256959972527570,40,46,53,44,0,0,0,0
1770256959974662401,40,46,53,44,0,0,0,0
1770256959976779343,40,46,54,44,0,0,0,0
1770256959978542677,40,46,54,44,0,0,0,0
1770256959980232698,40,45,54,44,0,0,0,0
1770256959982239750,40,45,54,44,0,0,0,0
1770256959983773735,40,45,54,44,0,0,0,0
1770256959985785011,40,45,54,44,0,0,0,0
1770256959988265481,40,45,54,44,0,0,0,0
1770256959991156872,40,45,54,44,0,0,0,0
1770256959991677364,40,45,54,44,0,0,0,0
1770256959993889412,40,45,54,44,0,0,0,0
1770256959996224407,41,45,54,44,0,0,0,0
1770256959997595637,41,45,54,44,0,0,0,0
1770256960000110891,41,45,54,44,0,0,0,0
1770256960002587553,41,45,54,44,0,0,0,0
1770256960003866365,41,45,54,44,0,0,0,0
1770256960006580984,41,45,54,44,0,0,0,0
1770256960008506498,41,45,54,44,0,0,0,0
1770256960009779486,41,44,54,44,0,0,0,0
1770256960012130641,42,44,56,44,0,0,0,0
1770256960014309889,42,44,56,45,0,0,0,0
1770256960016226827,42,44,56,45,0,0,0,0
1770256960018332697,42,44,56,45,0,0,0,0
1770256960020465511,42,44,56,45,0,0,0,0
1770256960022610742,42,44,56,45,0,0,0,0
1770256960024754949,42,44,56,45,0,0,0,0
1770256960026533003,42,44,56,44,0,0,0,0
1770256960028572984,42,43,56,44,0,0,0,0
1770256960030173083,42,43,56,44,0,0,0,0
1770256960032237960,42,43,56,44,0,0,0,0
1770256960034394679,42,43,56,44,0,0,0,0
1770256960035730772,42,43,56,44,0,0,0,0
1770256960038249739,42,43,56,44,0,0,0,0
1770256960040549789,42,42,56,44,0,0,0,0
1770256960042317635,42,42,56,44,0,0,0,0
1770256960044408497,42,42,56,44,0,0,0,0
1770256960046153847,42,42,56,44,0,0,0,0
1770256960048459369,42,42,56,44,0,0,0,0
1770256960050339826,42,42,56,44,0,0,0,0
1770256960051690064,42,42,56,44,0,0,0,0
1770256960054114564,42,42,56,44,0,0,0,0
1770256960055702983,42,42,56,44,0,0,0,0
1770256960058055546,42,42,56,44,0,0,0,0
1770256960059679486,42,42,56,44,0,0,0,0
1770256960062733792,42,42,56,44,0,0,0,0
1770256960064539368,42,42,56,44,0,0,0,0
1770256960065783939,42,42,56,44,0,0,0,0
1770256960068549183,42,42,56,44,0,0,0,0
1770256960070608812,42,42,56,44,0,0,0,0
1770256960071724676,42,42,56,44,0,0,0,0
1770256960074493953,42,42,56,44,0,0,0,0
1770256960075685499,42,42,56,44,0,0,0,0
1770256960078217906,42,42,56,44,0,0,0,0
1770256960080088507,42,42,56,44,0,0,0,0
1770256960082525904,42,43,56,44,0,0,0,0
1770256960084723968,42,43,56,44,0,0,0,0
1770256960086573896,42,43,56,43,0,0,0,0
1770256960088604244,42,43,56,43,0,0,0,0
1770256960090456605,42,43,56,43,0,0,0,0
1770256960091788634,43,43,56,43,0,0,0,0
1770256960094248431,43,44,56,43,0,0,0,0
1770256960095762896,43,44,56,43,0,0,0,0
1770256960097799709,43,44,56,44,0,0,0,0
1770256960100235314,43,44,56,44,0,0,0,0
1770256960102477059,43,44,56,44,0,0,0,0
1770256960104531887,43,44,56,43,0,0,0,0
1770256960106574492,43,44,56,43,0,0,0,0
1770256960108316610,43,44,56,43,0,0,0,0
1770256960110421872,42,44,56,43,0,0,0,0
1770256960112630592,42,44,56,43,0,0,0,0
1770256960114551914,43,44,55,43,0,0,0,0
1770256960116548565,43,44,55,43,0,0,0,0
1770256960118835591,43,44,55,43,0,0,0,0
1770256960121057080,43,44,54,43,0,0,0,0
1770256960122440566,43,44,54,43,0,0,0,0
1770256960124398464,43,45,54,43,0,0,0,0
1770256960126230728,42,45,54,43,0,0,0,0
1770256960128250196,42,45,54,43,0,0,0,0
1770256960130197055,42,45,54,43,0,0,0,0
1770256960132395951,42,45,53,43,0,0,0,0
1770256960134530717,42,45,53,43,0,0,0,0
1770256960135885275,42,45,53,43,0,0,0,0
1770256960138644407,42,45,53,43,0,0,0,0
1770256960141357842,42,45,53,43,0,0,0,0
1770256960142673775,42,45,53,43,0,0,0,0
1770256960143854664,42,45,53,43,0,0,0,0
1770256960146114650,42,46,53,43,0,0,0,0
1770256960148167686,42,46,53,43,0,0,0,0
1770256960150072080,42,46,53,43,0,0,0,0
1770256960152514725,42,46,53,44,0,0,0,0
1770256960154619027,42,46,53,44,0,0,0,0
1770256960156506044,42,46,52,44,0,0,0,0
1770256960158573033,42,46,52,44,0,0,0,0
1770256960160521908,42,46,52,44,0,0,0,0
1770256960162313723,42,46,52,44,0,0,0,0
1770256960163741178,42,46,52,44,0,0,0,0
1770256960166418228,42,46,52,44,0,0,0,0
1770256960168349118,42,46,52,44,0,0,0,0
1770256960169863999,42,46,52,44,0,0,0,0
1770256960172508217,42,47,52,44,0,0,0,0
1770256960174285312,42,47,52,44,0,0,0,0
1770256960176542097,42,47,52,44,0,0,0,0
1770256960178586941,42,48,52,44,0,0,0,0
1770256960180566057,42,48,52,44,0,0,0,0
1770256960182411697,42,48,52,44,0,0,0,0
1770256960184470942,42,48,52,44,0,0,0,0
1770256960185704921,43,48,52,44,0,0,0,0
1770256960188395603,43,48,52,44,0,0,0,0
1770256960190162970,43,48,52,44,0,0,0,0
1770256960192432299,43,48,52,44,0,0,0,0
1770256960194520537,43,48,52,43,0,0,0,0
1770256960196535877,43,48,52,43,0,0,0,0
1770256960198657779,43,48,52,43,0,0,0,0
1770256960200633886,43,48,52,43,0,0,0,0
1770256960202477190,43,48,52,43,0,0,0,0
1770256960204085577,43,48,52,43,0,0,0,0
1770256960206398652,43,48,52,43,0,0,0,0
1770256960208112929,43,48,52,43,0,0,0,0
1770256960210250704,43,48,52,43,0,0,0,0
1770256960212364606,43,48,52,42,0,0,0,0
1770256960213996577,43,48,52,42,0,0,0,0
1770256960216237778,43,48,52,42,0,0,0,0
1770256960218435938,44,48,52,42,0,0,0,0
1770256960219671197,44,48,52,42,0,0,0,0
1770256960222348439,44,48,52,42,0,0,0,0
1770256960224849902,44,48,52,42,0,0,0,0
1770256960226627413,44,48,52,42,0,0,0,0
1770256960228368603,44,48,52,42,0,0,0,0
1770256960230564234,44,48,52,42,0,0,0,0
1770256960231973833,44,48,52,42,0,0,0,0
1770256960234484256,44,48,52,42,0,0,0,0
1770256960236570093,44,48,52,42,0,0,0,0
1770256960238626714,44,48,52,42,0,0,0,0
1770256960241475608,44,48,53,42,0,0,0,0
1770256960242889399,44,48,53,42,0,0,0,0
1770256960244485562,44,48,53,42,0,0,0,0
1770256960246220192,45,48,53,42,0,0,0,0
1770256960248447280,45,48,53,41,0,0,0,0
1770256960250115989,45,48,53,41,0,0,0,0
1770256960252354437,45,48,53,41,0,0,0,0
1770256960254185485,45,48,53,41,0,0,0,0
1770256960256657763,45,48,53,41,0,0,0,0
1770256960258300903,45,48,53,41,0,0,0,0
1770256960260505335,45,48,53,41,0,0,0,0
1770256960262526371,45,48,53,41,0,0,0,0
1770256960264357675,45,48,53,41,0,0,0,0
1770256960265634759,45,48,53,41,0,0,0,0
1770256960267730260,45,48,53,41,0,0,0,0
1770256960270051687,46,48,53,41,0,0,0,0
1770256960271727212,46,48,53,41,0,0,0,0
1770256960274210594,46,48,53,41,0,0,0,0
1770256960276616086,46,48,53,41,0,0,0,0
1770256960277756559,46,48,53,41,0,0,0,0
1770256960280673167,46,48,53,41,0,0,0,0
1770256960282609881,46,48,53,41,0,0,0,0
1770256960284523523,46,48,53,41,0,0,0,0
1770256960286354634,46,48,53,41,0,0,0,0
1770256960287842795,46,48,52,41,0,0,0,0
1770256960290400099,46,48,52,41,0,0,0,0
1770256960292553394,46,48,52,40,0,0,0,0
1770256960293755948,46,48,52,40,0,0,0,0
1770256960296596554,47,48,52,40,0,0,0,0
1770256960298612822,47,48,52,40,0,0,0,0
1770256960300692131,47,48,52,40,0,0,0,0
1770256960301821660,47,48,52,40,0,0,0,0
1770256960304706202,47,48,52,40,0,0,0,0
1770256960305922261,47,48,52,40,0,0,0,0
1770256960308468396,47,48,52,41,0,0,0,0
1770256960310714045,47,48,52,41,0,0,0,0
1770256960312584774,47,48,52,41,0,0,0,0
1770256960314558481,47,48,52,40,0,0,0,0
1770256960316306967,47,48,52,40,0,0,0,0
1770256960318310243,47,48,52,40,0,0,0,0
1770256960320321103,47,48,52,41,0,0,0,0
1770256960322149815,47,48,52,41,0,0,0,0
1770256960324275781,47,48,52,41,0,0,0,0
1770256960325718244,47,48,52,40,0,0,0,0
1770256960328574755,47,48,52,40,0,0,0,0
1770256960330592783,47,48,52,40,0,0,0,0
1770256960332434071,47,49,52,41,0,0,0,0
1770256960334558213,47,49,52,41,0,0,0,0
1770256960336332492,46,49,52,41,0,0,0,0
1770256960338136435,46,49,52,41,0,0,0,0
1770256960340381188,46,49,52,41,0,0,0,0
1770256960342349551,46,49,52,41,0,0,0,0
1770256960344298105,46,49,52,41,0,0,0,0
1770256960346151394,46,49,52,41,0,0,0,0
1770256960347809638,46,49,52,41,0,0,0,0
1770256960349632462,46,49,52,41,0,0,0,0
1770256960352033186,46,49,52,41,0,0,0,0
1770256960353714279,46,49,52,41,0,0,0,0
1770256960355855637,46,49,52,41,0,0,0,0
1770256960358384844,46,49,52,41,0,0,0,0
1770256960360692191,46,49,52,41,0,0,0,0
1770256960362723147,46,49,52,41,0,0,0,0
1770256960364886778,46,49,52,41,0,0,0,0
1770256960366438428,46,49,51,41,0,0,0,0
1770256960367783097,46,49,51,41,0,0,0,0
1770256960369969961,46,49,51,41,0,0,0,0
1770256960371951188,46,49,51,41,0,0,0,0
1770256960373970624,46,49,51,41,0,0,0,0
1770256960375833161,46,49,51,41,0,0,0,0
1770256960378377216,46,49,50,41,0,0,0,0
1770256960380556176,46,49,50,41,0,0,0,0
1770256960382417784,46,49,50,41,0,0,0,0
1770256960384625640,46,49,50,41,0,0,0,0
1770256960386039271,46,49,50,41,0,0,0,0
1770256960388325913,46,49,50,41,0,0,0,0
1770256960390355781,46,49,51,41,0,0,0,0
1770256960392165741,46,49,51,41,0,0,0,0
1770256960393701646,46,49,51,41,0,0,0,0
1770256960396309927,46,49,51,41,0,0,0,0
1770256960398574616,46,49,51,41,0,0,0,0
1770256960399807955,46,49,51,41,0,0,0,0
1770256960402991001,46,49,51,41,0,0,0,0
1770256960404335094,46,49,51,41,0,0,0,0
1770256960406602855,46,49,51,41,0,0,0,0
1770256960407833346,45,49,51,41,0,0,0,0
1770256960410224790,45,49,51,42,0,0,0,0
1770256960411718039,45,49,52,42,0,0,0,0
1770256960413676450,45,49,52,42,0,0,0,0
1770256960415699118,45,49,52,42,0,0,0,0
1770256960417713018,45,49,52,42,0,0,0,0
1770256960419696869,45,49,52,42,0,0,0,0
1770256960421675344,45,49,52,42,0,0,0,0
1770256960424144134,45,49,52,42,0,0,0,0
1770256960425685063,45,49,52,42,0,0,0,0
1770256960427891191,45,49,52,42,0,0,0,0
1770256960430178761,45,49,52,42,0,0,0,0
1770256960432099379,45,49,52,42,0,0,0,0
1770256960433661621,45,49,52,42,0,0,0,0
1770256960436008584,45,49,52,42,0,0,0,0
1770256960437759598,45,49,53,42,0,0,0,0
1770256960439731897,45,49,53,42,0,0,0,0
1770256960442961472,45,49,53,42,0,0,0,0
1770256960445069006,45,49,53,42,0,0,0,0
1770256960446939159,45,49,53,41,0,0,0,0
1770256960448830656,45,49,53,41,0,0,0,0
1770256960450906221,45,49,53,41,0,0,0,0
1770256960451804289,45,49,53,41,0,0,0,0
1770256960453661225,45,49,53,41,0,0,0,0
1770256960455683221,45,49,53,41,0,0,0,0
1770256960458454866,45,48,53,41,0,0,0,0
1770256960460520639,45,48,53,41,0,0,0,0
1770256960462501354,45,48,53,41,0,0,0,0
1770256960464446612,45,48,53,41,0,0,0,0
1770256960466558498,45,48,53,41,0,0,0,0
1770256960468309416,45,48,53,41,0,0,0,0
1770256960470055246,45,48,53,41,0,0,0,0
1770256960472711720,45,48,53,41,0,0,0,0
1770256960474822774,45,48,53,41,0,0,0,0
1770256960476539132,45,48,53,42,0,0,0,0
1770256960478462950,45,48,53,42,0,0,0,0
1770256960480863354,45,48,54,42,0,0,0,0
1770256960482284281,45,48,54,42,0,0,0,0
1770256960484418247,45,48,54,42,0,0,0,0
1770256960485664419,45,48,54,42,0,0,0,0
1770256960488328541,45,48,54,41,0,0,0,0
1770256960490303976,45,48,54,41,0,0,0,0
1770256960492346292,45,48,54,41,0,0,0,0
1770256960494613414,45,48,54,41,0,0,0,0
1770256960496623377,45,48,54,41,0,0,0,0
1770256960498315606,45,48,54,41,0,0,0,0
1770256960500508710,45,48,54,41,0,0,0,0
1770256960502123881,45,48,54,41,0,0,0,0
1770256960504324345,45,48,54,41,0,0,0,0
1770256960506160257,45,48,54,41,0,0,0,0
1770256960507846886,45,48,54,41,0,0,0,0
1770256960510337116,45,48,54,41,0,0,0,0
1770256960512466923,45,48,54,41,0,0,0,0
1770256960514599449,45,48,54,41,0,0,0,0
1770256960516309567,45,48,54,41,0,0,0,0
1770256960518307370,45,48,54,41,0,0,0,0
1770256960520571899,45,48,54,41,0,0,0,0
1770256960522531526,45,48,54,41,0,0,0,0
1770256960524552658,45,48,54,41,0,0,0,0
1770256960526199990,45,48,54,41,0,0,0,0
1770256960528461447,45,48,54,41,0,0,0,0
1770256960530507764,45,48,54,42,0,0,0,0
1770256960532225593,45,48,54,42,0,0,0,0
1770256960534471786,44,48,54,42,0,0,0,0
1770256960536534999,44,48,54,42,0,0,0,0
1770256960538671846,44,48,54,42,0,0,0,0
1770256960539731965,44,48,54,42,0,0,0,0
1770256960542500729,44,48,54,42,0,0,0,0
1770256960544337057,44,48,54,42,0,0,0,0
1770256960546263979,44,48,54,42,0,0,0,0
1770256960548417434,44,48,54,42,0,0,0,0
1770256960550451559,44,48,54,42,0,0,0,0
1770256960552551989,44,48,54,42,0,0,0,0
1770256960554623746,44,48,54,42,0,0,0,0
1770256960556457418,44,48,54,42,0,0,0,0
1770256960558647385,44,48,54,42,0,0,0,0
1770256960559900981,44,48,54,42,0,0,0,0
1770256960562216583,44,48,54,42,0,0,0,0
1770256960563757321,44,48,54,42,0,0,0,0
1770256960566229375,44,48,54,42,0,0,0,0
1770256960568411278,44,48,54,42,0,0,0,0
1770256960570328920,44,48,54,42,0,0,0,0
1770256960571701814,44,48,54,42,0,0,0,0
1770256960574126923,44,48,54,42,0,0,0,0
1770256960575707501,44,48,54,42,0,0,0,0
1770256960577660408,44,48,54,42,0,0,0,0
1770256960580109549,44,48,54,42,0,0,0,0
1770256960582613092,44,48,54,42,0,0,0,0
1770256960584471596,44,48,54,42,0,0,0,0
1770256960586347349,44,48,54,42,0,0,0,0
1770256960588622663,44,48,53,42,0,0,0,0
1770256960589791712,44,48,53,42,0,0,0,0
1770256960592431226,44,48,53,42,0,0,0,0
1770256960594429349,44,48,54,42,0,0,0,0
1770256960596197292,44,48,54,42,0,0,0,0
1770256960598089397,44,48,54,42,0,0,0,0
1770256960600315302,44,48,53,42,0,0,0,0
1770256960601644579,44,48,53,42,0,0,0,0
1770256960604432383,44,48,53,42,0,0,0,0
1770256960606221126,44,48,53,42,0,0,0,0
1770256960607770792,44,48,53,42,0,0,0,0
1770256960610476035,44,48,53,42,0,0,0,0
1770256960612323691,44,48,53,42,0,0,0,0
1770256960614566204,44,48,53,42,0,0,0,0
1770256960616563944,44,48,53,42,0,0,0,0
1770256960618558515,44,48,53,42,0,0,0,0
1770256960619907409,44,48,53,42,0,0,0,0
1770256960622308229,44,48,53,42,0,0,0,0
1770256960624211566,44,48,53,42,0,0,0,0
1770256960626506912,44,48,53,42,0,0,0,0
1770256960628500364,44,48,53,42,0,0,0,0
1770256960630449398,44,48,53,42,0,0,0,0
1770256960632500867,44,48,53,42,0,0,0,0
1770256960634360524,44,49,53,42,0,0,0,0
1770256960635678920,44,49,53,42,0,0,0,0
1770256960637659572,44,49,53,42,0,0,0,0
1770256960640403055,44,48,53,42,0,0,0,0
1770256960642251224,44,48,53,42,0,0,0,0
1770256960644210018,44,48,53,42,0,0,0,0
1770256960646550997,45,49,53,42,0,0,0,0
1770256960648684772,45,49,53,42,0,0,0,0
1770256960649942943,45,48,53,42,0,0,0,0
1770256960652567096,45,48,53,42,0,0,0,0
1770256960653644592,45,48,53,42,0,0,0,0
1770256960656320682,45,48,53,42,0,0,0,0
1770256960658242868,45,48,53,42,0,0,0,0
1770256960660413539,45,48,53,42,0,0,0,0
1770256960661682207,45,48,53,41,0,0,0,0
1770256960664716257,45,48,53,41,0,0,0,0
1770256960666510376,45,48,53,41,0,0,0,0
1770256960667924327,45,48,53,41,0,0,0,0
1770256960670780133,45,48,53,41,0,0,0,0
1770256960672445226,45,48,53,41,0,0,0,0
1770256960674289522,45,48,53,41,0,0,0,0
1770256960676336895,45,48,53,41,0,0,0,0
1770256960678259816,45,48,53,41,0,0,0,0
1770256960679697896,45,48,53,41,0,0,0,0
1770256960682216031,45,48,53,41,0,0,0,0
1770256960684350061,45,48,53,41,0,0,0,0
1770256960686519260,45,48,53,41,0,0,0,0
1770256960688563017,45,48,53,41,0,0,0,0
1770256960690440114,45,48,53,41,0,0,0,0
1770256960692452990,45,48,53,41,0,0,0,0
1770256960694342471,45,48,53,41,0,0,0,0
1770256960696446837,45,48,53,41,0,0,0,0
1770256960698684710,45,48,53,41,0,0,0,0
1770256960700528814,45,48,53,41,0,0,0,0
1770256960702648764,45,48,53,41,0,0,0,0
1770256960703784277,45,48,53,41,0,0,0,0
1770256960706268267,45,48,53,41,0,0,0,0
1770256960708285495,45,48,53,41,0,0,0,0
1770256960710402373,45,48,53,41,0,0,0,0
1770256960712338831,45,48,53,41,0,0,0,0
1770256960714330395,45,48,53,41,0,0,0,0
1770256960716150370,45,48,53,41,0,0,0,0
1770256960719018113,45,48,53,41,0,0,0,0
1770256960721054029,45,48,53,41,0,0,0,0
1770256960722378634,45,48,53,41,0,0,0,0
1770256960724425143,45,48,53,41,0,0,0,0
1770256960728496015,45,48,53,41,0,0,0,0
1770256960729735722,45,48,53,41,0,0,0,0
1770256960732325763,45,48,53,41,0,0,0,0
1770256960734283246,45,48,53,41,0,0,0,0
1770256960736352379,45,48,53,41,0,0,0,0
1770256960738157922,45,48,53,41,0,0,0,0
1770256960740659065,45,48,53,41,0,0,0,0
1770256960742499233,45,48,53,41,0,0,0,0
1770256960743737052,45,48,53,41,0,0,0,0
1770256960746206097,45,48,53,41,0,0,0,0
1770256960747907415,45,48,53,41,0,0,0,0
1770256960750290346,45,48,53,41,0,0,0,0
1770256960752310807,45,48,53,41,0,0,0,0
1770256960753787863,45,48,53,41,0,0,0,0
1770256960756222508,45,48,53,41,0,0,0,0
1770256960757686668,45,48,53,41,0,0,0,0
1770256960759723992,45,48,53,41,0,0,0,0
1770256960762244431,45,48,53,41,0,0,0,0
1770256960763919476,45,48,53,41,0,0,0,0
1770256960765729499,45,48,53,41,0,0,0,0
1770256960767687814,45,48,53,41,0,0,0,0
1770256960769786195,45,48,53,41,0,0,0,0
1770256960772662002,45,48,53,41,0,0,0,0
1770256960774473018,45,48,53,41,0,0,0,0
1770256960776480453,45,48,53,41,0,0,0,0
1770256960778521746,45,48,53,41,0,0,0,0
1770256960780540254,44,48,53,42,0,0,0,0
1770256960782333574,44,48,53,42,0,0,0,0
1770256960784144271,44,48,53,42,0,0,0,0
1770256960785690547,44,48,53,42,0,0,0,0
1770256960788157995,44,48,53,42,0,0,0,0
1770256960790094135,44,48,53,42,0,0,0,0
1770256960791720381,44,48,53,42,0,0,0,0
1770256960794591870,44,48,53,42,0,0,0,0
1770256960796344775,44,48,53,42,0,0,0,0
1770256960798453463,44,48,53,42,0,0,0,0
1770256960800508998,44,48,53,42,0,0,0,0
1770256960802301903,44,48,53,42,0,0,0,0
1770256960804107736,44,48,53,42,0,0,0,0
1770256960806616786,44,48,53,42,0,0,0,0
1770256960808613023,44,49,53,42,0,0,0,0
1770256960810516363,44,49,53,42,0,0,0,0
1770256960812517977,44,48,53,42,0,0,0,0
1770256960814385059,44,48,53,42,0,0,0,0
1770256960816388017,44,48,53,42,0,0,0,0
1770256960818194747,44,48,53,42,0,0,0,0
1770256960820245610,44,48,53,42,0,0,0,0
1770256960822541342,44,48,53,42,0,0,0,0
1770256960824573197,44,48,53,42,0,0,0,0
1770256960826448280,44,48,53,42,0,0,0,0
1770256960828488326,44,48,53,42,0,0,0,0
1770256960830798299,44,48,53,42,0,0,0,0
1770256960832085945,44,48,53,42,0,0,0,0
1770256960833673469,44,48,53,42,0,0,0,0
1770256960836181174,44,48,53,42,0,0,0,0
1770256960838247046,44,48,53,42,0,0,0,0
1770256960839682695,44,48,53,42,0,0,0,0
1770256960842456998,44,48,53,42,0,0,0,0
1770256960844392722,44,48,53,42,0,0,0,0
1770256960846474466,44,48,53,42,0,0,0,0
1770256960848357133,44,48,53,42,0,0,0,0
1770256960849752173,44,48,53,42,0,0,0,0
1770256960852307528,44,48,53,42,0,0,0,0
1770256960854330870,44,48,53,42,0,0,0,0
1770256960856226369,44,48,53,42,0,0,0,0
1770256960858536118,44,48,53,42,0,0,0,0
1770256960860600805,44,48,53,42,0,0,0,0
1770256960862252427,44,48,53,42,0,0,0,0
1770256960864765029,44,48,53,42,0,0,0,0
1770256960866460076,44,48,53,41,0,0,0,0
1770256960867769770,44,48,53,41,0,0,0,0
1770256960870435367,44,48,53,41,0,0,0,0
1770256960872532823,44,48,53,41,0,0,0,0
1770256960874730665,44,48,53,41,0,0,0,0
1770256960876416175,44,48,53,41,0,0,0,0
1770256960878390205,44,48,53,41,0,0,0,0
1770256960880581711,44,48,54,41,0,0,0,0
1770256960882280246,44,48,54,41,0,0,0,0
1770256960883839737,44,48,54,41,0,0,0,0
1770256960885809575,44,48,54,41,0,0,0,0
1770256960888621415,45,48,54,41,0,0,0,0
1770256960890611668,45,48,54,41,0,0,0,0
1770256960891824272,45,48,54,41,0,0,0,0
1770256960894532238,45,48,54,41,0,0,0,0
1770256960896178676,45,48,54,41,0,0,0,0
1770256960898256931,45,48,54,41,0,0,0,0
1770256960899715813,45,48,54,41,0,0,0,0
1770256960902508581,45,48,54,41,0,0,0,0
1770256960904259341,45,48,54,41,0,0,0,0
1770256960906409278,45,48,54,41,0,0,0,0
1770256960908546095,45,48,54,41,0,0,0,0
1770256960910573053,45,48,54,41,0,0,0,0
1770256960911824826,45,48,54,41,0,0,0,0
1770256960914466391,45,48,54,41,0,0,0,0
1770256960916289600,45,48,54,41,0,0,0,0
1770256960918455410,45,48,53,41,0,0,0,0
1770256960920461728,45,48,53,41,0,0,0,0
1770256960922511375,45,48,53,41,0,0,0,0
1770256960924493852,45,48,53,41,0,0,0,0
1770256960926512106,45,48,53,41,0,0,0,0
1770256960928569209,45,48,53,41,0,0,0,0
1770256960929847543,45,48,53,41,0,0,0,0
1770256960931730850,45,48,53,41,0,0,0,0
1770256960934091928,45,48,53,41,0,0,0,0
1770256960936244905,45,48,53,41,0,0,0,0
1770256960937715275,45,48,53,41,0,0,0,0
1770256960940371112,45,48,53,41,0,0,0,0
1770256960941713734,45,48,53,41,0,0,0,0
1770256960943746709,45,48,53,41,0,0,0,0
1770256960946084938,45,48,53,41,0,0,0,0
1770256960947706863,45,48,53,41,0,0,0,0
1770256960950150535,45,48,53,41,0,0,0,0
1770256960952456092,45,48,53,41,0,0,0,0
1770256960954641134,45,48,53,41,0,0,0,0
1770256960956572122,45,48,53,41,0,0,0,0
1770256960958437125,45,48,53,41,0,0,0,0
1770256960960697977,45,48,53,41,0,0,0,0
1770256960961966870,45,48,53,41,0,0,0,0
1770256960963677469,45,48,53,41,0,0,0,0
1770256960966466077,45,48,53,41,0,0,0,0
1770256960968130147,45,48,53,41,0,0,0,0
1770256960969763368,45,48,53,41,0,0,0,0
1770256960972483495,45,48,53,41,0,0,0,0
1770256960974721882,45,48,53,41,0,0,0,0
1770256960975780786,45,48,53,41,0,0,0,0
1770256960978553330,45,48,53,41,0,0,0,0
1770256960980434045,45,48,53,41,0,0,0,0
1770256960982316648,45,48,53,41,0,0,0,0
1770256960984292213,45,48,53,41,0,0,0,0
1770256960986078494,45,48,53,42,0,0,0,0
1770256960987801733,45,49,53,42,0,0,0,0
1770256960989765266,45,49,53,41,0,0,0,0
1770256960993084862,45,49,53,41,0,0,0,0
1770256960994569984,45,48,53,41,0,0,0,0
1770256960996939030,45,48,53,41,0,0,0,0
1770256960999314669,45,48,53,41,0,0,0,0
1770256961000730413,45,48,53,41,0,0,0,0
1770256961001559552,45,48,53,41,0,0,0,0
1770256961004193373,45,49,53,42,0,0,0,0
1770256961005538907,45,49,53,42,0,0,0,0
1770256961007845392,45,49,53,42,0,0,0,0
1770256961010216742,45,49,53,42,0,0,0,0
1770256961012589469,45,49,53,42,0,0,0,0
1770256961014400294,44,49,53,42,0,0,0,0
1770256961016568408,44,49,53,42,0,0,0,0
1770256961018434051,44,48,53,42,0,0,0,0
1770256961020393391,45,48,53,42,0,0,0,0
1770256961021700173,45,48,53,42,0,0,0,0
1770256961024298761,45,48,53,42,0,0,0,0
1770256961025659688,45,48,53,42,0,0,0,0
1770256961028378662,45,48,53,42,0,0,0,0
1770256961029716773,45,48,53,42,0,0,0,0
1770256961032522789,44,48,53,42,0,0,0,0
1770256961034473522,44,48,53,42,0,0,0,0
1770256961036434655,44,48,53,42,0,0,0,0
1770256961038677266,44,48,53,42,0,0,0,0
1770256961040046257,44,48,53,42,0,0,0,0
1770256961042353638,44,48,53,42,0,0,0,0
1770256961044354452,44,48,54,42,0,0,0,0
1770256961045754196,44,48,54,42,0,0,0,0
1770256961047882565,44,48,54,42,0,0,0,0
1770256961049740911,44,48,54,41,0,0,0,0
1770256961052462541,44,48,54,41,0,0,0,0
1770256961054320600,44,48,54,41,0,0,0,0
1770256961055732152,44,48,54,41,0,0,0,0
1770256961058610426,44,48,54,41,0,0,0,0
1770256961059868183,44,48,54,41,0,0,0,0
1770256961062468243,44,48,54,41,0,0,0,0
1770256961064646948,44,48,54,41,0,0,0,0
1770256961066634866,44,48,54,41,0,0,0,0
1770256961067665258,44,48,54,41,0,0,0,0
1770256961070116994,44,48,54,41,0,0,0,0
1770256961071590115,44,48,54,41,0,0,0,0
1770256961074280961,44,48,54,42,0,0,0,0
1770256961075684033,44,48,54,42,0,0,0,0
1770256961078518626,44,48,54,42,0,0,0,0
1770256961080462574,44,48,54,41,0,0,0,0
1770256961082586879,44,48,54,41,0,0,0,0
1770256961083811195,44,48,54,41,0,0,0,0
1770256961086390902,44,48,54,42,0,0,0,0
1770256961088385988,44,48,54,42,0,0,0,0
1770256961089702050,44,48,54,42,0,0,0,0
1770256961091750609,45,48,54,42,0,0,0,0
1770256961094439310,45,48,54,42,0,0,0,0
1770256961096278457,45,48,54,42,0,0,0,0
1770256961097775675,45,48,54,42,0,0,0,0
1770256961100634396,45,48,54,42,0,0,0,0
1770256961101835160,45,48,54,42,0,0,0,0
1770256961104588855,45,48,54,42,0,0,0,0
1770256961106574020,45,48,54,42,0,0,0,0
1770256961107986885,45,48,54,42,0,0,0,0
1770256961110088757,45,48,54,41,0,0,0,0
1770256961111744315,45,48,54,41,0,0,0,0
1770256961114279189,45,48,54,41,0,0,0,0
1770256961116141887,45,48,53,41,0,0,0,0
1770256961118660345,45,48,53,41,0,0,0,0
1770256961119883989,45,48,54,41,0,0,0,0
1770256961122489297,45,48,54,41,0,0,0,0
1770256961124639490,45,48,54,41,0,0,0,0
1770256961126443979,45,48,54,41,0,0,0,0
1770256961127806218,45,48,54,41,0,0,0,0
1770256961130427238,45,48,54,41,0,0,0,0
1770256961131933353,45,48,54,41,0,0,0,0
1770256961134333056,45,48,54,41,0,0,0,0
1770256961136627796,45,48,54,41,0,0,0,0
1770256961138480895,45,48,54,41,0,0,0,0
1770256961140472972,45,48,54,41,0,0,0,0
1770256961142654302,45,48,54,41,0,0,0,0
1770256961144393382,45,48,54,41,0,0,0,0
1770256961146350611,45,48,54,41,0,0,0,0
1770256961148246398,45,48,54,41,0,0,0,0
1770256961150317358,45,48,54,41,0,0,0,0
1770256961151793263,45,48,54,41,0,0,0,0
1770256961154672529,45,48,54,41,0,0,0,0
1770256961156479995,45,48,54,41,0,0,0,0
1770256961158456712,45,48,54,41,0,0,0,0
1770256961160811742,45,48,54,41,0,0,0,0
1770256961162554598,45,48,54,41,0,0,0,0
1770256961163749857,45,48,54,41,0,0,0,0
1770256961166343292,45,48,54,41,0,0,0,0
1770256961167727644,45,48,53,41,0,0,0,0
1770256961170341048,45,48,53,41,0,0,0,0
1770256961171700631,45,48,53,41,0,0,0,0
1770256961174613626,45,48,53,41,0,0,0,0
1770256961176544486,45,48,53,41,0,0,0,0
1770256961178312590,45,48,53,41,0,0,0,0
1770256961180599683,45,48,53,41,0,0,0,0
1770256961182546479,45,48,53,42,0,0,0,0
1770256961184091091,45,48,53,42,0,0,0,0
1770256961185676791,45,48,53,42,0,0,0,0
1770256961187968299,45,48,53,42,0,0,0,0
1770256961190220831,45,48,53,41,0,0,0,0
1770256961192081642,45,48,53,41,0,0,0,0
1770256961194427103,45,48,53,41,0,0,0,0
1770256961196358316,45,48,53,41,0,0,0,0
1770256961198268375,45,48,53,41,0,0,0,0
1770256961199757337,45,48,53,42,0,0,0,0
1770256961202113967,45,48,53,42,0,0,0,0
1770256961204304609,45,48,53,42,0,0,0,0
1770256961206460659,45,48,53,42,0,0,0,0
1770256961208570755,45,48,53,42,0,0,0,0
1770256961210590705,45,48,53,42,0,0,0,0
1770256961211878543,45,48,53,42,0,0,0,0
1770256961214458794,45,48,53,42,0,0,0,0
1770256961216219282,45,48,53,42,0,0,0,0
1770256961218405668,44,48,53,42,0,0,0,0
1770256961220142860,44,48,53,42,0,0,0,0
1770256961221672399,44,48,53,42,0,0,0,0
1770256961224248618,44,48,53,42,0,0,0,0
1770256961226546719,44,48,53,42,0,0,0,0
1770256961228415913,44,48,53,42,0,0,0,0
1770256961230642684,44,48,53,42,0,0,0,0
1770256961231979515,44,48,53,42,0,0,0,0
1770256961234609079,44,48,53,42,0,0,0,0
1770256961235874420,44,48,53,42,0,0,0,0
1770256961237708798,44,48,53,42,0,0,0,0
1770256961240347099,44,48,53,42,0,0,0,0
1770256961242328456,44,48,53,41,0,0,0,0
1770256961244484409,44,48,53,41,0,0,0,0
1770256961246584457,44,48,53,41,0,0,0,0
1770256961248466196,44,48,53,42,0,0,0,0
1770256961250645478,44,48,53,42,0,0,0,0
1770256961252528177,44,48,54,42,0,0,0,0
1770256961254526111,44,48,54,42,0,0,0,0
1770256961255927071,44,48,54,42,0,0,0,0
1770256961257683143,44,48,54,42,0,0,0,0
1770256961260338180,44,48,54,42,0,0,0,0
1770256961262530486,44,48,54,42,0,0,0,0
1770256961264809258,45,48,54,42,0,0,0,0
1770256961266548498,45,48,54,42,0,0,0,0
1770256961268522719,45,48,54,42,0,0,0,0
1770256961270607087,44,48,54,42,0,0,0,0
1770256961271784458,44,48,54,42,0,0,0,0
1770256961274426343,44,48,54,42,0,0,0,0
1770256961275848391,45,48,54,42,0,0,0,0
1770256961278393025,45,48,54,42,0,0,0,0
1770256961280315725,45,48,54,42,0,0,0,0
1770256961282874504,45,48,54,42,0,0,0,0
1770256961284891638,45,48,54,42,0,0,0,0
1770256961286558780,45,48,54,42,0,0,0,0
1770256961288678925,45,48,53,42,0,0,0,0
1770256961290029324,45,48,53,42,0,0,0,0
1770256961292333185,45,48,53,42,0,0,0,0
1770256961293706560,45,48,54,42,0,0,0,0
1770256961295840113,45,48,54,42,0,0,0,0
1770256961298290601,45,48,54,42,0,0,0,0
1770256961299773099,45,48,54,42,0,0,0,0
1770256961301714519,45,48,54,42,0,0,0,0
1770256961304259826,45,48,54,42,0,0,0,0
1770256961305716307,45,48,54,42,0,0,0,0
1770256961308428177,45,48,54,41,0,0,0,0
1770256961310421471,45,48,54,41,0,0,0,0
1770256961312692499,45,48,54,41,0,0,0,0
1770256961314449659,44,48,54,41,0,0,0,0
1770256961315985278,44,48,54,41,0,0,0,0
1770256961318646651,45,48,54,41,0,0,0,0
1770256961319878103,45,48,54,41,0,0,0,0
1770256961322287950,45,48,54,41,0,0,0,0
1770256961324615748,45,48,54,41,0,0,0,0
1770256961326683795,45,48,54,41,0,0,0,0
1770256961328702049,45,48,54,41,0,0,0,0
1770256961330553035,44,48,54,41,0,0,0,0
1770256961332552857,44,48,54,41,0,0,0,0
1770256961334423652,44,48,54,41,0,0,0,0
1770256961336197741,45,48,54,41,0,0,0,0
1770256961337708623,45,48,54,41,0,0,0,0
1770256961339816672,45,48,54,41,0,0,0,0
1770256961342232023,45,48,54,41,0,0,0,0
1770256961344505003,45,48,54,41,0,0,0,0
1770256961346545626,45,48,54,41,0,0,0,0
1770256961348271233,45,48,54,41,0,0,0,0
1770256961350336080,45,48,54,41,0,0,0,0
1770256961352261692,45,48,54,41,0,0,0,0
1770256961354087910,45,48,54,41,0,0,0,0
1770256961356388379,45,48,54,41,0,0,0,0
1770256961358600718,45,48,54,41,0,0,0,0
1770256961360627580,45,48,54,41,0,0,0,0
1770256961362649770,45,48,54,42,0,0,0,0
1770256961364499797,45,48,54,42,0,0,0,0
1770256961366544547,45,48,54,42,0,0,0,0
1770256961367688158,45,48,54,42,0,0,0,0
1770256961369824430,45,48,54,42,0,0,0,0
1770256961371623864,45,48,54,42,0,0,0,0
1770256961373777705,45,48,54,42,0,0,0,0
1770256961375915002,45,48,54,42,0,0,0,0
1770256961378683673,45,48,53,42,0,0,0,0
1770256961380644806,45,48,53,42,0,0,0,0
1770256961382004997,45,48,53,42,0,0,0,0
1770256961384583968,45,48,53,42,0,0,0,0
1770256961386622895,45,48,53,42,0,0,0,0
1770256961387770345,45,48,53,42,0,0,0,0
1770256961389680725,45,48,53,42,0,0,0,0
1770256961391813574,45,48,53,42,0,0,0,0
1770256961393769491,45,48,53,42,0,0,0,0
1770256961395751904,45,48,53,42,0,0,0,0
1770256961398733508,45,48,53,42,0,0,0,0
1770256961400625808,45,48,53,42,0,0,0,0
1770256961402494746,44,48,53,42,0,0,0,0
1770256961404832656,44,48,53,42,0,0,0,0
1770256961406460757,44,48,53,41,0,0,0,0
1770256961408267262,44,48,53,41,0,0,0,0
1770256961409734176,44,48,53,42,0,0,0,0
1770256961412275482,44,48,53,42,0,0,0,0
1770256961413711035,44,48,54,42,0,0,0,0
1770256961415719209,44,48,54,42,0,0,0,0
1770256961418139296,44,48,54,42,0,0,0,0
1770256961419747589,44,48,54,42,0,0,0,0
1770256961421704434,44,48,54,42,0,0,0,0
1770256961424068872,44,48,54,42,0,0,0,0
1770256961426147064,45,48,54,42,0,0,0,0
1770256961428410444,45,48,54,42,0,0,0,0
1770256961430473595,45,48,54,42,0,0,0,0
1770256961432570955,45,48,54,42,0,0,0,0
1770256961434605017,45,48,54,42,0,0,0,0
1770256961436624104,45,48,54,42,0,0,0,0
1770256961438335055,45,48,54,42,0,0,0,0
1770256961440316060,45,48,54,42,0,0,0,0
1770256961442310474,45,48,54,42,0,0,0,0
1770256961444284279,45,48,53,42,0,0,0,0
1770256961446180130,45,48,53,41,0,0,0,0
1770256961448035981,45,48,53,41,0,0,0,0
1770256961449817974,45,48,53,41,0,0,0,0
1770256961452380560,45,48,53,41,0,0,0,0
1770256961454307164,45,48,53,41,0,0,0,0
1770256961456327403,45,48,53,41,0,0,0,0
1770256961458966983,45,48,53,41,0,0,0,0
1770256961461380382,45,48,53,41,0,0,0,0
1770256961465056178,45,48,53,41,0,0,0,0
1770256961467675854,45,48,53,41,0,0,0,0
1770256961468435744,45,48,53,41,0,0,0,0
1770256961469670204,45,48,53,41,0,0,0,0
1770256961471988337,45,48,53,41,0,0,0,0
1770256961473718489,44,48,54,41,0,0,0,0
1770256961476191345,44,48,54,42,0,0,0,0
1770256961477715988,44,48,54,42,0,0,0,0
1770256961480478900,45,48,54,42,0,0,0,0
1770256961482533155,45,48,54,42,0,0,0,0
1770256961484577105,45,48,54,42,0,0,0,0
1770256961486622624,45,48,54,42,0,0,0,0
1770256961488406889,45,48,54,41,0,0,0,0
1770256961490167409,45,48,54,41,0,0,0,0
1770256961491794199,45,48,54,41,0,0,0,0
1770256961493727811,45,48,54,41,0,0,0,0
1770256961496227036,45,48,54,41,0,0,0,0
1770256961497796960,45,48,54,41,0,0,0,0
1770256961500588000,45,48,54,41,0,0,0,0
1770256961502428010,45,48,54,41,0,0,0,0
1770256961504506970,45,48,54,41,0,0,0,0
1770256961506599017,45,48,54,41,0,0,0,0
1770256961508614776,45,48,54,41,0,0,0,0
1770256961509838036,45,48,54,41,0,0,0,0
1770256961512195850,45,48,54,41,0,0,0,0
1770256961514323994,45,48,54,41,0,0,0,0
1770256961515819549,44,48,54,41,0,0,0,0
1770256961518378871,44,48,54,41,0,0,0,0
1770256961520755214,44,48,54,41,0,0,0,0
1770256961522605720,44,48,54,41,0,0,0,0
1770256961524578821,44,48,54,41,0,0,0,0
1770256961526577843,44,48,54,41,0,0,0,0
1770256961527958322,44,48,54,41,0,0,0,0
1770256961530363785,44,48,54,41,0,0,0,0
1770256961532191315,44,48,54,41,0,0,0,0
1770256961533690038,44,48,54,41,0,0,0,0
1770256961536134158,44,48,54,41,0,0,0,0
1770256961538124091,45,48,54,41,0,0,0,0
1770256961539731872,45,48,54,41,0,0,0,0
1770256961542674275,45,48,54,42,0,0,0,0
1770256961544603663,45,48,54,42,0,0,0,0
1770256961546598717,44,48,54,42,0,0,0,0
1770256961548587787,44,48,54,42,0,0,0,0
1770256961550307058,44,48,54,42,0,0,0,0
1770256961552137020,45,48,54,42,0,0,0,0
1770256961553987590,45,48,54,41,0,0,0,0
1770256961556192793,45,48,54,41,0,0,0,0
1770256961558290825,45,48,53,41,0,0,0,0
1770256961560129939,45,48,53,42,0,0,0,0
1770256961562560491,45,48,53,42,0,0,0,0
1770256961564593913,45,48,54,42,0,0,0,0
1770256961566517637,45,48,54,42,0,0,0,0
1770256961568358191,45,48,54,42,0,0,0,0
1770256961570570882,45,48,54,42,0,0,0,0
1770256961571969090,45,48,54,42,0,0,0,0
1770256961573738218,45,48,54,42,0,0,0,0
1770256961576360134,45,48,54,42,0,0,0,0
1770256961578177136,45,48,54,42,0,0,0,0
1770256961579783029,45,48,54,42,0,0,0,0
1770256961582350512,44,48,54,42,0,0,0,0
1770256961584523777,44,48,54,42,0,0,0,0
1770256961586791125,44,48,54,42,0,0,0,0
1770256961588544317,45,48,54,42,0,0,0,0
1770256961590547563,45,48,54,42,0,0,0,0
1770256961591921003,45,48,54,42,0,0,0,0
1770256961593774517,44,48,54,42,0,0,0,0
1770256961596157356,44,48,54,42,0,0,0,0
1770256961597703823,44,48,54,42,0,0,0,0
1770256961599729885,44,48,54,42,0,0,0,0
1770256961602394554,44,48,54,41,0,0,0,0
1770256961604354087,44,48,54,41,0,0,0,0
1770256961606567098,44,48,54,41,0,0,0,0
1770256961608547239,44,48,54,41,0,0,0,0
1770256961610499892,44,48,54,41,0,0,0,0
1770256961611802194,44,48,54,41,0,0,0,0
1770256961614376397,44,48,54,42,0,0,0,0
1770256961615755948,44,48,54,42,0,0,0,0
1770256961618148899,44,48,54,42,0,0,0,0
1770256961620381110,44,48,54,42,0,0,0,0
1770256961621772214,44,48,54,42,0,0,0,0
1770256961624588534,44,48,54,42,0,0,0,0
1770256961626504898,44,48,54,41,0,0,0,0
1770256961627785632,44,48,54,41,0,0,0,0
1770256961629798862,45,48,54,41,0,0,0,0
1770256961632383913,45,48,54,42,0,0,0,0
1770256961634132145,45,48,54,42,0,0,0,0
1770256961635713557,45,48,54,42,0,0,0,0
1770256961638421235,45,48,54,42,0,0,0,0
1770256961639753074,45,48,54,42,0,0,0,0
1770256961642474352,45,48,54,42,0,0,0,0
1770256961644704611,45,48,54,42,0,0,0,0
1770256961645967040,45,48,54,42,0,0,0,0
1770256961647813386,45,48,54,42,0,0,0,0
1770256961650694252,45,48,54,42,0,0,0,0
1770256961651791493,45,48,54,42,0,0,0,0
1770256961654589701,45,48,53,42,0,0,0,0
1770256961656627732,45,48,53,42,0,0,0,0
1770256961657773902,45,48,53,42,0,0,0,0
1770256961660507949,45,48,53,42,0,0,0,0
1770256961662152626,45,48,53,41,0,0,0,0
1770256961663688470,45,48,53,41,0,0,0,0
1770256961666075180,45,48,53,41,0,0,0,0
1770256961667836020,45,48,53,41,0,0,0,0
1770256961670162090,45,48,53,41,0,0,0,0
1770256961671878609,44,48,53,41,0,0,0,0
1770256961674655537,44,48,53,42,0,0,0,0
1770256961675992175,44,48,53,42,0,0,0,0
1770256961678336549,44,48,54,42,0,0,0,0
1770256961680318226,44,48,54,42,0,0,0,0
1770256961682681800,44,48,54,42,0,0,0,0
1770256961684484178,44,48,54,42,0,0,0,0
1770256961686577890,44,48,54,42,0,0,0,0
1770256961688629776,44,48,54,42,0,0,0,0
1770256961690540796,44,48,54,42,0,0,0,0
1770256961692672717,44,48,54,41,0,0,0,0
1770256961693808103,44,48,54,41,0,0,0,0
1770256961696294368,45,48,54,41,0,0,0,0
1770256961698161067,45,48,54,41,0,0,0,0
1770256961700249530,45,48,54,41,0,0,0,0
1770256961701720316,45,48,54,41,0,0,0,0
1770256961704646431,45,48,54,41,0,0,0,0
1770256961706596780,45,48,54,41,0,0,0,0
1770256961708418389,45,48,54,41,0,0,0,0
1770256961710592967,45,48,54,41,0,0,0,0
1770256961712589429,45,48,54,41,0,0,0,0
1770256961713772688,45,48,54,41,0,0,0,0
1770256961716288682,45,48,54,41,0,0,0,0
1770256961718456955,45,48,54,41,0,0,0,0
1770256961719719512,45,48,54,41,0,0,0,0
1770256961722382677,45,48,54,42,0,0,0,0
1770256961723724532,45,48,54,42,0,0,0,0
1770256961726612118,45,48,54,42,0,0,0,0
1770256961728598595,45,48,54,42,0,0,0,0
1770256961729733725,45,48,54,42,0,0,0,0
1770256961732681793,45,48,54,42,0,0,0,0
1770256961734436489,45,48,54,41,0,0,0,0
1770256961736331924,45,48,54,41,0,0,0,0
1770256961738406596,45,48,54,41,0,0,0,0
1770256961739823364,45,48,54,42,0,0,0,0
1770256961741772209,45,48,54,42,0,0,0,0
1770256961743790367,44,48,54,42,0,0,0,0
1770256961746678657,44,48,54,42,0,0,0,0
1770256961748553036,44,48,54,42,0,0,0,0
1770256961750473496,45,48,54,42,0,0,0,0
1770256961752486118,45,48,54,42,0,0,0,0
1770256961754446163,45,48,54,42,0,0,0,0
1770256961756381567,44,48,54,42,0,0,0,0
1770256961757841761,44,48,54,42,0,0,0,0
1770256961759822798,44,48,54,42,0,0,0,0
1770256961762569645,44,48,54,42,0,0,0,0
1770256961764680989,44,48,54,41,0,0,0,0
1770256961765772310,45,48,54,41,0,0,0,0
1770256961768437267,45,48,54,41,0,0,0,0
1770256961770102042,45,48,54,42,0,0,0,0
1770256961771785440,45,48,54,42,0,0,0,0
1770256961774251609,44,48,54,42,0,0,0,0
1770256961776088131,44,48,54,42,0,0,0,0
1770256961778434072,44,48,54,42,0,0,0,0
1770256961780517992,44,48,54,42,0,0,0,0
1770256961782470549,44,48,54,42,0,0,0,0
1770256961784586341,44,48,54,42,0,0,0,0
1770256961786523441,44,48,54,42,0,0,0,0
1770256961788341595,44,48,54,42,0,0,0,0
1770256961789676698,44,48,54,42,0,0,0,0
1770256961792320310,44,48,54,42,0,0,0,0
1770256961794361893,44,48,54,42,0,0,0,0
1770256961795816774,45,48,54,42,0,0,0,0
1770256961798521028,45,48,54,42,0,0,0,0
1770256961799992518,45,48,54,42,0,0,0,0
1770256961801946995,44,48,54,42,0,0,0,0
1770256961804252711,44,48,54,42,0,0,0,0
1770256961805757770,44,48,54,42,0,0,0,0
1770256961807751287,44,48,54,42,0,0,0,0
1770256961811166182,44,48,54,42,0,0,0,0
1770256961813137459,44,48,54,42,0,0,0,0
1770256961814628533,44,48,54,42,0,0,0,0
1770256961815769263,45,48,53,42,0,0,0,0
1770256961817694235,45,48,53,42,0,0,0,0
1770256961819756042,45,48,53,42,0,0,0,0
1770256961822058143,45,48,54,42,0,0,0,0
1770256961823751942,45,48,54,41,0,0,0,0
1770256961826874509,45,48,54,41,0,0,0,0
1770256961829069183,45,48,54,41,0,0,0,0
1770256961830684964,45,48,54,42,0,0,0,0
1770256961832830389,45,48,54,42,0,0,0,0
1770256961835110282,45,48,54,42,0,0,0,0
1770256961836457417,45,48,54,42,0,0,0,0
1770256961838013260,45,48,54,42,0,0,0,0
1770256961839710611,45,48,54,42,0,0,0,0
1770256961841654111,45,48,54,41,0,0,0,0
1770256961843921907,45,48,54,41,0,0,0,0
1770256961845631195,45,48,54,41,0,0,0,0
1770256961848552925,45,48,54,41,0,0,0,0
1770256961850660974,45,48,54,41,0,0,0,0
1770256961851893802,45,48,54,41,0,0,0,0
1770256961854540198,45,48,54,42,0,0,0,0
1770256961856488051,45,48,54,42,0,0,0,0
1770256961857694255,44,48,54,42,0,0,0,0
1770256961860450446,44,48,54,41,0,0,0,0
1770256961862605983,44,48,54,41,0,0,0,0
1770256961864280485,44,48,54,41,0,0,0,0
1770256961866465079,44,48,54,41,0,0,0,0
1770256961868565640,44,48,54,41,0,0,0,0
1770256961870523060,44,48,54,41,0,0,0,0
1770256961871917300,44,48,54,41,0,0,0,0
1770256961874327627,44,48,54,41,0,0,0,0
1770256961875811309,44,48,54,41,0,0,0,0
1770256961878511307,44,48,54,41,0,0,0,0
1770256961880484696,44,48,54,41,0,0,0,0
1770256961882614953,44,48,54,41,0,0,0,0
1770256961884630935,44,48,54,41,0,0,0,0
1770256961886511202,44,48,54,41,0,0,0,0
1770256961887752223,44,48,54,41,0,0,0,0
1770256961889974290,44,48,54,41,0,0,0,0
1770256961891922494,44,48,54,41,0,0,0,0
1770256961894228915,44,48,54,41,0,0,0,0
1770256961896285954,44,48,54,41,0,0,0,0
1770256961898444532,44,48,54,41,0,0,0,0
1770256961899666255,45,48,54,41,0,0,0,0
1770256961901766176,45,48,54,42,0,0,0,0
1770256961903843823,45,48,54,42,0,0,0,0
1770256961906474827,45,48,54,42,0,0,0,0
1770256961908462265,45,48,54,42,0,0,0,0
1770256961910307203,45,48,54,42,0,0,0,0
1770256961912579127,44,48,54,42,0,0,0,0
1770256961914373760,44,48,54,42,0,0,0,0
1770256961916495441,44,48,54,42,0,0,0,0
1770256961918562496,45,48,54,42,0,0,0,0
1770256961920313544,45,48,54,42,0,0,0,0
1770256961922581916,45,48,54,42,0,0,0,0
1770256961924620011,45,48,54,42,0,0,0,0
1770256961926528982,45,48,54,42,0,0,0,0
1770256961928424642,45,48,54,42,0,0,0,0
1770256961930102472,45,48,54,42,0,0,0,0
1770256961932209784,45,48,54,42,0,0,0,0
1770256961933731515,45,48,54,42,0,0,0,0
1770256961936352855,44,48,54,42,0,0,0,0
1770256961938366597,44,48,54,41,0,0,0,0
1770256961940361523,44,48,54,41,0,0,0,0
1770256961942689800,44,48,54,41,0,0,0,0
1770256961943874211,44,48,54,41,0,0,0,0
1770256961945733678,44,48,54,41,0,0,0,0
1770256961948311273,45,48,54,41,0,0,0,0
1770256961950316855,45,48,54,41,0,0,0,0
1770256961951828090,45,48,54,41,0,0,0,0
1770256961954579033,45,48,54,41,0,0,0,0
1770256961956829196,45,48,54,41,0,0,0,0
1770256961958459345,44,48,54,41,0,0,0,0
1770256961960408510,44,48,54,41,0,0,0,0
1770256961962330634,44,48,54,41,0,0,0,0
1770256961964304951,44,48,54,41,0,0,0,0
1770256961965672758,44,48,54,41,0,0,0,0
1770256961968481111,44,48,54,41,0,0,0,0
1770256961970416643,44,48,54,41,0,0,0,0
1770256961972205356,44,48,54,41,0,0,0,0
1770256961974571970,44,48,54,41,0,0,0,0
1770256961976681363,44,48,54,41,0,0,0,0
1770256961978488924,44,48,54,41,0,0,0,0
1770256961980668270,44,48,54,41,0,0,0,0
1770256961981847017,44,48,54,41,0,0,0,0
1770256961984199199,44,48,54,41,0,0,0,0
1770256961985702913,44,48,54,41,0,0,0,0
1770256961988311517,44,48,54,41,0,0,0,0
1770256961990030852,44,48,54,41,0,0,0,0
1770256961992217046,44,48,54,41,0,0,0,0
1770256961994588524,45,48,54,41,0,0,0,0
1770256961996105487,45,48,54,41,0,0,0,0
1770256961998648777,45,48,54,41,0,0,0,0
1770256962000350608,45,48,54,41,0,0,0,0
1770256962001751248,45,48,54,41,0,0,0,0
1770256962004302443,45,48,54,41,0,0,0,0
1770256962006313369,45,48,54,41,0,0,0,0
1770256962007823739,45,48,54,41,0,0,0,0
1770256962010453912,45,48,54,42,0,0,0,0
1770256962011756437,45,48,54,42,0,0,0,0
1770256962013998889,45,48,54,42,0,0,0,0
1770256962016476193,45,48,54,42,0,0,0,0
1770256962018878296,45,48,54,42,0,0,0,0
1770256962020653697,45,48,54,42,0,0,0,0
1770256962022632494,45,48,54,42,0,0,0,0
1770256962024176786,45,48,54,42,0,0,0,0
1770256962025638483,45,48,54,42,0,0,0,0
1770256962028332305,45,48,54,41,0,0,0,0
1770256962029768114,45,48,54,41,0,0,0,0
1770256962032530385,44,48,54,41,0,0,0,0
1770256962034683586,44,48,54,41,0,0,0,0
1770256962035919135,44,48,54,41,0,0,0,0
1770256962038643357,44,48,54,41,0,0,0,0
1770256962040458406,44,48,54,41,0,0,0,0
1770256962042662553,44,48,54,41,0,0,0,0
1770256962044332383,44,48,54,41,0,0,0,0
1770256962046108904,44,48,54,41,0,0,0,0
1770256962047857296,44,48,54,41,0,0,0,0
1770256962049759643,44,48,54,41,0,0,0,0
1770256962052350167,44,48,54,41,0,0,0,0
1770256962054555945,44,48,54,41,0,0,0,0
1770256962056615832,44,48,54,41,0,0,0,0
1770256962058643047,44,48,54,41,0,0,0,0
1770256962060461616,44,48,54,41,0,0,0,0
1770256962061734318,44,48,54,41,0,0,0,0
1770256962064381834,44,48,54,41,0,0,0,0
1770256962065736201,44,48,54,41,0,0,0,0
1770256962068567434,45,48,54,41,0,0,0,0
1770256962070708763,45,48,54,41,0,0,0,0
1770256962071891190,45,48,54,41,0,0,0,0
1770256962074681878,45,48,54,41,0,0,0,0
1770256962075908306,45,48,54,42,0,0,0,0
1770256962077704187,45,48,54,42,0,0,0,0
1770256962079718505,45,48,54,42,0,0,0,0
1770256962082733166,45,48,54,42,0,0,0,0
1770256962084531607,45,48,54,42,0,0,0,0
1770256962086580134,44,48,54,42,0,0,0,0
1770256962088461201,44,48,54,42,0,0,0,0
1770256962090596642,44,48,54,42,0,0,0,0
1770256962091745373,45,48,54,42,0,0,0,0
1770256962094280919,45,48,54,42,0,0,0,0
1770256962096300709,45,48,54,42,0,0,0,0
1770256962098403253,45,48,54,42,0,0,0,0
1770256962100548070,45,48,54,42,0,0,0,0
1770256962102397584,45,48,54,42,0,0,0,0
1770256962104408638,45,48,54,42,0,0,0,0
1770256962106592432,45,48,54,42,0,0,0,0
1770256962107862285,45,48,54,42,0,0,0,0
1770256962109829531,45,48,54,42,0,0,0,0
1770256962112635195,45,48,54,42,0,0,0,0
1770256962113853719,45,48,54,42,0,0,0,0
1770256962115855140,45,48,54,42,0,0,0,0
1770256962118436288,45,48,54,42,0,0,0,0
1770256962120433005,45,48,54,42,0,0,0,0
1770256962121695818,45,48,54,42,0,0,0,0
1770256962123855708,45,48,54,42,0,0,0,0
1770256962125760135,45,48,54,42,0,0,0,0
1770256962128431620,45,48,54,42,0,0,0,0
1770256962129816516,45,48,54,42,0,0,0,0
1770256962132523202,44,48,54,42,0,0,0,0
1770256962134786774,44,48,54,42,0,0,0,0
1770256962136504957,44,48,54,42,0,0,0,0
1770256962138270950,44,48,54,42,0,0,0,0
1770256962140539449,44,48,54,42,0,0,0,0
1770256962142277249,44,48,54,41,0,0,0,0
1770256962144325680,44,48,54,41,0,0,0,0
1770256962145790482,44,48,54,41,0,0,0,0
1770256962148363629,44,48,54,41,0,0,0,0
1770256962150576767,45,48,54,41,0,0,0,0
1770256962152649775,45,48,54,41,0,0,0,0
1770256962154194898,45,48,54,41,0,0,0,0
1770256962155809143,45,48,54,41,0,0,0,0
1770256962158530965,45,48,54,41,0,0,0,0
1770256962160316990,45,48,54,41,0,0,0,0
1770256962161705822,45,48,54,41,0,0,0,0
1770256962164265113,45,48,54,41,0,0,0,0
1770256962165742266,45,48,54,41,0,0,0,0
1770256962168066256,45,48,54,41,0,0,0,0
1770256962170601194,45,48,54,41,0,0,0,0
1770256962172511733,45,48,54,41,0,0,0,0
1770256962174323167,45,48,54,41,0,0,0,0
1770256962175867362,45,48,54,41,0,0,0,0
1770256962177840207,45,48,54,41,0,0,0,0
1770256962180282759,45,48,54,41,0,0,0,0
1770256962181759849,45,48,53,41,0,0,0,0
1770256962184581386,45,48,53,40,0,0,0,0
1770256962186652281,41,46,53,40,0,0,0,0
1770256962187940727,41,46,46,36,0,0,0,0
1770256962191269955,41,46,46,36,0,0,0,0
1770256962192757573,37,42,45,36,0,0,0,0
1770256962193604632,37,42,45,36,0,0,0,0
1770256962195795978,37,42,45,34,0,0,0,0
1770256962197726711,37,41,44,34,0,0,0,0
1770256962200057356,36,41,44,34,0,0,0,0
1770256962202074394,36,41,44,33,0,0,0,0
1770256962204645269,37,41,44,33,0,0,0,0
1770256962206619714,37,41,44,33,0,0,0,0
1770256962207914944,37,41,44,34,0,0,0,0
1770256962210758401,37,43,45,34,0,0,0,0
1770256962212654732,40,43,45,34,0,0,0,0
1770256962213755398,40,43,45,35,0,0,0,0
1770256962216243198,40,45,46,35,0,0,0,0
1770256962217690912,40,45,46,36,0,0,0,0
1770256962220412062,40,45,46,36,0,0,0,0
1770256962222088132,42,46,46,36,0,0,0,0
1770256962224568797,42,46,48,36,0,0,0,0
1770256962225911068,42,46,48,37,0,0,0,0
1770256962228066285,42,48,49,37,0,0,0,0
1770256962230609703,44,48,49,37,0,0,0,0
1770256962232480818,44,48,49,38,0,0,0,0
1770256962234237690,45,48,50,38,0,0,0,0
1770256962236155654,45,48,50,38,0,0,0,0
1770256962238426906,45,48,50,39,0,0,0,0
1770256962240083488,45,49,50,39,0,0,0,0
1770256962242214449,46,49,50,39,0,0,0,0
1770256962243866455,46,49,50,38,0,0,0,0
1770256962246560725,46,49,50,38,0,0,0,0
1770256962248463328,46,49,49,38,0,0,0,0
1770256962250279530,46,49,49,38,0,0,0,0
1770256962251747179,46,50,49,38,0,0,0,0
1770256962253776090,46,50,50,38,0,0,0,0
1770256962256436791,46,50,50,38,0,0,0,0
1770256962258105565,46,50,50,38,0,0,0,0
1770256962260231629,46,50,50,38,0,0,0,0
1770256962261714831,46,50,50,38,0,0,0,0
1770256962264553232,46,49,50,38,0,0,0,0
1770256962266529534,46,49,49,38,0,0,0,0
1770256962267867068,46,49,49,38,0,0,0,0
1770256962270703037,46,49,48,38,0,0,0,0
1770256962272581544,46,49,48,38,0,0,0,0
1770256962274584342,46,49,48,38,0,0,0,0
1770256962275721456,46,49,48,38,0,0,0,0
1770256962278366861,46,49,48,38,0,0,0,0
1770256962279723820,46,48,48,38,0,0,0,0
1770256962281748282,45,48,49,38,0,0,0,0
1770256962284562618,45,48,49,38,0,0,0,0
1770256962286280834,45,48,49,38,0,0,0,0
1770256962288503957,45,48,49,38,0,0,0,0
1770256962290641094,45,48,49,38,0,0,0,0
1770256962293166431,45,47,49,38,0,0,0,0
1770256962294312186,45,47,48,38,0,0,0,0
1770256962296073026,44,47,48,38,0,0,0,0
1770256962298331222,44,47,48,38,0,0,0,0
1770256962299852472,44,47,48,38,0,0,0,0
1770256962302300209,44,47,48,38,0,0,0,0
1770256962303693264,44,46,48,38,0,0,0,0
1770256962306330925,44,46,48,38,0,0,0,0
1770256962308218488,44,46,48,38,0,0,0,0
1770256962310744370,44,46,48,38,0,0,0,0
1770256962312429752,43,46,48,38,0,0,0,0
1770256962314320932,43,46,48,38,0,0,0,0
1770256962316516022,43,46,48,38,0,0,0,0
1770256962318251166,43,46,48,38,0,0,0,0
1770256962320445808,43,46,48,38,0,0,0,0
1770256962321738093,43,46,48,38,0,0,0,0
1770256962324485068,42,46,48,38,0,0,0,0
1770256962326226324,42,46,48,38,0,0,0,0
1770256962328151968,42,46,48,38,0,0,0,0
1770256962330392660,42,46,48,38,0,0,0,0
1770256962331861301,42,46,47,38,0,0,0,0
1770256962334265964,42,46,47,38,0,0,0,0
1770256962335690061,42,45,47,38,0,0,0,0
1770256962337688315,42,45,47,38,0,0,0,0
1770256962339836300,42,45,47,38,0,0,0,0
1770256962341751864,41,45,48,38,0,0,0,0
1770256962343866856,41,45,48,38,0,0,0,0
1770256962346570246,41,45,48,38,0,0,0,0
1770256962347790370,42,45,48,38,0,0,0,0
1770256962350597378,42,45,48,38,0,0,0,0
1770256962351881504,42,45,48,38,0,0,0,0
1770256962354464955,41,45,48,38,0,0,0,0
1770256962356099648,41,45,48,38,0,0,0,0
1770256962357806759,41,45,48,38,0,0,0,0
1770256962360667337,41,44,48,38,0,0,0,0
1770256962362612789,41,44,48,37,0,0,0,0
1770256962363802896,41,44,48,37,0,0,0,0
1770256962366425964,40,44,48,37,0,0,0,0
1770256962368868100,40,44,46,38,0,0,0,0
1770256962370939988,40,44,46,38,0,0,0,0
1770256962372871488,40,44,47,38,0,0,0,0
1770256962375402138,40,44,47,38,0,0,0,0
1770256962376560948,40,44,47,38,0,0,0,0
1770256962377747056,40,44,47,38,0,0,0,0
1770256962379804927,40,44,47,38,0,0,0,0
1770256962381730571,40,44,47,38,0,0,0,0
1770256962383678455,40,43,47,38,0,0,0,0
1770256962385784808,40,43,47,38,0,0,0,0
1770256962388526886,40,43,47,38,0,0,0,0
1770256962391369991,39,42,47,38,0,0,0,0
1770256962392789000,39,42,47,38,0,0,0,0
1770256962394287498,39,42,47,38,0,0,0,0
1770256962396540446,39,42,47,38,0,0,0,0
1770256962398389416,39,42,46,38,0,0,0,0
1770256962399757639,39,42,46,37,0,0,0,0
1770256962401733717,39,42,46,37,0,0,0,0
1770256962404349009,39,42,46,37,0,0,0,0
1770256962405867059,39,42,46,38,0,0,0,0
1770256962408530032,38,42,46,38,0,0,0,0
1770256962410437212,38,42,46,37,0,0,0,0
1770256962412227077,38,42,46,37,0,0,0,0
1770256962414702430,38,42,46,37,0,0,0,0
1770256962415902873,38,42,46,37,0,0,0,0
1770256962417723043,38,42,46,38,0,0,0,0
1770256962420109497,38,42,45,38,0,0,0,0
1770256962421716094,38,42,45,37,0,0,0,0
1770256962423725324,38,42,45,37,0,0,0,0
1770256962425721594,38,42,45,37,0,0,0,0
1770256962428638653,38,42,45,37,0,0,0,0
1770256962430554440,38,42,45,37,0,0,0,0
1770256962432375378,38,41,45,37,0,0,0,0
1770256962434413313,38,41,45,38,0,0,0,0
1770256962436431471,38,41,45,38,0,0,0,0
1770256962437780174,38,41,45,38,0,0,0,0
1770256962440348169,38,41,45,38,0,0,0,0
1770256962442202035,38,40,45,38,0,0,0,0
1770256962443779351,38,40,45,38,0,0,0,0
1770256962445951529,38,40,45,38,0,0,0,0
1770256962448682727,38,40,45,37,0,0,0,0
1770256962451173632,38,40,45,37,0,0,0,0
1770256962453048395,37,40,45,37,0,0,0,0
1770256962454618671,37,40,45,37,0,0,0,0
1770256962456904356,37,40,45,37,0,0,0,0
1770256962458251491,37,40,45,37,0,0,0,0
1770256962459762245,37,40,45,37,0,0,0,0
1770256962461713522,37,40,45,37,0,0,0,0
1770256962464364910,37,40,45,37,0,0,0,0
1770256962466128215,37,40,45,37,0,0,0,0
1770256962468347722,37,40,45,37,0,0,0,0
1770256962470016240,37,40,45,37,0,0,0,0
1770256962471817497,37,39,45,37,0,0,0,0
1770256962475491181,37,39,44,37,0,0,0,0
1770256962476764138,37,39,44,37,0,0,0,0
1770256962477852195,37,39,44,37,0,0,0,0
1770256962480361277,36,39,44,37,0,0,0,0
1770256962481684251,36,39,44,37,0,0,0,0
1770256962484441018,36,39,44,37,0,0,0,0
1770256962486145569,36,39,44,37,0,0,0,0
1770256962487926602,36,39,44,37,0,0,0,0
1770256962490390434,36,39,44,37,0,0,0,0
1770256962491865892,36,38,44,37,0,0,0,0
1770256962493745007,36,38,44,37,0,0,0,0
1770256962495775709,36,38,44,37,0,0,0,0
1770256962498487644,36,38,44,37,0,0,0,0
1770256962500455721,36,38,44,37,0,0,0,0
1770256962502579705,36,38,44,37,0,0,0,0
1770256962504512261,36,38,44,37,0,0,0,0
1770256962506592053,36,38,44,37,0,0,0,0
1770256962508619011,36,38,44,37,0,0,0,0
1770256962510382156,35,38,45,37,0,0,0,0
1770256962512354905,35,38,45,37,0,0,0,0
1770256962514312678,35,38,45,37,0,0,0,0
1770256962515912714,35,37,45,37,0,0,0,0
1770256962517649938,35,37,45,37,0,0,0,0
1770256962519792739,35,37,45,37,0,0,0,0
1770256962521810577,35,37,45,37,0,0,0,0
1770256962523842336,35,37,45,37,0,0,0,0
1770256962526343737,35,37,45,37,0,0,0,0
1770256962527763930,34,36,45,37,0,0,0,0
1770256962530523641,34,36,45,37,0,0,0,0
1770256962532584072,34,36,45,37,0,0,0,0
1770256962534535221,34,36,45,37,0,0,0,0
1770256962536453409,34,36,45,37,0,0,0,0
1770256962538517648,34,36,45,37,0,0,0,0
1770256962540355642,34,36,44,37,0,0,0,0
1770256962542742577,34,36,44,37,0,0,0,0
1770256962543674854,34,36,44,37,0,0,0,0
1770256962546325539,34,35,44,37,0,0,0,0
1770256962548373714,34,35,44,37,0,0,0,0
1770256962550443201,34,35,44,37,0,0,0,0
1770256962552596306,34,35,45,37,0,0,0,0
1770256962554732931,34,35,45,37,0,0,0,0
1770256962556692144,34,34,45,37,0,0,0,0
1770256962557846090,34,34,45,37,0,0,0,0
1770256962559737526,34,34,45,37,0,0,0,0
1770256962562321521,34,34,45,37,0,0,0,0
1770256962563743281,33,34,44,37,0,0,0,0
1770256962566314668,33,34,44,37,0,0,0,0
1770256962567781870,33,34,44,37,0,0,0,0
1770256962569610040,33,34,44,37,0,0,0,0
1770256962571779593,33,34,44,37,0,0,0,0
1770256962573727190,33,34,44,37,0,0,0,0
1770256962575759076,33,34,44,37,0,0,0,0
1770256962577700433,33,34,44,37,0,0,0,0
1770256962579727455,33,34,44,37,0,0,0,0
1770256962582476478,33,33,44,37,0,0,0,0
1770256962584497869,33,33,44,36,0,0,0,0
1770256962586449721,33,33,44,36,0,0,0,0
1770256962588620907,33,33,44,36,0,0,0,0
1770256962590170158,33,33,44,37,0,0,0,0
1770256962592641927,33,33,44,37,0,0,0,0
1770256962594369006,32,33,44,37,0,0,0,0
1770256962595769647,32,33,44,37,0,0,0,0
1770256962598346794,32,33,44,37,0,0,0,0
1770256962600475546,32,32,44,37,0,0,0,0
1770256962602246083,32,32,44,37,0,0,0,0
1770256962604236208,32,32,44,37,0,0,0,0
1770256962606505476,32,32,43,37,0,0,0,0
1770256962608705271,32,32,43,37,0,0,0,0
1770256962609749551,32,32,43,37,0,0,0,0
1770256962612478573,32,32,44,37,0,0,0,0
1770256962613792523,32,32,44,37,0,0,0,0
1770256962616387015,32,32,44,37,0,0,0,0
1770256962618269234,32,32,44,37,0,0,0,0
1770256962620535589,32,32,44,36,0,0,0,0
1770256962622573428,32,32,44,36,0,0,0,0
1770256962624380701,32,32,43,36,0,0,0,0
1770256962626646577,32,32,43,36,0,0,0,0
1770256962628140564,32,31,43,36,0,0,0,0
1770256962630464585,32,31,43,36,0,0,0,0
1770256962632245298,32,31,43,36,0,0,0,0
1770256962634409187,32,31,43,36,0,0,0,0
1770256962636202412,31,31,42,36,0,0,0,0
1770256962638226650,31,31,42,36,0,0,0,0
1770256962640325771,31,30,42,37,0,0,0,0
1770256962642465819,30,30,42,37,0,0,0,0
1770256962644710415,30,30,42,36,0,0,0,0
1770256962646049486,30,30,42,36,0,0,0,0
1770256962648470533,30,30,42,36,0,0,0,0
1770256962650342384,30,30,42,36,0,0,0,0
1770256962651815218,30,29,42,35,0,0,0,0
1770256962654561616,30,29,42,35,0,0,0,0
1770256962656542142,30,29,42,35,0,0,0,0
1770256962657743705,30,29,42,35,0,0,0,0
1770256962660561530,30,29,41,35,0,0,0,0
1770256962662182431,30,29,41,35,0,0,0,0
1770256962663617728,30,29,41,35,0,0,0,0
1770256962666193179,29,29,41,35,0,0,0,0
1770256962667926274,29,29,41,35,0,0,0,0
1770256962669775821,29,29,41,35,0,0,0,0
1770256962672197508,29,29,41,35,0,0,0,0
1770256962674657564,29,29,41,35,0,0,0,0
1770256962676443813,29,29,41,35,0,0,0,0
1770256962678516533,29,29,41,35,0,0,0,0
1770256962680494850,29,29,41,35,0,0,0,0
1770256962682664724,29,29,41,34,0,0,0,0
1770256962684441148,29,29,41,34,0,0,0,0
1770256962686824339,29,29,41,34,0,0,0,0
1770256962688616412,29,30,41,34,0,0,0,0
1770256962690441766,29,30,40,34,0,0,0,0
1770256962692508693,29,30,40,34,0,0,0,0
1770256962694412993,29,30,40,34,0,0,0,0
1770256962695811745,29,29,40,34,0,0,0,0
1770256962698228024,29,29,40,34,0,0,0,0
1770256962700306952,29,29,40,34,0,0,0,0
1770256962701752137,29,29,39,34,0,0,0,0
1770256962703993628,29,29,39,34,0,0,0,0
1770256962706350578,29,29,39,34,0,0,0,0
1770256962708636614,28,29,39,34,0,0,0,0
1770256962710720502,28,29,38,34,0,0,0,0
1770256962712598337,28,29,38,34,0,0,0,0
1770256962714072451,28,29,38,34,0,0,0,0
1770256962715710664,28,29,38,34,0,0,0,0
1770256962718177313,28,29,38,34,0,0,0,0
1770256962719974058,28,29,38,34,0,0,0,0
1770256962722135707,28,29,38,33,0,0,0,0
1770256962724662997,28,29,38,33,0,0,0,0
1770256962726681699,28,29,37,33,0,0,0,0
1770256962727973729,28,29,37,33,0,0,0,0
1770256962730638430,28,29,37,33,0,0,0,0
1770256962731908891,27,29,37,33,0,0,0,0
1770256962734259825,27,29,37,33,0,0,0,0
1770256962736212670,27,29,37,33,0,0,0,0
1770256962738298829,27,29,37,33,0,0,0,0
1770256962739754575,27,29,37,33,0,0,0,0
1770256962742736723,27,29,37,33,0,0,0,0
1770256962743887885,27,29,36,33,0,0,0,0
1770256962746597707,27,29,36,33,0,0,0,0
1770256962747770406,27,29,36,33,0,0,0,0
1770256962750579302,27,29,36,33,0,0,0,0
1770256962751805250,27,29,36,33,0,0,0,0
1770256962753735663,27,29,36,33,0,0,0,0
1770256962756626673,27,29,36,33,0,0,0,0
1770256962758458619,27,29,36,33,0,0,0,0
1770256962759716600,27,29,36,33,0,0,0,0
1770256962762597786,27,29,36,33,0,0,0,0
1770256962764354946,27,29,36,32,0,0,0,0
1770256962765715361,27,29,36,32,0,0,0,0
1770256962768291132,27,29,35,32,0,0,0,0
1770256962770861431,27,29,35,32,0,0,0,0
1770256962772499580,27,29,35,32,0,0,0,0
1770256962774448553,26,29,34,32,0,0,0,0
1770256962776670908,26,29,34,32,0,0,0,0
1770256962778567943,26,29,34,32,0,0,0,0
1770256962780461938,26,29,34,32,0,0,0,0
1770256962782481985,26,29,34,32,0,0,0,0
1770256962783719773,26,29,34,32,0,0,0,0
1770256962785832109,26,29,33,32,0,0,0,0
1770256962787901981,26,29,33,32,0,0,0,0
1770256962789745031,26,29,33,32,0,0,0,0
1770256962791766549,25,29,33,32,0,0,0,0
1770256962794997215,25,29,33,32,0,0,0,0
1770256962796999725,25,29,33,32,0,0,0,0
1770256962798623410,23,29,33,32,0,0,0,0
1770256962800958280,23,29,33,32,0,0,0,0
1770256962802938741,23,29,33,32,0,0,0,0
1770256962804410871,23,29,32,32,0,0,0,0
1770256962806086589,23,29,32,33,0,0,0,0
1770256962807933671,23,29,32,33,0,0,0,0
1770256962809835763,22,26,32,33,0,0,0,0
1770256962811771039,22,26,32,34,0,0,0,0
1770256962814247768,22,26,32,34,0,0,0,0
1770256962816556589,22,26,30,34,0,0,0,0
1770256962818441752,22,26,30,34,0,0,0,0
1770256962820716428,22,25,30,33,0,0,0,0
1770256962822580087,21,25,31,33,0,0,0,0
1770256962824687143,21,25,31,32,0,0,0,0
1770256962825830273,21,25,31,32,0,0,0,0
1770256962827905489,21,24,31,32,0,0,0,0
1770256962830233574,21,24,31,32,0,0,0,0
1770256962831907212,21,22,31,31,0,0,0,0
1770256962833860921,21,22,30,31,0,0,0,0
1770256962836621816,21,22,30,31,0,0,0,0
1770256962838703560,21,22,30,25,0,0,0,0
1770256962839930852,21,22,29,25,0,0,0,0
1770256962842540576,21,22,29,24,0,0,0,0
1770256962843909983,21,21,29,24,0,0,0,0
1770256962846433529,21,21,28,24,0,0,0,0
1770256962847873690,21,21,28,24,0,0,0,0
1770256962849989130,21,21,28,23,0,0,0,0
1770256962852327520,21,21,27,23,0,0,0,0
1770256962853741056,21,21,27,23,0,0,0,0
1770256962856517824,21,22,27,22,0,0,0,0
1770256962858463116,21,22,26,22,0,0,0,0
1770256962860503355,21,22,26,22,0,0,0,0
1770256962862465096,21,22,26,22,0,0,0,0
1770256962864631705,21,22,25,22,0,0,0,0
1770256962865944407,21,22,25,21,0,0,0,0
1770256962867876804,21,22,25,21,0,0,0,0
1770256962869573034,21,22,25,21,0,0,0,0
1770256962871772669,21,22,25,21,0,0,0,0
1770256962873727849,21,22,25,21,0,0,0,0
1770256962876123904,21,22,25,21,0,0,0,0
1770256962878172143,21,22,25,21,0,0,0,0
1770256962879759988,21,22,25,21,0,0,0,0
1770256962881714496,21,22,24,21,0,0,0,0
1770256962883756175,21,22,24,21,0,0,0,0
1770256962885723580,21,22,24,21,0,0,0,0
1770256962887752747,21,22,22,21,0,0,0,0
1770256962889779001,21,22,22,21,0,0,0,0
1770256962892419317,21,22,22,21,0,0,0,0
1770256962894324833,21,22,22,21,0,0,0,0
1770256962896345775,21,22,22,21,0,0,0,0
1770256962898380382,21,22,22,21,0,0,0,0
1770256962900476942,21,22,22,21,0,0,0,0
1770256962902721249,21,22,22,21,0,0,0,0
1770256962903876732,21,22,22,21,0,0,0,0
1770256962906733661,21,22,22,21,0,0,0,0
1770256962907906616,21,22,22,21,0,0,0,0
1770256962909725890,22,23,22,21,0,0,0,0
1770256962912430879,22,23,22,21,0,0,0,0
1770256962914224649,22,23,22,21,0,0,0,0
1770256962915721867,22,23,22,22,0,0,0,0
1770256962918383496,22,23,22,22,0,0,0,0
1770256962920595066,22,23,22,22,0,0,0,0
1770256962922480294,22,24,22,22,0,0,0,0
1770256962924545301,22,24,22,22,0,0,0,0
1770256962926561507,22,24,22,22,0,0,0,0
1770256962928274090,22,24,23,23,0,0,0,0
1770256962930303769,22,24,23,23,0,0,0,0
1770256962932256901,22,24,23,23,0,0,0,0
1770256962934198322,22,25,23,23,0,0,0,0
1770256962936309666,22,25,23,23,0,0,0,0
1770256962938456691,22,25,23,23,0,0,0,0
1770256962939721968,22,25,23,24,0,0,0,0
1770256962942505776,22,25,24,24,0,0,0,0
1770256962944540095,22,25,24,24,0,0,0,0
1770256962946573869,22,25,24,24,0,0,0,0
1770256962947757384,22,25,24,24,0,0,0,0
1770256962950159199,22,25,24,24,0,0,0,0
1770256962951744611,22,25,24,24,0,0,0,0
1770256962953668783,22,25,24,24,0,0,0,0
1770256962955837601,22,25,24,24,0,0,0,0
1770256962958635265,22,25,24,24,0,0,0,0
1770256962959886622,22,25,24,24,0,0,0,0
1770256962961748968,22,25,24,24,0,0,0,0
1770256962963831288,22,25,24,24,0,0,0,0
1770256962965906824,22,25,24,24,0,0,0,0
1770256962967808627,22,25,24,24,0,0,0,0
1770256962969744383,22,25,24,24,0,0,0,0
1770256962972578176,22,25,24,24,0,0,0,0
1770256962973834589,22,25,24,24,0,0,0,0
1770256962976625853,22,25,24,24,0,0,0,0
1770256962977849657,22,25,24,24,0,0,0,0
1770256962979953097,22,25,24,24,0,0,0,0
1770256962981733682,22,25,24,24,0,0,0,0
1770256962984257996,22,25,24,24,0,0,0,0
1770256962985943186,22,24,24,24,0,0,0,0
1770256962988187110,22,24,24,24,0,0,0,0
1770256962990483130,22,24,24,24,0,0,0,0
1770256962992985556,22,24,24,24,0,0,0,0
1770256962994650106,22,25,24,24,0,0,0,0
1770256962996567782,22,25,24,24,0,0,0,0
1770256962998255916,22,25,24,24,0,0,0,0
1770256962999723470,22,25,24,24,0,0,0,0
1770256963002228359,22,25,24,24,0,0,0,0
1770256963004227893,22,25,24,24,0,0,0,0
1770256963005853754,22,24,24,24,0,0,0,0
1770256963008645050,22,24,24,24,0,0,0,0
1770256963010505093,22,24,24,24,0,0,0,0
1770256963011823395,22,24,24,24,0,0,0,0
1770256963014647331,22,24,24,24,0,0,0,0
1770256963016382987,22,24,24,24,0,0,0,0
1770256963018107251,22,24,24,24,0,0,0,0
1770256963020441000,22,24,24,24,0,0,0,0
1770256963021737318,22,24,24,24,0,0,0,0
1770256963023768020,22,24,24,24,0,0,0,0
1770256963026122314,22,24,24,24,0,0,0,0
1770256963028547746,22,24,24,24,0,0,0,0
1770256963030642610,22,24,24,24,0,0,0,0
1770256963032587166,22,24,24,24,0,0,0,0
1770256963034506218,22,24,24,24,0,0,0,0
1770256963036522776,22,24,24,24,0,0,0,0
1770256963038302849,22,24,24,24,0,0,0,0
1770256963040192396,22,24,24,24,0,0,0,0
1770256963041707599,22,24,24,24,0,0,0,0
1770256963044456110,22,24,24,24,0,0,0,0
1770256963045739563,22,24,24,24,0,0,0,0
1770256963048240772,22,24,24,24,0,0,0,0
1770256963050619867,22,24,24,24,0,0,0,0
1770256963052551559,22,24,24,24,0,0,0,0
1770256963054556885,22,24,24,24,0,0,0,0
1770256963056540290,22,24,24,24,0,0,0,0
1770256963057905730,22,24,24,24,0,0,0,0
1770256963059818957,22,24,24,25,0,0,0,0
1770256963062364392,22,24,24,25,0,0,0,0
1770256963063733319,22,24,24,25,0,0,0,0
1770256963066551976,22,24,24,25,0,0,0,0
1770256963068729881,22,24,24,25,0,0,0,0
1770256963070574084,22,24,24,25,0,0,0,0
1770256963072562065,22,24,24,25,0,0,0,0
1770256963074470525,22,24,24,25,0,0,0,0
1770256963076272774,22,24,24,25,0,0,0,0
1770256963078363926,22,24,24,25,0,0,0,0
1770256963080443078,22,24,24,25,0,0,0,0
1770256963081713827,22,24,24,25,0,0,0,0
1770256963084336927,22,24,24,25,0,0,0,0
1770256963086603123,22,24,24,25,0,0,0,0
1770256963088560863,22,24,24,25,0,0,0,0
1770256963090454411,22,24,24,25,0,0,0,0
1770256963092748799,22,24,24,25,0,0,0,0
1770256963094379781,22,24,24,25,0,0,0,0
1770256963095738244,22,25,24,25,0,0,0,0
1770256963097841716,22,25,24,25,0,0,0,0
1770256963100296812,22,25,24,25,0,0,0,0
1770256963101748429,22,25,24,25,0,0,0,0
1770256963103836925,22,25,24,25,0,0,0,0
1770256963106594172,22,25,24,25,0,0,0,0
1770256963108529065,22,25,24,25,0,0,0,0
1770256963109772229,22,25,24,25,0,0,0,0
1770256963112390881,22,25,24,25,0,0,0,0
1770256963114116008,22,24,24,25,0,0,0,0
1770256963116238201,22,24,24,25,0,0,0,0
1770256963118754003,22,24,24,25,0,0,0,0
1770256963120362583,22,24,24,25,0,0,0,0
1770256963122531049,22,24,24,25,0,0,0,0
1770256963124463861,22,24,24,25,0,0,0,0
1770256963126592550,22,24,24,25,0,0,0,0
1770256963127790369,22,24,24,25,0,0,0,0
1770256963129863185,22,24,24,25,0,0,0,0
1770256963132646257,22,24,24,25,0,0,0,0
1770256963134524764,22,24,24,25,0,0,0,0
1770256963136596043,22,24,24,25,0,0,0,0
1770256963138593081,22,24,24,25,0,0,0,0
1770256963140270271,22,24,25,25,0,0,0,0
1770256963142083849,22,24,25,25,0,0,0,0
1770256963143818032,22,24,24,25,0,0,0,0
1770256963146221031,22,24,24,25,0,0,0,0
1770256963148194421,22,24,24,25,0,0,0,0
1770256963150492297,22,24,24,25,0,0,0,0
1770256963152603897,22,24,24,25,0,0,0,0
1770256963154734570,22,24,24,25,0,0,0,0
1770256963156698711,22,25,24,25,0,0,0,0
1770256963158692389,22,25,24,25,0,0,0,0
1770256963159918081,22,25,24,25,0,0,0,0
1770256963162538397,22,24,24,25,0,0,0,0
1770256963164602956,22,24,24,25,0,0,0,0
1770256963166520728,22,24,24,25,0,0,0,0
1770256963167797717,22,24,25,25,0,0,0,0
1770256963170332783,22,24,25,25,0,0,0,0
1770256963171776208,22,24,25,25,0,0,0,0
1770256963174040100,22,24,25,25,0,0,0,0
1770256963176266071,22,24,25,25,0,0,0,0
1770256963178548843,22,24,25,25,0,0,0,0
1770256963180456983,22,24,25,25,0,0,0,0
1770256963182506246,22,24,25,25,0,0,0,0
1770256963184307119,22,24,25,25,0,0,0,0
1770256963186431648,22,24,25,25,0,0,0,0
1770256963187713053,22,24,25,25,0,0,0,0
1770256963190453692,22,24,25,25,0,0,0,0
1770256963191694296,22,24,25,25,0,0,0,0
1770256963194318132,22,24,25,25,0,0,0,0
1770256963196279873,22,24,25,25,0,0,0,0
1770256963198231662,22,24,25,25,0,0,0,0
1770256963200707751,22,24,25,25,0,0,0,0
1770256963202657747,22,24,25,25,0,0,0,0
1770256963204438172,22,24,25,25,0,0,0,0
1770256963206437962,22,24,25,25,0,0,0,0
1770256963208451640,22,24,25,25,0,0,0,0
1770256963210451142,22,24,25,25,0,0,0,0
1770256963212258959,22,24,25,25,0,0,0,0
1770256963214256509,22,24,25,25,0,0,0,0
1770256963216259659,22,24,25,25,0,0,0,0
1770256963218521150,22,24,25,25,0,0,0,0
1770256963220663823,22,24,25,25,0,0,0,0
1770256963222290517,22,24,25,25,0,0,0,0
1770256963224625162,22,24,25,25,0,0,0,0
1770256963226304273,22,24,25,25,0,0,0,0
1770256963228202460,22,24,25,25,0,0,0,0
1770256963230167049,22,24,25,25,0,0,0,0
1770256963232200632,22,24,25,25,0,0,0,0
1770256963234293639,22,24,25,25,0,0,0,0
1770256963236075632,22,24,25,25,0,0,0,0
1770256963238467783,22,24,25,25,0,0,0,0
1770256963240668953,22,24,25,25,0,0,0,0
1770256963242447586,22,25,25,25,0,0,0,0
1770256963244265580,22,25,25,25,0,0,0,0
1770256963246402717,22,25,25,25,0,0,0,0
1770256963248193350,22,24,25,25,0,0,0,0
1770256963250132530,22,24,25,25,0,0,0,0
1770256963251748791,22,24,25,25,0,0,0,0
1770256963253937257,22,24,25,25,0,0,0,0
1770256963256062426,22,24,25,25,0,0,0,0
1770256963258043879,22,24,25,25,0,0,0,0
1770256963260102582,22,24,25,25,0,0,0,0
1770256963262465644,22,24,25,25,0,0,0,0
1770256963264541276,22,24,25,25,0,0,0,0
1770256963266695213,22,24,25,25,0,0,0,0
1770256963267861704,22,24,25,25,0,0,0,0
1770256963270468708,22,24,25,25,0,0,0,0
1770256963272180267,22,24,25,25,0,0,0,0
1770256963274298907,22,24,25,25,0,0,0,0
1770256963276319914,22,24,25,25,0,0,0,0
1770256963278168436,22,24,25,25,0,0,0,0
1770256963280174914,22,24,25,25,0,0,0,0
1770256963282202928,22,24,25,25,0,0,0,0
1770256963284089851,22,24,25,25,0,0,0,0
1770256963285610910,22,24,25,25,0,0,0,0
1770256963288088535,22,24,25,25,0,0,0,0
1770256963290202567,22,24,25,25,0,0,0,0
1770256963291950607,22,24,25,25,0,0,0,0
1770256963294533194,22,24,25,25,0,0,0,0
1770256963296569465,22,24,25,25,0,0,0,0
1770256963298458244,22,24,25,25,0,0,0,0
1770256963300251053,22,24,25,25,0,0,0,0
1770256963302268860,22,24,25,25,0,0,0,0
1770256963304088069,22,24,25,25,0,0,0,0
1770256963305633833,22,24,25,25,0,0,0,0
1770256963308151938,22,24,25,25,0,0,0,0
1770256963309721830,22,24,25,25,0,0,0,0
1770256963312278593,22,24,25,25,0,0,0,0
1770256963314221613,22,24,25,25,0,0,0,0
1770256963315968341,22,24,25,25,0,0,0,0
1770256963317735678,22,24,25,25,0,0,0,0
1770256963319778572,22,24,25,25,0,0,0,0
1770256963322739888,22,24,25,25,0,0,0,0
1770256963323900427,22,24,25,25,0,0,0,0
1770256963326560712,22,24,25,25,0,0,0,0
1770256963328620919,22,24,25,25,0,0,0,0
1770256963330683814,22,24,25,25,0,0,0,0
1770256963332591282,22,24,25,25,0,0,0,0
1770256963334384955,22,24,25,25,0,0,0,0
1770256963335777499,22,24,25,25,0,0,0,0
1770256963338342133,22,24,25,25,0,0,0,0
1770256963340340899,22,24,25,25,0,0,0,0
1770256963341702722,22,24,25,25,0,0,0,0
1770256963344596613,22,24,25,25,0,0,0,0
1770256963346675732,22,24,25,25,0,0,0,0
1770256963348485982,22,24,25,25,0,0,0,0
1770256963350229189,22,24,25,25,0,0,0,0
1770256963352475065,22,24,25,25,0,0,0,0
1770256963354401637,22,24,25,25,0,0,0,0
1770256963356192654,22,24,25,25,0,0,0,0
1770256963358312671,22,24,25,25,0,0,0,0
1770256963359725983,22,24,25,25,0,0,0,0
1770256963362626881,22,24,25,25,0,0,0,0
1770256963364310600,22,24,25,25,0,0,0,0
1770256963366366647,22,24,25,25,0,0,0,0
1770256963368486567,22,24,25,25,0,0,0,0
1770256963370438516,22,24,25,25,0,0,0,0
1770256963372589605,22,24,25,25,0,0,0,0
1770256963374809944,22,24,25,25,0,0,0,0
1770256963376703716,22,24,25,25,0,0,0,0
1770256963378747602,22,24,25,25,0,0,0,0
1770256963379928685,22,24,25,25,0,0,0,0
1770256963382520809,22,24,25,25,0,0,0,0
1770256963384432724,22,24,25,25,0,0,0,0
1770256963386230686,22,24,25,25,0,0,0,0
1770256963388332302,22,24,25,25,0,0,0,0
1770256963390332892,22,24,25,25,0,0,0,0
1770256963392238855,22,24,25,25,0,0,0,0
1770256963394474394,22,24,25,25,0,0,0,0
1770256963396476968,22,24,25,25,0,0,0,0
1770256963398679387,22,24,25,25,0,0,0,0
1770256963399864662,22,24,25,25,0,0,0,0
1770256963402745336,22,24,25,25,0,0,0,0
1770256963404462815,22,24,25,25,0,0,0,0
1770256963405813534,22,24,25,25,0,0,0,0
1770256963407901870,22,24,25,25,0,0,0,0
1770256963409894459,22,24,25,25,0,0,0,0
1770256963412582073,22,24,25,25,0,0,0,0
1770256963413888759,22,24,25,25,0,0,0,0
1770256963416418545,22,24,25,25,0,0,0,0
1770256963418521665,22,24,25,25,0,0,0,0
1770256963420625489,22,24,25,25,0,0,0,0
1770256963422461147,22,24,25,25,0,0,0,0
1770256963424547051,22,24,25,25,0,0,0,0
1770256963425722310,22,24,25,25,0,0,0,0
1770256963427922840,22,24,25,25,0,0,0,0
1770256963429765922,22,24,25,25,0,0,0,0
1770256963432962923,22,24,25,25,0,0,0,0
1770256963434952025,22,24,25,25,0,0,0,0
1770256963436764482,22,24,25,25,0,0,0,0
1770256963439147801,22,24,25,25,0,0,0,0
1770256963441613073,22,24,25,25,0,0,0,0
1770256963442485477,22,24,25,25,0,0,0,0
1770256963444163532,22,24,25,25,0,0,0,0
1770256963445821682,22,24,25,25,0,0,0,0
1770256963448276938,22,24,25,25,0,0,0,0
1770256963449834382,22,24,25,25,0,0,0,0
1770256963451835899,22,24,25,25,0,0,0,0
1770256963454486520,22,24,25,25,0,0,0,0
1770256963455780214,22,24,25,25,0,0,0,0
1770256963458383633,22,24,25,25,0,0,0,0
1770256963460353310,22,24,25,25,0,0,0,0
1770256963462772406,22,24,25,25,0,0,0,0
1770256963464650337,22,24,25,25,0,0,0,0
1770256963466755825,22,24,25,25,0,0,0,0
1770256963467953804,22,24,25,25,0,0,0,0
1770256963470469734,22,24,25,25,0,0,0,0
1770256963472434707,22,24,25,25,0,0,0,0
1770256963474407456,22,24,25,25,0,0,0,0
1770256963475814400,22,24,25,25,0,0,0,0
1770256963477780141,22,24,25,25,0,0,0,0
1770256963479778779,22,24,25,25,0,0,0,0
1770256963482234227,22,24,25,25,0,0,0,0
1770256963483795671,22,24,25,25,0,0,0,0
1770256963485767332,22,23,25,25,0,0,0,0
1770256963487760370,21,23,25,25,0,0,0,0
1770256963489812833,21,23,25,25,0,0,0,0
1770256963491829647,20,21,25,25,0,0,0,0
1770256963494433387,20,21,25,25,0,0,0,0
1770256963496718975,20,21,25,25,0,0,0,0
1770256963498464071,20,21,24,25,0,0,0,0
1770256963500796188,20,21,24,25,0,0,0,0
1770256963502459842,20,21,24,24,0,0,0,0
1770256963504384974,20,21,24,24,0,0,0,0
1770256963505760910,20,21,24,24,0,0,0,0
1770256963508417771,20,21,24,24,0,0,0,0
1770256963509800778,20,21,23,24,0,0,0,0
1770256963511857465,20,21,23,24,0,0,0,0
1770256963514968385,20,21,23,23,0,0,0,0
1770256963516951630,20,22,23,23,0,0,0,0
1770256963518950236,20,22,23,23,0,0,0,0
1770256963520966602,20,22,23,23,0,0,0,0
1770256963522981112,20,22,23,23,0,0,0,0
1770256963524292534,20,22,23,23,0,0,0,0
1770256963525721783,20,22,23,22,0,0,0,0
1770256963527793222,21,21,22,22,0,0,0,0
1770256963529773748,21,21,22,22,0,0,0,0
1770256963531732896,21,21,22,22,0,0,0,0
1770256963534560737,21,21,22,22,0,0,0,0
1770256963535902400,21,21,22,22,0,0,0,0
1770256963538574173,21,21,22,22,0,0,0,0
1770256963540546058,21,22,22,22,0,0,0,0
1770256963542415125,21,22,22,22,0,0,0,0
1770256963544377602,21,22,22,22,0,0,0,0
1770256963545759393,21,22,22,22,0,0,0,0
1770256963547795024,21,22,22,22,0,0,0,0
1770256963549792254,21,22,22,22,0,0,0,0
1770256963551752171,21,22,22,22,0,0,0,0
1770256963554070816,21,22,22,22,0,0,0,0
1770256963555981131,21,22,22,21,0,0,0,0
1770256963558604232,21,22,22,21,0,0,0,0
1770256963560056841,21,22,22,21,0,0,0,0
1770256963561730255,21,22,22,21,0,0,0,0
1770256963564550672,21,22,22,21,0,0,0,0
1770256963566546461,21,22,22,21,0,0,0,0
1770256963568512426,21,22,22,21,0,0,0,0
1770256963570655195,21,22,22,21,0,0,0,0
1770256963572682026,21,22,22,21,0,0,0,0
1770256963573778275,21,22,22,21,0,0,0,0
1770256963575797329,21,22,22,21,0,0,0,0
1770256963577792287,21,22,22,21,0,0,0,0
1770256963580284984,21,22,22,21,0,0,0,0
1770256963582109058,21,22,22,21,0,0,0,0
1770256963583785096,21,22,21,21,0,0,0,0
1770256963586608073,21,22,21,21,0,0,0,0
1770256963588663736,21,22,21,21,0,0,0,0
1770256963590491233,21,22,21,21,0,0,0,0
1770256963592581201,21,22,21,21,0,0,0,0
1770256963594485885,21,22,21,21,0,0,0,0
1770256963596244805,21,22,21,21,0,0,0,0
1770256963597669670,21,22,21,21,0,0,0,0
1770256963600400676,21,22,21,21,0,0,0,0
1770256963601766692,21,22,21,21,0,0,0,0
1770256963604449057,21,22,21,21,0,0,0,0
1770256963606640371,21,22,21,21,0,0,0,0
1770256963608266584,21,22,21,21,0,0,0,0
1770256963609774331,21,22,21,21,0,0,0,0
1770256963611775785,21,22,21,21,0,0,0,0
1770256963614397701,21,22,21,21,0,0,0,0
1770256963616277104,21,22,21,21,0,0,0,0
1770256963617811187,21,22,21,21,0,0,0,0
1770256963619771936,21,22,21,21,0,0,0,0
1770256963621572201,21,22,21,21,0,0,0,0
1770256963623748667,21,22,21,21,0,0,0,0
1770256963625740968,21,22,21,21,0,0,0,0
1770256963627780791,21,22,21,21,0,0,0,0
1770256963630557399,21,22,21,21,0,0,0,0
1770256963632469570,21,22,21,21,0,0,0,0
1770256963634738262,21,22,21,21,0,0,0,0
1770256963635923474,21,22,21,21,0,0,0,0
1770256963638440171,21,22,21,21,0,0,0,0
1770256963639920909,21,22,21,21,0,0,0,0
1770256963641771831,21,22,21,21,0,0,0,0
1770256963643832263,21,22,21,21,0,0,0,0
1770256963646216029,21,22,21,21,0,0,0,0
1770256963647706079,21,22,21,21,0,0,0,0
1770256963650632450,21,22,21,21,0,0,0,0
1770256963651882527,21,22,21,21,0,0,0,0
1770256963654544924,21,22,21,21,0,0,0,0
1770256963656368070,21,22,21,21,0,0,0,0
1770256963658493590,21,22,21,21,0,0,0,0
1770256963660172509,21,22,21,21,0,0,0,0
1770256963662235372,21,22,21,21,0,0,0,0
1770256963664248794,21,22,21,21,0,0,0,0
1770256963665727452,21,22,21,21,0,0,0,0
1770256963667798539,21,22,21,21,0,0,0,0
1770256963670533386,21,22,21,21,0,0,0,0
1770256963672611801,21,22,21,21,0,0,0,0
1770256963674633896,21,22,21,21,0,0,0,0
1770256963675889860,21,22,21,21,0,0,0,0
1770256963678562978,21,22,21,21,0,0,0,0
1770256963680222408,21,22,21,21,0,0,0,0
1770256963682446362,21,22,21,21,0,0,0,0
1770256963684513034,21,22,21,21,0,0,0,0
1770256963686677499,21,22,21,21,0,0,0,0
1770256963688208190,21,22,21,21,0,0,0,0
1770256963690582229,21,22,21,21,0,0,0,0
1770256963692240315,21,22,21,21,0,0,0,0
1770256963694332107,21,22,21,21,0,0,0,0
1770256963696177173,21,22,21,21,0,0,0,0
1770256963698228260,21,22,21,21,0,0,0,0
1770256963700278931,21,22,21,21,0,0,0,0
1770256963702647561,21,22,21,21,0,0,0,0
1770256963704521140,21,22,21,21,0,0,0,0
1770256963705784785,21,22,21,21,0,0,0,0
1770256963708237865,21,22,21,21,0,0,0,0
1770256963710688321,21,22,21,21,0,0,0,0
1770256963711817243,21,22,21,21,0,0,0,0
1770256963714601979,21,22,21,21,0,0,0,0
1770256963716592360,21,22,21,21,0,0,0,0
1770256963718325072,21,22,21,21,0,0,0,0
1770256963720636037,21,22,21,21,0,0,0,0
1770256963721727838,21,22,21,21,0,0,0,0
1770256963723724523,21,22,21,21,0,0,0,0
1770256963726374632,21,22,21,21,0,0,0,0
1770256963727793225,21,22,21,21,0,0,0,0
1770256963729756566,21,22,21,21,0,0,0,0
1770256963732615607,20,22,21,21,0,0,0,0
1770256963734613157,20,22,21,21,0,0,0,0
1770256963736289035,20,22,21,21,0,0,0,0
1770256963738529758,20,22,21,21,0,0,0,0
1770256963740498891,20,22,21,21,0,0,0,0
1770256963742099472,20,22,21,21,0,0,0,0
1770256963744177664,20,22,21,21,0,0,0,0
1770256963746278640,20,22,21,21,0,0,0,0
1770256963747757074,20,22,21,20,0,0,0,0
1770256963750325132,20,22,21,20,0,0,0,0
1770256963752458365,20,22,21,20,0,0,0,0
1770256963754501996,20,22,21,20,0,0,0,0
1770256963756440216,20,22,21,20,0,0,0,0
1770256963758715756,20,22,21,20,0,0,0,0
1770256963760442676,20,22,21,20,0,0,0,0
1770256963762206396,20,22,21,20,0,0,0,0
1770256963764408047,20,22,21,20,0,0,0,0
1770256963766238809,20,22,21,20,0,0,0,0
1770256963767790588,20,22,21,20,0,0,0,0
1770256963769869868,20,22,21,20,0,0,0,0
1770256963772338500,20,22,21,20,0,0,0,0
1770256963773745669,20,22,21,20,0,0,0,0
1770256963775820340,20,22,21,20,0,0,0,0
1770256963777759104,20,22,21,20,0,0,0,0
1770256963780117334,20,22,21,20,0,0,0,0
1770256963781590456,20,22,21,20,0,0,0,0
1770256963784569980,20,22,21,20,0,0,0,0
1770256963786549514,20,22,21,20,0,0,0,0
1770256963788582936,20,22,21,20,0,0,0,0
1770256963790328768,20,22,21,20,0,0,0,0
1770256963792521106,20,22,21,20,0,0,0,0
1770256963794289755,20,22,21,20,0,0,0,0
1770256963795760700,20,22,21,20,0,0,0,0
1770256963797731210,20,22,21,20,0,0,0,0
1770256963799737944,20,22,21,20,0,0,0,0
1770256963801729893,20,22,21,20,0,0,0,0
1770256963804897422,20,22,21,20,0,0,0,0
1770256963807126721,20,22,21,20,0,0,0,0
1770256963808886569,20,22,21,20,0,0,0,0
1770256963810903703,20,22,21,20,0,0,0,0
1770256963812712097,20,22,21,20,0,0,0,0
1770256963813854171,20,22,21,20,0,0,0,0
1770256963815844072,20,22,21,20,0,0,0,0
1770256963817939128,20,21,21,20,0,0,0,0
1770256963820492307,20,21,21,20,0,0,0,0
1770256963821769104,20,21,21,20,0,0,0,0
1770256963824701203,20,21,21,20,0,0,0,0
1770256963825981968,20,21,21,20,0,0,0,0
1770256963828616237,20,21,21,20,0,0,0,0
1770256963829883018,20,21,21,20,0,0,0,0
1770256963831921304,20,21,21,20,0,0,0,0
1770256963833767747,20,21,21,20,0,0,0,0
1770256963835910644,20,21,21,20,0,0,0,0
1770256963838416429,20,21,21,20,0,0,0,0
1770256963839785740,20,21,21,20,0,0,0,0
1770256963841796442,20,21,21,20,0,0,0,0
1770256963844663260,20,21,21,20,0,0,0,0
1770256963845851095,20,21,21,20,0,0,0,0
1770256963847906854,20,21,21,20,0,0,0,0
1770256963850653701,20,21,21,20,0,0,0,0
1770256963852545456,20,21,21,20,0,0,0,0
1770256963853661866,20,21,21,20,0,0,0,0
1770256963856348487,20,21,21,20,0,0,0,0
1770256963858611227,20,21,21,20,0,0,0,0
1770256963860470022,20,21,21,20,0,0,0,0
1770256963862381490,20,21,21,20,0,0,0,0
1770256963864512642,20,21,20,20,0,0,0,0
1770256963865776927,20,21,20,20,0,0,0,0
1770256963868654369,20,21,20,20,0,0,0,0
1770256963870490955,20,21,20,20,0,0,0,0
1770256963871754408,20,21,20,20,0,0,0,0
1770256963874783469,20,21,20,20,0,0,0,0
1770256963875936744,20,21,20,20,0,0,0,0
1770256963877715345,20,21,20,20,0,0,0,0
1770256963879948804,20,21,20,20,0,0,0,0
1770256963882196855,20,21,20,20,0,0,0,0
1770256963883754907,20,21,20,20,0,0,0,0
1770256963886300309,20,21,20,20,0,0,0,0
1770256963888746701,20,21,20,20,0,0,0,0
1770256963890353234,20,21,20,20,0,0,0,0
1770256963892459906,20,21,20,20,0,0,0,0
1770256963894462480,20,21,20,20,0,0,0,0
1770256963895745197,20,21,20,20,0,0,0,0
1770256963898352105,20,21,20,20,0,0,0,0
1770256963899807146,20,21,20,20,0,0,0,0
1770256963902397990,20,21,20,20,0,0,0,0
1770256963903768805,20,21,20,20,0,0,0,0
1770256963905836596,20,21,20,20,0,0,0,0
1770256963909044894,20,21,20,20,0,0,0,0
1770256963909773934,20,21,20,20,0,0,0,0
1770256963912573327,20,21,20,20,0,0,0,0
1770256963914340919,20,21,20,20,0,0,0,0
1770256963915799672,20,21,20,20,0,0,0,0
1770256963917780422,20,21,20,20,0,0,0,0
1770256963919773427,20,21,20,20,0,0,0,0
1770256963921749601,20,21,20,20,0,0,0,0
1770256963923768495,20,21,20,20,0,0,0,0
1770256963926487885,20,21,20,20,0,0,0,0
1770256963928577469,20,21,20,20,0,0,0,0
1770256963930655212,19,21,20,20,0,0,0,0
1770256963932712252,19,21,20,20,0,0,0,0
1770256963933954072,19,21,20,20,0,0,0,0
1770256963935796290,19,21,20,20,0,0,0,0
1770256963937740175,19,21,20,20,0,0,0,0
1770256963939739452,19,21,20,20,0,0,0,0
1770256963942164308,20,21,20,20,0,0,0,0
1770256963943727832,20,21,20,20,0,0,0,0
1770256963946223089,20,21,20,20,0,0,0,0
1770256963947725203,19,21,20,20,0,0,0,0
1770256963949626463,19,21,20,20,0,0,0,0
1770256963952159257,19,21,20,20,0,0,0,0
1770256963953740829,19,21,20,20,0,0,0,0
1770256963955706474,19,21,20,20,0,0,0,0
1770256963958620397,19,21,20,20,0,0,0,0
1770256963960935970,19,21,20,20,0,0,0,0
1770256963962838189,19,21,20,20,0,0,0,0
1770256963964600054,19,21,20,20,0,0,0,0
1770256963966441056,19,21,20,20,0,0,0,0
1770256963967968003,19,21,20,20,0,0,0,0
1770256963970329817,19,21,20,20,0,0,0,0
1770256963972172483,19,21,20,20,0,0,0,0
1770256963973698566,19,21,20,20,0,0,0,0
1770256963976458821,19,21,20,20,0,0,0,0
1770256963978612246,19,21,20,20,0,0,0,0
1770256963980603844,19,21,20,20,0,0,0,0
1770256963982700244,19,21,20,20,0,0,0,0
1770256963984381530,19,21,20,20,0,0,0,0
1770256963985672760,19,21,20,20,0,0,0,0
1770256963988672989,19,21,20,20,0,0,0,0
1770256963990569000,19,21,20,20,0,0,0,0
1770256963992264367,19,21,20,20,0,0,0,0
1770256963994322526,19,21,20,20,0,0,0,0
1770256963996413422,19,21,20,20,0,0,0,0
1770256963997743276,19,21,20,20,0,0,0,0
1770256963999668184,19,21,20,20,0,0,0,0
1770256964001848586,19,21,20,20,0,0,0,0
1770256964003674708,19,21,20,20,0,0,0,0
1770256964006076235,19,21,20,20,0,0,0,0
1770256964007690416,19,21,20,20,0,0,0,0
1770256964010668244,19,21,20,20,0,0,0,0
1770256964012490782,19,21,20,20,0,0,0,0
1770256964014573165,19,21,20,20,0,0,0,0
1770256964016543259,19,21,20,20,0,0,0,0
1770256964018545960,19,21,20,20,0,0,0,0
1770256964019760900,19,21,20,20,0,0,0,0
1770256964021734033,19,21,20,20,0,0,0,0
1770256964024280556,19,21,20,20,0,0,0,0
1770256964025724589,19,21,20,20,0,0,0,0
1770256964028161669,19,21,20,20,0,0,0,0
1770256964030535611,19,21,20,20,0,0,0,0
1770256964032325028,19,21,20,20,0,0,0,0
1770256964034539639,19,21,20,20,0,0,0,0
1770256964036325919,19,21,20,20,0,0,0,0
1770256964038536210,19,21,20,20,0,0,0,0
1770256964040466942,19,21,20,20,0,0,0,0
1770256964042836436,19,21,20,20,0,0,0,0
1770256964044477466,19,21,20,20,0,0,0,0
1770256964046811759,19,21,20,20,0,0,0,0
1770256964047971242,19,21,20,20,0,0,0,0
1770256964050313408,19,21,20,20,0,0,0,0
1770256964052116649,19,21,20,20,0,0,0,0
1770256964053799183,19,21,20,20,0,0,0,0
1770256964056475309,19,21,20,20,0,0,0,0
1770256964058133139,19,21,20,20,0,0,0,0
1770256964060139105,19,21,20,20,0,0,0,0
1770256964062736540,19,21,20,20,0,0,0,0
1770256964064638184,19,21,20,20,0,0,0,0
1770256964066455857,19,21,20,20,0,0,0,0
1770256964067751631,19,21,20,20,0,0,0,0
1770256964070459917,19,21,20,20,0,0,0,0
1770256964071823980,19,21,20,20,0,0,0,0
1770256964074439624,19,21,20,20,0,0,0,0
1770256964076133167,19,21,20,20,0,0,0,0
1770256964078656424,19,21,20,20,0,0,0,0
1770256964080469138,19,21,20,20,0,0,0,0
1770256964082629987,19,21,20,20,0,0,0,0
1770256964084522351,19,21,20,20,0,0,0,0
1770256964086701729,19,21,20,20,0,0,0,0
1770256964087713080,19,21,20,20,0,0,0,0
1770256964090332596,19,21,20,20,0,0,0,0
1770256964092184254,19,21,20,20,0,0,0,0
1770256964093766690,19,21,20,20,0,0,0,0
1770256964095791889,19,21,20,20,0,0,0,0
1770256964098270217,19,21,20,20,0,0,0,0
1770256964100544478,19,21,20,20,0,0,0,0
1770256964102496330,19,21,20,20,0,0,0,0
1770256964104577082,19,21,20,20,0,0,0,0
1770256964106496006,19,21,20,20,0,0,0,0
1770256964108557365,19,21,20,20,0,0,0,0
1770256964110593764,19,21,20,20,0,0,0,0
1770256964111748350,19,21,20,20,0,0,0,0
1770256964114602591,19,21,20,20,0,0,0,0
1770256964116459946,19,21,20,20,0,0,0,0
1770256964118344373,19,21,20,20,0,0,0,0
1770256964119740597,19,21,20,20,0,0,0,0
1770256964121728002,19,21,20,20,0,0,0,0
1770256964123734224,19,21,20,20,0,0,0,0
1770256964125712446,19,21,20,20,0,0,0,0
1770256964128644321,19,21,20,20,0,0,0,0
1770256964130547180,19,21,20,20,0,0,0,0
1770256964132513305,19,21,20,20,0,0,0,0
1770256964134511847,19,21,20,20,0,0,0,0
1770256964136369074,19,21,20,20,0,0,0,0
1770256964138201148,19,21,20,20,0,0,0,0
1770256964139714174,19,21,20,20,0,0,0,0
1770256964141734956,19,21,20,20,0,0,0,0
1770256964144214437,19,21,20,20,0,0,0,0
1770256964146152242,19,21,20,20,0,0,0,0
1770256964148491143,19,21,20,20,0,0,0,0
1770256964150512245,19,21,20,20,0,0,0,0
1770256964152664615,19,21,20,20,0,0,0,0
1770256964154414223,19,21,20,20,0,0,0,0
1770256964156487038,19,21,20,20,0,0,0,0
1770256964157721946,19,21,20,20,0,0,0,0
1770256964159738697,19,21,20,20,0,0,0,0
1770256964161710262,19,21,20,20,0,0,0,0
1770256964164268880,19,21,20,20,0,0,0,0
1770256964165741042,19,21,20,20,0,0,0,0
1770256964168371086,19,21,20,20,0,0,0,0
1770256964170510143,19,21,20,20,0,0,0,0
1770256964172522573,19,21,20,20,0,0,0,0
1770256964174525851,19,21,20,20,0,0,0,0
1770256964176279267,19,21,20,20,0,0,0,0
1770256964177738533,19,21,20,20,0,0,0,0
1770256964179799924,19,21,20,20,0,0,0,0
1770256964181792609,19,21,20,20,0,0,0,0
1770256964184363900,19,21,20,20,0,0,0,0
1770256964185799709,19,21,20,20,0,0,0,0
1770256964187785739,19,21,20,20,0,0,0,0
1770256964190578571,19,21,20,20,0,0,0,0
1770256964192487286,19,21,20,20,0,0,0,0
1770256964193783572,19,21,20,20,0,0,0,0
1770256964195777986,19,21,20,20,0,0,0,0
1770256964198092727,19,21,20,20,0,0,0,0
1770256964199759805,19,21,20,20,0,0,0,0
1770256964202239477,19,21,20,20,0,0,0,0
1770256964204571403,19,21,20,20,0,0,0,0
1770256964206587385,19,21,20,20,0,0,0,0
1770256964208476324,19,21,20,20,0,0,0,0
1770256964210656118,19,21,20,20,0,0,0,0
1770256964212422847,19,21,20,20,0,0,0,0
1770256964214695603,19,21,20,20,0,0,0,0
1770256964216580670,19,21,20,20,0,0,0,0
1770256964218546059,19,21,20,20,0,0,0,0
1770256964219981804,19,21,20,20,0,0,0,0
1770256964221847894,19,21,20,20,0,0,0,0
1770256964224320879,19,21,20,20,0,0,0,0
1770256964226274524,19,21,20,20,0,0,0,0
1770256964227793726,19,21,20,20,0,0,0,0
1770256964229866126,19,21,20,20,0,0,0,0
1770256964231879772,19,21,20,20,0,0,0,0
1770256964233856521,19,21,20,20,0,0,0,0
1770256964236388707,19,21,20,20,0,0,0,0
1770256964237930823,19,21,20,20,0,0,0,0
1770256964241592666,19,21,20,20,0,0,0,0
1770256964242909144,19,21,20,20,0,0,0,0
1770256964243784461,19,21,20,20,0,0,0,0
1770256964245618519,19,21,20,20,0,0,0,0
1770256964247798568,19,21,20,20,0,0,0,0
1770256964249602002,19,21,20,20,0,0,0,0
1770256964251819300,19,21,20,20,0,0,0,0
1770256964254468001,19,21,20,20,0,0,0,0
1770256964256617810,19,21,20,20,0,0,0,0
1770256964258504926,19,21,20,20,0,0,0,0
1770256964259854524,19,21,20,20,0,0,0,0
1770256964261763240,19,21,20,20,0,0,0,0
1770256964264317539,19,21,20,20,0,0,0,0
1770256964265790116,19,21,20,20,0,0,0,0
1770256964268383552,19,21,20,20,0,0,0,0
1770256964269701022,19,21,20,20,0,0,0,0
1770256964271894704,19,21,20,20,0,0,0,0
1770256964274577421,19,21,20,20,0,0,0,0
1770256964275823562,19,21,20,20,0,0,0,0
1770256964277813272,19,21,20,20,0,0,0,0
1770256964279799685,19,21,20,20,0,0,0,0
1770256964282513027,19,21,20,20,0,0,0,0
1770256964284376494,19,21,20,20,0,0,0,0
1770256964286344091,19,21,20,20,0,0,0,0
1770256964288605999,19,21,20,20,0,0,0,0
1770256964290613213,19,21,20,20,0,0,0,0
1770256964292368421,19,21,20,20,0,0,0,0
1770256964293797893,19,21,20,20,0,0,0,0
1770256964296315775,19,21,20,20,0,0,0,0
1770256964297842274,19,21,20,20,0,0,0,0
1770256964299711981,19,21,20,20,0,0,0,0
1770256964302696945,19,21,20,20,0,0,0,0
1770256964304617597,19,21,20,20,0,0,0,0
1770256964305680501,19,21,20,20,0,0,0,0
1770256964308235088,19,21,20,20,0,0,0,0
1770256964309664913,19,21,20,20,0,0,0,0
1770256964311721376,19,21,20,20,0,0,0,0
1770256964313839216,19,21,20,20,0,0,0,0
1770256964315917920,19,21,20,20,0,0,0,0
1770256964318651422,19,21,20,20,0,0,0,0
1770256964320552842,19,21,20,20,0,0,0,0
1770256964321889480,19,21,20,20,0,0,0,0
1770256964324614151,19,21,20,20,0,0,0,0
1770256964326330734,19,21,20,20,0,0,0,0
1770256964328114839,19,21,20,20,0,0,0,0
1770256964329644506,19,21,20,20,0,0,0,0
1770256964332386969,19,21,20,20,0,0,0,0
1770256964334506441,19,21,20,20,0,0,0,0
1770256964335835880,19,21,20,20,0,0,0,0
1770256964338847021,19,21,20,20,0,0,0,0
1770256964340569684,19,21,20,20,0,0,0,0
1770256964342728262,19,21,20,20,0,0,0,0
1770256964343962914,19,20,20,20,0,0,0,0
1770256964345744555,19,20,20,20,0,0,0,0
1770256964347859547,19,20,20,20,0,0,0,0
1770256964349845000,19,21,20,20,0,0,0,0
1770256964351822326,19,21,20,20,0,0,0,0
1770256964354241805,19,21,20,20,0,0,0,0
1770256964355796177,19,20,20,20,0,0,0,0
1770256964357749661,19,20,20,20,0,0,0,0
1770256964360347481,19,20,20,20,0,0,0,0
1770256964362538091,19,20,20,20,0,0,0,0
1770256964364560345,19,20,20,20,0,0,0,0
1770256964366436708,19,20,20,20,0,0,0,0
1770256964368703576,19,20,20,20,0,0,0,0
1770256964369850482,19,20,20,20,0,0,0,0
1770256964372705652,19,20,20,20,0,0,0,0
1770256964373966257,19,20,20,20,0,0,0,0
1770256964376419529,19,20,20,20,0,0,0,0
1770256964378513785,19,20,20,20,0,0,0,0
1770256964379999131,19,20,20,20,0,0,0,0
1770256964381692161,19,20,20,20,0,0,0,0
1770256964384410976,19,20,20,20,0,0,0,0
1770256964386173384,19,20,20,20,0,0,0,0
1770256964387760140,19,20,20,20,0,0,0,0
1770256964389761786,19,20,20,20,0,0,0,0
1770256964392568634,19,20,20,20,0,0,0,0
1770256964394372516,19,20,20,20,0,0,0,0
1770256964396133196,19,20,20,20,0,0,0,0
1770256964397767857,19,20,20,20,0,0,0,0
1770256964399814784,19,20,20,20,0,0,0,0
1770256964401815438,19,20,20,20,0,0,0,0
1770256964404543501,19,20,20,20,0,0,0,0
1770256964406591483,19,20,20,20,0,0,0,0
1770256964407891929,19,20,20,20,0,0,0,0
1770256964410797084,19,20,20,20,0,0,0,0
1770256964411751218,19,20,20,20,0,0,0,0
1770256964413887875,19,20,20,20,0,0,0,0
1770256964415980434,19,20,20,20,0,0,0,0
1770256964417757499,19,20,20,20,0,0,0,0
1770256964420581116,19,20,20,20,0,0,0,0
1770256964421934363,19,20,20,20,0,0,0,0
1770256964424494261,19,20,20,20,0,0,0,0
1770256964426698920,19,20,20,20,0,0,0,0
1770256964427942052,19,20,20,20,0,0,0,0
1770256964429888945,19,20,20,20,0,0,0,0
1770256964432433643,19,20,20,20,0,0,0,0
1770256964433789738,19,20,20,20,0,0,0,0
1770256964435654421,19,20,20,20,0,0,0,0
1770256964437797094,19,20,20,20,0,0,0,0
1770256964440561701,19,20,20,20,0,0,0,0
1770256964443008285,19,20,20,20,0,0,0,0
1770256964444286170,19,20,20,20,0,0,0,0
1770256964446361706,19,20,20,20,0,0,0,0
1770256964448153171,19,20,20,20,0,0,0,0
1770256964449797081,19,20,20,20,0,0,0,0
1770256964452285841,19,20,20,20,0,0,0,0
1770256964453795316,19,20,20,20,0,0,0,0
1770256964456534611,19,20,20,20,0,0,0,0
1770256964458585122,19,20,20,20,0,0,0,0
1770256964459818494,19,20,20,20,0,0,0,0
1770256964462583005,19,20,20,20,0,0,0,0
1770256964464371878,19,20,20,20,0,0,0,0
1770256964465720229,19,20,20,20,0,0,0,0
1770256964468001177,19,20,20,20,0,0,0,0
1770256964469896133,19,20,20,20,0,0,0,0
1770256964472712549,19,20,20,20,0,0,0,0
1770256964474505806,19,20,20,20,0,0,0,0
1770256964475995312,19,20,20,20,0,0,0,0
1770256964478369927,19,20,20,20,0,0,0,0
1770256964479901130,19,20,20,20,0,0,0,0
1770256964481853046,19,20,20,20,0,0,0,0
1770256964484455122,19,20,20,20,0,0,0,0
1770256964486250811,19,20,20,20,0,0,0,0
1770256964488482318,19,20,20,20,0,0,0,0
1770256964490680160,19,20,20,20,0,0,0,0
1770256964492896723,19,20,20,20,0,0,0,0
1770256964494363861,19,20,20,20,0,0,0,0
1770256964495824470,19,20,20,20,0,0,0,0
1770256964498418770,19,20,20,20,0,0,0,0
1770256964499858611,19,20,20,20,0,0,0,0
1770256964502227049,19,20,20,20,0,0,0,0
1770256964504585503,19,20,20,20,0,0,0,0
1770256964505841211,19,20,20,20,0,0,0,0
1770256964508462199,19,20,20,20,0,0,0,0
1770256964510205311,19,20,20,20,0,0,0,0
1770256964511671073,19,20,20,20,0,0,0,0
1770256964513781553,19,20,20,20,0,0,0,0
1770256964516162184,19,20,20,20,0,0,0,0
1770256964518604000,19,20,20,20,0,0,0,0
1770256964519823004,19,20,20,20,0,0,0,0
1770256964521847530,19,20,20,20,0,0,0,0
1770256964523781174,19,20,20,20,0,0,0,0
1770256964526714585,19,20,20,20,0,0,0,0
1770256964528022231,19,20,20,20,0,0,0,0
1770256964530045350,19,20,20,20,0,0,0,0
1770256964532009139,19,20,20,20,0,0,0,0
1770256964533965919,19,20,20,20,0,0,0,0
1770256964535670918,19,20,20,20,0,0,0,0
1770256964537717333,19,20,20,20,0,0,0,0
1770256964540358066,19,20,20,20,0,0,0,0
1770256964543366390,19,20,20,20,0,0,0,0
1770256964544709781,19,20,20,20,0,0,0,0
1770256964546455805,19,20,20,20,0,0,0,0
1770256964548381385,19,20,20,20,0,0,0,0
1770256964550138098,19,20,20,20,0,0,0,0
1770256964551961403,19,20,20,20,0,0,0,0
1770256964553964233,19,20,20,20,0,0,0,0
1770256964555777779,19,20,20,20,0,0,0,0
1770256964557841218,19,20,20,20,0,0,0,0
1770256964560103798,19,20,20,20,0,0,0,0
1770256964561938848,19,20,20,20,0,0,0,0
1770256964564053488,19,20,20,20,0,0,0,0
1770256964566037789,19,20,20,20,0,0,0,0
1770256964568073068,19,20,20,20,0,0,0,0
1770256964569830036,19,20,20,20,0,0,0,0
1770256964572039399,19,20,20,20,0,0,0,0
1770256964574104630,19,20,20,20,0,0,0,0
1770256964576006338,19,20,20,20,0,0,0,0
1770256964578186548,19,20,20,20,0,0,0,0
1770256964580099359,19,20,20,20,0,0,0,0
1770256964582159183,19,20,20,20,0,0,0,0
1770256964584071994,19,20,20,20,0,0,0,0
1770256964585968070,19,20,20,20,0,0,0,0
1770256964587808304,19,20,20,20,0,0,0,0
1770256964589689115,19,20,20,20,0,0,0,0
1770256964591893293,19,20,20,20,0,0,0,0
1770256964594043327,19,20,20,20,0,0,0,0
1770256964595749542,19,20,20,20,0,0,0,0
1770256964598028730,19,20,20,20,0,0,0,0
1770256964600576852,19,20,20,20,0,0,0,0
1770256964602377949,19,20,20,20,0,0,0,0
1770256964604588432,19,20,20,20,0,0,0,0
1770256964606914117,19,20,20,20,0,0,0,0
1770256964608492137,19,20,20,20,0,0,0,0
1770256964609878665,19,20,20,20,0,0,0,0
1770256964611635121,19,20,20,20,0,0,0,0
1770256964613763138,19,20,20,20,0,0,0,0
1770256964615649453,19,20,20,20,0,0,0,0
1770256964617898817,19,20,20,20,0,0,0,0
1770256964619846285,19,20,20,20,0,0,0,0
1770256964622219684,19,20,20,20,0,0,0,0
1770256964624451415,19,20,20,20,0,0,0,0
1770256964625939545,19,20,20,20,0,0,0,0
1770256964627819812,19,20,20,20,0,0,0,0
1770256964630079095,19,20,20,20,0,0,0,0
1770256964631609979,19,20,20,20,0,0,0,0
1770256964633901679,19,20,20,20,0,0,0,0
1770256964635646519,19,20,20,20,0,0,0,0
1770256964637551875,19,20,20,20,0,0,0,0
1770256964639575121,19,20,20,20,0,0,0,0
1770256964641819012,19,20,20,20,0,0,0,0
1770256964643798706,19,20,20,20,0,0,0,0
1770256964645637564,19,20,20,20,0,0,0,0
1770256964648040787,19,20,20,20,0,0,0,0
1770256964650341479,19,20,20,20,0,0,0,0
1770256964651992493,19,20,20,20,0,0,0,0
1770256964654170975,19,20,20,20,0,0,0,0
1770256964656307344,19,20,20,20,0,0,0,0
1770256964657835091,19,20,20,20,0,0,0,0
1770256964659847745,19,20,20,20,0,0,0,0
1770256964662301465,19,20,20,20,0,0,0,0
1770256964663851613,19,20,20,20,0,0,0,0
1770256964666093904,19,20,20,20,0,0,0,0
1770256964668002396,19,20,20,20,0,0,0,0
1770256964670057451,19,20,20,20,0,0,0,0
1770256964671855828,19,20,20,20,0,0,0,0
1770256964674244843,19,20,20,20,0,0,0,0
1770256964675888464,19,20,20,20,0,0,0,0
1770256964677798556,19,20,20,20,0,0,0,0
1770256964679936205,19,20,20,20,0,0,0,0
1770256964681870233,19,20,20,20,0,0,0,0
1770256964683822758,19,20,20,20,0,0,0,0
1770256964685944118,19,20,20,20,0,0,0,0
1770256964687992005,19,20,20,20,0,0,0,0
1770256964689735021,19,20,20,20,0,0,0,0
1770256964691943776,19,20,20,20,0,0,0,0
1770256964694082673,19,20,20,20,0,0,0,0
1770256964695695062,19,20,20,20,0,0,0,0
1770256964697990442,19,20,20,20,0,0,0,0
1770256964699776179,19,20,20,20,0,0,0,0
1770256964701884195,19,20,20,20,0,0,0,0
1770256964704038485,19,20,20,20,0,0,0,0
1770256964705654458,19,20,20,20,0,0,0,0
1770256964707777482,19,20,20,20,0,0,0,0
1770256964709700854,19,20,20,20,0,0,0,0
1770256964711617154,19,20,20,20,0,0,0,0
1770256964713846645,19,20,20,20,0,0,0,0
1770256964716009351,19,19,20,20,0,0,0,0
1770256964718093462,19,19,20,20,0,0,0,0
1770256964720027171,19,19,20,20,0,0,0,0
1770256964722252950,19,19,20,20,0,0,0,0
1770256964724103360,19,19,20,20,0,0,0,0
1770256964725953738,19,19,20,20,0,0,0,0
1770256964727851510,19,19,20,20,0,0,0,0
1770256964730120362,19,19,20,20,0,0,0,0
1770256964732124119,19,19,20,20,0,0,0,0
1770256964733926561,19,19,20,20,0,0,0,0
1770256964735574566,19,19,20,20,0,0,0,0
1770256964738117281,19,19,20,20,0,0,0,0
1770256964739918378,19,19,20,20,0,0,0,0
1770256964741654578,19,19,20,20,0,0,0,0
1770256964743797699,19,19,20,20,0,0,0,0
1770256964745863634,19,19,20,20,0,0,0,0
1770256964747961666,19,19,20,20,0,0,0,0
1770256964750077938,19,19,20,20,0,0,0,0
1770256964752115713,19,19,20,20,0,0,0,0
1770256964754120975,19,19,20,20,0,0,0,0
1770256964755801942,19,19,20,20,0,0,0,0
1770256964757736034,19,19,20,20,0,0,0,0
1770256964759738384,19,19,20,20,0,0,0,0
1770256964761796255,19,19,20,20,0,0,0,0
1770256964763654313,19,19,20,20,0,0,0,0
1770256964765806555,19,19,20,20,0,0,0,0
1770256964767722694,19,19,20,20,0,0,0,0
1770256964769900344,19,19,20,20,0,0,0,0
1770256964771691841,19,19,20,20,0,0,0,0
1770256964774046711,19,19,20,20,0,0,0,0
1770256964776016388,19,19,20,20,0,0,0,0
1770256964778484317,19,19,20,20,0,0,0,0
1770256964780289702,19,19,20,20,0,0,0,0
1770256964782073679,19,19,20,20,0,0,0,0
1770256964784148606,19,19,20,20,0,0,0,0
1770256964785906599,19,19,20,20,0,0,0,0
1770256964787738097,19,19,20,20,0,0,0,0
1770256964789708798,19,19,20,20,0,0,0,0
1770256964791823822,19,19,20,20,0,0,0,0
1770256964793739962,19,19,20,20,0,0,0,0
1770256964795646086,19,19,20,20,0,0,0,0
1770256964798242945,19,19,20,20,0,0,0,0
1770256964800069707,19,19,20,20,0,0,0,0
1770256964802001367,19,19,20,20,0,0,0,0
1770256964803837665,19,19,20,20,0,0,0,0
1770256964805778350,19,19,20,20,0,0,0,0
1770256964807693113,19,19,20,20,0,0,0,0
1770256964809945709,19,19,20,20,0,0,0,0
1770256964811910586,19,19,20,20,0,0,0,0
1770256964813592128,19,19,20,20,0,0,0,0
1770256964815686576,19,19,20,20,0,0,0,0
1770256964818436559,19,19,20,20,0,0,0,0
1770256964820069237,19,19,20,20,0,0,0,0
1770256964821895167,19,19,20,20,0,0,0,0
1770256964824050256,19,19,20,20,0,0,0,0
1770256964825980188,19,19,20,20,0,0,0,0
1770256964827755813,19,19,20,20,0,0,0,0
1770256964829631344,19,19,20,20,0,0,0,0
1770256964831645790,19,19,20,20,0,0,0,0
1770256964833682412,19,19,20,20,0,0,0,0
1770256964835836382,19,19,20,20,0,0,0,0
1770256964838535355,19,19,20,20,0,0,0,0
1770256964840161889,19,19,20,20,0,0,0,0
1770256964842334930,19,19,20,20,0,0,0,0
1770256964844198173,19,19,20,20,0,0,0,0
1770256964846700342,19,19,20,20,0,0,0,0
1770256964847624491,19,19,20,20,0,0,0,0
1770256964849703675,19,19,20,20,0,0,0,0
1770256964851604455,19,19,20,20,0,0,0,0
1770256964853741144,19,19,20,20,0,0,0,0
1770256964855950986,19,19,20,20,0,0,0,0
1770256964858031802,19,19,20,20,0,0,0,0
1770256964860135658,19,19,20,20,0,0,0,0
1770256964861895026,19,19,20,20,0,0,0,0
1770256964863999714,19,19,20,20,0,0,0,0
1770256964866010768,19,19,20,20,0,0,0,0
1770256964867798617,19,19,20,20,0,0,0,0
1770256964869818248,19,19,20,20,0,0,0,0
1770256964872002266,19,19,20,20,0,0,0,0
1770256964873921989,19,19,20,20,0,0,0,0
1770256964876015221,19,19,20,20,0,0,0,0
1770256964877877376,19,19,20,20,0,0,0,0
1770256964879866062,19,19,20,19,0,0,0,0
1770256964881969758,19,19,20,19,0,0,0,0
1770256964883918218,19,19,20,19,0,0,0,0
1770256964885867063,19,19,20,20,0,0,0,0
1770256964888228397,19,19,20,20,0,0,0,0
1770256964890288508,19,19,20,20,0,0,0,0
1770256964892136102,19,19,20,19,0,0,0,0
1770256964893908751,19,19,20,19,0,0,0,0
1770256964896196451,19,19,20,19,0,0,0,0
1770256964897959820,19,19,20,19,0,0,0,0
1770256964899570385,19,19,20,19,0,0,0,0
1770256964901569502,19,19,20,19,0,0,0,0
1770256964903596301,19,19,20,19,0,0,0,0
1770256964905678908,19,19,20,19,0,0,0,0
1770256964907931472,19,19,20,19,0,0,0,0
1770256964909937054,19,19,20,19,0,0,0,0
1770256964912168529,19,19,20,19,0,0,0,0
1770256964914066844,19,19,20,19,0,0,0,0
1770256964915873766,19,19,20,19,0,0,0,0
1770256964917763921,19,19,20,19,0,0,0,0
1770256964919602107,19,19,20,19,0,0,0,0
1770256964921563912,19,19,20,19,0,0,0,0
1770256964923665016,19,19,20,19,0,0,0,0
1770256964925557636,19,19,20,19,0,0,0,0
1770256964927926266,19,19,20,19,0,0,0,0
1770256964929865478,19,19,20,19,0,0,0,0
1770256964931912533,19,19,20,19,0,0,0,0
1770256964933742559,19,19,20,19,0,0,0,0
1770256964935831663,19,19,20,19,0,0,0,0
1770256964937913918,19,19,20,19,0,0,0,0
1770256964939913708,19,19,20,19,0,0,0,0
1770256964942055677,19,19,20,19,0,0,0,0
1770256964943951689,19,19,20,19,0,0,0,0
1770256964946021400,19,19,20,19,0,0,0,0
1770256964947841698,19,19,20,19,0,0,0,0
1770256964949982643,19,19,20,19,0,0,0,0
1770256964951806620,19,19,20,19,0,0,0,0
1770256964953763529,19,19,20,19,0,0,0,0
1770256964955822744,19,19,20,19,0,0,0,0
1770256964957755589,19,19,20,19,0,0,0,0
1770256964960102330,19,19,20,19,0,0,0,0
1770256964961824514,19,19,20,19,0,0,0,0
1770256964963807759,19,19,20,19,0,0,0,0
1770256964965982753,19,19,20,19,0,0,0,0
1770256964967998735,19,19,20,19,0,0,0,0
1770256964970084959,19,19,20,19,0,0,0,0
1770256964972094157,19,19,20,19,0,0,0,0
1770256964974308128,19,19,20,19,0,0,0,0
1770256964976001574,19,19,20,20,0,0,0,0
1770256964978033557,19,19,20,20,0,0,0,0
1770256964979689339,19,19,20,20,0,0,0,0
1770256964981682664,19,19,20,19,0,0,0,0
1770256964983610068,19,19,20,19,0,0,0,0
1770256964985685988,19,19,20,19,0,0,0,0
1770256964987691794,19,19,20,19,0,0,0,0
1770256964990088553,19,19,20,19,0,0,0,0
1770256964992307132,19,19,20,19,0,0,0,0
1770256964994080452,19,19,20,19,0,0,0,0
1770256964996008336,19,19,20,19,0,0,0,0
1770256964997882235,19,19,20,19,0,0,0,0
1770256964999817319,19,19,20,19,0,0,0,0
1770256965001826133,19,19,20,19,0,0,0,0
1770256965003759746,19,19,20,19,0,0,0,0
1770256965005940020,19,19,20,19,0,0,0,0
1770256965007973314,19,19,20,19,0,0,0,0
1770256965009907758,19,19,20,19,0,0,0,0
1770256965011862939,19,19,20,19,0,0,0,0
1770256965014154704,19,19,20,19,0,0,0,0
1770256965015710643,19,19,20,19,0,0,0,0
1770256965017870213,19,19,20,19,0,0,0,0
1770256965019837106,19,19,20,19,0,0,0,0
1770256965021839712,19,19,20,19,0,0,0,0
1770256965024018961,19,19,20,19,0,0,0,0
1770256965025832059,19,19,20,19,0,0,0,0
1770256965027960204,19,19,20,19,0,0,0,0
1770256965030047195,19,19,20,19,0,0,0,0
1770256965031743970,19,19,20,19,0,0,0,0
1770256965033835634,19,19,20,19,0,0,0,0
1770256965035905762,19,19,20,19,0,0,0,0
1770256965037757388,19,19,20,19,0,0,0,0
1770256965040001023,19,19,20,19,0,0,0,0
1770256965041918187,19,19,20,19,0,0,0,0
1770256965043821463,19,19,20,19,0,0,0,0
1770256965045887462,19,19,20,19,0,0,0,0
1770256965047987318,19,19,20,19,0,0,0,0
1770256965049788767,19,19,20,19,0,0,0,0
1770256965051904976,19,19,20,19,0,0,0,0
1770256965053832540,19,19,20,19,0,0,0,0
1770256965055948364,19,19,20,19,0,0,0,0
1770256965057966683,19,19,20,19,0,0,0,0
1770256965059835781,19,19,20,19,0,0,0,0
1770256965061822483,19,19,20,19,0,0,0,0
1770256965064050758,19,19,20,19,0,0,0,0
1770256965065768589,19,19,20,19,0,0,0,0
1770256965067977472,19,19,20,19,0,0,0,0
1770256965069900396,19,19,20,19,0,0,0,0
1770256965072094398,19,19,20,19,0,0,0,0
1770256965074537718,19,19,20,19,0,0,0,0
1770256965076081529,19,19,20,19,0,0,0,0
1770256965078131912,19,19,20,19,0,0,0,0
1770256965079883216,19,19,20,19,0,0,0,0
1770256965081982048,19,19,20,19,0,0,0,0
1770256965084044976,19,19,20,19,0,0,0,0
1770256965086260578,19,19,20,19,0,0,0,0
1770256965088080940,19,19,20,19,0,0,0,0
1770256965090325183,19,19,20,19,0,0,0,0
1770256965091957349,19,19,20,19,0,0,0,0
1770256965093956978,19,19,20,19,0,0,0,0
1770256965095896671,19,19,20,19,0,0,0,0
1770256965097931789,19,19,20,19,0,0,0,0
1770256965099851257,19,19,20,19,0,0,0,0
1770256965102228880,19,19,20,19,0,0,0,0
1770256965104377217,19,19,20,19,0,0,0,0
1770256965106360366,19,19,20,19,0,0,0,0
1770256965107973587,19,19,20,19,0,0,0,0
1770256965110091908,19,19,20,19,0,0,0,0
1770256965111577414,19,19,20,19,0,0,0,0
1770256965113565363,19,19,20,19,0,0,0,0
1770256965115685924,19,19,20,19,0,0,0,0
1770256965117595472,19,19,20,19,0,0,0,0
1770256965119682527,19,19,20,19,0,0,0,0
1770256965122470047,19,19,20,19,0,0,0,0
1770256965124433676,19,19,20,19,0,0,0,0
1770256965126578141,19,19,20,19,0,0,0,0
1770256965128336485,19,19,20,19,0,0,0,0
1770256965130304819,19,19,20,19,0,0,0,0
1770256965131705491,19,19,20,20,0,0,0,0
1770256965133834979,19,19,20,20,0,0,0,0
1770256965135723215,19,19,20,20,0,0,0,0
1770256965137803134,19,19,20,19,0,0,0,0
1770256965139690217,19,19,20,19,0,0,0,0
1770256965142123169,19,19,20,19,0,0,0,0
1770256965144196753,19,19,20,19,0,0,0,0
1770256965145884855,19,19,20,19,0,0,0,0
1770256965147755522,19,19,20,19,0,0,0,0
1770256965150018294,19,19,20,19,0,0,0,0
1770256965151810367,19,19,20,19,0,0,0,0
1770256965153737099,19,19,20,19,0,0,0,0
1770256965155905277,19,19,20,19,0,0,0,0
1770256965157699590,19,19,20,19,0,0,0,0
1770256965160034555,19,19,20,19,0,0,0,0
1770256965161788931,19,19,20,19,0,0,0,0
1770256965164014230,19,19,20,19,0,0,0,0
1770256965165685308,19,19,20,19,0,0,0,0
1770256965167721643,19,19,20,19,0,0,0,0
1770256965169746585,19,19,20,19,0,0,0,0
1770256965171687046,19,19,20,19,0,0,0,0
1770256965173896088,19,19,20,19,0,0,0,0
1770256965175952616,19,19,20,19,0,0,0,0
1770256965178033271,19,19,20,19,0,0,0,0
1770256965180097094,19,19,20,19,0,0,0,0
1770256965182203831,19,19,20,19,0,0,0,0
1770256965184044225,19,19,20,19,0,0,0,0
1770256965185825546,19,19,20,19,0,0,0,0
1770256965188056925,19,19,20,19,0,0,0,0
1770256965189794564,19,19,20,19,0,0,0,0
1770256965191875060,19,19,20,19,0,0,0,0
1770256965193951236,19,19,20,19,0,0,0,0
1770256965195933905,19,19,20,19,0,0,0,0
1770256965197777979,19,19,20,19,0,0,0,0
1770256965200044623,19,19,20,19,0,0,0,0
1770256965201828568,19,19,20,19,0,0,0,0
1770256965203913448,19,19,20,19,0,0,0,0
1770256965206255933,19,19,20,19,0,0,0,0
1770256965207853058,19,19,20,19,0,0,0,0
1770256965209856560,19,19,20,19,0,0,0,0
1770256965211843517,19,19,20,19,0,0,0,0
1770256965213748265,19,19,20,19,0,0,0,0
1770256965215926683,19,19,20,19,0,0,0,0
1770256965217843622,19,19,20,19,0,0,0,0
1770256965219814484,19,19,20,19,0,0,0,0
1770256965222042183,19,19,20,19,0,0,0,0
1770256965223893617,19,19,20,19,0,0,0,0
1770256965225961856,19,19,20,19,0,0,0,0
1770256965227912237,19,19,20,19,0,0,0,0
1770256965229856505,19,19,20,19,0,0,0,0
1770256965231990730,19,19,20,19,0,0,0,0
1770256965233870357,19,19,20,19,0,0,0,0
1770256965235927780,19,19,20,19,0,0,0,0
1770256965238225177,19,19,20,19,0,0,0,0
1770256965240085124,19,19,20,19,0,0,0,0
1770256965242154515,19,19,20,19,0,0,0,0
1770256965244101888,19,19,20,19,0,0,0,0
1770256965245721157,19,19,20,19,0,0,0,0
1770256965247814325,19,19,20,19,0,0,0,0
1770256965249724224,19,19,20,19,0,0,0,0
1770256965251785071,19,19,20,19,0,0,0,0
1770256965253608249,19,19,20,19,0,0,0,0
1770256965255772363,19,19,20,19,0,0,0,0
1770256965257756120,19,19,20,19,0,0,0,0
1770256965259795527,19,19,20,19,0,0,0,0
1770256965261863222,19,19,20,19,0,0,0,0
1770256965263704928,19,19,20,19,0,0,0,0
1770256965266097463,19,19,20,19,0,0,0,0
1770256965268044772,19,19,20,19,0,0,0,0
1770256965269975568,19,19,20,19,0,0,0,0
1770256965272144738,19,19,20,19,0,0,0,0
1770256965274271698,19,19,20,19,0,0,0,0
1770256965275773077,19,19,20,19,0,0,0,0
1770256965277934918,19,19,20,19,0,0,0,0
1770256965280123096,19,19,20,19,0,0,0,0
1770256965281765246,19,19,20,19,0,0,0,0
1770256965283980400,19,19,20,19,0,0,0,0
1770256965285978270,19,19,20,19,0,0,0,0
1770256965287822056,19,19,20,19,0,0,0,0
1770256965289954905,19,19,20,19,0,0,0,0
1770256965291903846,19,19,20,19,0,0,0,0
1770256965293784945,19,19,20,19,0,0,0,0
1770256965295867457,19,19,20,19,0,0,0,0
1770256965297926224,19,19,20,19,0,0,0,0
1770256965299818075,19,19,20,19,0,0,0,0
1770256965301733159,19,19,20,19,0,0,0,0
1770256965303976442,19,19,20,19,0,0,0,0
1770256965305897510,19,19,20,19,0,0,0,0
1770256965307727600,19,19,20,19,0,0,0,0
1770256965309783487,19,19,20,19,0,0,0,0
1770256965311774477,19,19,20,19,0,0,0,0
1770256965313902461,19,19,20,19,0,0,0,0
1770256965315851882,19,19,20,19,0,0,0,0
1770256965318142783,19,19,20,19,0,0,0,0
1770256965320251119,19,19,20,19,0,0,0,0
1770256965322178875,19,19,20,19,0,0,0,0
1770256965324725941,19,19,20,19,0,0,0,0
1770256965326348602,19,19,20,19,0,0,0,0
1770256965327912638,19,19,20,19,0,0,0,0
1770256965329669734,19,19,20,19,0,0,0,0
1770256965331759766,19,19,20,19,0,0,0,0
1770256965333837542,19,19,20,19,0,0,0,0
1770256965335729393,19,19,20,19,0,0,0,0
1770256965338078503,19,19,20,19,0,0,0,0
1770256965339787790,19,19,20,19,0,0,0,0
1770256965341730138,19,19,20,19,0,0,0,0
1770256965343838219,19,19,20,19,0,0,0,0
1770256965345694069,19,19,20,19,0,0,0,0
1770256965348013322,19,19,20,19,0,0,0,0
1770256965350058201,19,19,20,19,0,0,0,0
1770256965352082343,19,19,20,19,0,0,0,0
1770256965354457182,19,19,20,19,0,0,0,0
1770256965356529773,19,19,20,19,0,0,0,0
1770256965358122802,19,19,20,19,0,0,0,0
1770256965360147744,19,19,20,19,0,0,0,0
1770256965362156846,19,19,20,19,0,0,0,0
1770256965364074970,19,19,20,19,0,0,0,0
1770256965365957221,19,19,20,19,0,0,0,0
1770256965368195576,19,19,20,19,0,0,0,0
1770256965370263560,19,19,20,19,0,0,0,0
1770256965372105810,19,19,20,19,0,0,0,0
1770256965374364230,19,19,20,19,0,0,0,0
1770256965376167055,19,19,20,19,0,0,0,0
1770256965378051610,19,19,20,19,0,0,0,0
1770256965380208555,19,19,20,19,0,0,0,0
1770256965382175064,19,19,20,19,0,0,0,0
1770256965384107845,19,19,20,19,0,0,0,0
1770256965386180180,19,19,20,19,0,0,0,0
1770256965388179778,19,19,20,19,0,0,0,0
1770256965390127278,19,19,20,19,0,0,0,0
1770256965392037658,19,19,20,19,0,0,0,0
1770256965394314286,19,19,20,19,0,0,0,0
1770256965396069014,19,19,20,19,0,0,0,0
1770256965397961666,19,19,20,19,0,0,0,0
1770256965399868429,19,19,20,19,0,0,0,0
1770256965401943197,19,19,20,19,0,0,0,0
1770256965404010572,19,19,20,19,0,0,0,0
1770256965405837878,19,19,20,19,0,0,0,0
1770256965407973703,19,19,20,19,0,0,0,0
1770256965410317085,19,19,20,19,0,0,0,0
1770256965411970114,19,19,20,19,0,0,0,0
1770256965413908879,19,19,20,19,0,0,0,0
1770256965415945949,19,19,20,19,0,0,0,0
1770256965418110927,19,19,20,19,0,0,0,0
1770256965420343170,19,19,20,19,0,0,0,0
1770256965422057545,19,19,20,19,0,0,0,0
1770256965424046007,19,19,20,19,0,0,0,0
1770256965426218249,19,19,20,19,0,0,0,0
1770256965428104212,19,19,20,19,0,0,0,0
1770256965430014815,19,19,20,19,0,0,0,0
1770256965432148176,19,19,20,19,0,0,0,0
1770256965434003771,19,19,20,19,0,0,0,0
1770256965436198765,19,19,20,19,0,0,0,0
1770256965437980150,19,19,20,19,0,0,0,0
1770256965440190248,19,19,20,19,0,0,0,0
1770256965441865615,19,19,20,19,0,0,0,0
1770256965443943614,19,19,20,19,0,0,0,0
1770256965445535267,19,19,20,19,0,0,0,0
1770256965447676148,19,19,20,19,0,0,0,0
1770256965449983113,19,19,20,19,0,0,0,0
1770256965452262557,19,19,20,19,0,0,0,0
1770256965453933923,19,19,20,19,0,0,0,0
1770256965456063668,19,19,20,19,0,0,0,0
1770256965458137891,19,19,20,19,0,0,0,0
1770256965459811338,19,19,20,19,0,0,0,0
1770256965461609811,19,19,20,19,0,0,0,0
1770256965463695330,19,19,20,19,0,0,0,0
1770256965465558477,19,19,20,19,0,0,0,0
1770256965467736127,19,19,20,19,0,0,0,0
1770256965469553833,19,19,20,19,0,0,0,0
1770256965471923711,19,19,20,19,0,0,0,0
1770256965473951981,19,19,20,19,0,0,0,0
1770256965476009916,19,19,20,19,0,0,0,0
1770256965477897192,19,19,20,19,0,0,0,0
1770256965479891573,19,19,20,19,0,0,0,0
1770256965481556635,19,19,20,19,0,0,0,0
1770256965483697484,19,19,20,19,0,0,0,0
1770256965485662873,19,19,20,19,0,0,0,0
1770256965487701032,19,19,20,19,0,0,0,0
1770256965489573235,19,19,20,19,0,0,0,0
1770256965492081164,19,19,20,19,0,0,0,0
1770256965494391489,19,19,20,19,0,0,0,0
1770256965495954053,19,19,20,19,0,0,0,0
1770256965497975411,19,19,20,19,0,0,0,0
1770256965500167845,19,19,20,19,0,0,0,0
1770256965501903053,19,19,20,19,0,0,0,0
1770256965503820313,19,19,20,19,0,0,0,0
1770256965506054156,19,19,20,19,0,0,0,0
1770256965507861974,19,19,20,19,0,0,0,0
1770256965509850435,19,19,20,19,0,0,0,0
1770256965512062102,19,19,20,19,0,0,0,0
1770256965513760733,19,19,20,19,0,0,0,0
1770256965515927918,19,19,20,19,0,0,0,0
1770256965517802361,19,19,20,19,0,0,0,0
1770256965519792103,19,19,20,19,0,0,0,0
1770256965522048602,19,19,20,19,0,0,0,0
1770256965523902181,19,19,20,19,0,0,0,0
1770256965525735279,19,19,20,19,0,0,0,0
1770256965527964002,19,19,20,19,0,0,0,0
1770256965529830540,19,19,20,19,0,0,0,0
1770256965531726648,19,19,20,19,0,0,0,0
1770256965534031117,19,19,20,19,0,0,0,0
1770256965535905431,19,19,20,19,0,0,0,0
1770256965537810019,19,19,20,19,0,0,0,0
1770256965539954164,19,19,20,19,0,0,0,0
1770256965542054532,19,19,20,19,0,0,0,0
1770256965544080627,19,19,20,19,0,0,0,0
1770256965545986622,19,19,20,19,0,0,0,0
1770256965548328532,19,19,20,19,0,0,0,0
1770256965549881719,19,19,20,19,0,0,0,0
1770256965551686529,19,19,20,19,0,0,0,0
1770256965553749456,19,19,20,19,0,0,0,0
1770256965555685148,19,19,20,19,0,0,0,0
1770256965557769164,19,19,20,19,0,0,0,0
1770256965559595478,19,19,20,19,0,0,0,0
1770256965561793608,19,19,20,19,0,0,0,0
1770256965563641362,19,19,20,19,0,0,0,0
1770256965565805348,19,19,20,19,0,0,0,0
1770256965567669551,19,19,20,19,0,0,0,0
1770256965569699357,19,19,20,19,0,0,0,0
1770256965572216695,19,19,20,19,0,0,0,0
1770256965573991295,19,19,20,19,0,0,0,0
1770256965576230643,19,19,20,19,0,0,0,0
1770256965578238785,19,19,20,19,0,0,0,0
1770256965580544405,19,19,20,19,0,0,0,0
1770256965582049208,19,19,20,19,0,0,0,0
1770256965583653117,19,19,20,19,0,0,0,0
1770256965585855791,19,19,20,19,0,0,0,0
1770256965587795195,19,19,20,19,0,0,0,0
1770256965589832938,19,19,20,19,0,0,0,0
1770256965591683348,19,19,20,19,0,0,0,0
1770256965593708515,19,19,20,19,0,0,0,0
1770256965595779122,19,19,20,19,0,0,0,0
1770256965597707070,19,19,20,19,0,0,0,0
1770256965599861040,19,19,20,19,0,0,0,0
1770256965601762235,19,19,20,19,0,0,0,0
1770256965603974222,19,19,20,19,0,0,0,0
1770256965605825464,19,19,20,19,0,0,0,0
1770256965607614913,19,19,20,19,0,0,0,0
1770256965609791059,19,19,20,19,0,0,0,0
1770256965611756000,19,19,20,19,0,0,0,0
1770256965613647083,19,19,20,19,0,0,0,0
1770256965615791196,19,19,20,19,0,0,0,0
1770256965617630342,19,19,20,19,0,0,0,0
1770256965619971420,19,19,20,19,0,0,0,0
1770256965621627554,19,19,20,19,0,0,0,0
1770256965623930711,19,19,20,19,0,0,0,0
1770256965626523794,19,19,20,19,0,0,0,0
1770256965628177368,19,19,20,19,0,0,0,0
1770256965630347977,19,19,20,19,0,0,0,0
1770256965632319991,19,19,20,19,0,0,0,0
1770256965634123520,19,19,20,19,0,0,0,0
1770256965636198351,19,19,20,19,0,0,0,0
1770256965638328640,19,19,20,19,0,0,0,0
1770256965640313326,19,19,20,19,0,0,0,0
1770256965642052565,19,19,20,19,0,0,0,0
1770256965644168294,19,19,20,19,0,0,0,0
1770256965645966415,19,19,20,19,0,0,0,0
1770256965648067263,19,19,20,19,0,0,0,0
1770256965650101326,19,19,20,19,0,0,0,0
1770256965651929271,19,19,20,19,0,0,0,0
1770256965654263021,19,19,20,19,0,0,0,0
1770256965656027541,19,19,20,19,0,0,0,0
1770256965658045699,19,19,20,19,0,0,0,0
1770256965660180820,19,19,20,19,0,0,0,0
1770256965661963261,19,19,20,19,0,0,0,0
1770256965664091278,19,19,20,19,0,0,0,0
1770256965666426819,19,19,20,19,0,0,0,0
1770256965668185900,19,19,20,19,0,0,0,0
1770256965670192218,19,19,20,19,0,0,0,0
1770256965672312778,19,19,20,19,0,0,0,0
1770256965674757730,19,19,20,19,0,0,0,0
1770256965675897628,19,19,20,19,0,0,0,0
1770256965678067790,19,19,20,19,0,0,0,0
1770256965680180606,19,19,20,19,0,0,0,0
1770256965681921670,19,19,20,19,0,0,0,0
1770256965684256539,19,19,20,19,0,0,0,0
1770256965686473774,19,19,20,19,0,0,0,0
1770256965688030066,19,19,20,19,0,0,0,0
1770256965690237348,19,19,20,19,0,0,0,0
1770256965692042638,19,19,20,19,0,0,0,0
1770256965694060540,19,19,20,19,0,0,0,0
1770256965695926311,19,19,20,19,0,0,0,0
1770256965698222107,19,19,20,19,0,0,0,0
1770256965700009252,19,19,20,19,0,0,0,0
1770256965701961073,19,19,20,19,0,0,0,0
1770256965704153827,19,19,20,19,0,0,0,0
1770256965706037550,19,19,20,19,0,0,0,0
1770256965708205888,19,19,20,19,0,0,0,0
1770256965709944360,19,19,20,19,0,0,0,0
1770256965712237308,19,19,20,19,0,0,0,0
1770256965714307083,19,19,20,19,0,0,0,0
1770256965716230135,19,19,20,19,0,0,0,0
1770256965718292519,19,19,20,19,0,0,0,0
1770256965720566043,19,19,20,19,0,0,0,0
1770256965722230081,19,19,20,19,0,0,0,0
1770256965724224622,19,19,20,19,0,0,0,0
1770256965726062392,19,19,20,19,0,0,0,0
1770256965727854882,19,19,20,19,0,0,0,0
1770256965730028211,19,19,20,19,0,0,0,0
1770256965731974848,19,19,20,19,0,0,0,0
1770256965733913900,19,19,20,19,0,0,0,0
1770256965736290115,19,19,20,19,0,0,0,0
1770256965738351506,19,19,20,19,0,0,0,0
1770256965740357760,19,19,20,19,0,0,0,0
1770256965742517329,19,19,20,19,0,0,0,0
1770256965744383036,19,19,20,19,0,0,0,0
1770256965746013601,19,19,20,19,0,0,0,0
1770256965748006735,19,19,20,19,0,0,0,0
1770256965750223682,19,19,20,19,0,0,0,0
1770256965751944105,19,19,20,19,0,0,0,0
1770256965754145115,19,19,20,19,0,0,0,0
1770256965756310157,19,19,20,19,0,0,0,0
1770256965758439070,19,19,20,19,0,0,0,0
1770256965760620304,19,19,20,19,0,0,0,0
1770256965762333559,19,19,20,19,0,0,0,0
1770256965764322404,19,19,20,19,0,0,0,0
1770256965765977706,19,19,20,19,0,0,0,0
1770256965768511844,19,19,20,19,0,0,0,0
1770256965770116009,19,19,20,19,0,0,0,0
1770256965772297435,19,19,20,19,0,0,0,0
1770256965774457612,19,19,20,19,0,0,0,0
1770256965776450682,19,19,20,19,0,0,0,0
1770256965778014206,19,19,20,19,0,0,0,0
1770256965780003339,19,19,20,19,0,0,0,0
1770256965782169245,19,19,20,19,0,0,0,0
1770256965784026855,19,19,20,19,0,0,0,0
1770256965786229818,19,19,20,19,0,0,0,0
1770256965788135557,19,19,20,19,0,0,0,0
1770256965790236598,19,19,20,19,0,0,0,0
1770256965792361382,19,19,20,19,0,0,0,0
1770256965794522552,19,19,20,19,0,0,0,0
1770256965796318849,19,19,20,19,0,0,0,0
1770256965798268461,19,19,20,19,0,0,0,0
1770256965799935124,19,19,20,19,0,0,0,0
1770256965802282825,19,19,20,19,0,0,0,0
1770256965804166836,19,19,20,19,0,0,0,0
1770256965805955997,19,19,20,19,0,0,0,0
1770256965808151216,19,19,20,19,0,0,0,0
1770256965810099292,19,19,20,19,0,0,0,0
1770256965811976231,19,19,20,19,0,0,0,0
1770256965814159929,19,19,20,19,0,0,0,0
1770256965816121382,19,19,20,19,0,0,0,0
1770256965818171637,19,19,20,19,0,0,0,0
1770256965820533771,19,19,20,19,0,0,0,0
1770256965822201265,19,19,20,19,0,0,0,0
1770256965824109245,19,19,20,19,0,0,0,0
1770256965826572565,19,19,20,19,0,0,0,0
1770256965828291549,19,19,20,19,0,0,0,0
1770256965830290634,19,19,20,19,0,0,0,0
1770256965832183510,19,19,20,19,0,0,0,0
1770256965833858428,19,19,20,19,0,0,0,0
1770256965835803305,19,19,20,19,0,0,0,0
1770256965837824887,19,19,20,19,0,0,0,0
1770256965840027945,19,19,20,19,0,0,0,0
1770256965842106521,19,19,20,19,0,0,0,0
1770256965844038213,19,19,20,19,0,0,0,0
1770256965846171670,19,19,20,19,0,0,0,0
1770256965848094530,19,19,20,19,0,0,0,0
1770256965850041615,19,19,20,19,0,0,0,0
1770256965852268610,19,19,20,19,0,0,0,0
1770256965854164845,19,19,20,19,0,0,0,0
1770256965855995447,19,19,20,19,0,0,0,0
1770256965858258859,19,19,20,19,0,0,0,0
1770256965860095669,19,19,20,19,0,0,0,0
1770256965862018593,19,19,20,19,0,0,0,0
1770256965864140145,19,19,20,19,0,0,0,0
1770256965866013724,19,19,20,19,0,0,0,0
1770256965868451508,19,19,20,19,0,0,0,0
1770256965870222141,19,19,20,19,0,0,0,0
1770256965871987557,19,19,20,19,0,0,0,0
1770256965874282938,19,19,20,19,0,0,0,0
1770256965876218214,19,19,20,19,0,0,0,0
1770256965878093489,19,19,20,19,0,0,0,0
1770256965880223522,19,19,20,19,0,0,0,0
1770256965881976106,19,19,20,19,0,0,0,0
1770256965883752274,19,19,20,19,0,0,0,0
1770256965885921828,19,19,20,19,0,0,0,0
1770256965887756974,19,19,20,19,0,0,0,0
1770256965889703163,19,19,20,19,0,0,0,0
1770256965892057040,19,19,20,19,0,0,0,0
1770256965894223874,19,19,20,19,0,0,0,0
1770256965895961642,19,19,20,19,0,0,0,0
1770256965898026809,19,19,20,19,0,0,0,0
1770256965900236844,19,19,20,19,0,0,0,0
1770256965901806672,19,19,20,19,0,0,0,0
1770256965903759900,19,19,20,19,0,0,0,0
1770256965905964911,19,19,20,19,0,0,0,0
1770256965907905691,19,19,20,19,0,0,0,0
1770256965909699780,19,19,20,19,0,0,0,0
1770256965911952952,19,19,20,19,0,0,0,0
1770256965913821059,19,19,20,19,0,0,0,0
1770256965916005621,19,19,20,19,0,0,0,0
1770256965917830078,19,19,20,19,0,0,0,0
1770256965919715434,19,19,20,19,0,0,0,0
1770256965922050463,19,19,20,19,0,0,0,0
1770256965923932394,19,19,20,19,0,0,0,0
1770256965925719667,19,19,20,19,0,0,0,0
1770256965927911845,19,19,20,19,0,0,0,0
1770256965929871058,19,19,20,19,0,0,0,0
1770256965931869920,19,19,20,19,0,0,0,0
1770256965934214293,19,19,20,19,0,0,0,0
1770256965935839067,19,19,20,19,0,0,0,0
1770256965937852905,19,19,20,19,0,0,0,0
1770256965939908632,19,19,20,19,0,0,0,0
1770256965941843204,19,19,20,19,0,0,0,0
1770256965943916916,19,19,20,19,0,0,0,0
1770256965945721501,19,19,20,19,0,0,0,0
1770256965947629449,19,19,20,19,0,0,0,0
1770256965949639991,19,19,20,19,0,0,0,0
1770256965951711398,19,19,20,19,0,0,0,0
1770256965953742260,19,19,20,19,0,0,0,0
1770256965955797284,19,19,20,19,0,0,0,0
1770256965957692623,19,19,20,19,0,0,0,0
1770256965960206920,19,19,20,19,0,0,0,0
1770256965962197174,19,19,20,19,0,0,0,0
1770256965964046304,19,19,20,19,0,0,0,0
1770256965965817737,19,19,20,19,0,0,0,0
1770256965968421093,19,19,20,19,0,0,0,0
1770256965969984776,19,19,20,19,0,0,0,0
1770256965971773169,19,19,20,19,0,0,0,0
1770256965973974916,19,19,20,19,0,0,0,0
1770256965975738604,19,19,20,19,0,0,0,0
1770256965977842076,19,19,20,19,0,0,0,0
1770256965980424983,19,19,20,19,0,0,0,0
1770256965982097950,19,19,20,19,0,0,0,0
1770256965984118348,19,19,20,19,0,0,0,0
1770256965985991671,19,19,20,19,0,0,0,0
1770256965987775648,19,19,20,19,0,0,0,0
1770256965989851503,19,19,20,19,0,0,0,0
1770256965991812252,19,19,20,19,0,0,0,0
1770256965993986286,19,19,20,19,0,0,0,0
1770256965995875833,19,19,20,19,0,0,0,0
1770256965997799141,19,19,20,19,0,0,0,0
1770256966000072057,19,19,20,19,0,0,0,0
1770256966001814625,19,19,20,19,0,0,0,0
1770256966003832111,19,19,20,19,0,0,0,0
1770256966005916159,19,19,20,19,0,0,0,0
1770256966007752329,19,19,20,19,0,0,0,0
1770256966009780855,19,19,20,19,0,0,0,0
1770256966011837382,19,19,20,19,0,0,0,0
1770256966013720114,19,19,20,19,0,0,0,0
1770256966016032166,19,19,20,19,0,0,0,0
1770256966017912177,19,19,20,19,0,0,0,0
1770256966019690778,19,19,20,19,0,0,0,0
1770256966022131794,19,19,20,19,0,0,0,0
1770256966024072510,19,19,20,19,0,0,0,0
1770256966026114925,19,19,20,19,0,0,0,0
1770256966028198973,19,19,20,19,0,0,0,0
1770256966029957509,19,19,20,19,0,0,0,0
1770256966031733806,19,19,20,19,0,0,0,0
1770256966033673050,19,19,20,19,0,0,0,0
1770256966035651048,19,19,20,19,0,0,0,0
1770256966037687702,19,19,20,19,0,0,0,0
1770256966039682884,19,19,20,19,0,0,0,0
1770256966042100123,19,19,20,19,0,0,0,0
1770256966044224268,19,19,20,19,0,0,0,0
1770256966046219225,19,19,20,19,0,0,0,0
1770256966048058116,19,19,20,19,0,0,0,0
1770256966050106578,19,19,20,19,0,0,0,0
1770256966051913596,19,19,20,19,0,0,0,0
1770256966053805127,19,19,20,19,0,0,0,0
1770256966055954520,19,19,20,19,0,0,0,0
1770256966057834339,19,19,20,19,0,0,0,0
1770256966059703406,19,19,20,19,0,0,0,0
1770256966062327658,19,19,20,19,0,0,0,0
1770256966064033745,19,19,20,19,0,0,0,0
1770256966066238180,19,19,20,19,0,0,0,0
1770256966068403605,19,19,20,19,0,0,0,0
1770256966070452772,19,19,20,19,0,0,0,0
1770256966071780099,19,19,20,19,0,0,0,0
1770256966074025270,19,19,20,19,0,0,0,0
1770256966075811775,19,19,20,19,0,0,0,0
1770256966077818093,19,19,20,19,0,0,0,0
1770256966079790458,19,19,20,19,0,0,0,0
1770256966081931083,19,19,20,19,0,0,0,0
1770256966083801270,19,19,20,19,0,0,0,0
1770256966085861701,19,19,20,19,0,0,0,0
1770256966087929780,19,19,20,19,0,0,0,0
1770256966089759390,19,19,20,19,0,0,0,0
1770256966092296760,19,19,20,19,0,0,0,0
1770256966093922205,19,19,20,19,0,0,0,0
1770256966095899659,19,19,20,19,0,0,0,0
1770256966097939193,19,19,20,19,0,0,0,0
1770256966099905670,19,19,20,19,0,0,0,0
1770256966101972182,19,19,20,19,0,0,0,0
1770256966104067142,19,19,20,19,0,0,0,0
1770256966105824622,19,19,20,19,0,0,0,0
1770256966107951839,19,19,20,19,0,0,0,0
1770256966109920396,19,19,20,19,0,0,0,0
1770256966111658867,19,19,20,19,0,0,0,0
1770256966113936072,19,19,20,19,0,0,0,0
1770256966115754225,19,19,20,19,0,0,0,0
1770256966117815264,19,19,20,19,0,0,0,0
1770256966120017363,19,19,20,19,0,0,0,0
1770256966121752027,19,19,20,19,0,0,0,0
1770256966123710663,19,19,20,19,0,0,0,0
1770256966126103486,19,19,20,19,0,0,0,0
1770256966127757508,19,19,20,19,0,0,0,0
1770256966129912213,19,19,20,19,0,0,0,0
1770256966132030598,19,19,20,19,0,0,0,0
1770256966133759597,19,19,20,19,0,0,0,0
1770256966135972896,19,19,20,19,0,0,0,0
1770256966137850059,19,19,20,19,0,0,0,0
1770256966139703893,19,19,20,19,0,0,0,0
1770256966142027435,19,19,20,19,0,0,0,0
1770256966144001272,19,19,20,19,0,0,0,0
1770256966145860290,19,19,20,19,0,0,0,0
1770256966147741773,19,19,20,19,0,0,0,0
1770256966150083683,19,19,20,19,0,0,0,0
1770256966151799210,19,19,20,19,0,0,0,0
1770256966154479048,19,19,20,19,0,0,0,0
1770256966156778716,19,19,20,19,0,0,0,0
1770256966158785418,19,19,20,19,0,0,0,0
1770256966160656629,19,19,20,19,0,0,0,0
1770256966162494623,19,19,20,19,0,0,0,0
1770256966164123396,19,19,20,19,0,0,0,0
1770256966165656360,19,19,20,19,0,0,0,0
1770256966167608724,19,19,20,19,0,0,0,0
1770256966169693796,19,19,20,19,0,0,0,0
1770256966171583183,19,19,20,19,0,0,0,0
1770256966173702592,19,19,20,19,0,0,0,0
1770256966175990452,19,19,20,19,0,0,0,0
1770256966178124901,19,19,20,19,0,0,0,0
1770256966180059121,19,19,20,19,0,0,0,0
1770256966182110720,19,19,20,19,0,0,0,0
1770256966184016492,19,19,20,19,0,0,0,0
1770256966185910583,19,19,20,19,0,0,0,0
1770256966187904645,19,19,20,19,0,0,0,0
1770256966189710958,19,19,20,19,0,0,0,0
1770256966191798622,19,19,20,19,0,0,0,0
1770256966193993808,19,19,20,19,0,0,0,0
1770256966195970974,19,19,20,19,0,0,0,0
1770256966197922186,19,19,20,19,0,0,0,0
1770256966199899383,19,19,20,19,0,0,0,0
1770256966201756258,19,19,20,19,0,0,0,0
1770256966203961044,19,19,20,19,0,0,0,0
1770256966205837855,19,19,20,19,0,0,0,0
1770256966207771660,19,19,20,19,0,0,0,0
1770256966210315846,19,19,20,19,0,0,0,0
1770256966211877994,19,19,20,19,0,0,0,0
1770256966214131517,19,19,20,19,0,0,0,0
1770256966216262126,19,19,20,19,0,0,0,0
1770256966217975957,19,19,20,19,0,0,0,0
1770256966220029540,19,19,20,19,0,0,0,0
1770256966222007314,19,19,20,19,0,0,0,0
1770256966223902173,19,19,20,19,0,0,0,0
1770256966225749895,19,19,20,19,0,0,0,0
1770256966227855799,19,19,20,19,0,0,0,0
1770256966230030921,19,19,20,19,0,0,0,0
1770256966231916052,19,19,20,19,0,0,0,0
1770256966233761407,19,19,20,19,0,0,0,0
1770256966235692107,19,19,20,19,0,0,0,0
1770256966237663704,19,19,20,19,0,0,0,0
1770256966239649829,19,19,20,19,0,0,0,0
1770256966241647219,19,19,20,19,0,0,0,0
1770256966243677378,19,19,20,19,0,0,0,0
1770256966245642799,19,19,20,19,0,0,0,0
1770256966247690173,19,19,20,19,0,0,0,0
1770256966249591977,19,19,20,19,0,0,0,0
1770256966251766619,19,19,20,19,0,0,0,0
1770256966253605125,19,19,20,19,0,0,0,0
1770256966255683604,19,19,20,19,0,0,0,0
1770256966257993961,19,19,20,19,0,0,0,0
1770256966260070553,19,19,20,19,0,0,0,0
1770256966261934084,19,19,20,19,0,0,0,0
1770256966263974578,19,19,20,19,0,0,0,0
1770256966266219942,19,19,20,19,0,0,0,0
1770256966268118257,19,19,20,19,0,0,0,0
1770256966269732598,19,19,20,19,0,0,0,0
1770256966271791013,19,19,20,19,0,0,0,0
1770256966273661392,19,19,20,19,0,0,0,0
1770256966275761120,19,19,20,19,0,0,0,0
1770256966277771438,19,19,20,19,0,0,0,0
1770256966279982625,19,19,20,19,0,0,0,0
1770256966282121554,19,19,20,19,0,0,0,0
1770256966284250370,19,19,20,19,0,0,0,0
1770256966286308850,19,19,20,19,0,0,0,0
1770256966287917910,19,19,20,19,0,0,0,0
1770256966290000742,19,19,20,19,0,0,0,0
1770256966291869649,19,19,19,19,0,0,0,0
1770256966293854558,19,19,19,19,0,0,0,0
1770256966295850124,19,19,20,19,0,0,0,0
1770256966297969308,19,19,20,19,0,0,0,0
1770256966299875240,19,19,20,19,0,0,0,0
1770256966301845461,19,19,19,19,0,0,0,0
1770256966303900548,19,19,19,19,0,0,0,0
1770256966305951219,19,19,19,19,0,0,0,0
1770256966308037731,19,19,19,19,0,0,0,0
1770256966310310167,19,19,19,19,0,0,0,0
1770256966312219907,19,19,19,19,0,0,0,0
1770256966314257649,19,19,19,19,0,0,0,0
1770256966315854294,19,19,20,19,0,0,0,0
1770256966317820739,19,19,20,19,0,0,0,0
1770256966319685518,19,19,20,19,0,0,0,0
1770256966321706460,19,19,20,19,0,0,0,0
1770256966323851629,19,19,20,19,0,0,0,0
1770256966325640438,19,19,20,19,0,0,0,0
1770256966327894922,19,19,19,19,0,0,0,0
1770256966330111324,19,19,19,19,0,0,0,0
1770256966332197580,19,19,19,19,0,0,0,0
1770256966334052374,19,19,19,19,0,0,0,0
1770256966335875456,19,19,19,19,0,0,0,0
1770256966337945072,19,19,19,19,0,0,0,0
1770256966339941245,19,19,19,19,0,0,0,0
1770256966341858889,19,19,19,19,0,0,0,0
1770256966343879447,19,19,19,19,0,0,0,0
1770256966345728162,19,19,19,19,0,0,0,0
1770256966347926484,19,19,19,19,0,0,0,0
1770256966349909153,19,19,20,19,0,0,0,0
1770256966352035474,19,19,20,19,0,0,0,0
1770256966354247717,19,19,20,19,0,0,0,0
1770256966356067598,19,19,20,19,0,0,0,0
1770256966357994875,19,19,20,19,0,0,0,0
1770256966359986952,19,19,20,19,0,0,0,0
1770256966361658222,19,19,20,19,0,0,0,0
1770256966363941603,19,19,20,19,0,0,0,0
1770256966365844494,19,19,20,19,0,0,0,0
1770256966367662968,19,19,20,19,0,0,0,0
1770256966369732583,19,19,20,19,0,0,0,0
1770256966371650451,19,19,20,19,0,0,0,0
1770256966373709474,19,19,20,19,0,0,0,0
1770256966375951382,19,19,20,19,0,0,0,0
1770256966377773663,19,19,20,19,0,0,0,0
1770256966379941809,19,19,20,19,0,0,0,0
1770256966381829724,19,19,20,19,0,0,0,0
1770256966383758152,19,19,20,19,0,0,0,0
1770256966385928122,19,19,19,19,0,0,0,0
1770256966387808997,19,19,19,19,0,0,0,0
1770256966390046200,19,19,19,19,0,0,0,0
1770256966392350317,19,19,19,19,0,0,0,0
1770256966394693411,19,19,19,19,0,0,0,0
1770256966396206917,19,19,19,19,0,0,0,0
1770256966398717919,19,19,19,19,0,0,0,0
1770256966400145087,19,19,20,19,0,0,0,0
1770256966401700195,19,19,20,19,0,0,0,0
1770256966403830644,19,19,20,19,0,0,0,0
1770256966405705343,19,19,20,19,0,0,0,0
1770256966407687500,19,19,20,19,0,0,0,0
1770256966409828317,19,19,19,19,0,0,0,0
1770256966412029263,19,19,19,19,0,0,0,0
1770256966414049598,19,19,19,19,0,0,0,0
1770256966415947625,19,19,19,19,0,0,0,0
1770256966417759059,19,19,19,19,0,0,0,0
1770256966419973637,19,19,19,19,0,0,0,0
1770256966422005268,19,19,20,19,0,0,0,0
1770256966423811421,19,19,20,19,0,0,0,0
1770256966425915181,19,19,20,19,0,0,0,0
1770256966427813561,19,19,19,19,0,0,0,0
1770256966429909449,19,19,19,19,0,0,0,0
1770256966432008121,19,19,19,19,0,0,0,0
1770256966433830403,19,19,20,19,0,0,0,0
1770256966435841489,19,19,20,19,0,0,0,0
1770256966437970977,19,19,20,19,0,0,0,0
1770256966439755498,19,19,19,19,0,0,0,0
1770256966441863322,19,19,19,19,0,0,0,0
1770256966443814215,19,19,19,19,0,0,0,0
1770256966445570319,19,19,20,19,0,0,0,0
1770256966447665855,19,19,20,19,0,0,0,0
1770256966449571371,19,19,20,19,0,0,0,0
1770256966451765757,19,19,19,19,0,0,0,0
1770256966454423546,19,19,19,19,0,0,0,0
1770256966455957117,19,19,19,19,0,0,0,0
1770256966458134383,19,19,19,19,0,0,0,0
1770256966460074171,19,19,19,19,0,0,0,0
1770256966461993703,19,19,19,19,0,0,0,0
1770256966463860178,19,19,20,19,0,0,0,0
1770256966465904097,19,19,20,19,0,0,0,0
1770256966467917871,19,19,20,19,0,0,0,0
1770256966469793434,19,19,20,19,0,0,0,0
1770256966471912202,19,19,20,19,0,0,0,0
1770256966474131037,19,19,20,19,0,0,0,0
1770256966475766531,19,19,20,19,0,0,0,0
1770256966477966933,19,19,20,19,0,0,0,0
1770256966479899073,19,19,20,19,0,0,0,0
1770256966481939344,19,19,19,19,0,0,0,0
1770256966483775802,19,19,19,19,0,0,0,0
1770256966485719718,19,19,19,19,0,0,0,0
1770256966487820183,19,19,20,19,0,0,0,0
1770256966489644608,19,19,20,19,0,0,0,0
1770256966491693423,19,19,20,19,0,0,0,0
1770256966494068902,19,19,20,19,0,0,0,0
1770256966496201814,19,19,20,19,0,0,0,0
1770256966497845532,19,19,20,19,0,0,0,0
1770256966500190162,19,19,20,19,0,0,0,0
1770256966501825047,19,19,20,19,0,0,0,0
1770256966503874182,19,19,20,19,0,0,0,0
1770256966505997303,19,19,19,19,0,0,0,0
1770256966508391501,19,19,19,19,0,0,0,0
1770256966510587616,19,19,19,19,0,0,0,0
1770256966512404905,19,19,20,19,0,0,0,0
1770256966513672326,19,19,20,19,0,0,0,0
1770256966515748598,19,19,20,19,0,0,0,0
1770256966518127436,19,19,20,19,0,0,0,0
1770256966520089657,19,19,20,19,0,0,0,0
1770256966522169737,19,19,20,19,0,0,0,0
1770256966523866160,19,19,19,19,0,0,0,0
1770256966525993600,19,19,19,19,0,0,0,0
1770256966528013807,19,19,19,19,0,0,0,0
1770256966529865145,19,19,20,19,0,0,0,0
1770256966531811334,19,19,20,19,0,0,0,0
1770256966533985239,19,19,20,19,0,0,0,0
1770256966535825537,19,19,19,19,0,0,0,0
1770256966537793390,19,19,19,19,0,0,0,0
1770256966540056674,19,19,19,19,0,0,0,0
1770256966541851595,19,19,20,19,0,0,0,0
1770256966543811352,19,19,20,19,0,0,0,0
1770256966546036011,19,19,20,19,0,0,0,0
1770256966547919798,19,19,20,19,0,0,0,0
1770256966549720832,19,19,20,19,0,0,0,0
1770256966551947442,19,19,20,19,0,0,0,0
1770256966553895039,19,19,20,19,0,0,0,0
1770256966555849196,19,19,20,19,0,0,0,0
1770256966557924667,19,19,20,19,0,0,0,0
1770256966559794438,19,19,20,19,0,0,0,0
1770256966561964056,19,19,20,19,0,0,0,0
1770256966564029639,19,19,20,19,0,0,0,0
1770256966565914834,19,19,19,19,0,0,0,0
1770256966568090436,19,19,19,19,0,0,0,0
1770256966569905550,19,19,19,19,0,0,0,0
1770256966571835738,19,19,20,19,0,0,0,0
1770256966574060365,19,19,20,19,0,0,0,0
1770256966575821237,19,19,20,19,0,0,0,0
1770256966577838691,19,19,20,19,0,0,0,0
1770256966579801744,19,19,20,19,0,0,0,0
1770256966581859327,19,19,20,19,0,0,0,0
1770256966583924558,19,19,20,19,0,0,0,0
1770256966585571092,19,19,20,19,0,0,0,0
1770256966587562114,19,19,20,19,0,0,0,0
1770256966589666898,19,19,20,19,0,0,0,0
1770256966591625023,19,19,20,19,0,0,0,0
1770256966593729135,19,19,20,19,0,0,0,0
1770256966596060068,19,19,19,19,0,0,0,0
1770256966597997809,19,19,19,19,0,0,0,0
1770256966600100353,19,19,19,19,0,0,0,0
1770256966601979468,19,19,20,19,0,0,0,0
1770256966603999930,19,19,20,19,0,0,0,0
1770256966606021512,19,19,20,19,0,0,0,0
1770256966608055767,19,19,20,19,0,0,0,0
1770256966609790591,19,19,20,19,0,0,0,0
1770256966611929872,19,19,20,19,0,0,0,0
1770256966613895933,19,19,19,19,0,0,0,0
1770256966615760263,19,19,19,19,0,0,0,0
1770256966617994874,19,19,19,19,0,0,0,0
1770256966620000616,19,19,19,19,0,0,0,0
1770256966621675247,19,19,19,19,0,0,0,0
1770256966623805951,19,19,19,19,0,0,0,0
1770256966625703883,19,19,19,19,0,0,0,0
1770256966627853564,19,19,19,19,0,0,0,0
1770256966629775240,19,19,19,19,0,0,0,0
1770256966631873688,19,19,19,19,0,0,0,0
1770256966634143340,19,19,19,19,0,0,0,0
1770256966635981046,19,19,19,19,0,0,0,0
1770256966638208169,19,19,19,19,0,0,0,0
1770256966640052819,19,19,19,19,0,0,0,0
1770256966641646552,19,19,19,19,0,0,0,0
1770256966643650886,19,19,19,19,0,0,0,0
1770256966645572530,19,19,19,19,0,0,0,0
1770256966647651137,19,19,19,19,0,0,0,0
1770256966649601198,19,19,19,19,0,0,0,0
1770256966652150408,19,19,19,19,0,0,0,0
1770256966654209239,19,19,19,19,0,0,0,0
1770256966656279751,19,19,19,19,0,0,0,0
1770256966658023087,19,19,19,19,0,0,0,0
1770256966659738422,19,19,19,19,0,0,0,0
1770256966661873447,19,19,19,19,0,0,0,0
1770256966663835796,19,19,19,19,0,0,0,0
1770256966665702847,19,19,19,19,0,0,0,0
1770256966668232888,19,19,19,19,0,0,0,0
1770256966669870270,19,19,19,19,0,0,0,0
1770256966672042448,19,19,19,19,0,0,0,0
1770256966673870106,19,19,19,19,0,0,0,0
1770256966676105325,19,19,19,19,0,0,0,0
1770256966678011064,19,19,19,19,0,0,0,0
1770256966680339374,19,19,19,19,0,0,0,0
1770256966682214841,19,19,19,19,0,0,0,0
1770256966684539406,19,19,19,19,0,0,0,0
1770256966686291670,19,19,19,19,0,0,0,0
1770256966688214274,19,19,19,19,0,0,0,0
1770256966690501878,19,19,19,19,0,0,0,0
1770256966691933047,19,19,19,19,0,0,0,0
1770256966693772353,19,19,19,19,0,0,0,0
1770256966695692141,19,19,19,19,0,0,0,0
1770256966698044547,19,19,19,19,0,0,0,0
1770256966699856108,19,19,19,19,0,0,0,0
1770256966702259299,19,19,19,19,0,0,0,0
1770256966704092941,19,19,19,19,0,0,0,0
1770256966706041498,19,19,19,19,0,0,0,0
1770256966707844291,19,19,19,19,0,0,0,0
1770256966709834225,19,19,19,19,0,0,0,0
1770256966711794174,19,19,19,19,0,0,0,0
1770256966714091890,19,19,19,19,0,0,0,0
1770256966715764025,19,19,19,19,0,0,0,0
1770256966717942698,19,19,19,19,0,0,0,0
1770256966719943288,19,19,19,19,0,0,0,0
1770256966722287150,19,19,19,19,0,0,0,0
1770256966723993333,19,19,19,19,0,0,0,0
1770256966726310314,19,19,19,19,0,0,0,0
1770256966728243926,19,19,19,19,0,0,0,0
1770256966730002270,19,19,19,19,0,0,0,0
1770256966731885066,19,19,19,19,0,0,0,0
1770256966734081180,19,19,19,19,0,0,0,0
1770256966735788675,19,19,19,19,0,0,0,0
1770256966737865298,19,19,19,19,0,0,0,0
1770256966739792767,19,19,19,19,0,0,0,0
1770256966741859246,19,19,19,19,0,0,0,0
1770256966743726841,19,19,19,19,0,0,0,0
1770256966745909931,19,19,19,19,0,0,0,0
1770256966747876408,19,19,19,19,0,0,0,0
1770256966750397617,19,19,19,19,0,0,0,0
1770256966752444416,19,19,19,19,0,0,0,0
1770256966754597586,19,19,19,19,0,0,0,0
1770256966756823044,19,19,19,19,0,0,0,0
1770256966758712464,19,19,19,19,0,0,0,0
1770256966760027950,19,19,19,19,0,0,0,0
1770256966761839159,19,19,19,19,0,0,0,0
1770256966763739555,19,19,19,19,0,0,0,0
1770256966765626158,19,19,19,19,0,0,0,0
1770256966767766495,19,19,19,19,0,0,0,0
1770256966769594633,19,19,19,19,0,0,0,0
1770256966772775698,19,19,19,19,0,0,0,0
1770256966774605852,19,19,19,19,0,0,0,0
1770256966776639498,19,19,19,19,0,0,0,0
1770256966778443731,19,19,19,19,0,0,0,0
1770256966780690695,19,19,19,19,0,0,0,0
1770256966781845697,19,19,19,19,0,0,0,0
1770256966783717484,19,19,19,19,0,0,0,0
1770256966785828188,19,19,19,19,0,0,0,0
1770256966787699943,19,19,19,19,0,0,0,0
1770256966789743094,19,19,19,19,0,0,0,0
1770256966791862119,19,19,19,19,0,0,0,0
1770256966794031032,19,19,19,19,0,0,0,0
1770256966796148425,19,19,19,19,0,0,0,0
1770256966797815119,19,19,19,19,0,0,0,0
1770256966800326984,19,19,19,19,0,0,0,0
1770256966801757769,19,19,19,19,0,0,0,0
1770256966803996700,19,19,19,19,0,0,0,0
1770256966805809798,19,19,19,19,0,0,0,0
1770256966807791571,19,19,19,19,0,0,0,0
1770256966809926692,19,19,19,19,0,0,0,0
1770256966812194296,19,19,19,19,0,0,0,0
1770256966814231591,19,19,19,19,0,0,0,0
1770256966816048912,19,19,19,19,0,0,0,0
1770256966818064702,19,19,19,19,0,0,0,0
1770256966819941417,19,19,19,19,0,0,0,0
1770256966821970840,19,19,19,19,0,0,0,0
1770256966823945317,19,19,19,19,0,0,0,0
1770256966825876401,19,19,19,19,0,0,0,0
1770256966827843934,19,19,19,19,0,0,0,0
1770256966829936910,19,19,19,19,0,0,0,0
1770256966831894427,19,19,19,19,0,0,0,0
1770256966833892873,19,19,19,19,0,0,0,0
1770256966835868566,19,19,19,19,0,0,0,0
1770256966837833763,19,19,19,19,0,0,0,0
1770256966839843953,19,19,19,19,0,0,0,0
1770256966841841535,19,19,19,19,0,0,0,0
1770256966844081874,19,19,19,19,0,0,0,0
1770256966845752600,19,19,19,19,0,0,0,0
1770256966847722373,19,19,19,19,0,0,0,0
1770256966849851350,19,19,19,19,0,0,0,0
1770256966851699104,19,19,19,19,0,0,0,0
1770256966854074231,19,19,19,19,0,0,0,0
1770256966856094309,19,19,19,19,0,0,0,0
1770256966857987600,19,19,19,19,0,0,0,0
1770256966860307077,19,19,19,19,0,0,0,0
1770256966862022861,19,19,19,19,0,0,0,0
1770256966863819510,19,19,19,19,0,0,0,0
1770256966865944134,19,19,19,19,0,0,0,0
1770256966867813745,19,19,19,19,0,0,0,0
1770256966869852576,19,19,19,19,0,0,0,0
1770256966872106579,19,19,19,19,0,0,0,0
1770256966874150690,19,19,19,19,0,0,0,0
1770256966875822185,19,19,19,19,0,0,0,0
1770256966877938841,19,19,19,19,0,0,0,0
1770256966879799716,19,19,19,19,0,0,0,0
1770256966881979798,19,19,19,19,0,0,0,0
1770256966883834208,19,19,19,19,0,0,0,0
1770256966885835502,19,19,19,19,0,0,0,0
1770256966888095105,19,19,19,19,0,0,0,0
1770256966889833513,19,19,19,19,0,0,0,0
1770256966891905689,19,19,19,19,0,0,0,0
1770256966893757251,19,19,19,19,0,0,0,0
1770256966895930229,19,19,19,19,0,0,0,0
1770256966897816768,19,19,19,19,0,0,0,0
1770256966899691371,19,19,19,19,0,0,0,0
1770256966901915358,19,19,19,19,0,0,0,0
1770256966904173842,19,19,19,19,0,0,0,0
1770256966905620371,19,19,19,19,0,0,0,0
1770256966907849862,19,19,19,19,0,0,0,0
1770256966909636431,19,19,19,19,0,0,0,0
1770256966911841281,19,19,19,19,0,0,0,0
1770256966913805646,19,19,19,19,0,0,0,0
1770256966916260582,19,19,19,19,0,0,0,0
1770256966918009614,19,19,19,19,0,0,0,0
1770256966919986396,19,19,19,19,0,0,0,0
1770256966922081644,19,19,19,19,0,0,0,0
1770256966924120378,19,19,19,19,0,0,0,0
1770256966925979397,19,19,19,19,0,0,0,0
1770256966927850416,19,19,19,19,0,0,0,0
1770256966930012193,19,19,19,19,0,0,0,0
1770256966931953998,19,19,19,19,0,0,0,0
1770256966934053150,19,19,19,19,0,0,0,0
1770256966935824006,19,19,19,19,0,0,0,0
1770256966937804307,19,19,19,19,0,0,0,0
1770256966939802433,19,19,19,19,0,0,0,0
1770256966941956722,19,19,19,19,0,0,0,0
1770256966943947936,19,19,19,19,0,0,0,0
1770256966945732777,19,19,19,19,0,0,0,0
1770256966947918331,19,19,19,19,0,0,0,0
1770256966949783654,19,19,19,19,0,0,0,0
1770256966951864533,19,19,19,19,0,0,0,0
1770256966953946853,19,19,19,19,0,0,0,0
1770256966956238169,19,19,19,19,0,0,0,0
1770256966958102244,19,19,19,19,0,0,0,0
1770256966960265046,19,19,19,19,0,0,0,0
1770256966961918523,19,19,19,19,0,0,0,0
1770256966964215952,19,19,19,19,0,0,0,0
1770256966965965240,19,19,19,19,0,0,0,0
1770256966968036551,19,19,19,19,0,0,0,0
1770256966970274971,19,19,19,19,0,0,0,0
1770256966972406540,19,19,19,19,0,0,0,0
1770256966974333432,19,19,19,19,0,0,0,0
1770256966975750584,19,19,19,19,0,0,0,0
1770256966977983307,19,19,19,19,0,0,0,0
1770256966979875255,19,19,19,19,0,0,0,0
1770256966981744705,19,19,19,19,0,0,0,0
1770256966983974676,19,19,19,19,0,0,0,0
1770256966985814430,19,19,19,19,0,0,0,0
1770256966987748043,19,19,19,19,0,0,0,0
1770256966990036959,19,19,19,19,0,0,0,0
1770256966991838344,19,19,19,19,0,0,0,0
1770256966993783413,19,19,19,19,0,0,0,0
1770256966995699009,19,19,19,19,0,0,0,0
1770256966998033046,19,19,19,19,0,0,0,0
1770256967000051460,19,19,19,19,0,0,0,0
1770256967002101139,19,19,19,19,0,0,0,0
1770256967004280517,19,19,19,19,0,0,0,0
1770256967006078222,19,19,19,19,0,0,0,0
1770256967007976890,19,19,19,19,0,0,0,0
1770256967009992744,19,19,19,19,0,0,0,0
1770256967011914196,19,19,19,19,0,0,0,0
1770256967013905538,19,19,19,19,0,0,0,0
1770256967015893391,19,19,19,19,0,0,0,0
1770256967017839356,19,19,19,19,0,0,0,0
1770256967019700614,19,19,19,19,0,0,0,0
1770256967021778518,19,19,19,19,0,0,0,0
1770256967023642720,19,19,19,19,0,0,0,0
1770256967025814226,19,19,19,19,0,0,0,0
1770256967027722718,19,19,19,19,0,0,0,0
1770256967030113205,19,19,19,19,0,0,0,0
1770256967032353576,19,19,19,19,0,0,0,0
1770256967034084559,19,19,19,19,0,0,0,0
1770256967036283906,19,19,19,19,0,0,0,0
1770256967038251055,19,19,19,19,0,0,0,0
1770256967039908309,19,19,19,19,0,0,0,0
1770256967041896002,19,19,19,19,0,0,0,0
1770256967043958641,19,19,19,19,0,0,0,0
1770256967046004384,19,19,19,19,0,0,0,0
1770256967047893900,19,19,19,19,0,0,0,0
1770256967049790903,19,19,19,19,0,0,0,0
1770256967052246127,19,19,19,19,0,0,0,0
1770256967053985943,19,19,19,19,0,0,0,0
1770256967055952964,19,19,19,19,0,0,0,0
1770256967058260153,19,19,19,19,0,0,0,0
1770256967059800892,19,19,19,19,0,0,0,0
1770256967061783882,19,19,19,19,0,0,0,0
1770256967063908122,19,19,19,19,0,0,0,0
1770256967065914728,19,19,19,19,0,0,0,0
1770256967067816212,19,19,19,19,0,0,0,0
1770256967070409103,19,19,19,19,0,0,0,0
1770256967072490111,19,19,19,19,0,0,0,0
1770256967074766323,19,19,19,19,0,0,0,0
1770256967076772289,19,19,19,19,0,0,0,0
1770256967078565802,19,19,19,19,0,0,0,0
1770256967079570625,19,19,19,19,0,0,0,0
1770256967081581967,19,19,19,19,0,0,0,0
1770256967083632990,19,19,19,19,0,0,0,0
1770256967085686189,19,19,19,19,0,0,0,0
1770256967087695995,19,19,19,19,0,0,0,0
1770256967090058097,19,19,19,19,0,0,0,0
1770256967092212482,19,19,19,19,0,0,0,0
1770256967094311218,19,19,19,19,0,0,0,0
1770256967095879062,19,19,19,19,0,0,0,0
1770256967098140042,19,19,19,19,0,0,0,0
1770256967099775567,19,19,19,19,0,0,0,0
1770256967101857663,19,19,19,19,0,0,0,0
1770256967103995600,19,19,19,19,0,0,0,0
1770256967105915868,19,19,19,19,0,0,0,0
1770256967107914922,19,19,19,19,0,0,0,0
1770256967110097500,19,19,19,19,0,0,0,0
1770256967112010023,19,19,19,19,0,0,0,0
1770256967114243066,19,19,19,19,0,0,0,0
1770256967116075748,19,19,19,19,0,0,0,0
1770256967118000752,19,19,19,19,0,0,0,0
1770256967119760729,19,19,19,19,0,0,0,0
1770256967122214897,19,19,19,19,0,0,0,0
1770256967123903960,19,19,19,19,0,0,0,0
1770256967125866180,19,19,19,19,0,0,0,0
1770256967127922612,19,19,19,19,0,0,0,0
1770256967129761726,19,19,19,19,0,0,0,0
1770256967132015953,19,19,19,19,0,0,0,0
1770256967134023423,19,19,19,19,0,0,0,0
1770256967135804456,19,19,19,19,0,0,0,0
1770256967138113597,19,19,19,19,0,0,0,0
1770256967139923878,19,19,19,19,0,0,0,0
1770256967141831826,19,19,19,19,0,0,0,0
1770256967143953859,19,19,19,19,0,0,0,0
1770256967145964593,19,19,19,19,0,0,0,0
1770256967147805947,19,19,19,19,0,0,0,0
1770256967149852714,19,19,19,19,0,0,0,0
1770256967152063708,19,19,19,19,0,0,0,0
1770256967154024169,19,19,19,19,0,0,0,0
1770256967155724848,19,19,19,19,0,0,0,0
1770256967158312779,19,19,19,19,0,0,0,0
1770256967160047091,19,19,19,19,0,0,0,0
1770256967161697049,19,19,19,19,0,0,0,0
1770256967163806217,19,19,19,19,0,0,0,0
1770256967165684820,19,19,19,19,0,0,0,0
1770256967167726019,19,19,19,19,0,0,0,0
1770256967169672591,19,19,19,19,0,0,0,0
1770256967171869538,19,19,19,19,0,0,0,0
1770256967173924465,19,19,19,19,0,0,0,0
1770256967175812764,19,19,19,19,0,0,0,0
1770256967177824010,19,19,19,19,0,0,0,0
1770256967180034525,19,19,19,19,0,0,0,0
1770256967181779812,19,19,19,19,0,0,0,0
1770256967183811123,19,19,19,19,0,0,0,0
1770256967185945156,19,19,19,19,0,0,0,0
1770256967187850383,19,19,19,19,0,0,0,0
1770256967189991968,19,19,19,19,0,0,0,0
1770256967191814218,19,19,19,19,0,0,0,0
1770256967193919322,19,19,19,19,0,0,0,0
1770256967195723076,19,19,19,19,0,0,0,0
1770256967198011864,19,19,19,19,0,0,0,0
1770256967199816609,19,19,19,19,0,0,0,0
1770256967201628075,19,19,19,19,0,0,0,0
1770256967203705050,19,19,19,19,0,0,0,0
1770256967205749769,19,19,19,19,0,0,0,0
1770256967207785112,19,19,19,19,0,0,0,0
1770256967209735236,19,19,19,19,0,0,0,0
1770256967212108507,19,19,19,19,0,0,0,0
1770256967214106664,19,19,19,19,0,0,0,0
1770256967216308667,19,19,19,19,0,0,0,0
1770256967218333097,19,19,19,19,0,0,0,0
1770256967220054417,19,19,19,19,0,0,0,0
1770256967221989117,19,19,19,19,0,0,0,0
1770256967223840071,19,19,19,19,0,0,0,0
1770256967225976728,19,19,19,19,0,0,0,0
1770256967227830595,19,19,19,19,0,0,0,0
1770256967229838609,19,19,19,19,0,0,0,0
1770256967231902368,19,19,19,19,0,0,0,0
1770256967233831148,19,19,19,19,0,0,0,0
1770256967235945628,19,19,19,19,0,0,0,0
1770256967237798695,19,19,19,19,0,0,0,0
1770256967240153373,19,19,19,19,0,0,0,0
1770256967242186923,19,19,19,19,0,0,0,0
1770256967244075383,19,19,19,19,0,0,0,0
1770256967246220072,19,19,19,19,0,0,0,0
1770256967248285303,19,19,19,19,0,0,0,0
1770256967249608469,19,19,19,19,0,0,0,0
1770256967251837896,19,19,19,19,0,0,0,0
1770256967253690771,19,19,19,19,0,0,0,0
1770256967255808835,19,19,19,19,0,0,0,0
1770256967257706927,19,19,19,19,0,0,0,0
1770256967260203272,19,19,19,19,0,0,0,0
1770256967261932687,19,19,19,19,0,0,0,0
1770256967263835899,19,19,19,19,0,0,0,0
1770256967266030605,19,19,19,19,0,0,0,0
1770256967267799446,19,19,19,19,0,0,0,0
1770256967269968679,19,19,19,19,0,0,0,0
1770256967272124985,19,19,19,19,0,0,0,0
1770256967274064037,19,19,19,19,0,0,0,0
1770256967275894447,19,19,19,19,0,0,0,0
1770256967277840251,19,19,19,19,0,0,0,0
1770256967279836553,19,19,19,19,0,0,0,0
1770256967281713908,19,19,19,19,0,0,0,0
1770256967283971752,19,19,19,19,0,0,0,0
1770256967285990550,19,19,19,19,0,0,0,0
1770256967287977156,19,19,19,19,0,0,0,0
1770256967290059155,19,19,19,19,0,0,0,0
1770256967291917246,19,19,19,19,0,0,0,0
1770256967293911883,19,19,19,19,0,0,0,0
1770256967295970490,19,19,19,19,0,0,0,0
1770256967297942216,19,19,19,19,0,0,0,0
1770256967299940469,19,19,19,19,0,0,0,0
1770256967301954691,19,19,19,19,0,0,0,0
1770256967303766221,19,19,19,19,0,0,0,0
1770256967305718426,19,19,19,19,0,0,0,0
1770256967307919404,19,19,19,19,0,0,0,0
1770256967309856664,19,19,19,19,0,0,0,0
1770256967311990985,19,19,19,19,0,0,0,0
1770256967313862484,19,19,19,19,0,0,0,0
1770256967315805185,19,19,19,19,0,0,0,0
1770256967318056884,19,19,19,19,0,0,0,0
1770256967319800796,19,19,19,19,0,0,0,0
1770256967321931373,19,19,19,19,0,0,0,0
1770256967324017085,19,19,19,19,0,0,0,0
1770256967325820902,19,19,19,19,0,0,0,0
1770256967327801939,19,19,19,19,0,0,0,0
1770256967329984677,19,19,19,19,0,0,0,0
1770256967331976819,19,19,19,19,0,0,0,0
1770256967333949248,19,19,19,19,0,0,0,0
1770256967335812523,19,19,19,19,0,0,0,0
1770256967337930619,19,19,19,19,0,0,0,0
1770256967339876456,19,19,19,19,0,0,0,0
1770256967341812532,19,19,19,19,0,0,0,0
1770256967343930500,19,19,19,19,0,0,0,0
1770256967345721965,19,19,19,19,0,0,0,0
1770256967347926208,19,19,19,19,0,0,0,0
1770256967349852044,19,19,19,19,0,0,0,0
1770256967352525929,19,19,19,19,0,0,0,0
1770256967354522647,19,19,19,19,0,0,0,0
1770256967355768147,19,19,19,19,0,0,0,0
1770256967357724800,19,19,19,19,0,0,0,0
1770256967359824400,19,19,19,19,0,0,0,0
1770256967361830046,19,19,19,19,0,0,0,0
1770256967363810891,19,19,19,19,0,0,0,0
1770256967365822714,19,19,19,19,0,0,0,0
1770256967367638883,19,19,19,19,0,0,0,0
1770256967369802453,19,19,19,19,0,0,0,0
1770256967371709696,19,19,19,19,0,0,0,0
1770256967373814000,19,19,19,19,0,0,0,0
1770256967375941505,19,19,19,19,0,0,0,0
1770256967378122931,19,19,19,19,0,0,0,0
1770256967380088960,19,19,19,19,0,0,0,0
1770256967382088430,19,19,19,19,0,0,0,0
1770256967383973561,19,19,19,19,0,0,0,0
1770256967386004360,19,19,19,19,0,0,0,0
1770256967387818769,19,19,19,19,0,0,0,0
1770256967389821599,19,19,19,19,0,0,0,0
1770256967392076371,19,19,19,19,0,0,0,0
1770256967393679799,19,19,19,19,0,0,0,0
1770256967395592227,19,19,19,19,0,0,0,0
1770256967397705683,19,19,19,19,0,0,0,0
1770256967399594015,19,19,19,19,0,0,0,0
1770256967401660654,19,19,19,19,0,0,0,0
1770256967404143591,19,19,19,19,0,0,0,0
1770256967406133812,19,19,19,19,0,0,0,0
1770256967407985823,19,19,19,19,0,0,0,0
1770256967409836649,19,19,19,19,0,0,0,0
1770256967411934937,19,19,19,19,0,0,0,0
1770256967413775491,19,19,19,19,0,0,0,0
1770256967415864435,19,19,19,19,0,0,0,0
1770256967417935650,19,19,19,19,0,0,0,0
1770256967419890991,19,19,19,19,0,0,0,0
1770256967421751002,19,19,19,19,0,0,0,0
1770256967423951756,19,19,19,19,0,0,0,0
1770256967425951514,19,19,19,19,0,0,0,0
1770256967427869158,19,19,19,19,0,0,0,0
1770256967429946229,19,19,19,19,0,0,0,0
1770256967432166184,19,19,19,19,0,0,0,0
1770256967433860207,19,19,19,19,0,0,0,0
1770256967435888925,19,19,19,19,0,0,0,0
1770256967437774217,19,19,19,19,0,0,0,0
1770256967440265218,19,19,19,19,0,0,0,0
1770256967441770468,19,19,19,19,0,0,0,0
1770256967444103290,19,19,19,19,0,0,0,0
1770256967445796896,19,19,19,19,0,0,0,0
1770256967447711852,19,19,19,19,0,0,0,0
1770256967449929663,19,19,19,19,0,0,0,0
1770256967451771273,19,19,19,19,0,0,0,0
1770256967453890202,19,19,19,19,0,0,0,0
1770256967455825798,19,19,19,19,0,0,0,0
1770256967458307807,19,19,19,19,0,0,0,0
1770256967460144553,19,19,19,19,0,0,0,0
1770256967462045716,19,19,19,19,0,0,0,0
1770256967464472908,19,19,19,19,0,0,0,0
1770256967465955758,19,19,19,19,0,0,0,0
1770256967467932091,19,19,19,19,0,0,0,0
1770256967469758949,19,19,19,19,0,0,0,0
1770256967471980952,19,19,19,19,0,0,0,0
1770256967474070216,19,19,19,19,0,0,0,0
1770256967475756654,19,19,19,19,0,0,0,0
1770256967477912703,19,19,19,19,0,0,0,0
1770256967479866316,19,19,19,19,0,0,0,0
1770256967481701526,19,19,19,19,0,0,0,0
1770256967483945738,19,19,19,19,0,0,0,0
1770256967485895254,19,19,19,19,0,0,0,0
1770256967487930213,19,19,19,19,0,0,0,0
1770256967490000084,19,19,19,19,0,0,0,0
1770256967491991490,19,19,19,19,0,0,0,0
1770256967493845868,19,19,19,19,0,0,0,0
1770256967495959837,19,19,19,19,0,0,0,0
1770256967497916137,19,19,19,19,0,0,0,0
1770256967499756820,19,19,19,19,0,0,0,0
1770256967501859716,19,19,19,19,0,0,0,0
1770256967503947155,19,19,19,19,0,0,0,0
1770256967505574809,19,19,19,19,0,0,0,0
1770256967507601223,19,19,19,19,0,0,0,0
1770256967509564788,19,19,19,19,0,0,0,0
1770256967511705413,19,19,19,19,0,0,0,0
1770256967513670514,19,19,19,19,0,0,0,0
1770256967516190604,19,19,19,19,0,0,0,0
1770256967518290076,19,19,19,19,0,0,0,0
1770256967519754141,19,19,19,19,0,0,0,0
1770256967522012049,19,19,19,19,0,0,0,0
1770256967523774521,19,19,19,19,0,0,0,0
1770256967526066894,19,19,19,19,0,0,0,0
1770256967527866775,19,19,19,19,0,0,0,0
1770256967529848292,19,19,19,19,0,0,0,0
1770256967532066167,19,19,19,19,0,0,0,0
1770256967533782494,19,19,19,19,0,0,0,0
1770256967535706474,19,19,19,19,0,0,0,0
1770256967537962334,19,19,19,19,0,0,0,0
1770256967539769287,19,19,19,19,0,0,0,0
1770256967541854007,19,19,19,19,0,0,0,0
1770256967544006184,19,19,19,19,0,0,0,0
1770256967545897300,19,19,19,19,0,0,0,0
1770256967547737022,19,19,19,19,0,0,0,0
1770256967549976817,19,19,19,19,0,0,0,0
1770256967551916638,19,19,19,19,0,0,0,0
1770256967553877098,19,19,19,19,0,0,0,0
1770256967556067325,19,19,19,19,0,0,0,0
1770256967558217486,19,19,19,19,0,0,0,0
1770256967560058648,19,19,19,19,0,0,0,0
1770256967561825600,19,19,19,19,0,0,0,0
1770256967563729484,19,19,19,19,0,0,0,0
1770256967565924926,19,19,19,19,0,0,0,0
1770256967567823402,19,19,19,19,0,0,0,0
1770256967570061981,19,19,19,19,0,0,0,0
1770256967572558710,19,19,19,19,0,0,0,0
1770256967574624773,19,19,19,19,0,0,0,0
1770256967575844737,19,19,19,19,0,0,0,0
1770256967577738701,19,19,19,19,0,0,0,0
1770256967579672025,19,19,19,19,0,0,0,0
1770256967581653382,19,19,19,19,0,0,0,0
1770256967583735222,19,19,19,19,0,0,0,0
1770256967586043563,19,19,19,19,0,0,0,0
1770256967587581518,19,19,19,19,0,0,0,0
1770256967589628381,19,19,19,19,0,0,0,0
1770256967591733325,19,19,19,19,0,0,0,0
1770256967593601528,19,19,19,19,0,0,0,0
1770256967595688808,19,19,19,19,0,0,0,0
1770256967598033885,19,19,19,19,0,0,0,0
1770256967600139277,19,19,19,19,0,0,0,0
1770256967602333856,19,19,19,19,0,0,0,0
1770256967604055015,19,19,19,19,0,0,0,0
1770256967606272026,19,19,19,19,0,0,0,0
1770256967607979137,19,19,19,19,0,0,0,0
1770256967609791658,19,19,19,19,0,0,0,0
1770256967611733175,19,19,19,19,0,0,0,0
1770256967613970570,19,19,19,19,0,0,0,0
1770256967615855989,19,19,19,19,0,0,0,0
1770256967617873091,19,19,19,19,0,0,0,0
1770256967620052373,19,19,19,19,0,0,0,0
1770256967621706683,19,19,19,19,0,0,0,0
1770256967624068849,19,19,19,19,0,0,0,0
1770256967625838874,19,19,19,19,0,0,0,0
1770256967628320179,19,19,19,19,0,0,0,0
1770256967630354721,19,19,19,19,0,0,0,0
1770256967632057896,19,19,19,19,0,0,0,0
1770256967634065910,19,19,19,19,0,0,0,0
1770256967635938913,19,19,19,19,0,0,0,0
1770256967637832908,19,19,19,19,0,0,0,0
1770256967640038335,19,19,19,19,0,0,0,0
1770256967641801767,19,19,19,19,0,0,0,0
1770256967643687250,19,19,19,19,0,0,0,0
1770256967645604510,19,19,19,19,0,0,0,0
1770256967647664717,19,19,19,19,0,0,0,0
1770256967649589017,19,19,19,19,0,0,0,0
1770256967651765707,19,19,19,19,0,0,0,0
1770256967653894652,19,19,19,19,0,0,0,0
1770256967655884714,19,19,19,19,0,0,0,0
1770256967658093052,19,19,19,19,0,0,0,0
1770256967659832612,19,19,19,19,0,0,0,0
1770256967661810033,19,19,19,19,0,0,0,0
1770256967663919041,19,19,19,19,0,0,0,0
1770256967665765580,19,19,19,19,0,0,0,0
1770256967667984863,19,19,19,19,0,0,0,0
1770256967669839817,19,19,19,19,0,0,0,0
1770256967671867895,19,19,19,19,0,0,0,0
1770256967674098763,19,19,19,19,0,0,0,0
1770256967675868851,19,19,19,19,0,0,0,0
1770256967677694781,19,19,19,19,0,0,0,0
1770256967679954961,19,19,19,19,0,0,0,0
1770256967681821595,19,19,19,19,0,0,0,0
1770256967684237203,19,19,19,19,0,0,0,0
1770256967686228480,19,19,19,19,0,0,0,0
1770256967688086411,19,19,19,19,0,0,0,0
1770256967689977942,19,19,19,19,0,0,0,0
1770256967691837857,19,19,19,19,0,0,0,0
1770256967693922064,19,19,19,19,0,0,0,0
1770256967695971327,19,19,19,19,0,0,0,0
1770256967698294324,19,19,19,19,0,0,0,0
1770256967699959739,19,19,19,19,0,0,0,0
1770256967702104812,19,19,19,19,0,0,0,0
1770256967704120474,19,19,19,19,0,0,0,0
1770256967706088263,19,19,19,19,0,0,0,0
1770256967707821454,19,19,19,19,0,0,0,0
1770256967709968128,19,19,19,19,0,0,0,0
1770256967711762889,19,19,19,19,0,0,0,0
1770256967713803991,19,19,19,19,0,0,0,0
1770256967715879719,19,19,19,19,0,0,0,0
1770256967717637935,19,19,19,19,0,0,0,0
1770256967719791809,19,19,19,19,0,0,0,0
1770256967721577321,19,19,19,19,0,0,0,0
1770256967723703738,19,19,19,19,0,0,0,0
1770256967725655015,19,19,19,19,0,0,0,0
1770256967728290691,19,19,19,19,0,0,0,0
1770256967730222511,19,19,19,19,0,0,0,0
1770256967731971735,19,19,19,19,0,0,0,0
1770256967734289420,19,19,19,19,0,0,0,0
1770256967736103734,19,19,19,19,0,0,0,0
1770256967737905407,19,19,19,19,0,0,0,0
1770256967739781514,19,19,19,19,0,0,0,0
1770256967741788664,19,19,19,19,0,0,0,0
1770256967743973066,19,19,19,19,0,0,0,0
1770256967745935447,19,19,19,19,0,0,0,0
1770256967747725024,19,19,19,19,0,0,0,0
1770256967750021365,19,19,19,19,0,0,0,0
1770256967751775389,19,19,19,19,0,0,0,0
1770256967754002224,19,19,19,19,0,0,0,0
1770256967755822681,19,19,19,19,0,0,0,0
1770256967758117614,19,19,19,19,0,0,0,0
1770256967760549510,19,19,19,19,0,0,0,0
1770256967762235788,19,19,19,19,0,0,0,0
1770256967764014293,19,19,19,19,0,0,0,0
1770256967766133605,19,19,19,19,0,0,0,0
1770256967767954351,19,19,19,19,0,0,0,0
1770256967769797561,19,19,19,19,0,0,0,0
1770256967771866089,19,19,19,19,0,0,0,0
1770256967774072315,19,19,19,19,0,0,0,0
1770256967775841476,19,19,19,19,0,0,0,0
1770256967778125720,19,19,19,19,0,0,0,0
1770256967779892128,19,19,19,19,0,0,0,0
1770256967781787372,19,19,19,19,0,0,0,0
1770256967784048479,19,19,19,19,0,0,0,0
1770256967785788711,19,19,19,19,0,0,0,0
1770256967787817910,19,19,19,19,0,0,0,0
1770256967789858660,19,19,19,19,0,0,0,0
1770256967791846450,19,19,19,19,0,0,0,0
1770256967793778302,19,19,19,19,0,0,0,0
1770256967795871854,19,19,19,19,0,0,0,0
1770256967797934141,19,19,19,19,0,0,0,0
1770256967799803240,19,19,19,19,0,0,0,0
1770256967801874072,19,19,19,19,0,0,0,0
1770256967804093578,19,19,19,19,0,0,0,0
1770256967805749072,19,19,19,19,0,0,0,0
1770256967808208937,19,19,19,19,0,0,0,0
1770256967810345753,19,19,19,19,0,0,0,0
1770256967812200260,19,19,19,19,0,0,0,0
1770256967814096047,19,19,19,19,0,0,0,0
1770256967816320290,19,19,19,19,0,0,0,0
1770256967817894054,19,19,19,19,0,0,0,0
1770256967819697808,19,19,19,19,0,0,0,0
1770256967821648444,19,19,19,19,0,0,0,0
1770256967823727756,19,19,19,19,0,0,0,0
1770256967825653336,19,19,19,19,0,0,0,0
1770256967827705895,19,19,19,19,0,0,0,0
1770256967830389860,19,19,19,19,0,0,0,0
1770256967831847494,19,19,19,19,0,0,0,0
1770256967833725681,19,19,19,19,0,0,0,0
1770256967835900290,19,19,19,19,0,0,0,0
1770256967837806318,19,19,19,19,0,0,0,0
1770256967839956767,19,19,19,19,0,0,0,0
1770256967841821546,19,19,19,19,0,0,0,0
1770256967843934298,19,19,19,19,0,0,0,0
1770256967845723619,19,19,19,19,0,0,0,0
1770256967847999127,19,19,19,19,0,0,0,0
1770256967849814881,19,19,19,19,0,0,0,0
1770256967851773102,19,19,19,19,0,0,0,0
1770256967853824477,19,19,19,19,0,0,0,0
1770256967855831723,19,19,19,19,0,0,0,0
1770256967857759703,19,19,19,19,0,0,0,0
1770256967859794597,19,19,19,19,0,0,0,0
1770256967862231389,19,19,19,19,0,0,0,0
1770256967864093832,19,19,19,19,0,0,0,0
1770256967866072917,19,19,19,19,0,0,0,0
1770256967868064547,19,19,19,19,0,0,0,0
1770256967870114514,19,19,19,19,0,0,0,0
1770256967871895738,19,19,19,19,0,0,0,0
1770256967873947817,19,19,19,19,0,0,0,0
1770256967875883478,19,19,19,19,0,0,0,0
1770256967877955973,19,19,19,19,0,0,0,0
1770256967879771439,19,19,19,19,0,0,0,0
1770256967881991170,19,19,19,19,0,0,0,0
1770256967883847884,19,19,19,19,0,0,0,0
1770256967885816121,19,19,19,19,0,0,0,0
1770256967888057356,19,19,19,19,0,0,0,0
1770256967889824085,19,19,19,19,0,0,0,0
1770256967892061960,19,19,19,19,0,0,0,0
1770256967894311324,19,19,19,19,0,0,0,0
1770256967896270024,19,19,19,19,0,0,0,0
1770256967898043025,19,19,19,19,0,0,0,0
1770256967900114912,19,19,19,19,0,0,0,0
1770256967901948458,19,19,19,19,0,0,0,0
1770256967903878263,19,19,19,19,0,0,0,0
1770256967905970662,19,19,19,19,0,0,0,0
1770256967907992469,19,19,19,19,0,0,0,0
1770256967909778750,19,19,19,19,0,0,0,0
1770256967912605854,19,19,19,19,0,0,0,0
1770256967914709807,19,19,19,19,0,0,0,0
1770256967916566521,19,19,19,19,0,0,0,0
1770256967918617192,19,19,19,19,0,0,0,0
1770256967920648790,19,19,19,19,0,0,0,0
1770256967922031702,19,19,19,19,0,0,0,0
1770256967923723741,19,19,19,19,0,0,0,0
1770256967925581255,19,19,19,19,0,0,0,0
1770256967927677111,19,19,19,19,0,0,0,0
1770256967929556386,19,19,19,19,0,0,0,0
1770256967931658643,19,19,19,19,0,0,0,0
1770256967934164684,19,19,19,19,0,0,0,0
1770256967936090776,19,19,19,19,0,0,0,0
1770256967938075813,19,19,19,19,0,0,0,0
1770256967940118900,19,19,19,19,0,0,0,0
1770256967942237797,19,19,19,19,0,0,0,0
1770256967943809865,19,19,19,19,0,0,0,0
1770256967945907449,19,19,19,19,0,0,0,0
1770256967947880070,19,19,19,19,0,0,0,0
1770256967949765937,19,19,19,19,0,0,0,0
1770256967951985412,19,19,19,19,0,0,0,0
1770256967953839406,19,19,19,19,0,0,0,0
1770256967955850972,19,19,19,19,0,0,0,0
1770256967958048783,19,19,19,19,0,0,0,0
1770256967959872600,19,19,19,19,0,0,0,0
1770256967961869862,19,19,19,19,0,0,0,0
1770256967964409088,19,19,19,19,0,0,0,0
1770256967966706069,19,19,19,19,0,0,0,0
1770256967968659298,19,19,19,19,0,0,0,0
1770256967970939382,19,19,19,19,0,0,0,0
1770256967972576539,19,19,19,19,0,0,0,0
1770256967974363076,19,19,19,19,0,0,0,0
1770256967975585152,19,19,19,19,0,0,0,0
1770256967977638575,19,19,19,19,0,0,0,0
1770256967979615996,19,19,19,19,0,0,0,0
1770256967981715596,19,19,19,19,0,0,0,0
1770256967984528205,19,19,19,19,0,0,0,0
1770256967986543995,19,19,19,19,0,0,0,0
1770256967988601866,19,19,19,19,0,0,0,0
1770256967990658841,19,19,19,19,0,0,0,0
1770256967992979470,19,19,19,19,0,0,0,0
1770256967994396207,19,19,19,19,0,0,0,0
1770256967996035604,19,19,19,19,0,0,0,0
1770256967998458220,19,19,19,19,0,0,0,0
1770256968000379096,19,19,19,19,0,0,0,0
1770256968001741495,19,19,19,19,0,0,0,0
1770256968004079340,19,19,19,19,0,0,0,0
1770256968006339872,19,19,19,19,0,0,0,0
1770256968007952037,19,19,19,19,0,0,0,0
1770256968010114071,19,19,19,19,0,0,0,0
1770256968012348490,19,19,19,19,0,0,0,0
1770256968013866092,19,19,19,19,0,0,0,0
1770256968015787032,19,19,19,19,0,0,0,0
1770256968017979755,19,19,19,19,0,0,0,0
1770256968019833621,19,19,19,19,0,0,0,0
1770256968021950597,19,19,19,19,0,0,0,0
1770256968024181401,19,19,19,19,0,0,0,0
1770256968026036771,19,19,19,19,0,0,0,0
1770256968028095218,19,19,19,19,0,0,0,0
1770256968030035039,19,19,19,19,0,0,0,0
1770256968032084717,19,19,19,19,0,0,0,0
1770256968034202302,19,19,19,19,0,0,0,0
1770256968035990855,19,19,19,19,0,0,0,0
1770256968037948660,19,19,19,19,0,0,0,0
1770256968039758973,19,19,19,19,0,0,0,0
1770256968041887566,19,19,19,19,0,0,0,0
1770256968043969278,19,19,19,19,0,0,0,0
1770256968045725158,19,19,19,19,0,0,0,0
1770256968047976857,19,19,19,19,0,0,0,0
1770256968049784291,19,19,19,19,0,0,0,0
1770256968051834290,19,19,19,19,0,0,0,0
1770256968054085317,19,19,19,19,0,0,0,0
1770256968055625032,19,19,19,19,0,0,0,0
1770256968057563541,19,19,19,19,0,0,0,0
1770256968059648100,19,19,19,19,0,0,0,0
1770256968061579281,19,19,19,19,0,0,0,0
1770256968063718050,19,19,19,19,0,0,0,0
1770256968066656229,19,19,19,19,0,0,0,0
1770256968068975482,19,19,19,19,0,0,0,0
1770256968070807652,19,19,19,19,0,0,0,0
1770256968072298374,19,19,19,19,0,0,0,0
1770256968074600603,19,19,19,19,0,0,0,0
1770256968075721876,19,19,19,19,0,0,0,0
1770256968077741251,19,19,19,19,0,0,0,0
1770256968079683663,19,19,19,19,0,0,0,0
1770256968081827808,19,19,19,19,0,0,0,0
1770256968083678251,19,19,19,19,0,0,0,0
1770256968085998176,19,19,19,19,0,0,0,0
1770256968087945516,19,19,19,19,0,0,0,0
1770256968089947258,19,19,19,19,0,0,0,0
1770256968091916935,19,19,19,19,0,0,0,0
1770256968094157658,19,19,19,19,0,0,0,0
1770256968095894178,19,19,19,19,0,0,0,0
1770256968097973298,19,19,19,19,0,0,0,0
1770256968099803996,19,19,19,19,0,0,0,0
1770256968101718856,19,19,19,19,0,0,0,0
1770256968104059389,19,19,19,19,0,0,0,0
1770256968105827078,19,19,19,19,0,0,0,0
1770256968108685863,19,19,19,19,0,0,0,0
1770256968110474736,19,19,19,19,0,0,0,0
1770256968112595040,19,19,19,19,0,0,0,0
1770256968114588430,19,19,19,19,0,0,0,0
1770256968116338934,19,19,19,19,0,0,0,0
1770256968117863577,19,19,19,19,0,0,0,0
1770256968119744420,19,19,19,19,0,0,0,0
1770256968121635855,19,19,19,19,0,0,0,0
1770256968123803553,19,19,19,19,0,0,0,0
1770256968125638411,19,19,19,19,0,0,0,0
1770256968128026146,19,19,19,19,0,0,0,0
1770256968129895629,19,19,19,19,0,0,0,0
1770256968131835641,19,19,19,19,0,0,0,0
1770256968134087564,19,19,19,19,0,0,0,0
1770256968136035865,19,19,19,19,0,0,0,0
1770256968137728128,19,19,19,19,0,0,0,0
1770256968140142007,19,19,19,19,0,0,0,0
1770256968141855934,19,19,19,19,0,0,0,0
1770256968143977487,19,19,19,19,0,0,0,0
1770256968145985245,19,19,19,19,0,0,0,0
1770256968147915337,19,19,19,19,0,0,0,0
1770256968149818933,19,19,19,19,0,0,0,0
1770256968152310350,19,19,19,19,0,0,0,0
1770256968154236282,19,19,19,19,0,0,0,0
1770256968156340682,19,19,19,19,0,0,0,0
1770256968158299223,19,19,19,19,0,0,0,0
1770256968159814137,19,19,19,19,0,0,0,0
1770256968161700389,19,19,19,19,0,0,0,0
1770256968163682866,19,19,19,19,0,0,0,0
1770256968165834531,19,19,19,19,0,0,0,0
1770256968168512833,19,19,19,19,0,0,0,0
1770256968170056516,19,19,19,19,0,0,0,0
1770256968172316696,19,19,19,19,0,0,0,0
1770256968174025407,19,19,19,19,0,0,0,0
1770256968176125167,19,19,19,19,0,0,0,0
1770256968178003674,19,19,19,19,0,0,0,0
1770256968179810819,19,19,19,19,0,0,0,0
1770256968182073463,19,19,19,19,0,0,0,0
1770256968183934242,19,19,19,19,0,0,0,0
1770256968185820653,19,19,19,19,0,0,0,0
1770256968187877916,19,19,19,19,0,0,0,0
1770256968190080494,19,19,19,19,0,0,0,0
1770256968191912664,19,19,19,19,0,0,0,0
1770256968193788259,19,19,19,19,0,0,0,0
1770256968195876371,19,19,19,19,0,0,0,0
1770256968197901345,19,19,19,19,0,0,0,0
1770256968199780396,19,19,19,19,0,0,0,0
1770256968202063009,19,19,19,19,0,0,0,0
1770256968204018797,19,19,19,19,0,0,0,0
1770256968205747125,19,19,19,19,0,0,0,0
1770256968207887174,19,19,19,19,0,0,0,0
1770256968209925461,19,19,19,19,0,0,0,0
1770256968212707668,19,19,19,19,0,0,0,0
1770256968214468029,19,19,19,19,0,0,0,0
1770256968216579821,19,19,19,19,0,0,0,0
1770256968218480120,19,19,19,19,0,0,0,0
1770256968220815598,19,19,19,19,0,0,0,0
1770256968221850566,19,19,19,19,0,0,0,0
1770256968223714928,19,19,19,19,0,0,0,0
1770256968225666749,19,19,19,19,0,0,0,0
1770256968227737420,19,19,19,19,0,0,0,0
1770256968229750458,19,19,19,19,0,0,0,0
1770256968231851082,19,19,19,19,0,0,0,0
1770256968234074397,19,19,19,19,0,0,0,0
1770256968236046571,19,19,19,19,0,0,0,0
1770256968238119610,19,19,19,19,0,0,0,0
1770256968240084967,19,19,19,19,0,0,0,0
1770256968242053524,19,19,19,19,0,0,0,0
1770256968243915327,19,19,19,19,0,0,0,0
1770256968245737576,19,19,19,19,0,0,0,0
1770256968247942171,19,19,19,19,0,0,0,0
1770256968249845926,19,19,19,19,0,0,0,0
1770256968251735378,19,19,19,19,0,0,0,0
1770256968254023654,19,19,19,19,0,0,0,0
1770256968255794543,19,19,19,19,0,0,0,0
1770256968257888543,19,19,19,19,0,0,0,0
1770256968259953198,19,19,19,19,0,0,0,0
1770256968261872186,19,19,19,19,0,0,0,0
1770256968263760901,19,19,19,19,0,0,0,0
1770256968265910326,19,19,19,19,0,0,0,0
1770256968267927684,19,19,19,19,0,0,0,0
1770256968269974675,19,19,19,19,0,0,0,0
1770256968271929792,19,19,19,19,0,0,0,0
1770256968274122802,19,19,19,19,0,0,0,0
1770256968276274467,19,19,19,19,0,0,0,0
1770256968277955050,19,19,19,19,0,0,0,0
1770256968279786580,19,19,19,19,0,0,0,0
1770256968281935685,19,19,19,19,0,0,0,0
1770256968283856913,19,19,19,19,0,0,0,0
1770256968285730556,19,19,19,19,0,0,0,0
1770256968287797739,19,19,19,19,0,0,0,0
1770256968289720695,19,19,19,19,0,0,0,0
1770256968291694052,19,19,19,19,0,0,0,0
1770256968293924727,19,19,19,19,0,0,0,0
1770256968295798850,19,19,19,19,0,0,0,0
1770256968297918835,19,19,19,19,0,0,0,0
1770256968299975394,19,19,19,19,0,0,0,0
1770256968301841677,19,19,19,19,0,0,0,0
1770256968304183810,19,19,19,19,0,0,0,0
1770256968306527960,19,19,19,19,0,0,0,0
1770256968308440644,19,19,19,19,0,0,0,0
1770256968310558996,19,19,19,19,0,0,0,0
1770256968312617475,19,19,19,19,0,0,0,0
1770256968314735892,19,19,19,19,0,0,0,0
1770256968315778668,19,19,19,19,0,0,0,0
1770256968317862267,19,19,19,19,0,0,0,0
1770256968319657541,19,19,19,19,0,0,0,0
1770256968321752340,19,19,19,19,0,0,0,0
1770256968323943271,19,19,19,19,0,0,0,0
1770256968326266300,19,19,19,19,0,0,0,0
1770256968328429357,19,19,19,19,0,0,0,0
1770256968330022514,19,19,19,19,0,0,0,0
1770256968332010111,19,19,19,19,0,0,0,0
1770256968334278291,19,19,19,19,0,0,0,0
1770256968336002299,19,19,19,19,0,0,0,0
1770256968337617728,19,19,19,19,0,0,0,0
1770256968339779249,19,19,19,19,0,0,0,0
1770256968341700157,19,19,19,19,0,0,0,0
1770256968343618569,19,19,19,19,0,0,0,0
1770256968345784443,19,19,19,19,0,0,0,0
1770256968348150257,19,19,19,19,0,0,0,0
1770256968350177663,19,19,19,19,0,0,0,0
1770256968352072715,19,19,19,19,0,0,0,0
1770256968354240188,19,19,19,19,0,0,0,0
1770256968356030373,19,19,19,19,0,0,0,0
1770256968357967569,19,19,19,19,0,0,0,0
1770256968359970207,19,19,19,19,0,0,0,0
1770256968361917420,19,19,19,19,0,0,0,0
1770256968363877113,19,19,19,19,0,0,0,0
1770256968365926408,19,19,19,19,0,0,0,0
1770256968367876244,19,19,19,19,0,0,0,0
1770256968370084999,19,19,19,19,0,0,0,0
1770256968371871952,19,19,19,19,0,0,0,0
1770256968374023841,19,19,19,19,0,0,0,0
1770256968376006926,19,19,19,19,0,0,0,0
1770256968377992604,19,19,19,19,0,0,0,0
1770256968379773061,19,19,19,19,0,0,0,0
1770256968382011224,19,19,19,19,0,0,0,0
1770256968383762688,19,19,19,19,0,0,0,0
1770256968385870672,19,19,19,19,0,0,0,0
1770256968387957152,19,19,19,19,0,0,0,0
1770256968389913997,19,19,19,19,0,0,0,0
1770256968391887706,19,19,19,19,0,0,0,0
1770256968394062380,19,19,19,19,0,0,0,0
1770256968395852597,19,19,19,19,0,0,0,0
1770256968397762784,19,19,19,19,0,0,0,0
1770256968400053269,19,19,19,19,0,0,0,0
1770256968401861758,19,19,19,19,0,0,0,0
1770256968403951406,19,19,19,19,0,0,0,0
1770256968406530249,19,19,19,19,0,0,0,0
1770256968407670595,19,19,19,19,0,0,0,0
1770256968409687665,19,19,19,19,0,0,0,0
1770256968411760321,19,19,19,19,0,0,0,0
1770256968413880369,19,19,19,19,0,0,0,0
1770256968415622745,19,19,19,19,0,0,0,0
1770256968418115762,19,19,19,19,0,0,0,0
1770256968420439528,19,19,19,19,0,0,0,0
1770256968421909417,19,19,19,19,0,0,0,0
1770256968424294496,19,19,19,19,0,0,0,0
1770256968426335183,19,19,19,19,0,0,0,0
1770256968427977876,19,19,19,19,0,0,0,0
1770256968429839327,19,19,19,19,0,0,0,0
1770256968432028945,19,19,19,19,0,0,0,0
1770256968433914620,19,19,19,19,0,0,0,0
1770256968435971051,19,19,19,19,0,0,0,0
1770256968437966713,19,19,19,19,0,0,0,0
1770256968439876197,19,19,19,19,0,0,0,0
1770256968441865650,19,19,19,19,0,0,0,0
1770256968443947106,19,19,19,19,0,0,0,0
1770256968445932111,19,19,19,19,0,0,0,0
1770256968447776857,19,19,19,19,0,0,0,0
1770256968449940651,19,19,19,19,0,0,0,0
1770256968451836534,19,19,19,19,0,0,0,0
1770256968453879237,19,19,19,19,0,0,0,0
1770256968456064599,19,19,19,19,0,0,0,0
1770256968458261417,19,19,19,19,0,0,0,0
1770256968460129844,19,19,19,19,0,0,0,0
1770256968461947102,19,19,19,19,0,0,0,0
1770256968463858186,19,19,19,19,0,0,0,0
1770256968466028251,19,19,19,19,0,0,0,0
1770256968467976072,19,19,19,19,0,0,0,0
1770256968469772177,19,19,19,19,0,0,0,0
1770256968472296619,19,19,19,19,0,0,0,0
1770256968474153365,19,19,19,19,0,0,0,0
1770256968476048257,19,19,19,19,0,0,0,0
1770256968477819401,19,19,19,19,0,0,0,0
1770256968480053276,19,19,19,19,0,0,0,0
1770256968481800356,19,19,19,19,0,0,0,0
1770256968483887284,19,19,19,19,0,0,0,0
1770256968485948931,19,19,19,19,0,0,0,0
1770256968487855535,19,19,19,19,0,0,0,0
1770256968490136451,19,19,19,19,0,0,0,0
1770256968492142705,19,19,19,19,0,0,0,0
1770256968494291170,19,19,19,19,0,0,0,0
1770256968496139148,19,19,19,19,0,0,0,0
1770256968498091481,19,19,19,19,0,0,0,0
1770256968499937059,19,19,19,19,0,0,0,0
1770256968501755693,19,19,19,19,0,0,0,0
1770256968503906942,19,19,19,19,0,0,0,0
1770256968505833354,19,19,19,19,0,0,0,0
1770256968508140575,19,19,19,19,0,0,0,0
1770256968510272080,19,19,19,19,0,0,0,0
1770256968512013304,19,19,19,19,0,0,0,0
1770256968514253547,19,19,19,19,0,0,0,0
1770256968516059861,19,19,19,19,0,0,0,0
1770256968517864766,19,19,19,19,0,0,0,0
1770256968519984622,19,19,19,19,0,0,0,0
1770256968521705974,19,19,19,19,0,0,0,0
1770256968523789957,19,19,19,19,0,0,0,0
1770256968525824500,19,19,19,19,0,0,0,0
1770256968527647838,19,19,19,19,0,0,0,0
1770256968530090454,19,19,19,19,0,0,0,0
1770256968531918048,19,19,19,19,0,0,0,0
1770256968534262037,19,19,19,19,0,0,0,0
1770256968536087135,19,19,19,19,0,0,0,0
1770256968538113485,19,19,19,19,0,0,0,0
1770256968539721106,19,19,19,19,0,0,0,0
1770256968541721696,19,19,19,19,0,0,0,0
1770256968543797903,19,19,19,19,0,0,0,0
1770256968545690715,19,19,19,19,0,0,0,0
1770256968547821036,19,19,19,19,0,0,0,0
1770256968550126784,19,19,19,19,0,0,0,0
1770256968552378836,19,19,19,19,0,0,0,0
1770256968553976632,19,19,19,19,0,0,0,0
1770256968556145962,19,19,19,19,0,0,0,0
1770256968558271003,19,19,19,19,0,0,0,0
1770256968559796798,19,19,19,19,0,0,0,0
1770256968561776363,19,19,19,19,0,0,0,0
1770256968563833594,19,19,19,19,0,0,0,0
1770256968565746086,19,19,19,19,0,0,0,0
1770256968567871159,19,19,19,19,0,0,0,0
1770256968569950502,19,19,19,19,0,0,0,0
1770256968572023286,19,19,19,19,0,0,0,0
1770256968574067140,19,19,19,19,0,0,0,0
1770256968576055058,19,19,19,19,0,0,0,0
1770256968578024799,19,19,19,19,0,0,0,0
1770256968580005708,19,19,19,19,0,0,0,0
1770256968581920120,19,19,19,19,0,0,0,0
1770256968584240877,19,19,19,19,0,0,0,0
1770256968585985781,19,19,19,19,0,0,0,0
1770256968587874208,19,19,19,19,0,0,0,0
1770256968589746187,19,19,19,19,0,0,0,0
1770256968591803258,19,19,19,19,0,0,0,0
1770256968593943979,19,19,19,19,0,0,0,0
1770256968595781205,19,19,19,19,0,0,0,0
1770256968598138283,19,19,19,19,0,0,0,0
1770256968600120121,19,19,19,19,0,0,0,0
1770256968602590257,19,19,19,19,0,0,0,0
1770256968604741347,19,19,19,19,0,0,0,0
1770256968606469386,19,19,19,19,0,0,0,0
1770256968608443831,19,19,19,19,0,0,0,0
1770256968610126782,19,19,19,19,0,0,0,0
1770256968611709314,19,19,19,19,0,0,0,0
1770256968613676079,19,19,19,19,0,0,0,0
1770256968615692957,19,19,19,19,0,0,0,0
1770256968617636138,19,19,19,19,0,0,0,0
1770256968619749018,19,19,19,19,0,0,0,0
1770256968622084560,19,19,19,19,0,0,0,0
1770256968624194144,19,19,19,19,0,0,0,0
1770256968626143373,19,19,19,19,0,0,0,0
1770256968628212124,19,19,19,19,0,0,0,0
1770256968629956196,19,19,19,19,0,0,0,0
1770256968631862575,19,19,19,19,0,0,0,0
1770256968634084834,19,19,19,19,0,0,0,0
1770256968635918636,19,19,19,19,0,0,0,0
1770256968637894490,19,19,19,19,0,0,0,0
1770256968639989961,19,19,19,19,0,0,0,0
1770256968641923030,19,19,19,19,0,0,0,0
1770256968643923332,19,19,19,19,0,0,0,0
1770256968645991091,19,19,19,19,0,0,0,0
1770256968647828029,19,19,19,19,0,0,0,0
1770256968649909869,19,19,19,19,0,0,0,0
1770256968651952219,19,19,19,19,0,0,0,0
1770256968653811046,19,19,19,19,0,0,0,0
1770256968656075226,19,19,19,19,0,0,0,0
1770256968657870531,19,19,19,19,0,0,0,0
1770256968659891601,19,19,19,19,0,0,0,0
1770256968662159941,19,19,19,19,0,0,0,0
1770256968664038192,19,19,19,19,0,0,0,0
1770256968666135744,19,19,19,19,0,0,0,0
1770256968668114029,19,19,19,19,0,0,0,0
1770256968670193245,19,19,19,19,0,0,0,0
1770256968671747040,19,19,19,19,0,0,0,0
1770256968674266554,19,19,19,19,0,0,0,0
1770256968675822494,19,19,19,19,0,0,0,0
1770256968677758762,19,19,19,19,0,0,0,0
1770256968679936860,19,19,19,19,0,0,0,0
1770256968681927530,19,19,19,19,0,0,0,0
1770256968683872758,19,19,19,19,0,0,0,0
1770256968685964486,19,19,19,19,0,0,0,0
1770256968687772591,19,19,19,19,0,0,0,0
1770256968689981570,19,19,19,19,0,0,0,0
1770256968691691145,19,19,19,19,0,0,0,0
1770256968693728408,19,19,19,19,0,0,0,0
1770256968695605891,19,19,19,19,0,0,0,0
1770256968697632369,19,19,19,19,0,0,0,0
1770256968699788514,19,19,19,19,0,0,0,0
1770256968701940308,19,19,19,19,0,0,0,0
1770256968704190279,19,19,19,19,0,0,0,0
1770256968706167092,19,19,19,19,0,0,0,0
1770256968707918812,19,19,19,19,0,0,0,0
1770256968710464471,19,19,19,19,0,0,0,0
1770256968712025274,19,19,19,19,0,0,0,0
1770256968713815491,19,19,19,19,0,0,0,0
1770256968715757968,19,19,19,19,0,0,0,0
1770256968717878849,19,19,19,19,0,0,0,0
1770256968719759116,19,19,19,19,0,0,0,0
1770256968722109345,19,19,19,19,0,0,0,0
1770256968724128496,19,19,19,19,0,0,0,0
1770256968726034779,19,19,19,19,0,0,0,0
1770256968728237038,19,19,19,19,0,0,0,0
1770256968730076664,19,19,19,19,0,0,0,0
1770256968731989444,19,19,19,19,0,0,0,0
1770256968733723819,19,19,19,19,0,0,0,0
1770256968735699896,19,19,19,19,0,0,0,0
1770256968737599716,19,19,19,19,0,0,0,0
1770256968739703956,19,19,19,19,0,0,0,0
1770256968741829733,19,19,19,19,0,0,0,0
1770256968744104857,19,19,19,19,0,0,0,0
1770256968746124103,19,19,19,19,0,0,0,0
1770256968748317881,19,19,19,19,0,0,0,0
1770256968749943199,19,19,19,19,0,0,0,0
1770256968752027374,19,19,19,19,0,0,0,0
1770256968753738709,19,19,19,19,0,0,0,0
1770256968755608320,19,19,19,19,0,0,0,0
1770256968757657487,19,19,19,19,0,0,0,0
1770256968759749311,19,19,19,19,0,0,0,0
1770256968761653099,19,19,19,19,0,0,0,0
1770256968764333832,19,19,19,19,0,0,0,0
1770256968766074288,19,19,19,19,0,0,0,0
1770256968767893177,19,19,19,19,0,0,0,0
1770256968770017706,19,19,19,19,0,0,0,0
1770256968772353152,19,19,19,19,0,0,0,0
1770256968773813601,19,19,19,19,0,0,0,0
1770256968775898065,19,19,19,19,0,0,0,0
1770256968777980032,19,19,19,19,0,0,0,0
1770256968779787882,19,19,19,19,0,0,0,0
1770256968781943931,19,19,19,19,0,0,0,0
1770256968784295313,19,19,19,19,0,0,0,0
1770256968786480803,19,19,19,19,0,0,0,0
1770256968788491089,19,19,19,19,0,0,0,0
1770256968790672675,19,19,19,19,0,0,0,0
1770256968793266942,19,19,19,19,0,0,0,0
1770256968793816907,19,19,19,19,0,0,0,0
1770256968795599156,19,19,19,19,0,0,0,0
1770256968797850375,19,19,19,19,0,0,0,0
1770256968799609775,19,19,19,19,0,0,0,0
1770256968801734048,19,19,19,19,0,0,0,0
1770256968803643052,19,19,19,19,0,0,0,0
1770256968806120869,19,19,19,19,0,0,0,0
1770256968808170995,19,19,19,19,0,0,0,0
1770256968810105280,19,19,19,19,0,0,0,0
1770256968812129742,19,19,19,19,0,0,0,0
1770256968814473220,19,19,19,19,0,0,0,0
1770256968815649599,19,19,19,19,0,0,0,0
1770256968817725838,19,19,19,19,0,0,0,0
1770256968819684155,19,19,19,19,0,0,0,0
1770256968821626119,19,19,19,19,0,0,0,0
1770256968823644246,19,19,19,19,0,0,0,0
1770256968826161519,19,19,19,19,0,0,0,0
1770256968828381154,19,19,19,19,0,0,0,0
1770256968830084905,19,19,19,19,0,0,0,0
1770256968831990133,19,19,19,19,0,0,0,0
1770256968834295497,19,19,19,19,0,0,0,0
1770256968835913039,19,19,19,19,0,0,0,0
1770256968837781785,19,19,19,19,0,0,0,0
1770256968839887241,19,19,19,19,0,0,0,0
1770256968841905464,19,19,19,19,0,0,0,0
1770256968843956167,19,19,19,19,0,0,0,0
1770256968845726159,19,19,19,19,0,0,0,0
1770256968847976675,19,19,19,19,0,0,0,0
1770256968849843245,19,19,19,19,0,0,0,0
1770256968851769978,19,19,19,19,0,0,0,0
1770256968854168784,19,19,19,19,0,0,0,0
1770256968856147454,19,19,19,19,0,0,0,0
1770256968858173516,19,19,19,19,0,0,0,0
1770256968860370206,19,19,19,19,0,0,0,0
1770256968862336395,19,19,19,19,0,0,0,0
1770256968864113268,19,19,19,19,0,0,0,0
1770256968865688984,19,19,19,19,0,0,0,0
1770256968867835593,19,19,19,19,0,0,0,0
1770256968869691956,19,19,19,19,0,0,0,0
1770256968871847077,19,19,19,19,0,0,0,0
1770256968873821810,19,19,19,19,0,0,0,0
1770256968875938403,19,19,19,19,0,0,0,0
1770256968877920976,19,19,19,19,0,0,0,0
1770256968879750522,19,19,19,19,0,0,0,0
1770256968882081903,19,19,19,19,0,0,0,0
1770256968883773238,19,19,19,19,0,0,0,0
1770256968886259247,19,19,19,19,0,0,0,0
1770256968888040024,19,19,19,19,0,0,0,0
1770256968889865570,19,19,19,19,0,0,0,0
1770256968891872880,19,19,19,19,0,0,0,0
1770256968893895390,19,19,19,19,0,0,0,0
1770256968895899724,19,19,19,19,0,0,0,0
1770256968897847000,19,19,19,19,0,0,0,0
1770256968899937832,19,19,19,19,0,0,0,0
1770256968901901653,19,19,19,19,0,0,0,0
1770256968903783744,19,19,19,19,0,0,0,0
1770256968905973810,19,19,19,19,0,0,0,0
1770256968907854845,19,19,19,19,0,0,0,0
1770256968909718248,19,19,19,19,0,0,0,0
1770256968911963931,19,19,19,19,0,0,0,0
1770256968913859687,19,19,19,19,0,0,0,0
1770256968915714769,19,19,19,19,0,0,0,0
1770256968918065575,19,19,19,19,0,0,0,0
1770256968919958450,19,19,19,19,0,0,0,0
1770256968922202598,19,19,19,19,0,0,0,0
1770256968924037232,19,19,19,19,0,0,0,0
1770256968926300676,19,19,19,19,0,0,0,0
1770256968927837095,19,19,19,19,0,0,0,0
1770256968929641616,19,19,19,19,0,0,0,0
1770256968931766721,19,19,19,19,0,0,0,0
1770256968933800975,19,19,19,19,0,0,0,0
1770256968935902527,19,19,19,19,0,0,0,0
1770256968938001071,19,19,19,19,0,0,0,0
1770256968940546346,19,19,19,19,0,0,0,0
1770256968942714139,19,19,19,19,0,0,0,0
1770256968944014393,19,19,19,19,0,0,0,0
1770256968946311694,19,19,19,19,0,0,0,0
1770256968947821296,19,19,19,19,0,0,0,0
1770256968949649018,19,19,19,19,0,0,0,0
1770256968951719754,19,19,19,19,0,0,0,0
1770256968953798169,19,19,19,19,0,0,0,0
1770256968955721253,19,19,19,19,0,0,0,0
1770256968958275392,19,19,19,19,0,0,0,0
1770256968960011655,19,19,19,19,0,0,0,0
1770256968962026837,19,19,19,19,0,0,0,0
1770256968964459405,19,19,19,19,0,0,0,0
1770256968965903854,19,19,19,19,0,0,0,0
1770256968967991678,19,19,19,19,0,0,0,0
1770256968969982956,19,19,19,19,0,0,0,0
1770256968971850678,19,19,19,19,0,0,0,0
1770256968973959239,19,19,19,19,0,0,0,0
1770256968975786032,19,19,19,19,0,0,0,0
1770256968978260265,19,19,19,19,0,0,0,0
1770256968979918223,19,19,19,19,0,0,0,0
1770256968981790490,19,19,19,19,0,0,0,0
1770256968983771207,19,19,19,19,0,0,0,0
1770256968985671347,19,19,19,19,0,0,0,0
1770256968987743874,19,19,19,19,0,0,0,0
1770256968990453696,19,19,19,19,0,0,0,0
1770256968992343307,19,19,19,19,0,0,0,0
1770256968993930352,19,19,19,19,0,0,0,0
1770256968996317350,19,19,19,19,0,0,0,0
1770256968998025454,19,19,19,19,0,0,0,0
1770256968999867128,19,19,19,19,0,0,0,0
1770256969001813348,19,19,19,19,0,0,0,0
1770256969003987734,19,19,19,19,0,0,0,0
1770256969005793599,19,19,19,19,0,0,0,0
1770256969007837358,19,19,19,19,0,0,0,0
1770256969009975359,19,19,19,19,0,0,0,0
1770256969012322357,19,19,19,19,0,0,0,0
1770256969014328419,19,19,19,19,0,0,0,0
1770256969016178061,19,19,19,19,0,0,0,0
1770256969017980534,19,19,19,19,0,0,0,0
1770256969020087143,19,19,19,19,0,0,0,0
1770256969022149462,19,19,19,19,0,0,0,0
1770256969024084674,19,19,19,19,0,0,0,0
1770256969026137905,19,19,19,19,0,0,0,0
1770256969028163999,19,19,19,19,0,0,0,0
1770256969029957161,19,19,19,19,0,0,0,0
1770256969031893237,19,19,19,19,0,0,0,0
1770256969033947044,19,19,19,19,0,0,0,0
1770256969035804206,19,19,19,19,0,0,0,0
1770256969037792892,19,19,19,19,0,0,0,0
1770256969040078352,19,19,19,19,0,0,0,0
1770256969042092670,19,19,19,19,0,0,0,0
1770256969043995498,19,19,19,19,0,0,0,0
1770256969046306751,19,19,19,19,0,0,0,0
1770256969048091720,19,19,19,19,0,0,0,0
1770256969050221944,19,19,19,19,0,0,0,0
1770256969052404874,19,19,19,19,0,0,0,0
1770256969054277429,19,19,19,19,0,0,0,0
1770256969056044478,19,19,19,19,0,0,0,0
1770256969058239120,19,19,19,19,0,0,0,0
1770256969060204925,19,19,19,19,0,0,0,0
1770256969061710207,19,19,19,19,0,0,0,0
1770256969063907058,19,19,19,19,0,0,0,0
1770256969066010850,19,19,19,19,0,0,0,0
1770256969068113682,19,19,19,19,0,0,0,0
1770256969070006749,19,19,19,19,0,0,0,0
1770256969072337267,19,19,19,19,0,0,0,0
1770256969074381057,19,19,19,19,0,0,0,0
1770256969076157322,19,19,19,19,0,0,0,0
1770256969078338460,19,19,19,19,0,0,0,0
1770256969079936225,19,19,19,19,0,0,0,0
1770256969082014864,19,19,19,19,0,0,0,0
1770256969083931900,19,19,19,19,0,0,0,0
1770256969085747622,19,19,19,19,0,0,0,0
1770256969087931832,19,19,19,19,0,0,0,0
1770256969090056840,19,19,19,19,0,0,0,0
1770256969092127416,19,19,19,19,0,0,0,0
1770256969094252008,19,19,19,19,0,0,0,0
1770256969096273143,19,19,19,19,0,0,0,0
1770256969098132833,19,19,19,19,0,0,0,0
1770256969100185136,19,19,19,19,0,0,0,0
1770256969101724179,19,19,19,19,0,0,0,0
1770256969103935430,19,19,19,19,0,0,0,0
1770256969105795889,19,19,19,19,0,0,0,0
1770256969107906721,19,19,19,19,0,0,0,0
1770256969109864238,19,19,19,19,0,0,0,0
1770256969112488874,19,19,19,19,0,0,0,0
1770256969114917025,19,19,19,19,0,0,0,0
1770256969116634729,19,19,19,19,0,0,0,0
1770256969118783578,19,19,19,19,0,0,0,0
1770256969120585315,19,19,19,19,0,0,0,0
1770256969122216361,19,19,19,19,0,0,0,0
1770256969123758796,19,19,19,19,0,0,0,0
1770256969125759514,19,19,19,19,0,0,0,0
1770256969127710246,19,19,19,19,0,0,0,0
1770256969129666451,19,19,19,19,0,0,0,0
1770256969131608896,19,19,19,19,0,0,0,0
1770256969134415104,19,19,19,19,0,0,0,0
1770256969135902082,19,19,19,19,0,0,0,0
1770256969138238743,19,19,19,19,0,0,0,0
1770256969140317767,19,19,19,19,0,0,0,0
1770256969142078479,19,19,19,19,0,0,0,0
1770256969143849016,19,19,19,19,0,0,0,0
1770256969145924135,19,19,19,19,0,0,0,0
1770256969147885044,19,19,19,19,0,0,0,0
1770256969149725598,19,19,19,19,0,0,0,0
1770256969151963761,19,19,19,19,0,0,0,0
1770256969153923550,19,19,19,19,0,0,0,0
1770256969155723144,19,19,19,19,0,0,0,0
1770256969158086750,19,19,19,19,0,0,0,0
1770256969159923080,19,19,19,19,0,0,0,0
1770256969161934838,19,19,19,19,0,0,0,0
1770256969163922307,19,19,19,19,0,0,0,0
1770256969166148822,19,19,19,19,0,0,0,0
1770256969168293159,19,19,19,19,0,0,0,0
1770256969170460473,19,19,19,19,0,0,0,0
1770256969171917370,19,19,19,19,0,0,0,0
1770256969174119949,19,19,19,19,0,0,0,0
1770256969175928950,19,19,19,19,0,0,0,0
1770256969177907171,19,19,19,19,0,0,0,0
1770256969179841168,19,19,19,19,0,0,0,0
1770256969181968064,19,19,19,19,0,0,0,0
1770256969183900077,19,19,19,19,0,0,0,0
1770256969185743991,19,19,19,19,0,0,0,0
1770256969187968778,19,19,19,19,0,0,0,0
1770256969189942199,19,19,19,19,0,0,0,0
1770256969191915268,19,19,19,19,0,0,0,0
1770256969193989044,19,19,19,19,0,0,0,0
1770256969195954240,19,19,19,19,0,0,0,0
1770256969197781994,19,19,19,19,0,0,0,0
1770256969200060382,19,19,19,19,0,0,0,0
1770256969201835303,19,19,19,19,0,0,0,0
1770256969203755539,19,19,19,19,0,0,0,0
1770256969206249164,19,19,19,19,0,0,0,0
1770256969207836689,19,19,19,19,0,0,0,0
1770256969210028387,19,19,19,19,0,0,0,0
1770256969212019280,19,19,19,19,0,0,0,0
1770256969213852954,19,19,19,19,0,0,0,0
1770256969215963179,19,19,19,19,0,0,0,0
1770256969218132604,19,19,19,19,0,0,0,0
1770256969219921093,19,19,19,19,0,0,0,0
1770256969222434655,19,19,19,19,0,0,0,0
1770256969224278121,19,19,19,19,0,0,0,0
1770256969226249942,19,19,19,19,0,0,0,0
1770256969227991774,19,19,19,19,0,0,0,0
1770256969230105102,19,19,19,19,0,0,0,0
1770256969231847190,19,19,19,19,0,0,0,0
1770256969233961447,19,19,19,19,0,0,0,0
1770256969235966772,19,19,19,19,0,0,0,0
1770256969237852096,19,19,19,19,0,0,0,0
1770256969239838285,19,19,19,19,0,0,0,0
1770256969241855291,19,19,19,19,0,0,0,0
1770256969243942507,19,19,19,19,0,0,0,0
1770256969245864791,19,19,19,19,0,0,0,0
1770256969247898118,19,19,19,19,0,0,0,0
1770256969249839346,19,19,19,19,0,0,0,0
1770256969251787423,19,19,19,19,0,0,0,0
1770256969253772620,19,19,19,19,0,0,0,0
1770256969255793306,19,19,19,19,0,0,0,0
1770256969258025709,19,19,19,19,0,0,0,0
1770256969260438821,19,19,19,19,0,0,0,0
1770256969262281199,19,19,19,19,0,0,0,0
1770256969264084952,19,19,19,19,0,0,0,0
1770256969266094310,19,19,19,19,0,0,0,0
1770256969268001106,19,19,19,19,0,0,0,0
1770256969269991615,19,19,19,19,0,0,0,0
1770256969271771944,19,19,19,19,0,0,0,0
1770256969274100221,19,19,19,19,0,0,0,0
1770256969275958152,19,19,19,19,0,0,0,0
1770256969277973526,19,19,19,19,0,0,0,0
1770256969279874210,19,19,19,19,0,0,0,0
1770256969282153686,19,19,19,19,0,0,0,0
1770256969284255878,19,19,19,19,0,0,0,0
1770256969285793321,19,19,19,19,0,0,0,0
1770256969287988123,19,19,19,19,0,0,0,0
1770256969289970217,19,19,19,19,0,0,0,0
1770256969291890741,19,19,19,19,0,0,0,0
1770256969293763360,19,19,19,19,0,0,0,0
1770256969295984754,19,19,19,19,0,0,0,0
1770256969297780571,19,19,19,19,0,0,0,0
1770256969299852491,19,19,19,19,0,0,0,0
1770256969301915770,19,19,19,19,0,0,0,0
1770256969303762436,19,19,19,19,0,0,0,0
1770256969306124762,19,19,19,19,0,0,0,0
1770256969307969989,19,19,19,19,0,0,0,0
1770256969310158551,19,19,19,19,0,0,0,0
1770256969312303368,19,19,19,19,0,0,0,0
1770256969314093873,19,19,19,19,0,0,0,0
1770256969315756535,19,19,19,19,0,0,0,0
1770256969317836135,19,19,19,19,0,0,0,0
1770256969320016440,19,19,19,19,0,0,0,0
1770256969321817826,19,19,19,19,0,0,0,0
1770256969323995636,19,19,19,19,0,0,0,0
1770256969326030114,19,19,19,19,0,0,0,0
1770256969327791530,19,19,19,19,0,0,0,0
1770256969330046494,19,19,19,19,0,0,0,0
1770256969331900009,19,19,19,19,0,0,0,0
1770256969333988056,19,19,19,19,0,0,0,0
1770256969335784289,19,19,19,19,0,0,0,0
1770256969337646572,19,19,19,19,0,0,0,0
1770256969339698523,19,19,19,19,0,0,0,0
1770256969341653960,19,19,19,19,0,0,0,0
1770256969343632885,19,19,19,19,0,0,0,0
1770256969346142735,19,19,19,19,0,0,0,0
1770256969348398914,19,19,19,19,0,0,0,0
1770256969350104425,19,19,19,19,0,0,0,0
1770256969352103287,19,19,19,19,0,0,0,0
1770256969354199143,19,19,19,19,0,0,0,0
1770256969356066898,19,19,19,19,0,0,0,0
1770256969357779001,19,19,19,19,0,0,0,0
1770256969359979915,19,19,19,19,0,0,0,0
1770256969361993593,19,19,19,19,0,0,0,0
1770256969363798339,19,19,19,19,0,0,0,0
1770256969366103544,19,19,19,19,0,0,0,0
1770256969368041348,19,19,19,19,0,0,0,0
1770256969370082867,19,19,19,19,0,0,0,0
1770256969372121569,19,19,19,19,0,0,0,0
1770256969374294579,19,19,19,19,0,0,0,0
1770256969376153950,19,19,19,19,0,0,0,0
1770256969377667104,19,19,19,19,0,0,0,0
1770256969379746576,19,19,19,19,0,0,0,0
1770256969381797407,19,19,19,19,0,0,0,0
1770256969383684362,19,19,19,19,0,0,0,0
1770256969385665591,19,19,19,19,0,0,0,0
1770256969388238194,19,19,19,19,0,0,0,0
1770256969390440197,19,19,19,19,0,0,0,0
1770256969392237838,19,19,19,19,0,0,0,0
1770256969394167834,19,19,19,19,0,0,0,0
1770256969396386093,19,19,19,19,0,0,0,0
1770256969397691563,19,19,19,19,0,0,0,0
1770256969399807835,19,19,19,19,0,0,0,0
1770256969401691910,19,19,19,19,0,0,0,0
1770256969403828439,19,19,19,19,0,0,0,0
1770256969405663649,19,19,19,19,0,0,0,0
1770256969408411680,19,19,19,19,0,0,0,0
1770256969410003428,19,19,19,19,0,0,0,0
1770256969412019379,19,19,19,19,0,0,0,0
1770256969414128451,19,19,19,19,0,0,0,0
1770256969416290356,19,19,19,19,0,0,0,0
1770256969417778006,19,19,19,19,0,0,0,0
1770256969419824133,19,19,19,19,0,0,0,0
1770256969421689168,19,19,19,19,0,0,0,0
1770256969423996549,19,19,19,19,0,0,0,0
1770256969425879152,19,19,19,19,0,0,0,0
1770256969427760219,19,19,19,19,0,0,0,0
1770256969430036591,19,19,19,19,0,0,0,0
1770256969431992892,19,19,19,19,0,0,0,0
1770256969433788421,19,19,19,19,0,0,0,0
1770256969436017560,19,19,19,19,0,0,0,0
1770256969437917827,19,19,19,19,0,0,0,0
1770256969440252537,19,19,19,19,0,0,0,0
1770256969442465676,19,19,19,19,0,0,0,0
1770256969444449337,19,19,19,19,0,0,0,0
1770256969446146560,19,19,19,19,0,0,0,0
1770256969448065036,19,19,19,19,0,0,0,0
1770256969450063290,19,19,19,19,0,0,0,0
1770256969452092968,19,19,19,19,0,0,0,0
1770256969453697709,19,19,19,19,0,0,0,0
1770256969455733211,19,19,19,19,0,0,0,0
1770256969458120242,19,19,19,19,0,0,0,0
1770256969460108319,19,19,19,19,0,0,0,0
1770256969462083565,19,19,19,19,0,0,0,0
1770256969464295487,19,19,19,19,0,0,0,0
1770256969465988070,19,19,19,19,0,0,0,0
1770256969468129623,19,19,19,19,0,0,0,0
1770256969470108100,19,19,19,19,0,0,0,0
1770256969471870637,19,19,19,19,0,0,0,0
1770256969474088319,19,19,19,19,0,0,0,0
1770256969475925130,19,19,19,19,0,0,0,0
1770256969478041402,19,19,19,19,0,0,0,0
1770256969479767842,19,19,19,19,0,0,0,0
1770256969481758191,19,19,19,19,0,0,0,0
1770256969483768189,19,19,19,19,0,0,0,0
1770256969485700873,19,19,19,19,0,0,0,0
1770256969487814234,19,19,19,19,0,0,0,0
1770256969490002892,19,19,19,19,0,0,0,0
1770256969491898135,19,19,19,19,0,0,0,0
1770256969493990887,19,19,19,19,0,0,0,0
1770256969496020950,19,19,19,19,0,0,0,0
1770256969497701468,19,19,19,19,0,0,0,0
1770256969499834509,19,19,19,19,0,0,0,0
1770256969501676311,19,19,19,19,0,0,0,0
1770256969504331412,19,19,19,19,0,0,0,0
1770256969506268352,19,19,19,19,0,0,0,0
1770256969507844356,19,19,19,19,0,0,0,0
1770256969509881523,19,19,19,19,0,0,0,0
1770256969511848928,19,19,19,19,0,0,0,0
1770256969513748939,19,19,19,19,0,0,0,0
1770256969515902301,19,19,19,19,0,0,0,0
1770256969517810312,19,19,19,19,0,0,0,0
1770256969520056892,19,19,19,19,0,0,0,0
1770256969521927463,19,19,19,19,0,0,0,0
1770256969523893268,19,19,19,19,0,0,0,0
1770256969526132839,19,19,19,19,0,0,0,0
1770256969527977553,19,19,19,19,0,0,0,0
1770256969529895325,19,19,19,19,0,0,0,0
1770256969532007693,19,19,19,19,0,0,0,0
1770256969533846199,19,19,19,19,0,0,0,0
1770256969535885670,19,19,19,19,0,0,0,0
1770256969537925301,19,19,19,19,0,0,0,0
1770256969540054822,19,19,19,19,0,0,0,0
1770256969542217655,19,19,19,19,0,0,0,0
1770256969543895805,19,19,19,19,0,0,0,0
1770256969546537754,19,19,19,19,0,0,0,0
1770256969547916346,19,19,19,19,0,0,0,0
1770256969549638145,19,19,19,19,0,0,0,0
1770256969551873236,19,19,19,19,0,0,0,0
1770256969553970596,19,19,19,19,0,0,0,0
1770256969556193175,19,19,19,19,0,0,0,0
1770256969558159844,19,19,19,19,0,0,0,0
1770256969560104561,19,19,19,19,0,0,0,0
1770256969562379429,19,19,19,19,0,0,0,0
1770256969564051083,19,19,19,19,0,0,0,0
1770256969565587918,19,19,19,19,0,0,0,0
1770256969567699454,19,19,19,19,0,0,0,0
1770256969569589962,19,19,19,19,0,0,0,0
1770256969571651577,19,19,19,19,0,0,0,0
1770256969573623238,19,19,19,19,0,0,0,0
1770256969576141984,19,19,19,19,0,0,0,0
1770256969578008042,19,19,19,19,0,0,0,0
1770256969580058009,19,19,19,19,0,0,0,0
1770256969582212683,19,19,19,19,0,0,0,0
1770256969583969651,19,19,19,19,0,0,0,0
1770256969585745564,19,19,19,19,0,0,0,0
1770256969587931598,19,19,19,19,0,0,0,0
1770256969589818937,19,19,19,19,0,0,0,0
1770256969591929897,19,19,19,19,0,0,0,0
1770256969594043225,19,19,19,19,0,0,0,0
1770256969595890788,19,19,19,19,0,0,0,0
1770256969597729486,19,19,19,19,0,0,0,0
1770256969599982369,19,19,19,19,0,0,0,0
1770256969601885805,19,19,19,19,0,0,0,0
1770256969604036926,19,19,19,19,0,0,0,0
1770256969605976107,19,19,19,19,0,0,0,0
1770256969607806229,19,19,19,19,0,0,0,0
1770256969609846819,19,19,19,19,0,0,0,0
1770256969611838737,19,19,19,19,0,0,0,0
1770256969613889248,19,19,19,19,0,0,0,0
1770256969616068082,19,19,19,19,0,0,0,0
1770256969618018302,19,19,19,19,0,0,0,0
1770256969620123278,19,19,19,19,0,0,0,0
1770256969622374658,19,19,19,19,0,0,0,0
1770256969624193932,19,19,19,19,0,0,0,0
1770256969625880146,19,19,19,19,0,0,0,0
1770256969627996227,19,19,19,19,0,0,0,0
1770256969629912079,19,19,19,19,0,0,0,0
1770256969631885532,19,19,19,19,0,0,0,0
1770256969633974668,19,19,19,19,0,0,0,0
1770256969635893047,19,19,19,19,0,0,0,0
1770256969638123115,19,19,19,19,0,0,0,0
1770256969640039254,19,19,19,19,0,0,0,0
1770256969641833983,19,19,19,19,0,0,0,0
1770256969643812685,19,19,19,19,0,0,0,0
1770256969645922045,19,19,19,19,0,0,0,0
1770256969647899178,19,19,19,19,0,0,0,0
1770256969649832887,19,19,19,19,0,0,0,0
1770256969651886982,19,19,19,19,0,0,0,0
1770256969653994646,19,19,19,19,0,0,0,0
1770256969655900833,19,19,19,19,0,0,0,0
1770256969657709131,19,19,19,19,0,0,0,0
1770256969659951358,19,19,19,19,0,0,0,0
1770256969661971116,19,19,19,19,0,0,0,0
1770256969664069020,19,19,19,19,0,0,0,0
1770256969666300688,19,19,19,19,0,0,0,0
1770256969668127193,19,19,19,19,0,0,0,0
1770256969670350156,19,19,19,19,0,0,0,0
1770256969672045523,19,19,19,19,0,0,0,0
1770256969674397321,19,19,19,19,0,0,0,0
1770256969675987181,19,19,19,19,0,0,0,0
1770256969678001179,19,19,19,19,0,0,0,0
1770256969679832901,19,19,19,19,0,0,0,0
1770256969681989015,19,19,19,19,0,0,0,0
1770256969684016709,19,19,19,19,0,0,0,0
1770256969685790958,19,19,19,19,0,0,0,0
1770256969688091554,19,19,19,19,0,0,0,0
1770256969689839978,19,19,19,19,0,0,0,0
1770256969691831192,19,19,19,19,0,0,0,0
1770256969693748388,19,19,19,19,0,0,0,0
1770256969696001911,19,19,19,19,0,0,0,0
1770256969697881699,19,19,19,19,0,0,0,0
1770256969699738285,19,19,19,19,0,0,0,0
1770256969701860094,19,19,19,19,0,0,0,0
1770256969703838603,19,19,19,19,0,0,0,0
1770256969705728278,19,19,19,19,0,0,0,0
1770256969707820006,19,19,19,19,0,0,0,0
1770256969709716977,19,19,19,19,0,0,0,0
1770256969712141897,19,19,19,19,0,0,0,0
1770256969713875633,19,19,19,19,0,0,0,0
1770256969716012258,19,19,19,19,0,0,0,0
1770256969718064273,19,19,19,19,0,0,0,0
1770256969719794456,19,19,19,19,0,0,0,0
1770256969721882856,19,19,19,19,0,0,0,0
1770256969723952375,19,19,19,19,0,0,0,0
1770256969725861347,19,19,19,19,0,0,0,0
1770256969727978131,19,19,19,19,0,0,0,0
1770256969729834270,19,19,19,19,0,0,0,0
1770256969731773418,19,19,19,19,0,0,0,0
1770256969734122528,19,19,19,19,0,0,0,0
1770256969735770278,19,19,19,19,0,0,0,0
1770256969738018425,19,19,19,19,0,0,0,0
1770256969739860707,19,19,19,19,0,0,0,0
1770256969741970132,19,19,19,19,0,0,0,0
1770256969743827550,19,19,19,19,0,0,0,0
1770256969745980272,19,19,19,19,0,0,0,0
1770256969747882747,19,19,19,19,0,0,0,0
1770256969749849480,19,19,19,19,0,0,0,0
1770256969752106428,19,19,19,19,0,0,0,0
1770256969754146411,19,19,19,19,0,0,0,0
1770256969755884306,19,19,19,19,0,0,0,0
1770256969758124198,19,19,19,19,0,0,0,0
1770256969759913199,19,19,19,19,0,0,0,0
1770256969761726872,19,19,19,19,0,0,0,0
1770256969764005580,19,19,19,19,0,0,0,0
1770256969765919096,19,19,19,19,0,0,0,0
1770256969767868165,19,19,19,19,0,0,0,0
1770256969770093688,19,19,19,19,0,0,0,0
1770256969772142854,19,19,19,19,0,0,0,0
1770256969774341593,19,19,19,19,0,0,0,0
1770256969776516363,19,19,19,19,0,0,0,0
1770256969778029261,19,19,19,19,0,0,0,0
1770256969780469413,19,19,19,19,0,0,0,0
1770256969782003112,19,19,19,19,0,0,0,0
1770256969783960629,19,19,19,19,0,0,0,0
1770256969785846144,19,19,19,19,0,0,0,0
1770256969787927568,19,19,19,19,0,0,0,0
1770256969790045152,19,19,19,19,0,0,0,0
1770256969791896427,19,19,19,19,0,0,0,0
1770256969793850679,19,19,19,19,0,0,0,0
1770256969796077322,19,19,19,19,0,0,0,0
1770256969797817938,19,19,19,19,0,0,0,0
1770256969799796128,19,19,19,19,0,0,0,0
1770256969801859087,19,19,19,19,0,0,0,0
1770256969803896573,19,19,19,19,0,0,0,0
1770256969805732487,19,19,19,19,0,0,0,0
1770256969807615539,19,19,19,19,0,0,0,0
1770256969809800613,19,19,19,19,0,0,0,0
1770256969811761137,19,19,19,19,0,0,0,0
1770256969814233610,19,19,19,19,0,0,0,0
1770256969816305241,19,19,19,19,0,0,0,0
1770256969818265638,19,19,19,19,0,0,0,0
1770256969819878635,19,19,19,19,0,0,0,0
1770256969821984251,19,19,19,19,0,0,0,0
1770256969824090604,19,19,19,19,0,0,0,0
1770256969825897141,19,19,19,19,0,0,0,0
1770256969828007749,19,19,19,19,0,0,0,0
1770256969829823567,19,19,19,19,0,0,0,0
1770256969831740411,19,19,19,19,0,0,0,0
1770256969833999310,19,19,19,19,0,0,0,0
1770256969835791608,19,19,19,19,0,0,0,0
1770256969837739236,19,19,19,19,0,0,0,0
1770256969839944311,19,19,19,19,0,0,0,0
1770256969841857538,19,19,19,19,0,0,0,0
1770256969843832016,19,19,19,19,0,0,0,0
1770256969845781180,19,19,19,19,0,0,0,0
1770256969847999471,19,19,19,19,0,0,0,0
1770256969849812824,19,19,19,19,0,0,0,0
1770256969851837543,19,19,19,19,0,0,0,0
1770256969854259518,19,19,19,19,0,0,0,0
1770256969855834946,19,19,19,19,0,0,0,0
1770256969858408701,19,19,19,19,0,0,0,0
1770256969860065411,19,19,19,19,0,0,0,0
1770256969861895533,19,19,19,19,0,0,0,0
1770256969863931964,19,19,19,19,0,0,0,0
1770256969865939306,19,19,19,19,0,0,0,0
1770256969867981560,19,19,19,19,0,0,0,0
1770256969870053416,19,19,19,19,0,0,0,0
1770256969871918387,19,19,19,19,0,0,0,0
1770256969873956769,19,19,19,19,0,0,0,0
1770256969875958991,19,19,19,19,0,0,0,0
1770256969877887099,19,19,19,19,0,0,0,0
1770256969879735173,19,19,19,19,0,0,0,0
1770256969882107868,19,19,19,19,0,0,0,0
1770256969883849668,19,19,19,19,0,0,0,0
1770256969885849361,19,19,19,19,0,0,0,0
1770256969887956514,19,19,19,19,0,0,0,0
1770256969889986608,19,19,19,19,0,0,0,0
1770256969891929661,19,19,19,19,0,0,0,0
1770256969893783847,19,19,19,19,0,0,0,0
1770256969895891671,19,19,19,19,0,0,0,0
1770256969897898725,19,19,19,19,0,0,0,0
1770256969899785680,19,19,19,19,0,0,0,0
1770256969902151975,19,19,19,19,0,0,0,0
1770256969904031762,19,19,19,19,0,0,0,0
1770256969906128834,19,19,19,19,0,0,0,0
1770256969907971948,19,19,19,19,0,0,0,0
1770256969909811574,19,19,19,19,0,0,0,0
1770256969912047593,19,19,19,19,0,0,0,0
1770256969913953365,19,19,19,19,0,0,0,0
1770256969915840320,19,19,19,19,0,0,0,0
1770256969918285912,19,19,19,19,0,0,0,0
1770256969920586797,19,19,19,19,0,0,0,0
1770256969922752446,19,19,19,19,0,0,0,0
1770256969924487558,19,19,19,19,0,0,0,0
1770256969926201325,19,19,19,19,0,0,0,0
1770256969927651150,19,19,19,19,0,0,0,0
1770256969929783039,19,19,19,19,0,0,0,0
1770256969931709035,19,19,19,19,0,0,0,0
1770256969933883773,19,19,19,19,0,0,0,0
1770256969935731239,19,19,19,19,0,0,0,0
1770256969938603721,19,19,19,19,0,0,0,0
1770256969940099403,19,19,19,19,0,0,0,0
1770256969942159034,19,19,19,19,0,0,0,0
1770256969944094407,19,19,19,19,0,0,0,0
1770256969946150326,19,19,19,19,0,0,0,0
1770256969947932223,19,19,19,19,0,0,0,0
1770256969949856427,19,19,19,19,0,0,0,0
1770256969951726389,19,19,19,19,0,0,0,0
1770256969953959913,19,19,19,19,0,0,0,0
1770256969955952278,19,19,19,19,0,0,0,0
1770256969958035622,19,19,19,19,0,0,0,0
1770256969960443165,19,19,19,19,0,0,0,0
1770256969962051650,19,19,19,19,0,0,0,0
1770256969964104497,19,19,19,19,0,0,0,0
1770256969965884378,19,19,19,19,0,0,0,0
1770256969967935593,19,19,19,19,0,0,0,0
1770256969969785811,19,19,19,19,0,0,0,0
1770256969971799649,19,19,19,19,0,0,0,0
1770256969973789935,19,19,19,19,0,0,0,0
1770256969975739867,19,19,19,19,0,0,0,0
1770256969977993263,19,19,19,19,0,0,0,0
1770256969979840601,19,19,19,19,0,0,0,0
1770256969981900392,19,19,19,19,0,0,0,0
1770256969984018361,19,19,19,19,0,0,0,0
1770256969985856931,19,19,19,19,0,0,0,0
1770256969987893329,19,19,19,19,0,0,0,0
1770256969989676570,19,19,19,19,0,0,0,0
1770256969991741353,19,19,19,19,0,0,0,0
1770256969993933692,19,19,19,19,0,0,0,0
1770256969995690372,19,19,19,19,0,0,0,0
1770256969998224510,19,19,19,19,0,0,0,0
1770256970000319822,19,19,19,19,0,0,0,0
1770256970002019573,19,19,19,19,0,0,0,0
1770256970004150118,19,19,19,19,0,0,0,0
1770256970006248790,19,19,19,19,0,0,0,0
1770256970007824730,19,19,19,19,0,0,0,0
1770256970009916714,19,19,19,19,0,0,0,0
1770256970011937784,19,19,19,19,0,0,0,0
1770256970013965734,19,19,19,19,0,0,0,0
1770256970015955796,19,19,19,19,0,0,0,0
1770256970018339370,19,19,19,19,0,0,0,0
1770256970020685696,19,19,19,19,0,0,0,0
1770256970022310501,19,19,19,19,0,0,0,0
1770256970024634778,19,19,19,19,0,0,0,0
1770256970026678761,19,19,19,19,0,0,0,0
1770256970028010120,19,19,19,19,0,0,0,0
1770256970029641101,19,19,19,19,0,0,0,0
1770256970031888097,19,19,19,19,0,0,0,0
1770256970033760427,19,19,19,19,0,0,0,0
1770256970035823067,19,19,19,19,0,0,0,0
1770256970037837545,19,19,19,19,0,0,0,0
1770256970039683539,19,19,19,19,0,0,0,0
1770256970041600447,19,19,19,19,0,0,0,0
1770256970043637837,19,19,19,19,0,0,0,0
1770256970045866945,19,19,19,19,0,0,0,0
1770256970047629545,19,19,19,19,0,0,0,0
1770256970050504459,19,19,19,19,0,0,0,0
1770256970052196177,19,19,19,19,0,0,0,0
1770256970053853847,19,19,19,19,0,0,0,0
1770256970056036201,19,19,19,19,0,0,0,0
1770256970058020471,19,19,19,19,0,0,0,0
1770256970060068998,19,19,19,19,0,0,0,0
1770256970061833102,19,19,19,19,0,0,0,0
1770256970064062145,19,19,19,19,0,0,0,0
1770256970065816681,19,19,19,19,0,0,0,0
1770256970067875128,19,19,19,19,0,0,0,0
1770256970069920679,19,19,19,19,0,0,0,0
1770256970071795666,19,19,19,19,0,0,0,0
1770256970073981348,19,19,19,19,0,0,0,0
1770256970075947697,19,19,19,19,0,0,0,0
1770256970077991040,19,19,19,19,0,0,0,0
1770256970079764456,19,19,19,19,0,0,0,0
1770256970081789527,19,19,19,19,0,0,0,0
1770256970083731555,19,19,19,19,0,0,0,0
1770256970085867572,19,19,19,19,0,0,0,0
1770256970087659293,19,19,19,19,0,0,0,0
1770256970090050836,19,19,19,19,0,0,0,0
1770256970091745435,19,19,19,19,0,0,0,0
1770256970093682343,19,19,19,19,0,0,0,0
1770256970095848313,19,19,19,19,0,0,0,0
1770256970097656610,19,19,19,19,0,0,0,0
1770256970100008664,19,19,19,19,0,0,0,0
1770256970101625405,19,19,19,19,0,0,0,0
1770256970103637835,19,19,19,19,0,0,0,0
1770256970105647449,19,19,19,19,0,0,0,0
1770256970107766505,19,19,19,19,0,0,0,0
1770256970109593619,19,19,19,19,0,0,0,0
1770256970112150862,19,19,19,19,0,0,0,0
1770256970114412066,19,19,19,19,0,0,0,0
1770256970115980038,19,19,19,19,0,0,0,0
1770256970118119959,19,19,19,19,0,0,0,0
1770256970120108548,19,19,19,19,0,0,0,0
1770256970121970767,19,19,19,19,0,0,0,0
1770256970123941244,19,19,19,19,0,0,0,0
1770256970125974986,19,19,19,19,0,0,0,0
1770256970127868022,19,19,19,19,0,0,0,0
1770256970129932485,19,19,19,19,0,0,0,0
1770256970132025621,19,19,19,19,0,0,0,0
1770256970133981314,19,19,19,19,0,0,0,0
1770256970136120883,19,19,19,19,0,0,0,0
1770256970138260644,19,19,19,19,0,0,0,0
1770256970140211824,19,19,19,19,0,0,0,0
1770256970141922615,19,19,19,19,0,0,0,0
1770256970143842723,19,19,19,19,0,0,0,0
1770256970145979220,19,19,19,19,0,0,0,0
1770256970147840671,19,19,19,19,0,0,0,0
1770256970149837293,19,19,19,19,0,0,0,0
1770256970151969629,19,19,19,19,0,0,0,0
1770256970153790759,19,19,19,19,0,0,0,0
1770256970155984089,19,19,19,19,0,0,0,0
1770256970157962151,19,19,19,19,0,0,0,0
1770256970159807569,19,19,19,19,0,0,0,0
1770256970162348427,19,19,19,19,0,0,0,0
1770256970164098451,19,19,19,19,0,0,0,0
1770256970165922909,19,19,19,19,0,0,0,0
1770256970168131919,19,19,19,19,0,0,0,0
1770256970170148766,19,19,19,19,0,0,0,0
1770256970171783043,19,19,19,19,0,0,0,0
1770256970173873523,19,19,19,19,0,0,0,0
1770256970176075173,19,19,19,19,0,0,0,0
1770256970177910735,19,19,19,19,0,0,0,0
1770256970179964478,19,19,19,19,0,0,0,0
1770256970182032750,19,19,19,19,0,0,0,0
1770256970183972122,19,19,19,19,0,0,0,0
1770256970185887334,19,19,19,19,0,0,0,0
1770256970187882067,19,19,19,19,0,0,0,0
1770256970189994628,19,19,19,19,0,0,0,0
1770256970192295161,19,19,19,19,0,0,0,0
1770256970194110914,19,19,19,19,0,0,0,0
1770256970196257747,19,19,19,19,0,0,0,0
1770256970198278145,19,19,19,19,0,0,0,0
1770256970200016681,19,19,19,19,0,0,0,0
1770256970201904820,19,19,19,19,0,0,0,0
1770256970203746047,19,19,19,19,0,0,0,0
1770256970206007698,19,19,19,19,0,0,0,0
1770256970207780571,19,19,19,19,0,0,0,0
1770256970210094192,19,19,19,19,0,0,0,0
1770256970211868569,19,19,19,19,0,0,0,0
1770256970213680482,19,19,19,19,0,0,0,0
1770256970215965878,19,19,19,19,0,0,0,0
1770256970218031046,19,19,19,19,0,0,0,0
1770256970220022035,19,19,19,19,0,0,0,0
1770256970222285927,19,19,19,19,0,0,0,0
1770256970224380599,19,19,19,19,0,0,0,0
1770256970226474023,19,19,19,19,0,0,0,0
1770256970228353618,19,19,19,19,0,0,0,0
1770256970230019576,19,19,19,19,0,0,0,0
1770256970231723231,19,19,19,19,0,0,0,0
1770256970233932690,19,19,19,19,0,0,0,0
1770256970235753307,19,19,19,19,0,0,0,0
1770256970237896332,19,19,19,19,0,0,0,0
1770256970240002301,19,19,19,19,0,0,0,0
1770256970241956969,19,19,19,19,0,0,0,0
1770256970243771571,19,19,19,19,0,0,0,0
1770256970245951525,19,19,19,19,0,0,0,0
1770256970247850800,19,19,19,19,0,0,0,0
1770256970249903775,19,19,19,19,0,0,0,0
1770256970251920365,19,19,19,19,0,0,0,0
1770256970253824121,19,19,19,19,0,0,0,0
1770256970255997611,19,19,19,19,0,0,0,0
1770256970257805684,19,19,19,19,0,0,0,0
1770256970259987654,19,19,19,19,0,0,0,0
1770256970261779631,19,19,19,19,0,0,0,0
1770256970263654650,19,19,19,19,0,0,0,0
1770256970265828876,19,19,19,19,0,0,0,0
1770256970267719735,19,19,19,19,0,0,0,0
1770256970269636515,19,19,19,19,0,0,0,0
1770256970271858902,19,19,19,19,0,0,0,0
1770256970274442449,19,19,19,19,0,0,0,0
1770256970276147256,19,19,19,19,0,0,0,0
1770256970278190951,19,19,19,19,0,0,0,0
1770256970279982864,19,19,19,19,0,0,0,0
1770256970281762489,19,19,19,19,0,0,0,0
1770256970284327347,19,19,19,19,0,0,0,0
1770256970285860150,19,19,19,19,0,0,0,0
1770256970288086665,19,19,19,19,0,0,0,0
1770256970290225722,19,19,19,19,0,0,0,0
1770256970292876535,19,19,19,19,0,0,0,0
1770256970295013704,19,19,19,19,0,0,0,0
1770256970296815537,19,19,19,19,0,0,0,0
1770256970298527992,19,19,19,19,0,0,0,0
1770256970300757963,19,19,19,19,0,0,0,0
1770256970301778275,19,19,19,19,0,0,0,0
1770256970303708783,19,19,19,19,0,0,0,0
1770256970305792095,19,19,19,19,0,0,0,0
1770256970307693066,19,19,19,19,0,0,0,0
1770256970309851932,19,19,19,19,0,0,0,0
1770256970312158288,19,19,19,19,0,0,0,0
1770256970314137982,19,19,19,19,0,0,0,0
1770256970316379345,19,19,19,19,0,0,0,0
1770256970318015670,19,19,19,19,0,0,0,0
1770256970319977859,19,19,19,19,0,0,0,0
1770256970322030034,19,19,19,19,0,0,0,0
1770256970324012992,19,19,19,19,0,0,0,0
1770256970325773256,19,19,19,19,0,0,0,0
1770256970327923929,19,19,19,19,0,0,0,0
1770256970329847045,19,19,19,19,0,0,0,0
1770256970331941429,19,19,19,19,0,0,0,0
1770256970333977732,19,19,19,19,0,0,0,0
1770256970335909872,19,19,19,19,0,0,0,0
1770256970337917438,19,19,19,19,0,0,0,0
1770256970339936172,19,19,19,19,0,0,0,0
1770256970341915738,19,19,19,19,0,0,0,0
1770256970344074091,19,19,19,19,0,0,0,0
1770256970346031992,19,19,19,19,0,0,0,0
1770256970348113223,19,19,19,19,0,0,0,0
1770256970350244184,19,19,19,19,0,0,0,0
1770256970351899550,19,19,19,19,0,0,0,0
1770256970353813194,19,19,19,19,0,0,0,0
1770256970356051421,19,19,19,19,0,0,0,0
1770256970357823814,19,19,19,19,0,0,0,0
1770256970360112506,19,19,19,19,0,0,0,0
1770256970361987749,19,19,19,19,0,0,0,0
1770256970364229944,19,19,19,19,0,0,0,0
1770256970366563950,19,19,19,19,0,0,0,0
1770256970368358295,19,19,19,19,0,0,0,0
1770256970369981180,19,19,19,19,0,0,0,0
1770256970372205167,19,19,19,19,0,0,0,0
1770256970373949047,19,19,19,19,0,0,0,0
1770256970375813794,19,19,19,19,0,0,0,0
1770256970377813423,19,19,19,19,0,0,0,0
1770256970379903743,19,19,19,19,0,0,0,0
1770256970381780202,19,19,19,19,0,0,0,0
1770256970384085887,19,19,19,19,0,0,0,0
1770256970385700708,19,19,19,19,0,0,0,0
1770256970387600431,19,19,19,19,0,0,0,0
1770256970389586653,19,19,19,19,0,0,0,0
1770256970391659276,19,19,19,19,0,0,0,0
1770256970393731196,19,19,19,19,0,0,0,0
1770256970396026448,19,19,19,19,0,0,0,0
1770256970398380646,19,19,19,19,0,0,0,0
1770256970400281554,19,19,19,19,0,0,0,0
1770256970402086363,19,19,19,19,0,0,0,0
1770256970404029607,19,19,19,19,0,0,0,0
1770256970405770223,19,19,19,19,0,0,0,0
1770256970407656699,19,19,19,19,0,0,0,0
1770256970409819308,19,19,19,19,0,0,0,0
1770256970411686071,19,19,19,19,0,0,0,0
1770256970413682724,19,19,19,19,0,0,0,0
1770256970416051963,19,19,19,19,0,0,0,0
1770256970418255949,19,19,19,19,0,0,0,0
1770256970419974773,19,19,19,19,0,0,0,0
1770256970422170375,19,19,19,19,0,0,0,0
1770256970424109235,19,19,19,19,0,0,0,0
1770256970425800314,19,19,19,19,0,0,0,0
1770256970427942123,19,19,19,19,0,0,0,0
1770256970429935513,19,19,19,19,0,0,0,0
1770256970431885765,19,19,19,19,0,0,0,0
1770256970434079799,19,19,19,19,0,0,0,0
1770256970435824479,19,19,19,19,0,0,0,0
1770256970438024402,19,19,19,19,0,0,0,0
1770256970439939102,19,19,19,19,0,0,0,0
1770256970441992333,19,19,19,19,0,0,0,0
1770256970443768981,19,19,19,19,0,0,0,0
1770256970445865669,19,19,19,19,0,0,0,0
1770256970447933621,19,19,19,19,0,0,0,0
1770256970449767455,19,19,19,19,0,0,0,0
1770256970451966641,19,19,19,19,0,0,0,0
1770256970453785434,19,19,19,19,0,0,0,0
1770256970455738599,19,19,19,19,0,0,0,0
1770256970457747061,19,19,19,19,0,0,0,0
1770256970459644289,19,19,19,19,0,0,0,0
1770256970461680143,19,19,19,19,0,0,0,0
1770256970463681309,19,19,19,19,0,0,0,0
1770256970466073044,19,19,19,19,0,0,0,0
1770256970467875005,19,19,19,19,0,0,0,0
1770256970470006958,19,19,19,19,0,0,0,0
1770256970471758614,19,19,19,19,0,0,0,0
1770256970474036298,19,19,19,19,0,0,0,0
1770256970476019255,19,19,19,19,0,0,0,0
1770256970477858018,19,19,19,19,0,0,0,0
1770256970479996787,19,19,19,19,0,0,0,0
1770256970481975296,19,19,19,19,0,0,0,0
1770256970483879275,19,19,19,19,0,0,0,0
1770256970485908058,19,19,19,19,0,0,0,0
1770256970487620033,19,19,19,19,0,0,0,0
1770256970489681232,19,19,19,19,0,0,0,0
1770256970491698462,19,19,19,19,0,0,0,0
1770256970493604394,19,19,19,19,0,0,0,0
1770256970495758875,19,19,19,19,0,0,0,0
1770256970498263221,19,19,19,19,0,0,0,0
1770256970499969404,19,19,19,19,0,0,0,0
1770256970502444756,19,19,19,19,0,0,0,0
1770256970504127195,19,19,19,19,0,0,0,0
1770256970506167946,19,19,19,19,0,0,0,0
1770256970507877073,19,19,19,19,0,0,0,0
1770256970510059523,19,19,19,19,0,0,0,0
1770256970511962222,19,19,19,19,0,0,0,0
1770256970513945148,19,19,19,19,0,0,0,0
1770256970515815622,19,19,19,19,0,0,0,0
1770256970518139580,19,19,19,19,0,0,0,0
1770256970520579988,19,19,19,19,0,0,0,0
1770256970522652995,19,19,19,19,0,0,0,0
1770256970524700050,19,19,19,19,0,0,0,0
1770256970526518459,19,19,19,19,0,0,0,0
1770256970528076127,19,19,19,19,0,0,0,0
1770256970529797863,19,19,19,19,0,0,0,0
1770256970531658769,19,19,19,19,0,0,0,0
1770256970533884292,19,19,19,19,0,0,0,0
1770256970535783824,19,19,19,19,0,0,0,0
1770256970537823166,19,19,19,19,0,0,0,0
1770256970539779019,19,19,19,19,0,0,0,0
1770256970541670102,19,19,19,19,0,0,0,0
1770256970543600067,19,19,19,19,0,0,0,0
1770256970545636849,19,19,19,19,0,0,0,0
1770256970547725441,19,19,19,19,0,0,0,0
1770256970550533665,19,19,19,19,0,0,0,0
1770256970552103493,19,19,19,19,0,0,0,0
1770256970554118195,19,19,19,19,0,0,0,0
1770256970556408200,19,19,19,19,0,0,0,0
1770256970558105487,19,19,19,19,0,0,0,0
1770256970559835638,19,19,19,19,0,0,0,0
1770256970561936294,19,19,19,19,0,0,0,0
1770256970563945108,19,19,19,19,0,0,0,0
1770256970565830783,19,19,19,19,0,0,0,0
1770256970568082643,19,19,19,19,0,0,0,0
1770256970570085313,19,19,19,19,0,0,0,0
1770256970572077934,19,19,19,19,0,0,0,0
1770256970574343938,19,19,19,19,0,0,0,0
1770256970576179532,19,19,19,19,0,0,0,0
1770256970577890963,19,19,19,19,0,0,0,0
1770256970579984611,19,19,19,19,0,0,0,0
1770256970581992369,19,19,19,19,0,0,0,0
1770256970583796091,19,19,19,19,0,0,0,0
1770256970585727559,19,19,19,19,0,0,0,0
1770256970587941946,19,19,19,19,0,0,0,0
1770256970590059818,19,19,19,19,0,0,0,0
1770256970591747377,19,19,19,19,0,0,0,0
1770256970593901378,19,19,19,19,0,0,0,0
1770256970595756364,19,19,19,19,0,0,0,0
1770256970597874333,19,19,19,19,0,0,0,0
1770256970599736616,19,19,19,19,0,0,0,0
1770256970601763734,19,19,19,19,0,0,0,0
1770256970603821445,19,19,19,19,0,0,0,0
1770256970605635535,19,19,19,19,0,0,0,0
1770256970607807488,19,19,19,19,0,0,0,0
1770256970609631498,19,19,19,19,0,0,0,0
1770256970612388585,19,19,19,19,0,0,0,0
1770256970614250164,19,19,19,19,0,0,0,0
1770256970616571945,19,19,19,19,0,0,0,0
1770256970618267024,19,19,19,19,0,0,0,0
1770256970619986999,19,19,19,19,0,0,0,0
1770256970621734527,19,19,19,19,0,0,0,0
1770256970623997235,19,19,19,19,0,0,0,0
1770256970625782268,19,19,19,19,0,0,0,0
1770256970627945709,19,19,19,19,0,0,0,0
1770256970629916954,19,19,19,19,0,0,0,0
1770256970631838118,19,19,19,19,0,0,0,0
1770256970634037657,19,19,19,19,0,0,0,0
1770256970635850594,19,19,19,19,0,0,0,0
1770256970637945906,19,19,19,19,0,0,0,0
1770256970639949696,19,19,19,19,0,0,0,0
1770256970641903469,19,19,19,19,0,0,0,0
1770256970643769912,19,19,19,19,0,0,0,0
1770256970646037291,19,19,19,19,0,0,0,0
1770256970648039161,19,19,19,19,0,0,0,0
1770256970649754017,19,19,19,19,0,0,0,0
1770256970651967123,19,19,19,19,0,0,0,0
1770256970653962945,19,19,19,19,0,0,0,0
1770256970656104466,19,19,19,19,0,0,0,0
1770256970657792633,19,19,19,19,0,0,0,0
1770256970659954346,19,19,19,19,0,0,0,0
1770256970662121820,19,19,19,19,0,0,0,0
1770256970664092137,19,19,19,19,0,0,0,0
1770256970666346748,19,19,19,19,0,0,0,0
1770256970668062788,19,19,19,19,0,0,0,0
1770256970670342136,19,19,19,19,0,0,0,0
1770256970671891675,19,19,19,19,0,0,0,0
1770256970673891817,19,19,19,19,0,0,0,0
1770256970676031738,19,19,19,19,0,0,0,0
1770256970677951398,19,19,19,19,0,0,0,0
1770256970679992085,19,19,19,19,0,0,0,0
1770256970683670281,19,19,19,19,0,0,0,0
1770256970686148226,19,19,19,19,0,0,0,0
1770256970688650715,19,19,19,19,0,0,0,0
1770256970691712737,19,19,19,19,0,0,0,0
1770256970692198028,19,19,19,19,0,0,0,0
1770256970693659758,19,19,19,19,0,0,0,0
1770256970695829119,19,19,19,19,0,0,0,0
1770256970697654633,19,19,19,19,0,0,0,0
1770256970699760153,19,19,19,19,0,0,0,0
1770256970702141712,19,19,19,19,0,0,0,0
1770256970704359011,19,19,19,19,0,0,0,0
1770256970706065290,19,19,19,19,0,0,0,0
1770256970708145753,19,19,19,19,0,0,0,0
1770256970710184616,19,19,19,19,0,0,0,0
1770256970711917296,19,19,19,19,0,0,0,0
1770256970713764282,19,19,19,19,0,0,0,0
1770256970716022734,19,19,19,19,0,0,0,0
1770256970717836503,19,19,19,19,0,0,0,0
1770256970719869382,19,19,19,19,0,0,0,0
1770256970722136378,19,19,19,19,0,0,0,0
1770256970724253706,19,19,19,19,0,0,0,0
1770256970726253592,19,19,19,19,0,0,0,0
1770256970728481643,19,19,19,19,0,0,0,0
1770256970730089104,19,19,19,19,0,0,0,0
1770256970731856664,19,19,19,19,0,0,0,0
1770256970734071819,19,19,19,19,0,0,0,0
1770256970735996855,19,19,19,19,0,0,0,0
1770256970737962948,19,19,19,19,0,0,0,0
1770256970740051700,19,19,19,19,0,0,0,0
1770256970741915102,19,19,19,19,0,0,0,0
1770256970743863275,19,19,19,19,0,0,0,0
1770256970745850936,19,19,19,19,0,0,0,0
1770256970748011754,19,19,19,19,0,0,0,0
1770256970749776530,19,19,19,19,0,0,0,0
1770256970752121352,19,19,19,19,0,0,0,0
1770256970754566432,19,19,19,19,0,0,0,0
1770256970756202437,19,19,19,19,0,0,0,0
1770256970757993838,19,19,19,19,0,0,0,0
1770256970760337124,19,19,19,19,0,0,0,0
1770256970761774117,19,19,19,19,0,0,0,0
1770256970763708625,19,19,19,19,0,0,0,0
1770256970765877411,19,19,19,19,0,0,0,0
1770256970767700461,19,19,19,19,0,0,0,0
1770256970770529901,19,19,19,19,0,0,0,0
1770256970772096977,19,19,19,19,0,0,0,0
1770256970774108159,19,19,19,19,0,0,0,0
1770256970776378483,19,19,19,19,0,0,0,0
1770256970778343712,19,19,19,19,0,0,0,0
1770256970779972549,19,19,19,19,0,0,0,0
1770256970781986068,19,19,19,19,0,0,0,0
1770256970783739548,19,19,19,19,0,0,0,0
1770256970785671592,19,19,19,19,0,0,0,0
1770256970787627349,19,19,19,19,0,0,0,0
1770256970789706500,19,19,19,19,0,0,0,0
1770256970791725491,19,19,19,19,0,0,0,0
1770256970794124297,19,19,19,19,0,0,0,0
1770256970796485088,19,19,19,19,0,0,0,0
1770256970798070852,19,19,19,19,0,0,0,0
1770256970800053553,19,19,19,19,0,0,0,0
1770256970802244387,19,19,19,19,0,0,0,0
1770256970803685764,19,19,19,19,0,0,0,0
1770256970805716147,19,19,19,19,0,0,0,0
1770256970807775778,19,19,19,19,0,0,0,0
1770256970809772112,19,19,19,19,0,0,0,0
1770256970811842591,19,19,19,19,0,0,0,0
1770256970813960912,19,19,19,19,0,0,0,0
1770256970816312677,19,19,19,19,0,0,0,0
1770256970818256178,19,19,19,19,0,0,0,0
1770256970820246111,19,19,19,19,0,0,0,0
1770256970822092778,19,19,19,19,0,0,0,0
1770256970823976565,19,19,19,19,0,0,0,0
1770256970825976387,19,19,19,19,0,0,0,0
1770256970827795820,19,19,19,19,0,0,0,0
1770256970829884444,19,19,19,19,0,0,0,0
1770256970831961068,19,19,19,19,0,0,0,0
1770256970833805078,19,19,19,19,0,0,0,0
1770256970836070826,19,19,19,19,0,0,0,0
1770256970837951733,19,19,19,19,0,0,0,0
1770256970839793311,19,19,19,19,0,0,0,0
1770256970841893295,19,19,19,19,0,0,0,0
1770256970843924605,19,19,19,19,0,0,0,0
1770256970845853546,19,19,19,19,0,0,0,0
1770256970848071900,19,19,19,19,0,0,0,0
1770256970849876038,19,19,19,19,0,0,0,0
1770256970851949589,19,19,19,19,0,0,0,0
1770256970854140423,19,19,19,19,0,0,0,0
1770256970856278392,19,19,19,19,0,0,0,0
1770256970857989087,19,19,19,19,0,0,0,0
1770256970860047727,19,19,19,19,0,0,0,0
1770256970862444357,19,19,19,19,0,0,0,0
1770256970863840805,19,19,19,19,0,0,0,0
1770256970866020759,19,19,19,19,0,0,0,0
1770256970867977284,19,19,19,19,0,0,0,0
1770256970869817902,19,19,19,19,0,0,0,0
1770256970871761723,19,19,19,19,0,0,0,0
1770256970874036687,19,19,19,19,0,0,0,0
1770256970875861913,19,19,19,19,0,0,0,0
1770256970877760964,19,19,19,19,0,0,0,0
1770256970880152475,19,19,19,19,0,0,0,0
1770256970881801345,19,19,19,19,0,0,0,0
1770256970884082965,19,19,19,19,0,0,0,0
1770256970886258823,19,19,19,19,0,0,0,0
1770256970887804554,19,19,19,19,0,0,0,0
1770256970889849913,19,19,19,19,0,0,0,0
1770256970892111245,19,19,19,19,0,0,0,0
1770256970894013144,19,19,19,19,0,0,0,0
1770256970895938052,19,19,19,19,0,0,0,0
1770256970897868432,19,19,19,19,0,0,0,0
1770256970899937472,19,19,19,19,0,0,0,0
1770256970901817611,19,19,19,19,0,0,0,0
1770256970904019325,19,19,19,19,0,0,0,0
1770256970905994794,19,19,19,19,0,0,0,0
1770256970907980248,19,19,19,19,0,0,0,0
1770256970909793601,19,19,19,19,0,0,0,0
1770256970911922386,19,19,19,19,0,0,0,0
1770256970913875007,19,19,19,19,0,0,0,0
1770256970916249173,19,19,19,19,0,0,0,0
1770256970918036638,19,19,19,19,0,0,0,0
1770256970920186127,19,19,19,19,0,0,0,0
1770256970922057306,19,19,19,19,0,0,0,0
1770256970924021703,19,19,19,19,0,0,0,0
1770256970926281627,19,19,19,19,0,0,0,0
1770256970928212231,19,19,19,19,0,0,0,0
1770256970930208501,19,19,19,19,0,0,0,0
1770256970932493929,19,19,19,19,0,0,0,0
1770256970934154895,19,19,19,19,0,0,0,0
1770256970935978617,19,19,19,19,0,0,0,0
1770256970938320750,19,19,19,19,0,0,0,0
1770256970939981204,19,19,19,19,0,0,0,0
1770256970941869408,19,19,19,19,0,0,0,0
1770256970943944975,19,19,19,19,0,0,0,0
1770256970945987198,19,19,19,19,0,0,0,0
1770256970948023276,19,19,19,19,0,0,0,0
1770256970949839926,19,19,19,19,0,0,0,0
1770256970951882437,19,19,19,19,0,0,0,0
1770256970953845074,19,19,19,19,0,0,0,0
1770256970955811199,19,19,19,19,0,0,0,0
1770256970958087731,19,19,19,19,0,0,0,0
1770256970960428360,19,19,19,19,0,0,0,0
1770256970962028525,19,19,19,19,0,0,0,0
1770256970964343970,19,19,19,19,0,0,0,0
1770256970965904102,19,19,19,19,0,0,0,0
1770256970967881747,19,19,19,19,0,0,0,0
1770256970970020324,19,19,19,19,0,0,0,0
1770256970971790637,19,19,19,19,0,0,0,0
1770256970973969886,19,19,19,19,0,0,0,0
1770256970976339477,19,19,19,19,0,0,0,0
1770256970978128478,19,19,19,19,0,0,0,0
1770256970979916583,19,19,19,19,0,0,0,0
1770256970982483969,19,19,19,19,0,0,0,0
1770256970984090278,19,19,19,19,0,0,0,0
1770256970985813006,19,19,19,19,0,0,0,0
1770256970987759738,19,19,19,19,0,0,0,0
1770256970989684806,19,19,19,19,0,0,0,0
1770256970991765430,19,19,19,19,0,0,0,0
1770256970993885638,19,19,19,19,0,0,0,0
1770256970996227292,19,19,19,19,0,0,0,0
1770256970998166376,19,19,19,19,0,0,0,0
1770256971000129397,19,19,19,19,0,0,0,0
1770256971001785339,19,19,19,19,0,0,0,0
1770256971003771305,19,19,19,19,0,0,0,0
1770256971005823032,19,19,19,19,0,0,0,0
1770256971007795397,19,19,19,19,0,0,0,0
1770256971010226844,19,19,19,19,0,0,0,0
1770256971011667453,19,19,19,19,0,0,0,0
1770256971013668811,19,19,19,19,0,0,0,0
1770256971015644440,19,19,19,19,0,0,0,0
1770256971017594309,19,19,19,19,0,0,0,0
1770256971019735414,19,19,19,19,0,0,0,0
1770256971022225167,19,19,19,19,0,0,0,0
1770256971024126107,19,19,19,19,0,0,0,0
1770256971026263692,19,19,19,19,0,0,0,0
1770256971027912305,19,19,19,19,0,0,0,0
1770256971030169637,19,19,19,19,0,0,0,0
1770256971031739785,19,19,19,19,0,0,0,0
1770256971033677525,19,19,19,19,0,0,0,0
1770256971035948201,19,19,19,19,0,0,0,0
1770256971037754195,19,19,19,19,0,0,0,0
1770256971039840578,19,19,19,19,0,0,0,0
1770256971042143671,19,19,19,19,0,0,0,0
1770256971044095812,19,19,19,19,0,0,0,0
1770256971046169331,19,19,19,19,0,0,0,0
1770256971048252291,19,19,19,19,0,0,0,0
1770256971050340755,19,19,19,19,0,0,0,0
1770256971051932983,19,19,19,19,0,0,0,0
1770256971053778049,19,19,19,19,0,0,0,0
1770256971056003188,19,19,19,19,0,0,0,0
1770256971057858079,19,19,19,19,0,0,0,0
1770256971059981135,19,19,19,19,0,0,0,0
1770256971062041855,19,19,19,19,0,0,0,0
1770256971063762406,19,19,19,19,0,0,0,0
1770256971065882614,19,19,19,19,0,0,0,0
1770256971068431281,19,19,19,19,0,0,0,0
1770256971070621475,19,19,19,19,0,0,0,0
1770256971072526991,19,19,19,19,0,0,0,0
1770256971074704448,19,19,19,19,0,0,0,0
1770256971076768080,19,19,19,19,0,0,0,0
1770256971077855625,19,19,19,19,0,0,0,0
1770256971079681234,19,19,19,19,0,0,0,0
1770256971081917574,19,19,19,19,0,0,0,0
1770256971083679630,19,19,19,19,0,0,0,0
1770256971085880992,19,19,19,19,0,0,0,0
1770256971087958832,19,19,19,19,0,0,0,0
1770256971090343526,19,19,19,19,0,0,0,0
1770256971092074126,19,19,19,19,0,0,0,0
1770256971094145693,19,19,19,19,0,0,0,0
1770256971095952583,19,19,19,19,0,0,0,0
1770256971097783185,19,19,19,19,0,0,0,0
1770256971099867328,19,19,19,19,0,0,0,0
1770256971101737899,19,19,19,19,0,0,0,0
1770256971103817019,19,19,19,19,0,0,0,0
1770256971105764839,19,19,19,19,0,0,0,0
1770256971107841975,19,19,19,19,0,0,0,0
1770256971110140044,19,19,19,19,0,0,0,0
1770256971111883732,19,19,19,19,0,0,0,0
1770256971114308235,19,19,19,19,0,0,0,0
1770256971116094580,19,19,19,19,0,0,0,0
1770256971117941246,19,19,19,19,0,0,0,0
1770256971119789064,19,19,19,19,0,0,0,0
1770256971121967578,19,19,19,19,0,0,0,0
1770256971123884678,19,19,19,19,0,0,0,0
1770256971125879412,19,19,19,19,0,0,0,0
1770256971127923843,19,19,19,19,0,0,0,0
1770256971129846639,19,19,19,19,0,0,0,0
1770256971132119491,19,19,19,19,0,0,0,0
1770256971133843690,19,19,19,19,0,0,0,0
1770256971135770550,19,19,19,19,0,0,0,0
1770256971137979017,19,19,19,19,0,0,0,0
1770256971139834387,19,19,19,19,0,0,0,0
1770256971141917315,19,19,19,19,0,0,0,0
1770256971143873168,19,19,19,19,0,0,0,0
1770256971146020385,19,19,19,19,0,0,0,0
1770256971147737128,19,19,19,19,0,0,0,0
1770256971149862873,19,19,19,19,0,0,0,0
1770256971151970249,19,19,19,19,0,0,0,0
1770256971154107642,19,19,19,19,0,0,0,0
1770256971155993733,19,19,19,19,0,0,0,0
1770256971158269273,19,19,19,19,0,0,0,0
1770256971159693946,19,19,19,19,0,0,0,0
1770256971161606630,19,19,19,19,0,0,0,0
1770256971163789784,19,19,19,19,0,0,0,0
1770256971165688451,19,19,19,19,0,0,0,0
1770256971167743218,19,19,19,19,0,0,0,0
1770256971170033159,19,19,19,19,0,0,0,0
1770256971172144951,19,19,19,19,0,0,0,0
1770256971174476812,19,19,19,19,0,0,0,0
1770256971176095697,19,19,19,19,0,0,0,0
1770256971177949404,19,19,19,19,0,0,0,0
1770256971179674499,19,19,19,19,0,0,0,0
1770256971181631760,19,19,19,19,0,0,0,0
1770256971183794882,19,19,19,19,0,0,0,0
1770256971185681549,19,19,19,19,0,0,0,0
1770256971187739068,19,19,19,19,0,0,0,0
1770256971190001232,19,19,19,19,0,0,0,0
1770256971192051775,19,19,19,19,0,0,0,0
1770256971193771558,19,19,19,19,0,0,0,0
1770256971195981625,19,19,19,19,0,0,0,0
1770256971197847075,19,19,19,19,0,0,0,0
1770256971199806416,19,19,19,19,0,0,0,0
1770256971201916609,19,19,19,19,0,0,0,0
1770256971203787627,19,19,19,19,0,0,0,0
1770256971205801593,19,19,19,19,0,0,0,0
1770256971207976971,19,19,19,19,0,0,0,0
1770256971210308385,19,19,19,19,0,0,0,0
1770256971212344367,19,19,19,19,0,0,0,0
1770256971214122584,19,19,19,19,0,0,0,0
1770256971216046308,19,19,19,19,0,0,0,0
1770256971218335608,19,19,19,19,0,0,0,0
1770256971220047040,19,19,19,19,0,0,0,0
1770256971221752423,19,19,19,19,0,0,0,0
1770256971223931705,19,19,19,19,0,0,0,0
1770256971225937446,19,19,19,19,0,0,0,0
1770256971227803633,19,19,19,19,0,0,0,0
1770256971230798614,19,19,19,19,0,0,0,0
1770256971232788227,19,19,19,19,0,0,0,0
1770256971234724976,19,19,19,19,0,0,0,0
1770256971236514297,19,19,19,19,0,0,0,0
1770256971238725227,19,19,19,19,0,0,0,0
1770256971240102123,19,19,19,19,0,0,0,0
1770256971241802354,19,19,19,19,0,0,0,0
1770256971243712637,19,19,19,19,0,0,0,0
1770256971245991409,19,19,19,19,0,0,0,0
1770256971247907869,19,19,19,19,0,0,0,0
1770256971249898187,19,19,19,19,0,0,0,0
1770256971251980955,19,19,19,19,0,0,0,0
1770256971253802468,19,19,19,19,0,0,0,0
1770256971256051064,19,19,19,19,0,0,0,0
1770256971257926915,19,19,19,19,0,0,0,0
1770256971259992850,19,19,19,19,0,0,0,0
1770256971262344232,19,19,19,19,0,0,0,0
1770256971264091056,19,19,19,19,0,0,0,0
1770256971266548808,19,19,19,19,0,0,0,0
1770256971268268047,19,19,19,19,0,0,0,0
1770256971270143866,19,19,19,19,0,0,0,0
1770256971271738687,19,19,19,19,0,0,0,0
1770256971273770573,19,19,19,19,0,0,0,0
1770256971275846365,19,19,19,19,0,0,0,0
1770256971277619814,19,19,19,19,0,0,0,0
1770256971279766423,19,19,19,19,0,0,0,0
1770256971282077100,19,19,19,19,0,0,0,0
1770256971284081977,19,19,19,19,0,0,0,0
1770256971286010246,19,19,19,19,0,0,0,0
1770256971287808431,19,19,19,19,0,0,0,0
1770256971289765756,19,19,19,19,0,0,0,0
1770256971291910221,19,19,19,19,0,0,0,0
1770256971294062142,19,19,19,19,0,0,0,0
1770256971296609944,19,19,19,19,0,0,0,0
1770256971298763850,19,19,19,19,0,0,0,0
1770256971300684886,19,19,19,19,0,0,0,0
1770256971302899976,19,19,19,19,0,0,0,0
1770256971304543790,19,19,19,19,0,0,0,0
1770256971305884685,19,19,19,19,0,0,0,0
1770256971307853466,19,19,19,19,0,0,0,0
1770256971309779142,19,19,19,19,0,0,0,0
1770256971311705362,19,19,19,19,0,0,0,0
1770256971313838083,19,19,19,19,0,0,0,0
1770256971315749774,19,19,19,19,0,0,0,0
1770256971318123813,19,19,19,19,0,0,0,0
1770256971320170836,19,19,19,19,0,0,0,0
1770256971321876987,19,19,19,19,0,0,0,0
1770256971323918153,19,19,19,19,0,0,0,0
1770256971326123292,19,19,19,19,0,0,0,0
1770256971327825155,19,19,19,19,0,0,0,0
1770256971330066614,19,19,19,19,0,0,0,0
1770256971332029859,19,19,19,19,0,0,0,0
1770256971333882829,19,19,19,19,0,0,0,0
1770256971335908284,19,19,19,19,0,0,0,0
1770256971337980971,19,19,19,19,0,0,0,0
1770256971339899287,19,19,19,19,0,0,0,0
1770256971341913189,19,19,19,19,0,0,0,0
1770256971344109720,19,19,19,19,0,0,0,0
1770256971345987971,19,19,19,19,0,0,0,0
1770256971347960720,19,19,19,19,0,0,0,0
1770256971349914908,19,19,19,19,0,0,0,0
1770256971352332916,19,19,19,19,0,0,0,0
1770256971353831222,19,19,19,19,0,0,0,0
1770256971356042345,19,19,19,19,0,0,0,0
1770256971357977205,19,19,19,19,0,0,0,0
1770256971359938754,19,19,19,19,0,0,0,0
1770256971362148181,19,19,19,19,0,0,0,0
1770256971364310470,19,19,19,19,0,0,0,0
1770256971366437719,19,19,19,19,0,0,0,0
1770256971367940473,19,19,19,19,0,0,0,0
1770256971370132299,19,19,19,19,0,0,0,0
1770256971372078744,19,19,19,19,0,0,0,0
1770256971373909570,19,19,19,19,0,0,0,0
1770256971376008914,19,19,19,19,0,0,0,0
1770256971377942878,19,19,19,19,0,0,0,0
1770256971379851882,19,19,19,19,0,0,0,0
1770256971382117694,19,19,19,19,0,0,0,0
1770256971384203437,19,19,19,19,0,0,0,0
1770256971386168730,19,19,19,19,0,0,0,0
1770256971388274155,19,19,19,19,0,0,0,0
1770256971390468573,19,19,19,19,0,0,0,0
1770256971391998560,19,19,19,19,0,0,0,0
1770256971393949997,19,19,19,19,0,0,0,0
1770256971395814967,19,19,19,19,0,0,0,0
1770256971397918279,19,19,19,19,0,0,0,0
1770256971399968886,19,19,19,19,0,0,0,0
1770256971401852737,19,19,19,19,0,0,0,0
1770256971404201591,19,19,19,19,0,0,0,0
1770256971405881662,19,19,19,19,0,0,0,0
1770256971407939213,19,19,19,19,0,0,0,0
1770256971410070270,19,19,19,19,0,0,0,0
1770256971411869831,19,19,19,19,0,0,0,0
1770256971413892309,19,19,19,19,0,0,0,0
1770256971416117512,19,19,19,19,0,0,0,0
1770256971417872048,19,19,19,19,0,0,0,0
1770256971420143044,19,19,19,19,0,0,0,0
1770256971422257397,19,19,19,19,0,0,0,0
1770256971424363845,19,19,19,19,0,0,0,0
1770256971426042667,19,19,19,19,0,0,0,0
1770256971428386625,19,19,19,19,0,0,0,0
1770256971429888387,19,19,19,19,0,0,0,0
1770256971431929778,19,19,19,19,0,0,0,0
1770256971434067875,19,19,19,19,0,0,0,0
1770256971435868172,19,19,19,19,0,0,0,0
1770256971437910523,19,19,19,19,0,0,0,0
1770256971439806342,19,19,19,19,0,0,0,0
1770256971442000761,19,19,19,19,0,0,0,0
1770256971443901732,19,19,19,19,0,0,0,0
1770256971446048597,19,19,19,19,0,0,0,0
1770256971447944545,19,19,19,19,0,0,0,0
1770256971449770442,19,19,19,19,0,0,0,0
1770256971452005054,19,19,19,19,0,0,0,0
1770256971453795911,19,19,19,19,0,0,0,0
1770256971456062650,19,19,19,19,0,0,0,0
1770256971457898180,19,19,19,19,0,0,0,0
1770256971459890770,19,19,19,19,0,0,0,0
1770256971461986050,19,19,19,19,0,0,0,0
1770256971463909998,19,19,19,19,0,0,0,0
1770256971466191810,19,19,19,19,0,0,0,0
1770256971468177040,19,19,19,19,0,0,0,0
1770256971470430435,19,19,19,19,0,0,0,0
1770256971472099850,19,19,19,19,0,0,0,0
1770256971474374110,19,19,19,19,0,0,0,0
1770256971476123430,19,19,19,19,0,0,0,0
1770256971477866222,19,19,19,19,0,0,0,0
1770256971479873307,19,19,19,19,0,0,0,0
1770256971482278579,19,19,19,19,0,0,0,0
1770256971483937305,19,19,19,19,0,0,0,0
1770256971486156235,19,19,19,19,0,0,0,0
1770256971488212602,19,19,19,19,0,0,0,0
1770256971490328651,19,19,19,19,0,0,0,0
1770256971491710570,19,19,19,19,0,0,0,0
1770256971493750457,19,19,19,19,0,0,0,0
1770256971495723878,19,19,19,19,0,0,0,0
1770256971497720084,19,19,19,19,0,0,0,0
1770256971499711458,19,19,19,19,0,0,0,0
1770256971502055703,19,19,19,19,0,0,0,0
1770256971504336459,19,19,19,19,0,0,0,0
1770256971506020594,19,19,19,19,0,0,0,0
1770256971508145219,19,19,19,19,0,0,0,0
1770256971510142768,19,19,19,19,0,0,0,0
1770256971511743381,19,19,19,19,0,0,0,0
1770256971513741667,19,19,19,19,0,0,0,0
1770256971515864019,19,19,19,19,0,0,0,0
1770256971517757087,19,19,19,19,0,0,0,0
1770256971519869775,19,19,19,19,0,0,0,0
1770256971522094946,19,19,19,19,0,0,0,0
1770256971524112048,19,19,19,19,0,0,0,0
1770256971526102750,19,19,19,19,0,0,0,0
1770256971528375890,19,19,19,19,0,0,0,0
1770256971530058648,19,19,19,19,0,0,0,0
1770256971532011365,19,19,19,19,0,0,0,0
1770256971533958834,19,19,19,19,0,0,0,0
1770256971535899294,19,19,19,19,0,0,0,0
1770256971538006926,19,19,19,19,0,0,0,0
1770256971540001052,19,19,19,19,0,0,0,0
1770256971541961737,19,19,19,19,0,0,0,0
1770256971543801459,19,19,19,19,0,0,0,0
1770256971546002437,19,19,19,19,0,0,0,0
1770256971547643467,19,19,19,19,0,0,0,0
1770256971549713882,19,19,19,19,0,0,0,0
1770256971551715176,19,19,19,19,0,0,0,0
1770256971553874970,19,19,19,19,0,0,0,0
1770256971555662818,19,19,19,19,0,0,0,0
1770256971557738994,19,19,19,19,0,0,0,0
1770256971559924932,19,19,19,19,0,0,0,0
1770256971561825872,19,19,19,19,0,0,0,0
1770256971563881759,19,19,19,19,0,0,0,0
1770256971565696968,19,19,19,19,0,0,0,0
1770256971568388390,19,19,19,19,0,0,0,0
1770256971570210287,19,19,19,19,0,0,0,0
1770256971572248926,19,19,19,19,0,0,0,0
1770256971574151018,19,19,19,19,0,0,0,0
1770256971576328059,19,19,19,19,0,0,0,0
1770256971577895711,19,19,19,19,0,0,0,0
1770256971579766762,19,19,19,19,0,0,0,0
1770256971581739319,19,19,19,19,0,0,0,0
1770256971583843912,19,19,19,19,0,0,0,0
1770256971585732595,19,19,19,19,0,0,0,0
1770256971588093577,19,19,19,19,0,0,0,0
1770256971590132472,19,19,19,19,0,0,0,0
1770256971592162886,19,19,19,19,0,0,0,0
1770256971594118195,19,19,19,19,0,0,0,0
1770256971596395143,19,19,19,19,0,0,0,0
1770256971597851688,19,19,19,19,0,0,0,0
1770256971599782260,19,19,19,19,0,0,0,0
1770256971602002055,19,19,19,19,0,0,0,0
1770256971603882962,19,19,19,19,0,0,0,0
1770256971606041476,19,19,19,19,0,0,0,0
1770256971608112691,19,19,19,19,0,0,0,0
1770256971610062496,19,19,19,19,0,0,0,0
1770256971612041805,19,19,19,19,0,0,0,0
1770256971614192030,19,19,19,19,0,0,0,0
1770256971616102474,19,19,19,19,0,0,0,0
1770256971617946612,19,19,19,19,0,0,0,0
1770256971619936898,19,19,19,19,0,0,0,0
1770256971621709802,19,19,19,19,0,0,0,0
1770256971623726617,19,19,19,19,0,0,0,0
1770256971625687301,19,19,19,19,0,0,0,0
1770256971627792086,19,19,19,19,0,0,0,0
1770256971630096746,19,19,19,19,0,0,0,0
1770256971632035607,19,19,19,19,0,0,0,0
1770256971634283146,19,19,19,19,0,0,0,0
1770256971636131925,19,19,19,19,0,0,0,0
1770256971637989151,19,19,19,19,0,0,0,0
1770256971640087983,19,19,19,19,0,0,0,0
1770256971641872344,19,19,19,19,0,0,0,0
1770256971643983208,19,19,19,19,0,0,0,0
1770256971645807954,19,19,19,19,0,0,0,0
1770256971648108039,19,19,19,19,0,0,0,0
1770256971649832878,19,19,19,19,0,0,0,0
1770256971651772443,19,19,19,19,0,0,0,0
1770256971653993741,19,19,19,19,0,0,0,0
1770256971655906009,19,19,19,19,0,0,0,0
1770256971657790596,19,19,19,19,0,0,0,0
1770256971659860340,19,19,19,19,0,0,0,0
1770256971661756223,19,19,19,19,0,0,0,0
1770256971663918289,19,19,19,19,0,0,0,0
1770256971665690617,19,19,19,19,0,0,0,0
1770256971667893612,19,19,19,19,0,0,0,0
1770256971670137823,19,19,19,19,0,0,0,0
1770256971671926760,19,19,19,19,0,0,0,0
1770256971674375136,19,19,19,19,0,0,0,0
1770256971676129224,19,19,19,19,0,0,0,0
1770256971678300250,19,19,19,19,0,0,0,0
1770256971679732859,19,19,19,19,0,0,0,0
1770256971681903340,19,19,19,19,0,0,0,0
1770256971683725206,19,19,19,19,0,0,0,0
1770256971685948521,19,19,19,19,0,0,0,0
1770256971687818900,19,19,19,19,0,0,0,0
1770256971690044359,19,19,19,19,0,0,0,0
1770256971692211384,19,19,19,19,0,0,0,0
1770256971694122340,19,19,19,19,0,0,0,0
1770256971696069809,19,19,19,19,0,0,0,0
1770256971697913947,19,19,19,19,0,0,0,0
1770256971699899272,19,19,19,19,0,0,0,0
1770256971701999768,19,19,19,19,0,0,0,0
1770256971703794145,19,19,19,19,0,0,0,0
1770256971706018484,19,19,19,19,0,0,0,0
1770256971707897535,19,19,19,19,0,0,0,0
1770256971710125938,19,19,19,19,0,0,0,0
1770256971712141056,19,19,19,19,0,0,0,0
1770256971714308338,19,19,19,19,0,0,0,0
1770256971716159804,19,19,19,19,0,0,0,0
1770256971718369935,19,19,19,19,0,0,0,0
1770256971719944755,19,19,19,19,0,0,0,0
1770256971721757053,19,19,19,19,0,0,0,0
1770256971723992368,19,19,19,19,0,0,0,0
1770256971726004798,19,19,19,19,0,0,0,0
1770256971728002092,19,19,19,19,0,0,0,0
1770256971730326113,19,19,19,19,0,0,0,0
1770256971732047816,19,19,19,19,0,0,0,0
1770256971734154904,19,19,19,19,0,0,0,0
1770256971736196903,19,19,19,19,0,0,0,0
1770256971737975568,19,19,19,19,0,0,0,0
1770256971739801978,19,19,19,19,0,0,0,0
1770256971741950219,19,19,19,19,0,0,0,0
1770256971744004762,19,19,19,19,0,0,0,0
1770256971745827204,19,19,19,19,0,0,0,0
1770256971747909971,19,19,19,19,0,0,0,0
1770256971749696732,19,19,19,19,0,0,0,0
1770256971751637641,19,19,19,19,0,0,0,0
1770256971753663479,19,19,19,19,0,0,0,0
1770256971755732486,19,19,19,19,0,0,0,0
1770256971757839895,19,19,19,19,0,0,0,0
1770256971760440690,19,19,19,19,0,0,0,0
1770256971762518242,19,19,19,19,0,0,0,0
1770256971764823382,19,19,19,19,0,0,0,0
1770256971766785187,19,19,19,19,0,0,0,0
1770256971768599981,19,19,19,19,0,0,0,0
1770256971769963244,19,19,19,19,0,0,0,0
1770256971771643667,19,19,19,19,0,0,0,0
1770256971773682817,19,19,19,19,0,0,0,0
1770256971775727440,19,19,19,19,0,0,0,0
1770256971778727477,19,19,19,19,0,0,0,0
1770256971780666881,19,19,19,19,0,0,0,0
1770256971782433098,19,19,19,19,0,0,0,0
1770256971784876802,19,19,19,19,0,0,0,0
1770256971786331715,19,19,19,19,0,0,0,0
1770256971787841093,19,19,19,19,0,0,0,0
1770256971789851667,19,19,19,19,0,0,0,0
1770256971792148488,19,19,19,19,0,0,0,0
1770256971794660033,19,19,19,19,0,0,0,0
1770256971796365641,19,19,19,19,0,0,0,0
1770256971798131537,19,19,19,19,0,0,0,0
1770256971800008188,19,19,19,19,0,0,0,0
1770256971801736899,19,19,19,19,0,0,0,0
1770256971803776498,19,19,19,19,0,0,0,0
1770256971805741823,19,19,19,19,0,0,0,0
1770256971808056660,19,19,19,19,0,0,0,0
1770256971810034657,19,19,19,19,0,0,0,0
1770256971812059888,19,19,19,19,0,0,0,0
1770256971814127199,19,19,19,19,0,0,0,0
1770256971816145805,19,19,19,19,0,0,0,0
1770256971817878197,19,19,19,19,0,0,0,0
1770256971819918468,19,19,19,19,0,0,0,0
1770256971822033172,19,19,19,19,0,0,0,0
1770256971823815069,19,19,19,19,0,0,0,0
1770256971825882860,19,19,19,19,0,0,0,0
1770256971827975516,19,19,19,19,0,0,0,0
1770256971829773669,19,19,19,19,0,0,0,0
1770256971832010873,19,19,19,19,0,0,0,0
1770256971833908132,19,19,19,19,0,0,0,0
1770256971835774543,19,19,19,19,0,0,0,0
1770256971837938464,19,19,19,19,0,0,0,0
1770256971839774794,19,19,19,19,0,0,0,0
1770256971842455976,19,19,19,19,0,0,0,0
1770256971844169871,19,19,19,19,0,0,0,0
1770256971846298784,19,19,19,19,0,0,0,0
1770256971848064328,19,19,19,19,0,0,0,0
1770256971850387581,19,19,19,19,0,0,0,0
1770256971851947681,19,19,19,19,0,0,0,0
1770256971853814636,19,19,19,19,0,0,0,0
1770256971855914140,19,19,19,19,0,0,0,0
1770256971857875625,19,19,19,19,0,0,0,0
1770256971859755252,19,19,19,19,0,0,0,0
1770256971862077257,19,19,19,19,0,0,0,0
1770256971863997205,19,19,19,19,0,0,0,0
1770256971866151462,19,19,19,19,0,0,0,0
1770256971868179348,19,19,19,19,0,0,0,0
1770256971870341062,19,19,19,19,0,0,0,0
1770256971872041453,19,19,19,19,0,0,0,0
1770256971873759828,19,19,19,19,0,0,0,0
1770256971875762178,19,19,19,19,0,0,0,0
1770256971877696782,19,19,19,19,0,0,0,0
1770256971879859232,19,19,19,19,0,0,0,0
1770256971881776940,19,19,19,19,0,0,0,0
1770256971884402184,19,19,19,19,0,0,0,0
1770256971886188081,19,19,19,19,0,0,0,0
1770256971888122461,19,19,19,19,0,0,0,0
1770256971890342992,19,19,19,19,0,0,0,0
1770256971892363358,19,19,19,19,0,0,0,0
1770256971893866497,19,19,19,19,0,0,0,0
1770256971895781132,19,19,19,19,0,0,0,0
1770256971897774938,19,19,19,19,0,0,0,0
1770256971899763720,19,19,19,19,0,0,0,0
1770256971901659283,19,19,19,19,0,0,0,0
1770256971904310096,19,19,19,19,0,0,0,0
1770256971906135737,19,19,19,19,0,0,0,0
1770256971908118695,19,19,19,19,0,0,0,0
1770256971910152661,19,19,19,19,0,0,0,0
1770256971912161219,19,19,19,19,0,0,0,0
1770256971913761896,19,19,19,19,0,0,0,0
1770256971915979451,19,19,19,19,0,0,0,0
1770256971917852582,19,19,19,19,0,0,0,0
1770256971919984822,19,19,19,19,0,0,0,0
1770256971921851265,19,19,19,19,0,0,0,0
1770256971923969746,19,19,19,19,0,0,0,0
1770256971926173412,19,19,19,19,0,0,0,0
1770256971928337910,19,19,19,19,0,0,0,0
1770256971930052221,19,19,19,19,0,0,0,0
1770256971932063371,19,19,19,19,0,0,0,0
1770256971934347391,19,19,19,19,0,0,0,0
1770256971935934052,19,19,19,19,0,0,0,0
1770256971937904081,19,19,19,19,0,0,0,0
1770256971939991488,19,19,19,19,0,0,0,0
1770256971941785001,19,19,19,19,0,0,0,0
1770256971943761783,19,19,19,19,0,0,0,0
1770256971945826694,19,19,19,19,0,0,0,0
1770256971947687185,19,19,19,19,0,0,0,0
1770256971949662558,19,19,19,19,0,0,0,0
1770256971952287930,19,19,19,19,0,0,0,0
1770256971954006209,19,19,19,19,0,0,0,0
1770256971956161587,19,19,19,19,0,0,0,0
1770256971958064126,19,19,19,19,0,0,0,0
1770256971959944393,19,19,19,19,0,0,0,0
1770256971962065850,19,19,19,19,0,0,0,0
1770256971963944069,19,19,19,19,0,0,0,0
1770256971965774927,19,19,19,19,0,0,0,0
1770256971967974785,19,19,19,19,0,0,0,0
1770256971969950606,19,19,19,19,0,0,0,0
1770256971971859162,19,19,19,19,0,0,0,0
1770256971973942410,19,19,19,19,0,0,0,0
1770256971976057050,19,19,19,19,0,0,0,0
1770256971977836739,19,19,19,19,0,0,0,0
1770256971980095638,19,19,19,19,0,0,0,0
1770256971982037315,19,19,19,19,0,0,0,0
1770256971983948463,19,19,19,19,0,0,0,0
1770256971985947452,19,19,19,19,0,0,0,0
1770256971987886793,19,19,19,19,0,0,0,0
1770256971989923831,19,19,19,19,0,0,0,0
1770256971991997511,19,19,19,19,0,0,0,0
1770256971993848817,19,19,19,19,0,0,0,0
1770256971995999203,19,19,19,19,0,0,0,0
1770256971997856109,19,19,19,19,0,0,0,0
1770256971999958077,19,19,19,19,0,0,0,0
1770256972002153455,19,19,19,19,0,0,0,0
1770256972004177822,19,19,19,19,0,0,0,0
1770256972006154795,19,19,19,19,0,0,0,0
1770256972008171449,19,19,19,19,0,0,0,0
1770256972010153703,19,19,19,19,0,0,0,0
1770256972011968976,19,19,19,19,0,0,0,0
1770256972013889436,19,19,19,19,0,0,0,0
1770256972016135855,19,19,19,19,0,0,0,0
1770256972018072572,19,19,19,19,0,0,0,0
1770256972020108426,19,19,19,19,0,0,0,0
1770256972022168794,19,19,19,19,0,0,0,0
1770256972024123494,19,19,19,19,0,0,0,0
1770256972026034962,19,19,19,19,0,0,0,0
1770256972027935934,19,19,19,19,0,0,0,0
1770256972029878154,19,19,19,19,0,0,0,0
1770256972031832663,19,19,19,19,0,0,0,0
1770256972033785796,19,19,19,19,0,0,0,0
1770256972036042551,19,19,19,19,0,0,0,0
1770256972038163848,19,19,19,19,0,0,0,0
1770256972040389179,19,19,19,19,0,0,0,0
1770256972042168163,19,19,19,19,0,0,0,0
1770256972044269780,19,19,19,19,0,0,0,0
1770256972045934298,19,19,19,19,0,0,0,0
1770256972047909095,19,19,19,19,0,0,0,0
1770256972049975958,19,19,19,19,0,0,0,0
1770256972051918947,19,19,19,19,0,0,0,0
1770256972053983666,19,19,19,19,0,0,0,0
1770256972055990656,19,19,19,19,0,0,0,0
1770256972057769929,19,19,19,19,0,0,0,0
1770256972059932282,19,19,19,19,0,0,0,0
1770256972061914471,19,19,19,19,0,0,0,0
1770256972063726225,19,19,19,19,0,0,0,0
1770256972065927395,19,19,19,19,0,0,0,0
1770256972067694252,19,19,19,19,0,0,0,0
1770256972069910718,19,19,19,19,0,0,0,0
1770256972071717576,19,19,19,19,0,0,0,0
1770256972074398181,19,19,19,19,0,0,0,0
1770256972075930376,19,19,19,19,0,0,0,0
1770256972078187900,19,19,19,19,0,0,0,0
1770256972080130504,19,19,19,19,0,0,0,0
1770256972082382140,19,19,19,19,0,0,0,0
1770256972083945536,19,19,19,19,0,0,0,0
1770256972086218388,19,19,19,19,0,0,0,0
1770256972088002141,19,19,19,19,0,0,0,0
1770256972089826150,19,19,19,19,0,0,0,0
1770256972091893590,19,19,19,19,0,0,0,0
1770256972093919460,19,19,19,19,0,0,0,0
1770256972095949427,19,19,19,19,0,0,0,0
1770256972097778172,19,19,19,19,0,0,0,0
1770256972100082417,19,19,19,19,0,0,0,0
1770256972101861210,19,19,19,19,0,0,0,0
1770256972103919849,19,19,19,19,0,0,0,0
1770256972105733107,19,19,19,19,0,0,0,0
1770256972107646782,19,19,19,19,0,0,0,0
1770256972109762639,19,19,19,19,0,0,0,0
1770256972111645722,19,19,19,19,0,0,0,0
1770256972113748458,19,19,19,19,0,0,0,0
1770256972115958141,19,19,19,19,0,0,0,0
1770256972117990379,19,19,19,19,0,0,0,0
1770256972120074075,19,19,19,19,0,0,0,0
1770256972121888036,19,19,19,19,0,0,0,0
1770256972124028437,19,19,19,19,0,0,0,0
1770256972126036291,19,19,19,19,0,0,0,0
1770256972127852973,19,19,19,19,0,0,0,0
1770256972129901596,19,19,19,19,0,0,0,0
1770256972132008748,19,19,19,19,0,0,0,0
1770256972133905399,19,19,19,19,0,0,0,0
1770256972135862212,19,19,19,19,0,0,0,0
1770256972137909587,19,19,19,19,0,0,0,0
1770256972139852416,19,19,19,19,0,0,0,0
1770256972141911375,19,19,19,19,0,0,0,0
1770256972143960190,19,19,19,19,0,0,0,0
1770256972145877097,19,19,19,19,0,0,0,0
1770256972148026523,19,19,19,19,0,0,0,0
1770256972150010312,19,19,19,19,0,0,0,0
1770256972151885299,19,19,19,19,0,0,0,0
1770256972153999651,19,19,19,19,0,0,0,0
1770256972155950960,19,19,19,19,0,0,0,0
1770256972157853436,19,19,19,19,0,0,0,0
1770256972160134992,19,19,19,19,0,0,0,0
1770256972161825783,19,19,19,19,0,0,0,0
1770256972163919206,19,19,19,19,0,0,0,0
1770256972165987894,19,19,19,19,0,0,0,0
1770256972167959427,19,19,19,19,0,0,0,0
1770256972169795277,19,19,19,19,0,0,0,0
1770256972171998879,19,19,19,19,0,0,0,0
1770256972174052782,19,19,19,19,0,0,0,0
1770256972175883864,19,19,19,19,0,0,0,0
1770256972178287343,19,19,19,19,0,0,0,0
1770256972179871284,19,19,19,19,0,0,0,0
1770256972181919523,19,19,19,19,0,0,0,0
1770256972184077460,19,19,19,19,0,0,0,0
1770256972185842460,19,19,19,19,0,0,0,0
1770256972187870891,19,19,19,19,0,0,0,0
1770256972189799735,19,19,19,19,0,0,0,0
1770256972191720739,19,19,19,19,0,0,0,0
1770256972193676016,19,19,19,19,0,0,0,0
1770256972195755871,19,19,19,19,0,0,0,0
1770256972197678731,19,19,19,19,0,0,0,0
1770256972200155300,19,19,19,19,0,0,0,0
1770256972201960589,19,19,19,19,0,0,0,0
1770256972204048125,19,19,19,19,0,0,0,0
1770256972206256752,19,19,19,19,0,0,0,0
1770256972208067929,19,19,19,19,0,0,0,0
1770256972209900739,19,19,19,19,0,0,0,0
1770256972212007923,19,19,19,19,0,0,0,0
1770256972213913823,19,19,19,19,0,0,0,0
1770256972215788778,19,19,19,19,0,0,0,0
1770256972218239362,19,19,19,19,0,0,0,0
1770256972220011435,19,19,19,19,0,0,0,0
1770256972222331712,19,19,19,19,0,0,0,0
1770256972224423600,19,19,19,19,0,0,0,0
1770256972226341339,19,19,19,19,0,0,0,0
1770256972227852126,19,19,19,19,0,0,0,0
1770256972230215508,19,19,19,19,0,0,0,0
1770256972231906939,19,19,19,19,0,0,0,0
1770256972233874120,19,19,19,19,0,0,0,0
1770256972235993080,19,19,19,19,0,0,0,0
1770256972237817986,19,19,19,19,0,0,0,0
1770256972239917682,19,19,19,19,0,0,0,0
1770256972241836894,19,19,19,19,0,0,0,0
1770256972243894509,19,19,19,19,0,0,0,0
1770256972245776664,19,19,19,19,0,0,0,0
1770256972248168527,19,19,19,19,0,0,0,0
1770256972250852781,19,19,19,19,0,0,0,0
1770256972252378351,19,19,19,19,0,0,0,0
1770256972254495328,19,19,19,19,0,0,0,0
1770256972256713683,19,19,19,19,0,0,0,0
1770256972258521820,19,19,19,19,0,0,0,0
1770256972260008766,19,19,19,19,0,0,0,0
1770256972261855112,19,19,19,19,0,0,0,0
1770256972263702547,19,19,19,19,0,0,0,0
1770256972265766370,19,19,19,19,0,0,0,0
1770256972267771792,19,19,19,19,0,0,0,0
1770256972270184903,19,19,19,19,0,0,0,0
1770256972272190421,19,19,19,19,0,0,0,0
1770256972274394887,19,19,19,19,0,0,0,0
1770256972276112655,19,19,19,19,0,0,0,0
1770256972278284833,19,19,19,19,0,0,0,0
1770256972279889797,19,19,19,19,0,0,0,0
1770256972281771472,19,19,19,19,0,0,0,0
1770256972284042436,19,19,19,19,0,0,0,0
1770256972285778764,19,19,19,19,0,0,0,0
1770256972287697464,19,19,19,19,0,0,0,0
1770256972290451127,19,19,19,19,0,0,0,0
1770256972292342914,19,19,19,19,0,0,0,0
1770256972294245038,19,19,19,19,0,0,0,0
1770256972296665061,19,19,19,19,0,0,0,0
1770256972298184104,19,19,19,19,0,0,0,0
1770256972299808205,19,19,19,19,0,0,0,0
1770256972301817147,19,19,19,19,0,0,0,0
1770256972304036366,19,19,19,19,0,0,0,0
1770256972305879064,19,19,19,19,0,0,0,0
1770256972307887206,19,19,19,19,0,0,0,0
1770256972309944565,19,19,19,19,0,0,0,0
1770256972311700925,19,19,19,19,0,0,0,0
1770256972313965553,19,19,19,19,0,0,0,0
1770256972315803611,19,19,19,19,0,0,0,0
1770256972317710375,19,19,19,19,0,0,0,0
1770256972319791127,19,19,19,19,0,0,0,0
1770256972322174093,19,19,19,19,0,0,0,0
1770256972324451457,19,19,19,19,0,0,0,0
1770256972326066662,19,19,19,19,0,0,0,0
1770256972327968498,19,19,19,19,0,0,0,0
1770256972330344392,19,19,19,19,0,0,0,0
1770256972332124657,19,19,19,19,0,0,0,0
1770256972333966779,19,19,19,19,0,0,0,0
1770256972335804133,19,19,19,19,0,0,0,0
1770256972337986551,19,19,19,19,0,0,0,0
1770256972339850146,19,19,19,19,0,0,0,0
1770256972341867248,19,19,19,19,0,0,0,0
1770256972343814141,19,19,19,19,0,0,0,0
1770256972346010831,19,19,19,19,0,0,0,0
1770256972347832761,19,19,19,19,0,0,0,0
1770256972350053259,19,19,19,19,0,0,0,0
1770256972351959735,19,19,19,19,0,0,0,0
1770256972353792865,19,19,19,19,0,0,0,0
1770256972356136183,19,19,19,19,0,0,0,0
1770256972357958016,19,19,19,19,0,0,0,0
1770256972359956046,19,19,19,19,0,0,0,0
1770256972363846375,19,19,19,19,0,0,0,0
1770256972365842165,19,19,19,19,0,0,0,0
1770256972368185099,19,19,19,19,0,0,0,0
1770256972370697700,19,19,19,19,0,0,0,0
1770256972372249768,19,19,19,19,0,0,0,0
1770256972372821013,19,19,19,19,0,0,0,0
1770256972373627431,19,19,19,19,0,0,0,0
1770256972375730711,19,19,19,19,0,0,0,0
1770256972377613986,19,19,19,19,0,0,0,0
1770256972379731347,19,19,19,19,0,0,0,0
1770256972381668799,19,19,19,19,0,0,0,0
1770256972384366813,19,19,19,19,0,0,0,0
1770256972386256392,19,19,19,19,0,0,0,0
1770256972388007312,19,19,19,19,0,0,0,0
1770256972390339078,19,19,19,19,0,0,0,0
1770256972392201360,19,19,19,19,0,0,0,0
1770256972394150557,19,19,19,19,0,0,0,0
1770256972396157451,19,19,19,19,0,0,0,0
1770256972397798288,19,19,19,19,0,0,0,0
1770256972399931393,19,19,19,19,0,0,0,0
1770256972401858989,19,19,19,19,0,0,0,0
1770256972403610517,19,19,19,19,0,0,0,0
1770256972405737542,19,19,19,19,0,0,0,0
1770256972407704179,19,19,19,19,0,0,0,0
1770256972409610719,19,19,19,19,0,0,0,0
1770256972411610541,19,19,19,19,0,0,0,0
1770256972414149959,19,19,19,19,0,0,0,0
1770256972416084499,19,19,19,19,0,0,0,0
1770256972418294342,19,19,19,19,0,0,0,0
1770256972420107663,19,19,19,19,0,0,0,0
1770256972421938873,19,19,19,19,0,0,0,0
1770256972423878373,19,19,19,19,0,0,0,0
1770256972425992950,19,19,19,19,0,0,0,0
1770256972427911650,19,19,19,19,0,0,0,0
1770256972430025906,19,19,19,19,0,0,0,0
1770256972431951710,19,19,19,19,0,0,0,0
1770256972434150161,19,19,19,19,0,0,0,0
1770256972436240672,19,19,19,19,0,0,0,0
1770256972438373041,19,19,19,19,0,0,0,0
1770256972440075128,19,19,19,19,0,0,0,0
1770256972442249642,19,19,19,19,0,0,0,0
1770256972443724524,19,19,19,19,0,0,0,0
1770256972445858173,19,19,19,19,0,0,0,0
1770256972447730663,19,19,19,19,0,0,0,0
1770256972449869912,19,19,19,19,0,0,0,0
1770256972451845702,19,19,19,19,0,0,0,0
1770256972454289982,19,19,19,19,0,0,0,0
1770256972456198345,19,19,19,19,0,0,0,0
1770256972458188535,19,19,19,19,0,0,0,0
1770256972460387849,19,19,19,19,0,0,0,0
1770256972462366678,19,19,19,19,0,0,0,0
1770256972463982235,19,19,19,19,0,0,0,0
1770256972465803653,19,19,19,19,0,0,0,0
1770256972467884085,19,19,19,19,0,0,0,0
1770256972469983077,19,19,19,19,0,0,0,0
1770256972471800846,19,19,19,19,0,0,0,0
1770256972474639823,19,19,19,19,0,0,0,0
1770256972475933869,19,19,19,19,0,0,0,0
1770256972478132863,19,19,19,19,0,0,0,0
1770256972480160782,19,19,19,19,0,0,0,0
1770256972482013432,19,19,19,19,0,0,0,0
1770256972483871203,19,19,19,19,0,0,0,0
1770256972485921778,19,19,19,19,0,0,0,0
1770256972487915487,19,19,19,19,0,0,0,0
1770256972489898189,19,19,19,19,0,0,0,0
1770256972491998365,19,19,19,19,0,0,0,0
1770256972494002187,19,19,19,19,0,0,0,0
1770256972496000920,19,19,19,19,0,0,0,0
1770256972497931173,19,19,19,19,0,0,0,0
1770256972500012276,19,19,19,19,0,0,0,0
1770256972501719547,19,19,19,19,0,0,0,0
1770256972503788715,19,19,19,19,0,0,0,0
1770256972505753848,19,19,19,19,0,0,0,0
1770256972507778342,19,19,19,19,0,0,0,0
1770256972509751347,19,19,19,19,0,0,0,0
1770256972511771297,19,19,19,19,0,0,0,0
1770256972514035733,19,19,19,19,0,0,0,0
1770256972516078020,19,19,19,19,0,0,0,0
1770256972518326071,19,19,19,19,0,0,0,0
1770256972520156865,19,19,19,19,0,0,0,0
1770256972522160687,19,19,19,19,0,0,0,0
1770256972524295424,19,19,19,19,0,0,0,0
1770256972525861060,19,19,19,19,0,0,0,0
1770256972527834449,19,19,19,19,0,0,0,0
1770256972529917313,19,19,19,19,0,0,0,0
1770256972531885390,19,19,19,19,0,0,0,0
1770256972533831610,19,19,19,19,0,0,0,0
1770256972535995116,19,19,19,19,0,0,0,0
1770256972538124893,19,19,19,19,0,0,0,0
1770256972540193260,19,19,19,19,0,0,0,0
1770256972542276956,19,19,19,19,0,0,0,0
1770256972544262697,19,19,19,19,0,0,0,0
1770256972546012497,19,19,19,19,0,0,0,0
1770256972547820987,19,19,19,19,0,0,0,0
1770256972550188945,19,19,19,19,0,0,0,0
1770256972552050300,19,19,19,19,0,0,0,0
1770256972553756931,19,19,19,19,0,0,0,0
1770256972556010934,19,19,19,19,0,0,0,0
1770256972557772734,19,19,19,19,0,0,0,0
1770256972559914992,19,19,19,19,0,0,0,0
1770256972562044960,19,19,19,19,0,0,0,0
1770256972563993037,19,19,19,19,0,0,0,0
1770256972566295906,19,19,19,19,0,0,0,0
1770256972568353585,19,19,19,19,0,0,0,0
1770256972570124377,19,19,19,19,0,0,0,0
1770256972572202313,19,19,19,19,0,0,0,0
1770256972574143765,19,19,19,19,0,0,0,0
1770256972575909854,19,19,19,19,0,0,0,0
1770256972578023662,19,19,19,19,0,0,0,0
1770256972580316739,19,19,19,19,0,0,0,0
1770256972582175533,19,19,19,19,0,0,0,0
1770256972584206812,19,19,19,19,0,0,0,0
1770256972586021285,19,19,19,19,0,0,0,0
1770256972587909168,19,19,19,19,0,0,0,0
1770256972590005088,19,19,19,19,0,0,0,0
1770256972591906476,19,19,19,19,0,0,0,0
1770256972593967803,19,19,19,19,0,0,0,0
1770256972596142733,19,19,19,19,0,0,0,0
1770256972598613669,19,19,19,19,0,0,0,0
1770256972600748438,19,19,19,19,0,0,0,0
1770256972602533311,19,19,19,19,0,0,0,0
1770256972604610895,19,19,19,19,0,0,0,0
1770256972606171090,19,19,19,19,0,0,0,0
1770256972607876697,19,19,19,19,0,0,0,0
1770256972609717508,19,19,19,19,0,0,0,0
1770256972611910870,19,19,19,19,0,0,0,0
1770256972613827618,19,19,19,19,0,0,0,0
1770256972615780910,19,19,19,19,0,0,0,0
1770256972617873278,19,19,19,19,0,0,0,0
1770256972619729097,19,19,19,19,0,0,0,0
1770256972621816153,19,19,19,19,0,0,0,0
1770256972623776293,19,19,19,19,0,0,0,0
1770256972625971032,19,19,19,19,0,0,0,0
1770256972627700095,19,19,19,19,0,0,0,0
1770256972629697133,19,19,19,19,0,0,0,0
1770256972631691899,19,19,19,19,0,0,0,0
1770256972633771082,19,19,19,19,0,0,0,0
1770256972635845466,19,19,19,19,0,0,0,0
1770256972638052780,19,19,19,19,0,0,0,0
1770256972640431395,19,19,19,19,0,0,0,0
1770256972642078632,19,19,19,19,0,0,0,0
1770256972644372317,19,19,19,19,0,0,0,0
1770256972646131269,19,19,19,19,0,0,0,0
1770256972647781099,19,19,19,19,0,0,0,0
1770256972649800185,19,19,19,19,0,0,0,0
1770256972651692645,19,19,19,19,0,0,0,0
1770256972653871510,19,19,19,19,0,0,0,0
1770256972655872452,19,19,19,19,0,0,0,0
1770256972657840625,19,19,19,19,0,0,0,0
1770256972660301450,19,19,19,19,0,0,0,0
1770256972661799212,19,19,19,19,0,0,0,0
1770256972664107649,19,19,19,19,0,0,0,0
1770256972665947115,19,19,19,19,0,0,0,0
1770256972667767956,19,19,19,19,0,0,0,0
1770256972669981223,19,19,19,19,0,0,0,0
1770256972671855218,19,19,19,19,0,0,0,0
1770256972674356363,19,19,19,19,0,0,0,0
1770256972675959088,19,19,19,19,0,0,0,0
1770256972677901116,19,19,19,19,0,0,0,0
1770256972680018637,19,19,19,19,0,0,0,0
1770256972681842871,19,19,19,19,0,0,0,0
1770256972683700097,19,19,19,19,0,0,0,0
1770256972685850226,19,19,19,19,0,0,0,0
1770256972688031332,19,19,19,19,0,0,0,0
1770256972690175221,19,19,19,19,0,0,0,0
1770256972692179907,19,19,19,19,0,0,0,0
1770256972694377942,19,19,19,19,0,0,0,0
1770256972696127518,19,19,19,19,0,0,0,0
1770256972697806468,19,19,19,19,0,0,0,0
1770256972699747345,19,19,19,19,0,0,0,0
1770256972701711390,19,19,19,19,0,0,0,0
1770256972703940017,19,19,19,19,0,0,0,0
1770256972705709689,19,19,19,19,0,0,0,0
1770256972707904299,19,19,19,19,0,0,0,0
1770256972710729708,19,19,19,19,0,0,0,0
1770256972712088267,19,19,19,19,0,0,0,0
1770256972714183547,19,19,19,19,0,0,0,0
1770256972716159880,19,19,19,19,0,0,0,0
1770256972718175862,19,19,19,19,0,0,0,0
1770256972719901438,19,19,19,19,0,0,0,0
1770256972722007758,19,19,19,19,0,0,0,0
1770256972724018364,19,19,19,19,0,0,0,0
1770256972725837734,19,19,19,19,0,0,0,0
1770256972728136314,19,19,19,19,0,0,0,0
1770256972729879202,19,19,19,19,0,0,0,0
1770256972731856464,19,19,19,19,0,0,0,0
1770256972734026593,19,19,19,19,0,0,0,0
1770256972735829835,19,19,19,19,0,0,0,0
1770256972737997148,19,19,19,19,0,0,0,0
1770256972739935785,19,19,19,19,0,0,0,0
1770256972741930550,19,19,19,19,0,0,0,0
1770256972744008070,19,19,19,19,0,0,0,0
1770256972746322523,19,19,19,19,0,0,0,0
1770256972747875454,19,19,19,19,0,0,0,0
1770256972749709448,19,19,19,19,0,0,0,0
1770256972751760791,19,19,19,19,0,0,0,0
1770256972753661795,19,19,19,19,0,0,0,0
1770256972755651984,19,19,19,19,0,0,0,0
1770256972757660286,19,19,19,19,0,0,0,0
1770256972760377628,19,19,19,19,0,0,0,0
1770256972762058307,19,19,19,19,0,0,0,0
1770256972764164051,19,19,19,19,0,0,0,0
1770256972765890523,19,19,19,19,0,0,0,0
1770256972767930857,19,19,19,19,0,0,0,0
1770256972769790036,19,19,19,19,0,0,0,0
1770256972771888644,19,19,19,19,0,0,0,0
1770256972773849009,19,19,19,19,0,0,0,0
1770256972775877375,19,19,19,19,0,0,0,0
1770256972777880749,19,19,19,19,0,0,0,0
1770256972779897179,19,19,19,19,0,0,0,0
1770256972782066637,19,19,19,19,0,0,0,0
1770256972784119292,19,19,19,19,0,0,0,0
1770256972785980359,19,19,19,19,0,0,0,0
1770256972788032438,19,19,19,19,0,0,0,0
1770256972789977410,19,19,19,19,0,0,0,0
1770256972791757771,19,19,19,19,0,0,0,0
1770256972793722776,19,19,19,19,0,0,0,0
1770256972795675653,19,19,19,19,0,0,0,0
1770256972797707539,19,19,19,19,0,0,0,0
1770256972799892037,19,19,19,19,0,0,0,0
1770256972802063383,19,19,19,19,0,0,0,0
1770256972804055812,19,19,19,19,0,0,0,0
1770256972806382458,19,19,19,19,0,0,0,0
1770256972808030911,19,19,19,19,0,0,0,0
1770256972810093423,19,19,19,19,0,0,0,0
1770256972811618737,19,19,19,19,0,0,0,0
1770256972813656512,19,19,19,19,0,0,0,0
1770256972815780753,19,19,19,19,0,0,0,0
1770256972817740350,19,19,19,19,0,0,0,0
1770256972819762380,19,19,19,19,0,0,0,0
1770256972822015455,19,19,19,19,0,0,0,0
1770256972824297876,19,19,19,19,0,0,0,0
1770256972826163870,19,19,19,19,0,0,0,0
1770256972827839909,19,19,19,19,0,0,0,0
1770256972829909204,19,19,19,19,0,0,0,0
1770256972832049477,19,19,19,19,0,0,0,0
1770256972833927344,19,19,19,19,0,0,0,0
1770256972836062433,19,19,19,19,0,0,0,0
1770256972839182408,19,19,19,19,0,0,0,0
1770256972842696057,19,19,19,19,0,0,0,0
1770256972844820202,19,19,19,19,0,0,0,0
1770256972847015196,19,19,19,19,0,0,0,0
1770256972847630890,19,19,19,19,0,0,0,0
1770256972848026835,19,19,19,19,0,0,0,0
1770256972849629304,19,19,19,19,0,0,0,0
1770256972851798089,19,19,19,19,0,0,0,0
1770256972853693173,19,19,19,19,0,0,0,0
1770256972855756388,19,19,19,19,0,0,0,0
1770256972858070681,19,19,19,19,0,0,0,0
1770256972860330893,19,19,19,19,0,0,0,0
1770256972862298522,19,19,19,19,0,0,0,0
1770256972864272071,19,19,19,19,0,0,0,0
1770256972866017871,19,19,19,19,0,0,0,0
1770256972867823320,19,19,19,19,0,0,0,0
1770256972869873831,19,19,19,19,0,0,0,0
1770256972871819124,19,19,19,19,0,0,0,0
1770256972874134537,19,19,19,19,0,0,0,0
1770256972875883793,19,19,19,19,0,0,0,0
1770256972877767676,19,19,19,19,0,0,0,0
1770256972879989231,19,19,19,19,0,0,0,0
1770256972882305636,19,19,19,19,0,0,0,0
1770256972884293777,19,19,19,19,0,0,0,0
1770256972886197085,19,19,19,19,0,0,0,0
1770256972888134601,19,19,19,19,0,0,0,0
1770256972890147831,19,19,19,19,0,0,0,0
1770256972892108804,19,19,19,19,0,0,0,0
1770256972893626695,19,19,19,19,0,0,0,0
1770256972895758424,19,19,19,19,0,0,0,0
1770256972897628258,19,19,19,19,0,0,0,0
1770256972899705394,19,19,19,19,0,0,0,0
1770256972902094377,19,19,19,19,0,0,0,0
1770256972904685412,19,19,19,19,0,0,0,0
1770256972906133765,19,19,19,19,0,0,0,0
1770256972908753761,19,19,19,19,0,0,0,0
1770256972910588811,19,19,19,19,0,0,0,0
1770256972912199408,19,19,19,19,0,0,0,0
1770256972913728403,19,19,19,19,0,0,0,0
1770256972915794722,19,19,19,19,0,0,0,0
1770256972917699566,19,19,19,19,0,0,0,0
1770256972919680891,19,19,19,19,0,0,0,0
1770256972921823244,19,19,19,19,0,0,0,0
1770256972923873307,19,19,19,19,0,0,0,0
1770256972925991692,19,19,19,19,0,0,0,0
1770256972927952633,19,19,19,19,0,0,0,0
1770256972929851812,19,19,19,19,0,0,0,0
1770256972932037974,19,19,19,19,0,0,0,0
1770256972934038244,19,19,19,19,0,0,0,0
1770256972936038834,19,19,19,19,0,0,0,0
1770256972937955774,19,19,19,19,0,0,0,0
1770256972939871849,19,19,19,19,0,0,0,0
1770256972941913592,19,19,19,19,0,0,0,0
1770256972944405233,19,19,19,19,0,0,0,0
1770256972946520578,19,19,19,19,0,0,0,0
1770256972948641298,19,19,19,19,0,0,0,0
1770256972950581407,19,19,19,19,0,0,0,0
1770256972952529931,19,19,19,19,0,0,0,0
1770256972954154224,19,19,19,19,0,0,0,0
1770256972955893624,19,19,19,19,0,0,0,0
1770256972957668769,19,19,19,19,0,0,0,0
1770256972959878515,19,19,19,19,0,0,0,0
1770256972961717822,19,19,19,19,0,0,0,0
1770256972964011794,19,19,19,19,0,0,0,0
1770256972965715225,19,19,19,19,0,0,0,0
1770256972967770568,19,19,19,19,0,0,0,0
1770256972969758486,19,19,19,19,0,0,0,0
1770256972971707842,19,19,19,19,0,0,0,0
1770256972973886260,19,19,19,19,0,0,0,0
1770256972975992452,19,19,19,19,0,0,0,0
1770256972978049907,19,19,19,19,0,0,0,0
1770256972980725489,19,19,19,19,0,0,0,0
1770256972982310741,19,19,19,19,0,0,0,0
1770256972984567529,19,19,19,19,0,0,0,0
1770256972986280336,19,19,19,19,0,0,0,0
1770256972988124762,19,19,19,19,0,0,0,0
1770256972989769504,19,19,19,19,0,0,0,0
1770256972991864368,19,19,19,19,0,0,0,0
1770256972993976896,19,19,19,19,0,0,0,0
1770256972996012591,19,19,19,19,0,0,0,0
1770256972997750646,19,19,19,19,0,0,0,0
1770256972999872359,19,19,19,19,0,0,0,0
1770256973001827956,19,19,19,19,0,0,0,0
1770256973003992197,19,19,19,19,0,0,0,0
1770256973005718829,19,19,19,19,0,0,0,0
1770256973008220710,19,19,19,19,0,0,0,0
1770256973010110001,19,19,19,19,0,0,0,0
1770256973012128320,19,19,19,19,0,0,0,0
1770256973014136269,19,19,19,19,0,0,0,0
1770256973016144315,19,19,19,19,0,0,0,0
1770256973017940997,19,19,19,19,0,0,0,0
1770256973019777743,19,19,19,19,0,0,0,0
1770256973021846526,19,19,19,19,0,0,0,0
1770256973023757834,19,19,19,19,0,0,0,0
1770256973026042814,19,19,19,19,0,0,0,0
1770256973027921321,19,19,19,19,0,0,0,0
1770256973030126364,19,19,19,19,0,0,0,0
1770256973032373551,19,19,19,19,0,0,0,0
1770256973034304475,19,19,19,19,0,0,0,0
1770256973035946369,19,19,19,19,0,0,0,0
1770256973037881101,19,19,19,19,0,0,0,0
1770256973039786809,19,19,19,19,0,0,0,0
1770256973041738149,19,19,19,19,0,0,0,0
1770256973043959320,19,19,19,19,0,0,0,0
1770256973045732129,19,19,19,19,0,0,0,0
1770256973048040246,19,19,19,19,0,0,0,0
1770256973050255784,19,19,19,19,0,0,0,0
1770256973052063474,19,19,19,19,0,0,0,0
1770256973054176002,19,19,19,19,0,0,0,0
1770256973056030029,19,19,19,19,0,0,0,0
1770256973057856854,19,19,19,19,0,0,0,0
1770256973059766914,19,19,19,19,0,0,0,0
1770256973061881394,19,19,19,19,0,0,0,0
1770256973063746173,19,19,19,19,0,0,0,0
1770256973065755307,19,19,19,19,0,0,0,0
1770256973067977534,19,19,19,19,0,0,0,0
1770256973070156560,19,19,19,19,0,0,0,0
1770256973072190142,19,19,19,19,0,0,0,0
1770256973074388273,19,19,19,19,0,0,0,0
1770256973076056503,19,19,19,19,0,0,0,0
1770256973077994787,19,19,19,19,0,0,0,0
1770256973080032690,19,19,19,19,0,0,0,0
1770256973081890717,19,19,19,19,0,0,0,0
1770256973083961516,19,19,19,19,0,0,0,0
1770256973086087965,19,19,19,19,0,0,0,0
1770256973087857509,19,19,19,19,0,0,0,0
1770256973090020855,19,19,19,19,0,0,0,0
1770256973091833280,19,19,19,19,0,0,0,0
1770256973093843694,19,19,19,19,0,0,0,0
1770256973095890237,19,19,19,19,0,0,0,0
1770256973097931724,19,19,19,19,0,0,0,0
1770256973099774102,19,19,19,19,0,0,0,0
1770256973102062506,19,19,19,19,0,0,0,0
1770256973103949589,19,19,19,19,0,0,0,0
1770256973105784895,19,19,19,19,0,0,0,0
1770256973108101045,19,19,19,19,0,0,0,0
1770256973110254918,19,19,19,19,0,0,0,0
1770256973112255572,19,19,19,19,0,0,0,0
1770256973114348228,19,19,19,19,0,0,0,0
1770256973116130572,19,19,19,19,0,0,0,0
1770256973117986007,19,19,19,19,0,0,0,0
1770256973120020773,19,19,19,19,0,0,0,0
1770256973122059668,19,19,19,19,0,0,0,0
1770256973123828509,19,19,19,19,0,0,0,0
1770256973125881388,19,19,19,19,0,0,0,0
1770256973128000316,19,19,19,19,0,0,0,0
1770256973129903304,19,19,19,19,0,0,0,0
1770256973131863348,19,19,19,19,0,0,0,0
1770256973133979045,19,19,19,19,0,0,0,0
1770256973135870032,19,19,19,19,0,0,0,0
1770256973137789372,19,19,19,19,0,0,0,0
1770256973139744617,19,19,19,19,0,0,0,0
1770256973141798008,19,19,19,19,0,0,0,0
1770256973143766277,19,19,19,19,0,0,0,0
1770256973145788787,19,19,19,19,0,0,0,0
1770256973147693535,19,18,19,19,0,0,0,0
1770256973150471710,19,18,19,19,0,0,0,0
1770256973152184454,19,18,19,19,0,0,0,0
1770256973154454810,19,19,19,19,0,0,0,0
1770256973156049694,19,19,19,19,0,0,0,0
1770256973158083277,19,19,19,19,0,0,0,0
1770256973159631152,19,19,19,19,0,0,0,0
1770256973161743648,19,19,19,19,0,0,0,0
1770256973163741166,19,19,19,19,0,0,0,0
1770256973165795837,19,19,19,19,0,0,0,0
1770256973167655144,19,19,19,19,0,0,0,0
1770256973170898738,19,19,19,19,0,0,0,0
1770256973172471990,19,19,19,19,0,0,0,0
1770256973174816940,19,19,19,19,0,0,0,0
1770256973176610293,19,19,19,19,0,0,0,0
1770256973178456735,19,19,19,19,0,0,0,0
1770256973179794174,19,19,19,19,0,0,0,0
1770256973181717002,19,19,19,19,0,0,0,0
1770256973183742360,19,19,19,19,0,0,0,0
1770256973185817000,19,19,19,19,0,0,0,0
1770256973187687954,19,19,19,19,0,0,0,0
1770256973190512019,19,19,19,19,0,0,0,0
1770256973192110232,19,19,19,19,0,0,0,0
1770256973194129126,19,19,19,19,0,0,0,0
1770256973196311032,19,19,19,19,0,0,0,0
1770256973198068672,19,19,19,19,0,0,0,0
1770256973200337268,19,19,19,19,0,0,0,0
1770256973202330274,19,19,19,19,0,0,0,0
1770256973204065737,19,19,19,19,0,0,0,0
1770256973206223099,19,19,19,19,0,0,0,0
1770256973208097798,19,19,19,19,0,0,0,0
1770256973209909039,19,19,19,19,0,0,0,0
1770256973211933597,19,19,19,19,0,0,0,0
1770256973213891850,19,19,19,19,0,0,0,0
1770256973215865303,19,19,19,19,0,0,0,0
1770256973218119307,19,19,19,19,0,0,0,0
1770256973219956725,19,19,19,19,0,0,0,0
1770256973221663516,19,19,19,19,0,0,0,0
1770256973223723083,19,19,19,19,0,0,0,0
1770256973225609462,19,19,19,19,0,0,0,0
1770256973227693958,19,19,19,19,0,0,0,0
1770256973229610610,19,19,19,19,0,0,0,0
1770256973232343409,19,19,19,19,0,0,0,0
1770256973234185531,19,19,19,19,0,0,0,0
1770256973236291083,19,19,19,19,0,0,0,0
1770256973238091220,19,19,19,19,0,0,0,0
1770256973240039809,19,19,19,19,0,0,0,0
1770256973241921388,19,19,19,19,0,0,0,0
1770256973243921434,19,19,19,19,0,0,0,0
1770256973245947976,19,19,19,19,0,0,0,0
1770256973247859956,19,19,19,19,0,0,0,0
1770256973249726367,19,19,19,19,0,0,0,0
1770256973252035603,19,19,19,19,0,0,0,0
1770256973253808380,19,19,19,19,0,0,0,0
1770256973255907788,19,19,19,19,0,0,0,0
1770256973258123391,19,19,19,19,0,0,0,0
1770256973259783493,19,19,19,19,0,0,0,0
1770256973261698577,19,19,19,19,0,0,0,0
1770256973263785280,19,19,19,19,0,0,0,0
1770256973265750349,19,19,19,19,0,0,0,0
1770256973267783292,19,19,19,19,0,0,0,0
1770256973269708904,19,19,19,19,0,0,0,0
1770256973272577770,19,19,19,19,0,0,0,0
1770256973274423316,19,19,19,19,0,0,0,0
1770256973276044185,19,19,19,19,0,0,0,0
1770256973278130793,19,19,19,19,0,0,0,0
1770256973280361852,19,19,19,19,0,0,0,0
1770256973281820125,19,19,19,19,0,0,0,0
1770256973283963182,19,19,19,19,0,0,0,0
1770256973285829625,19,19,19,19,0,0,0,0
1770256973287740421,19,19,19,19,0,0,0,0
1770256973289922519,19,19,19,19,0,0,0,0
1770256973292088808,19,19,19,19,0,0,0,0
1770256973293908434,19,19,19,19,0,0,0,0
1770256973296120357,19,19,19,19,0,0,0,0
1770256973298135123,19,19,19,19,0,0,0,0
1770256973299910043,19,19,19,19,0,0,0,0
1770256973302228464,19,19,19,19,0,0,0,0
1770256973303995257,19,19,19,19,0,0,0,0
1770256973305825699,19,19,19,19,0,0,0,0
1770256973307903922,19,19,19,19,0,0,0,0
1770256973309801278,19,19,19,19,0,0,0,0
1770256973311772427,19,19,19,19,0,0,0,0
1770256973313674070,19,19,19,19,0,0,0,0
1770256973315647172,19,19,19,19,0,0,0,0
1770256973317735763,19,19,19,19,0,0,0,0
1770256973319862980,19,19,19,19,0,0,0,0
1770256973321831281,19,19,19,19,0,0,0,0
1770256973323981378,19,19,19,19,0,0,0,0
1770256973325761995,19,19,19,19,0,0,0,0
1770256973328030719,19,19,19,19,0,0,0,0
1770256973329844681,19,19,19,19,0,0,0,0
1770256973331780277,19,19,19,19,0,0,0,0
1770256973334001000,19,19,19,19,0,0,0,0
1770256973336022614,19,19,19,19,0,0,0,0
1770256973337861728,19,19,19,19,0,0,0,0
1770256973340043026,19,19,19,19,0,0,0,0
1770256973341903901,19,19,19,19,0,0,0,0
1770256973344022637,19,19,19,19,0,0,0,0
1770256973346452901,19,19,19,19,0,0,0,0
1770256973348492691,19,19,19,19,0,0,0,0
1770256973350548355,19,19,19,19,0,0,0,0
1770256973352656019,19,19,19,19,0,0,0,0
1770256973354375674,19,19,19,19,0,0,0,0
1770256973356063201,19,19,19,19,0,0,0,0
1770256973358313812,19,19,19,19,0,0,0,0
1770256973360331811,19,19,19,19,0,0,0,0
1770256973362069258,19,19,19,19,0,0,0,0
1770256973364084280,19,19,19,19,0,0,0,0
1770256973366262634,19,19,19,19,0,0,0,0
1770256973368045043,19,19,19,19,0,0,0,0
1770256973370283430,19,19,19,19,0,0,0,0
1770256973372187090,19,19,19,19,0,0,0,0
1770256973374018620,19,19,19,19,0,0,0,0
1770256973376221230,19,19,19,19,0,0,0,0
1770256973377973910,19,19,19,19,0,0,0,0
1770256973379827457,19,19,19,19,0,0,0,0
1770256973381863695,19,19,19,19,0,0,0,0
1770256973383863805,19,19,19,19,0,0,0,0
1770256973385929260,19,19,19,19,0,0,0,0
1770256973387797783,19,19,19,19,0,0,0,0
1770256973389733476,19,19,19,19,0,0,0,0
1770256973391792403,19,19,19,19,0,0,0,0
1770256973393721823,19,19,19,19,0,0,0,0
1770256973395749645,19,19,19,19,0,0,0,0
1770256973398741650,19,19,19,19,0,0,0,0
1770256973400020431,19,19,19,19,0,0,0,0
1770256973402376133,19,19,19,19,0,0,0,0
1770256973404452853,19,19,19,19,0,0,0,0
1770256973406137339,19,19,19,19,0,0,0,0
1770256973407946309,19,19,19,19,0,0,0,0
1770256973409740174,19,19,19,19,0,0,0,0
1770256973412084643,19,19,19,19,0,0,0,0
1770256973413998095,19,19,19,19,0,0,0,0
1770256973416005885,19,19,19,19,0,0,0,0
1770256973418065612,19,19,19,19,0,0,0,0
1770256973419802132,19,19,19,19,0,0,0,0
1770256973421988774,19,19,19,19,0,0,0,0
1770256973424098294,19,19,19,19,0,0,0,0
1770256973425803709,19,19,19,19,0,0,0,0
1770256973428027504,19,19,19,19,0,0,0,0
1770256973429717207,19,19,19,19,0,0,0,0
1770256973431793286,19,19,19,19,0,0,0,0
1770256973433708178,19,19,19,19,0,0,0,0
1770256973435776482,19,19,19,19,0,0,0,0
1770256973437826481,19,19,19,19,0,0,0,0
1770256973440162118,19,19,19,19,0,0,0,0
1770256973442281270,19,19,19,19,0,0,0,0
1770256973444241667,19,19,19,19,0,0,0,0
1770256973446119054,19,19,19,19,0,0,0,0
1770256973448103068,19,19,19,19,0,0,0,0
1770256973450062825,19,19,19,19,0,0,0,0
1770256973451980501,19,19,19,19,0,0,0,0
1770256973453999427,19,19,19,19,0,0,0,0
1770256973455974288,19,19,19,19,0,0,0,0
1770256973457873915,19,19,19,19,0,0,0,0
1770256973459899146,19,19,19,19,0,0,0,0
1770256973461893047,19,19,19,19,0,0,0,0
1770256973463693953,19,19,19,19,0,0,0,0
1770256973465818257,19,19,19,19,0,0,0,0
1770256973467765854,19,19,19,19,0,0,0,0
1770256973469704266,19,19,19,19,0,0,0,0
1770256973472167267,19,19,19,19,0,0,0,0
1770256973474573242,19,19,19,19,0,0,0,0
1770256973476193279,19,19,19,19,0,0,0,0
1770256973478014248,19,19,19,19,0,0,0,0
1770256973480098904,19,19,19,19,0,0,0,0
1770256973481797887,19,19,19,19,0,0,0,0
1770256973484074739,19,19,19,19,0,0,0,0
1770256973485820219,19,19,19,19,0,0,0,0
1770256973488015821,19,19,19,19,0,0,0,0
1770256973489921849,19,19,19,19,0,0,0,0
1770256973491914727,19,19,19,19,0,0,0,0
1770256973493936629,19,19,19,19,0,0,0,0
1770256973496000324,19,19,19,19,0,0,0,0
1770256973497866191,19,19,19,19,0,0,0,0
1770256973499961215,19,19,19,19,0,0,0,0
1770256973501942412,19,19,19,19,0,0,0,0
1770256973503878809,19,19,19,19,0,0,0,0
1770256973506115276,19,19,19,19,0,0,0,0
1770256973508063832,19,19,19,19,0,0,0,0
1770256973509819201,19,19,19,19,0,0,0,0
1770256973512358875,19,19,19,19,0,0,0,0
1770256973514329608,19,19,19,19,0,0,0,0
1770256973516008142,19,19,19,19,0,0,0,0
1770256973518409893,19,19,19,19,0,0,0,0
1770256973520121932,19,19,19,19,0,0,0,0
1770256973522004279,19,19,19,19,0,0,0,0
1770256973523953700,19,19,19,19,0,0,0,0
1770256973526070069,19,19,19,19,0,0,0,0
1770256973527858814,19,19,19,19,0,0,0,0
1770256973529954669,19,19,19,19,0,0,0,0
1770256973532505000,19,19,19,19,0,0,0,0
1770256973534262640,19,19,19,19,0,0,0,0
1770256973535930198,19,19,19,19,0,0,0,0
1770256973538251115,19,19,19,19,0,0,0,0
1770256973540207992,19,19,19,19,0,0,0,0
1770256973542047362,19,19,19,19,0,0,0,0
1770256973543887628,19,19,19,19,0,0,0,0
1770256973545665781,19,19,19,19,0,0,0,0
1770256973547668611,19,19,19,19,0,0,0,0
1770256973549690897,19,19,19,19,0,0,0,0
1770256973551761665,19,19,19,19,0,0,0,0
1770256973554679491,19,19,19,19,0,0,0,0
1770256973556619408,19,19,19,19,0,0,0,0
1770256973558206996,19,19,19,19,0,0,0,0
1770256973560539434,19,19,19,19,0,0,0,0
1770256973561753061,19,19,19,19,0,0,0,0
1770256973563787604,19,19,19,19,0,0,0,0
1770256973565746241,19,19,19,19,0,0,0,0
1770256973567810480,19,19,19,19,0,0,0,0
1770256973569686651,19,19,19,19,0,0,0,0
1770256973572389913,19,19,19,19,0,0,0,0
1770256973574298757,19,19,19,19,0,0,0,0
1770256973576110318,19,19,19,19,0,0,0,0
1770256973578171229,19,19,19,19,0,0,0,0
1770256973580483026,19,19,19,19,0,0,0,0
1770256973581894610,19,19,19,19,0,0,0,0
1770256973583886048,19,19,19,19,0,0,0,0
1770256973585895214,19,19,19,19,0,0,0,0
1770256973587707512,19,19,19,19,0,0,0,0
1770256973589885097,19,19,19,19,0,0,0,0
1770256973591757940,19,18,19,19,0,0,0,0
1770256973593754082,19,18,19,19,0,0,0,0
1770256973595889235,19,18,19,19,0,0,0,0
1770256973597686428,19,19,19,19,0,0,0,0
1770256973599713162,19,19,19,19,0,0,0,0
1770256973602098913,19,19,19,19,0,0,0,0
1770256973604095983,19,19,19,19,0,0,0,0
1770256973605657202,19,19,19,19,0,0,0,0
1770256973607759523,19,19,19,19,0,0,0,0
1770256973609699823,19,19,19,19,0,0,0,0
1770256973611856032,19,19,19,19,0,0,0,0
1770256973613978673,19,19,19,19,0,0,0,0
1770256973616312934,19,19,19,19,0,0,0,0
1770256973618170929,19,19,19,19,0,0,0,0
1770256973620574216,19,19,19,19,0,0,0,0
1770256973621901062,19,19,19,19,0,0,0,0
1770256973623866355,19,19,19,19,0,0,0,0
1770256973625628188,19,19,19,19,0,0,0,0
1770256973627834606,19,19,19,19,0,0,0,0
1770256973629731994,19,19,19,19,0,0,0,0
1770256973631791977,19,19,19,19,0,0,0,0
1770256973634112990,19,19,19,19,0,0,0,0
1770256973636097195,19,19,19,19,0,0,0,0
1770256973638144474,19,19,19,19,0,0,0,0
1770256973640110823,19,19,19,19,0,0,0,0
1770256973642089652,19,19,19,19,0,0,0,0
1770256973643791035,19,19,19,19,0,0,0,0
1770256973646012782,19,19,19,19,0,0,0,0
1770256973647925114,19,19,19,19,0,0,0,0
1770256973649858310,19,19,19,19,0,0,0,0
1770256973652141179,19,19,19,19,0,0,0,0
1770256973654230218,19,19,19,19,0,0,0,0
1770256973655840943,19,19,19,19,0,0,0,0
1770256973657856349,19,19,19,19,0,0,0,0
1770256973659734632,19,19,19,19,0,0,0,0
1770256973661753367,19,19,19,19,0,0,0,0
1770256973663759237,19,19,19,19,0,0,0,0
1770256973666041145,19,19,19,19,0,0,0,0
1770256973668447696,19,19,19,19,0,0,0,0
1770256973670205048,19,19,19,19,0,0,0,0
1770256973672055010,19,19,19,19,0,0,0,0
1770256973674161683,19,19,19,19,0,0,0,0
1770256973675837049,19,19,19,19,0,0,0,0
1770256973677901064,19,19,19,19,0,0,0,0
1770256973680012505,19,19,19,19,0,0,0,0
1770256973681906052,19,19,19,19,0,0,0,0
1770256973684148343,19,19,19,19,0,0,0,0
1770256973685977985,19,19,19,19,0,0,0,0
1770256973687815243,19,19,19,19,0,0,0,0
1770256973689823961,19,19,19,19,0,0,0,0
1770256973691756421,19,19,19,19,0,0,0,0
1770256973693776532,19,19,19,19,0,0,0,0
1770256973695677695,19,19,19,19,0,0,0,0
1770256973698003860,19,19,19,19,0,0,0,0
1770256973700029955,19,19,19,19,0,0,0,0
1770256973702322583,19,19,19,19,0,0,0,0
1770256973704094976,19,19,19,19,0,0,0,0
1770256973706059309,19,19,19,19,0,0,0,0
1770256973707961016,19,19,19,19,0,0,0,0
1770256973709836611,19,19,19,19,0,0,0,0
1770256973712028597,19,19,19,19,0,0,0,0
1770256973713947873,19,19,19,19,0,0,0,0
1770256973715833933,19,19,19,19,0,0,0,0
1770256973718089056,19,19,19,19,0,0,0,0
1770256973720103918,19,19,19,19,0,0,0,0
1770256973721866359,19,19,19,19,0,0,0,0
1770256973724058953,19,19,19,19,0,0,0,0
1770256973725948052,19,19,19,19,0,0,0,0
1770256973728061477,19,19,19,19,0,0,0,0
1770256973730540093,19,19,19,19,0,0,0,0
1770256973731937693,19,19,19,19,0,0,0,0
1770256973734314548,19,19,19,19,0,0,0,0
1770256973736358370,19,19,19,19,0,0,0,0
1770256973738319311,19,19,19,19,0,0,0,0
1770256973739816946,19,19,19,19,0,0,0,0
1770256973742019876,19,19,19,19,0,0,0,0
1770256973744080723,19,19,19,19,0,0,0,0
1770256973745968062,19,19,19,19,0,0,0,0
1770256973747855658,19,19,19,19,0,0,0,0
1770256973750207967,19,19,19,19,0,0,0,0
1770256973751849605,19,19,19,19,0,0,0,0
1770256973753949589,19,19,19,19,0,0,0,0
1770256973755968899,19,19,19,19,0,0,0,0
1770256973757898160,19,19,19,19,0,0,0,0
1770256973760154915,19,19,19,19,0,0,0,0
1770256973762123920,19,19,19,19,0,0,0,0
1770256973764062301,19,19,19,19,0,0,0,0
1770256973766299472,19,19,19,19,0,0,0,0
1770256973768119898,19,19,19,19,0,0,0,0
1770256973769926915,19,19,19,19,0,0,0,0
1770256973771821582,19,19,19,19,0,0,0,0
1770256973774088290,19,19,19,19,0,0,0,0
1770256973775832650,19,19,19,19,0,0,0,0
1770256973778001660,19,19,19,19,0,0,0,0
1770256973779985321,19,19,19,19,0,0,0,0
1770256973782114618,19,19,19,19,0,0,0,0
1770256973784149928,19,19,19,19,0,0,0,0
1770256973786221176,19,19,19,19,0,0,0,0
1770256973788133284,19,19,19,19,0,0,0,0
1770256973790168242,19,19,19,19,0,0,0,0
1770256973791709238,19,19,19,19,0,0,0,0
1770256973793734756,19,19,19,19,0,0,0,0
1770256973795907318,19,19,19,19,0,0,0,0
1770256973798006438,19,19,19,19,0,0,0,0
1770256973799867216,19,19,19,19,0,0,0,0
1770256973801900095,19,19,19,19,0,0,0,0
1770256973803839659,19,19,19,19,0,0,0,0
1770256973805840569,19,19,19,19,0,0,0,0
1770256973807960650,19,19,19,19,0,0,0,0
1770256973809847669,19,19,19,19,0,0,0,0
1770256973812182218,19,19,19,19,0,0,0,0
1770256973814135895,19,19,19,19,0,0,0,0
1770256973815940448,19,19,19,19,0,0,0,0
1770256973818397432,19,19,19,19,0,0,0,0
1770256973820087679,19,19,19,19,0,0,0,0
1770256973821878760,19,19,19,19,0,0,0,0
1770256973823786004,19,19,19,19,0,0,0,0
1770256973825963206,19,19,19,19,0,0,0,0
1770256973827830480,19,19,19,19,0,0,0,0
1770256973829926560,19,19,19,19,0,0,0,0
1770256973832314775,19,19,19,19,0,0,0,0
1770256973833882395,19,19,19,19,0,0,0,0
1770256973835887465,19,19,19,19,0,0,0,0
1770256973838043034,19,19,19,19,0,0,0,0
1770256973839805827,19,19,19,19,0,0,0,0
1770256973841880050,19,19,19,19,0,0,0,0
1770256973844059076,19,19,19,19,0,0,0,0
1770256973845841837,19,19,19,19,0,0,0,0
1770256973848002302,19,19,19,19,0,0,0,0
1770256973850018028,19,19,19,19,0,0,0,0
1770256973851868343,19,19,19,19,0,0,0,0
1770256973854078249,19,19,19,19,0,0,0,0
1770256973855821105,19,19,19,19,0,0,0,0
1770256973857718781,19,19,19,19,0,0,0,0
1770256973859754987,19,19,19,19,0,0,0,0
1770256973862338854,19,19,19,19,0,0,0,0
1770256973864197201,19,19,19,19,0,0,0,0
1770256973866129853,19,19,19,19,0,0,0,0
1770256973868183468,19,19,19,19,0,0,0,0
1770256973869920244,19,19,19,19,0,0,0,0
1770256973872208424,19,19,19,19,0,0,0,0
1770256973874157301,19,19,19,19,0,0,0,0
1770256973876301638,19,19,19,19,0,0,0,0
1770256973877936555,19,19,19,19,0,0,0,0
1770256973880045180,19,19,19,19,0,0,0,0
1770256973882068074,19,19,19,19,0,0,0,0
1770256973883956821,19,19,19,19,0,0,0,0
1770256973886136455,19,19,19,19,0,0,0,0
1770256973888240151,19,19,19,19,0,0,0,0
1770256973890176260,19,19,19,19,0,0,0,0
1770256973892204658,19,19,19,19,0,0,0,0
1770256973894177087,19,19,19,19,0,0,0,0
1770256973896246991,19,19,19,19,0,0,0,0
1770256973897896660,19,19,19,19,0,0,0,0
1770256973899946787,19,19,19,19,0,0,0,0
1770256973901793870,19,19,19,19,0,0,0,0
1770256973903939359,19,19,19,19,0,0,0,0
1770256973905783913,19,19,19,19,0,0,0,0
1770256973907999356,19,19,19,19,0,0,0,0
1770256973910112396,19,19,19,19,0,0,0,0
1770256973911887381,19,19,19,19,0,0,0,0
1770256973913839233,19,19,19,19,0,0,0,0
1770256973915889872,19,19,19,19,0,0,0,0
1770256973917812572,19,19,19,19,0,0,0,0
1770256973919906508,19,19,19,19,0,0,0,0
1770256973921966747,19,19,19,19,0,0,0,0
1770256973923790085,19,19,19,19,0,0,0,0
1770256973926102522,19,19,19,19,0,0,0,0
1770256973927861154,19,19,19,19,0,0,0,0
1770256973930018164,19,19,19,19,0,0,0,0
1770256973932060098,19,19,19,19,0,0,0,0
1770256973933969166,19,19,19,19,0,0,0,0
1770256973935783928,19,19,19,19,0,0,0,0
1770256973938013227,19,19,19,19,0,0,0,0
1770256973939844181,19,19,19,19,0,0,0,0
1770256973941832482,19,19,19,19,0,0,0,0
1770256973943775599,19,19,19,19,0,0,0,0
1770256973945994753,19,19,19,19,0,0,0,0
1770256973947824875,19,19,19,19,0,0,0,0
1770256973950035614,19,19,19,19,0,0,0,0
1770256973951972682,19,19,19,19,0,0,0,0
1770256973953815796,19,19,19,19,0,0,0,0
1770256973955990342,19,19,19,19,0,0,0,0
1770256973957984948,19,19,19,19,0,0,0,0
1770256973959912704,19,19,19,19,0,0,0,0
1770256973962414553,19,19,19,19,0,0,0,0
1770256973964323685,19,19,19,19,0,0,0,0
1770256973965927466,19,19,19,19,0,0,0,0
1770256973967903415,19,19,19,19,0,0,0,0
1770256973969983143,19,19,19,19,0,0,0,0
1770256973971962740,19,19,19,19,0,0,0,0
1770256973973788670,19,19,19,19,0,0,0,0
1770256973976053137,19,19,19,19,0,0,0,0
1770256973978501258,19,19,19,19,0,0,0,0
1770256973980380565,19,19,19,19,0,0,0,0
1770256973982724650,19,19,19,19,0,0,0,0
1770256973984430033,19,19,19,19,0,0,0,0
1770256973986846953,19,19,19,19,0,0,0,0
1770256973988094949,19,19,19,19,0,0,0,0
1770256973989621064,19,19,19,19,0,0,0,0
1770256973991732152,19,19,19,19,0,0,0,0
1770256973993805544,19,19,19,19,0,0,0,0
1770256973995763061,19,19,19,19,0,0,0,0
1770256973997648224,19,19,19,19,0,0,0,0
1770256974000224635,19,19,19,19,0,0,0,0
1770256974002615858,19,19,19,19,0,0,0,0
1770256974003873294,19,19,19,19,0,0,0,0
1770256974005894845,19,19,19,19,0,0,0,0
1770256974008024557,19,19,19,19,0,0,0,0
1770256974009891320,19,19,19,19,0,0,0,0
1770256974012007753,19,19,19,19,0,0,0,0
1770256974013983158,19,19,19,19,0,0,0,0
1770256974015734590,19,19,19,19,0,0,0,0
1770256974017950161,19,19,19,19,0,0,0,0
1770256974019688792,19,19,19,19,0,0,0,0
1770256974021767912,19,19,19,19,0,0,0,0
1770256974024037628,19,19,19,19,0,0,0,0
1770256974025674241,19,19,19,19,0,0,0,0
1770256974027884852,19,19,19,19,0,0,0,0
1770256974029724542,19,19,19,19,0,0,0,0
1770256974032022611,19,19,19,19,0,0,0,0
1770256974033861501,19,19,19,19,0,0,0,0
1770256974035722695,19,19,19,19,0,0,0,0
1770256974037885145,19,19,19,19,0,0,0,0
1770256974040025162,19,19,19,19,0,0,0,0
1770256974042116282,19,19,19,19,0,0,0,0
1770256974044362829,19,19,19,19,0,0,0,0
1770256974046124566,19,19,19,19,0,0,0,0
1770256974048035873,19,19,19,19,0,0,0,0
1770256974049948461,19,19,19,19,0,0,0,0
1770256974051824504,19,19,19,19,0,0,0,0
1770256974053744772,19,19,19,19,0,0,0,0
1770256974055872789,19,19,19,19,0,0,0,0
1770256974057818273,19,19,19,19,0,0,0,0
1770256974060076405,19,18,19,19,0,0,0,0
1770256974061938112,19,18,19,19,0,0,0,0
1770256974064465049,19,18,19,19,0,0,0,0
1770256974066305188,19,19,19,19,0,0,0,0
1770256974068251824,19,19,19,19,0,0,0,0
1770256974069964279,19,19,19,19,0,0,0,0
1770256974071774817,19,19,19,19,0,0,0,0
1770256974073652748,19,19,19,19,0,0,0,0
1770256974075655066,19,19,19,19,0,0,0,0
1770256974077641127,19,19,19,19,0,0,0,0
1770256974079716375,19,19,19,19,0,0,0,0
1770256974082133806,19,19,19,19,0,0,0,0
1770256974084185469,19,19,19,19,0,0,0,0
1770256974086154122,19,19,19,19,0,0,0,0
1770256974088117463,19,19,19,19,0,0,0,0
1770256974090121285,19,19,19,19,0,0,0,0
1770256974091933902,19,19,19,19,0,0,0,0
1770256974094160417,19,19,19,19,0,0,0,0
1770256974095886601,19,19,19,19,0,0,0,0
1770256974097755123,19,19,19,19,0,0,0,0
1770256974099933989,18,19,19,19,0,0,0,0
1770256974101763535,18,19,19,19,0,0,0,0
1770256974103801278,18,19,19,19,0,0,0,0
1770256974105643496,19,19,19,19,0,0,0,0
1770256974107841882,19,19,19,19,0,0,0,0
1770256974109624771,19,19,19,19,0,0,0,0
1770256974112722186,19,19,19,19,0,0,0,0
1770256974114829498,19,19,19,19,0,0,0,0
1770256974116798343,19,19,19,19,0,0,0,0
1770256974117810751,19,19,19,19,0,0,0,0
1770256974119850061,19,18,19,19,0,0,0,0
1770256974122080736,19,18,19,19,0,0,0,0
1770256974124273907,19,18,19,19,0,0,0,0
1770256974126545095,19,19,19,19,0,0,0,0
1770256974128018824,19,19,19,19,0,0,0,0
1770256974130117144,19,19,19,19,0,0,0,0
1770256974131752990,19,19,19,19,0,0,0,0
1770256974134072883,19,19,19,19,0,0,0,0
1770256974135814619,19,19,19,19,0,0,0,0
1770256974138005869,19,19,19,19,0,0,0,0
1770256974139954265,19,19,19,19,0,0,0,0
1770256974141924647,19,19,19,19,0,0,0,0
1770256974143892852,19,19,19,19,0,0,0,0
1770256974146052581,19,19,19,19,0,0,0,0
1770256974147936144,19,19,19,19,0,0,0,0
1770256974149855068,19,18,19,19,0,0,0,0
1770256974151978189,19,18,19,19,0,0,0,0
1770256974153824215,18,18,19,19,0,0,0,0
1770256974155920103,18,19,19,19,0,0,0,0
1770256974158099449,18,19,19,19,0,0,0,0
1770256974159891298,19,19,19,19,0,0,0,0
1770256974161931985,19,18,19,19,0,0,0,0
1770256974163838812,19,18,19,19,0,0,0,0
1770256974165945452,19,18,19,19,0,0,0,0
1770256974167980635,19,19,19,19,0,0,0,0
1770256974169759204,19,19,19,19,0,0,0,0
1770256974171839859,19,19,19,19,0,0,0,0
1770256974173936579,19,19,19,19,0,0,0,0
1770256974175860527,19,19,19,19,0,0,0,0
1770256974177745659,19,19,19,19,0,0,0,0
1770256974179904364,19,18,19,19,0,0,0,0
1770256974181909050,19,18,19,19,0,0,0,0
1770256974183763812,19,18,19,19,0,0,0,0
1770256974185634255,19,19,19,19,0,0,0,0
1770256974187756480,19,19,19,19,0,0,0,0
1770256974189652043,19,19,19,19,0,0,0,0
1770256974191736443,19,19,19,19,0,0,0,0
1770256974193878348,19,19,19,19,0,0,0,0
1770256974195774231,19,19,19,19,0,0,0,0
1770256974197902824,19,18,19,19,0,0,0,0
1770256974199691985,19,18,19,19,0,0,0,0
1770256974201882211,19,18,19,19,0,0,0,0
1770256974204054261,19,19,19,19,0,0,0,0
1770256974206125540,19,19,19,19,0,0,0,0
1770256974208166355,19,19,19,19,0,0,0,0
1770256974210174017,19,19,19,19,0,0,0,0
1770256974211817095,19,19,19,19,0,0,0,0
1770256974214036537,19,19,19,19,0,0,0,0
1770256974215785761,19,18,19,19,0,0,0,0
1770256974218006132,19,18,19,19,0,0,0,0
1770256974219874239,19,18,19,19,0,0,0,0
1770256974221628711,19,19,19,19,0,0,0,0
1770256974224163585,19,19,19,19,0,0,0,0
1770256974225863592,18,19,19,19,0,0,0,0
1770256974227910167,18,19,19,19,0,0,0,0
1770256974230161130,18,19,19,19,0,0,0,0
1770256974232006325,19,19,19,19,0,0,0,0
1770256974233763645,19,19,19,19,0,0,0,0
1770256974235832428,19,19,19,19,0,0,0,0
1770256974237767801,18,19,19,19,0,0,0,0
1770256974239835816,18,19,19,19,0,0,0,0
1770256974242103932,18,19,19,19,0,0,0,0
1770256974243996743,19,19,19,19,0,0,0,0
1770256974245807313,19,19,19,19,0,0,0,0
1770256974247840543,19,19,19,19,0,0,0,0
1770256974249737131,19,19,19,19,0,0,0,0
1770256974251804698,19,19,19,19,0,0,0,0
1770256974253727142,19,19,19,19,0,0,0,0
1770256974256332194,19,19,19,19,0,0,0,0
1770256974258207340,19,19,19,19,0,0,0,0
1770256974260338557,19,19,19,19,0,0,0,0
1770256974261978531,19,19,19,19,0,0,0,0
1770256974264123988,19,19,19,19,0,0,0,0
1770256974265920925,19,19,19,19,0,0,0,0
1770256974267912331,19,19,19,19,0,0,0,0
1770256974269968634,19,18,19,19,0,0,0,0
1770256974271687745,19,18,19,19,0,0,0,0
1770256974273824082,19,18,19,19,0,0,0,0
1770256974275643772,19,18,19,19,0,0,0,0
1770256974277615881,19,18,19,19,0,0,0,0
1770256974279732633,19,18,19,19,0,0,0,0
1770256974282175665,19,19,19,19,0,0,0,0
1770256974284199615,19,19,19,19,0,0,0,0
1770256974286439059,19,19,19,19,0,0,0,0
1770256974288021815,19,19,19,19,0,0,0,0
1770256974290403502,19,19,19,19,0,0,0,0
1770256974292071476,19,19,19,19,0,0,0,0
1770256974294106114,19,19,19,19,0,0,0,0
1770256974295821450,19,18,19,19,0,0,0,0
1770256974297929658,19,18,19,19,0,0,0,0
1770256974300120364,19,19,19,19,0,0,0,0
1770256974301840819,19,19,19,19,0,0,0,0
1770256974304024517,19,19,19,19,0,0,0,0
1770256974306200087,19,18,19,19,0,0,0,0
1770256974307984864,19,18,19,19,0,0,0,0
1770256974310329718,18,18,19,19,0,0,0,0
1770256974312117407,18,19,19,19,0,0,0,0
1770256974313947816,18,19,19,19,0,0,0,0
1770256974315888981,19,19,19,19,0,0,0,0
1770256974318027974,19,19,19,19,0,0,0,0
1770256974319879120,19,19,19,19,0,0,0,0
1770256974321919711,19,19,19,19,0,0,0,0
1770256974323972942,19,19,19,19,0,0,0,0
1770256974325866009,19,19,19,19,0,0,0,0
1770256974327915272,18,19,19,19,0,0,0,0
1770256974330129499,18,19,19,19,0,0,0,0
1770256974331941956,18,19,19,19,0,0,0,0
1770256974334027188,18,19,19,19,0,0,0,0
1770256974336002561,18,19,19,19,0,0,0,0
1770256974337892013,18,19,19,19,0,0,0,0
1770256974339896538,19,19,19,19,0,0,0,0
1770256974341859399,19,19,19,19,0,0,0,0
1770256974343978296,19,19,19,19,0,0,0,0
1770256974345998630,19,19,19,19,0,0,0,0
1770256974347786735,19,19,19,19,0,0,0,0
1770256974349961377,19,19,19,19,0,0,0,0
1770256974351884333,19,19,19,19,0,0,0,0
1770256974353857210,19,19,19,19,0,0,0,0
1770256974356013387,19,19,19,19,0,0,0,0
1770256974357973464,19,19,19,19,0,0,0,0
1770256974359870468,19,18,19,19,0,0,0,0
1770256974362126551,19,18,19,19,0,0,0,0
1770256974364397067,19,18,19,19,0,0,0,0
1770256974365850573,19,19,19,19,0,0,0,0
1770256974367945917,18,19,19,19,0,0,0,0
1770256974369939626,18,19,19,19,0,0,0,0
1770256974371856470,18,19,19,19,0,0,0,0
1770256974374263661,19,19,19,19,0,0,0,0
1770256974375932819,19,19,19,19,0,0,0,0
1770256974377822911,19,19,19,19,0,0,0,0
1770256974379878638,19,19,19,19,0,0,0,0
1770256974381875483,19,19,19,19,0,0,0,0
1770256974383953771,19,19,19,19,0,0,0,0
1770256974386021626,18,19,19,19,0,0,0,0
1770256974387943750,18,19,19,19,0,0,0,0
1770256974389971317,18,19,19,19,0,0,0,0
1770256974391879680,19,19,19,19,0,0,0,0
1770256974394017329,19,19,19,19,0,0,0,0
1770256974395884220,19,19,19,19,0,0,0,0
1770256974397843593,18,19,19,19,0,0,0,0
1770256974399948281,18,19,19,19,0,0,0,0
1770256974401883525,18,19,19,19,0,0,0,0
1770256974404002870,19,19,19,19,0,0,0,0
1770256974405894177,19,19,19,19,0,0,0,0
1770256974407844910,19,19,19,19,0,0,0,0
1770256974409940958,18,19,19,19,0,0,0,0
1770256974411837097,18,19,19,19,0,0,0,0
1770256974413980986,18,19,19,19,0,0,0,0
1770256974415909607,18,19,19,19,0,0,0,0
1770256974417748593,18,19,19,19,0,0,0,0
1770256974419825024,18,19,19,19,0,0,0,0
1770256974421707179,18,19,19,19,0,0,0,0
1770256974423825820,18,19,19,19,0,0,0,0
1770256974425742632,18,19,19,19,0,0,0,0
1770256974427686836,19,19,19,19,0,0,0,0
1770256974429728195,19,19,19,19,0,0,0,0
1770256974431842899,19,19,19,19,0,0,0,0
1770256974433679165,19,19,19,19,0,0,0,0
1770256974435764013,19,19,19,19,0,0,0,0
1770256974437836765,19,19,19,19,0,0,0,0
1770256974440015086,19,19,19,19,0,0,0,0
1770256974441858969,19,19,19,19,0,0,0,0
1770256974444111596,19,19,19,19,0,0,0,0
1770256974445819187,19,18,19,19,0,0,0,0
1770256974447930756,18,18,19,19,0,0,0,0
1770256974449971602,18,18,19,19,0,0,0,0
1770256974451908127,18,18,19,19,0,0,0,0
1770256974453820202,19,18,19,19,0,0,0,0
1770256974456012989,19,19,19,19,0,0,0,0
1770256974458056171,19,19,19,19,0,0,0,0
1770256974459794131,19,19,19,19,0,0,0,0
1770256974462085160,19,19,19,19,0,0,0,0
1770256974464056181,19,19,19,19,0,0,0,0
1770256974466015010,19,19,19,19,0,0,0,0
1770256974467942958,19,19,19,19,0,0,0,0
1770256974469863674,19,19,19,19,0,0,0,0
1770256974472038379,19,19,19,19,0,0,0,0
1770256974473918326,19,19,19,19,0,0,0,0
1770256974475820386,19,19,19,19,0,0,0,0
1770256974477990612,19,19,19,19,0,0,0,0
1770256974479920576,19,19,19,19,0,0,0,0
1770256974482056017,19,19,19,19,0,0,0,0
1770256974484258787,19,19,19,19,0,0,0,0
1770256974486344691,19,19,19,19,0,0,0,0
1770256974488011097,18,19,19,19,0,0,0,0
1770256974490279117,18,19,19,19,0,0,0,0
1770256974491856657,18,19,19,19,0,0,0,0
1770256974493930465,18,19,19,19,0,0,0,0
1770256974495891406,19,19,19,19,0,0,0,0
1770256974498165506,19,19,19,19,0,0,0,0
1770256974499797351,19,19,19,19,0,0,0,0
1770256974502159901,18,19,19,19,0,0,0,0
1770256974504148555,18,18,19,19,0,0,0,0
1770256974505823953,18,18,19,19,0,0,0,0
1770256974507905377,19,18,19,19,0,0,0,0
1770256974509888846,19,18,19,19,0,0,0,0
1770256974511948861,19,18,19,19,0,0,0,0
1770256974513953515,19,18,19,19,0,0,0,0
1770256974515835350,19,19,19,19,0,0,0,0
1770256974517894565,18,19,19,19,0,0,0,0
1770256974519849554,18,19,19,19,0,0,0,0
1770256974521961154,18,18,19,19,0,0,0,0
1770256974523891182,19,18,19,19,0,0,0,0
1770256974526031199,19,18,19,19,0,0,0,0
1770256974527814056,19,18,19,19,0,0,0,0
1770256974529919736,19,18,19,19,0,0,0,0
1770256974532305839,19,18,19,19,0,0,0,0
1770256974534295805,19,18,19,19,0,0,0,0
1770256974536232617,19,18,19,19,0,0,0,0
1770256974538108916,19,18,19,19,0,0,0,0
1770256974540296262,19,18,19,19,0,0,0,0
1770256974541963500,19,18,19,19,0,0,0,0
1770256974543805238,19,18,19,19,0,0,0,0
1770256974546096299,19,18,19,19,0,0,0,0
1770256974547882932,19,18,19,19,0,0,0,0
1770256974549773055,19,18,19,19,0,0,0,0
1770256974551864847,19,18,19,19,0,0,0,0
1770256974553763098,19,18,19,19,0,0,0,0
1770256974555982701,19,18,19,19,0,0,0,0
1770256974558022652,19,19,19,19,0,0,0,0
1770256974560053002,19,19,19,19,0,0,0,0
1770256974562345215,19,19,19,19,0,0,0,0
1770256974564221674,19,18,19,19,0,0,0,0
1770256974566066836,19,18,19,19,0,0,0,0
1770256974568030753,19,18,19,19,0,0,0,0
1770256974569892236,19,18,19,19,0,0,0,0
1770256974571723765,19,18,19,19,0,0,0,0
1770256974573886087,19,18,19,19,0,0,0,0
1770256974575819059,19,19,19,19,0,0,0,0
1770256974577923555,19,19,19,19,0,0,0,0
1770256974579968562,19,19,19,19,0,0,0,0
1770256974581841501,19,19,19,19,0,0,0,0
1770256974584066128,19,19,19,19,0,0,0,0
1770256974585870361,19,19,19,19,0,0,0,0
1770256974587763333,19,18,19,19,0,0,0,0
1770256974590076922,19,18,19,19,0,0,0,0
1770256974591918436,19,18,19,19,0,0,0,0
1770256974593981139,19,18,19,19,0,0,0,0
1770256974595921183,19,18,19,19,0,0,0,0
1770256974597883244,19,18,19,19,0,0,0,0
1770256974599755319,19,18,19,19,0,0,0,0
1770256974602074988,19,18,19,19,0,0,0,0
1770256974603844085,19,18,19,19,0,0,0,0
1770256974605912516,19,18,19,19,0,0,0,0
1770256974607975507,18,18,19,19,0,0,0,0
1770256974610039715,18,18,19,19,0,0,0,0
1770256974611925102,18,19,19,19,0,0,0,0
1770256974613744119,19,19,19,19,0,0,0,0
1770256974615667203,19,19,19,19,0,0,0,0
1770256974617743283,19,18,19,19,0,0,0,0
1770256974619681183,18,18,19,19,0,0,0,0
1770256974622200025,18,18,19,19,0,0,0,0
1770256974624097572,18,18,19,19,0,0,0,0
1770256974625928046,19,18,19,19,0,0,0,0
1770256974628169474,19,18,19,19,0,0,0,0
1770256974630288594,19,18,19,19,0,0,0,0
1770256974631882743,19,18,19,19,0,0,0,0
1770256974634054216,19,18,19,19,0,0,0,0
1770256974635845649,19,18,19,19,0,0,0,0
1770256974638023331,19,18,19,19,0,0,0,0
1770256974639988784,19,18,19,19,0,0,0,0
1770256974641962749,19,18,19,19,0,0,0,0
1770256974643945611,19,18,19,19,0,0,0,0
1770256974645803253,19,18,19,19,0,0,0,0
1770256974647938118,19,18,19,19,0,0,0,0
1770256974649759152,19,18,19,19,0,0,0,0
1770256974651875712,19,18,19,19,0,0,0,0
1770256974653798508,19,19,19,19,0,0,0,0
1770256974656047936,19,19,19,19,0,0,0,0
1770256974657856329,19,19,19,19,0,0,0,0
1770256974659993594,19,18,19,19,0,0,0,0
1770256974661969223,19,18,19,19,0,0,0,0
1770256974663820402,19,18,19,19,0,0,0,0
1770256974665928962,19,19,19,19,0,0,0,0
1770256974667933488,18,19,19,19,0,0,0,0
1770256974669769210,18,19,19,19,0,0,0,0
1770256974672390294,18,18,19,19,0,0,0,0
1770256974674555335,19,18,19,19,0,0,0,0
1770256974675981960,19,18,19,19,0,0,0,0
1770256974678102809,19,19,19,19,0,0,0,0
1770256974680333836,19,19,19,19,0,0,0,0
1770256974681893135,19,19,19,19,0,0,0,0
1770256974684154499,19,18,19,19,0,0,0,0
1770256974685893067,18,18,19,19,0,0,0,0
1770256974687822135,18,18,19,19,0,0,0,0
1770256974690045386,18,18,19,19,0,0,0,0
1770256974691896180,18,18,19,19,0,0,0,0
1770256974694000165,18,18,19,19,0,0,0,0
1770256974695902416,18,18,19,19,0,0,0,0
1770256974698051105,19,18,19,19,0,0,0,0
1770256974699864747,19,18,19,19,0,0,0,0
1770256974701765526,19,18,19,19,0,0,0,0
1770256974703908327,19,18,19,19,0,0,0,0
1770256974705800851,19,18,19,19,0,0,0,0
1770256974708011973,19,18,19,19,0,0,0,0
1770256974709925105,19,18,19,19,0,0,0,0
1770256974712043842,19,18,19,19,0,0,0,0
1770256974714296949,19,19,19,19,0,0,0,0
1770256974716360068,18,19,19,19,0,0,0,0
1770256974718163086,18,19,19,19,0,0,0,0
1770256974720158363,18,18,19,19,0,0,0,0
1770256974721747232,18,18,19,19,0,0,0,0
1770256974723790319,18,18,19,19,0,0,0,0
1770256974725662073,18,19,19,19,0,0,0,0
1770256974727863052,19,19,19,19,0,0,0,0
1770256974729662517,19,19,19,19,0,0,0,0
1770256974732096045,19,19,19,19,0,0,0,0
1770256974734036793,19,19,19,19,0,0,0,0
1770256974736495889,19,19,19,19,0,0,0,0
1770256974738298587,19,18,19,19,0,0,0,0
1770256974740037186,19,18,19,19,0,0,0,0
1770256974741988335,19,18,19,19,0,0,0,0
1770256974743984861,19,19,19,19,0,0,0,0
1770256974745919433,18,19,19,19,0,0,0,0
1770256974747816725,18,19,19,19,0,0,0,0
1770256974749828387,18,18,19,19,0,0,0,0
1770256974751829776,19,18,19,19,0,0,0,0
1770256974753795293,19,18,19,19,0,0,0,0
1770256974756446234,19,18,19,19,0,0,0,0
1770256974758066911,19,18,19,19,0,0,0,0
1770256974760370740,19,18,19,19,0,0,0,0
1770256974762140476,19,18,19,19,0,0,0,0
1770256974763827651,19,18,19,19,0,0,0,0
1770256974765780400,19,18,19,19,0,0,0,0
1770256974768321514,19,18,19,19,0,0,0,0
1770256974769812780,18,18,19,19,0,0,0,0
1770256974771995870,18,18,19,19,0,0,0,0
1770256974773920810,18,18,19,19,0,0,0,0
1770256974775626065,18,18,19,19,0,0,0,0
1770256974777771202,18,18,19,19,0,0,0,0
1770256974779691438,18,18,19,19,0,0,0,0
1770256974781688476,19,18,19,19,0,0,0,0
1770256974783658409,19,18,19,19,0,0,0,0
1770256974786815665,19,18,19,19,0,0,0,0
1770256974788353524,18,18,19,19,0,0,0,0
1770256974791885637,18,18,19,19,0,0,0,0
1770256974793409256,18,18,19,19,0,0,0,0
1770256974794673349,19,18,19,19,0,0,0,0
1770256974795766846,19,18,19,19,0,0,0,0
1770256974797840718,19,18,19,19,0,0,0,0
1770256974799703928,19,18,19,19,0,0,0,0
1770256974801801576,19,18,19,19,0,0,0,0
1770256974803777590,19,18,19,19,0,0,0,0
1770256974806290863,19,18,19,19,0,0,0,0
1770256974807988630,19,18,19,19,0,0,0,0
1770256974810296491,19,18,19,19,0,0,0,0
1770256974812134453,18,18,19,19,0,0,0,0
1770256974814329127,18,18,19,19,0,0,0,0
1770256974816043502,18,18,19,19,0,0,0,0
1770256974817911769,19,18,19,19,0,0,0,0
1770256974819994921,19,18,19,19,0,0,0,0
1770256974821806834,19,18,19,19,0,0,0,0
1770256974823986916,18,18,19,19,0,0,0,0
1770256974825943793,18,18,19,19,0,0,0,0
1770256974827770555,18,18,19,19,0,0,0,0
1770256974829965485,18,18,19,19,0,0,0,0
1770256974831855576,18,18,19,19,0,0,0,0
1770256974834104460,18,18,19,19,0,0,0,0
1770256974836004951,19,18,19,19,0,0,0,0
1770256974837988037,19,18,19,19,0,0,0,0
1770256974840093397,19,18,19,19,0,0,0,0
1770256974841942847,18,18,19,19,0,0,0,0
1770256974843961741,18,18,19,19,0,0,0,0
1770256974845758519,18,18,19,19,0,0,0,0
1770256974847980393,18,18,19,19,0,0,0,0
1770256974849821844,18,18,19,19,0,0,0,0
1770256974851987493,18,18,19,19,0,0,0,0
1770256974853884145,18,18,19,19,0,0,0,0
1770256974855782556,18,18,19,19,0,0,0,0
1770256974858014127,18,18,19,19,0,0,0,0
1770256974859859929,19,18,19,19,0,0,0,0
1770256974862086060,19,18,19,19,0,0,0,0
1770256974864142299,19,18,19,19,0,0,0,0
1770256974866328077,18,18,19,19,0,0,0,0
1770256974868103958,18,18,19,19,0,0,0,0
1770256974870205830,18,19,19,19,0,0,0,0
1770256974871981775,19,19,19,19,0,0,0,0
1770256974874504937,19,19,19,19,0,0,0,0
1770256974876024235,19,18,19,19,0,0,0,0
1770256974878027385,18,18,19,19,0,0,0,0
1770256974879878980,18,18,19,19,0,0,0,0
1770256974882037749,18,18,19,19,0,0,0,0
1770256974883892384,18,18,19,19,0,0,0,0
1770256974885929710,18,18,19,19,0,0,0,0
1770256974887994013,18,18,19,19,0,0,0,0
1770256974889897065,19,18,19,19,0,0,0,0
1770256974892002233,19,18,19,19,0,0,0,0
1770256974894080585,19,18,19,19,0,0,0,0
1770256974895877234,19,18,19,19,0,0,0,0
1770256974898000482,19,18,19,19,0,0,0,0
1770256974899929967,19,19,19,19,0,0,0,0
1770256974901942941,18,19,19,19,0,0,0,0
1770256974904022988,18,19,19,19,0,0,0,0
1770256974906031546,18,19,19,19,0,0,0,0
1770256974908108746,19,19,19,19,0,0,0,0
1770256974910327293,19,19,19,19,0,0,0,0
1770256974912339211,19,18,19,19,0,0,0,0
1770256974914089779,19,18,19,19,0,0,0,0
1770256974916040255,19,18,19,19,0,0,0,0
1770256974918284403,19,18,19,19,0,0,0,0
1770256974919865847,19,18,19,19,0,0,0,0
1770256974921821316,19,18,19,19,0,0,0,0
1770256974923999190,19,18,19,19,0,0,0,0
1770256974925813823,19,18,19,19,0,0,0,0
1770256974927802157,19,18,19,19,0,0,0,0
1770256974930000863,19,18,19,19,0,0,0,0
1770256974931941995,19,18,19,19,0,0,0,0
1770256974934249728,19,18,19,19,0,0,0,0
1770256974935991688,19,19,19,19,0,0,0,0
1770256974938693606,18,19,19,19,0,0,0,0
1770256974941751500,18,19,19,19,0,0,0,0
1770256974943010281,18,18,19,19,0,0,0,0
1770256974944369416,18,18,19,19,0,0,0,0
1770256974946370422,18,18,19,19,0,0,0,0
1770256974947907097,18,18,19,19,0,0,0,0
1770256974949717410,19,18,19,19,0,0,0,0
1770256974951994999,19,18,19,19,0,0,0,0
1770256974953807744,19,19,19,19,0,0,0,0
1770256974955691563,19,19,19,19,0,0,0,0
1770256974957983744,19,19,19,19,0,0,0,0
1770256974959998478,19,19,19,19,0,0,0,0
1770256974962005244,19,19,19,19,0,0,0,0
1770256974964012522,19,19,19,19,0,0,0,0
1770256974965888757,19,18,19,19,0,0,0,0
1770256974968023813,19,18,19,19,0,0,0,0
1770256974969860527,19,18,19,19,0,0,0,0
1770256974971762331,19,18,19,19,0,0,0,0
1770256974973869323,19,18,19,19,0,0,0,0
1770256974975841272,19,18,19,19,0,0,0,0
1770256974978169102,19,19,19,19,0,0,0,0
1770256974980128027,19,19,19,19,0,0,0,0
1770256974982120456,19,19,19,19,0,0,0,0
1770256974984189175,19,18,19,19,0,0,0,0
1770256974986163557,19,18,19,19,0,0,0,0
1770256974987982926,19,18,19,19,0,0,0,0
1770256974989985724,19,18,19,19,0,0,0,0
1770256974991943305,19,18,19,19,0,0,0,0
1770256974994049401,19,18,19,19,0,0,0,0
1770256974995870787,19,18,19,19,0,0,0,0
1770256974998245433,19,18,19,19,0,0,0,0
1770256974999727483,19,18,19,19,0,0,0,0
1770256975001693608,19,18,19,19,0,0,0,0
1770256975003866490,19,18,19,19,0,0,0,0
1770256975005873256,19,18,19,19,0,0,0,0
1770256975007959960,19,18,19,19,0,0,0,0
1770256975011002749,18,18,19,19,0,0,0,0
1770256975012134967,18,18,19,19,0,0,0,0
1770256975014058371,18,19,19,19,0,0,0,0
1770256975016150131,19,19,19,19,0,0,0,0
1770256975018087103,19,18,19,19,0,0,0,0
1770256975020394228,19,18,19,19,0,0,0,0
1770256975022289184,19,18,19,19,0,0,0,0
1770256975024225100,19,18,19,19,0,0,0,0
1770256975026204217,19,19,19,19,0,0,0,0
1770256975028299305,18,19,19,19,0,0,0,0
1770256975029872269,18,19,19,19,0,0,0,0
1770256975031824986,18,18,19,19,0,0,0,0
1770256975034530040,19,18,19,19,0,0,0,0
1770256975036146973,19,18,19,19,0,0,0,0
1770256975038092809,19,18,19,19,0,0,0,0
1770256975040214490,19,18,19,19,0,0,0,0
1770256975042156070,19,18,19,19,0,0,0,0
1770256975044111123,19,18,19,19,0,0,0,0
1770256975045938525,18,18,19,19,0,0,0,0
1770256975048434390,18,18,19,19,0,0,0,0
1770256975049932312,18,19,19,19,0,0,0,0
1770256975052280334,18,19,19,19,0,0,0,0
1770256975054214939,18,19,19,19,0,0,0,0
1770256975056261417,18,18,19,19,0,0,0,0
1770256975057875534,19,18,19,19,0,0,0,0
1770256975060070305,19,18,19,19,0,0,0,0
1770256975061897418,19,18,19,19,0,0,0,0
1770256975063779925,19,18,19,19,0,0,0,0
1770256975065998664,19,18,19,19,0,0,0,0
1770256975067942645,19,18,19,19,0,0,0,0
1770256975069783231,19,18,19,19,0,0,0,0
1770256975071897999,19,18,19,19,0,0,0,0
1770256975073684088,19,18,19,19,0,0,0,0
1770256975075826569,19,18,19,19,0,0,0,0
1770256975077702004,19,18,19,19,0,0,0,0
1770256975079796004,19,18,19,19,0,0,0,0
1770256975081825043,19,18,19,19,0,0,0,0
1770256975083851457,19,18,19,19,0,0,0,0
1770256975085760717,18,18,19,19,0,0,0,0
1770256975087735994,18,18,19,19,0,0,0,0
1770256975089780681,18,18,19,19,0,0,0,0
1770256975091769078,18,18,19,19,0,0,0,0
1770256975094311248,18,18,19,19,0,0,0,0
1770256975096081593,18,18,19,19,0,0,0,0
1770256975098121416,18,19,19,19,0,0,0,0
1770256975099972338,18,19,19,19,0,0,0,0
1770256975102249894,18,19,19,19,0,0,0,0
1770256975103931917,18,18,19,19,0,0,0,0
1770256975105880057,19,18,19,19,0,0,0,0
1770256975108116332,19,18,19,19,0,0,0,0
1770256975109922678,19,19,19,19,0,0,0,0
1770256975111945764,19,19,19,19,0,0,0,0
1770256975114134038,19,18,19,19,0,0,0,0
1770256975115908799,19,18,19,19,0,0,0,0
1770256975118073520,19,18,19,19,0,0,0,0
1770256975119885530,19,19,19,19,0,0,0,0
1770256975121929865,19,19,19,19,0,0,0,0
1770256975123927766,19,19,19,19,0,0,0,0
1770256975125724832,19,19,19,19,0,0,0,0
1770256975127760526,19,18,19,19,0,0,0,0
1770256975129756156,19,18,19,19,0,0,0,0
1770256975131871724,19,18,19,19,0,0,0,0
1770256975134330532,19,18,19,19,0,0,0,0
1770256975136037100,18,18,19,19,0,0,0,0
1770256975138531557,18,18,19,19,0,0,0,0
1770256975140107241,18,18,19,19,0,0,0,0
1770256975142252954,19,18,19,19,0,0,0,0
1770256975143703131,19,18,19,19,0,0,0,0
1770256975145741386,19,18,19,19,0,0,0,0
1770256975147791353,19,18,19,19,0,0,0,0
1770256975149692228,19,18,19,19,0,0,0,0
1770256975151845781,19,18,19,19,0,0,0,0
1770256975153946534,18,18,19,19,0,0,0,0
1770256975156270971,18,18,19,19,0,0,0,0
1770256975158379019,18,18,19,19,0,0,0,0
1770256975160096146,19,18,19,19,0,0,0,0
1770256975162186082,19,18,19,19,0,0,0,0
1770256975164034124,19,18,19,19,0,0,0,0
1770256975166072507,19,18,19,19,0,0,0,0
1770256975167764898,19,18,19,19,0,0,0,0
1770256975170050614,19,18,19,19,0,0,0,0
1770256975171846335,19,18,19,19,0,0,0,0
1770256975173989136,19,18,19,19,0,0,0,0
1770256975175975006,19,18,19,19,0,0,0,0
1770256975177858345,18,18,19,19,0,0,0,0
1770256975180022394,18,18,19,19,0,0,0,0
1770256975181908902,18,18,19,19,0,0,0,0
1770256975184002518,19,18,19,19,0,0,0,0
1770256975185907681,19,18,19,19,0,0,0,0
1770256975187976113,19,18,19,19,0,0,0,0
1770256975189849659,19,18,19,19,0,0,0,0
1770256975191952652,19,18,19,19,0,0,0,0
1770256975194283073,19,18,19,19,0,0,0,0
1770256975195891750,18,18,19,19,0,0,0,0
1770256975197982486,18,18,19,19,0,0,0,0
1770256975199863553,18,19,19,19,0,0,0,0
1770256975201876623,19,19,19,19,0,0,0,0
1770256975204126050,19,19,19,19,0,0,0,0
1770256975205921355,19,18,19,19,0,0,0,0
1770256975207991323,18,18,19,19,0,0,0,0
1770256975209978376,18,18,19,19,0,0,0,0
1770256975211844883,18,18,19,19,0,0,0,0
1770256975213771199,19,18,19,19,0,0,0,0
1770256975215769965,19,18,19,19,0,0,0,0
1770256975217877917,19,18,19,19,0,0,0,0
1770256975219652134,19,18,19,19,0,0,0,0
1770256975221751574,19,18,19,19,0,0,0,0
1770256975224130156,19,18,19,19,0,0,0,0
1770256975226198268,19,18,19,19,0,0,0,0
1770256975228155656,19,18,19,19,0,0,0,0
1770256975230437821,19,18,19,19,0,0,0,0
1770256975232150148,18,18,19,19,0,0,0,0
1770256975234153394,18,18,19,19,0,0,0,0
1770256975236021788,18,18,19,19,0,0,0,0
1770256975237899495,19,18,19,19,0,0,0,0
1770256975240009848,19,18,19,19,0,0,0,0
1770256975241923651,19,18,19,19,0,0,0,0
1770256975243958130,18,18,19,19,0,0,0,0
1770256975246019201,18,18,19,19,0,0,0,0
1770256975247978606,18,18,19,19,0,0,0,0
1770256975249830040,18,18,19,19,0,0,0,0
1770256975252085356,18,18,19,19,0,0,0,0
1770256975254061561,18,18,19,19,0,0,0,0
1770256975255835650,18,18,19,19,0,0,0,0
1770256975258114166,18,18,19,19,0,0,0,0
1770256975259899711,18,18,19,19,0,0,0,0
1770256975261924525,18,18,19,19,0,0,0,0
1770256975263949948,18,18,19,19,0,0,0,0
1770256975266293489,18,19,19,19,0,0,0,0
1770256975268088218,18,19,19,19,0,0,0,0
1770256975270220715,18,19,19,19,0,0,0,0
1770256975271967539,18,18,19,19,0,0,0,0
1770256975274389963,18,18,19,19,0,0,0,0
1770256975275968911,18,18,19,19,0,0,0,0
1770256975277734583,18,18,19,19,0,0,0,0
1770256975279741797,19,18,19,19,0,0,0,0
1770256975281884246,19,18,19,19,0,0,0,0
1770256975283717536,18,18,19,19,0,0,0,0
1770256975285955283,18,18,19,19,0,0,0,0
1770256975288108389,18,19,19,19,0,0,0,0
1770256975290187348,19,19,19,19,0,0,0,0
1770256975292150689,19,19,19,19,0,0,0,0
1770256975294421877,19,19,19,19,0,0,0,0
1770256975296165181,19,18,19,19,0,0,0,0
1770256975297946214,19,18,19,19,0,0,0,0
1770256975299792176,19,18,19,19,0,0,0,0
1770256975302115717,19,18,19,19,0,0,0,0
1770256975303832333,18,18,19,19,0,0,0,0
1770256975306014399,18,18,19,19,0,0,0,0
1770256975307989356,18,18,19,19,0,0,0,0
1770256975309865143,18,18,19,19,0,0,0,0
1770256975311889797,18,18,19,19,0,0,0,0
1770256975314139449,18,18,19,19,0,0,0,0
1770256975315903841,19,18,19,19,0,0,0,0
1770256975318255959,19,18,19,19,0,0,0,0
1770256975320158082,19,18,19,19,0,0,0,0
1770256975322332948,18,18,19,19,0,0,0,0
1770256975324321954,18,18,19,19,0,0,0,0
1770256975326083146,18,18,19,19,0,0,0,0
1770256975327724848,19,18,19,19,0,0,0,0
1770256975329632315,19,18,19,19,0,0,0,0
1770256975331722859,19,18,19,19,0,0,0,0
1770256975333715385,18,18,19,19,0,0,0,0
1770256975335819241,18,18,19,19,0,0,0,0
1770256975338299746,19,18,19,19,0,0,0,0
1770256975340176141,19,18,19,19,0,0,0,0
1770256975342225596,19,19,19,19,0,0,0,0
1770256975344307499,19,19,19,19,0,0,0,0
1770256975346083284,18,19,19,19,0,0,0,0
1770256975347689881,18,19,19,19,0,0,0,0
1770256975349827178,18,18,19,19,0,0,0,0
1770256975351801303,19,18,19,19,0,0,0,0
1770256975353961928,19,18,19,19,0,0,0,0
1770256975355711440,19,19,19,19,0,0,0,0
1770256975358529105,19,19,19,19,0,0,0,0
1770256975360106805,19,18,19,19,0,0,0,0
1770256975362120963,19,18,19,19,0,0,0,0
1770256975364212531,19,18,19,19,0,0,0,0
1770256975366132703,19,18,19,19,0,0,0,0
1770256975367912200,19,18,19,19,0,0,0,0
1770256975369969015,19,18,19,19,0,0,0,0
1770256975372098151,19,18,19,19,0,0,0,0
1770256975374031540,19,18,19,19,0,0,0,0
1770256975375851389,18,18,19,19,0,0,0,0
1770256975378027247,18,18,19,19,0,0,0,0
1770256975379984380,18,18,19,19,0,0,0,0
1770256975381936297,19,18,19,19,0,0,0,0
1770256975384221309,19,18,19,19,0,0,0,0
1770256975385948676,19,18,19,19,0,0,0,0
1770256975388813638,18,18,19,19,0,0,0,0
1770256975390639632,18,18,19,19,0,0,0,0
1770256975392834306,18,18,19,19,0,0,0,0
1770256975394656428,19,18,19,19,0,0,0,0
1770256975396518326,19,18,19,19,0,0,0,0
1770256975398016281,19,19,19,19,0,0,0,0
1770256975399798594,19,19,19,19,0,0,0,0
1770256975401718381,19,19,19,19,0,0,0,0
1770256975403848862,19,18,19,19,0,0,0,0
1770256975405688008,19,18,19,19,0,0,0,0
1770256975408117440,19,18,19,19,0,0,0,0
1770256975410059244,19,18,19,19,0,0,0,0
1770256975412180733,19,18,19,19,0,0,0,0
1770256975414452593,19,18,19,19,0,0,0,0
1770256975415931667,19,18,19,19,0,0,0,0
1770256975418031843,19,18,19,19,0,0,0,0
1770256975419978127,19,18,19,19,0,0,0,0
1770256975421873179,18,18,19,19,0,0,0,0
1770256975424070253,18,18,19,19,0,0,0,0
1770256975425886647,18,18,19,19,0,0,0,0
1770256975427873572,19,18,19,19,0,0,0,0
1770256975430022069,19,18,19,19,0,0,0,0
1770256975432019843,19,18,19,19,0,0,0,0
1770256975433798604,18,18,19,19,0,0,0,0
1770256975436021279,18,18,19,19,0,0,0,0
1770256975437843880,18,18,19,19,0,0,0,0
1770256975440075580,19,18,19,19,0,0,0,0
1770256975441957415,19,18,19,19,0,0,0,0
1770256975443990549,19,18,19,19,0,0,0,0
1770256975445889409,19,18,19,19,0,0,0,0
1770256975448041874,19,18,19,19,0,0,0,0
1770256975449951454,19,19,19,19,0,0,0,0
1770256975451832521,19,19,19,19,0,0,0,0
1770256975454099261,19,19,19,19,0,0,0,0
1770256975455881765,19,18,19,19,0,0,0,0
1770256975458193690,19,18,19,19,0,0,0,0
1770256975460180520,19,18,19,19,0,0,0,0
1770256975462401531,19,19,19,19,0,0,0,0
1770256975464289702,19,19,19,19,0,0,0,0
1770256975466172241,19,19,19,19,0,0,0,0
1770256975468131838,19,18,19,19,0,0,0,0
1770256975469880838,19,18,19,19,0,0,0,0
1770256975472084184,19,18,19,19,0,0,0,0
1770256975474263306,19,18,19,19,0,0,0,0
1770256975475841486,19,18,19,19,0,0,0,0
1770256975477902173,18,18,19,19,0,0,0,0
1770256975479962669,18,19,19,19,0,0,0,0
1770256975481781174,19,19,19,19,0,0,0,0
1770256975484041962,19,19,19,19,0,0,0,0
1770256975486025783,19,19,19,19,0,0,0,0
1770256975487915651,18,19,19,19,0,0,0,0
1770256975489985202,18,19,19,19,0,0,0,0
1770256975491912062,18,18,19,19,0,0,0,0
1770256975493898476,18,18,19,19,0,0,0,0
1770256975496002812,18,18,19,19,0,0,0,0
1770256975497951208,18,18,19,19,0,0,0,0
1770256975499795731,19,18,19,19,0,0,0,0
1770256975501995973,19,18,19,19,0,0,0,0
1770256975503854672,19,18,19,19,0,0,0,0
1770256975505762683,19,18,19,19,0,0,0,0
1770256975508358487,19,18,19,19,0,0,0,0
1770256975510276995,19,19,19,19,0,0,0,0
1770256975511963785,19,19,19,19,0,0,0,0
1770256975514392609,19,19,19,19,0,0,0,0
1770256975516087432,19,19,19,19,0,0,0,0
1770256975517908625,19,19,19,19,0,0,0,0
1770256975519857502,19,19,19,19,0,0,0,0
1770256975521712392,19,18,19,19,0,0,0,0
1770256975523711094,18,18,19,19,0,0,0,0
1770256975525868488,18,18,19,19,0,0,0,0
1770256975527820660,18,18,19,19,0,0,0,0
1770256975530352110,19,18,19,19,0,0,0,0
1770256975532494367,19,18,19,19,0,0,0,0
1770256975534293032,19,18,19,19,0,0,0,0
1770256975536158163,19,18,19,19,0,0,0,0
1770256975538169153,19,18,19,19,0,0,0,0
1770256975539756965,19,18,19,19,0,0,0,0
1770256975541701938,19,18,19,19,0,0,0,0
1770256975543747489,19,18,19,19,0,0,0,0
1770256975545641452,19,18,19,19,0,0,0,0
1770256975547687355,18,18,19,19,0,0,0,0
1770256975549924878,18,18,19,19,0,0,0,0
1770256975552107264,18,18,19,19,0,0,0,0
1770256975554518839,18,18,19,19,0,0,0,0
1770256975555917079,19,18,19,19,0,0,0,0
1770256975558206060,19,18,19,19,0,0,0,0
1770256975559916019,18,18,19,19,0,0,0,0
1770256975561770589,18,18,19,19,0,0,0,0
1770256975563901102,18,18,19,19,0,0,0,0
1770256975565771257,18,19,19,19,0,0,0,0
1770256975567959467,18,19,19,19,0,0,0,0
1770256975570108540,18,19,19,19,0,0,0,0
1770256975572198988,19,19,19,19,0,0,0,0
1770256975574281532,19,19,19,19,0,0,0,0
1770256975576621457,19,19,19,19,0,0,0,0
1770256975577983985,19,18,19,19,0,0,0,0
1770256975579789850,18,18,19,19,0,0,0,0
1770256975581791176,18,18,19,19,0,0,0,0
1770256975583746100,18,18,19,19,0,0,0,0
1770256975585822756,18,18,19,19,0,0,0,0
1770256975587761552,18,19,19,19,0,0,0,0
1770256975590164999,18,19,19,19,0,0,0,0
1770256975592340697,18,19,19,19,0,0,0,0
1770256975594392296,18,19,19,19,0,0,0,0
1770256975596252403,18,18,19,19,0,0,0,0
1770256975598168895,19,18,19,19,0,0,0,0
1770256975599985704,19,18,19,19,0,0,0,0
1770256975601732720,19,19,19,19,0,0,0,0
1770256975603910754,19,19,19,19,0,0,0,0
1770256975605719851,19,18,19,19,0,0,0,0
1770256975607675288,18,18,19,19,0,0,0,0
1770256975609729223,18,18,19,19,0,0,0,0
1770256975611769398,18,18,19,19,0,0,0,0
1770256975613825125,19,18,19,19,0,0,0,0
1770256975615864884,19,18,19,19,0,0,0,0
1770256975618311660,19,18,19,19,0,0,0,0
1770256975619815406,19,19,19,19,0,0,0,0
1770256975622149764,18,19,19,19,0,0,0,0
1770256975624422456,18,19,19,19,0,0,0,0
1770256975626227841,18,19,19,19,0,0,0,0
1770256975628211598,19,19,19,19,0,0,0,0
1770256975630510243,19,19,19,19,0,0,0,0
1770256975631716767,19,18,19,19,0,0,0,0
1770256975633675723,19,18,19,19,0,0,0,0
1770256975635765659,19,18,19,19,0,0,0,0
1770256975637650534,18,18,19,19,0,0,0,0
1770256975639761111,18,18,19,19,0,0,0,0
1770256975642193870,18,18,19,19,0,0,0,0
1770256975644308703,19,19,19,19,0,0,0,0
1770256975646717814,19,19,19,19,0,0,0,0
1770256975648113302,19,18,19,19,0,0,0,0
1770256975650086915,19,18,19,19,0,0,0,0
1770256975651875436,18,18,19,19,0,0,0,0
1770256975654060638,18,18,19,19,0,0,0,0
1770256975655876232,18,19,19,19,0,0,0,0
1770256975657902518,18,19,19,19,0,0,0,0
1770256975659980678,18,19,19,19,0,0,0,0
1770256975662030804,18,18,19,19,0,0,0,0
1770256975664158757,18,18,19,19,0,0,0,0
1770256975666142195,18,18,19,19,0,0,0,0
1770256975668126528,18,18,19,19,0,0,0,0
1770256975670058476,19,18,19,19,0,0,0,0
1770256975672387170,19,18,19,19,0,0,0,0
1770256975674409680,19,18,19,19,0,0,0,0
1770256975676044981,18,18,19,19,0,0,0,0
1770256975678328618,18,18,19,19,0,0,0,0
1770256975680381209,18,18,19,19,0,0,0,0
1770256975682032542,18,18,19,19,0,0,0,0
1770256975684038828,18,18,19,19,0,0,0,0
1770256975686067803,18,18,19,19,0,0,0,0
1770256975687918629,18,18,19,19,0,0,0,0
1770256975690006837,18,18,19,19,0,0,0,0
1770256975691906976,19,18,19,19,0,0,0,0
1770256975693968496,19,18,19,19,0,0,0,0
1770256975695769337,19,18,19,19,0,0,0,0
1770256975698001004,19,18,19,19,0,0,0,0
1770256975699850198,18,18,19,19,0,0,0,0
1770256975702084713,18,18,19,19,0,0,0,0
1770256975704483680,18,19,19,19,0,0,0,0
1770256975705854560,18,19,19,19,0,0,0,0
1770256975707765035,18,19,19,19,0,0,0,0
1770256975709970142,19,19,19,19,0,0,0,0
1770256975711867209,19,19,19,19,0,0,0,0
1770256975714100796,19,19,19,19,0,0,0,0
1770256975715838596,19,18,19,19,0,0,0,0
1770256975718080216,19,18,19,19,0,0,0,0
1770256975720010372,19,18,19,19,0,0,0,0
1770256975721783436,19,19,19,19,0,0,0,0
1770256975723957246,19,19,19,19,0,0,0,0
1770256975725923627,19,19,19,19,0,0,0,0
1770256975727917849,18,18,19,19,0,0,0,0
1770256975729988584,18,18,19,19,0,0,0,0
1770256975731960565,18,18,19,19,0,0,0,0
1770256975734119239,18,18,19,19,0,0,0,0
1770256975736109300,18,18,19,19,0,0,0,0
1770256975737970879,18,18,19,19,0,0,0,0
1770256975740039886,18,18,19,19,0,0,0,0
1770256975741873560,18,18,19,19,0,0,0,0
1770256975744024521,18,18,19,19,0,0,0,0
1770256975745808882,18,18,19,19,0,0,0,0
1770256975747965668,18,18,19,19,0,0,0,0
1770256975749975538,18,18,19,19,0,0,0,0
1770256975751829852,18,18,19,19,0,0,0,0
1770256975753982605,18,18,19,19,0,0,0,0
1770256975756024156,18,18,19,19,0,0,0,0
1770256975758066443,18,18,19,19,0,0,0,0
1770256975760238909,18,18,19,19,0,0,0,0
1770256975762317452,18,18,19,19,0,0,0,0
1770256975763866736,19,18,19,19,0,0,0,0
1770256975765878238,19,18,19,19,0,0,0,0
1770256975768052720,19,18,19,19,0,0,0,0
1770256975769816216,19,18,19,19,0,0,0,0
1770256975771964809,19,18,19,19,0,0,0,0
1770256975774006680,19,18,19,19,0,0,0,0
1770256975775886691,18,18,19,19,0,0,0,0
1770256975778004531,18,18,19,19,0,0,0,0
1770256975780002465,18,18,19,19,0,0,0,0
1770256975781923565,19,18,19,19,0,0,0,0
1770256975784016957,19,18,19,19,0,0,0,0
1770256975785933513,19,19,19,19,0,0,0,0
1770256975788057561,18,19,19,19,0,0,0,0
1770256975789956805,18,19,19,19,0,0,0,0
1770256975791941650,18,19,19,19,0,0,0,0
1770256975794030306,18,19,19,19,0,0,0,0
1770256975795821387,18,19,19,19,0,0,0,0
1770256975797652405,18,18,19,19,0,0,0,0
1770256975799740293,19,18,19,19,0,0,0,0
1770256975801640976,19,18,19,19,0,0,0,0
1770256975803643902,19,18,19,19,0,0,0,0
1770256975806637059,19,18,19,19,0,0,0,0
1770256975808462061,19,18,19,19,0,0,0,0
1770256975810697472,19,18,19,19,0,0,0,0
1770256975812409159,18,19,19,19,0,0,0,0
1770256975814745084,18,19,19,19,0,0,0,0
1770256975816574406,18,19,19,19,0,0,0,0
1770256975818562676,19,18,19,19,0,0,0,0
1770256975819833905,19,18,19,19,0,0,0,0
1770256975821674779,19,18,19,19,0,0,0,0
1770256975823948783,18,18,19,19,0,0,0,0
1770256975825975998,18,18,19,19,0,0,0,0
1770256975828318547,18,18,19,19,0,0,0,0
1770256975830176606,19,18,19,19,0,0,0,0
1770256975832153835,19,18,19,19,0,0,0,0
1770256975834418271,19,18,19,19,0,0,0,0
1770256975835686204,19,18,19,19,0,0,0,0
1770256975837749387,19,18,19,19,0,0,0,0
1770256975839648278,19,18,19,19,0,0,0,0
1770256975841760231,19,18,19,19,0,0,0,0
1770256975843713140,19,18,19,19,0,0,0,0
1770256975846308207,19,18,19,19,0,0,0,0
1770256975848399839,19,19,19,19,0,0,0,0
1770256975850068837,19,19,19,19,0,0,0,0
1770256975852156277,19,18,19,19,0,0,0,0
1770256975854350311,19,18,19,19,0,0,0,0
1770256975856000781,19,18,19,19,0,0,0,0
1770256975857858455,19,18,19,19,0,0,0,0
1770256975860198861,19,18,19,19,0,0,0,0
1770256975862018295,19,18,19,19,0,0,0,0
1770256975863868737,19,18,19,19,0,0,0,0
1770256975866297817,18,18,19,19,0,0,0,0
1770256975868091042,18,18,19,19,0,0,0,0
1770256975870521977,18,18,19,19,0,0,0,0
1770256975872103357,18,18,19,19,0,0,0,0
1770256975874416178,18,18,19,19,0,0,0,0
1770256975875899156,18,18,19,19,0,0,0,0
1770256975878061894,19,18,19,19,0,0,0,0
1770256975880057492,19,18,19,19,0,0,0,0
1770256975882024801,19,18,19,19,0,0,0,0
1770256975883932268,18,18,19,19,0,0,0,0
1770256975886131103,18,18,19,19,0,0,0,0
1770256975888127468,18,18,19,19,0,0,0,0
1770256975890329183,19,18,19,19,0,0,0,0
1770256975892353741,19,18,19,19,0,0,0,0
1770256975894974185,19,18,19,19,0,0,0,0
1770256975896142340,19,18,19,19,0,0,0,0
1770256975898053839,19,18,19,19,0,0,0,0
1770256975900408677,19,18,19,19,0,0,0,0
1770256975902084012,19,19,19,19,0,0,0,0
1770256975904384800,19,19,19,19,0,0,0,0
1770256975906232043,19,18,19,19,0,0,0,0
1770256975907956114,19,18,19,19,0,0,0,0
1770256975910076643,19,18,19,19,0,0,0,0
1770256975911911373,19,18,19,19,0,0,0,0
1770256975913772759,18,18,19,19,0,0,0,0
1770256975915638722,18,18,19,19,0,0,0,0
1770256975918071418,18,18,19,19,0,0,0,0
1770256975919959333,18,18,19,19,0,0,0,0
1770256975922118582,18,18,19,19,0,0,0,0
1770256975924354570,18,18,19,19,0,0,0,0
1770256975926015728,19,18,19,19,0,0,0,0
1770256975927888986,19,18,19,19,0,0,0,0
1770256975929911497,19,18,19,19,0,0,0,0
1770256975931845301,19,18,19,19,0,0,0,0
1770256975933823138,19,18,19,19,0,0,0,0
1770256975935893042,19,18,19,19,0,0,0,0
1770256975937991522,18,19,19,19,0,0,0,0
1770256975939780843,18,19,19,19,0,0,0,0
1770256975941933788,18,19,19,19,0,0,0,0
1770256975944036716,18,18,19,19,0,0,0,0
1770256975945811285,18,18,19,19,0,0,0,0
1770256975947938757,18,18,19,19,0,0,0,0
1770256975949884306,19,18,19,19,0,0,0,0
1770256975951893248,19,18,19,19,0,0,0,0
1770256975954119027,19,18,19,19,0,0,0,0
1770256975955880859,18,18,19,19,0,0,0,0
1770256975958084942,18,18,19,19,0,0,0,0
1770256975960170557,18,18,19,19,0,0,0,0
1770256975962167563,18,18,19,19,0,0,0,0
1770256975964147000,18,18,19,19,0,0,0,0
1770256975966185735,18,18,19,19,0,0,0,0
1770256975967860205,18,19,19,19,0,0,0,0
1770256975969888956,18,19,19,19,0,0,0,0
1770256975972041485,18,19,19,19,0,0,0,0
1770256975974225887,18,18,19,19,0,0,0,0
1770256975975769379,18,18,19,19,0,0,0,0
1770256975978001590,18,18,19,19,0,0,0,0
1770256975979790591,19,18,19,19,0,0,0,0
1770256975981684042,19,18,19,19,0,0,0,0
1770256975983841947,19,18,19,19,0,0,0,0
1770256975985691846,18,18,19,19,0,0,0,0
1770256975987923417,18,18,19,19,0,0,0,0
1770256975989710818,18,18,19,19,0,0,0,0
1770256975991766065,18,18,19,19,0,0,0,0
1770256975993897378,18,18,19,19,0,0,0,0
1770256975995720651,18,18,19,19,0,0,0,0
1770256975997829820,18,18,19,19,0,0,0,0
1770256976000108496,18,18,19,19,0,0,0,0
1770256976002389028,18,18,19,19,0,0,0,0
1770256976004142732,19,18,19,19,0,0,0,0
1770256976005930421,19,18,19,19,0,0,0,0
1770256976008190761,19,19,19,19,0,0,0,0
1770256976010003538,19,19,19,19,0,0,0,0
1770256976011859933,19,19,19,19,0,0,0,0
1770256976013894443,19,18,19,19,0,0,0,0
1770256976015971259,19,18,19,19,0,0,0,0
1770256976017791493,19,18,19,19,0,0,0,0
1770256976020062072,19,18,19,19,0,0,0,0
1770256976021708286,18,18,19,19,0,0,0,0
1770256976023794926,18,18,19,19,0,0,0,0
1770256976025858045,18,18,19,19,0,0,0,0
1770256976027746376,18,18,19,19,0,0,0,0
1770256976029846776,18,18,19,19,0,0,0,0
1770256976031757444,18,18,19,19,0,0,0,0
1770256976034132667,19,18,19,19,0,0,0,0
1770256976036268683,19,18,19,19,0,0,0,0
1770256976038005299,19,18,19,19,0,0,0,0
1770256976040311368,19,18,19,19,0,0,0,0
1770256976042110417,19,18,19,19,0,0,0,0
1770256976044148256,19,18,19,19,0,0,0,0
1770256976045824454,19,18,19,19,0,0,0,0
1770256976048023577,19,18,19,19,0,0,0,0
1770256976049961925,19,18,19,19,0,0,0,0
1770256976051898257,18,18,19,19,0,0,0,0
1770256976054002593,18,18,19,19,0,0,0,0
1770256976055957902,19,19,19,19,0,0,0,0
1770256976058029182,19,19,19,19,0,0,0,0
1770256976060352947,19,19,19,19,0,0,0,0
1770256976062345024,19,19,19,19,0,0,0,0
1770256976064001958,18,19,19,19,0,0,0,0
1770256976066172152,18,19,19,19,0,0,0,0
1770256976068031843,18,19,19,19,0,0,0,0
1770256976069973999,18,19,19,19,0,0,0,0
1770256976071917180,18,19,19,19,0,0,0,0
1770256976074108782,18,19,19,19,0,0,0,0
