0.000000000000000000e+00,3.623470000000000163e-02,9.579020000000000312e-01,-1.557620000000000005e+00,-2.577410000000000118e-02,8.717780000000000529e-01,-1.636149999999999993e+00,2.881660000000000124e-02,8.915659999999999696e-01,-1.641850000000000032e+00,-6.257680000000000187e-02,9.236860000000000070e-01,-1.604959999999999942e+00,0.000000000000000000e+00,0.000000000000000000e+00,0.000000000000000000e+00,0.000000000000000000e+00,0.000000000000000000e+00,0.000000000000000000e+00,0.000000000000000000e+00,0.000000000000000000e+00,0.000000000000000000e+00,0.000000000000000000e+00,0.000000000000000000e+00,0.000000000000000000e+00,0.000000000000000000e+00,0.000000000000000000e+00,0.000000000000000000e+00,0.000000000000000000e+00,0.000000000000000000e+00,0.000000000000000000e+00,0.000000000000000000e+00,0.000000000000000000e+00,0.000000000000000000e+00,0.000000000000000000e+00,0.000000000000000000e+00,0.000000000000000000e+00
2.000000000000000042e-02,3.575119999999999687e-02,9.592289999999999983e-01,-1.557090000000000085e+00,-2.438190000000000149e-02,8.726589999999999625e-01,-1.641380000000000061e+00,2.678639999999999841e-02,8.936490000000000267e-01,-1.638099999999999890e+00,-6.292659999999999920e-02,9.250890000000000502e-01,-1.604449999999999932e+00,0.000000000000000000e+00,0.000000000000000000e+00,0.000000000000000000e+00,0.000000000000000000e+00,0.000000000000000000e+00,0.000000000000000000e+00,0.000000000000000000e+00,0.000000000000000000e+00,0.000000000000000000e+00,0.000000000000000000e+00,0.000000000000000000e+00,0.000000000000000000e+00,0.000000000000000000e+00,0.000000000000000000e+00,0.000000000000000000e+00,0.000000000000000000e+00,0.000000000000000000e+00,0.000000000000000000e+00,0.000000000000000000e+00,0.000000000000000000e+00,0.000000000000000000e+00,0.000000000000000000e+00,0.000000000000000000e+00,0.000000000000000000e+00
4.000000000000000083e-02,3.223979999999999901e-02,9.610210000000000141e-01,-1.556119999999999948e+00,-2.551459999999999839e-02,8.730930000000000080e-01,-1.641410000000000036e+00,2.998829999999999898e-02,8.962390000000000079e-01,-1.635550000000000059e+00,-6.138760000000000050e-02,9.246950000000000447e-01,-1.603569999999999940e+00,0.000000000000000000e+00,0.000000000000000000e+00,0.000000000000000000e+00,0.000000000000000000e+00,0.000000000000000000e+00,0.000000000000000000e+00,0.000000000000000000e+00,0.000000000000000000e+00,0.000000000000000000e+00,0.000000000000000000e+00,0.000000000000000000e+00,0.000000000000000000e+00,0.000000000000000000e+00,0.000000000000000000e+00,0.000000000000000000e+00,0.000000000000000000e+00,0.000000000000000000e+00,0.000000000000000000e+00,0.000000000000000000e+00,0.000000000000000000e+00,0.000000000000000000e+00,0.000000000000000000e+00,0.000000000000000000e+00,0.000000000000000000e+00
5.999999999999999778e-02,2.994619999999999921e-02,9.612659999999999538e-01,-1.555169999999999941e+00,-2.974900000000000114e-02,8.697709999999999608e-01,-1.640819999999999945e+00,3.203779999999999822e-02,8.958890000000000464e-01,-1.636090000000000044e+00,-5.879680000000000323e-02,9.216680000000000428e-01,-1.605639999999999956e+00,0.000000000000000000e+00,0.000000000000000000e+00,0.000000000000000000e+00,0.000000000000000000e+00,0.000000000000000000e+00,0.000000000000000000e+00,0.000000000000000000e+00,0.000000000000000000e+00,0.000000000000000000e+00,0.000000000000000000e+00,0.000000000000000000e+00,0.000000000000000000e+00,0.000000000000000000e+00,0.000000000000000000e+00,0.000000000000000000e+00,0.000000000000000000e+00,0.000000000000000000e+00,0.000000000000000000e+00,0.000000000000000000e+00,0.000000000000000000e+00,0.000000000000000000e+00,0.000000000000000000e+00,0.000000000000000000e+00,0.000000000000000000e+00
8.000000000000000167e-02,-1.664830000000000129e-02,1.028820000000000068e+00,-1.688690000000000024e+00,-4.402449999999999593e-03,9.021259999999999835e-01,-1.754180000000000073e+00,5.256090000000000068e-02,1.023339999999999916e+00,-1.568759999999999932e+00,-6.799689999999999901e-02,1.039220000000000033e+00,-1.531430000000000069e+00,0.000000000000000000e+00,0.000000000000000000e+00,0.000000000000000000e+00,0.000000000000000000e+00,0.000000000000000000e+00,0.000000000000000000e+00,0.000000000000000000e+00,0.000000000000000000e+00,0.000000000000000000e+00,0.000000000000000000e+00,0.000000000000000000e+00,0.000000000000000000e+00,0.000000000000000000e+00,0.000000000000000000e+00,0.000000000000000000e+00,0.000000000000000000e+00,0.000000000000000000e+00,0.000000000000000000e+00,0.000000000000000000e+00,0.000000000000000000e+00,0.000000000000000000e+00,0.000000000000000000e+00,0.000000000000000000e+00,0.000000000000000000e+00
1.000000000000000056e-01,-3.807699999999999974e-02,9.822600000000000220e-01,-1.730359999999999898e+00,-1.643299999999999969e-02,9.341899999999999649e-01,-1.723659999999999970e+00,7.249930000000000263e-02,1.013120000000000021e+00,-1.594349999999999934e+00,-4.120660000000000295e-02,1.076659999999999950e+00,-1.459649999999999892e+00,0.000000000000000000e+00,0.000000000000000000e+00,0.000000000000000000e+00,0.000000000000000000e+00,0.000000000000000000e+00,0.000000000000000000e+00,0.000000000000000000e+00,0.000000000000000000e+00,0.000000000000000000e+00,0.000000000000000000e+00,0.000000000000000000e+00,0.000000000000000000e+00,0.000000000000000000e+00,0.000000000000000000e+00,0.000000000000000000e+00,0.000000000000000000e+00,0.000000000000000000e+00,0.000000000000000000e+00,0.000000000000000000e+00,0.000000000000000000e+00,0.000000000000000000e+00,0.000000000000000000e+00,0.000000000000000000e+00,0.000000000000000000e+00
1.199999999999999956e-01,-7.887289999999999579e-02,9.820860000000000145e-01,-1.929650000000000087e+00,-9.506769999999999457e-03,9.708259999999999668e-01,-1.745339999999999892e+00,1.138870000000000021e-01,1.103860000000000063e+00,-1.578810000000000047e+00,-4.491239999999999816e-02,1.174379999999999979e+00,-1.504739999999999966e+00,0.000000000000000000e+00,0.000000000000000000e+00,0.000000000000000000e+00,0.000000000000000000e+00,0.000000000000000000e+00,0.000000000000000000e+00,0.000000000000000000e+00,0.000000000000000000e+00,0.000000000000000000e+00,0.000000000000000000e+00,0.000000000000000000e+00,0.000000000000000000e+00,0.000000000000000000e+00,0.000000000000000000e+00,0.000000000000000000e+00,0.000000000000000000e+00,0.000000000000000000e+00,0.000000000000000000e+00,0.000000000000000000e+00,0.000000000000000000e+00,0.000000000000000000e+00,0.000000000000000000e+00,0.000000000000000000e+00,0.000000000000000000e+00
1.400000000000000133e-01,-1.306579999999999964e-01,8.874300000000000521e-01,-2.046419999999999906e+00,-6.015879999999999839e-02,1.084109999999999907e+00,-1.580929999999999946e+00,1.934319999999999928e-01,1.175859999999999905e+00,-1.473070000000000102e+00,4.458589999999999776e-02,1.220150000000000068e+00,-1.512229999999999963e+00,0.000000000000000000e+00,0.000000000000000000e+00,0.000000000000000000e+00,0.000000000000000000e+00,0.000000000000000000e+00,0.000000000000000000e+00,0.000000000000000000e+00,0.000000000000000000e+00,0.000000000000000000e+00,0.000000000000000000e+00,0.000000000000000000e+00,0.000000000000000000e+00,0.000000000000000000e+00,0.000000000000000000e+00,0.000000000000000000e+00,0.000000000000000000e+00,0.000000000000000000e+00,0.000000000000000000e+00,0.000000000000000000e+00,0.000000000000000000e+00,0.000000000000000000e+00,0.000000000000000000e+00,0.000000000000000000e+00,0.000000000000000000e+00
1.600000000000000033e-01,-1.419229999999999936e-01,7.621869999999999479e-01,-2.117269999999999985e+00,-1.523700000000000054e-01,1.161739999999999995e+00,-1.477020000000000000e+00,1.902580000000000104e-01,1.243619999999999948e+00,-1.391440000000000010e+00,1.476169999999999982e-01,1.191019999999999968e+00,-1.691759999999999931e+00,0.000000000000000000e+00,0.000000000000000000e+00,0.000000000000000000e+00,0.000000000000000000e+00,0.000000000000000000e+00,0.000000000000000000e+00,0.000000000000000000e+00,0.000000000000000000e+00,0.000000000000000000e+00,0.000000000000000000e+00,0.000000000000000000e+00,0.000000000000000000e+00,0.000000000000000000e+00,0.000000000000000000e+00,0.000000000000000000e+00,0.000000000000000000e+00,0.000000000000000000e+00,0.000000000000000000e+00,0.000000000000000000e+00,0.000000000000000000e+00,0.000000000000000000e+00,0.000000000000000000e+00,0.000000000000000000e+00,0.000000000000000000e+00
1.799999999999999933e-01,-4.340970000000000245e-02,7.063270000000000381e-01,-2.055480000000000196e+00,-1.679690000000000072e-01,1.192819999999999991e+00,-1.500809999999999977e+00,9.437929999999999930e-02,1.223309999999999897e+00,-1.416560000000000041e+00,7.423649999999999693e-02,1.108849999999999891e+00,-1.829479999999999995e+00,0.000000000000000000e+00,0.000000000000000000e+00,0.000000000000000000e+00,0.000000000000000000e+00,0.000000000000000000e+00,0.000000000000000000e+00,0.000000000000000000e+00,0.000000000000000000e+00,0.000000000000000000e+00,0.000000000000000000e+00,0.000000000000000000e+00,0.000000000000000000e+00,0.000000000000000000e+00,0.000000000000000000e+00,0.000000000000000000e+00,0.000000000000000000e+00,0.000000000000000000e+00,0.000000000000000000e+00,0.000000000000000000e+00,0.000000000000000000e+00,0.000000000000000000e+00,0.000000000000000000e+00,0.000000000000000000e+00,0.000000000000000000e+00
2.000000000000000111e-01,-3.503049999999999914e-02,6.767990000000000395e-01,-2.047759999999999803e+00,-1.359690000000000065e-01,1.183060000000000000e+00,-1.469870000000000010e+00,7.867939999999999656e-02,1.223559999999999981e+00,-1.422469999999999901e+00,8.130260000000000264e-02,1.047709999999999919e+00,-1.956879999999999953e+00,0.000000000000000000e+00,0.000000000000000000e+00,0.000000000000000000e+00,0.000000000000000000e+00,0.000000000000000000e+00,0.000000000000000000e+00,0.000000000000000000e+00,0.000000000000000000e+00,0.000000000000000000e+00,0.000000000000000000e+00,0.000000000000000000e+00,0.000000000000000000e+00,0.000000000000000000e+00,0.000000000000000000e+00,0.000000000000000000e+00,0.000000000000000000e+00,0.000000000000000000e+00,0.000000000000000000e+00,0.000000000000000000e+00,0.000000000000000000e+00,0.000000000000000000e+00,0.000000000000000000e+00,0.000000000000000000e+00,0.000000000000000000e+00
2.200000000000000011e-01,-4.100809999999999872e-02,6.569350000000000467e-01,-2.081840000000000135e+00,-1.132699999999999957e-01,1.203689999999999927e+00,-1.441940000000000000e+00,9.842040000000000510e-02,1.286049999999999915e+00,-1.378020000000000023e+00,1.460160000000000069e-01,9.879130000000000411e-01,-2.096239999999999881e+00,0.000000000000000000e+00,0.000000000000000000e+00,0.000000000000000000e+00,0.000000000000000000e+00,0.000000000000000000e+00,0.000000000000000000e+00,0.000000000000000000e+00,0.000000000000000000e+00,0.000000000000000000e+00,0.000000000000000000e+00,0.000000000000000000e+00,0.000000000000000000e+00,0.000000000000000000e+00,0.000000000000000000e+00,0.000000000000000000e+00,0.000000000000000000e+00,0.000000000000000000e+00,0.000000000000000000e+00,0.000000000000000000e+00,0.000000000000000000e+00,0.000000000000000000e+00,0.000000000000000000e+00,0.000000000000000000e+00,0.000000000000000000e+00
2.399999999999999911e-01,-5.039060000000000067e-02,6.449129999999999585e-01,-2.058790000000000120e+00,-8.814650000000000263e-02,1.205969999999999986e+00,-1.427240000000000064e+00,6.685370000000000201e-02,1.297109999999999985e+00,-1.369590000000000085e+00,1.675939999999999930e-01,9.177549999999999875e-01,-2.158729999999999816e+00,0.000000000000000000e+00,0.000000000000000000e+00,0.000000000000000000e+00,0.000000000000000000e+00,0.000000000000000000e+00,0.000000000000000000e+00,0.000000000000000000e+00,0.000000000000000000e+00,0.000000000000000000e+00,0.000000000000000000e+00,0.000000000000000000e+00,0.000000000000000000e+00,0.000000000000000000e+00,0.000000000000000000e+00,0.000000000000000000e+00,0.000000000000000000e+00,0.000000000000000000e+00,0.000000000000000000e+00,0.000000000000000000e+00,0.000000000000000000e+00,0.000000000000000000e+00,0.000000000000000000e+00,0.000000000000000000e+00,0.000000000000000000e+00
2.600000000000000089e-01,-6.174539999999999890e-02,6.603769999999999918e-01,-1.966720000000000024e+00,-4.507769999999999833e-02,1.175249999999999906e+00,-1.482350000000000056e+00,6.641519999999999369e-02,1.300890000000000102e+00,-1.366889999999999938e+00,1.791639999999999899e-01,8.087250000000000272e-01,-2.157200000000000006e+00,0.000000000000000000e+00,0.000000000000000000e+00,0.000000000000000000e+00,0.000000000000000000e+00,0.000000000000000000e+00,0.000000000000000000e+00,0.000000000000000000e+00,0.000000000000000000e+00,0.000000000000000000e+00,0.000000000000000000e+00,0.000000000000000000e+00,0.000000000000000000e+00,0.000000000000000000e+00,0.000000000000000000e+00,0.000000000000000000e+00,0.000000000000000000e+00,0.000000000000000000e+00,0.000000000000000000e+00,0.000000000000000000e+00,0.000000000000000000e+00,0.000000000000000000e+00,0.000000000000000000e+00,0.000000000000000000e+00,0.000000000000000000e+00
2.800000000000000266e-01,-5.794339999999999907e-02,7.476749999999999785e-01,-1.830889999999999906e+00,-1.066049999999999984e-02,1.198760000000000048e+00,-1.752289999999999903e+00,4.475300000000000111e-02,1.307539999999999925e+00,-1.365820000000000034e+00,9.023340000000000527e-02,6.856320000000000192e-01,-2.076420000000000154e+00,0.000000000000000000e+00,0.000000000000000000e+00,0.000000000000000000e+00,0.000000000000000000e+00,0.000000000000000000e+00,0.000000000000000000e+00,0.000000000000000000e+00,0.000000000000000000e+00,0.000000000000000000e+00,0.000000000000000000e+00,0.000000000000000000e+00,0.000000000000000000e+00,0.000000000000000000e+00,0.000000000000000000e+00,0.000000000000000000e+00,0.000000000000000000e+00,0.000000000000000000e+00,0.000000000000000000e+00,0.000000000000000000e+00,0.000000000000000000e+00,0.000000000000000000e+00,0.000000000000000000e+00,0.000000000000000000e+00,0.000000000000000000e+00
2.999999999999999889e-01,-1.018290000000000028e-01,9.299450000000000216e-01,-1.826899999999999968e+00,1.824270000000000058e-02,1.148630000000000040e+00,-2.125319999999999876e+00,4.613590000000000052e-02,1.291299999999999892e+00,-1.385510000000000019e+00,-8.990130000000000343e-02,7.555199999999999694e-01,-1.837010000000000032e+00,0.000000000000000000e+00,0.000000000000000000e+00,0.000000000000000000e+00,0.000000000000000000e+00,0.000000000000000000e+00,0.000000000000000000e+00,0.000000000000000000e+00,0.000000000000000000e+00,0.000000000000000000e+00,0.000000000000000000e+00,0.000000000000000000e+00,0.000000000000000000e+00,0.000000000000000000e+00,0.000000000000000000e+00,0.000000000000000000e+00,0.000000000000000000e+00,0.000000000000000000e+00,0.000000000000000000e+00,0.000000000000000000e+00,0.000000000000000000e+00,0.000000000000000000e+00,0.000000000000000000e+00,0.000000000000000000e+00,0.000000000000000000e+00
3.200000000000000067e-01,-1.236259999999999963e-02,1.074019999999999975e+00,-1.718949999999999978e+00,-2.601260000000000031e-02,1.030159999999999965e+00,-2.155580000000000052e+00,3.529899999999999705e-02,1.270610000000000017e+00,-1.578310000000000102e+00,-1.602079999999999893e-01,1.006799999999999917e+00,-1.554610000000000047e+00,0.000000000000000000e+00,0.000000000000000000e+00,0.000000000000000000e+00,0.000000000000000000e+00,0.000000000000000000e+00,0.000000000000000000e+00,0.000000000000000000e+00,0.000000000000000000e+00,0.000000000000000000e+00,0.000000000000000000e+00,0.000000000000000000e+00,0.000000000000000000e+00,0.000000000000000000e+00,0.000000000000000000e+00,0.000000000000000000e+00,0.000000000000000000e+00,0.000000000000000000e+00,0.000000000000000000e+00,0.000000000000000000e+00,0.000000000000000000e+00,0.000000000000000000e+00,0.000000000000000000e+00,0.000000000000000000e+00,0.000000000000000000e+00
3.400000000000000244e-01,1.576299999999999923e-01,1.222099999999999964e+00,-1.498799999999999910e+00,9.795520000000000616e-02,1.003060000000000063e+00,-2.142469999999999875e+00,-1.384980000000000100e-01,1.207410000000000094e+00,-2.031660000000000021e+00,-1.197489999999999943e-01,1.125399999999999956e+00,-1.368829999999999991e+00,0.000000000000000000e+00,0.000000000000000000e+00,0.000000000000000000e+00,0.000000000000000000e+00,0.000000000000000000e+00,0.000000000000000000e+00,0.000000000000000000e+00,0.000000000000000000e+00,0.000000000000000000e+00,0.000000000000000000e+00,0.000000000000000000e+00,0.000000000000000000e+00,0.000000000000000000e+00,0.000000000000000000e+00,0.000000000000000000e+00,0.000000000000000000e+00,0.000000000000000000e+00,0.000000000000000000e+00,0.000000000000000000e+00,0.000000000000000000e+00,0.000000000000000000e+00,0.000000000000000000e+00,0.000000000000000000e+00,0.000000000000000000e+00
3.599999999999999867e-01,2.479800000000000060e-01,1.190630000000000077e+00,-1.347380000000000022e+00,1.167300000000000004e-01,9.711929999999999730e-01,-2.208880000000000177e+00,-2.627369999999999983e-01,1.028729999999999922e+00,-2.132610000000000117e+00,-2.592269999999999852e-01,1.152619999999999978e+00,-1.369189999999999907e+00,0.000000000000000000e+00,0.000000000000000000e+00,0.000000000000000000e+00,0.000000000000000000e+00,0.000000000000000000e+00,0.000000000000000000e+00,0.000000000000000000e+00,0.000000000000000000e+00,0.000000000000000000e+00,0.000000000000000000e+00,0.000000000000000000e+00,0.000000000000000000e+00,0.000000000000000000e+00,0.000000000000000000e+00,0.000000000000000000e+00,0.000000000000000000e+00,0.000000000000000000e+00,0.000000000000000000e+00,0.000000000000000000e+00,0.000000000000000000e+00,0.000000000000000000e+00,0.000000000000000000e+00,0.000000000000000000e+00,0.000000000000000000e+00
3.800000000000000044e-01,6.499439999999999384e-02,1.210790000000000033e+00,-1.511379999999999946e+00,6.590759999999999674e-02,8.006419999999999648e-01,-2.079099999999999948e+00,-2.084590000000000054e-01,1.015940000000000065e+00,-2.011880000000000113e+00,-1.791810000000000069e-01,1.272960000000000091e+00,-1.409869999999999957e+00,0.000000000000000000e+00,0.000000000000000000e+00,0.000000000000000000e+00,0.000000000000000000e+00,0.000000000000000000e+00,0.000000000000000000e+00,0.000000000000000000e+00,0.000000000000000000e+00,0.000000000000000000e+00,0.000000000000000000e+00,0.000000000000000000e+00,0.000000000000000000e+00,0.000000000000000000e+00,0.000000000000000000e+00,0.000000000000000000e+00,0.000000000000000000e+00,0.000000000000000000e+00,0.000000000000000000e+00,0.000000000000000000e+00,0.000000000000000000e+00,0.000000000000000000e+00,0.000000000000000000e+00,0.000000000000000000e+00,0.000000000000000000e+00
4.000000000000000222e-01,-7.050819999999999310e-02,1.193789999999999907e+00,-1.571209999999999996e+00,9.191380000000000383e-02,7.134949999999999903e-01,-2.092379999999999907e+00,-1.524330000000000129e-01,8.926049999999999818e-01,-2.093030000000000168e+00,-1.906319999999999959e-01,1.339099999999999957e+00,-1.370219999999999994e+00,0.000000000000000000e+00,0.000000000000000000e+00,0.000000000000000000e+00,0.000000000000000000e+00,0.000000000000000000e+00,0.000000000000000000e+00,0.000000000000000000e+00,0.000000000000000000e+00,0.000000000000000000e+00,0.000000000000000000e+00,0.000000000000000000e+00,0.000000000000000000e+00,0.000000000000000000e+00,0.000000000000000000e+00,0.000000000000000000e+00,0.000000000000000000e+00,0.000000000000000000e+00,0.000000000000000000e+00,0.000000000000000000e+00,0.000000000000000000e+00,0.000000000000000000e+00,0.000000000000000000e+00,0.000000000000000000e+00,0.000000000000000000e+00
4.199999999999999845e-01,-7.744470000000000520e-02,1.133869999999999933e+00,-1.917780000000000040e+00,1.072260000000000019e-01,7.351980000000000182e-01,-2.032020000000000159e+00,-9.954319999999999835e-02,7.969589999999999730e-01,-2.059480000000000199e+00,-1.558970000000000078e-01,1.347960000000000047e+00,-1.437300000000000022e+00,0.000000000000000000e+00,0.000000000000000000e+00,0.000000000000000000e+00,0.000000000000000000e+00,0.000000000000000000e+00,0.000000000000000000e+00,0.000000000000000000e+00,0.000000000000000000e+00,0.000000000000000000e+00,0.000000000000000000e+00,0.000000000000000000e+00,0.000000000000000000e+00,0.000000000000000000e+00,0.000000000000000000e+00,0.000000000000000000e+00,0.000000000000000000e+00,0.000000000000000000e+00,0.000000000000000000e+00,0.000000000000000000e+00,0.000000000000000000e+00,0.000000000000000000e+00,0.000000000000000000e+00,0.000000000000000000e+00,0.000000000000000000e+00
4.400000000000000022e-01,-1.142959999999999948e-01,1.029719999999999969e+00,-2.175209999999999866e+00,1.522620000000000084e-01,8.276259999999999728e-01,-1.966129999999999933e+00,-4.818209999999999854e-02,9.258549999999999836e-01,-1.863399999999999945e+00,-1.004099999999999993e-01,1.352670000000000039e+00,-1.457699999999999996e+00,0.000000000000000000e+00,0.000000000000000000e+00,0.000000000000000000e+00,0.000000000000000000e+00,0.000000000000000000e+00,0.000000000000000000e+00,0.000000000000000000e+00,0.000000000000000000e+00,0.000000000000000000e+00,0.000000000000000000e+00,0.000000000000000000e+00,0.000000000000000000e+00,0.000000000000000000e+00,0.000000000000000000e+00,0.000000000000000000e+00,0.000000000000000000e+00,0.000000000000000000e+00,0.000000000000000000e+00,0.000000000000000000e+00,0.000000000000000000e+00,0.000000000000000000e+00,0.000000000000000000e+00,0.000000000000000000e+00,0.000000000000000000e+00
4.600000000000000200e-01,-1.457179999999999864e-01,9.884979999999999878e-01,-2.136369999999999880e+00,1.003710000000000019e-01,8.872339999999999671e-01,-1.884570000000000078e+00,5.755339999999999762e-02,1.103969999999999896e+00,-1.607250000000000068e+00,-2.683939999999999937e-02,1.297579999999999956e+00,-1.517859999999999987e+00,0.000000000000000000e+00,0.000000000000000000e+00,0.000000000000000000e+00,0.000000000000000000e+00,0.000000000000000000e+00,0.000000000000000000e+00,0.000000000000000000e+00,0.000000000000000000e+00,0.000000000000000000e+00,0.000000000000000000e+00,0.000000000000000000e+00,0.000000000000000000e+00,0.000000000000000000e+00,0.000000000000000000e+00,0.000000000000000000e+00,0.000000000000000000e+00,0.000000000000000000e+00,0.000000000000000000e+00,0.000000000000000000e+00,0.000000000000000000e+00,0.000000000000000000e+00,0.000000000000000000e+00,0.000000000000000000e+00,0.000000000000000000e+00
4.799999999999999822e-01,-1.884840000000000126e-01,8.805159999999999654e-01,-2.114539999999999864e+00,-2.533189999999999834e-03,1.086929999999999952e+00,-1.584950000000000081e+00,1.637520000000000087e-01,1.216569999999999929e+00,-1.424260000000000081e+00,3.737209999999999838e-02,1.270569999999999977e+00,-1.769600000000000062e+00,0.000000000000000000e+00,0.000000000000000000e+00,0.000000000000000000e+00,0.000000000000000000e+00,0.000000000000000000e+00,0.000000000000000000e+00,0.000000000000000000e+00,0.000000000000000000e+00,0.000000000000000000e+00,0.000000000000000000e+00,0.000000000000000000e+00,0.000000000000000000e+00,0.000000000000000000e+00,0.000000000000000000e+00,0.000000000000000000e+00,0.000000000000000000e+00,0.000000000000000000e+00,0.000000000000000000e+00,0.000000000000000000e+00,0.000000000000000000e+00,0.000000000000000000e+00,0.000000000000000000e+00,0.000000000000000000e+00,0.000000000000000000e+00
5.000000000000000000e-01,-1.954329999999999956e-01,7.955119999999999969e-01,-2.173420000000000130e+00,-2.238499999999999865e-02,1.207629999999999981e+00,-1.414220000000000033e+00,1.795229999999999881e-01,1.206110000000000015e+00,-1.511560000000000015e+00,1.168510000000000035e-02,1.302459999999999951e+00,-1.777230000000000087e+00,0.000000000000000000e+00,0.000000000000000000e+00,0.000000000000000000e+00,0.000000000000000000e+00,0.000000000000000000e+00,0.000000000000000000e+00,0.000000000000000000e+00,0.000000000000000000e+00,0.000000000000000000e+00,0.000000000000000000e+00,0.000000000000000000e+00,0.000000000000000000e+00,0.000000000000000000e+00,0.000000000000000000e+00,0.000000000000000000e+00,0.000000000000000000e+00,0.000000000000000000e+00,0.000000000000000000e+00,0.000000000000000000e+00,0.000000000000000000e+00,0.000000000000000000e+00,0.000000000000000000e+00,0.000000000000000000e+00,0.000000000000000000e+00
5.200000000000000178e-01,-1.559139999999999970e-01,7.037449999999999539e-01,-2.183790000000000120e+00,-5.884849999999999803e-02,1.288019999999999943e+00,-1.422609999999999930e+00,1.596210000000000129e-01,1.290450000000000097e+00,-1.435820000000000096e+00,4.292760000000000326e-02,1.283179999999999987e+00,-1.944050000000000056e+00,0.000000000000000000e+00,0.000000000000000000e+00,0.000000000000000000e+00,0.000000000000000000e+00,0.000000000000000000e+00,0.000000000000000000e+00,0.000000000000000000e+00,0.000000000000000000e+00,0.000000000000000000e+00,0.000000000000000000e+00,0.000000000000000000e+00,0.000000000000000000e+00,0.000000000000000000e+00,0.000000000000000000e+00,0.000000000000000000e+00,0.000000000000000000e+00,0.000000000000000000e+00,0.000000000000000000e+00,0.000000000000000000e+00,0.000000000000000000e+00,0.000000000000000000e+00,0.000000000000000000e+00,0.000000000000000000e+00,0.000000000000000000e+00
5.400000000000000355e-01,-1.448160000000000003e-01,6.495020000000000238e-01,-2.180810000000000137e+00,-3.836740000000000289e-02,1.283300000000000107e+00,-1.378889999999999949e+00,1.596079999999999999e-01,1.311139999999999972e+00,-1.416029999999999900e+00,1.654410000000000047e-01,1.247079999999999966e+00,-2.131429999999999936e+00,0.000000000000000000e+00,0.000000000000000000e+00,0.000000000000000000e+00,0.000000000000000000e+00,0.000000000000000000e+00,0.000000000000000000e+00,0.000000000000000000e+00,0.000000000000000000e+00,0.000000000000000000e+00,0.000000000000000000e+00,0.000000000000000000e+00,0.000000000000000000e+00,0.000000000000000000e+00,0.000000000000000000e+00,0.000000000000000000e+00,0.000000000000000000e+00,0.000000000000000000e+00,0.000000000000000000e+00,0.000000000000000000e+00,0.000000000000000000e+00,0.000000000000000000e+00,0.000000000000000000e+00,0.000000000000000000e+00,0.000000000000000000e+00
5.600000000000000533e-01,-1.074019999999999975e-01,6.505149999999999544e-01,-2.133439999999999781e+00,-3.479270000000000279e-02,1.286019999999999941e+00,-1.386069999999999913e+00,1.179950000000000027e-01,1.312859999999999916e+00,-1.414989999999999970e+00,2.376769999999999994e-01,1.227470000000000061e+00,-2.182279999999999998e+00,0.000000000000000000e+00,0.000000000000000000e+00,0.000000000000000000e+00,0.000000000000000000e+00,0.000000000000000000e+00,0.000000000000000000e+00,0.000000000000000000e+00,0.000000000000000000e+00,0.000000000000000000e+00,0.000000000000000000e+00,0.000000000000000000e+00,0.000000000000000000e+00,0.000000000000000000e+00,0.000000000000000000e+00,0.000000000000000000e+00,0.000000000000000000e+00,0.000000000000000000e+00,0.000000000000000000e+00,0.000000000000000000e+00,0.000000000000000000e+00,0.000000000000000000e+00,0.000000000000000000e+00,0.000000000000000000e+00,0.000000000000000000e+00
5.799999999999999600e-01,-1.193940000000000001e-01,7.077339999999999742e-01,-2.064579999999999860e+00,1.118429999999999945e-02,1.245109999999999939e+00,-1.425170000000000048e+00,1.642540000000000111e-01,1.332410000000000094e+00,-1.407820000000000071e+00,2.973129999999999939e-01,1.108449999999999935e+00,-2.168509999999999938e+00,0.000000000000000000e+00,0.000000000000000000e+00,0.000000000000000000e+00,0.000000000000000000e+00,0.000000000000000000e+00,0.000000000000000000e+00,0.000000000000000000e+00,0.000000000000000000e+00,0.000000000000000000e+00,0.000000000000000000e+00,0.000000000000000000e+00,0.000000000000000000e+00,0.000000000000000000e+00,0.000000000000000000e+00,0.000000000000000000e+00,0.000000000000000000e+00,0.000000000000000000e+00,0.000000000000000000e+00,0.000000000000000000e+00,0.000000000000000000e+00,0.000000000000000000e+00,0.000000000000000000e+00,0.000000000000000000e+00,0.000000000000000000e+00
5.999999999999999778e-01,-8.317510000000000181e-02,8.292169999999999819e-01,-1.870079999999999965e+00,7.871999999999999831e-02,1.222069999999999990e+00,-1.685440000000000049e+00,1.071669999999999984e-01,1.329409999999999981e+00,-1.396779999999999911e+00,2.745540000000000203e-01,9.530699999999999728e-01,-2.154990000000000183e+00,0.000000000000000000e+00,0.000000000000000000e+00,0.000000000000000000e+00,0.000000000000000000e+00,0.000000000000000000e+00,0.000000000000000000e+00,0.000000000000000000e+00,0.000000000000000000e+00,0.000000000000000000e+00,0.000000000000000000e+00,0.000000000000000000e+00,0.000000000000000000e+00,0.000000000000000000e+00,0.000000000000000000e+00,0.000000000000000000e+00,0.000000000000000000e+00,0.000000000000000000e+00,0.000000000000000000e+00,0.000000000000000000e+00,0.000000000000000000e+00,0.000000000000000000e+00,0.000000000000000000e+00,0.000000000000000000e+00,0.000000000000000000e+00
6.199999999999999956e-01,-3.784629999999999939e-02,9.986559999999999881e-01,-1.732259999999999911e+00,1.102500000000000008e-01,1.234979999999999967e+00,-2.125589999999999868e+00,1.292860000000000016e-02,1.321280000000000010e+00,-1.405429999999999957e+00,9.189940000000000608e-02,8.513920000000000377e-01,-2.081830000000000069e+00,0.000000000000000000e+00,0.000000000000000000e+00,0.000000000000000000e+00,0.000000000000000000e+00,0.000000000000000000e+00,0.000000000000000000e+00,0.000000000000000000e+00,0.000000000000000000e+00,0.000000000000000000e+00,0.000000000000000000e+00,0.000000000000000000e+00,0.000000000000000000e+00,0.000000000000000000e+00,0.000000000000000000e+00,0.000000000000000000e+00,0.000000000000000000e+00,0.000000000000000000e+00,0.000000000000000000e+00,0.000000000000000000e+00,0.000000000000000000e+00,0.000000000000000000e+00,0.000000000000000000e+00,0.000000000000000000e+00,0.000000000000000000e+00
6.400000000000000133e-01,1.798719999999999833e-02,1.188560000000000061e+00,-1.663319999999999910e+00,3.843680000000000013e-02,1.210480000000000000e+00,-2.201270000000000060e+00,9.265860000000000762e-03,1.316789999999999905e+00,-1.558340000000000058e+00,4.841510000000000258e-02,8.045489999999999586e-01,-1.944779999999999953e+00,0.000000000000000000e+00,0.000000000000000000e+00,0.000000000000000000e+00,0.000000000000000000e+00,0.000000000000000000e+00,0.000000000000000000e+00,0.000000000000000000e+00,0.000000000000000000e+00,0.000000000000000000e+00,0.000000000000000000e+00,0.000000000000000000e+00,0.000000000000000000e+00,0.000000000000000000e+00,0.000000000000000000e+00,0.000000000000000000e+00,0.000000000000000000e+00,0.000000000000000000e+00,0.000000000000000000e+00,0.000000000000000000e+00,0.000000000000000000e+00,0.000000000000000000e+00,0.000000000000000000e+00,0.000000000000000000e+00,0.000000000000000000e+00
6.600000000000000311e-01,-2.675690000000000013e-02,1.187440000000000051e+00,-1.474269999999999969e+00,-1.416719999999999959e-02,1.166379999999999972e+00,-2.234640000000000182e+00,-1.763760000000000050e-01,1.331080000000000041e+00,-2.045209999999999972e+00,-7.917589999999999351e-02,9.305309999999999970e-01,-1.660190000000000055e+00,0.000000000000000000e+00,0.000000000000000000e+00,0.000000000000000000e+00,0.000000000000000000e+00,0.000000000000000000e+00,0.000000000000000000e+00,0.000000000000000000e+00,0.000000000000000000e+00,0.000000000000000000e+00,0.000000000000000000e+00,0.000000000000000000e+00,0.000000000000000000e+00,0.000000000000000000e+00,0.000000000000000000e+00,0.000000000000000000e+00,0.000000000000000000e+00,0.000000000000000000e+00,0.000000000000000000e+00,0.000000000000000000e+00,0.000000000000000000e+00,0.000000000000000000e+00,0.000000000000000000e+00,0.000000000000000000e+00,0.000000000000000000e+00
6.800000000000000488e-01,1.346620000000000039e-01,1.278510000000000035e+00,-1.452499999999999902e+00,7.160890000000000311e-02,1.068529999999999980e+00,-2.172820000000000196e+00,-2.703369999999999940e-01,1.328089999999999993e+00,-2.015150000000000219e+00,-9.898529999999999829e-02,1.127680000000000016e+00,-1.499509999999999899e+00,0.000000000000000000e+00,0.000000000000000000e+00,0.000000000000000000e+00,0.000000000000000000e+00,0.000000000000000000e+00,0.000000000000000000e+00,0.000000000000000000e+00,0.000000000000000000e+00,0.000000000000000000e+00,0.000000000000000000e+00,0.000000000000000000e+00,0.000000000000000000e+00,0.000000000000000000e+00,0.000000000000000000e+00,0.000000000000000000e+00,0.000000000000000000e+00,0.000000000000000000e+00,0.000000000000000000e+00,0.000000000000000000e+00,0.000000000000000000e+00,0.000000000000000000e+00,0.000000000000000000e+00,0.000000000000000000e+00,0.000000000000000000e+00
7.000000000000000666e-01,1.419420000000000126e-01,1.240050000000000097e+00,-1.369720000000000049e+00,1.328880000000000061e-01,8.442819999999999769e-01,-2.193449999999999900e+00,-2.462550000000000017e-01,1.148700000000000054e+00,-2.136270000000000113e+00,-2.136339999999999906e-01,1.180560000000000054e+00,-1.426350000000000007e+00,0.000000000000000000e+00,0.000000000000000000e+00,0.000000000000000000e+00,0.000000000000000000e+00,0.000000000000000000e+00,0.000000000000000000e+00,0.000000000000000000e+00,0.000000000000000000e+00,0.000000000000000000e+00,0.000000000000000000e+00,0.000000000000000000e+00,0.000000000000000000e+00,0.000000000000000000e+00,0.000000000000000000e+00,0.000000000000000000e+00,0.000000000000000000e+00,0.000000000000000000e+00,0.000000000000000000e+00,0.000000000000000000e+00,0.000000000000000000e+00,0.000000000000000000e+00,0.000000000000000000e+00,0.000000000000000000e+00,0.000000000000000000e+00
7.199999999999999734e-01,2.491399999999999865e-02,1.220469999999999944e+00,-1.512510000000000021e+00,9.844050000000000022e-03,7.721919999999999895e-01,-2.101869999999999905e+00,-2.830300000000000038e-01,1.066929999999999934e+00,-2.004049999999999887e+00,-2.139830000000000065e-01,1.261740000000000084e+00,-1.497449999999999948e+00,0.000000000000000000e+00,0.000000000000000000e+00,0.000000000000000000e+00,0.000000000000000000e+00,0.000000000000000000e+00,0.000000000000000000e+00,0.000000000000000000e+00,0.000000000000000000e+00,0.000000000000000000e+00,0.000000000000000000e+00,0.000000000000000000e+00,0.000000000000000000e+00,0.000000000000000000e+00,0.000000000000000000e+00,0.000000000000000000e+00,0.000000000000000000e+00,0.000000000000000000e+00,0.000000000000000000e+00,0.000000000000000000e+00,0.000000000000000000e+00,0.000000000000000000e+00,0.000000000000000000e+00,0.000000000000000000e+00,0.000000000000000000e+00
7.399999999999999911e-01,-5.578059999999999963e-02,1.182209999999999983e+00,-1.737859999999999960e+00,8.645500000000000407e-02,8.298830000000000373e-01,-1.972239999999999993e+00,-2.345059999999999922e-01,9.099699999999999456e-01,-2.043829999999999814e+00,-1.175120000000000053e-01,1.327260000000000106e+00,-1.498539999999999983e+00,0.000000000000000000e+00,0.000000000000000000e+00,0.000000000000000000e+00,0.000000000000000000e+00,0.000000000000000000e+00,0.000000000000000000e+00,0.000000000000000000e+00,0.000000000000000000e+00,0.000000000000000000e+00,0.000000000000000000e+00,0.000000000000000000e+00,0.000000000000000000e+00,0.000000000000000000e+00,0.000000000000000000e+00,0.000000000000000000e+00,0.000000000000000000e+00,0.000000000000000000e+00,0.000000000000000000e+00,0.000000000000000000e+00,0.000000000000000000e+00,0.000000000000000000e+00,0.000000000000000000e+00,0.000000000000000000e+00,0.000000000000000000e+00
7.600000000000000089e-01,-1.097899999999999987e-01,1.213670000000000027e+00,-2.216969999999999885e+00,1.038110000000000005e-01,9.325280000000000236e-01,-1.810859999999999914e+00,-3.459219999999999656e-02,1.049520000000000008e+00,-1.755810000000000093e+00,2.374110000000000109e-02,1.312619999999999898e+00,-1.672870000000000079e+00,0.000000000000000000e+00,0.000000000000000000e+00,0.000000000000000000e+00,0.000000000000000000e+00,0.000000000000000000e+00,0.000000000000000000e+00,0.000000000000000000e+00,0.000000000000000000e+00,0.000000000000000000e+00,0.000000000000000000e+00,0.000000000000000000e+00,0.000000000000000000e+00,0.000000000000000000e+00,0.000000000000000000e+00,0.000000000000000000e+00,0.000000000000000000e+00,0.000000000000000000e+00,0.000000000000000000e+00,0.000000000000000000e+00,0.000000000000000000e+00,0.000000000000000000e+00,0.000000000000000000e+00,0.000000000000000000e+00,0.000000000000000000e+00
7.800000000000000266e-01,-1.200559999999999961e-01,1.107790000000000052e+00,-2.163060000000000205e+00,-1.342699999999999970e-02,9.922969999999999846e-01,-1.810049999999999937e+00,6.920869999999999800e-02,1.149720000000000075e+00,-1.592929999999999957e+00,4.482509999999999967e-02,1.206090000000000106e+00,-1.839010000000000034e+00,0.000000000000000000e+00,0.000000000000000000e+00,0.000000000000000000e+00,0.000000000000000000e+00,0.000000000000000000e+00,0.000000000000000000e+00,0.000000000000000000e+00,0.000000000000000000e+00,0.000000000000000000e+00,0.000000000000000000e+00,0.000000000000000000e+00,0.000000000000000000e+00,0.000000000000000000e+00,0.000000000000000000e+00,0.000000000000000000e+00,0.000000000000000000e+00,0.000000000000000000e+00,0.000000000000000000e+00,0.000000000000000000e+00,0.000000000000000000e+00,0.000000000000000000e+00,0.000000000000000000e+00,0.000000000000000000e+00,0.000000000000000000e+00
8.000000000000000444e-01,-1.955860000000000098e-01,1.151389999999999914e+00,-2.164320000000000022e+00,-1.493939999999999990e-01,9.122749999999999471e-01,-1.515430000000000055e+00,1.726030000000000064e-01,1.221940000000000026e+00,-1.496469999999999967e+00,1.398389999999999911e-01,1.258650000000000047e+00,-1.939449999999999896e+00,0.000000000000000000e+00,0.000000000000000000e+00,0.000000000000000000e+00,0.000000000000000000e+00,0.000000000000000000e+00,0.000000000000000000e+00,0.000000000000000000e+00,0.000000000000000000e+00,0.000000000000000000e+00,0.000000000000000000e+00,0.000000000000000000e+00,0.000000000000000000e+00,0.000000000000000000e+00,0.000000000000000000e+00,0.000000000000000000e+00,0.000000000000000000e+00,0.000000000000000000e+00,0.000000000000000000e+00,0.000000000000000000e+00,0.000000000000000000e+00,0.000000000000000000e+00,0.000000000000000000e+00,0.000000000000000000e+00,0.000000000000000000e+00
8.200000000000000622e-01,-1.624240000000000128e-01,9.004729999999999679e-01,-2.111040000000000028e+00,-1.019650000000000001e-01,1.258699999999999930e+00,-1.413119999999999932e+00,5.851830000000000226e-02,1.137639999999999985e+00,-1.486660000000000093e+00,8.215290000000000092e-02,1.308729999999999949e+00,-2.021570000000000089e+00,0.000000000000000000e+00,0.000000000000000000e+00,0.000000000000000000e+00,0.000000000000000000e+00,0.000000000000000000e+00,0.000000000000000000e+00,0.000000000000000000e+00,0.000000000000000000e+00,0.000000000000000000e+00,0.000000000000000000e+00,0.000000000000000000e+00,0.000000000000000000e+00,0.000000000000000000e+00,0.000000000000000000e+00,0.000000000000000000e+00,0.000000000000000000e+00,0.000000000000000000e+00,0.000000000000000000e+00,0.000000000000000000e+00,0.000000000000000000e+00,0.000000000000000000e+00,0.000000000000000000e+00,0.000000000000000000e+00,0.000000000000000000e+00
8.399999999999999689e-01,-1.516079999999999928e-01,7.844959999999999711e-01,-2.126570000000000071e+00,-1.256849999999999912e-01,1.267479999999999940e+00,-1.382609999999999895e+00,8.780580000000000329e-02,1.265109999999999957e+00,-1.488050000000000095e+00,1.810549999999999937e-01,1.256990000000000052e+00,-2.086650000000000116e+00,0.000000000000000000e+00,0.000000000000000000e+00,0.000000000000000000e+00,0.000000000000000000e+00,0.000000000000000000e+00,0.000000000000000000e+00,0.000000000000000000e+00,0.000000000000000000e+00,0.000000000000000000e+00,0.000000000000000000e+00,0.000000000000000000e+00,0.000000000000000000e+00,0.000000000000000000e+00,0.000000000000000000e+00,0.000000000000000000e+00,0.000000000000000000e+00,0.000000000000000000e+00,0.000000000000000000e+00,0.000000000000000000e+00,0.000000000000000000e+00,0.000000000000000000e+00,0.000000000000000000e+00,0.000000000000000000e+00,0.000000000000000000e+00
8.599999999999999867e-01,-6.308590000000000031e-02,7.493999999999999551e-01,-2.049700000000000077e+00,-9.149000000000000188e-02,1.265819999999999945e+00,-1.407999999999999918e+00,-1.848170000000000021e-02,1.251819999999999933e+00,-1.491039999999999921e+00,3.206689999999999818e-01,1.218499999999999917e+00,-2.066969999999999974e+00,0.000000000000000000e+00,0.000000000000000000e+00,0.000000000000000000e+00,0.000000000000000000e+00,0.000000000000000000e+00,0.000000000000000000e+00,0.000000000000000000e+00,0.000000000000000000e+00,0.000000000000000000e+00,0.000000000000000000e+00,0.000000000000000000e+00,0.000000000000000000e+00,0.000000000000000000e+00,0.000000000000000000e+00,0.000000000000000000e+00,0.000000000000000000e+00,0.000000000000000000e+00,0.000000000000000000e+00,0.000000000000000000e+00,0.000000000000000000e+00,0.000000000000000000e+00,0.000000000000000000e+00,0.000000000000000000e+00,0.000000000000000000e+00
8.800000000000000044e-01,-1.087499999999999994e-01,8.067229999999999679e-01,-2.036129999999999995e+00,1.210720000000000025e-02,1.252669999999999950e+00,-1.453179999999999916e+00,1.420660000000000022e-03,1.289179999999999993e+00,-1.421659999999999924e+00,2.931190000000000184e-01,1.041309999999999958e+00,-2.157960000000000100e+00,0.000000000000000000e+00,0.000000000000000000e+00,0.000000000000000000e+00,0.000000000000000000e+00,0.000000000000000000e+00,0.000000000000000000e+00,0.000000000000000000e+00,0.000000000000000000e+00,0.000000000000000000e+00,0.000000000000000000e+00,0.000000000000000000e+00,0.000000000000000000e+00,0.000000000000000000e+00,0.000000000000000000e+00,0.000000000000000000e+00,0.000000000000000000e+00,0.000000000000000000e+00,0.000000000000000000e+00,0.000000000000000000e+00,0.000000000000000000e+00,0.000000000000000000e+00,0.000000000000000000e+00,0.000000000000000000e+00,0.000000000000000000e+00
9.000000000000000222e-01,-8.000740000000000629e-02,9.451789999999999914e-01,-1.730439999999999978e+00,1.392069999999999974e-01,1.218239999999999990e+00,-1.980410000000000004e+00,-5.569659999999999889e-02,1.254850000000000021e+00,-1.386570000000000080e+00,2.132979999999999876e-01,9.404709999999999459e-01,-2.109280000000000044e+00,0.000000000000000000e+00,0.000000000000000000e+00,0.000000000000000000e+00,0.000000000000000000e+00,0.000000000000000000e+00,0.000000000000000000e+00,0.000000000000000000e+00,0.000000000000000000e+00,0.000000000000000000e+00,0.000000000000000000e+00,0.000000000000000000e+00,0.000000000000000000e+00,0.000000000000000000e+00,0.000000000000000000e+00,0.000000000000000000e+00,0.000000000000000000e+00,0.000000000000000000e+00,0.000000000000000000e+00,0.000000000000000000e+00,0.000000000000000000e+00,0.000000000000000000e+00,0.000000000000000000e+00,0.000000000000000000e+00,0.000000000000000000e+00
9.200000000000000400e-01,5.239480000000000352e-03,1.069960000000000022e+00,-1.588039999999999896e+00,1.036870000000000014e-01,1.243540000000000090e+00,-2.240860000000000074e+00,-6.229169999999999846e-02,1.315709999999999935e+00,-1.643140000000000045e+00,-1.110320000000000057e-01,7.988169999999999993e-01,-1.861839999999999939e+00,0.000000000000000000e+00,0.000000000000000000e+00,0.000000000000000000e+00,0.000000000000000000e+00,0.000000000000000000e+00,0.000000000000000000e+00,0.000000000000000000e+00,0.000000000000000000e+00,0.000000000000000000e+00,0.000000000000000000e+00,0.000000000000000000e+00,0.000000000000000000e+00,0.000000000000000000e+00,0.000000000000000000e+00,0.000000000000000000e+00,0.000000000000000000e+00,0.000000000000000000e+00,0.000000000000000000e+00,0.000000000000000000e+00,0.000000000000000000e+00,0.000000000000000000e+00,0.000000000000000000e+00,0.000000000000000000e+00,0.000000000000000000e+00
9.400000000000000577e-01,4.323029999999999928e-02,1.158369999999999900e+00,-1.560920000000000085e+00,1.850150000000000058e-02,1.179249999999999909e+00,-2.222010000000000041e+00,-1.199619999999999992e-01,1.316980000000000040e+00,-1.960159999999999902e+00,-1.924270000000000147e-02,9.029500000000000304e-01,-1.750340000000000007e+00,0.000000000000000000e+00,0.000000000000000000e+00,0.000000000000000000e+00,0.000000000000000000e+00,0.000000000000000000e+00,0.000000000000000000e+00,0.000000000000000000e+00,0.000000000000000000e+00,0.000000000000000000e+00,0.000000000000000000e+00,0.000000000000000000e+00,0.000000000000000000e+00,0.000000000000000000e+00,0.000000000000000000e+00,0.000000000000000000e+00,0.000000000000000000e+00,0.000000000000000000e+00,0.000000000000000000e+00,0.000000000000000000e+00,0.000000000000000000e+00,0.000000000000000000e+00,0.000000000000000000e+00,0.000000000000000000e+00,0.000000000000000000e+00
9.599999999999999645e-01,1.346549999999999969e-01,1.194590000000000041e+00,-1.469309999999999894e+00,6.160560000000000341e-02,1.067059999999999897e+00,-2.219310000000000116e+00,-2.811139999999999750e-01,1.274159999999999959e+00,-2.107400000000000162e+00,-1.642170000000000019e-01,1.082289999999999974e+00,-1.501160000000000050e+00,0.000000000000000000e+00,0.000000000000000000e+00,0.000000000000000000e+00,0.000000000000000000e+00,0.000000000000000000e+00,0.000000000000000000e+00,0.000000000000000000e+00,0.000000000000000000e+00,0.000000000000000000e+00,0.000000000000000000e+00,0.000000000000000000e+00,0.000000000000000000e+00,0.000000000000000000e+00,0.000000000000000000e+00,0.000000000000000000e+00,0.000000000000000000e+00,0.000000000000000000e+00,0.000000000000000000e+00,0.000000000000000000e+00,0.000000000000000000e+00,0.000000000000000000e+00,0.000000000000000000e+00,0.000000000000000000e+00,0.000000000000000000e+00
9.799999999999999822e-01,1.727360000000000007e-01,1.229060000000000041e+00,-1.421499999999999986e+00,1.383890000000000120e-01,9.092639999999999612e-01,-2.165470000000000006e+00,-2.736970000000000236e-01,1.205079999999999929e+00,-2.122959999999999958e+00,-1.866579999999999906e-01,1.170520000000000005e+00,-1.438269999999999937e+00,0.000000000000000000e+00,0.000000000000000000e+00,0.000000000000000000e+00,0.000000000000000000e+00,0.000000000000000000e+00,0.000000000000000000e+00,0.000000000000000000e+00,0.000000000000000000e+00,0.000000000000000000e+00,0.000000000000000000e+00,0.000000000000000000e+00,0.000000000000000000e+00,0.000000000000000000e+00,0.000000000000000000e+00,0.000000000000000000e+00,0.000000000000000000e+00,0.000000000000000000e+00,0.000000000000000000e+00,0.000000000000000000e+00,0.000000000000000000e+00,0.000000000000000000e+00,0.000000000000000000e+00,0.000000000000000000e+00,0.000000000000000000e+00
1.000000000000000000e+00,7.724720000000000197e-02,1.192569999999999908e+00,-1.499870000000000037e+00,2.422980000000000034e-04,7.878429999999999600e-01,-2.083819999999999784e+00,-2.670449999999999768e-01,1.114619999999999944e+00,-2.026969999999999938e+00,-2.006290000000000018e-01,1.263379999999999947e+00,-1.538750000000000062e+00,0.000000000000000000e+00,0.000000000000000000e+00,0.000000000000000000e+00,0.000000000000000000e+00,0.000000000000000000e+00,0.000000000000000000e+00,0.000000000000000000e+00,0.000000000000000000e+00,0.000000000000000000e+00,0.000000000000000000e+00,0.000000000000000000e+00,0.000000000000000000e+00,0.000000000000000000e+00,0.000000000000000000e+00,0.000000000000000000e+00,0.000000000000000000e+00,0.000000000000000000e+00,0.000000000000000000e+00,0.000000000000000000e+00,0.000000000000000000e+00,0.000000000000000000e+00,0.000000000000000000e+00,0.000000000000000000e+00,0.000000000000000000e+00
1.020000000000000018e+00,-4.891149999999999665e-02,1.179789999999999894e+00,-1.720939999999999914e+00,8.622779999999999334e-02,8.157809999999999784e-01,-1.984529999999999905e+00,-2.538309999999999733e-01,9.662420000000000453e-01,-2.043610000000000149e+00,-1.012900000000000050e-01,1.320889999999999898e+00,-1.502199999999999980e+00,0.000000000000000000e+00,0.000000000000000000e+00,0.000000000000000000e+00,0.000000000000000000e+00,0.000000000000000000e+00,0.000000000000000000e+00,0.000000000000000000e+00,0.000000000000000000e+00,0.000000000000000000e+00,0.000000000000000000e+00,0.000000000000000000e+00,0.000000000000000000e+00,0.000000000000000000e+00,0.000000000000000000e+00,0.000000000000000000e+00,0.000000000000000000e+00,0.000000000000000000e+00,0.000000000000000000e+00,0.000000000000000000e+00,0.000000000000000000e+00,0.000000000000000000e+00,0.000000000000000000e+00,0.000000000000000000e+00,0.000000000000000000e+00
1.040000000000000036e+00,-1.012860000000000010e-01,1.208479999999999999e+00,-2.212619999999999809e+00,9.918349999999999389e-02,9.101000000000000201e-01,-1.847320000000000073e+00,-3.933539999999999953e-02,1.091529999999999889e+00,-1.734050000000000091e+00,-4.486239999999999846e-03,1.316319999999999935e+00,-1.715600000000000014e+00,0.000000000000000000e+00,0.000000000000000000e+00,0.000000000000000000e+00,0.000000000000000000e+00,0.000000000000000000e+00,0.000000000000000000e+00,0.000000000000000000e+00,0.000000000000000000e+00,0.000000000000000000e+00,0.000000000000000000e+00,0.000000000000000000e+00,0.000000000000000000e+00,0.000000000000000000e+00,0.000000000000000000e+00,0.000000000000000000e+00,0.000000000000000000e+00,0.000000000000000000e+00,0.000000000000000000e+00,0.000000000000000000e+00,0.000000000000000000e+00,0.000000000000000000e+00,0.000000000000000000e+00,0.000000000000000000e+00,0.000000000000000000e+00
1.060000000000000053e+00,-1.226489999999999941e-01,1.104880000000000084e+00,-2.187679999999999847e+00,-2.196999999999999995e-02,9.701670000000000016e-01,-1.850090000000000012e+00,5.297090000000000132e-02,1.192309999999999981e+00,-1.581420000000000048e+00,6.719419999999999560e-02,1.185119999999999951e+00,-1.887550000000000061e+00,0.000000000000000000e+00,0.000000000000000000e+00,0.000000000000000000e+00,0.000000000000000000e+00,0.000000000000000000e+00,0.000000000000000000e+00,0.000000000000000000e+00,0.000000000000000000e+00,0.000000000000000000e+00,0.000000000000000000e+00,0.000000000000000000e+00,0.000000000000000000e+00,0.000000000000000000e+00,0.000000000000000000e+00,0.000000000000000000e+00,0.000000000000000000e+00,0.000000000000000000e+00,0.000000000000000000e+00,0.000000000000000000e+00,0.000000000000000000e+00,0.000000000000000000e+00,0.000000000000000000e+00,0.000000000000000000e+00,0.000000000000000000e+00
1.080000000000000071e+00,-2.075440000000000063e-01,1.152730000000000032e+00,-2.167079999999999895e+00,-1.699460000000000137e-01,9.390129999999999866e-01,-1.479659999999999975e+00,1.670699999999999963e-01,1.230199999999999960e+00,-1.459920000000000107e+00,1.593289999999999984e-01,1.261740000000000084e+00,-1.974949999999999983e+00,0.000000000000000000e+00,0.000000000000000000e+00,0.000000000000000000e+00,0.000000000000000000e+00,0.000000000000000000e+00,0.000000000000000000e+00,0.000000000000000000e+00,0.000000000000000000e+00,0.000000000000000000e+00,0.000000000000000000e+00,0.000000000000000000e+00,0.000000000000000000e+00,0.000000000000000000e+00,0.000000000000000000e+00,0.000000000000000000e+00,0.000000000000000000e+00,0.000000000000000000e+00,0.000000000000000000e+00,0.000000000000000000e+00,0.000000000000000000e+00,0.000000000000000000e+00,0.000000000000000000e+00,0.000000000000000000e+00,0.000000000000000000e+00
1.100000000000000089e+00,-1.506490000000000051e-01,9.216630000000000100e-01,-2.089999999999999858e+00,-1.366209999999999924e-01,1.249740000000000073e+00,-1.409100000000000019e+00,1.904429999999999925e-03,1.149759999999999893e+00,-1.495260000000000034e+00,1.602099999999999913e-01,1.298640000000000017e+00,-2.052329999999999988e+00,0.000000000000000000e+00,0.000000000000000000e+00,0.000000000000000000e+00,0.000000000000000000e+00,0.000000000000000000e+00,0.000000000000000000e+00,0.000000000000000000e+00,0.000000000000000000e+00,0.000000000000000000e+00,0.000000000000000000e+00,0.000000000000000000e+00,0.000000000000000000e+00,0.000000000000000000e+00,0.000000000000000000e+00,0.000000000000000000e+00,0.000000000000000000e+00,0.000000000000000000e+00,0.000000000000000000e+00,0.000000000000000000e+00,0.000000000000000000e+00,0.000000000000000000e+00,0.000000000000000000e+00,0.000000000000000000e+00,0.000000000000000000e+00
1.120000000000000107e+00,-1.341930000000000067e-01,7.742909999999999515e-01,-2.145439999999999792e+00,-1.768069999999999919e-01,1.288680000000000048e+00,-1.388060000000000072e+00,1.123170000000000002e-01,1.300289999999999946e+00,-1.447049999999999947e+00,1.814030000000000087e-01,1.176639999999999908e+00,-2.085789999999999811e+00,0.000000000000000000e+00,0.000000000000000000e+00,0.000000000000000000e+00,0.000000000000000000e+00,0.000000000000000000e+00,0.000000000000000000e+00,0.000000000000000000e+00,0.000000000000000000e+00,0.000000000000000000e+00,0.000000000000000000e+00,0.000000000000000000e+00,0.000000000000000000e+00,0.000000000000000000e+00,0.000000000000000000e+00,0.000000000000000000e+00,0.000000000000000000e+00,0.000000000000000000e+00,0.000000000000000000e+00,0.000000000000000000e+00,0.000000000000000000e+00,0.000000000000000000e+00,0.000000000000000000e+00,0.000000000000000000e+00,0.000000000000000000e+00
1.140000000000000124e+00,-7.509109999999999396e-02,7.760139999999999816e-01,-2.047140000000000182e+00,-9.531309999999999782e-02,1.234730000000000105e+00,-1.393000000000000016e+00,6.285610000000000286e-04,1.257319999999999993e+00,-1.472949999999999982e+00,3.344650000000000123e-01,1.152109999999999967e+00,-2.074570000000000025e+00,0.000000000000000000e+00,0.000000000000000000e+00,0.000000000000000000e+00,0.000000000000000000e+00,0.000000000000000000e+00,0.000000000000000000e+00,0.000000000000000000e+00,0.000000000000000000e+00,0.000000000000000000e+00,0.000000000000000000e+00,0.000000000000000000e+00,0.000000000000000000e+00,0.000000000000000000e+00,0.000000000000000000e+00,0.000000000000000000e+00,0.000000000000000000e+00,0.000000000000000000e+00,0.000000000000000000e+00,0.000000000000000000e+00,0.000000000000000000e+00,0.000000000000000000e+00,0.000000000000000000e+00,0.000000000000000000e+00,0.000000000000000000e+00
1.159999999999999920e+00,-1.262439999999999951e-01,8.299999999999999600e-01,-2.032550000000000079e+00,2.135439999999999908e-02,1.252050000000000107e+00,-1.503830000000000000e+00,-6.811030000000000036e-03,1.298540000000000028e+00,-1.403710000000000013e+00,2.622709999999999764e-01,9.295879999999999699e-01,-2.158399999999999874e+00,0.000000000000000000e+00,0.000000000000000000e+00,0.000000000000000000e+00,0.000000000000000000e+00,0.000000000000000000e+00,0.000000000000000000e+00,0.000000000000000000e+00,0.000000000000000000e+00,0.000000000000000000e+00,0.000000000000000000e+00,0.000000000000000000e+00,0.000000000000000000e+00,0.000000000000000000e+00,0.000000000000000000e+00,0.000000000000000000e+00,0.000000000000000000e+00,0.000000000000000000e+00,0.000000000000000000e+00,0.000000000000000000e+00,0.000000000000000000e+00,0.000000000000000000e+00,0.000000000000000000e+00,0.000000000000000000e+00,0.000000000000000000e+00
1.179999999999999938e+00,-8.099309999999999843e-02,9.441159999999999553e-01,-1.805509999999999948e+00,1.308759999999999923e-01,1.236320000000000086e+00,-2.045110000000000205e+00,-8.041819999999999524e-02,1.260159999999999947e+00,-1.380249999999999977e+00,1.145020000000000066e-01,8.301290000000000058e-01,-2.085379999999999789e+00,0.000000000000000000e+00,0.000000000000000000e+00,0.000000000000000000e+00,0.000000000000000000e+00,0.000000000000000000e+00,0.000000000000000000e+00,0.000000000000000000e+00,0.000000000000000000e+00,0.000000000000000000e+00,0.000000000000000000e+00,0.000000000000000000e+00,0.000000000000000000e+00,0.000000000000000000e+00,0.000000000000000000e+00,0.000000000000000000e+00,0.000000000000000000e+00,0.000000000000000000e+00,0.000000000000000000e+00,0.000000000000000000e+00,0.000000000000000000e+00,0.000000000000000000e+00,0.000000000000000000e+00,0.000000000000000000e+00,0.000000000000000000e+00
1.199999999999999956e+00,7.247409999999999963e-02,1.096209999999999907e+00,-1.667240000000000055e+00,5.999979999999999897e-02,1.236790000000000056e+00,-2.229010000000000158e+00,-1.011259999999999937e-01,1.309490000000000043e+00,-1.710490000000000066e+00,-5.271449999999999574e-03,8.393199999999999550e-01,-1.854749999999999899e+00,0.000000000000000000e+00,0.000000000000000000e+00,0.000000000000000000e+00,0.000000000000000000e+00,0.000000000000000000e+00,0.000000000000000000e+00,0.000000000000000000e+00,0.000000000000000000e+00,0.000000000000000000e+00,0.000000000000000000e+00,0.000000000000000000e+00,0.000000000000000000e+00,0.000000000000000000e+00,0.000000000000000000e+00,0.000000000000000000e+00,0.000000000000000000e+00,0.000000000000000000e+00,0.000000000000000000e+00,0.000000000000000000e+00,0.000000000000000000e+00,0.000000000000000000e+00,0.000000000000000000e+00,0.000000000000000000e+00,0.000000000000000000e+00
1.219999999999999973e+00,5.578679999999999750e-02,1.131920000000000037e+00,-1.529979999999999896e+00,1.705550000000000122e-02,1.147920000000000051e+00,-2.235279999999999934e+00,-1.772009999999999974e-01,1.301060000000000105e+00,-2.071169999999999956e+00,-1.167129999999999973e-01,9.251489999999999991e-01,-1.604929999999999968e+00,0.000000000000000000e+00,0.000000000000000000e+00,0.000000000000000000e+00,0.000000000000000000e+00,0.000000000000000000e+00,0.000000000000000000e+00,0.000000000000000000e+00,0.000000000000000000e+00,0.000000000000000000e+00,0.000000000000000000e+00,0.000000000000000000e+00,0.000000000000000000e+00,0.000000000000000000e+00,0.000000000000000000e+00,0.000000000000000000e+00,0.000000000000000000e+00,0.000000000000000000e+00,0.000000000000000000e+00,0.000000000000000000e+00,0.000000000000000000e+00,0.000000000000000000e+00,0.000000000000000000e+00,0.000000000000000000e+00,0.000000000000000000e+00
1.239999999999999991e+00,1.932240000000000069e-01,1.242480000000000029e+00,-1.434479999999999977e+00,7.449200000000000266e-02,1.071620000000000017e+00,-2.214490000000000069e+00,-3.074640000000000151e-01,1.295709999999999917e+00,-2.054710000000000036e+00,-1.038369999999999987e-01,1.064370000000000038e+00,-1.471880000000000077e+00,0.000000000000000000e+00,0.000000000000000000e+00,0.000000000000000000e+00,0.000000000000000000e+00,0.000000000000000000e+00,0.000000000000000000e+00,0.000000000000000000e+00,0.000000000000000000e+00,0.000000000000000000e+00,0.000000000000000000e+00,0.000000000000000000e+00,0.000000000000000000e+00,0.000000000000000000e+00,0.000000000000000000e+00,0.000000000000000000e+00,0.000000000000000000e+00,0.000000000000000000e+00,0.000000000000000000e+00,0.000000000000000000e+00,0.000000000000000000e+00,0.000000000000000000e+00,0.000000000000000000e+00,0.000000000000000000e+00,0.000000000000000000e+00
1.260000000000000009e+00,7.607389999999999985e-02,1.249160000000000048e+00,-1.378409999999999913e+00,6.900409999999999877e-02,8.355709999999999527e-01,-2.179180000000000117e+00,-2.426460000000000006e-01,1.230609999999999982e+00,-2.109510000000000218e+00,-7.928000000000000325e-02,1.043700000000000072e+00,-1.439610000000000056e+00,0.000000000000000000e+00,0.000000000000000000e+00,0.000000000000000000e+00,0.000000000000000000e+00,0.000000000000000000e+00,0.000000000000000000e+00,0.000000000000000000e+00,0.000000000000000000e+00,0.000000000000000000e+00,0.000000000000000000e+00,0.000000000000000000e+00,0.000000000000000000e+00,0.000000000000000000e+00,0.000000000000000000e+00,0.000000000000000000e+00,0.000000000000000000e+00,0.000000000000000000e+00,0.000000000000000000e+00,0.000000000000000000e+00,0.000000000000000000e+00,0.000000000000000000e+00,0.000000000000000000e+00,0.000000000000000000e+00,0.000000000000000000e+00
1.280000000000000027e+00,1.023120000000000002e-01,1.205899999999999972e+00,-1.492320000000000091e+00,1.761320000000000030e-03,7.956130000000000146e-01,-2.095000000000000195e+00,-3.214179999999999815e-01,1.077039999999999997e+00,-2.038050000000000139e+00,-1.489910000000000123e-01,1.276110000000000078e+00,-1.532769999999999966e+00,0.000000000000000000e+00,0.000000000000000000e+00,0.000000000000000000e+00,0.000000000000000000e+00,0.000000000000000000e+00,0.000000000000000000e+00,0.000000000000000000e+00,0.000000000000000000e+00,0.000000000000000000e+00,0.000000000000000000e+00,0.000000000000000000e+00,0.000000000000000000e+00,0.000000000000000000e+00,0.000000000000000000e+00,0.000000000000000000e+00,0.000000000000000000e+00,0.000000000000000000e+00,0.000000000000000000e+00,0.000000000000000000e+00,0.000000000000000000e+00,0.000000000000000000e+00,0.000000000000000000e+00,0.000000000000000000e+00,0.000000000000000000e+00
1.300000000000000044e+00,-2.798449999999999896e-02,1.133930000000000105e+00,-1.813450000000000006e+00,1.132500000000000034e-01,8.731309999999999905e-01,-1.922770000000000090e+00,-2.447960000000000136e-01,9.387760000000000549e-01,-2.045539999999999914e+00,-1.378169999999999951e-01,1.337429999999999897e+00,-1.520219999999999905e+00,0.000000000000000000e+00,0.000000000000000000e+00,0.000000000000000000e+00,0.000000000000000000e+00,0.000000000000000000e+00,0.000000000000000000e+00,0.000000000000000000e+00,0.000000000000000000e+00,0.000000000000000000e+00,0.000000000000000000e+00,0.000000000000000000e+00,0.000000000000000000e+00,0.000000000000000000e+00,0.000000000000000000e+00,0.000000000000000000e+00,0.000000000000000000e+00,0.000000000000000000e+00,0.000000000000000000e+00,0.000000000000000000e+00,0.000000000000000000e+00,0.000000000000000000e+00,0.000000000000000000e+00,0.000000000000000000e+00,0.000000000000000000e+00
1.320000000000000062e+00,-1.306269999999999931e-01,1.220059999999999922e+00,-2.227749999999999897e+00,7.163450000000000373e-02,9.379389999999999672e-01,-1.836549999999999905e+00,6.023670000000000066e-03,1.169650000000000079e+00,-1.659159999999999968e+00,6.157309999999999867e-02,1.294910000000000005e+00,-1.782170000000000032e+00,0.000000000000000000e+00,0.000000000000000000e+00,0.000000000000000000e+00,0.000000000000000000e+00,0.000000000000000000e+00,0.000000000000000000e+00,0.000000000000000000e+00,0.000000000000000000e+00,0.000000000000000000e+00,0.000000000000000000e+00,0.000000000000000000e+00,0.000000000000000000e+00,0.000000000000000000e+00,0.000000000000000000e+00,0.000000000000000000e+00,0.000000000000000000e+00,0.000000000000000000e+00,0.000000000000000000e+00,0.000000000000000000e+00,0.000000000000000000e+00,0.000000000000000000e+00,0.000000000000000000e+00,0.000000000000000000e+00,0.000000000000000000e+00
1.340000000000000080e+00,-1.739279999999999993e-01,1.155189999999999939e+00,-2.177299999999999791e+00,-7.060760000000000647e-02,1.043690000000000007e+00,-1.723470000000000057e+00,1.028899999999999954e-01,1.192229999999999901e+00,-1.561080000000000023e+00,9.758799999999999419e-02,1.201109999999999900e+00,-1.960040000000000004e+00,0.000000000000000000e+00,0.000000000000000000e+00,0.000000000000000000e+00,0.000000000000000000e+00,0.000000000000000000e+00,0.000000000000000000e+00,0.000000000000000000e+00,0.000000000000000000e+00,0.000000000000000000e+00,0.000000000000000000e+00,0.000000000000000000e+00,0.000000000000000000e+00,0.000000000000000000e+00,0.000000000000000000e+00,0.000000000000000000e+00,0.000000000000000000e+00,0.000000000000000000e+00,0.000000000000000000e+00,0.000000000000000000e+00,0.000000000000000000e+00,0.000000000000000000e+00,0.000000000000000000e+00,0.000000000000000000e+00,0.000000000000000000e+00
1.360000000000000098e+00,-1.737039999999999973e-01,1.063220000000000054e+00,-2.105319999999999858e+00,-1.732470000000000121e-01,1.060179999999999900e+00,-1.503109999999999946e+00,1.531369999999999953e-01,1.213859999999999939e+00,-1.488580000000000014e+00,1.439960000000000129e-01,1.250140000000000029e+00,-1.951049999999999951e+00,0.000000000000000000e+00,0.000000000000000000e+00,0.000000000000000000e+00,0.000000000000000000e+00,0.000000000000000000e+00,0.000000000000000000e+00,0.000000000000000000e+00,0.000000000000000000e+00,0.000000000000000000e+00,0.000000000000000000e+00,0.000000000000000000e+00,0.000000000000000000e+00,0.000000000000000000e+00,0.000000000000000000e+00,0.000000000000000000e+00,0.000000000000000000e+00,0.000000000000000000e+00,0.000000000000000000e+00,0.000000000000000000e+00,0.000000000000000000e+00,0.000000000000000000e+00,0.000000000000000000e+00,0.000000000000000000e+00,0.000000000000000000e+00
1.380000000000000115e+00,-2.016020000000000034e-01,9.991020000000000456e-01,-2.109259999999999913e+00,-1.941950000000000065e-01,1.202290000000000081e+00,-1.387580000000000036e+00,6.565079999999999527e-02,1.134100000000000108e+00,-1.583990000000000009e+00,2.091959999999999931e-01,1.305160000000000098e+00,-2.054019999999999957e+00,0.000000000000000000e+00,0.000000000000000000e+00,0.000000000000000000e+00,0.000000000000000000e+00,0.000000000000000000e+00,0.000000000000000000e+00,0.000000000000000000e+00,0.000000000000000000e+00,0.000000000000000000e+00,0.000000000000000000e+00,0.000000000000000000e+00,0.000000000000000000e+00,0.000000000000000000e+00,0.000000000000000000e+00,0.000000000000000000e+00,0.000000000000000000e+00,0.000000000000000000e+00,0.000000000000000000e+00,0.000000000000000000e+00,0.000000000000000000e+00,0.000000000000000000e+00,0.000000000000000000e+00,0.000000000000000000e+00,0.000000000000000000e+00
1.400000000000000133e+00,-1.658499999999999974e-01,7.762620000000000076e-01,-2.161140000000000061e+00,-1.655979999999999952e-01,1.264189999999999925e+00,-1.365119999999999889e+00,1.179540000000000033e-01,1.297260000000000080e+00,-1.475309999999999899e+00,2.131959999999999966e-01,1.198169999999999957e+00,-2.107089999999999907e+00,0.000000000000000000e+00,0.000000000000000000e+00,0.000000000000000000e+00,0.000000000000000000e+00,0.000000000000000000e+00,0.000000000000000000e+00,0.000000000000000000e+00,0.000000000000000000e+00,0.000000000000000000e+00,0.000000000000000000e+00,0.000000000000000000e+00,0.000000000000000000e+00,0.000000000000000000e+00,0.000000000000000000e+00,0.000000000000000000e+00,0.000000000000000000e+00,0.000000000000000000e+00,0.000000000000000000e+00,0.000000000000000000e+00,0.000000000000000000e+00,0.000000000000000000e+00,0.000000000000000000e+00,0.000000000000000000e+00,0.000000000000000000e+00
1.419999999999999929e+00,-7.120590000000000253e-02,7.754609999999999559e-01,-2.016700000000000159e+00,-7.060460000000000347e-02,1.256729999999999903e+00,-1.396519999999999984e+00,-6.047779999999999823e-02,1.256059999999999954e+00,-1.475030000000000063e+00,3.274989999999999846e-01,1.171459999999999946e+00,-2.056599999999999984e+00,0.000000000000000000e+00,0.000000000000000000e+00,0.000000000000000000e+00,0.000000000000000000e+00,0.000000000000000000e+00,0.000000000000000000e+00,0.000000000000000000e+00,0.000000000000000000e+00,0.000000000000000000e+00,0.000000000000000000e+00,0.000000000000000000e+00,0.000000000000000000e+00,0.000000000000000000e+00,0.000000000000000000e+00,0.000000000000000000e+00,0.000000000000000000e+00,0.000000000000000000e+00,0.000000000000000000e+00,0.000000000000000000e+00,0.000000000000000000e+00,0.000000000000000000e+00,0.000000000000000000e+00,0.000000000000000000e+00,0.000000000000000000e+00
1.439999999999999947e+00,-1.102800000000000030e-01,8.509160000000000057e-01,-1.946790000000000020e+00,9.535140000000000282e-02,1.239900000000000002e+00,-1.549320000000000030e+00,-5.758549999999999780e-02,1.280829999999999913e+00,-1.422840000000000105e+00,2.736939999999999928e-01,9.731070000000000553e-01,-2.146819999999999951e+00,0.000000000000000000e+00,0.000000000000000000e+00,0.000000000000000000e+00,0.000000000000000000e+00,0.000000000000000000e+00,0.000000000000000000e+00,0.000000000000000000e+00,0.000000000000000000e+00,0.000000000000000000e+00,0.000000000000000000e+00,0.000000000000000000e+00,0.000000000000000000e+00,0.000000000000000000e+00,0.000000000000000000e+00,0.000000000000000000e+00,0.000000000000000000e+00,0.000000000000000000e+00,0.000000000000000000e+00,0.000000000000000000e+00,0.000000000000000000e+00,0.000000000000000000e+00,0.000000000000000000e+00,0.000000000000000000e+00,0.000000000000000000e+00
1.459999999999999964e+00,-6.729680000000000384e-02,9.846179999999999932e-01,-1.725160000000000027e+00,1.584699999999999998e-01,1.248830000000000107e+00,-2.104260000000000019e+00,-9.633500000000000396e-02,1.238599999999999923e+00,-1.376100000000000101e+00,1.838390000000000024e-01,9.372409999999999908e-01,-2.109370000000000189e+00,0.000000000000000000e+00,0.000000000000000000e+00,0.000000000000000000e+00,0.000000000000000000e+00,0.000000000000000000e+00,0.000000000000000000e+00,0.000000000000000000e+00,0.000000000000000000e+00,0.000000000000000000e+00,0.000000000000000000e+00,0.000000000000000000e+00,0.000000000000000000e+00,0.000000000000000000e+00,0.000000000000000000e+00,0.000000000000000000e+00,0.000000000000000000e+00,0.000000000000000000e+00,0.000000000000000000e+00,0.000000000000000000e+00,0.000000000000000000e+00,0.000000000000000000e+00,0.000000000000000000e+00,0.000000000000000000e+00,0.000000000000000000e+00
1.479999999999999982e+00,-4.689080000000000331e-02,1.080459999999999976e+00,-1.492539999999999978e+00,8.631210000000000271e-02,1.210299999999999931e+00,-2.259720000000000173e+00,-1.393570000000000086e-01,1.340430000000000010e+00,-1.906910000000000105e+00,-1.509409999999999918e-01,8.022620000000000307e-01,-1.762389999999999901e+00,0.000000000000000000e+00,0.000000000000000000e+00,0.000000000000000000e+00,0.000000000000000000e+00,0.000000000000000000e+00,0.000000000000000000e+00,0.000000000000000000e+00,0.000000000000000000e+00,0.000000000000000000e+00,0.000000000000000000e+00,0.000000000000000000e+00,0.000000000000000000e+00,0.000000000000000000e+00,0.000000000000000000e+00,0.000000000000000000e+00,0.000000000000000000e+00,0.000000000000000000e+00,0.000000000000000000e+00,0.000000000000000000e+00,0.000000000000000000e+00,0.000000000000000000e+00,0.000000000000000000e+00,0.000000000000000000e+00,0.000000000000000000e+00
1.500000000000000000e+00,8.146470000000000100e-02,1.201119999999999965e+00,-1.512860000000000094e+00,-2.643829999999999791e-03,1.130409999999999915e+00,-2.227520000000000167e+00,-2.107590000000000019e-01,1.324230000000000018e+00,-2.056340000000000057e+00,-1.776049999999999851e-02,9.685890000000000333e-01,-1.613259999999999916e+00,0.000000000000000000e+00,0.000000000000000000e+00,0.000000000000000000e+00,0.000000000000000000e+00,0.000000000000000000e+00,0.000000000000000000e+00,0.000000000000000000e+00,0.000000000000000000e+00,0.000000000000000000e+00,0.000000000000000000e+00,0.000000000000000000e+00,0.000000000000000000e+00,0.000000000000000000e+00,0.000000000000000000e+00,0.000000000000000000e+00,0.000000000000000000e+00,0.000000000000000000e+00,0.000000000000000000e+00,0.000000000000000000e+00,0.000000000000000000e+00,0.000000000000000000e+00,0.000000000000000000e+00,0.000000000000000000e+00,0.000000000000000000e+00
1.520000000000000018e+00,1.775349999999999984e-01,1.153599999999999959e+00,-1.400039999999999951e+00,1.612389999999999934e-01,9.836139999999999883e-01,-2.219250000000000167e+00,-2.693340000000000178e-01,1.212450000000000028e+00,-2.132940000000000058e+00,-1.988129999999999897e-01,1.055010000000000003e+00,-1.480860000000000065e+00,0.000000000000000000e+00,0.000000000000000000e+00,0.000000000000000000e+00,0.000000000000000000e+00,0.000000000000000000e+00,0.000000000000000000e+00,0.000000000000000000e+00,0.000000000000000000e+00,0.000000000000000000e+00,0.000000000000000000e+00,0.000000000000000000e+00,0.000000000000000000e+00,0.000000000000000000e+00,0.000000000000000000e+00,0.000000000000000000e+00,0.000000000000000000e+00,0.000000000000000000e+00,0.000000000000000000e+00,0.000000000000000000e+00,0.000000000000000000e+00,0.000000000000000000e+00,0.000000000000000000e+00,0.000000000000000000e+00,0.000000000000000000e+00
1.540000000000000036e+00,9.122850000000000403e-02,1.203170000000000073e+00,-1.458539999999999948e+00,2.013560000000000176e-03,8.719130000000000491e-01,-2.123899999999999899e+00,-2.457739999999999925e-01,1.213580000000000103e+00,-2.064719999999999889e+00,-7.794619999999999327e-02,1.089099999999999957e+00,-1.507290000000000019e+00,0.000000000000000000e+00,0.000000000000000000e+00,0.000000000000000000e+00,0.000000000000000000e+00,0.000000000000000000e+00,0.000000000000000000e+00,0.000000000000000000e+00,0.000000000000000000e+00,0.000000000000000000e+00,0.000000000000000000e+00,0.000000000000000000e+00,0.000000000000000000e+00,0.000000000000000000e+00,0.000000000000000000e+00,0.000000000000000000e+00,0.000000000000000000e+00,0.000000000000000000e+00,0.000000000000000000e+00,0.000000000000000000e+00,0.000000000000000000e+00,0.000000000000000000e+00,0.000000000000000000e+00,0.000000000000000000e+00,0.000000000000000000e+00
1.560000000000000053e+00,1.338989999999999903e-01,1.118239999999999901e+00,-1.520880000000000010e+00,3.665869999999999893e-03,8.452579999999999538e-01,-2.046839999999999993e+00,-2.812390000000000168e-01,1.086659999999999959e+00,-1.986029999999999962e+00,-2.516789999999999861e-01,1.238969999999999905e+00,-1.521039999999999948e+00,0.000000000000000000e+00,0.000000000000000000e+00,0.000000000000000000e+00,0.000000000000000000e+00,0.000000000000000000e+00,0.000000000000000000e+00,0.000000000000000000e+00,0.000000000000000000e+00,0.000000000000000000e+00,0.000000000000000000e+00,0.000000000000000000e+00,0.000000000000000000e+00,0.000000000000000000e+00,0.000000000000000000e+00,0.000000000000000000e+00,0.000000000000000000e+00,0.000000000000000000e+00,0.000000000000000000e+00,0.000000000000000000e+00,0.000000000000000000e+00,0.000000000000000000e+00,0.000000000000000000e+00,0.000000000000000000e+00,0.000000000000000000e+00
1.580000000000000071e+00,-6.551020000000000454e-02,1.129999999999999893e+00,-2.023629999999999818e+00,9.015330000000000565e-02,8.376090000000000479e-01,-1.858910000000000062e+00,-1.869730000000000003e-01,1.029479999999999951e+00,-2.039019999999999833e+00,-6.987759999999999805e-02,1.300340000000000051e+00,-1.598419999999999952e+00,0.000000000000000000e+00,0.000000000000000000e+00,0.000000000000000000e+00,0.000000000000000000e+00,0.000000000000000000e+00,0.000000000000000000e+00,0.000000000000000000e+00,0.000000000000000000e+00,0.000000000000000000e+00,0.000000000000000000e+00,0.000000000000000000e+00,0.000000000000000000e+00,0.000000000000000000e+00,0.000000000000000000e+00,0.000000000000000000e+00,0.000000000000000000e+00,0.000000000000000000e+00,0.000000000000000000e+00,0.000000000000000000e+00,0.000000000000000000e+00,0.000000000000000000e+00,0.000000000000000000e+00,0.000000000000000000e+00,0.000000000000000000e+00
1.600000000000000089e+00,-1.203349999999999975e-01,1.144220000000000015e+00,-2.193929999999999936e+00,6.238479999999999720e-02,9.249810000000000532e-01,-1.845380000000000020e+00,5.111750000000000321e-02,1.140759999999999996e+00,-1.652199999999999891e+00,6.689699999999999813e-03,1.271379999999999955e+00,-1.837390000000000079e+00,0.000000000000000000e+00,0.000000000000000000e+00,0.000000000000000000e+00,0.000000000000000000e+00,0.000000000000000000e+00,0.000000000000000000e+00,0.000000000000000000e+00,0.000000000000000000e+00,0.000000000000000000e+00,0.000000000000000000e+00,0.000000000000000000e+00,0.000000000000000000e+00,0.000000000000000000e+00,0.000000000000000000e+00,0.000000000000000000e+00,0.000000000000000000e+00,0.000000000000000000e+00,0.000000000000000000e+00,0.000000000000000000e+00,0.000000000000000000e+00,0.000000000000000000e+00,0.000000000000000000e+00,0.000000000000000000e+00,0.000000000000000000e+00
1.620000000000000107e+00,-1.437430000000000097e-01,1.159990000000000077e+00,-2.142970000000000041e+00,-8.910970000000000002e-02,9.958380000000000010e-01,-1.645119999999999916e+00,1.101749999999999952e-01,1.181580000000000075e+00,-1.537800000000000056e+00,9.655420000000000669e-02,1.209410000000000096e+00,-1.915389999999999926e+00,0.000000000000000000e+00,0.000000000000000000e+00,0.000000000000000000e+00,0.000000000000000000e+00,0.000000000000000000e+00,0.000000000000000000e+00,0.000000000000000000e+00,0.000000000000000000e+00,0.000000000000000000e+00,0.000000000000000000e+00,0.000000000000000000e+00,0.000000000000000000e+00,0.000000000000000000e+00,0.000000000000000000e+00,0.000000000000000000e+00,0.000000000000000000e+00,0.000000000000000000e+00,0.000000000000000000e+00,0.000000000000000000e+00,0.000000000000000000e+00,0.000000000000000000e+00,0.000000000000000000e+00,0.000000000000000000e+00,0.000000000000000000e+00
1.640000000000000124e+00,-2.012089999999999990e-01,9.754909999999999970e-01,-2.172509999999999941e+00,-2.805039999999999756e-01,1.167270000000000030e+00,-1.458560000000000079e+00,2.838399999999999812e-01,1.242269999999999985e+00,-1.450069999999999970e+00,1.471500000000000030e-01,1.281439999999999912e+00,-1.912349999999999994e+00,0.000000000000000000e+00,0.000000000000000000e+00,0.000000000000000000e+00,0.000000000000000000e+00,0.000000000000000000e+00,0.000000000000000000e+00,0.000000000000000000e+00,0.000000000000000000e+00,0.000000000000000000e+00,0.000000000000000000e+00,0.000000000000000000e+00,0.000000000000000000e+00,0.000000000000000000e+00,0.000000000000000000e+00,0.000000000000000000e+00,0.000000000000000000e+00,0.000000000000000000e+00,0.000000000000000000e+00,0.000000000000000000e+00,0.000000000000000000e+00,0.000000000000000000e+00,0.000000000000000000e+00,0.000000000000000000e+00,0.000000000000000000e+00
1.660000000000000142e+00,-1.464890000000000081e-01,8.291849999999999499e-01,-2.016070000000000029e+00,-4.866419999999999774e-02,1.128290000000000015e+00,-1.350149999999999961e+00,-7.666949999999999633e-03,1.230930000000000080e+00,-1.557299999999999907e+00,2.832479999999999998e-01,1.313739999999999908e+00,-2.071009999999999796e+00,0.000000000000000000e+00,0.000000000000000000e+00,0.000000000000000000e+00,0.000000000000000000e+00,0.000000000000000000e+00,0.000000000000000000e+00,0.000000000000000000e+00,0.000000000000000000e+00,0.000000000000000000e+00,0.000000000000000000e+00,0.000000000000000000e+00,0.000000000000000000e+00,0.000000000000000000e+00,0.000000000000000000e+00,0.000000000000000000e+00,0.000000000000000000e+00,0.000000000000000000e+00,0.000000000000000000e+00,0.000000000000000000e+00,0.000000000000000000e+00,0.000000000000000000e+00,0.000000000000000000e+00,0.000000000000000000e+00,0.000000000000000000e+00
1.679999999999999938e+00,-9.088150000000000395e-02,7.579749999999999543e-01,-2.128680000000000128e+00,-1.236379999999999979e-01,1.309090000000000087e+00,-1.390930000000000000e+00,9.484950000000000325e-02,1.306230000000000002e+00,-1.424889999999999990e+00,2.245769999999999988e-01,1.201699999999999990e+00,-2.126189999999999802e+00,0.000000000000000000e+00,0.000000000000000000e+00,0.000000000000000000e+00,0.000000000000000000e+00,0.000000000000000000e+00,0.000000000000000000e+00,0.000000000000000000e+00,0.000000000000000000e+00,0.000000000000000000e+00,0.000000000000000000e+00,0.000000000000000000e+00,0.000000000000000000e+00,0.000000000000000000e+00,0.000000000000000000e+00,0.000000000000000000e+00,0.000000000000000000e+00,0.000000000000000000e+00,0.000000000000000000e+00,0.000000000000000000e+00,0.000000000000000000e+00,0.000000000000000000e+00,0.000000000000000000e+00,0.000000000000000000e+00,0.000000000000000000e+00
1.699999999999999956e+00,-1.141670000000000046e-01,7.904949999999999477e-01,-2.029160000000000075e+00,1.380830000000000078e-02,1.179519999999999902e+00,-1.387420000000000098e+00,-2.738880000000000134e-02,1.271050000000000013e+00,-1.473370000000000068e+00,3.018449999999999744e-01,1.084049999999999958e+00,-2.105529999999999902e+00,0.000000000000000000e+00,0.000000000000000000e+00,0.000000000000000000e+00,0.000000000000000000e+00,0.000000000000000000e+00,0.000000000000000000e+00,0.000000000000000000e+00,0.000000000000000000e+00,0.000000000000000000e+00,0.000000000000000000e+00,0.000000000000000000e+00,0.000000000000000000e+00,0.000000000000000000e+00,0.000000000000000000e+00,0.000000000000000000e+00,0.000000000000000000e+00,0.000000000000000000e+00,0.000000000000000000e+00,0.000000000000000000e+00,0.000000000000000000e+00,0.000000000000000000e+00,0.000000000000000000e+00,0.000000000000000000e+00,0.000000000000000000e+00
1.719999999999999973e+00,-5.004750000000000171e-02,9.017290000000000028e-01,-1.779230000000000089e+00,1.089989999999999987e-01,1.230900000000000105e+00,-1.782599999999999962e+00,-1.280519999999999992e-01,1.237900000000000000e+00,-1.410029999999999895e+00,2.539170000000000038e-01,9.753140000000000143e-01,-2.093290000000000095e+00,0.000000000000000000e+00,0.000000000000000000e+00,0.000000000000000000e+00,0.000000000000000000e+00,0.000000000000000000e+00,0.000000000000000000e+00,0.000000000000000000e+00,0.000000000000000000e+00,0.000000000000000000e+00,0.000000000000000000e+00,0.000000000000000000e+00,0.000000000000000000e+00,0.000000000000000000e+00,0.000000000000000000e+00,0.000000000000000000e+00,0.000000000000000000e+00,0.000000000000000000e+00,0.000000000000000000e+00,0.000000000000000000e+00,0.000000000000000000e+00,0.000000000000000000e+00,0.000000000000000000e+00,0.000000000000000000e+00,0.000000000000000000e+00
1.739999999999999991e+00,5.497969999999999594e-03,1.023679999999999923e+00,-1.785360000000000058e+00,1.415029999999999899e-01,1.256829999999999892e+00,-2.198379999999999779e+00,-1.213899999999999979e-01,1.293069999999999942e+00,-1.495100000000000096e+00,4.054769999999999902e-02,8.238900000000000112e-01,-2.009259999999999824e+00,0.000000000000000000e+00,0.000000000000000000e+00,0.000000000000000000e+00,0.000000000000000000e+00,0.000000000000000000e+00,0.000000000000000000e+00,0.000000000000000000e+00,0.000000000000000000e+00,0.000000000000000000e+00,0.000000000000000000e+00,0.000000000000000000e+00,0.000000000000000000e+00,0.000000000000000000e+00,0.000000000000000000e+00,0.000000000000000000e+00,0.000000000000000000e+00,0.000000000000000000e+00,0.000000000000000000e+00,0.000000000000000000e+00,0.000000000000000000e+00,0.000000000000000000e+00,0.000000000000000000e+00,0.000000000000000000e+00,0.000000000000000000e+00
1.760000000000000009e+00,1.377809999999999972e-02,1.099920000000000009e+00,-1.477810000000000068e+00,8.344179999999999653e-02,1.186129999999999907e+00,-2.252740000000000187e+00,-1.266780000000000128e-01,1.301700000000000079e+00,-1.865569999999999951e+00,-1.026200000000000029e-01,8.440739999999999910e-01,-1.852470000000000061e+00,0.000000000000000000e+00,0.000000000000000000e+00,0.000000000000000000e+00,0.000000000000000000e+00,0.000000000000000000e+00,0.000000000000000000e+00,0.000000000000000000e+00,0.000000000000000000e+00,0.000000000000000000e+00,0.000000000000000000e+00,0.000000000000000000e+00,0.000000000000000000e+00,0.000000000000000000e+00,0.000000000000000000e+00,0.000000000000000000e+00,0.000000000000000000e+00,0.000000000000000000e+00,0.000000000000000000e+00,0.000000000000000000e+00,0.000000000000000000e+00,0.000000000000000000e+00,0.000000000000000000e+00,0.000000000000000000e+00,0.000000000000000000e+00
1.780000000000000027e+00,1.129310000000000036e-01,1.224590000000000067e+00,-1.494779999999999998e+00,-2.497989999999999933e-02,1.087739999999999929e+00,-2.206170000000000186e+00,-2.141319999999999890e-01,1.329590000000000050e+00,-2.069370000000000154e+00,-2.923359999999999848e-02,9.601480000000000015e-01,-1.562349999999999905e+00,0.000000000000000000e+00,0.000000000000000000e+00,0.000000000000000000e+00,0.000000000000000000e+00,0.000000000000000000e+00,0.000000000000000000e+00,0.000000000000000000e+00,0.000000000000000000e+00,0.000000000000000000e+00,0.000000000000000000e+00,0.000000000000000000e+00,0.000000000000000000e+00,0.000000000000000000e+00,0.000000000000000000e+00,0.000000000000000000e+00,0.000000000000000000e+00,0.000000000000000000e+00,0.000000000000000000e+00,0.000000000000000000e+00,0.000000000000000000e+00,0.000000000000000000e+00,0.000000000000000000e+00,0.000000000000000000e+00,0.000000000000000000e+00
1.800000000000000044e+00,2.991390000000000021e-02,1.245009999999999950e+00,-1.381869999999999932e+00,1.006309999999999982e-01,9.356219999999999537e-01,-2.185950000000000060e+00,-2.426359999999999906e-01,1.277519999999999989e+00,-2.026269999999999794e+00,-1.955260000000000054e-01,1.075439999999999952e+00,-1.410290000000000044e+00,0.000000000000000000e+00,0.000000000000000000e+00,0.000000000000000000e+00,0.000000000000000000e+00,0.000000000000000000e+00,0.000000000000000000e+00,0.000000000000000000e+00,0.000000000000000000e+00,0.000000000000000000e+00,0.000000000000000000e+00,0.000000000000000000e+00,0.000000000000000000e+00,0.000000000000000000e+00,0.000000000000000000e+00,0.000000000000000000e+00,0.000000000000000000e+00,0.000000000000000000e+00,0.000000000000000000e+00,0.000000000000000000e+00,0.000000000000000000e+00,0.000000000000000000e+00,0.000000000000000000e+00,0.000000000000000000e+00,0.000000000000000000e+00
1.820000000000000062e+00,4.523429999999999812e-02,1.167119999999999935e+00,-1.460429999999999895e+00,2.440859999999999905e-02,8.090490000000000181e-01,-2.104429999999999801e+00,-2.727399999999999824e-01,1.193030000000000035e+00,-2.031540000000000123e+00,-1.740949999999999998e-01,1.186020000000000074e+00,-1.586889999999999912e+00,0.000000000000000000e+00,0.000000000000000000e+00,0.000000000000000000e+00,0.000000000000000000e+00,0.000000000000000000e+00,0.000000000000000000e+00,0.000000000000000000e+00,0.000000000000000000e+00,0.000000000000000000e+00,0.000000000000000000e+00,0.000000000000000000e+00,0.000000000000000000e+00,0.000000000000000000e+00,0.000000000000000000e+00,0.000000000000000000e+00,0.000000000000000000e+00,0.000000000000000000e+00,0.000000000000000000e+00,0.000000000000000000e+00,0.000000000000000000e+00,0.000000000000000000e+00,0.000000000000000000e+00,0.000000000000000000e+00,0.000000000000000000e+00
1.840000000000000080e+00,5.038759999999999767e-02,1.092319999999999958e+00,-1.460970000000000102e+00,5.291780000000000095e-02,7.788819999999999633e-01,-2.044220000000000148e+00,-3.084250000000000047e-01,9.733910000000000062e-01,-2.106479999999999908e+00,-1.420440000000000036e-01,1.287209999999999965e+00,-1.517600000000000060e+00,0.000000000000000000e+00,0.000000000000000000e+00,0.000000000000000000e+00,0.000000000000000000e+00,0.000000000000000000e+00,0.000000000000000000e+00,0.000000000000000000e+00,0.000000000000000000e+00,0.000000000000000000e+00,0.000000000000000000e+00,0.000000000000000000e+00,0.000000000000000000e+00,0.000000000000000000e+00,0.000000000000000000e+00,0.000000000000000000e+00,0.000000000000000000e+00,0.000000000000000000e+00,0.000000000000000000e+00,0.000000000000000000e+00,0.000000000000000000e+00,0.000000000000000000e+00,0.000000000000000000e+00,0.000000000000000000e+00,0.000000000000000000e+00
1.860000000000000098e+00,-8.549869999999999692e-02,1.208350000000000035e+00,-2.074460000000000193e+00,2.185089999999999949e-02,8.817949999999999955e-01,-1.886079999999999979e+00,-1.624339999999999951e-01,1.030699999999999950e+00,-1.877129999999999965e+00,-3.379549999999999915e-02,1.308729999999999949e+00,-1.697230000000000016e+00,0.000000000000000000e+00,0.000000000000000000e+00,0.000000000000000000e+00,0.000000000000000000e+00,0.000000000000000000e+00,0.000000000000000000e+00,0.000000000000000000e+00,0.000000000000000000e+00,0.000000000000000000e+00,0.000000000000000000e+00,0.000000000000000000e+00,0.000000000000000000e+00,0.000000000000000000e+00,0.000000000000000000e+00,0.000000000000000000e+00,0.000000000000000000e+00,0.000000000000000000e+00,0.000000000000000000e+00,0.000000000000000000e+00,0.000000000000000000e+00,0.000000000000000000e+00,0.000000000000000000e+00,0.000000000000000000e+00,0.000000000000000000e+00
1.880000000000000115e+00,-1.652839999999999865e-01,1.106330000000000036e+00,-2.204219999999999846e+00,8.097550000000000581e-02,9.142460000000000031e-01,-1.824559999999999960e+00,1.683079999999999993e-02,1.110249999999999959e+00,-1.713079999999999936e+00,-5.849669999999999870e-02,1.250280000000000058e+00,-1.698509999999999964e+00,0.000000000000000000e+00,0.000000000000000000e+00,0.000000000000000000e+00,0.000000000000000000e+00,0.000000000000000000e+00,0.000000000000000000e+00,0.000000000000000000e+00,0.000000000000000000e+00,0.000000000000000000e+00,0.000000000000000000e+00,0.000000000000000000e+00,0.000000000000000000e+00,0.000000000000000000e+00,0.000000000000000000e+00,0.000000000000000000e+00,0.000000000000000000e+00,0.000000000000000000e+00,0.000000000000000000e+00,0.000000000000000000e+00,0.000000000000000000e+00,0.000000000000000000e+00,0.000000000000000000e+00,0.000000000000000000e+00,0.000000000000000000e+00
1.900000000000000133e+00,-1.993209999999999982e-01,1.200010000000000021e+00,-2.155720000000000081e+00,-6.818090000000000261e-02,9.137999999999999456e-01,-1.558840000000000003e+00,1.081320000000000059e-01,1.123050000000000104e+00,-1.508690000000000087e+00,8.613750000000000573e-02,1.274280000000000079e+00,-1.982420000000000071e+00,0.000000000000000000e+00,0.000000000000000000e+00,0.000000000000000000e+00,0.000000000000000000e+00,0.000000000000000000e+00,0.000000000000000000e+00,0.000000000000000000e+00,0.000000000000000000e+00,0.000000000000000000e+00,0.000000000000000000e+00,0.000000000000000000e+00,0.000000000000000000e+00,0.000000000000000000e+00,0.000000000000000000e+00,0.000000000000000000e+00,0.000000000000000000e+00,0.000000000000000000e+00,0.000000000000000000e+00,0.000000000000000000e+00,0.000000000000000000e+00,0.000000000000000000e+00,0.000000000000000000e+00,0.000000000000000000e+00,0.000000000000000000e+00
1.919999999999999929e+00,-2.425489999999999868e-01,1.000269999999999992e+00,-2.187349999999999905e+00,-2.823959999999999804e-01,1.156709999999999905e+00,-1.453810000000000047e+00,2.690620000000000234e-01,1.256799999999999917e+00,-1.443829999999999947e+00,2.240890000000000104e-01,1.297789999999999999e+00,-2.018479999999999830e+00,0.000000000000000000e+00,0.000000000000000000e+00,0.000000000000000000e+00,0.000000000000000000e+00,0.000000000000000000e+00,0.000000000000000000e+00,0.000000000000000000e+00,0.000000000000000000e+00,0.000000000000000000e+00,0.000000000000000000e+00,0.000000000000000000e+00,0.000000000000000000e+00,0.000000000000000000e+00,0.000000000000000000e+00,0.000000000000000000e+00,0.000000000000000000e+00,0.000000000000000000e+00,0.000000000000000000e+00,0.000000000000000000e+00,0.000000000000000000e+00,0.000000000000000000e+00,0.000000000000000000e+00,0.000000000000000000e+00,0.000000000000000000e+00
1.939999999999999947e+00,-1.396429999999999894e-01,8.026269999999999794e-01,-2.037970000000000059e+00,-3.494470000000000215e-02,1.081450000000000022e+00,-1.374719999999999942e+00,1.841960000000000125e-02,1.194329999999999892e+00,-1.559900000000000064e+00,2.813590000000000257e-01,1.305139999999999967e+00,-2.049609999999999932e+00,0.000000000000000000e+00,0.000000000000000000e+00,0.000000000000000000e+00,0.000000000000000000e+00,0.000000000000000000e+00,0.000000000000000000e+00,0.000000000000000000e+00,0.000000000000000000e+00,0.000000000000000000e+00,0.000000000000000000e+00,0.000000000000000000e+00,0.000000000000000000e+00,0.000000000000000000e+00,0.000000000000000000e+00,0.000000000000000000e+00,0.000000000000000000e+00,0.000000000000000000e+00,0.000000000000000000e+00,0.000000000000000000e+00,0.000000000000000000e+00,0.000000000000000000e+00,0.000000000000000000e+00,0.000000000000000000e+00,0.000000000000000000e+00
1.959999999999999964e+00,-3.945169999999999927e-02,7.497859999999999525e-01,-2.076769999999999783e+00,-1.010159999999999947e-01,1.311509999999999954e+00,-1.437929999999999930e+00,-3.371570000000000122e-02,1.250150000000000095e+00,-1.476669999999999927e+00,2.871400000000000063e-01,1.235419999999999963e+00,-2.074980000000000047e+00,0.000000000000000000e+00,0.000000000000000000e+00,0.000000000000000000e+00,0.000000000000000000e+00,0.000000000000000000e+00,0.000000000000000000e+00,0.000000000000000000e+00,0.000000000000000000e+00,0.000000000000000000e+00,0.000000000000000000e+00,0.000000000000000000e+00,0.000000000000000000e+00,0.000000000000000000e+00,0.000000000000000000e+00,0.000000000000000000e+00,0.000000000000000000e+00,0.000000000000000000e+00,0.000000000000000000e+00,0.000000000000000000e+00,0.000000000000000000e+00,0.000000000000000000e+00,0.000000000000000000e+00,0.000000000000000000e+00,0.000000000000000000e+00
1.979999999999999982e+00,-1.066840000000000011e-01,7.826049999999999951e-01,-2.074879999999999836e+00,1.466360000000000059e-02,1.235940000000000039e+00,-1.403289999999999926e+00,-6.439450000000000209e-03,1.296839999999999993e+00,-1.428900000000000059e+00,3.071760000000000046e-01,1.013819999999999943e+00,-2.151600000000000179e+00,0.000000000000000000e+00,0.000000000000000000e+00,0.000000000000000000e+00,0.000000000000000000e+00,0.000000000000000000e+00,0.000000000000000000e+00,0.000000000000000000e+00,0.000000000000000000e+00,0.000000000000000000e+00,0.000000000000000000e+00,0.000000000000000000e+00,0.000000000000000000e+00,0.000000000000000000e+00,0.000000000000000000e+00,0.000000000000000000e+00,0.000000000000000000e+00,0.000000000000000000e+00,0.000000000000000000e+00,0.000000000000000000e+00,0.000000000000000000e+00,0.000000000000000000e+00,0.000000000000000000e+00,0.000000000000000000e+00,0.000000000000000000e+00
2.000000000000000000e+00,-9.125719999999999665e-02,9.295520000000000449e-01,-1.762739999999999974e+00,1.398399999999999921e-01,1.258680000000000021e+00,-1.909750000000000059e+00,-9.818290000000000350e-02,1.258080000000000087e+00,-1.389459999999999917e+00,2.735090000000000021e-01,9.505090000000000483e-01,-2.131440000000000001e+00,0.000000000000000000e+00,0.000000000000000000e+00,0.000000000000000000e+00,0.000000000000000000e+00,0.000000000000000000e+00,0.000000000000000000e+00,0.000000000000000000e+00,0.000000000000000000e+00,0.000000000000000000e+00,0.000000000000000000e+00,0.000000000000000000e+00,0.000000000000000000e+00,0.000000000000000000e+00,0.000000000000000000e+00,0.000000000000000000e+00,0.000000000000000000e+00,0.000000000000000000e+00,0.000000000000000000e+00,0.000000000000000000e+00,0.000000000000000000e+00,0.000000000000000000e+00,0.000000000000000000e+00,0.000000000000000000e+00,0.000000000000000000e+00
2.020000000000000018e+00,2.609140000000000070e-02,1.080470000000000041e+00,-1.780520000000000103e+00,1.223530000000000034e-01,1.242410000000000014e+00,-2.188400000000000123e+00,-7.307210000000000094e-02,1.266189999999999927e+00,-1.456210000000000004e+00,2.561209999999999876e-02,7.989000000000000545e-01,-1.985349999999999948e+00,0.000000000000000000e+00,0.000000000000000000e+00,0.000000000000000000e+00,0.000000000000000000e+00,0.000000000000000000e+00,0.000000000000000000e+00,0.000000000000000000e+00,0.000000000000000000e+00,0.000000000000000000e+00,0.000000000000000000e+00,0.000000000000000000e+00,0.000000000000000000e+00,0.000000000000000000e+00,0.000000000000000000e+00,0.000000000000000000e+00,0.000000000000000000e+00,0.000000000000000000e+00,0.000000000000000000e+00,0.000000000000000000e+00,0.000000000000000000e+00,0.000000000000000000e+00,0.000000000000000000e+00,0.000000000000000000e+00,0.000000000000000000e+00
2.040000000000000036e+00,1.940729999999999886e-02,1.140360000000000040e+00,-1.565669999999999895e+00,5.395099999999999896e-02,1.207260000000000000e+00,-2.250809999999999977e+00,-1.627520000000000078e-01,1.310850000000000071e+00,-1.923990000000000089e+00,-1.041659999999999947e-01,8.759419999999999984e-01,-1.754860000000000086e+00,0.000000000000000000e+00,0.000000000000000000e+00,0.000000000000000000e+00,0.000000000000000000e+00,0.000000000000000000e+00,0.000000000000000000e+00,0.000000000000000000e+00,0.000000000000000000e+00,0.000000000000000000e+00,0.000000000000000000e+00,0.000000000000000000e+00,0.000000000000000000e+00,0.000000000000000000e+00,0.000000000000000000e+00,0.000000000000000000e+00,0.000000000000000000e+00,0.000000000000000000e+00,0.000000000000000000e+00,0.000000000000000000e+00,0.000000000000000000e+00,0.000000000000000000e+00,0.000000000000000000e+00,0.000000000000000000e+00,0.000000000000000000e+00
2.060000000000000053e+00,1.224250000000000060e-01,1.250450000000000061e+00,-1.517009999999999970e+00,-8.932139999999999871e-03,1.084799999999999986e+00,-2.203860000000000152e+00,-2.609310000000000240e-01,1.316240000000000077e+00,-2.068750000000000089e+00,-3.923920000000000186e-02,1.043870000000000076e+00,-1.514930000000000110e+00,0.000000000000000000e+00,0.000000000000000000e+00,0.000000000000000000e+00,0.000000000000000000e+00,0.000000000000000000e+00,0.000000000000000000e+00,0.000000000000000000e+00,0.000000000000000000e+00,0.000000000000000000e+00,0.000000000000000000e+00,0.000000000000000000e+00,0.000000000000000000e+00,0.000000000000000000e+00,0.000000000000000000e+00,0.000000000000000000e+00,0.000000000000000000e+00,0.000000000000000000e+00,0.000000000000000000e+00,0.000000000000000000e+00,0.000000000000000000e+00,0.000000000000000000e+00,0.000000000000000000e+00,0.000000000000000000e+00,0.000000000000000000e+00
2.080000000000000071e+00,1.842709999999999904e-01,1.183710000000000040e+00,-1.352570000000000050e+00,1.759209999999999940e-01,9.178770000000000540e-01,-2.211279999999999912e+00,-2.729610000000000092e-01,1.194690000000000030e+00,-2.148489999999999789e+00,-2.528989999999999849e-01,1.039919999999999956e+00,-1.422390000000000043e+00,0.000000000000000000e+00,0.000000000000000000e+00,0.000000000000000000e+00,0.000000000000000000e+00,0.000000000000000000e+00,0.000000000000000000e+00,0.000000000000000000e+00,0.000000000000000000e+00,0.000000000000000000e+00,0.000000000000000000e+00,0.000000000000000000e+00,0.000000000000000000e+00,0.000000000000000000e+00,0.000000000000000000e+00,0.000000000000000000e+00,0.000000000000000000e+00,0.000000000000000000e+00,0.000000000000000000e+00,0.000000000000000000e+00,0.000000000000000000e+00,0.000000000000000000e+00,0.000000000000000000e+00,0.000000000000000000e+00,0.000000000000000000e+00
2.100000000000000089e+00,1.392049999999999954e-01,1.115529999999999911e+00,-1.479500000000000037e+00,-1.288639999999999924e-02,8.747909999999999853e-01,-2.113579999999999792e+00,-2.549899999999999944e-01,1.144539999999999891e+00,-2.030330000000000190e+00,-1.934329999999999938e-01,1.160169999999999924e+00,-1.644419999999999993e+00,0.000000000000000000e+00,0.000000000000000000e+00,0.000000000000000000e+00,0.000000000000000000e+00,0.000000000000000000e+00,0.000000000000000000e+00,0.000000000000000000e+00,0.000000000000000000e+00,0.000000000000000000e+00,0.000000000000000000e+00,0.000000000000000000e+00,0.000000000000000000e+00,0.000000000000000000e+00,0.000000000000000000e+00,0.000000000000000000e+00,0.000000000000000000e+00,0.000000000000000000e+00,0.000000000000000000e+00,0.000000000000000000e+00,0.000000000000000000e+00,0.000000000000000000e+00,0.000000000000000000e+00,0.000000000000000000e+00,0.000000000000000000e+00
2.120000000000000107e+00,8.137190000000000742e-03,1.136900000000000022e+00,-1.534750000000000059e+00,-1.304809999999999998e-03,8.118210000000000148e-01,-2.009300000000000086e+00,-2.935320000000000151e-01,1.028699999999999948e+00,-2.055520000000000014e+00,-4.718830000000000247e-02,1.263230000000000075e+00,-1.505479999999999929e+00,0.000000000000000000e+00,0.000000000000000000e+00,0.000000000000000000e+00,0.000000000000000000e+00,0.000000000000000000e+00,0.000000000000000000e+00,0.000000000000000000e+00,0.000000000000000000e+00,0.000000000000000000e+00,0.000000000000000000e+00,0.000000000000000000e+00,0.000000000000000000e+00,0.000000000000000000e+00,0.000000000000000000e+00,0.000000000000000000e+00,0.000000000000000000e+00,0.000000000000000000e+00,0.000000000000000000e+00,0.000000000000000000e+00,0.000000000000000000e+00,0.000000000000000000e+00,0.000000000000000000e+00,0.000000000000000000e+00,0.000000000000000000e+00
2.140000000000000124e+00,-1.029179999999999956e-01,1.229880000000000084e+00,-2.174090000000000078e+00,6.087359999999999993e-02,9.215149999999999730e-01,-1.888789999999999969e+00,-8.427199999999999969e-02,1.100289999999999990e+00,-1.794370000000000021e+00,3.299869999999999887e-02,1.301139999999999963e+00,-1.736720000000000041e+00,0.000000000000000000e+00,0.000000000000000000e+00,0.000000000000000000e+00,0.000000000000000000e+00,0.000000000000000000e+00,0.000000000000000000e+00,0.000000000000000000e+00,0.000000000000000000e+00,0.000000000000000000e+00,0.000000000000000000e+00,0.000000000000000000e+00,0.000000000000000000e+00,0.000000000000000000e+00,0.000000000000000000e+00,0.000000000000000000e+00,0.000000000000000000e+00,0.000000000000000000e+00,0.000000000000000000e+00,0.000000000000000000e+00,0.000000000000000000e+00,0.000000000000000000e+00,0.000000000000000000e+00,0.000000000000000000e+00,0.000000000000000000e+00
2.160000000000000142e+00,-1.373790000000000011e-01,1.086789999999999923e+00,-2.199170000000000069e+00,2.546740000000000115e-02,9.729889999999999928e-01,-1.843699999999999894e+00,6.801899999999999613e-02,1.148509999999999920e+00,-1.670490000000000030e+00,3.711409999999999709e-02,1.177019999999999955e+00,-1.767709999999999892e+00,0.000000000000000000e+00,0.000000000000000000e+00,0.000000000000000000e+00,0.000000000000000000e+00,0.000000000000000000e+00,0.000000000000000000e+00,0.000000000000000000e+00,0.000000000000000000e+00,0.000000000000000000e+00,0.000000000000000000e+00,0.000000000000000000e+00,0.000000000000000000e+00,0.000000000000000000e+00,0.000000000000000000e+00,0.000000000000000000e+00,0.000000000000000000e+00,0.000000000000000000e+00,0.000000000000000000e+00,0.000000000000000000e+00,0.000000000000000000e+00,0.000000000000000000e+00,0.000000000000000000e+00,0.000000000000000000e+00,0.000000000000000000e+00
2.180000000000000160e+00,-2.093780000000000086e-01,1.194860000000000033e+00,-2.139629999999999921e+00,-1.717549999999999910e-01,9.910090000000000288e-01,-1.468050000000000077e+00,9.859850000000000558e-02,1.180330000000000101e+00,-1.525260000000000060e+00,1.431669999999999887e-01,1.275849999999999929e+00,-1.955659999999999954e+00,0.000000000000000000e+00,0.000000000000000000e+00,0.000000000000000000e+00,0.000000000000000000e+00,0.000000000000000000e+00,0.000000000000000000e+00,0.000000000000000000e+00,0.000000000000000000e+00,0.000000000000000000e+00,0.000000000000000000e+00,0.000000000000000000e+00,0.000000000000000000e+00,0.000000000000000000e+00,0.000000000000000000e+00,0.000000000000000000e+00,0.000000000000000000e+00,0.000000000000000000e+00,0.000000000000000000e+00,0.000000000000000000e+00,0.000000000000000000e+00,0.000000000000000000e+00,0.000000000000000000e+00,0.000000000000000000e+00,0.000000000000000000e+00
2.200000000000000178e+00,-1.444729999999999903e-01,8.793079999999999785e-01,-2.117059999999999942e+00,-1.432060000000000000e-01,1.257570000000000077e+00,-1.417820000000000080e+00,8.718090000000000561e-02,1.220809999999999951e+00,-1.466339999999999977e+00,1.838980000000000059e-01,1.301870000000000083e+00,-2.046149999999999913e+00,0.000000000000000000e+00,0.000000000000000000e+00,0.000000000000000000e+00,0.000000000000000000e+00,0.000000000000000000e+00,0.000000000000000000e+00,0.000000000000000000e+00,0.000000000000000000e+00,0.000000000000000000e+00,0.000000000000000000e+00,0.000000000000000000e+00,0.000000000000000000e+00,0.000000000000000000e+00,0.000000000000000000e+00,0.000000000000000000e+00,0.000000000000000000e+00,0.000000000000000000e+00,0.000000000000000000e+00,0.000000000000000000e+00,0.000000000000000000e+00,0.000000000000000000e+00,0.000000000000000000e+00,0.000000000000000000e+00,0.000000000000000000e+00
2.220000000000000195e+00,-1.389610000000000012e-01,8.086499999999999799e-01,-2.072259999999999991e+00,-1.284679999999999989e-01,1.195500000000000007e+00,-1.376149999999999984e+00,3.839660000000000295e-02,1.237239999999999895e+00,-1.545080000000000009e+00,2.566370000000000040e-01,1.269379999999999953e+00,-2.054009999999999891e+00,0.000000000000000000e+00,0.000000000000000000e+00,0.000000000000000000e+00,0.000000000000000000e+00,0.000000000000000000e+00,0.000000000000000000e+00,0.000000000000000000e+00,0.000000000000000000e+00,0.000000000000000000e+00,0.000000000000000000e+00,0.000000000000000000e+00,0.000000000000000000e+00,0.000000000000000000e+00,0.000000000000000000e+00,0.000000000000000000e+00,0.000000000000000000e+00,0.000000000000000000e+00,0.000000000000000000e+00,0.000000000000000000e+00,0.000000000000000000e+00,0.000000000000000000e+00,0.000000000000000000e+00,0.000000000000000000e+00,0.000000000000000000e+00
2.240000000000000213e+00,-4.320050000000000279e-02,7.583159999999999901e-01,-2.051530000000000076e+00,-1.172580000000000011e-01,1.297139999999999960e+00,-1.409040000000000070e+00,-5.659650000000000097e-02,1.263609999999999900e+00,-1.480839999999999934e+00,3.301740000000000230e-01,1.195650000000000102e+00,-2.056309999999999860e+00,0.000000000000000000e+00,0.000000000000000000e+00,0.000000000000000000e+00,0.000000000000000000e+00,0.000000000000000000e+00,0.000000000000000000e+00,0.000000000000000000e+00,0.000000000000000000e+00,0.000000000000000000e+00,0.000000000000000000e+00,0.000000000000000000e+00,0.000000000000000000e+00,0.000000000000000000e+00,0.000000000000000000e+00,0.000000000000000000e+00,0.000000000000000000e+00,0.000000000000000000e+00,0.000000000000000000e+00,0.000000000000000000e+00,0.000000000000000000e+00,0.000000000000000000e+00,0.000000000000000000e+00,0.000000000000000000e+00,0.000000000000000000e+00
2.260000000000000231e+00,-1.091990000000000044e-01,8.204599999999999671e-01,-1.888660000000000005e+00,5.934079999999999910e-02,1.107229999999999936e+00,-1.521349999999999980e+00,-2.190670000000000117e-02,1.240949999999999998e+00,-1.544270000000000032e+00,3.067810000000000259e-01,1.078829999999999956e+00,-2.108680000000000110e+00,0.000000000000000000e+00,0.000000000000000000e+00,0.000000000000000000e+00,0.000000000000000000e+00,0.000000000000000000e+00,0.000000000000000000e+00,0.000000000000000000e+00,0.000000000000000000e+00,0.000000000000000000e+00,0.000000000000000000e+00,0.000000000000000000e+00,0.000000000000000000e+00,0.000000000000000000e+00,0.000000000000000000e+00,0.000000000000000000e+00,0.000000000000000000e+00,0.000000000000000000e+00,0.000000000000000000e+00,0.000000000000000000e+00,0.000000000000000000e+00,0.000000000000000000e+00,0.000000000000000000e+00,0.000000000000000000e+00,0.000000000000000000e+00
2.280000000000000249e+00,-9.849860000000000559e-02,9.217340000000000533e-01,-1.626889999999999947e+00,1.458669999999999967e-01,1.203249999999999931e+00,-2.060430000000000206e+00,-5.634299999999999725e-02,1.212280000000000024e+00,-1.426420000000000021e+00,2.646410000000000151e-01,1.033609999999999918e+00,-2.098529999999999784e+00,0.000000000000000000e+00,0.000000000000000000e+00,0.000000000000000000e+00,0.000000000000000000e+00,0.000000000000000000e+00,0.000000000000000000e+00,0.000000000000000000e+00,0.000000000000000000e+00,0.000000000000000000e+00,0.000000000000000000e+00,0.000000000000000000e+00,0.000000000000000000e+00,0.000000000000000000e+00,0.000000000000000000e+00,0.000000000000000000e+00,0.000000000000000000e+00,0.000000000000000000e+00,0.000000000000000000e+00,0.000000000000000000e+00,0.000000000000000000e+00,0.000000000000000000e+00,0.000000000000000000e+00,0.000000000000000000e+00,0.000000000000000000e+00
2.300000000000000266e+00,1.279210000000000069e-02,8.854049999999999976e-01,-1.461379999999999901e+00,9.564949999999999841e-02,1.226460000000000106e+00,-2.254630000000000134e+00,-1.843899999999999983e-01,1.332510000000000083e+00,-1.937999999999999945e+00,-1.635020000000000084e-01,8.065600000000000547e-01,-1.799139999999999961e+00,0.000000000000000000e+00,0.000000000000000000e+00,0.000000000000000000e+00,0.000000000000000000e+00,0.000000000000000000e+00,0.000000000000000000e+00,0.000000000000000000e+00,0.000000000000000000e+00,0.000000000000000000e+00,0.000000000000000000e+00,0.000000000000000000e+00,0.000000000000000000e+00,0.000000000000000000e+00,0.000000000000000000e+00,0.000000000000000000e+00,0.000000000000000000e+00,0.000000000000000000e+00,0.000000000000000000e+00,0.000000000000000000e+00,0.000000000000000000e+00,0.000000000000000000e+00,0.000000000000000000e+00,0.000000000000000000e+00,0.000000000000000000e+00
2.319999999999999840e+00,4.054239999999999927e-02,1.118710000000000093e+00,-1.571979999999999933e+00,-2.373429999999999984e-02,1.176169999999999938e+00,-2.220209999999999795e+00,-1.653219999999999967e-01,1.330270000000000064e+00,-1.989810000000000079e+00,3.202660000000000229e-02,9.040909999999999780e-01,-1.641359999999999930e+00,0.000000000000000000e+00,0.000000000000000000e+00,0.000000000000000000e+00,0.000000000000000000e+00,0.000000000000000000e+00,0.000000000000000000e+00,0.000000000000000000e+00,0.000000000000000000e+00,0.000000000000000000e+00,0.000000000000000000e+00,0.000000000000000000e+00,0.000000000000000000e+00,0.000000000000000000e+00,0.000000000000000000e+00,0.000000000000000000e+00,0.000000000000000000e+00,0.000000000000000000e+00,0.000000000000000000e+00,0.000000000000000000e+00,0.000000000000000000e+00,0.000000000000000000e+00,0.000000000000000000e+00,0.000000000000000000e+00,0.000000000000000000e+00
2.339999999999999858e+00,1.108070000000000027e-01,1.009700000000000042e+00,-1.512289999999999912e+00,1.028300000000000047e-01,1.107769999999999921e+00,-2.231370000000000076e+00,-2.618420000000000192e-01,1.281090000000000062e+00,-2.051890000000000214e+00,-1.508639999999999981e-01,1.004320000000000102e+00,-1.543870000000000076e+00,0.000000000000000000e+00,0.000000000000000000e+00,0.000000000000000000e+00,0.000000000000000000e+00,0.000000000000000000e+00,0.000000000000000000e+00,0.000000000000000000e+00,0.000000000000000000e+00,0.000000000000000000e+00,0.000000000000000000e+00,0.000000000000000000e+00,0.000000000000000000e+00,0.000000000000000000e+00,0.000000000000000000e+00,0.000000000000000000e+00,0.000000000000000000e+00,0.000000000000000000e+00,0.000000000000000000e+00,0.000000000000000000e+00,0.000000000000000000e+00,0.000000000000000000e+00,0.000000000000000000e+00,0.000000000000000000e+00,0.000000000000000000e+00
2.359999999999999876e+00,8.740140000000000409e-02,1.036980000000000013e+00,-1.563059999999999894e+00,-6.031519999999999937e-02,1.023220000000000018e+00,-2.104130000000000056e+00,-2.774110000000000187e-01,1.292559999999999931e+00,-2.014310000000000045e+00,3.712880000000000347e-02,8.927420000000000355e-01,-1.580559999999999965e+00,0.000000000000000000e+00,0.000000000000000000e+00,0.000000000000000000e+00,0.000000000000000000e+00,0.000000000000000000e+00,0.000000000000000000e+00,0.000000000000000000e+00,0.000000000000000000e+00,0.000000000000000000e+00,0.000000000000000000e+00,0.000000000000000000e+00,0.000000000000000000e+00,0.000000000000000000e+00,0.000000000000000000e+00,0.000000000000000000e+00,0.000000000000000000e+00,0.000000000000000000e+00,0.000000000000000000e+00,0.000000000000000000e+00,0.000000000000000000e+00,0.000000000000000000e+00,0.000000000000000000e+00,0.000000000000000000e+00,0.000000000000000000e+00
2.379999999999999893e+00,1.109399999999999969e-01,7.655119999999999703e-01,-1.558340000000000058e+00,-2.772020000000000040e-02,8.219859999999999944e-01,-2.011480000000000157e+00,-3.238230000000000275e-01,1.167370000000000019e+00,-1.927380000000000093e+00,-1.319879999999999942e-01,1.095779999999999976e+00,-1.773519999999999985e+00,0.000000000000000000e+00,0.000000000000000000e+00,0.000000000000000000e+00,0.000000000000000000e+00,0.000000000000000000e+00,0.000000000000000000e+00,0.000000000000000000e+00,0.000000000000000000e+00,0.000000000000000000e+00,0.000000000000000000e+00,0.000000000000000000e+00,0.000000000000000000e+00,0.000000000000000000e+00,0.000000000000000000e+00,0.000000000000000000e+00,0.000000000000000000e+00,0.000000000000000000e+00,0.000000000000000000e+00,0.000000000000000000e+00,0.000000000000000000e+00,0.000000000000000000e+00,0.000000000000000000e+00,0.000000000000000000e+00,0.000000000000000000e+00
2.399999999999999911e+00,-4.083930000000000199e-02,9.565139999999999754e-01,-1.971559999999999979e+00,3.396359999999999657e-02,7.373619999999999619e-01,-1.472159999999999913e+00,-2.896380000000000066e-01,1.187529999999999974e+00,-1.746850000000000014e+00,5.617620000000000252e-02,1.158479999999999954e+00,-1.838100000000000067e+00,0.000000000000000000e+00,0.000000000000000000e+00,0.000000000000000000e+00,0.000000000000000000e+00,0.000000000000000000e+00,0.000000000000000000e+00,0.000000000000000000e+00,0.000000000000000000e+00,0.000000000000000000e+00,0.000000000000000000e+00,0.000000000000000000e+00,0.000000000000000000e+00,0.000000000000000000e+00,0.000000000000000000e+00,0.000000000000000000e+00,0.000000000000000000e+00,0.000000000000000000e+00,0.000000000000000000e+00,0.000000000000000000e+00,0.000000000000000000e+00,0.000000000000000000e+00,0.000000000000000000e+00,0.000000000000000000e+00,0.000000000000000000e+00
2.419999999999999929e+00,-1.572570000000000079e-01,9.917639999999999789e-01,-2.157979999999999787e+00,-5.465439999999999882e-02,7.644119999999999804e-01,-1.561150000000000038e+00,-8.434060000000000168e-02,1.096279999999999921e+00,-1.776759999999999895e+00,5.400889999999999858e-02,1.157999999999999918e+00,-1.904009999999999980e+00,0.000000000000000000e+00,0.000000000000000000e+00,0.000000000000000000e+00,0.000000000000000000e+00,0.000000000000000000e+00,0.000000000000000000e+00,0.000000000000000000e+00,0.000000000000000000e+00,0.000000000000000000e+00,0.000000000000000000e+00,0.000000000000000000e+00,0.000000000000000000e+00,0.000000000000000000e+00,0.000000000000000000e+00,0.000000000000000000e+00,0.000000000000000000e+00,0.000000000000000000e+00,0.000000000000000000e+00,0.000000000000000000e+00,0.000000000000000000e+00,0.000000000000000000e+00,0.000000000000000000e+00,0.000000000000000000e+00,0.000000000000000000e+00
2.439999999999999947e+00,-2.539460000000000051e-01,1.191550000000000109e+00,-2.154469999999999885e+00,-1.211160000000000014e-01,7.622679999999999456e-01,-1.423170000000000046e+00,1.220620000000000038e-01,8.297250000000000458e-01,-1.697060000000000013e+00,2.546930000000000027e-01,1.229649999999999910e+00,-2.048379999999999868e+00,0.000000000000000000e+00,0.000000000000000000e+00,0.000000000000000000e+00,0.000000000000000000e+00,0.000000000000000000e+00,0.000000000000000000e+00,0.000000000000000000e+00,0.000000000000000000e+00,0.000000000000000000e+00,0.000000000000000000e+00,0.000000000000000000e+00,0.000000000000000000e+00,0.000000000000000000e+00,0.000000000000000000e+00,0.000000000000000000e+00,0.000000000000000000e+00,0.000000000000000000e+00,0.000000000000000000e+00,0.000000000000000000e+00,0.000000000000000000e+00,0.000000000000000000e+00,0.000000000000000000e+00,0.000000000000000000e+00,0.000000000000000000e+00
2.459999999999999964e+00,-1.729370000000000074e-01,9.921349999999999891e-01,-1.982460000000000111e+00,-6.003990000000000021e-02,8.132690000000000197e-01,-1.424509999999999943e+00,-2.117390000000000105e-01,8.937969999999999526e-01,-1.651140000000000052e+00,2.769420000000000215e-01,1.256159999999999943e+00,-1.962809999999999944e+00,0.000000000000000000e+00,0.000000000000000000e+00,0.000000000000000000e+00,0.000000000000000000e+00,0.000000000000000000e+00,0.000000000000000000e+00,0.000000000000000000e+00,0.000000000000000000e+00,0.000000000000000000e+00,0.000000000000000000e+00,0.000000000000000000e+00,0.000000000000000000e+00,0.000000000000000000e+00,0.000000000000000000e+00,0.000000000000000000e+00,0.000000000000000000e+00,0.000000000000000000e+00,0.000000000000000000e+00,0.000000000000000000e+00,0.000000000000000000e+00,0.000000000000000000e+00,0.000000000000000000e+00,0.000000000000000000e+00,0.000000000000000000e+00
2.479999999999999982e+00,-1.730059999999999931e-01,9.709839999999999582e-01,-2.157160000000000188e+00,-1.234340000000000021e-01,8.366390000000000216e-01,-1.439580000000000082e+00,-4.823680000000000329e-02,9.231139999999999901e-01,-1.563260000000000094e+00,2.504310000000000147e-01,1.163149999999999906e+00,-2.038959999999999884e+00,0.000000000000000000e+00,0.000000000000000000e+00,0.000000000000000000e+00,0.000000000000000000e+00,0.000000000000000000e+00,0.000000000000000000e+00,0.000000000000000000e+00,0.000000000000000000e+00,0.000000000000000000e+00,0.000000000000000000e+00,0.000000000000000000e+00,0.000000000000000000e+00,0.000000000000000000e+00,0.000000000000000000e+00,0.000000000000000000e+00,0.000000000000000000e+00,0.000000000000000000e+00,0.000000000000000000e+00,0.000000000000000000e+00,0.000000000000000000e+00,0.000000000000000000e+00,0.000000000000000000e+00,0.000000000000000000e+00,0.000000000000000000e+00
2.500000000000000000e+00,-1.377529999999999866e-01,9.088619999999999477e-01,-2.077850000000000197e+00,-7.787489999999999690e-02,1.024939999999999962e+00,-1.509649999999999936e+00,-1.038769999999999971e-01,1.075809999999999933e+00,-1.580489999999999950e+00,2.539020000000000166e-01,1.094009999999999927e+00,-2.051750000000000185e+00,0.000000000000000000e+00,0.000000000000000000e+00,0.000000000000000000e+00,0.000000000000000000e+00,0.000000000000000000e+00,0.000000000000000000e+00,0.000000000000000000e+00,0.000000000000000000e+00,0.000000000000000000e+00,0.000000000000000000e+00,0.000000000000000000e+00,0.000000000000000000e+00,0.000000000000000000e+00,0.000000000000000000e+00,0.000000000000000000e+00,0.000000000000000000e+00,0.000000000000000000e+00,0.000000000000000000e+00,0.000000000000000000e+00,0.000000000000000000e+00,0.000000000000000000e+00,0.000000000000000000e+00,0.000000000000000000e+00,0.000000000000000000e+00
