0.000000000000000000e+00,-2.371469999999999828e-02,9.096720000000000361e-01,-1.789020000000000055e+00,1.063479999999999981e-02,8.607139999999999791e-01,-1.822810000000000041e+00,4.802639999999999812e-05,9.023999999999999799e-01,-1.806140000000000079e+00,-1.388479999999999923e-02,9.297710000000000141e-01,-1.820969999999999978e+00,-6.200839999999999824e-02,-1.162660000000000082e-02,4.044029999999999847e-02,0.000000000000000000e+00,7.751049999999999780e-03,-6.066040000000000321e-02,2.325309999999999877e-02,-1.550209999999999956e-02,3.639619999999999661e-02,-1.550209999999999956e-02,9.301260000000000083e-02,-2.830819999999999864e-02,2.152229999999999865e+00,1.805889999999999995e+00,8.297629999999999839e+00,-1.385340000000000016e+00,3.710740000000000149e-01,6.875180000000000291e+00,1.063749999999999973e+00,-3.215979999999999950e-01,5.832049999999999734e+00,-1.731680000000000108e+00,-3.215979999999999950e-01,8.013139999999999930e+00,0.000000000000000000e+00,0.000000000000000000e+00,0.000000000000000000e+00,0.000000000000000000e+00,0.000000000000000000e+00,0.000000000000000000e+00,0.000000000000000000e+00,0.000000000000000000e+00,0.000000000000000000e+00,0.000000000000000000e+00,0.000000000000000000e+00,0.000000000000000000e+00
2.000000000000000042e-02,-2.374499999999999875e-02,9.096720000000000361e-01,-1.789029999999999898e+00,1.063479999999999981e-02,8.607439999999999536e-01,-1.822850000000000081e+00,-4.280729999999999925e-05,9.024309999999999832e-01,-1.806159999999999988e+00,-1.388479999999999923e-02,9.298319999999999919e-01,-1.820959999999999912e+00,-1.937759999999999830e-02,-3.487969999999999959e-02,8.088049999999999407e-03,-1.937759999999999830e-02,3.875519999999999660e-02,1.213209999999999983e-02,-1.550209999999999956e-02,4.263080000000000341e-02,0.000000000000000000e+00,-6.975939999999999919e-02,1.162660000000000082e-02,1.011010000000000034e-02,2.078019999999999978e+00,1.805889999999999995e+00,8.439880000000000493e+00,-1.261649999999999938e+00,4.205510000000000081e-01,6.685520000000000351e+00,1.063749999999999973e+00,-2.721210000000000018e-01,6.021709999999999674e+00,-1.731680000000000108e+00,-2.226450000000000096e-01,8.013139999999999930e+00,0.000000000000000000e+00,0.000000000000000000e+00,0.000000000000000000e+00,0.000000000000000000e+00,0.000000000000000000e+00,0.000000000000000000e+00,0.000000000000000000e+00,0.000000000000000000e+00,0.000000000000000000e+00,0.000000000000000000e+00,0.000000000000000000e+00,0.000000000000000000e+00
4.000000000000000083e-02,-2.374499999999999875e-02,9.096720000000000361e-01,-1.789020000000000055e+00,1.069540000000000074e-02,8.608040000000000136e-01,-1.822820000000000107e+00,-4.280729999999999925e-05,9.025210000000000177e-01,-1.806140000000000079e+00,-1.388479999999999923e-02,9.299230000000000551e-01,-1.820940000000000003e+00,2.712869999999999865e-02,-3.875519999999999660e-02,-2.830819999999999864e-02,8.526150000000000395e-02,1.550209999999999956e-02,2.224210000000000076e-02,-3.487969999999999959e-02,1.937759999999999830e-02,4.044019999999999733e-03,-2.325309999999999877e-02,3.875519999999999660e-02,6.066039999999999974e-03,2.003800000000000026e+00,1.830629999999999979e+00,8.392459999999999809e+00,-1.360610000000000097e+00,4.205510000000000081e-01,6.638110000000000177e+00,1.162700000000000067e+00,-1.731679999999999886e-01,6.116539999999999644e+00,-1.682199999999999918e+00,-2.473829999999999918e-01,8.013139999999999930e+00,0.000000000000000000e+00,0.000000000000000000e+00,0.000000000000000000e+00,0.000000000000000000e+00,0.000000000000000000e+00,0.000000000000000000e+00,0.000000000000000000e+00,0.000000000000000000e+00,0.000000000000000000e+00,0.000000000000000000e+00,0.000000000000000000e+00,0.000000000000000000e+00
5.999999999999999778e-02,-2.371469999999999828e-02,9.096720000000000361e-01,-1.789020000000000055e+00,1.066510000000000027e-02,8.608040000000000136e-01,-1.822840000000000016e+00,-4.280729999999999925e-05,9.023999999999999799e-01,-1.806140000000000079e+00,-1.388479999999999923e-02,9.299230000000000551e-01,-1.820990000000000109e+00,5.038179999999999742e-02,0.000000000000000000e+00,4.650630000000000042e-02,-1.937759999999999830e-02,3.875519999999999660e-02,0.000000000000000000e+00,0.000000000000000000e+00,-1.007640000000000063e-01,2.022010000000000127e-02,7.751049999999999780e-03,3.875519999999999660e-02,-4.044019999999999733e-03,1.979060000000000041e+00,1.904849999999999932e+00,8.392459999999999809e+00,-1.558510000000000062e+00,3.463359999999999772e-01,6.638110000000000177e+00,1.212180000000000035e+00,-1.731679999999999886e-01,6.116539999999999644e+00,-1.583250000000000046e+00,-3.215979999999999950e-01,7.870899999999999785e+00,0.000000000000000000e+00,0.000000000000000000e+00,0.000000000000000000e+00,0.000000000000000000e+00,0.000000000000000000e+00,0.000000000000000000e+00,0.000000000000000000e+00,0.000000000000000000e+00,0.000000000000000000e+00,0.000000000000000000e+00,0.000000000000000000e+00,0.000000000000000000e+00
8.000000000000000167e-02,-2.607639999999999958e-02,9.122160000000000268e-01,-1.791919999999999957e+00,1.139169999999999940e-02,8.625610000000000221e-01,-1.826330000000000009e+00,9.260740000000000378e-04,9.135419999999999652e-01,-1.805509999999999948e+00,-1.430870000000000059e-02,9.424270000000000147e-01,-1.818840000000000012e+00,-4.766889999999999739e-01,3.565479999999999761e-01,-5.014589999999999881e-01,3.875519999999999660e-02,4.805650000000000199e-01,-6.793959999999999999e-01,1.046389999999999959e-01,2.941520000000000135e+00,-4.044019999999999733e-03,-7.363500000000000600e-02,2.026899999999999924e+00,4.286670000000000202e-01,5.442420000000000035e-01,4.106550000000000367e+00,4.030280000000000307e+00,-6.679340000000000277e-01,1.162700000000000067e+00,3.224219999999999864e+00,1.880109999999999948e+00,2.399610000000000021e+00,8.676949999999999719e+00,-1.904849999999999932e+00,2.721210000000000129e+00,1.019420000000000037e+01,0.000000000000000000e+00,0.000000000000000000e+00,0.000000000000000000e+00,0.000000000000000000e+00,0.000000000000000000e+00,0.000000000000000000e+00,0.000000000000000000e+00,0.000000000000000000e+00,0.000000000000000000e+00,0.000000000000000000e+00,0.000000000000000000e+00,0.000000000000000000e+00
1.000000000000000056e-01,-2.864999999999999838e-02,9.186039999999999761e-01,-1.797590000000000021e+00,7.213439999999999783e-03,8.714020000000000099e-01,-1.833180000000000032e+00,1.016909999999999993e-03,9.224440000000000417e-01,-1.806110000000000104e+00,-1.212869999999999920e-02,9.498149999999999649e-01,-1.817339999999999955e+00,-3.332950000000000079e-01,1.046389999999999959e-01,-1.455849999999999922e-01,-1.937759999999999830e-02,5.735780000000000323e-01,1.435629999999999962e-01,2.247800000000000076e-01,3.216680000000000095e-01,-1.415409999999999932e-02,3.061659999999999937e-01,6.433370000000000477e-01,1.051450000000000023e-01,-1.236909999999999954e-01,2.325400000000000134e+00,2.465580000000000105e+00,-8.905779999999999808e-01,2.078019999999999978e+00,3.793200000000000127e+00,2.523299999999999876e+00,3.141760000000000108e+00,7.681239999999999846e+00,-1.162700000000000067e+00,4.477630000000000443e+00,1.337100000000000044e+01,0.000000000000000000e+00,0.000000000000000000e+00,0.000000000000000000e+00,0.000000000000000000e+00,0.000000000000000000e+00,0.000000000000000000e+00,0.000000000000000000e+00,0.000000000000000000e+00,0.000000000000000000e+00,0.000000000000000000e+00,0.000000000000000000e+00,0.000000000000000000e+00
1.199999999999999956e-01,-3.924710000000000004e-02,9.244170000000000442e-01,-1.806950000000000056e+00,9.453980000000000716e-03,8.777899999999999592e-01,-1.836219999999999963e+00,4.831880000000000203e-03,9.312550000000000550e-01,-1.807010000000000005e+00,-9.343149999999999719e-03,9.556890000000000107e-01,-1.818330000000000002e+00,-7.944820000000000215e-01,2.325309999999999877e-01,-1.755109999999999948e+00,3.875519999999999920e-03,6.743409999999999682e-01,-5.621190000000000353e-01,4.921909999999999896e-01,9.650050000000000017e-01,1.415409999999999932e-02,-9.301260000000000083e-02,7.906069999999999487e-01,-1.476069999999999882e-01,-1.088479999999999892e+00,2.028540000000000010e+00,-2.797489999999999810e+00,-6.926719999999999544e-01,3.042809999999999793e+00,3.888030000000000097e+00,3.784959999999999880e+00,5.838230000000000253e+00,8.392459999999999809e+00,-1.212180000000000035e+00,7.644129999999999647e+00,1.161669999999999980e+01,0.000000000000000000e+00,0.000000000000000000e+00,0.000000000000000000e+00,0.000000000000000000e+00,0.000000000000000000e+00,0.000000000000000000e+00,0.000000000000000000e+00,0.000000000000000000e+00,0.000000000000000000e+00,0.000000000000000000e+00,0.000000000000000000e+00,0.000000000000000000e+00
1.400000000000000133e-01,-4.457590000000000163e-02,9.353479999999999572e-01,-1.863359999999999905e+00,5.305950000000000250e-03,8.951999999999999957e-01,-1.844289999999999985e+00,1.179569999999999924e-02,9.445770000000000000e-01,-1.807879999999999932e+00,-3.378509999999999933e-03,9.640149999999999553e-01,-1.818629999999999969e+00,-6.782169999999999588e-01,-5.154450000000000420e-01,-4.060200000000000031e+00,-6.239590000000000414e-01,1.449449999999999905e+00,6.652420000000000000e-01,1.042519999999999891e+00,1.182029999999999914e+00,8.088049999999999407e-03,1.406819999999999959e+00,7.789800000000000058e-01,-4.650630000000000042e-02,-2.968589999999999840e+00,-1.187440000000000051e+00,-4.599260000000000126e+00,-2.102749999999999897e+00,6.382480000000000153e+00,9.008860000000000312e+00,6.135089999999999932e+00,8.015200000000000102e+00,1.237529999999999930e+01,8.658400000000000540e-01,9.004730000000000345e+00,1.118989999999999974e+01,0.000000000000000000e+00,0.000000000000000000e+00,0.000000000000000000e+00,0.000000000000000000e+00,0.000000000000000000e+00,0.000000000000000000e+00,0.000000000000000000e+00,0.000000000000000000e+00,0.000000000000000000e+00,0.000000000000000000e+00,0.000000000000000000e+00,0.000000000000000000e+00
1.600000000000000033e-01,-5.977530000000000343e-02,9.265069999999999695e-01,-1.958190000000000097e+00,7.667600000000000110e-03,9.179380000000000317e-01,-1.843560000000000088e+00,1.700339999999999838e-02,9.611079999999999623e-01,-1.808179999999999898e+00,1.666520000000000154e-02,9.757930000000000215e-01,-1.823609999999999953e+00,-1.054140000000000077e+00,-1.840870000000000006e+00,-5.617149999999999643e+00,-3.332950000000000079e-01,1.755609999999999893e+00,2.588179999999999925e-01,2.635359999999999925e-01,1.418439999999999923e+00,6.066040000000000321e-02,9.805080000000000462e-01,7.014700000000000379e-01,-1.217249999999999943e+00,-2.597519999999999829e+00,-5.244519999999999627e+00,-2.987150000000000194e+00,-5.739279999999999937e+00,8.163629999999999498e+00,1.308660000000000068e+01,6.234049999999999869e+00,9.598449999999999704e+00,1.522020000000000017e+01,4.329200000000000159e+00,7.421479999999999855e+00,6.069130000000000358e+00,0.000000000000000000e+00,0.000000000000000000e+00,0.000000000000000000e+00,0.000000000000000000e+00,0.000000000000000000e+00,0.000000000000000000e+00,0.000000000000000000e+00,0.000000000000000000e+00,0.000000000000000000e+00,0.000000000000000000e+00,0.000000000000000000e+00,0.000000000000000000e+00
1.799999999999999933e-01,-7.987959999999999505e-02,8.473009999999999708e-01,-2.065560000000000063e+00,1.490389999999999944e-02,9.448550000000000004e-01,-1.845839999999999925e+00,2.078810000000000033e-02,9.902659999999999796e-01,-1.809770000000000101e+00,3.431700000000000028e-02,1.019330000000000069e+00,-1.842160000000000020e+00,3.139170000000000016e-01,-5.855920000000000236e+00,-4.816430000000000433e+00,2.441579999999999862e-01,1.666479999999999961e+00,1.213209999999999983e-02,-5.115690000000000515e-01,1.546329999999999982e+00,-2.466859999999999886e-01,1.100649999999999906e+00,2.751619999999999955e+00,-9.058619999999999450e-01,8.658400000000000540e-01,-2.325400000000000134e+00,1.801770000000000094e+00,-6.704069999999999752e+00,8.312060000000000670e+00,1.261239999999999917e+01,2.968589999999999840e+00,7.817300000000000360e+00,1.441419999999999924e+01,8.905779999999999808e-01,1.830629999999999979e+00,1.280210000000000070e+00,0.000000000000000000e+00,0.000000000000000000e+00,0.000000000000000000e+00,0.000000000000000000e+00,0.000000000000000000e+00,0.000000000000000000e+00,0.000000000000000000e+00,0.000000000000000000e+00,0.000000000000000000e+00,0.000000000000000000e+00,0.000000000000000000e+00,0.000000000000000000e+00
2.000000000000000111e-01,-7.975849999999999607e-02,7.343650000000000455e-01,-2.127099999999999991e+00,1.611500000000000085e-02,9.758890000000000065e-01,-1.843439999999999968e+00,2.430030000000000037e-02,1.030599999999999961e+00,-1.820060000000000011e+00,4.697300000000000086e-02,1.063660000000000050e+00,-1.863969999999999905e+00,9.688809999999999922e-01,-6.127200000000000202e+00,-1.283979999999999899e+00,3.022909999999999764e-01,1.805989999999999984e+00,3.619399999999999840e-01,3.100419999999999912e-02,2.491960000000000175e+00,-6.854620000000000157e-01,5.076939999999999786e-01,1.058019999999999960e+00,-1.540769999999999973e+00,9.647930000000000117e-01,7.916250000000000231e-01,2.512999999999999901e+00,-5.739279999999999937e+00,6.679339999999999833e+00,1.337100000000000044e+01,2.028540000000000010e+00,5.838230000000000253e+00,1.493570000000000064e+01,1.039009999999999989e+00,-9.400549999999999740e-01,-1.991430000000000033e+00,0.000000000000000000e+00,0.000000000000000000e+00,0.000000000000000000e+00,0.000000000000000000e+00,0.000000000000000000e+00,0.000000000000000000e+00,0.000000000000000000e+00,0.000000000000000000e+00,0.000000000000000000e+00,0.000000000000000000e+00,0.000000000000000000e+00,0.000000000000000000e+00
2.200000000000000011e-01,-5.547590000000000160e-02,6.297869999999999857e-01,-2.123899999999999899e+00,1.983920000000000128e-02,1.011279999999999957e+00,-1.829760000000000053e+00,2.766110000000000096e-02,1.081250000000000044e+00,-1.830119999999999969e+00,5.399740000000000095e-02,1.095930000000000071e+00,-1.906150000000000011e+00,1.348680000000000101e+00,-4.022789999999999644e+00,9.382139999999999924e-01,3.798009999999999997e-01,1.809870000000000090e+00,9.463019999999999765e-01,3.216680000000000095e-01,2.701239999999999863e+00,-4.852830000000000338e-02,1.069639999999999924e+00,1.534710000000000019e+00,-2.944049999999999834e+00,-7.421479999999999744e-02,2.721210000000000129e+00,9.957160000000000455e-01,-5.120820000000000149e+00,6.085619999999999585e+00,1.365549999999999997e+01,2.424350000000000005e+00,6.159830000000000361e+00,1.635820000000000007e+01,2.770690000000000097e+00,-4.576579999999999870e+00,-5.025990000000000180e+00,0.000000000000000000e+00,0.000000000000000000e+00,0.000000000000000000e+00,0.000000000000000000e+00,0.000000000000000000e+00,0.000000000000000000e+00,0.000000000000000000e+00,0.000000000000000000e+00,0.000000000000000000e+00,0.000000000000000000e+00,0.000000000000000000e+00,0.000000000000000000e+00
2.399999999999999911e-01,-1.741699999999999846e-02,5.873680000000000012e-01,-2.103299999999999947e+00,2.416880000000000070e-02,1.047469999999999901e+00,-1.818619999999999903e+00,2.714640000000000108e-02,1.128179999999999961e+00,-1.833369999999999944e+00,8.684859999999999802e-02,1.070680000000000076e+00,-1.996399999999999952e+00,1.736229999999999940e+00,-1.023139999999999938e+00,1.312289999999999957e+00,4.263080000000000341e-02,2.073409999999999975e+00,3.963139999999999996e-01,-3.216680000000000095e-01,2.395070000000000032e+00,-1.920910000000000117e-01,2.240050000000000097e+00,-3.236060000000000159e+00,-5.459430000000000227e+00,-1.904849999999999932e+00,2.498569999999999958e+00,8.534709999999999797e-01,-4.180769999999999875e+00,4.799229999999999663e+00,1.408230000000000004e+01,1.558510000000000062e+00,5.120820000000000149e+00,1.706940000000000168e+01,1.880109999999999948e+00,-3.958130000000000148e+00,-2.987150000000000194e+00,0.000000000000000000e+00,0.000000000000000000e+00,0.000000000000000000e+00,0.000000000000000000e+00,0.000000000000000000e+00,0.000000000000000000e+00,0.000000000000000000e+00,0.000000000000000000e+00,0.000000000000000000e+00,0.000000000000000000e+00,0.000000000000000000e+00,0.000000000000000000e+00
2.600000000000000089e-01,2.717550000000000000e-03,5.902140000000000164e-01,-2.071009999999999796e+00,2.083830000000000057e-02,1.082770000000000010e+00,-1.813940000000000108e+00,2.290760000000000018e-02,1.173319999999999919e+00,-1.835299999999999931e+00,1.255739999999999912e-01,9.661349999999999660e-01,-2.102780000000000094e+00,4.611870000000000136e-01,9.650050000000000017e-01,2.165579999999999838e+00,-1.046389999999999959e-01,1.557960000000000012e+00,-7.481450000000000600e-02,-4.301829999999999821e-01,2.127660000000000107e+00,-2.830819999999999864e-02,1.705230000000000024e+00,-7.371249999999999858e+00,-5.544360000000000177e+00,-2.548039999999999861e+00,2.078019999999999978e+00,2.418169999999999931e+00,-2.399610000000000021e+00,2.523299999999999876e+00,1.218570000000000064e+01,1.880109999999999948e+00,3.685999999999999943e+00,1.697459999999999880e+01,1.162700000000000067e+00,-2.350140000000000118e+00,-9.483010000000000050e-02,0.000000000000000000e+00,0.000000000000000000e+00,0.000000000000000000e+00,0.000000000000000000e+00,0.000000000000000000e+00,0.000000000000000000e+00,0.000000000000000000e+00,0.000000000000000000e+00,0.000000000000000000e+00,0.000000000000000000e+00,0.000000000000000000e+00,0.000000000000000000e+00
2.800000000000000266e-01,-1.945200000000000011e-03,6.273339999999999472e-01,-2.015099999999999891e+00,1.293590000000000018e-02,1.120530000000000026e+00,-1.817620000000000013e+00,1.494460000000000059e-02,1.210930000000000062e+00,-1.834889999999999910e+00,1.464040000000000064e-01,8.220129999999999937e-01,-2.183590000000000142e+00,-4.611870000000000136e-01,2.747749999999999915e+00,4.068290000000000184e+00,-3.061659999999999937e-01,2.267180000000000195e+00,-1.415410000000000057e+00,-6.123330000000000162e-01,1.860249999999999959e+00,9.907860000000000278e-02,-1.170409999999999950e+00,-9.626799999999999358e+00,-2.485050000000000203e+00,-1.929589999999999916e+00,3.117020000000000124e+00,3.982860000000000067e+00,-7.668869999999999854e-01,1.706939999999999902e+00,3.793200000000000127e+00,1.459559999999999969e+00,2.721210000000000129e+00,1.692719999999999914e+01,-1.162700000000000067e+00,-4.452889999999999904e-01,3.982860000000000067e+00,0.000000000000000000e+00,0.000000000000000000e+00,0.000000000000000000e+00,0.000000000000000000e+00,0.000000000000000000e+00,0.000000000000000000e+00,0.000000000000000000e+00,0.000000000000000000e+00,0.000000000000000000e+00,0.000000000000000000e+00,0.000000000000000000e+00,0.000000000000000000e+00
2.999999999999999889e-01,-2.604609999999999911e-02,6.937940000000000218e-01,-1.911299999999999999e+00,1.890360000000000109e-04,1.163159999999999972e+00,-1.852929999999999966e+00,3.378560000000000070e-03,1.243330000000000046e+00,-1.830389999999999961e+00,1.160970000000000057e-01,6.716250000000000275e-01,-2.181649999999999867e+00,-1.333180000000000032e+00,5.797780000000000378e+00,5.954830000000000290e+00,-1.356430000000000136e-01,1.030890000000000084e+00,-3.676019999999999843e+00,-8.564910000000000023e-01,1.216909999999999936e+00,4.226010000000000044e-01,-3.739879999999999871e+00,-6.538009999999999877e+00,3.178599999999999870e+00,-2.201709999999999834e+00,5.788759999999999906e+00,3.319050000000000056e-01,4.700269999999999726e-01,-9.400549999999999740e-01,-6.448450000000000237e+00,2.127489999999999881e+00,1.212180000000000035e+00,1.578919999999999924e+01,-5.714540000000000397e+00,5.838230000000000253e+00,9.483010000000000161e+00,0.000000000000000000e+00,0.000000000000000000e+00,0.000000000000000000e+00,0.000000000000000000e+00,0.000000000000000000e+00,0.000000000000000000e+00,0.000000000000000000e+00,0.000000000000000000e+00,0.000000000000000000e+00,0.000000000000000000e+00,0.000000000000000000e+00,0.000000000000000000e+00
3.200000000000000067e-01,-5.396200000000000302e-02,8.159330000000000194e-01,-1.821830000000000060e+00,-9.045600000000000862e-03,1.194369999999999932e+00,-1.969270000000000076e+00,-1.866349999999999953e-02,1.263789999999999969e+00,-1.819879999999999942e+00,1.572660000000000030e-02,6.294180000000000330e-01,-2.042530000000000179e+00,3.216680000000000095e-01,6.200840000000000352e+00,2.669059999999999988e+00,-8.022329999999999739e-01,1.550209999999999921e-01,-6.814180000000000348e+00,-1.302179999999999893e+00,3.991790000000000060e-01,-1.536730000000000040e-01,-6.739539999999999864e+00,1.794370000000000021e+00,1.032039999999999935e+01,1.063749999999999973e+00,7.223580000000000112e+00,5.974300000000000388e+00,-1.731679999999999886e-01,-5.887710000000000221e+00,-2.797489999999999810e+00,2.548039999999999861e+00,1.731679999999999886e-01,9.008860000000000312e+00,-3.141760000000000108e+00,1.271550000000000047e+01,1.156930000000000014e+01,0.000000000000000000e+00,0.000000000000000000e+00,0.000000000000000000e+00,0.000000000000000000e+00,0.000000000000000000e+00,0.000000000000000000e+00,0.000000000000000000e+00,0.000000000000000000e+00,0.000000000000000000e+00,0.000000000000000000e+00,0.000000000000000000e+00,0.000000000000000000e+00
3.400000000000000244e-01,-4.839090000000000058e-02,8.839970000000000327e-01,-1.874239999999999906e+00,6.062900000000000407e-03,1.156250000000000000e+00,-2.102949999999999875e+00,-3.156169999999999809e-02,1.290529999999999955e+00,-1.820449999999999902e+00,-6.429680000000000117e-02,7.118339999999999668e-01,-1.862689999999999957e+00,4.681630000000000180e+00,5.476119999999999877e+00,-1.455850000000000088e+00,2.426079999999999792e+00,-4.235949999999999882e+00,-6.779810000000000336e+00,-3.123670000000000169e+00,1.329299999999999926e+00,-1.716690000000000049e+00,5.042060000000000208e+00,-1.449449999999999905e+00,-3.392939999999999845e+00,4.502369999999999983e+00,1.011800000000000033e+01,1.237529999999999930e+01,2.078019999999999978e+00,-3.339669999999999916e+00,1.043129999999999891e+00,-1.904849999999999932e+00,-3.537570000000000103e+00,-5.120820000000000149e+00,-5.714540000000000397e+00,1.627779999999999916e+01,2.759560000000000102e+01,0.000000000000000000e+00,0.000000000000000000e+00,0.000000000000000000e+00,0.000000000000000000e+00,0.000000000000000000e+00,0.000000000000000000e+00,0.000000000000000000e+00,0.000000000000000000e+00,0.000000000000000000e+00,0.000000000000000000e+00,0.000000000000000000e+00,0.000000000000000000e+00
3.599999999999999867e-01,-4.645320000000000005e-02,9.536050000000000360e-01,-1.893420000000000103e+00,2.937659999999999924e-02,1.030359999999999943e+00,-2.197940000000000005e+00,-6.377700000000000036e-02,1.304550000000000098e+00,-1.893610000000000015e+00,-2.757019999999999957e-02,7.945210000000000328e-01,-1.940490000000000048e+00,-6.898429999999999840e-01,3.224439999999999973e+00,-3.235219999999999763e-01,2.085030000000000161e+00,-6.379109999999999836e+00,-3.459659999999999958e+00,-4.278579999999999828e+00,-2.976399999999999935e+00,-5.402820000000000178e+00,-8.409889999999999866e-01,6.762789999999999857e+00,2.972360000000000002e-01,1.098380000000000045e+01,6.704069999999999752e+00,1.915569999999999951e+01,2.078019999999999978e+00,6.679340000000000277e-01,8.060559999999999947e-01,-4.749749999999999694e+00,-8.039939999999999642e+00,-4.836330000000000240e+00,-8.262589999999999435e+00,9.425290000000000390e+00,1.977209999999999823e+01,0.000000000000000000e+00,0.000000000000000000e+00,0.000000000000000000e+00,0.000000000000000000e+00,0.000000000000000000e+00,0.000000000000000000e+00,0.000000000000000000e+00,0.000000000000000000e+00,0.000000000000000000e+00,0.000000000000000000e+00,0.000000000000000000e+00,0.000000000000000000e+00
3.800000000000000044e-01,-5.750450000000000006e-02,1.010799999999999921e+00,-1.899370000000000003e+00,5.983580000000000149e-02,9.110650000000000137e-01,-2.235230000000000050e+00,-1.630270000000000052e-01,1.192039999999999988e+00,-2.009230000000000071e+00,-2.015219999999999859e-02,8.678540000000000143e-01,-1.959480000000000111e+00,-1.488199999999999967e+00,2.476459999999999884e+00,-1.000899999999999901e+00,7.557270000000000376e-01,-6.979820000000000135e+00,3.073460000000000081e-01,-4.840530000000000221e+00,-8.274240000000000705e+00,-5.659609999999999808e+00,3.720499999999999918e-01,4.925790000000000113e+00,-1.829919999999999991e+00,5.120820000000000149e+00,6.234049999999999869e+00,1.493570000000000064e+01,0.000000000000000000e+00,-5.937189999999999968e-01,4.314770000000000216e+00,2.473829999999999918e-01,-2.152229999999999865e+00,1.801770000000000094e+00,-5.640329999999999622e+00,1.251759999999999984e+01,2.124190000000000111e+01,0.000000000000000000e+00,0.000000000000000000e+00,0.000000000000000000e+00,0.000000000000000000e+00,0.000000000000000000e+00,0.000000000000000000e+00,0.000000000000000000e+00,0.000000000000000000e+00,0.000000000000000000e+00,0.000000000000000000e+00,0.000000000000000000e+00,0.000000000000000000e+00
4.000000000000000222e-01,-7.061459999999999959e-02,1.069229999999999903e+00,-1.903149999999999897e+00,6.374159999999999549e-02,8.007940000000000058e-01,-2.190020000000000078e+00,-2.443220000000000114e-01,1.023900000000000032e+00,-2.087579999999999991e+00,-3.253579999999999667e-02,9.466660000000000075e-01,-1.990220000000000100e+00,-1.647100000000000009e+00,2.278810000000000002e+00,4.852830000000000338e-02,-3.914279999999999982e-01,-6.569009999999999572e+00,3.101770000000000138e+00,-1.426190000000000069e+00,-9.076480000000000103e+00,-2.832840000000000025e+00,-1.027009999999999978e+00,4.266949999999999577e+00,-7.804969999999999963e-01,8.658400000000000540e-01,3.587050000000000072e+00,1.228049999999999997e+01,1.162700000000000067e+00,-4.947660000000000252e-02,2.133680000000000021e+00,3.883910000000000196e+00,-7.421479999999999744e-02,8.060559999999999947e-01,-5.244519999999999627e+00,1.222070000000000078e+01,2.256960000000000122e+01,0.000000000000000000e+00,0.000000000000000000e+00,0.000000000000000000e+00,0.000000000000000000e+00,0.000000000000000000e+00,0.000000000000000000e+00,0.000000000000000000e+00,0.000000000000000000e+00,0.000000000000000000e+00,0.000000000000000000e+00,0.000000000000000000e+00,0.000000000000000000e+00
4.199999999999999845e-01,-9.286859999999999560e-02,1.123129999999999962e+00,-1.897450000000000081e+00,5.384080000000000116e-02,6.855879999999999752e-01,-2.124239999999999906e+00,-2.339060000000000028e-01,8.521999999999999575e-01,-2.130510000000000126e+00,-3.928770000000000179e-02,1.012639999999999985e+00,-1.994469999999999965e+00,-9.029970000000000496e-01,1.751740000000000075e+00,-1.340589999999999948e+00,-6.549639999999999906e-01,-4.278579999999999828e+00,3.692190000000000083e+00,3.189560000000000173e+00,-7.851810000000000400e+00,-1.035269999999999913e+00,-6.278350000000000319e-01,3.239939999999999820e+00,-1.617609999999999881e-01,9.647930000000000117e-01,-1.731679999999999886e-01,1.327620000000000022e+00,2.251180000000000181e+00,3.488100000000000200e+00,1.327620000000000022e+00,3.141760000000000108e+00,1.583250000000000046e+00,2.418169999999999931e+00,-3.859170000000000211e+00,1.051379999999999981e+01,2.057809999999999917e+01,0.000000000000000000e+00,0.000000000000000000e+00,0.000000000000000000e+00,0.000000000000000000e+00,0.000000000000000000e+00,0.000000000000000000e+00,0.000000000000000000e+00,0.000000000000000000e+00,0.000000000000000000e+00,0.000000000000000000e+00,0.000000000000000000e+00,0.000000000000000000e+00
4.400000000000000022e-01,-1.080679999999999974e-01,1.167880000000000029e+00,-1.936280000000000001e+00,4.960200000000000026e-02,6.442290000000000516e-01,-2.039649999999999963e+00,-1.478269999999999862e-01,7.516479999999999828e-01,-2.119240000000000013e+00,-5.478979999999999961e-02,1.070140000000000091e+00,-1.994790000000000063e+00,-1.499829999999999997e+00,6.627150000000000540e-01,-3.257460000000000022e+00,3.914279999999999982e-01,8.138600000000000001e-02,4.329130000000000145e+00,5.906299999999999883e+00,-3.011280000000000179e+00,2.537630000000000052e+00,-1.705230000000000079e-01,2.895020000000000149e+00,5.661630000000000135e-02,5.442420000000000035e-01,-5.046610000000000262e+00,-5.500140000000000029e+00,3.339669999999999916e+00,6.456690000000000040e+00,6.163960000000000550e-01,7.916250000000000231e-01,7.545180000000000220e+00,7.017430000000000057e+00,-1.632730000000000015e+00,8.980000000000000426e+00,1.977209999999999823e+01,0.000000000000000000e+00,0.000000000000000000e+00,0.000000000000000000e+00,0.000000000000000000e+00,0.000000000000000000e+00,0.000000000000000000e+00,0.000000000000000000e+00,0.000000000000000000e+00,0.000000000000000000e+00,0.000000000000000000e+00,0.000000000000000000e+00,0.000000000000000000e+00
4.600000000000000200e-01,-1.313509999999999955e-01,1.167790000000000106e+00,-2.034670000000000201e+00,7.155319999999999736e-02,6.941270000000000495e-01,-1.970900000000000096e+00,-3.834390000000000021e-02,7.601259999999999684e-01,-2.022400000000000198e+00,-6.248019999999999963e-02,1.122759999999999980e+00,-1.989670000000000050e+00,-1.740110000000000046e+00,-2.871760000000000090e+00,-5.691970000000000418e+00,1.127780000000000005e+00,4.770769999999999733e+00,3.607270000000000199e+00,7.061200000000000365e+00,4.034419999999999895e+00,8.288230000000000430e+00,6.162079999999999780e-01,2.379570000000000185e+00,2.648840000000000083e-01,2.721210000000000018e-01,-4.947659999999999947e+00,-7.112260000000000248e-01,5.442420000000000035e-01,4.725010000000000154e+00,1.422449999999999992e+00,1.484300000000000064e-01,1.046429999999999971e+01,9.672670000000000101e+00,6.926719999999999544e-01,5.219780000000000086e+00,1.721170000000000044e+01,0.000000000000000000e+00,0.000000000000000000e+00,0.000000000000000000e+00,0.000000000000000000e+00,0.000000000000000000e+00,0.000000000000000000e+00,0.000000000000000000e+00,0.000000000000000000e+00,0.000000000000000000e+00,0.000000000000000000e+00,0.000000000000000000e+00,0.000000000000000000e+00
4.799999999999999822e-01,-1.458849999999999869e-01,1.072629999999999972e+00,-2.138290000000000024e+00,7.836559999999999360e-02,7.896830000000000238e-01,-1.980159999999999920e+00,-2.983589999999999853e-02,8.486580000000000235e-01,-2.007719999999999949e+00,-5.506230000000000152e-02,1.182800000000000074e+00,-1.987880000000000091e+00,8.061089999999999645e-01,-8.157980000000000231e+00,-4.203759999999999941e+00,-1.147159999999999958e+00,6.181460000000000399e+00,-2.432479999999999976e+00,-3.604240000000000221e-01,6.340360000000000440e+00,-3.059299999999999908e+00,6.239590000000000414e-01,2.476459999999999884e+00,-1.057509999999999950e+00,-1.904849999999999932e+00,-2.671730000000000160e+00,2.275920000000000165e+00,-2.152229999999999865e+00,7.842039999999999900e+00,1.503059999999999974e+01,6.357739999999999725e+00,1.001900000000000013e+01,2.024620000000000175e+01,3.042809999999999793e+00,1.880109999999999948e+00,8.866609999999999658e+00,0.000000000000000000e+00,0.000000000000000000e+00,0.000000000000000000e+00,0.000000000000000000e+00,0.000000000000000000e+00,0.000000000000000000e+00,0.000000000000000000e+00,0.000000000000000000e+00,0.000000000000000000e+00,0.000000000000000000e+00,0.000000000000000000e+00,0.000000000000000000e+00
5.000000000000000000e-01,-1.337430000000000008e-01,9.018610000000000237e-01,-2.182819999999999983e+00,7.957670000000000021e-02,8.965619999999999701e-01,-2.019760000000000222e+00,-7.491079999999999788e-03,9.644690000000000207e-01,-1.999079999999999968e+00,-3.738020000000000231e-02,1.248839999999999950e+00,-1.983950000000000102e+00,1.511450000000000016e-01,-9.293509999999999494e+00,-1.110079999999999956e+00,1.484329999999999927e+00,5.231959999999999944e+00,-6.167139999999999844e-01,1.023139999999999938e+00,3.255440000000000111e+00,-6.369340000000000002e-01,5.813289999999999846e-01,3.600359999999999783e+00,1.249600000000000044e+00,-2.201709999999999834e+00,1.236909999999999954e-01,6.163960000000000550e-01,-4.675539999999999807e+00,9.004730000000000345e+00,2.105229999999999890e+01,6.555640000000000356e+00,7.718340000000000423e+00,1.920309999999999917e+01,1.632730000000000015e+00,2.473829999999999918e-01,6.590690000000000381e+00,0.000000000000000000e+00,0.000000000000000000e+00,0.000000000000000000e+00,0.000000000000000000e+00,0.000000000000000000e+00,0.000000000000000000e+00,0.000000000000000000e+00,0.000000000000000000e+00,0.000000000000000000e+00,0.000000000000000000e+00,0.000000000000000000e+00,0.000000000000000000e+00
5.200000000000000178e-01,-1.337129999999999985e-01,7.472940000000000138e-01,-2.187870000000000203e+00,9.968100000000000571e-02,9.870320000000000205e-01,-2.018740000000000201e+00,-2.850260000000000185e-04,1.057690000000000019e+00,-2.004249999999999865e+00,-2.299829999999999930e-02,1.310869999999999980e+00,-1.959279999999999911e+00,1.937760000000000038e-01,-6.933309999999999640e+00,1.091889999999999944e-01,-1.588960000000000095e-01,4.976169999999999760e+00,-1.556950000000000001e-01,5.386980000000000102e-01,5.096309999999999896e+00,1.374970000000000081e-01,7.479759999999999742e-01,3.022909999999999986e+00,3.680059999999999998e-01,-8.658400000000000540e-01,1.484299999999999953e+00,9.483010000000000050e-02,-5.665070000000000050e+00,8.658400000000000318e+00,2.190569999999999951e+01,5.566110000000000113e+00,6.184569999999999901e+00,2.072040000000000148e+01,2.078019999999999978e+00,-2.622259999999999813e+00,8.534709999999999797e-01,0.000000000000000000e+00,0.000000000000000000e+00,0.000000000000000000e+00,0.000000000000000000e+00,0.000000000000000000e+00,0.000000000000000000e+00,0.000000000000000000e+00,0.000000000000000000e+00,0.000000000000000000e+00,0.000000000000000000e+00,0.000000000000000000e+00,0.000000000000000000e+00
5.400000000000000355e-01,-1.232980000000000048e-01,6.412320000000000242e-01,-2.185950000000000060e+00,9.622940000000000660e-02,1.079039999999999999e+00,-2.013630000000000031e+00,2.046339999999999791e-03,1.150919999999999943e+00,-2.003820000000000157e+00,9.814500000000000307e-04,1.364249999999999963e+00,-1.959480000000000111e+00,9.572540000000000493e-01,-4.491729999999999556e+00,-4.448429999999999745e-02,2.712870000000000004e-01,4.747519999999999740e+00,9.463019999999999765e-01,4.766889999999999739e-01,5.247460000000000235e+00,6.268239999999999923e-02,3.193430000000000213e+00,7.557270000000000376e-01,-1.300149999999999917e+00,-1.360610000000000097e+00,2.325400000000000134e+00,1.422450000000000103e-01,-5.096090000000000231e+00,5.145559999999999690e+00,2.233249999999999957e+01,5.417679999999999829e+00,3.290189999999999948e+00,2.133680000000000021e+01,4.403410000000000046e+00,-4.428149999999999586e+00,-4.883750000000000036e+00,0.000000000000000000e+00,0.000000000000000000e+00,0.000000000000000000e+00,0.000000000000000000e+00,0.000000000000000000e+00,0.000000000000000000e+00,0.000000000000000000e+00,0.000000000000000000e+00,0.000000000000000000e+00,0.000000000000000000e+00,0.000000000000000000e+00,0.000000000000000000e+00
5.600000000000000533e-01,-1.005589999999999956e-01,5.893659999999999455e-01,-2.185690000000000133e+00,1.081889999999999935e-01,1.164970000000000061e+00,-1.981659999999999977e+00,1.461149999999999949e-02,1.250140000000000029e+00,-1.996029999999999971e+00,8.315469999999999806e-02,1.344240000000000101e+00,-2.005370000000000097e+00,1.422320000000000029e+00,-1.220790000000000042e+00,1.051450000000000023e-01,3.449220000000000064e-01,4.542110000000000092e+00,1.961349999999999927e+00,-1.085150000000000003e-01,4.708759999999999835e+00,8.391349999999999643e-01,5.778410000000000046e+00,-3.267069999999999919e+00,-3.522349999999999870e+00,-9.400549999999999740e-01,2.721210000000000129e+00,1.422449999999999992e+00,-5.417679999999999829e+00,2.201709999999999834e+00,2.062549999999999883e+01,3.908650000000000180e+00,1.236909999999999954e-01,2.038850000000000051e+01,2.820160000000000000e+00,-2.597519999999999829e+00,-4.646670000000000300e+00,0.000000000000000000e+00,0.000000000000000000e+00,0.000000000000000000e+00,0.000000000000000000e+00,0.000000000000000000e+00,0.000000000000000000e+00,0.000000000000000000e+00,0.000000000000000000e+00,0.000000000000000000e+00,0.000000000000000000e+00,0.000000000000000000e+00,0.000000000000000000e+00
5.799999999999999600e-01,-8.284679999999999822e-02,5.929999999999999716e-01,-2.169249999999999901e+00,1.142750000000000016e-01,1.237819999999999920e+00,-1.940790000000000015e+00,1.694290000000000032e-02,1.334279999999999911e+00,-1.973899999999999988e+00,2.003590000000000093e-01,1.257279999999999953e+00,-2.089679999999999982e+00,7.285979999999999679e-01,1.778869999999999951e+00,1.736909999999999954e+00,6.898429999999999840e-01,2.798130000000000006e+00,2.454720000000000013e+00,3.759259999999999824e-01,5.100189999999999557e+00,1.320370000000000044e+00,5.243579999999999686e+00,-6.778290000000000148e+00,-4.769929999999999559e+00,-1.682199999999999918e+00,3.339669999999999916e+00,2.418169999999999931e+00,-4.180769999999999875e+00,-8.658400000000000540e-01,1.778059999999999974e+01,5.195039999999999658e+00,-2.646999999999999797e+00,2.005659999999999954e+01,1.261649999999999938e+00,-2.003800000000000026e+00,-6.163960000000000550e-01,0.000000000000000000e+00,0.000000000000000000e+00,0.000000000000000000e+00,0.000000000000000000e+00,0.000000000000000000e+00,0.000000000000000000e+00,0.000000000000000000e+00,0.000000000000000000e+00,0.000000000000000000e+00,0.000000000000000000e+00,0.000000000000000000e+00,0.000000000000000000e+00
5.999999999999999778e-01,-7.606459999999999610e-02,6.492250000000000520e-01,-2.120120000000000005e+00,1.207239999999999980e-01,1.299649999999999972e+00,-1.887699999999999934e+00,1.603459999999999955e-02,1.418630000000000058e+00,-1.934700000000000086e+00,2.831069999999999975e-01,1.104049999999999976e+00,-2.175800000000000178e+00,4.805650000000000199e-01,4.189440000000000275e+00,4.072330000000000005e+00,6.278350000000000319e-01,2.468710000000000182e+00,1.148500000000000076e+00,-8.836190000000000433e-01,2.910519999999999996e+00,3.041110000000000202e+00,2.054030000000000022e+00,-9.657809999999999562e+00,-3.051219999999999821e+00,-5.937189999999999968e-01,4.527110000000000412e+00,5.642389999999999795e+00,-1.929589999999999916e+00,-3.908650000000000180e+00,7.823479999999999990e+00,3.809699999999999864e+00,-4.576579999999999870e+00,1.782809999999999917e+01,-9.647930000000000117e-01,-7.916250000000000231e-01,1.659529999999999950e+00,0.000000000000000000e+00,0.000000000000000000e+00,0.000000000000000000e+00,0.000000000000000000e+00,0.000000000000000000e+00,0.000000000000000000e+00,0.000000000000000000e+00,0.000000000000000000e+00,0.000000000000000000e+00,0.000000000000000000e+00,0.000000000000000000e+00,0.000000000000000000e+00
6.199999999999999956e-01,-7.340009999999999590e-02,7.517449999999999966e-01,-2.004059999999999953e+00,1.184830000000000050e-01,1.354149999999999965e+00,-1.865690000000000071e+00,8.889060000000000711e-03,1.454970000000000097e+00,-1.865899999999999892e+00,2.918879999999999808e-01,9.407010000000000094e-01,-2.205470000000000041e+00,8.797439999999999705e-01,7.332489999999999952e+00,7.503689999999999749e+00,4.456849999999999978e-01,2.220680000000000209e+00,-9.260819999999999608e-01,-1.154910000000000103e+00,9.029970000000000496e-01,4.187590000000000146e+00,-2.898890000000000189e+00,-9.491160000000000707e+00,4.306889999999999885e-01,6.431949999999999612e-01,5.615590000000000082e+00,5.120820000000000149e+00,-5.937189999999999968e-01,-5.343469999999999942e+00,-6.780350000000000321e+00,8.658400000000000540e-01,-5.145559999999999690e+00,1.455640000000000001e+01,-5.838230000000000253e+00,9.400549999999999740e-01,3.224219999999999864e+00,0.000000000000000000e+00,0.000000000000000000e+00,0.000000000000000000e+00,0.000000000000000000e+00,0.000000000000000000e+00,0.000000000000000000e+00,0.000000000000000000e+00,0.000000000000000000e+00,0.000000000000000000e+00,0.000000000000000000e+00,0.000000000000000000e+00,0.000000000000000000e+00
6.400000000000000133e-01,-9.047669999999999324e-02,8.572619999999999685e-01,-2.027499999999999858e+00,1.214510000000000034e-01,1.385820000000000052e+00,-1.937219999999999942e+00,1.049379999999999931e-02,1.451240000000000085e+00,-1.772680000000000033e+00,2.159220000000000028e-01,8.047860000000000014e-01,-2.169280000000000097e+00,2.457079999999999931e+00,7.479759999999999742e+00,-4.161299999999999777e+00,-1.899009999999999865e-01,-3.371709999999999985e-01,-5.975050000000000416e+00,9.184989999999999544e-01,-7.208470000000000155e-01,4.755770000000000053e+00,-5.111819999999999808e+00,-5.549750000000000405e+00,3.878219999999999779e+00,2.102749999999999897e+00,8.658400000000000318e+00,1.403490000000000038e+01,-3.042809999999999793e+00,-5.937190000000000190e+00,-5.310480000000000089e+00,-4.205510000000000081e-01,-4.576579999999999870e+00,5.879470000000000418e+00,-3.389139999999999819e+00,2.226449999999999818e+00,5.310480000000000089e+00,0.000000000000000000e+00,0.000000000000000000e+00,0.000000000000000000e+00,0.000000000000000000e+00,0.000000000000000000e+00,0.000000000000000000e+00,0.000000000000000000e+00,0.000000000000000000e+00,0.000000000000000000e+00,0.000000000000000000e+00,0.000000000000000000e+00,0.000000000000000000e+00
6.600000000000000311e-01,-3.903510000000000313e-02,9.786749999999999616e-01,-2.050980000000000025e+00,8.605609999999999649e-02,1.334740000000000038e+00,-2.072820000000000107e+00,1.942560000000000120e-02,1.447060000000000013e+00,-1.687060000000000004e+00,7.407139999999999558e-02,7.384779999999999678e-01,-2.058800000000000185e+00,-1.321550000000000002e+00,3.825140000000000207e+00,8.452009999999999801e-01,-2.926019999999999843e+00,-4.100299999999999834e+00,-8.185109999999999886e+00,-1.856379999999999919e+00,-4.650630000000000042e-01,1.850139999999999896e+00,-7.948699999999999655e+00,-1.240169999999999995e+00,8.642079999999999984e+00,1.410080000000000000e+00,6.085619999999999585e+00,1.991430000000000078e+01,-2.152229999999999865e+00,-4.156030000000000335e+00,-2.038850000000000051e+00,-5.986659999999999648e+00,-3.958130000000000148e+00,-1.118989999999999974e+01,-1.632730000000000015e+00,7.446220000000000283e+00,8.487289999999999779e+00,0.000000000000000000e+00,0.000000000000000000e+00,0.000000000000000000e+00,0.000000000000000000e+00,0.000000000000000000e+00,0.000000000000000000e+00,0.000000000000000000e+00,0.000000000000000000e+00,0.000000000000000000e+00,0.000000000000000000e+00,0.000000000000000000e+00,0.000000000000000000e+00
6.800000000000000488e-01,-5.632360000000000144e-02,1.083010000000000028e+00,-2.031909999999999883e+00,4.670109999999999886e-03,1.218320000000000070e+00,-2.217839999999999812e+00,-5.560210000000000152e-02,1.437310000000000088e+00,-1.733349999999999946e+00,5.008340000000000014e-03,8.072080000000000366e-01,-1.953130000000000033e+00,6.859680000000000222e-01,6.274469999999999992e+00,5.358330000000000037e-01,-5.011050000000000004e+00,-8.103719999999999146e+00,-6.171179999999999666e+00,-7.247230000000000061e+00,-1.840870000000000006e+00,-5.730380000000000251e+00,3.918149999999999800e+00,7.592150000000000176e+00,-5.127819999999999823e+00,6.605120000000000324e+00,4.180769999999999875e+00,2.133680000000000021e+01,4.922920000000000407e+00,-1.484299999999999953e+00,3.224219999999999864e+00,-3.982860000000000067e+00,-2.869639999999999969e+00,-6.780350000000000321e+00,-5.739279999999999937e+00,8.435750000000000526e+00,2.200059999999999860e+01,0.000000000000000000e+00,0.000000000000000000e+00,0.000000000000000000e+00,0.000000000000000000e+00,0.000000000000000000e+00,0.000000000000000000e+00,0.000000000000000000e+00,0.000000000000000000e+00,0.000000000000000000e+00,0.000000000000000000e+00,0.000000000000000000e+00,0.000000000000000000e+00
7.000000000000000666e-01,-4.890560000000000046e-02,1.183440000000000047e+00,-2.029760000000000009e+00,-3.914139999999999980e-02,1.050610000000000044e+00,-2.277080000000000215e+00,-1.868849999999999956e-01,1.367310000000000025e+00,-1.867760000000000087e+00,4.276449999999999696e-02,9.513589999999999547e-01,-1.983710000000000084e+00,2.364070000000000060e-01,4.491729999999999556e+00,1.455850000000000088e+00,1.511449999999999960e+00,-1.101040000000000063e+01,-7.885849999999999804e-01,-6.495379999999999932e+00,-7.499139999999999695e+00,-8.181060000000000443e+00,-8.913699999999999402e-02,9.196619999999999351e+00,2.749940000000000051e+00,6.778290000000000148e+00,7.421479999999999744e-02,2.214280000000000115e+01,5.195039999999999658e+00,-1.632730000000000015e+00,2.607829999999999870e+00,5.937189999999999968e-01,-3.661270000000000024e+00,-4.788920000000000066e+00,-8.831569999999999254e+00,3.883910000000000196e+00,1.820739999999999981e+01,0.000000000000000000e+00,0.000000000000000000e+00,0.000000000000000000e+00,0.000000000000000000e+00,0.000000000000000000e+00,0.000000000000000000e+00,0.000000000000000000e+00,0.000000000000000000e+00,0.000000000000000000e+00,0.000000000000000000e+00,0.000000000000000000e+00,0.000000000000000000e+00
7.199999999999999734e-01,-4.766429999999999972e-02,1.262129999999999974e+00,-1.981489999999999974e+00,1.326890000000000014e-02,8.350379999999999470e-01,-2.252289999999999903e+00,-2.818660000000000054e-01,1.218860000000000054e+00,-2.048950000000000049e+00,5.657100000000000323e-02,1.061269999999999936e+00,-1.976620000000000044e+00,-6.278350000000000319e-01,2.728369999999999962e+00,1.257689999999999975e+00,1.910630000000000051e+00,-1.075459999999999994e+01,2.978419999999999845e+00,-2.391199999999999992e+00,-9.312879999999999825e+00,-8.443920000000000314e+00,-6.510880000000000001e-01,6.371360000000000134e+00,-2.163549999999999918e-01,2.869639999999999969e+00,-2.919119999999999937e+00,1.721170000000000044e+01,-7.668869999999999854e-01,2.523299999999999876e+00,3.271640000000000104e+00,1.063749999999999973e+00,-9.647930000000000117e-01,4.314770000000000216e+00,-9.202640000000000597e+00,4.279720000000000191e+00,1.740129999999999910e+01,0.000000000000000000e+00,0.000000000000000000e+00,0.000000000000000000e+00,0.000000000000000000e+00,0.000000000000000000e+00,0.000000000000000000e+00,0.000000000000000000e+00,0.000000000000000000e+00,0.000000000000000000e+00,0.000000000000000000e+00,0.000000000000000000e+00,0.000000000000000000e+00
7.399999999999999911e-01,-5.338670000000000221e-02,1.328959999999999919e+00,-1.945440000000000058e+00,2.095939999999999956e-02,6.951260000000000217e-01,-2.179600000000000204e+00,-3.212869999999999893e-01,1.044399999999999995e+00,-2.155730000000000146e+00,4.794190000000000257e-02,1.156279999999999974e+00,-1.964790000000000036e+00,-1.565709999999999935e+00,2.383449999999999847e+00,1.540769999999999973e+00,-4.883159999999999723e-01,-5.386980000000000324e+00,4.715329999999999799e+00,-6.007059999999999622e-01,-1.035539999999999949e+01,-3.293860000000000010e+00,-2.402819999999999956e-01,5.150570000000000093e+00,1.732860000000000067e+00,8.658400000000000540e-01,-6.357739999999999725e+00,7.681239999999999846e+00,2.770690000000000097e+00,7.223580000000000112e+00,4.030280000000000307e+00,3.265449999999999964e+00,2.473830000000000126e-02,4.788920000000000066e+00,-6.036139999999999617e+00,3.908650000000000180e+00,1.555209999999999937e+01,0.000000000000000000e+00,0.000000000000000000e+00,0.000000000000000000e+00,0.000000000000000000e+00,0.000000000000000000e+00,0.000000000000000000e+00,0.000000000000000000e+00,0.000000000000000000e+00,0.000000000000000000e+00,0.000000000000000000e+00,0.000000000000000000e+00,0.000000000000000000e+00
7.600000000000000089e-01,-7.006959999999999578e-02,1.392539999999999889e+00,-1.912169999999999925e+00,2.562220000000000122e-02,6.670890000000000430e-01,-2.047750000000000181e+00,-2.812000000000000055e-01,8.922879999999999701e-01,-2.159409999999999830e+00,4.945580000000000115e-02,1.231940000000000035e+00,-1.925529999999999964e+00,-8.138600000000000279e-01,2.751619999999999955e+00,2.264649999999999996e-01,6.743409999999999682e-01,2.092779999999999863e+00,8.084009999999999252e+00,5.925679999999999836e+00,-4.848279999999999923e+00,4.025830000000000020e+00,9.882589999999999986e-01,3.181799999999999962e+00,1.164679999999999938e+00,-8.905779999999999808e-01,-7.743079999999999963e+00,-8.771779999999999688e+00,2.548039999999999861e+00,8.361539999999999750e+00,3.982860000000000067e+00,5.838230000000000253e+00,7.718340000000000423e+00,1.047869999999999990e+01,-1.509039999999999937e+00,1.286389999999999922e+00,9.198520000000000252e+00,0.000000000000000000e+00,0.000000000000000000e+00,0.000000000000000000e+00,0.000000000000000000e+00,0.000000000000000000e+00,0.000000000000000000e+00,0.000000000000000000e+00,0.000000000000000000e+00,0.000000000000000000e+00,0.000000000000000000e+00,0.000000000000000000e+00,0.000000000000000000e+00
7.800000000000000266e-01,-8.305869999999999920e-02,1.418239999999999945e+00,-1.982150000000000079e+00,6.900989999999999902e-02,7.886530000000000484e-01,-2.046409999999999840e+00,-1.388050000000000117e-01,8.801160000000000094e-01,-2.015050000000000008e+00,4.682170000000000082e-02,1.292249999999999899e+00,-1.891809999999999992e+00,-2.197420000000000151e+00,-2.309810000000000141e+00,-5.297670000000000101e+00,2.209049999999999903e-01,7.557269999999999932e+00,-4.751730000000000231e+00,7.720040000000000013e+00,3.658490000000000020e+00,1.077730000000000032e+01,-5.154450000000000420e-01,1.464949999999999974e+00,1.658050000000000024e+00,-1.236909999999999954e-01,-9.771620000000000417e+00,-3.319049999999999834e+00,-2.424350000000000005e+00,3.685999999999999943e+00,1.057360000000000078e+01,3.710739999999999927e+00,8.015200000000000102e+00,9.625249999999999417e+00,0.000000000000000000e+00,-4.081819999999999560e+00,1.612109999999999932e+00,0.000000000000000000e+00,0.000000000000000000e+00,0.000000000000000000e+00,0.000000000000000000e+00,0.000000000000000000e+00,0.000000000000000000e+00,0.000000000000000000e+00,0.000000000000000000e+00,0.000000000000000000e+00,0.000000000000000000e+00,0.000000000000000000e+00,0.000000000000000000e+00
8.000000000000000444e-01,-1.226919999999999955e-01,1.293709999999999916e+00,-2.082180000000000142e+00,4.057929999999999870e-02,9.234179999999999611e-01,-2.072820000000000107e+00,-1.051060000000000050e-01,9.749449999999999505e-01,-1.974490000000000078e+00,6.011350000000000027e-02,1.356109999999999927e+00,-1.857669999999999932e+00,-1.116149999999999975e+00,-8.816819999999999879e+00,-6.146919999999999717e+00,1.050270000000000037e+00,4.573120000000000296e+00,1.591320000000000068e+00,-2.724489999999999856e+00,5.150570000000000093e+00,-3.991449999999999942e+00,2.406699999999999839e+00,2.922149999999999803e+00,1.178830000000000044e+00,-2.078019999999999978e+00,-9.647930000000000117e-01,-8.534709999999999797e-01,-7.693609999999999616e+00,-2.028540000000000010e+00,1.863410000000000011e+01,1.093430000000000035e+01,6.407219999999999693e+00,1.692719999999999914e+01,1.583250000000000046e+00,-4.799229999999999663e+00,-2.702659999999999840e+00,0.000000000000000000e+00,0.000000000000000000e+00,0.000000000000000000e+00,0.000000000000000000e+00,0.000000000000000000e+00,0.000000000000000000e+00,0.000000000000000000e+00,0.000000000000000000e+00,0.000000000000000000e+00,0.000000000000000000e+00,0.000000000000000000e+00,0.000000000000000000e+00
8.200000000000000622e-01,-1.495479999999999865e-01,1.091460000000000097e+00,-2.179640000000000022e+00,7.209820000000000118e-02,1.051250000000000018e+00,-2.067820000000000213e+00,-7.552470000000000017e-02,1.127999999999999892e+00,-1.923159999999999981e+00,9.387289999999999524e-02,1.376030000000000086e+00,-1.860209999999999919e+00,-1.061890000000000001e+00,-1.101810000000000045e+01,-3.374740000000000073e+00,-8.371129999999999960e-01,8.305249999999999133e+00,3.538519999999999999e-01,2.391199999999999992e+00,6.429490000000000371e+00,4.405960000000000321e+00,1.259549999999999947e+00,-5.193200000000000038e-01,-1.947200000000000042e+00,-1.236909999999999954e-01,-1.904849999999999932e+00,3.081980000000000164e+00,-5.467159999999999798e+00,4.502369999999999983e+00,2.375489999999999924e+01,4.007600000000000051e+00,-2.399610000000000021e+00,1.559950000000000081e+01,-6.926719999999999544e-01,-2.226449999999999818e+00,-4.314770000000000216e+00,0.000000000000000000e+00,0.000000000000000000e+00,0.000000000000000000e+00,0.000000000000000000e+00,0.000000000000000000e+00,0.000000000000000000e+00,0.000000000000000000e+00,0.000000000000000000e+00,0.000000000000000000e+00,0.000000000000000000e+00,0.000000000000000000e+00,0.000000000000000000e+00
8.399999999999999689e-01,-1.695010000000000128e-01,8.887810000000000432e-01,-2.203720000000000123e+00,5.732269999999999727e-02,1.156560000000000032e+00,-2.060150000000000148e+00,-9.039099999999999913e-02,1.209480000000000111e+00,-1.891850000000000032e+00,1.016539999999999944e-01,1.352659999999999973e+00,-1.914630000000000054e+00,3.836769999999999903e-01,-1.083600000000000030e+01,5.216790000000000038e-01,-1.162660000000000082e-02,5.999310000000000365e+00,1.411359999999999948e+00,9.262500000000000178e-01,6.010939999999999728e+00,1.888560000000000016e+00,2.081160000000000121e+00,-2.984150000000000080e+00,-4.207810000000000272e+00,3.463359999999999772e-01,9.895310000000000494e-01,1.896600000000000064e+00,-6.803029999999999688e+00,1.212180000000000035e+00,2.375489999999999924e+01,5.665070000000000050e+00,-6.926719999999999544e-01,1.318140000000000001e+01,1.979060000000000041e+00,-2.078019999999999978e+00,-3.888030000000000097e+00,0.000000000000000000e+00,0.000000000000000000e+00,0.000000000000000000e+00,0.000000000000000000e+00,0.000000000000000000e+00,0.000000000000000000e+00,0.000000000000000000e+00,0.000000000000000000e+00,0.000000000000000000e+00,0.000000000000000000e+00,0.000000000000000000e+00,0.000000000000000000e+00
8.599999999999999867e-01,-1.496999999999999997e-01,7.358190000000000008e-01,-2.176060000000000105e+00,5.792830000000000201e-02,1.238550000000000040e+00,-2.022650000000000059e+00,-8.427489999999999981e-02,1.275300000000000100e+00,-1.853150000000000075e+00,1.257550000000000057e-01,1.287139999999999951e+00,-2.009419999999999984e+00,2.809750000000000192e+00,-6.700779999999999959e+00,2.385969999999999924e+00,7.751049999999999607e-02,3.953030000000000044e+00,2.297010000000000218e+00,-1.678099999999999925e+00,3.619740000000000180e+00,2.426410000000000178e+00,3.158549999999999969e+00,-3.925910000000000011e+00,-4.802279999999999660e+00,1.261649999999999938e+00,3.685999999999999943e+00,2.797489999999999810e+00,-5.615590000000000082e+00,-7.668869999999999854e-01,2.138419999999999987e+01,3.364409999999999901e+00,-2.968589999999999840e+00,1.142699999999999960e+01,5.244519999999999627e+00,-5.195039999999999658e-01,-2.844900000000000206e-01,0.000000000000000000e+00,0.000000000000000000e+00,0.000000000000000000e+00,0.000000000000000000e+00,0.000000000000000000e+00,0.000000000000000000e+00,0.000000000000000000e+00,0.000000000000000000e+00,0.000000000000000000e+00,0.000000000000000000e+00,0.000000000000000000e+00,0.000000000000000000e+00
8.800000000000000044e-01,-8.381560000000000399e-02,6.527680000000000149e-01,-2.109199999999999964e+00,6.710240000000000649e-02,1.323229999999999906e+00,-1.968439999999999968e+00,-9.341869999999999341e-02,1.354349999999999943e+00,-1.791209999999999969e+00,2.220380000000000131e-01,1.188639999999999919e+00,-2.088779999999999859e+00,3.197309999999999874e+00,-1.592840000000000034e+00,3.643670000000000186e+00,1.058019999999999960e+00,3.914280000000000204e+00,2.984490000000000087e+00,8.254869999999999708e-01,4.181689999999999685e+00,2.857099999999999973e+00,4.650629999999999598e+00,-7.262730000000000352e+00,-3.485949999999999882e+00,-2.646999999999999797e+00,6.283520000000000216e+00,8.534709999999999797e-01,-2.523299999999999876e+00,-4.230249999999999844e+00,1.725910000000000011e+01,3.042809999999999793e+00,-4.304459999999999731e+00,1.223310000000000031e+01,3.463359999999999772e-01,-1.509039999999999937e+00,-7.112260000000000248e-01,0.000000000000000000e+00,0.000000000000000000e+00,0.000000000000000000e+00,0.000000000000000000e+00,0.000000000000000000e+00,0.000000000000000000e+00,0.000000000000000000e+00,0.000000000000000000e+00,0.000000000000000000e+00,0.000000000000000000e+00,0.000000000000000000e+00,0.000000000000000000e+00
9.000000000000000222e-01,-3.915629999999999805e-02,6.872540000000000315e-01,-2.038370000000000015e+00,7.221930000000000016e-02,1.390719999999999956e+00,-1.899010000000000087e+00,-1.035009999999999958e-01,1.422299999999999898e+00,-1.732259999999999911e+00,2.774760000000000004e-01,1.050820000000000087e+00,-2.146030000000000104e+00,1.627720000000000056e+00,6.351980000000000182e+00,3.938880000000000159e+00,1.406819999999999959e+00,2.581100000000000172e+00,1.379010000000000069e+00,-2.050149999999999917e+00,2.201299999999999812e+00,3.860020000000000007e+00,-1.046389999999999959e-01,-8.316869999999999763e+00,-2.343510000000000204e+00,-2.003800000000000026e+00,5.986659999999999648e+00,9.577840000000000131e+00,1.459559999999999969e+00,-7.619390000000000107e+00,-2.370750000000000079e-01,2.820160000000000000e+00,-7.075149999999999828e+00,9.862330000000000041e+00,-1.979060000000000041e+00,-1.731679999999999886e-01,1.991430000000000033e+00,0.000000000000000000e+00,0.000000000000000000e+00,0.000000000000000000e+00,0.000000000000000000e+00,0.000000000000000000e+00,0.000000000000000000e+00,0.000000000000000000e+00,0.000000000000000000e+00,0.000000000000000000e+00,0.000000000000000000e+00,0.000000000000000000e+00,0.000000000000000000e+00
9.200000000000000400e-01,-7.333960000000000479e-02,8.288309999999999844e-01,-2.064449999999999896e+00,9.444299999999999917e-02,1.416639999999999899e+00,-1.918009999999999993e+00,-1.127660000000000051e-01,1.447000000000000064e+00,-1.632030000000000092e+00,2.676660000000000150e-01,9.217779999999999863e-01,-2.158780000000000143e+00,2.945400000000000240e-01,8.169600000000000861e+00,-2.125140000000000029e+00,2.484210000000000029e+00,-1.007640000000000063e-01,-2.567959999999999798e+00,1.899009999999999865e-01,7.285979999999999679e-01,4.066270000000000273e+00,-3.708880000000000177e+00,-8.157980000000000231e+00,1.908779999999999921e+00,2.201709999999999834e+00,4.947659999999999947e+00,1.678490000000000038e+01,-6.926719999999999544e-01,-6.184569999999999901e+00,-9.435589999999999478e+00,1.781160000000000077e+00,-5.096090000000000231e+00,-8.534709999999999797e-01,-1.108280000000000065e+01,-4.205510000000000081e-01,8.676949999999999719e+00,0.000000000000000000e+00,0.000000000000000000e+00,0.000000000000000000e+00,0.000000000000000000e+00,0.000000000000000000e+00,0.000000000000000000e+00,0.000000000000000000e+00,0.000000000000000000e+00,0.000000000000000000e+00,0.000000000000000000e+00,0.000000000000000000e+00,0.000000000000000000e+00
9.400000000000000577e-01,-5.447670000000000290e-02,9.624759999999999982e-01,-2.074879999999999836e+00,1.107630000000000003e-01,1.352449999999999930e+00,-2.030899999999999928e+00,-1.038339999999999957e-01,1.456210000000000004e+00,-1.585830000000000073e+00,1.097690000000000055e-01,8.113559999999999661e-01,-2.060360000000000191e+00,-5.193200000000000038e-01,7.700669999999999682e+00,-8.452009999999999801e-01,-3.022909999999999764e-01,-4.735890000000000377e+00,-7.254979999999999762e+00,6.200839999999999824e-02,6.007059999999999622e-01,-2.062450000000000117e-01,-8.762560000000000571e+00,-4.146810000000000329e+00,7.999080000000000190e+00,3.760219999999999896e+00,3.463360000000000216e+00,1.925049999999999883e+01,-3.265449999999999964e+00,-4.304459999999999731e+00,-2.892319999999999780e+00,-4.205510000000000081e-01,-5.417679999999999829e+00,-1.156930000000000014e+01,-3.215979999999999950e-01,5.640329999999999622e+00,6.780350000000000321e+00,0.000000000000000000e+00,0.000000000000000000e+00,0.000000000000000000e+00,0.000000000000000000e+00,0.000000000000000000e+00,0.000000000000000000e+00,0.000000000000000000e+00,0.000000000000000000e+00,0.000000000000000000e+00,0.000000000000000000e+00,0.000000000000000000e+00,0.000000000000000000e+00
9.599999999999999645e-01,-3.515959999999999919e-02,1.092090000000000005e+00,-2.071210000000000218e+00,8.411839999999999595e-02,1.240390000000000104e+00,-2.173059999999999992e+00,-1.200930000000000053e-01,1.459629999999999983e+00,-1.662060000000000093e+00,3.228840000000000182e-02,8.411189999999999500e-01,-1.967349999999999932e+00,6.937189999999999745e-01,6.906179999999999986e+00,1.411359999999999948e+00,-2.166420000000000012e+00,-8.491270000000000095e+00,-6.909220000000000361e+00,-3.968539999999999957e+00,-6.084570000000000256e-01,-7.635119999999999685e+00,4.154560000000000031e+00,1.198700000000000010e+01,-3.876199999999999868e+00,5.961929999999999730e+00,6.926719999999999544e-01,2.091000000000000014e+01,4.947660000000000252e-02,-2.226449999999999818e+00,8.534709999999999797e-01,-3.760219999999999896e+00,-6.085619999999999585e+00,-1.095289999999999964e+01,-9.276859999999999218e+00,2.523299999999999876e+00,2.237989999999999924e+01,0.000000000000000000e+00,0.000000000000000000e+00,0.000000000000000000e+00,0.000000000000000000e+00,0.000000000000000000e+00,0.000000000000000000e+00,0.000000000000000000e+00,0.000000000000000000e+00,0.000000000000000000e+00,0.000000000000000000e+00,0.000000000000000000e+00,0.000000000000000000e+00
9.799999999999999822e-01,-4.521180000000000337e-02,1.192770000000000108e+00,-2.054289999999999949e+00,1.765919999999999990e-02,1.060210000000000097e+00,-2.272450000000000081e+00,-1.947579999999999867e-01,1.400560000000000027e+00,-1.859609999999999985e+00,4.694279999999999980e-02,1.002350000000000074e+00,-1.991120000000000001e+00,-2.286559999999999981e-01,4.790149999999999686e+00,1.275889999999999969e+00,-1.290550000000000086e+00,-1.071189999999999998e+01,-2.464830000000000076e+00,-5.131190000000000140e+00,-6.367490000000000094e+00,-1.106850000000000023e+01,-1.662600000000000078e+00,7.801429999999999865e+00,3.251399999999999846e+00,7.916249999999999787e+00,-1.039009999999999989e+00,2.176350000000000051e+01,4.675539999999999807e+00,-2.721210000000000018e-01,3.888030000000000097e+00,-5.689800000000000413e-01,-4.007600000000000051e+00,-3.698370000000000157e+00,-7.520439999999999792e+00,2.152229999999999865e+00,1.782809999999999917e+01,0.000000000000000000e+00,0.000000000000000000e+00,0.000000000000000000e+00,0.000000000000000000e+00,0.000000000000000000e+00,0.000000000000000000e+00,0.000000000000000000e+00,0.000000000000000000e+00,0.000000000000000000e+00,0.000000000000000000e+00,0.000000000000000000e+00,0.000000000000000000e+00
1.000000000000000000e+00,-5.160030000000000172e-02,1.276329999999999965e+00,-2.004960000000000075e+00,2.335140000000000132e-02,8.654070000000000373e-01,-2.268580000000000041e+00,-2.609750000000000125e-01,1.248739999999999961e+00,-2.090580000000000105e+00,5.399740000000000095e-02,1.105869999999999909e+00,-1.973370000000000068e+00,-1.108400000000000052e+00,2.588849999999999874e+00,1.866319999999999979e+00,-2.984149999999999858e-01,-9.762439999999999785e+00,2.509320000000000217e+00,-1.623839999999999950e+00,-9.460150000000000503e+00,-9.440780000000000172e+00,-1.034759999999999902e+00,6.917810000000000237e+00,-1.900689999999999880e-01,5.219780000000000086e+00,-4.180769999999999875e+00,1.797030000000000172e+01,-5.442420000000000035e-01,1.706939999999999902e+00,4.694090000000000096e+00,4.700269999999999726e-01,-2.721210000000000018e-01,5.405310000000000059e+00,-8.386279999999999291e+00,2.498569999999999958e+00,1.574179999999999957e+01,0.000000000000000000e+00,0.000000000000000000e+00,0.000000000000000000e+00,0.000000000000000000e+00,0.000000000000000000e+00,0.000000000000000000e+00,0.000000000000000000e+00,0.000000000000000000e+00,0.000000000000000000e+00,0.000000000000000000e+00,0.000000000000000000e+00,0.000000000000000000e+00
1.020000000000000018e+00,-5.838249999999999690e-02,1.349849999999999994e+00,-1.959670000000000023e+00,1.684170000000000111e-02,7.203169999999999851e-01,-2.193020000000000191e+00,-2.883450000000000180e-01,1.070200000000000040e+00,-2.213649999999999896e+00,4.312780000000000086e-02,1.205540000000000056e+00,-1.956260000000000110e+00,-1.736229999999999940e+00,2.856259999999999799e+00,1.797569999999999890e+00,6.433370000000000477e-01,-4.956789999999999807e+00,5.477630000000000443e+00,-5.464489999999999625e-01,-1.015770000000000017e+01,-3.872149999999999981e+00,6.394609999999999461e-01,4.999430000000000263e+00,2.701410000000000089e+00,1.261649999999999938e+00,-7.421479999999999855e+00,8.392459999999999809e+00,2.127489999999999881e+00,5.615590000000000082e+00,4.077689999999999593e+00,1.459559999999999969e+00,8.658400000000000540e-01,6.306199999999999584e+00,-5.516639999999999766e+00,1.830629999999999979e+00,1.455640000000000001e+01,0.000000000000000000e+00,0.000000000000000000e+00,0.000000000000000000e+00,0.000000000000000000e+00,0.000000000000000000e+00,0.000000000000000000e+00,0.000000000000000000e+00,0.000000000000000000e+00,0.000000000000000000e+00,0.000000000000000000e+00,0.000000000000000000e+00,0.000000000000000000e+00
1.040000000000000036e+00,-6.791990000000000527e-02,1.408009999999999984e+00,-1.912139999999999951e+00,1.163400000000000024e-02,6.828030000000000488e-01,-2.054180000000000117e+00,-2.618530000000000024e-01,9.237459999999999560e-01,-2.209820000000000118e+00,4.882000000000000228e-02,1.272569999999999979e+00,-1.906639999999999890e+00,-1.550209999999999921e-01,2.740000000000000213e+00,1.346659999999999968e+00,2.209049999999999903e-01,8.409889999999999866e-01,8.201280000000000570e+00,4.592500000000000249e+00,-5.324970000000000425e+00,4.074360000000000426e+00,3.642989999999999839e-01,3.100420000000000176e+00,8.896849999999999481e-01,-8.905779999999999808e-01,-8.361539999999999750e+00,-8.676949999999999719e+00,2.968589999999999840e+00,7.693609999999999616e+00,3.271640000000000104e+00,5.764020000000000366e+00,8.163629999999999498e+00,1.365549999999999997e+01,-2.152229999999999865e+00,1.236909999999999954e-01,7.491579999999999906e+00,0.000000000000000000e+00,0.000000000000000000e+00,0.000000000000000000e+00,0.000000000000000000e+00,0.000000000000000000e+00,0.000000000000000000e+00,0.000000000000000000e+00,0.000000000000000000e+00,0.000000000000000000e+00,0.000000000000000000e+00,0.000000000000000000e+00,0.000000000000000000e+00
1.060000000000000053e+00,-7.757849999999999469e-02,1.436379999999999990e+00,-1.971060000000000034e+00,4.966249999999999831e-02,7.770569999999999977e-01,-1.994410000000000016e+00,-1.331730000000000136e-01,9.150260000000000060e-01,-2.034800000000000164e+00,5.066690000000000083e-02,1.334980000000000055e+00,-1.878659999999999997e+00,-1.774990000000000068e+00,-3.007410000000000139e+00,-5.386639999999999873e+00,1.464949999999999974e+00,8.510650000000000048e+00,-5.111650000000000027e+00,6.685279999999999667e+00,3.910400000000000098e+00,1.226750000000000007e+01,4.611870000000000136e-01,1.530829999999999913e+00,1.469999999999999973e+00,-6.431949999999999612e-01,-1.011800000000000033e+01,-4.077689999999999593e+00,-3.191240000000000077e+00,3.117020000000000124e+00,1.009939999999999927e+01,3.636530000000000040e+00,7.916249999999999787e+00,9.245929999999999538e+00,1.731679999999999886e-01,-6.085619999999999585e+00,-3.319050000000000056e-01,0.000000000000000000e+00,0.000000000000000000e+00,0.000000000000000000e+00,0.000000000000000000e+00,0.000000000000000000e+00,0.000000000000000000e+00,0.000000000000000000e+00,0.000000000000000000e+00,0.000000000000000000e+00,0.000000000000000000e+00,0.000000000000000000e+00,0.000000000000000000e+00
1.080000000000000071e+00,-1.190890000000000004e-01,1.297320000000000029e+00,-2.082489999999999952e+00,2.643970000000000001e-02,9.196029999999999482e-01,-2.057230000000000114e+00,-1.213650000000000007e-01,1.009819999999999940e+00,-1.992560000000000109e+00,7.924889999999999712e-02,1.375340000000000007e+00,-1.855650000000000022e+00,-9.417520000000000335e-01,-9.611299999999999955e+00,-5.920449999999999768e+00,3.991790000000000060e-01,6.983690000000000175e+00,1.522580000000000044e+00,9.107480000000000020e-01,6.289979999999999905e+00,-2.203990000000000116e+00,3.422089999999999854e+00,-2.635359999999999925e-01,2.830819999999999864e-02,-2.671730000000000160e+00,-5.937189999999999968e-01,-9.008859999999999646e-01,-7.817300000000000360e+00,-2.325400000000000134e+00,1.858670000000000044e+01,9.400550000000000850e+00,4.329200000000000159e+00,1.773320000000000007e+01,1.039009999999999989e+00,-3.661270000000000024e+00,-3.319049999999999834e+00,0.000000000000000000e+00,0.000000000000000000e+00,0.000000000000000000e+00,0.000000000000000000e+00,0.000000000000000000e+00,0.000000000000000000e+00,0.000000000000000000e+00,0.000000000000000000e+00,0.000000000000000000e+00,0.000000000000000000e+00,0.000000000000000000e+00,0.000000000000000000e+00
1.100000000000000089e+00,-1.518190000000000095e-01,1.101450000000000040e+00,-2.186420000000000030e+00,6.922180000000000000e-02,1.036499999999999977e+00,-2.051169999999999938e+00,-8.042960000000000387e-02,1.143739999999999979e+00,-1.922369999999999912e+00,1.196689999999999976e-01,1.335069999999999979e+00,-1.878870000000000040e+00,-1.410690000000000000e+00,-1.124680000000000035e+01,-3.443490000000000162e+00,-5.735780000000000323e-01,1.007249999999999979e+01,3.942919999999999758e-01,-5.154450000000000420e-01,5.472240000000000215e+00,4.132990000000000386e+00,2.030769999999999964e+00,-2.569469999999999921e+00,-2.529539999999999900e+00,4.700269999999999726e-01,-8.905779999999999808e-01,4.030280000000000307e+00,-6.901980000000000004e+00,2.968589999999999840e+00,2.271180000000000021e+01,4.180769999999999875e+00,-1.929589999999999916e+00,1.597889999999999944e+01,7.421480000000000299e-01,-3.215979999999999950e-01,-4.504430000000000156e+00,0.000000000000000000e+00,0.000000000000000000e+00,0.000000000000000000e+00,0.000000000000000000e+00,0.000000000000000000e+00,0.000000000000000000e+00,0.000000000000000000e+00,0.000000000000000000e+00,0.000000000000000000e+00,0.000000000000000000e+00,0.000000000000000000e+00,0.000000000000000000e+00
1.120000000000000107e+00,-1.707120000000000026e-01,9.060089999999999533e-01,-2.204649999999999999e+00,5.135809999999999681e-02,1.150470000000000104e+00,-2.046570000000000000e+00,-9.526560000000000583e-02,1.214990000000000014e+00,-1.885569999999999968e+00,1.354440000000000088e-01,1.283930000000000016e+00,-1.953640000000000043e+00,8.254869999999999708e-01,-1.036320000000000086e+01,6.915280000000000316e-01,-5.464489999999999625e-01,6.789920000000000400e+00,7.906069999999999487e-01,2.685740000000000016e+00,6.588390000000000413e+00,2.584130000000000038e+00,7.518519999999999648e-01,-4.890909999999999869e+00,-4.820479999999999876e+00,7.668869999999999854e-01,-4.947660000000000252e-02,1.469870000000000010e+00,-8.138899999999999579e+00,1.632730000000000015e+00,2.332819999999999894e+01,5.862969999999999793e+00,0.000000000000000000e+00,1.427190000000000047e+01,1.360610000000000097e+00,-1.261649999999999938e+00,-2.465580000000000105e+00,0.000000000000000000e+00,0.000000000000000000e+00,0.000000000000000000e+00,0.000000000000000000e+00,0.000000000000000000e+00,0.000000000000000000e+00,0.000000000000000000e+00,0.000000000000000000e+00,0.000000000000000000e+00,0.000000000000000000e+00,0.000000000000000000e+00,0.000000000000000000e+00
1.140000000000000124e+00,-1.424330000000000040e-01,7.431159999999999988e-01,-2.178809999999999913e+00,5.063140000000000002e-02,1.240790000000000060e+00,-2.004799999999999915e+00,-8.917990000000000639e-02,1.290229999999999988e+00,-1.844039999999999901e+00,1.583940000000000070e-01,1.207389999999999963e+00,-2.047719999999999985e+00,3.422089999999999854e+00,-6.351980000000000182e+00,2.476970000000000116e+00,4.999430000000000263e-01,3.096540000000000070e+00,2.909679999999999822e+00,-1.689729999999999954e+00,3.325200000000000156e+00,2.903610000000000024e+00,3.057789999999999786e+00,-4.325079999999999814e+00,-4.294749999999999623e+00,5.937189999999999968e-01,3.859170000000000211e+00,2.987150000000000194e+00,-5.640329999999999622e+00,-1.484299999999999953e+00,2.062549999999999883e+01,4.081819999999999560e+00,-2.943859999999999921e+00,1.104770000000000074e+01,4.749749999999999694e+00,-2.473830000000000126e-02,6.163960000000000550e-01,0.000000000000000000e+00,0.000000000000000000e+00,0.000000000000000000e+00,0.000000000000000000e+00,0.000000000000000000e+00,0.000000000000000000e+00,0.000000000000000000e+00,0.000000000000000000e+00,0.000000000000000000e+00,0.000000000000000000e+00,0.000000000000000000e+00,0.000000000000000000e+00
1.159999999999999920e+00,-8.321009999999999518e-02,6.675729999999999720e-01,-2.116830000000000211e+00,6.246990000000000182e-02,1.327110000000000012e+00,-1.943759999999999932e+00,-1.010179999999999967e-01,1.360950000000000104e+00,-1.773190000000000044e+00,2.327559999999999907e-01,1.105290000000000106e+00,-2.110040000000000138e+00,2.770999999999999908e+00,-1.271169999999999911e+00,3.898439999999999905e+00,7.363499999999999490e-01,3.732130000000000170e+00,2.420350000000000001e+00,2.092779999999999918e-01,4.247569999999999624e+00,3.348450000000000149e+00,3.015159999999999840e+00,-7.596029999999999838e+00,-2.681189999999999962e+00,-3.141760000000000108e+00,6.456690000000000040e+00,1.137960000000000083e+00,-1.880109999999999948e+00,-4.477630000000000443e+00,1.503059999999999974e+01,3.364409999999999901e+00,-4.180769999999999875e+00,1.218570000000000064e+01,0.000000000000000000e+00,-2.498569999999999958e+00,-3.319050000000000056e-01,0.000000000000000000e+00,0.000000000000000000e+00,0.000000000000000000e+00,0.000000000000000000e+00,0.000000000000000000e+00,0.000000000000000000e+00,0.000000000000000000e+00,0.000000000000000000e+00,0.000000000000000000e+00,0.000000000000000000e+00,0.000000000000000000e+00,0.000000000000000000e+00
1.179999999999999938e+00,-4.297129999999999700e-02,7.006970000000000143e-01,-2.034689999999999888e+00,6.050189999999999735e-02,1.394689999999999985e+00,-1.889860000000000095e+00,-1.157939999999999942e-01,1.420630000000000059e+00,-1.704660000000000064e+00,2.612470000000000070e-01,9.627740000000000187e-01,-2.150450000000000195e+00,1.278920000000000057e+00,4.286330000000000418e+00,5.206680000000000419e+00,1.247919999999999918e+00,3.046159999999999979e+00,4.650630000000000042e-01,-2.344689999999999941e+00,1.864130000000000065e+00,4.541439999999999699e+00,-1.383559999999999901e+00,-9.184990000000000876e+00,-1.126260000000000039e+00,-1.904849999999999932e+00,6.580379999999999896e+00,4.883750000000000036e+00,1.509039999999999937e+00,-7.347269999999999968e+00,-3.603540000000000187e+00,2.523299999999999876e+00,-6.654600000000000293e+00,8.819200000000000372e+00,-4.626059999999999839e+00,-3.710740000000000149e-01,2.228509999999999991e+00,0.000000000000000000e+00,0.000000000000000000e+00,0.000000000000000000e+00,0.000000000000000000e+00,0.000000000000000000e+00,0.000000000000000000e+00,0.000000000000000000e+00,0.000000000000000000e+00,0.000000000000000000e+00,0.000000000000000000e+00,0.000000000000000000e+00,0.000000000000000000e+00
1.199999999999999956e+00,-7.149270000000000624e-02,8.408210000000000406e-01,-2.061910000000000132e+00,7.830510000000000248e-02,1.418549999999999978e+00,-1.927619999999999889e+00,-1.274810000000000110e-01,1.437559999999999949e+00,-1.598009999999999931e+00,2.143170000000000075e-01,8.160190000000000499e-01,-2.136550000000000171e+00,2.205169999999999852e+00,8.262620000000000076e+00,-3.202869999999999884e+00,8.758679999999999799e-01,-8.371129999999999960e-01,-3.934839999999999893e+00,1.976519999999999944e-01,3.681749999999999745e-01,3.467750000000000110e+00,-4.201069999999999638e+00,-6.224090000000000344e+00,2.855080000000000062e+00,3.587050000000000072e+00,5.120820000000000149e+00,1.460379999999999967e+01,-1.039009999999999989e+00,-5.838230000000000253e+00,-7.112260000000000026e+00,8.658400000000000540e-01,-4.799229999999999663e+00,-4.457010000000000360e+00,-5.788759999999999906e+00,3.438619999999999788e+00,8.013139999999999930e+00,0.000000000000000000e+00,0.000000000000000000e+00,0.000000000000000000e+00,0.000000000000000000e+00,0.000000000000000000e+00,0.000000000000000000e+00,0.000000000000000000e+00,0.000000000000000000e+00,0.000000000000000000e+00,0.000000000000000000e+00,0.000000000000000000e+00,0.000000000000000000e+00
1.219999999999999973e+00,-3.624959999999999988e-02,9.761619999999999742e-01,-2.077280000000000015e+00,9.625970000000000359e-02,1.353660000000000085e+00,-2.048099999999999810e+00,-1.212740000000000068e-01,1.444099999999999939e+00,-1.578619999999999912e+00,9.753649999999999820e-02,7.503769999999999607e-01,-2.028360000000000163e+00,-3.875519999999999920e-03,6.328730000000000189e+00,3.053239999999999843e-01,8.138600000000000001e-02,-5.243579999999999686e+00,-7.746330000000000382e+00,-7.014700000000000379e-01,-8.719930000000000181e-01,-2.873279999999999834e+00,-8.130850000000000577e+00,-8.797439999999999705e-01,8.915050000000000807e+00,3.883910000000000196e+00,2.399610000000000021e+00,1.925049999999999883e+01,-2.968589999999999840e+00,-5.046610000000000262e+00,-2.797489999999999810e+00,-1.311129999999999907e+00,-4.279720000000000191e+00,-1.384520000000000017e+01,-3.982860000000000067e+00,6.827770000000000117e+00,9.957160000000000011e+00,0.000000000000000000e+00,0.000000000000000000e+00,0.000000000000000000e+00,0.000000000000000000e+00,0.000000000000000000e+00,0.000000000000000000e+00,0.000000000000000000e+00,0.000000000000000000e+00,0.000000000000000000e+00,0.000000000000000000e+00,0.000000000000000000e+00,0.000000000000000000e+00
1.239999999999999991e+00,-4.533290000000000236e-02,1.114800000000000013e+00,-2.069620000000000015e+00,6.119829999999999715e-02,1.210029999999999939e+00,-2.205220000000000180e+00,-1.651160000000000128e-01,1.426809999999999912e+00,-1.725200000000000067e+00,5.717660000000000103e-02,8.378790000000000404e-01,-1.969119999999999981e+00,1.112279999999999935e+00,8.157980000000000231e+00,1.071669999999999900e+00,-2.976399999999999935e+00,-9.700440000000000396e+00,-6.423930000000000362e+00,-4.476230000000000153e+00,-1.813749999999999973e+00,-9.594450000000000145e+00,3.964659999999999851e+00,1.089799999999999969e+01,-5.985159999999999592e+00,7.965729999999999755e+00,6.926719999999999544e-01,2.242729999999999890e+01,1.979060000000000041e+00,-2.721210000000000018e-01,2.038850000000000051e+00,-3.265449999999999964e+00,-3.883910000000000196e+00,-6.970010000000000261e+00,-7.495700000000000252e+00,3.117020000000000124e+00,2.171610000000000085e+01,0.000000000000000000e+00,0.000000000000000000e+00,0.000000000000000000e+00,0.000000000000000000e+00,0.000000000000000000e+00,0.000000000000000000e+00,0.000000000000000000e+00,0.000000000000000000e+00,0.000000000000000000e+00,0.000000000000000000e+00,0.000000000000000000e+00,0.000000000000000000e+00
1.260000000000000009e+00,-5.196370000000000156e-02,1.220529999999999893e+00,-2.058240000000000069e+00,1.254229999999999928e-02,1.027879999999999905e+00,-2.286150000000000126e+00,-2.266700000000000104e-01,1.350479999999999903e+00,-1.937810000000000032e+00,8.052049999999999486e-02,9.962910000000000377e-01,-1.967049999999999965e+00,-8.177360000000000184e-01,4.879279999999999617e+00,1.985619999999999941e+00,-3.526730000000000143e-01,-1.171959999999999980e+01,-1.977530000000000010e+00,-3.619740000000000180e+00,-6.607770000000000366e+00,-1.185710000000000086e+01,1.588960000000000095e-01,7.030199999999999783e+00,3.736679999999999779e+00,4.947659999999999947e+00,-1.212180000000000035e+00,2.271180000000000021e+01,1.904849999999999932e+00,-1.063749999999999973e+00,3.698370000000000157e+00,9.400549999999999740e-01,-9.895310000000000494e-01,-8.060559999999999947e-01,-5.665070000000000050e+00,-1.311129999999999907e+00,1.820739999999999981e+01,0.000000000000000000e+00,0.000000000000000000e+00,0.000000000000000000e+00,0.000000000000000000e+00,0.000000000000000000e+00,0.000000000000000000e+00,0.000000000000000000e+00,0.000000000000000000e+00,0.000000000000000000e+00,0.000000000000000000e+00,0.000000000000000000e+00,0.000000000000000000e+00
1.280000000000000027e+00,-6.573990000000000389e-02,1.299979999999999913e+00,-2.002310000000000034e+00,1.033199999999999917e-02,8.276810000000000000e-01,-2.274770000000000181e+00,-2.549489999999999812e-01,1.219980000000000064e+00,-2.146170000000000133e+00,9.129940000000000278e-02,1.095869999999999900e+00,-1.952849999999999975e+00,4.146810000000000218e-01,2.964780000000000193e+00,1.241519999999999957e+00,-6.859680000000000222e-01,-1.065770000000000017e+01,2.780269999999999797e+00,-5.503240000000000354e-01,-9.541539999999999466e+00,-8.001099999999999213e+00,-2.054030000000000022e+00,9.161739999999999995e+00,-2.628619999999999915e-02,5.665070000000000050e+00,-4.848700000000000010e+00,1.920309999999999917e+01,1.236909999999999954e-01,3.537570000000000103e+00,4.409600000000000186e+00,-1.979060000000000041e+00,-4.700269999999999726e-01,6.116539999999999644e+00,-7.273060000000000080e+00,1.805889999999999995e+00,1.517280000000000051e+01,0.000000000000000000e+00,0.000000000000000000e+00,0.000000000000000000e+00,0.000000000000000000e+00,0.000000000000000000e+00,0.000000000000000000e+00,0.000000000000000000e+00,0.000000000000000000e+00,0.000000000000000000e+00,0.000000000000000000e+00,0.000000000000000000e+00,0.000000000000000000e+00
1.300000000000000044e+00,-5.929079999999999767e-02,1.377790000000000070e+00,-1.969340000000000090e+00,-8.288649999999999837e-03,6.956710000000000393e-01,-2.193639999999999812e+00,-2.800190000000000179e-01,1.062449999999999894e+00,-2.237600000000000033e+00,7.997550000000000492e-02,1.193310000000000093e+00,-1.937650000000000095e+00,-1.782739999999999991e+00,2.480339999999999989e+00,1.722750000000000004e+00,-4.728140000000000120e-01,-3.662370000000000125e+00,6.686799999999999855e+00,-9.921339999999999604e-01,-9.053219999999999601e+00,-1.649960000000000093e+00,3.875520000000000076e-01,5.251339999999999897e+00,2.383950000000000014e+00,2.201709999999999834e+00,-9.920049999999999812e+00,5.594969999999999999e+00,4.527110000000000412e+00,7.842039999999999900e+00,5.452729999999999855e+00,1.261649999999999938e+00,1.484300000000000064e-01,6.258790000000000298e+00,-8.163629999999999498e+00,2.548039999999999861e+00,1.341849999999999987e+01,0.000000000000000000e+00,0.000000000000000000e+00,0.000000000000000000e+00,0.000000000000000000e+00,0.000000000000000000e+00,0.000000000000000000e+00,0.000000000000000000e+00,0.000000000000000000e+00,0.000000000000000000e+00,0.000000000000000000e+00,0.000000000000000000e+00,0.000000000000000000e+00
1.320000000000000062e+00,-7.221930000000000016e-02,1.434350000000000014e+00,-1.924919999999999964e+00,3.580120000000000004e-03,6.915229999999999988e-01,-2.035149999999999793e+00,-2.628519999999999746e-01,9.239880000000000315e-01,-2.200909999999999922e+00,9.378209999999999325e-02,1.268550000000000066e+00,-1.892439999999999900e+00,-9.068730000000000402e-01,2.658609999999999918e+00,1.455850000000000088e+00,1.402940000000000076e+00,3.891030000000000211e+00,8.017279999999999518e+00,5.053679999999999950e+00,-4.270830000000000126e+00,5.633329999999999949e+00,2.414449999999999985e+00,2.569469999999999921e+00,7.178139999999999521e-01,-1.360610000000000097e+00,-8.856310000000000571e+00,-9.103690000000000282e+00,1.731680000000000108e+00,6.308259999999999756e+00,5.642389999999999795e+00,7.000930000000000319e+00,1.061270000000000024e+01,1.455640000000000001e+01,-2.399610000000000021e+00,-2.473830000000000126e-02,4.504430000000000156e+00,0.000000000000000000e+00,0.000000000000000000e+00,0.000000000000000000e+00,0.000000000000000000e+00,0.000000000000000000e+00,0.000000000000000000e+00,0.000000000000000000e+00,0.000000000000000000e+00,0.000000000000000000e+00,0.000000000000000000e+00,0.000000000000000000e+00,0.000000000000000000e+00
1.340000000000000080e+00,-9.589640000000000664e-02,1.456329999999999902e+00,-1.976259999999999906e+00,4.990479999999999916e-02,8.364920000000000133e-01,-2.081500000000000128e+00,-1.411660000000000137e-01,9.466959999999999820e-01,-2.001930000000000209e+00,1.002009999999999984e-01,1.323979999999999935e+00,-1.868700000000000028e+00,-2.755500000000000060e+00,-3.007410000000000139e+00,-5.117709999999999759e+00,-3.573230000000000128e+00,8.735429999999999140e+00,-3.722519999999999829e+00,7.661909999999999776e+00,4.910289999999999822e+00,1.419860000000000078e+01,-2.906639999999999779e-01,1.895129999999999981e+00,9.463019999999999765e-01,-1.212180000000000035e+00,-9.078950000000000742e+00,-4.314770000000000216e+00,-1.904849999999999932e+00,3.191240000000000077e+00,1.294430000000000014e+01,4.898179999999999978e+00,6.382480000000000153e+00,7.207089999999999996e+00,0.000000000000000000e+00,-5.566110000000000113e+00,-2.655240000000000045e+00,0.000000000000000000e+00,0.000000000000000000e+00,0.000000000000000000e+00,0.000000000000000000e+00,0.000000000000000000e+00,0.000000000000000000e+00,0.000000000000000000e+00,0.000000000000000000e+00,0.000000000000000000e+00,0.000000000000000000e+00,0.000000000000000000e+00,0.000000000000000000e+00
1.360000000000000098e+00,-1.425240000000000118e-01,1.292470000000000008e+00,-2.083089999999999886e+00,4.799729999999999969e-02,9.742849999999999566e-01,-2.089160000000000128e+00,-1.369579999999999964e-01,1.044310000000000072e+00,-1.990439999999999987e+00,1.151279999999999942e-01,1.367040000000000033e+00,-1.867229999999999945e+00,-1.426190000000000069e+00,-1.114209999999999923e+01,-5.059070000000000178e+00,3.065539999999999932e+00,5.328850000000000087e+00,4.953929999999999723e-01,1.864130000000000065e+00,6.832550000000000345e+00,-1.463940000000000019e+00,6.510880000000000001e-01,2.906639999999999779e-01,-8.937289999999999957e-01,-4.205510000000000081e-01,-2.919119999999999937e+00,6.638110000000000399e-01,-9.697409999999999641e+00,4.700269999999999726e-01,2.081520000000000081e+01,9.276859999999999218e+00,2.350140000000000118e+00,1.559950000000000081e+01,8.658400000000000540e-01,-4.180769999999999875e+00,-2.133680000000000021e+00,0.000000000000000000e+00,0.000000000000000000e+00,0.000000000000000000e+00,0.000000000000000000e+00,0.000000000000000000e+00,0.000000000000000000e+00,0.000000000000000000e+00,0.000000000000000000e+00,0.000000000000000000e+00,0.000000000000000000e+00,0.000000000000000000e+00,0.000000000000000000e+00
1.380000000000000115e+00,-1.802499999999999936e-01,1.084370000000000056e+00,-2.156169999999999920e+00,6.477099999999999524e-02,1.102000000000000091e+00,-2.085049999999999848e+00,-8.394179999999999697e-02,1.185070000000000068e+00,-1.900889999999999969e+00,1.272989999999999955e-01,1.337760000000000060e+00,-1.893240000000000034e+00,-1.693599999999999994e+00,-1.102200000000000024e+01,-2.402149999999999785e+00,-1.147159999999999958e+00,7.534019999999999939e+00,5.964939999999999687e-01,2.631479999999999819e+00,6.216339999999999755e+00,5.038859999999999673e+00,5.774529999999999941e-01,7.285979999999999679e-01,-1.413389999999999924e+00,2.473830000000000126e-02,2.127489999999999881e+00,2.038850000000000051e+00,-8.905780000000000030e+00,7.421479999999999744e-02,2.531960000000000122e+01,5.120820000000000149e+00,-4.428149999999999586e+00,1.204340000000000011e+01,2.968589999999999840e+00,-1.979060000000000041e+00,-5.215650000000000119e+00,0.000000000000000000e+00,0.000000000000000000e+00,0.000000000000000000e+00,0.000000000000000000e+00,0.000000000000000000e+00,0.000000000000000000e+00,0.000000000000000000e+00,0.000000000000000000e+00,0.000000000000000000e+00,0.000000000000000000e+00,0.000000000000000000e+00,0.000000000000000000e+00
1.400000000000000133e+00,-1.866680000000000006e-01,9.006499999999999506e-01,-2.171320000000000139e+00,5.859439999999999787e-02,1.206569999999999920e+00,-2.063719999999999999e+00,-9.938339999999999674e-02,1.257130000000000081e+00,-1.865310000000000024e+00,1.531559999999999866e-01,1.322410000000000085e+00,-1.951030000000000042e+00,1.073520000000000030e+00,-9.987220000000000653e+00,2.406189999999999996e-01,-2.015270000000000117e-01,5.894669999999999632e+00,2.513360000000000039e+00,2.759370000000000100e+00,5.797780000000000378e+00,3.103790000000000049e+00,1.054140000000000077e+00,-3.685620000000000118e+00,-4.017739999999999867e+00,1.484300000000000064e-01,7.421479999999999744e-02,2.844900000000000206e-01,-8.064679999999999183e+00,-6.679340000000000277e-01,2.375489999999999924e+01,6.283520000000000216e+00,-1.360610000000000097e+00,1.161669999999999980e+01,1.805889999999999995e+00,-2.424350000000000005e+00,-3.603540000000000187e+00,0.000000000000000000e+00,0.000000000000000000e+00,0.000000000000000000e+00,0.000000000000000000e+00,0.000000000000000000e+00,0.000000000000000000e+00,0.000000000000000000e+00,0.000000000000000000e+00,0.000000000000000000e+00,0.000000000000000000e+00,0.000000000000000000e+00,0.000000000000000000e+00
1.419999999999999929e+00,-1.686229999999999951e-01,7.552269999999999817e-01,-2.166519999999999779e+00,5.714110000000000023e-02,1.294890000000000096e+00,-2.004719999999999835e+00,-1.056809999999999972e-01,1.333369999999999944e+00,-1.804130000000000011e+00,1.887929999999999886e-01,1.249740000000000073e+00,-2.036630000000000162e+00,3.542229999999999990e+00,-5.379229999999999734e+00,1.265779999999999905e+00,2.790380000000000082e-01,4.084800000000000431e+00,3.047169999999999934e+00,-3.356199999999999850e+00,2.933769999999999989e+00,3.461689999999999934e+00,3.115920000000000023e+00,-4.933539999999999814e+00,-4.244200000000000195e+00,1.459559999999999969e+00,3.117020000000000124e+00,3.840619999999999923e+00,-4.898179999999999978e+00,-3.463360000000000216e+00,2.043590000000000018e+01,3.364409999999999901e+00,-4.106550000000000367e+00,9.388180000000000192e+00,3.562310000000000088e+00,-6.926719999999999544e-01,6.638110000000000399e-01,0.000000000000000000e+00,0.000000000000000000e+00,0.000000000000000000e+00,0.000000000000000000e+00,0.000000000000000000e+00,0.000000000000000000e+00,0.000000000000000000e+00,0.000000000000000000e+00,0.000000000000000000e+00,0.000000000000000000e+00,0.000000000000000000e+00,0.000000000000000000e+00
1.439999999999999947e+00,-1.048889999999999961e-01,6.901909999999999989e-01,-2.115330000000000155e+00,6.035050000000000137e-02,1.369739999999999958e+00,-1.939659999999999940e+00,-1.234539999999999943e-01,1.394709999999999894e+00,-1.723740000000000050e+00,2.547369999999999912e-01,1.150709999999999900e+00,-2.099470000000000169e+00,2.891140000000000043e+00,-1.449449999999999905e+00,3.781159999999999854e+00,1.720730000000000093e+00,2.891140000000000043e+00,3.433380000000000098e+00,4.611870000000000136e-01,3.313569999999999904e+00,4.298799999999999955e+00,2.476459999999999884e+00,-7.553399999999999892e+00,-2.549760000000000026e+00,-1.509039999999999937e+00,6.357739999999999725e+00,3.508710000000000218e+00,1.484300000000000064e-01,-5.986659999999999648e+00,1.337100000000000044e+01,2.226449999999999818e+00,-5.541380000000000194e+00,9.245929999999999538e+00,-1.484300000000000064e-01,-2.350140000000000118e+00,-2.844900000000000206e-01,0.000000000000000000e+00,0.000000000000000000e+00,0.000000000000000000e+00,0.000000000000000000e+00,0.000000000000000000e+00,0.000000000000000000e+00,0.000000000000000000e+00,0.000000000000000000e+00,0.000000000000000000e+00,0.000000000000000000e+00,0.000000000000000000e+00,0.000000000000000000e+00
1.459999999999999964e+00,-5.141869999999999774e-02,7.294000000000000483e-01,-2.023820000000000174e+00,6.855569999999999720e-02,1.420029999999999903e+00,-1.863879999999999981e+00,-1.325070000000000137e-01,1.433499999999999996e+00,-1.635580000000000034e+00,2.785050000000000026e-01,1.003980000000000095e+00,-2.138129999999999864e+00,1.461070000000000091e+00,7.537889999999999979e+00,1.565039999999999987e+00,-8.913699999999999402e-02,2.197420000000000151e+00,7.441010000000000124e-01,-1.236289999999999889e+00,9.029970000000000496e-01,5.507959999999999745e+00,-9.805080000000000462e-01,-7.251100000000000101e+00,-1.215230000000000032e+00,-1.113220000000000098e+00,5.021869999999999834e+00,1.346589999999999954e+01,3.265449999999999964e+00,-7.322530000000000427e+00,-6.448450000000000237e+00,1.880109999999999948e+00,-7.347269999999999968e+00,5.784639999999999560e+00,-2.770690000000000097e+00,8.411020000000000163e-01,1.280210000000000070e+00,0.000000000000000000e+00,0.000000000000000000e+00,0.000000000000000000e+00,0.000000000000000000e+00,0.000000000000000000e+00,0.000000000000000000e+00,0.000000000000000000e+00,0.000000000000000000e+00,0.000000000000000000e+00,0.000000000000000000e+00,0.000000000000000000e+00,0.000000000000000000e+00
1.479999999999999982e+00,-8.572309999999999652e-02,8.773659999999999792e-01,-2.067689999999999806e+00,9.683490000000000153e-02,1.439920000000000089e+00,-1.911470000000000002e+00,-1.286619999999999986e-01,1.439070000000000071e+00,-1.523579999999999934e+00,2.482280000000000042e-01,8.781179999999999541e-01,-2.135660000000000114e+00,6.278350000000000319e-01,7.766549999999999621e+00,6.268240000000000478e-01,1.302179999999999893e+00,-1.662600000000000078e+00,-4.929669999999999774e+00,-1.705230000000000079e-01,-9.688810000000000477e-02,2.359690000000000065e+00,-5.231959999999999944e+00,-7.026320000000000121e+00,2.693319999999999936e+00,6.926719999999999544e-01,3.883910000000000196e+00,1.816000000000000014e+01,-8.658400000000000540e-01,-7.099890000000000256e+00,-7.823479999999999990e+00,-1.731679999999999886e-01,-3.364409999999999901e+00,-1.209079999999999977e+01,-1.170120000000000005e+01,2.721210000000000018e-01,1.076319999999999943e+01,0.000000000000000000e+00,0.000000000000000000e+00,0.000000000000000000e+00,0.000000000000000000e+00,0.000000000000000000e+00,0.000000000000000000e+00,0.000000000000000000e+00,0.000000000000000000e+00,0.000000000000000000e+00,0.000000000000000000e+00,0.000000000000000000e+00,0.000000000000000000e+00
1.500000000000000000e+00,-8.539009999999999656e-02,1.004140000000000033e+00,-2.060010000000000119e+00,9.919659999999999589e-02,1.345760000000000067e+00,-2.057090000000000085e+00,-1.381689999999999863e-01,1.440890000000000004e+00,-1.571970000000000089e+00,7.664500000000000479e-02,7.992749999999999577e-01,-2.011150000000000215e+00,3.449220000000000064e-01,8.103719999999999146e+00,-7.542109999999999648e-01,-9.378769999999999607e-01,-6.987569999999999837e+00,-8.951449999999999463e+00,-2.170290000000000052e+00,-8.952459999999999862e-01,-7.350019999999999776e+00,-9.200490000000000279e+00,-2.689610000000000056e+00,9.276989999999999625e+00,5.615590000000000082e+00,3.141760000000000108e+00,1.991430000000000078e+01,-3.191240000000000077e+00,-4.799229999999999663e+00,-2.133680000000000021e+00,-1.385340000000000016e+00,-3.710739999999999927e+00,-1.175890000000000057e+01,2.226450000000000096e-01,7.223580000000000112e+00,8.250220000000000553e+00,0.000000000000000000e+00,0.000000000000000000e+00,0.000000000000000000e+00,0.000000000000000000e+00,0.000000000000000000e+00,0.000000000000000000e+00,0.000000000000000000e+00,0.000000000000000000e+00,0.000000000000000000e+00,0.000000000000000000e+00,0.000000000000000000e+00,0.000000000000000000e+00
1.520000000000000018e+00,-6.601239999999999886e-02,1.137809999999999988e+00,-2.054829999999999934e+00,5.777689999999999909e-02,1.166879999999999917e+00,-2.219549999999999912e+00,-1.830100000000000060e-01,1.418809999999999905e+00,-1.775490000000000013e+00,5.717660000000000103e-02,9.006739999999999746e-01,-1.978939999999999921e+00,5.542000000000000259e-01,4.879279999999999617e+00,1.324419999999999931e+00,-1.608340000000000103e+00,-1.247530000000000072e+01,-6.967850000000000321e+00,-2.057900000000000063e+00,-3.530600000000000183e+00,-1.298939999999999984e+01,1.034759999999999902e+00,1.004920000000000080e+01,-4.537399999999999878e+00,8.757350000000000634e+00,-1.509039999999999937e+00,2.261700000000000088e+01,4.378680000000000128e+00,-5.937189999999999968e-01,2.607829999999999870e+00,-2.597519999999999829e+00,-5.739279999999999937e+00,-5.784639999999999560e+00,-8.980000000000000426e+00,1.063749999999999973e+00,1.858670000000000044e+01,0.000000000000000000e+00,0.000000000000000000e+00,0.000000000000000000e+00,0.000000000000000000e+00,0.000000000000000000e+00,0.000000000000000000e+00,0.000000000000000000e+00,0.000000000000000000e+00,0.000000000000000000e+00,0.000000000000000000e+00,0.000000000000000000e+00,0.000000000000000000e+00
1.540000000000000036e+00,-7.215879999999999517e-02,1.227559999999999985e+00,-2.014580000000000037e+00,4.275930000000000009e-02,9.513949999999999907e-01,-2.300899999999999945e+00,-2.258219999999999950e-01,1.290010000000000101e+00,-2.050800000000000178e+00,5.811519999999999880e-02,1.040650000000000075e+00,-1.954050000000000065e+00,6.200839999999999824e-02,5.235829999999999984e+00,2.321270000000000167e+00,-7.712290000000000534e-01,-1.227769999999999939e+01,-4.185570000000000124e-01,-1.918379999999999974e+00,-7.549520000000000231e+00,-1.195410000000000039e+01,1.871879999999999988e+00,5.313340000000000174e+00,1.854190000000000005e+00,5.986659999999999648e+00,-3.438619999999999788e+00,1.901340000000000074e+01,-8.905779999999999808e-01,2.399610000000000021e+00,5.025990000000000180e+00,-4.947660000000000252e-02,4.700269999999999726e-01,4.030280000000000307e+00,-6.283520000000000216e+00,-5.195039999999999658e-01,1.683230000000000004e+01,0.000000000000000000e+00,0.000000000000000000e+00,0.000000000000000000e+00,0.000000000000000000e+00,0.000000000000000000e+00,0.000000000000000000e+00,0.000000000000000000e+00,0.000000000000000000e+00,0.000000000000000000e+00,0.000000000000000000e+00,0.000000000000000000e+00,0.000000000000000000e+00
1.560000000000000053e+00,-7.203769999999999618e-02,1.306130000000000013e+00,-1.963540000000000063e+00,1.384419999999999921e-02,7.860190000000000232e-01,-2.265060000000000073e+00,-2.371759999999999979e-01,1.141869999999999941e+00,-2.232180000000000053e+00,7.504030000000000422e-02,1.130840000000000067e+00,-1.936649999999999983e+00,4.960669999999999802e-01,2.480339999999999989e+00,2.911700000000000177e+00,-1.430069999999999952e+00,-5.941180000000000128e+00,4.054129999999999789e+00,-8.022329999999999739e-01,-8.072720000000000340e+00,-5.837550000000000239e+00,-2.139289999999999914e+00,6.720159999999999911e+00,1.358789999999999942e+00,7.124629999999999797e+00,-8.015200000000000102e+00,1.503059999999999974e+01,1.236909999999999954e-01,4.898179999999999978e+00,4.694090000000000096e+00,-9.400549999999999740e-01,1.979060000000000041e+00,9.862330000000000041e+00,-1.034060000000000024e+01,3.215979999999999950e-01,1.460379999999999967e+01,0.000000000000000000e+00,0.000000000000000000e+00,0.000000000000000000e+00,0.000000000000000000e+00,0.000000000000000000e+00,0.000000000000000000e+00,0.000000000000000000e+00,0.000000000000000000e+00,0.000000000000000000e+00,0.000000000000000000e+00,0.000000000000000000e+00,0.000000000000000000e+00
1.580000000000000071e+00,-8.075759999999999883e-02,1.372039999999999926e+00,-1.907839999999999980e+00,-2.851410000000000056e-02,7.207409999999999650e-01,-2.150360000000000049e+00,-2.386600000000000110e-01,1.027260000000000062e+00,-2.250950000000000006e+00,6.937840000000000673e-02,1.227610000000000090e+00,-1.912639999999999896e+00,-2.143159999999999954e+00,1.902879999999999905e+00,8.917070000000000274e-01,-1.333180000000000032e+00,-7.363499999999999490e-01,8.423700000000000188e+00,9.533789999999999765e-01,-5.386980000000000324e+00,2.026060000000000194e+00,2.042400000000000215e+00,4.398719999999999963e+00,2.335420000000000051e+00,1.509039999999999937e+00,-9.672670000000000101e+00,-2.275920000000000165e+00,4.799229999999999663e+00,4.230249999999999844e+00,5.405310000000000059e+00,1.410080000000000000e+00,2.622259999999999813e+00,5.452729999999999855e+00,-6.085619999999999585e+00,3.710740000000000149e-01,9.483010000000000161e+00,0.000000000000000000e+00,0.000000000000000000e+00,0.000000000000000000e+00,0.000000000000000000e+00,0.000000000000000000e+00,0.000000000000000000e+00,0.000000000000000000e+00,0.000000000000000000e+00,0.000000000000000000e+00,0.000000000000000000e+00,0.000000000000000000e+00,0.000000000000000000e+00
1.600000000000000089e+00,-8.750950000000000395e-02,1.405319999999999903e+00,-1.927259999999999973e+00,-1.504050000000000005e-02,7.386040000000000383e-01,-1.983700000000000019e+00,-2.034169999999999867e-01,9.705850000000000311e-01,-2.168699999999999850e+00,8.527410000000000545e-02,1.287649999999999961e+00,-1.863019999999999898e+00,-6.975940000000000474e-01,-9.456280000000000241e-01,-2.846989999999999910e+00,1.592840000000000034e+00,4.960670000000000357e+00,6.565470000000000361e+00,6.022560000000000358e+00,-1.112279999999999935e+00,7.673540000000000028e+00,1.015390000000000015e+00,1.445570000000000022e+00,9.503460000000000241e-01,-4.452889999999999904e-01,-8.485229999999999606e+00,-7.112260000000000026e+00,1.830629999999999979e+00,3.636530000000000040e+00,7.870899999999999785e+00,5.516639999999999766e+00,6.580379999999999896e+00,1.341849999999999987e+01,-3.389139999999999819e+00,-1.212180000000000035e+00,1.659529999999999950e+00,0.000000000000000000e+00,0.000000000000000000e+00,0.000000000000000000e+00,0.000000000000000000e+00,0.000000000000000000e+00,0.000000000000000000e+00,0.000000000000000000e+00,0.000000000000000000e+00,0.000000000000000000e+00,0.000000000000000000e+00,0.000000000000000000e+00,0.000000000000000000e+00
1.620000000000000107e+00,-1.184530000000000027e-01,1.314689999999999914e+00,-2.018559999999999910e+00,1.572139999999999996e-02,8.784870000000000179e-01,-2.043060000000000098e+00,-8.709069999999999312e-02,1.020119999999999916e+00,-1.947740000000000027e+00,9.014880000000000115e-02,1.349539999999999962e+00,-1.849679999999999991e+00,-1.108400000000000052e+00,-6.944939999999999891e+00,-5.667699999999999960e+00,-4.530490000000000350e+00,7.580519999999999925e+00,-1.575150000000000050e+00,4.495610000000000106e+00,4.980050000000000310e+00,5.855749999999999567e+00,1.061890000000000001e+00,2.561720000000000219e+00,6.470439999999999525e-01,-4.205510000000000081e-01,-2.152229999999999865e+00,-1.849189999999999889e+00,-1.311129999999999907e+00,5.689800000000000413e-01,1.228049999999999997e+01,6.407219999999999693e+00,3.636530000000000040e+00,2.138419999999999987e+01,-3.463359999999999772e-01,-6.308259999999999756e+00,-2.512999999999999901e+00,0.000000000000000000e+00,0.000000000000000000e+00,0.000000000000000000e+00,0.000000000000000000e+00,0.000000000000000000e+00,0.000000000000000000e+00,0.000000000000000000e+00,0.000000000000000000e+00,0.000000000000000000e+00,0.000000000000000000e+00,0.000000000000000000e+00,0.000000000000000000e+00
1.640000000000000124e+00,-1.225099999999999939e-01,1.145140000000000047e+00,-2.136080000000000201e+00,4.727060000000000289e-02,9.980830000000000535e-01,-2.028090000000000170e+00,-9.499309999999999699e-02,1.115099999999999980e+00,-1.976269999999999971e+00,1.092540000000000039e-01,1.340580000000000105e+00,-1.855029999999999957e+00,-1.127780000000000005e+00,-1.119640000000000057e+01,-5.146020000000000039e+00,1.135529999999999928e+00,7.444880000000000386e+00,4.448429999999999745e-02,2.883389999999999898e+00,7.096079999999999721e+00,3.073459999999999859e+00,6.084570000000000256e-01,-7.441010000000000124e-01,-2.729719999999999924e-01,-2.449089999999999989e+00,-8.411020000000000163e-01,5.215649999999999453e-01,-1.231969999999999921e+01,2.102749999999999897e+00,2.133680000000000021e+01,1.291339999999999932e+01,9.400549999999999740e-01,1.498320000000000007e+01,1.113220000000000098e+00,-1.929589999999999916e+00,-2.038850000000000051e+00,0.000000000000000000e+00,0.000000000000000000e+00,0.000000000000000000e+00,0.000000000000000000e+00,0.000000000000000000e+00,0.000000000000000000e+00,0.000000000000000000e+00,0.000000000000000000e+00,0.000000000000000000e+00,0.000000000000000000e+00,0.000000000000000000e+00,0.000000000000000000e+00
1.660000000000000142e+00,-1.468530000000000113e-01,9.499109999999999498e-01,-2.202339999999999964e+00,5.589969999999999661e-02,1.103660000000000085e+00,-2.027930000000000010e+00,-6.568450000000000677e-02,1.222739999999999938e+00,-1.904409999999999936e+00,1.228179999999999966e-01,1.329860000000000042e+00,-1.866440000000000099e+00,-1.046389999999999959e-01,-1.015390000000000015e+01,-9.382139999999999924e-01,2.046279999999999877e+00,4.108060000000000045e+00,8.067830000000000279e-01,-4.449099999999999611e+00,1.453319999999999945e+00,-2.163549999999999918e-01,2.274929999999999897e+00,-7.712290000000000534e-01,-1.708599999999999897e+00,-1.236909999999999954e-01,1.731679999999999886e-01,5.642389999999999795e+00,-4.725010000000000154e+00,-8.411020000000000163e-01,2.432389999999999830e+01,4.601320000000000299e+00,-1.484300000000000064e-01,1.403490000000000038e+01,4.403410000000000046e+00,-2.721210000000000018e-01,-5.784639999999999560e+00,0.000000000000000000e+00,0.000000000000000000e+00,0.000000000000000000e+00,0.000000000000000000e+00,0.000000000000000000e+00,0.000000000000000000e+00,0.000000000000000000e+00,0.000000000000000000e+00,0.000000000000000000e+00,0.000000000000000000e+00,0.000000000000000000e+00,0.000000000000000000e+00
1.679999999999999938e+00,-1.405859999999999888e-01,7.897729999999999473e-01,-2.175310000000000077e+00,7.094759999999999955e-02,1.209389999999999965e+00,-1.987880000000000091e+00,-9.559869999999999479e-02,1.289169999999999927e+00,-1.841069999999999984e+00,1.841909999999999936e-01,1.294550000000000090e+00,-1.943079999999999918e+00,1.468820000000000014e+00,-6.906179999999999986e+00,2.576039999999999885e+00,-7.983580000000000121e-01,7.154219999999999580e+00,1.732860000000000067e+00,3.294199999999999906e-01,4.216569999999999929e+00,6.201509999999999856e+00,2.960900000000000087e+00,-2.437699999999999978e+00,-5.232969999999999899e+00,9.400549999999999740e-01,1.805889999999999995e+00,3.319050000000000056e-01,-6.679339999999999833e+00,1.236909999999999954e-01,2.195319999999999894e+01,6.506170000000000009e+00,-1.484299999999999953e+00,1.180630000000000024e+01,1.731679999999999886e-01,-2.325400000000000134e+00,-3.603540000000000187e+00,0.000000000000000000e+00,0.000000000000000000e+00,0.000000000000000000e+00,0.000000000000000000e+00,0.000000000000000000e+00,0.000000000000000000e+00,0.000000000000000000e+00,0.000000000000000000e+00,0.000000000000000000e+00,0.000000000000000000e+00,0.000000000000000000e+00,0.000000000000000000e+00
1.699999999999999956e+00,-1.064630000000000021e-01,6.896459999999999813e-01,-2.121480000000000032e+00,7.212849999999999817e-02,1.287449999999999983e+00,-1.950430000000000108e+00,-9.584090000000000664e-02,1.359709999999999974e+00,-1.786419999999999897e+00,2.442010000000000014e-01,1.231340000000000101e+00,-2.056140000000000079e+00,2.034650000000000070e+00,-3.286439999999999806e+00,2.968309999999999782e+00,1.743989999999999929e+00,1.720730000000000093e+00,3.655800000000000161e+00,-1.511450000000000016e-01,3.360079999999999956e+00,1.397210000000000063e+00,2.457079999999999931e+00,-5.321089999999999876e+00,-5.906299999999999883e+00,-1.385340000000000016e+00,5.096090000000000231e+00,1.659529999999999950e+00,-3.166500000000000092e+00,-4.947659999999999947e+00,1.801770000000000138e+01,2.424350000000000005e+00,-4.725010000000000154e+00,1.000459999999999994e+01,1.187440000000000051e+00,-2.919119999999999937e+00,2.844900000000000206e-01,0.000000000000000000e+00,0.000000000000000000e+00,0.000000000000000000e+00,0.000000000000000000e+00,0.000000000000000000e+00,0.000000000000000000e+00,0.000000000000000000e+00,0.000000000000000000e+00,0.000000000000000000e+00,0.000000000000000000e+00,0.000000000000000000e+00,0.000000000000000000e+00
1.719999999999999973e+00,-7.724540000000000572e-02,6.769899999999999807e-01,-2.060229999999999784e+00,8.433029999999999693e-02,1.348759999999999959e+00,-1.876339999999999897e+00,-1.026230000000000059e-01,1.416060000000000096e+00,-1.707279999999999909e+00,2.639719999999999844e-01,1.111590000000000078e+00,-2.143120000000000136e+00,1.964890000000000025e+00,2.429949999999999832e+00,5.103559999999999874e+00,4.611870000000000136e-01,3.216680000000000206e+00,6.874839999999999840e-01,-2.472579999999999778e+00,1.887380000000000058e+00,5.475609999999999644e+00,-9.301260000000000083e-02,-8.444770000000000110e+00,-3.164449999999999985e+00,-2.473830000000000126e-02,6.827770000000000117e+00,6.448450000000000237e+00,4.700269999999999726e-01,-6.036139999999999617e+00,4.646670000000000300e+00,5.442420000000000035e-01,-7.322530000000000427e+00,7.965729999999999755e+00,-1.236909999999999954e-01,-8.658400000000000540e-01,2.512999999999999901e+00,0.000000000000000000e+00,0.000000000000000000e+00,0.000000000000000000e+00,0.000000000000000000e+00,0.000000000000000000e+00,0.000000000000000000e+00,0.000000000000000000e+00,0.000000000000000000e+00,0.000000000000000000e+00,0.000000000000000000e+00,0.000000000000000000e+00,0.000000000000000000e+00
1.739999999999999991e+00,-6.943380000000000385e-02,7.823250000000000481e-01,-2.002880000000000216e+00,8.620750000000000635e-02,1.394320000000000004e+00,-1.869680000000000009e+00,-1.254520000000000080e-01,1.441580000000000084e+00,-1.608489999999999975e+00,2.560089999999999866e-01,9.545379999999999976e-01,-2.165550000000000086e+00,-2.433829999999999938e+00,7.813060000000000116e+00,-5.048960000000000115e+00,2.767119999999999802e+00,3.100419999999999912e-02,-2.282849999999999824e+00,2.112159999999999815e+00,8.952459999999999862e-01,4.422139999999999738e+00,-2.340819999999999901e+00,-9.297380000000000422e+00,1.055490000000000039e+00,3.661270000000000024e+00,5.096090000000000231e+00,1.247020000000000017e+01,4.452889999999999904e-01,-4.922920000000000407e+00,-9.056269999999999598e+00,-8.658400000000000540e-01,-5.640329999999999622e+00,1.991430000000000033e+00,-6.407219999999999693e+00,-7.668869999999999854e-01,4.314770000000000216e+00,0.000000000000000000e+00,0.000000000000000000e+00,0.000000000000000000e+00,0.000000000000000000e+00,0.000000000000000000e+00,0.000000000000000000e+00,0.000000000000000000e+00,0.000000000000000000e+00,0.000000000000000000e+00,0.000000000000000000e+00,0.000000000000000000e+00,0.000000000000000000e+00
1.760000000000000009e+00,-6.080470000000000319e-02,9.379819999999999824e-01,-2.065650000000000208e+00,1.163030000000000036e-01,1.378730000000000011e+00,-1.968040000000000012e+00,-1.083760000000000001e-01,1.437400000000000011e+00,-1.531209999999999960e+00,1.626630000000000020e-01,8.225580000000000114e-01,-2.117389999999999883e+00,1.038640000000000008e+00,7.913820000000000299e+00,1.716690000000000049e+00,5.503240000000000354e-01,-3.232190000000000119e+00,-7.010320000000000107e+00,-7.789800000000000058e-01,-6.162079999999999780e-01,1.763190000000000035e+00,-8.002959999999999852e+00,-5.522619999999999862e+00,4.980220000000000091e+00,2.597519999999999829e+00,2.399610000000000021e+00,1.853930000000000078e+01,-1.360610000000000097e+00,-5.566110000000000113e+00,-6.258790000000000298e+00,-2.226450000000000096e-01,-4.823970000000000091e+00,-1.147439999999999927e+01,-5.467159999999999798e+00,3.067550000000000221e+00,6.401030000000000442e+00,0.000000000000000000e+00,0.000000000000000000e+00,0.000000000000000000e+00,0.000000000000000000e+00,0.000000000000000000e+00,0.000000000000000000e+00,0.000000000000000000e+00,0.000000000000000000e+00,0.000000000000000000e+00,0.000000000000000000e+00,0.000000000000000000e+00,0.000000000000000000e+00
1.780000000000000027e+00,-7.418740000000000057e-02,1.052070000000000061e+00,-2.054040000000000088e+00,1.167880000000000029e-01,1.280210000000000070e+00,-2.131780000000000008e+00,-1.203660000000000008e-01,1.435040000000000093e+00,-1.579609999999999959e+00,2.192620000000000159e-03,7.589759999999999840e-01,-1.973190000000000000e+00,3.046159999999999979e+00,8.006830000000000780e+00,-8.088049999999999407e-03,-1.216909999999999936e+00,-6.181460000000000399e+00,-8.745200000000000529e+00,-1.616090000000000027e+00,1.298300000000000010e+00,-6.486620000000000275e+00,-6.921689999999999898e+00,3.294199999999999906e-01,1.098160000000000025e+01,4.898179999999999978e+00,2.350140000000000118e+00,1.996170000000000044e+01,-4.576579999999999870e+00,-4.230249999999999844e+00,6.638110000000000399e-01,-2.597519999999999829e+00,-4.428149999999999586e+00,-1.261239999999999917e+01,1.607990000000000030e+00,6.778290000000000148e+00,9.435589999999999478e+00,0.000000000000000000e+00,0.000000000000000000e+00,0.000000000000000000e+00,0.000000000000000000e+00,0.000000000000000000e+00,0.000000000000000000e+00,0.000000000000000000e+00,0.000000000000000000e+00,0.000000000000000000e+00,0.000000000000000000e+00,0.000000000000000000e+00,0.000000000000000000e+00
1.800000000000000044e+00,-5.801919999999999994e-02,1.176930000000000032e+00,-2.050930000000000142e+00,4.787609999999999782e-02,1.112959999999999949e+00,-2.267580000000000151e+00,-1.672349999999999948e-01,1.414330000000000087e+00,-1.786540000000000017e+00,4.009999999999999676e-02,9.064879999999999605e-01,-2.008090000000000153e+00,-2.065650000000000208e+00,5.875289999999999679e+00,1.021120000000000028e+00,-2.740000000000000213e+00,-1.135919999999999952e+01,-4.367549999999999599e+00,-1.805989999999999984e+00,-3.236060000000000159e+00,-1.261940000000000062e+01,-5.503240000000000354e-01,8.576529999999999987e+00,-1.720730000000000093e+00,4.675539999999999807e+00,-4.947660000000000252e-02,2.280659999999999954e+01,3.117020000000000124e+00,-7.668869999999999854e-01,3.888030000000000097e+00,-2.003800000000000026e+00,-3.240720000000000045e+00,-3.034559999999999924e+00,-7.693609999999999616e+00,2.350140000000000118e+00,1.920309999999999917e+01,0.000000000000000000e+00,0.000000000000000000e+00,0.000000000000000000e+00,0.000000000000000000e+00,0.000000000000000000e+00,0.000000000000000000e+00,0.000000000000000000e+00,0.000000000000000000e+00,0.000000000000000000e+00,0.000000000000000000e+00,0.000000000000000000e+00,0.000000000000000000e+00
1.820000000000000062e+00,-8.030339999999999701e-02,1.265249999999999986e+00,-2.008469999999999978e+00,-5.957279999999999694e-03,9.005589999999999984e-01,-2.297989999999999977e+00,-2.307579999999999909e-01,1.306580000000000075e+00,-2.024550000000000072e+00,4.115970000000000045e-02,1.025179999999999980e+00,-1.969689999999999941e+00,-8.448639999999999484e-01,4.456850000000000200e+00,1.385080000000000089e+00,-2.352440000000000087e+00,-1.085919999999999952e+01,1.097949999999999982e+00,-1.538580000000000059e+00,-7.472010000000000041e+00,-1.049830000000000041e+01,5.929550000000000098e-01,4.294080000000000119e+00,-3.053239999999999843e-01,5.120820000000000149e+00,-5.862969999999999793e+00,2.000910000000000011e+01,2.251180000000000181e+00,1.113220000000000098e+00,5.025990000000000180e+00,-1.063749999999999973e+00,-6.431949999999999612e-01,3.840619999999999923e+00,-8.114160000000000039e+00,3.809699999999999864e+00,1.654779999999999873e+01,0.000000000000000000e+00,0.000000000000000000e+00,0.000000000000000000e+00,0.000000000000000000e+00,0.000000000000000000e+00,0.000000000000000000e+00,0.000000000000000000e+00,0.000000000000000000e+00,0.000000000000000000e+00,0.000000000000000000e+00,0.000000000000000000e+00,0.000000000000000000e+00
1.840000000000000080e+00,-8.317979999999999818e-02,1.344370000000000065e+00,-1.973030000000000062e+00,-2.930129999999999887e-02,7.394819999999999727e-01,-2.228990000000000027e+00,-2.603079999999999838e-01,1.167869999999999964e+00,-2.173249999999999904e+00,3.253070000000000267e-02,1.134840000000000071e+00,-1.970679999999999987e+00,-2.131540000000000101e-01,3.751510000000000122e+00,2.950120000000000076e+00,-1.627720000000000000e-01,-6.720159999999999911e+00,4.725439999999999863e+00,-1.604470000000000063e+00,-1.049099999999999966e+01,-5.809239999999999959e+00,1.782739999999999880e-01,5.677640000000000242e+00,1.411359999999999948e+00,5.046610000000000262e+00,-1.098380000000000045e+01,1.664270000000000138e+01,2.919119999999999937e+00,4.428149999999999586e+00,3.982860000000000067e+00,-1.187440000000000051e+00,-1.558510000000000062e+00,4.314770000000000216e+00,-6.654600000000000293e+00,2.943859999999999921e+00,1.540990000000000038e+01,0.000000000000000000e+00,0.000000000000000000e+00,0.000000000000000000e+00,0.000000000000000000e+00,0.000000000000000000e+00,0.000000000000000000e+00,0.000000000000000000e+00,0.000000000000000000e+00,0.000000000000000000e+00,0.000000000000000000e+00,0.000000000000000000e+00,0.000000000000000000e+00
1.860000000000000098e+00,-8.805449999999999389e-02,1.411829999999999918e+00,-1.913750000000000062e+00,-1.731140000000000109e-02,6.609730000000000327e-01,-2.099569999999999936e+00,-2.683619999999999894e-01,9.886000000000000343e-01,-2.227930000000000188e+00,5.426990000000000286e-02,1.220949999999999980e+00,-1.940260000000000096e+00,-7.867309999999999581e-01,3.185680000000000067e+00,-2.891480000000000161e-01,5.774529999999999941e-01,-6.859680000000000222e-01,7.552220000000000155e+00,2.468710000000000182e+00,-7.956450000000000244e+00,1.753079999999999972e+00,1.546329999999999982e+00,4.867659999999999876e+00,5.499870000000000037e-01,4.452889999999999904e-01,-8.955260000000000886e+00,-2.892319999999999780e+00,1.113220000000000098e+00,8.138899999999999579e+00,4.125110000000000277e+00,2.251180000000000181e+00,4.997130000000000294e+00,9.577840000000000131e+00,-3.809699999999999864e+00,7.916250000000000231e-01,9.577840000000000131e+00,0.000000000000000000e+00,0.000000000000000000e+00,0.000000000000000000e+00,0.000000000000000000e+00,0.000000000000000000e+00,0.000000000000000000e+00,0.000000000000000000e+00,0.000000000000000000e+00,0.000000000000000000e+00,0.000000000000000000e+00,0.000000000000000000e+00,0.000000000000000000e+00
1.880000000000000115e+00,-8.632869999999999433e-02,1.446039999999999992e+00,-1.958450000000000024e+00,8.242879999999999305e-03,7.355460000000000331e-01,-2.015769999999999840e+00,-2.151039999999999897e-01,9.029760000000000009e-01,-2.132899999999999796e+00,5.584440000000000237e-02,1.304270000000000040e+00,-1.917049999999999921e+00,-2.391199999999999992e+00,-1.833120000000000083e+00,-3.876199999999999868e+00,3.991789999999999949e+00,8.192859999999999587e+00,-3.669950000000000045e+00,4.449099999999999611e+00,-6.820920000000000316e-01,8.676460000000000505e+00,-3.565479999999999761e-01,2.960900000000000087e+00,2.476970000000000116e+00,-1.360610000000000097e+00,-1.083539999999999992e+01,-5.452729999999999855e+00,3.215979999999999950e-01,2.325400000000000134e+00,1.242270000000000074e+01,6.481429999999999580e+00,7.347269999999999968e+00,9.435589999999999478e+00,-4.081819999999999560e+00,-3.290189999999999948e+00,6.069130000000000358e+00,0.000000000000000000e+00,0.000000000000000000e+00,0.000000000000000000e+00,0.000000000000000000e+00,0.000000000000000000e+00,0.000000000000000000e+00,0.000000000000000000e+00,0.000000000000000000e+00,0.000000000000000000e+00,0.000000000000000000e+00,0.000000000000000000e+00,0.000000000000000000e+00
1.900000000000000133e+00,-1.484280000000000044e-01,1.317090000000000094e+00,-2.053819999999999979e+00,2.992159999999999959e-02,8.734610000000000429e-01,-2.071779999999999955e+00,-1.337480000000000058e-01,9.520859999999999879e-01,-1.959179999999999922e+00,6.271740000000000648e-02,1.366160000000000041e+00,-1.856749999999999901e+00,-2.763250000000000206e+00,-8.510650000000000048e+00,-5.726340000000000430e+00,-8.061089999999999645e-01,6.634900000000000020e+00,2.660969999999999835e+00,-1.945510000000000073e+00,5.712519999999999598e+00,3.124010000000000176e+00,2.623730000000000118e+00,2.794249999999999901e+00,2.096830000000000194e+00,-5.195039999999999658e-01,-3.710740000000000149e-01,-1.280210000000000070e+00,-2.943859999999999921e+00,-1.706939999999999902e+00,1.446160000000000068e+01,1.184960000000000058e+01,3.191240000000000077e+00,2.294889999999999830e+01,-5.937189999999999968e-01,-4.576579999999999870e+00,-3.461300000000000043e+00,0.000000000000000000e+00,0.000000000000000000e+00,0.000000000000000000e+00,0.000000000000000000e+00,0.000000000000000000e+00,0.000000000000000000e+00,0.000000000000000000e+00,0.000000000000000000e+00,0.000000000000000000e+00,0.000000000000000000e+00,0.000000000000000000e+00,0.000000000000000000e+00
1.919999999999999929e+00,-1.782819999999999960e-01,1.133879999999999999e+00,-2.162160000000000082e+00,7.264320000000000499e-02,9.847909999999999719e-01,-2.048230000000000217e+00,-1.442849999999999966e-01,1.065989999999999993e+00,-1.983239999999999892e+00,8.445660000000000667e-02,1.409249999999999892e+00,-1.860319999999999974e+00,-1.623839999999999950e+00,-1.047550000000000026e+01,-5.127819999999999823e+00,-1.197540000000000049e+00,8.731550000000000367e+00,-9.038399999999999768e-01,3.317450000000000010e+00,8.115349999999999397e+00,4.116819999999999702e+00,2.422200000000000131e+00,4.728140000000000120e-01,-1.520550000000000068e+00,-1.509039999999999937e+00,1.484300000000000064e-01,9.008859999999999646e-01,-1.202280000000000015e+01,1.311129999999999907e+00,2.219020000000000081e+01,1.365549999999999997e+01,2.721210000000000129e+00,1.474610000000000021e+01,3.537570000000000103e+00,-3.809699999999999864e+00,-4.030280000000000307e+00,0.000000000000000000e+00,0.000000000000000000e+00,0.000000000000000000e+00,0.000000000000000000e+00,0.000000000000000000e+00,0.000000000000000000e+00,0.000000000000000000e+00,0.000000000000000000e+00,0.000000000000000000e+00,0.000000000000000000e+00,0.000000000000000000e+00,0.000000000000000000e+00
1.939999999999999947e+00,-1.842759999999999954e-01,9.553909999999999902e-01,-2.223349999999999937e+00,6.804100000000000426e-02,1.107629999999999892e+00,-2.057970000000000077e+00,-1.286309999999999953e-01,1.166600000000000081e+00,-1.938169999999999948e+00,1.536099999999999965e-01,1.372789999999999955e+00,-1.921300000000000008e+00,1.414570000000000105e+00,-9.390390000000000015e+00,-5.317889999999999562e-01,3.015159999999999840e+00,3.615860000000000074e+00,8.795749999999999957e-01,-2.240050000000000097e+00,3.329079999999999817e+00,1.880469999999999919e-01,4.735890000000000377e+00,-3.061659999999999826e+00,-3.971229999999999816e+00,5.937189999999999968e-01,-9.400549999999999740e-01,5.405310000000000059e+00,-5.368210000000000370e+00,-2.548039999999999861e+00,2.418169999999999931e+01,6.357739999999999725e+00,-2.721210000000000018e-01,1.299169999999999980e+01,2.325400000000000134e+00,-8.905779999999999808e-01,-1.849189999999999889e+00,0.000000000000000000e+00,0.000000000000000000e+00,0.000000000000000000e+00,0.000000000000000000e+00,0.000000000000000000e+00,0.000000000000000000e+00,0.000000000000000000e+00,0.000000000000000000e+00,0.000000000000000000e+00,0.000000000000000000e+00,0.000000000000000000e+00,0.000000000000000000e+00
1.959999999999999964e+00,-1.598729999999999873e-01,8.056689999999999685e-01,-2.193610000000000060e+00,9.347410000000000441e-02,1.202180000000000026e+00,-2.014310000000000045e+00,-1.154609999999999942e-01,1.249440000000000106e+00,-1.890500000000000069e+00,2.392960000000000087e-01,1.300999999999999934e+00,-1.998289999999999900e+00,3.294200000000000017e+00,-7.650280000000000413e+00,3.204889999999999795e+00,-1.085150000000000059e+00,7.324740000000000251e+00,1.815770000000000106e+00,3.720499999999999918e-01,4.518860000000000099e+00,3.479880000000000084e+00,3.615860000000000074e+00,-4.266949999999999577e+00,-4.486849999999999561e+00,2.399610000000000021e+00,1.484299999999999953e+00,2.275920000000000165e+00,-6.382480000000000153e+00,2.473829999999999918e-01,2.119450000000000145e+01,3.191240000000000077e+00,-2.078019999999999978e+00,1.360810000000000031e+01,2.473829999999999918e-01,-3.463359999999999772e-01,-5.215649999999999453e-01,0.000000000000000000e+00,0.000000000000000000e+00,0.000000000000000000e+00,0.000000000000000000e+00,0.000000000000000000e+00,0.000000000000000000e+00,0.000000000000000000e+00,0.000000000000000000e+00,0.000000000000000000e+00,0.000000000000000000e+00,0.000000000000000000e+00,0.000000000000000000e+00
1.979999999999999982e+00,-9.613860000000000461e-02,6.930969999999999631e-01,-2.120480000000000143e+00,8.099979999999999680e-02,1.293500000000000094e+00,-1.973810000000000064e+00,-1.185189999999999994e-01,1.333429999999999893e+00,-1.836039999999999894e+00,2.901619999999999755e-01,1.209480000000000111e+00,-2.078260000000000218e+00,2.592729999999999979e+00,-3.701130000000000031e+00,3.485949999999999882e+00,7.673539999999999806e-01,1.643219999999999903e+00,4.250270000000000437e+00,9.805080000000000462e-01,4.445229999999999571e+00,3.115920000000000023e+00,1.089020000000000099e+00,-7.553399999999999892e+00,-3.904510000000000147e+00,-1.311129999999999907e+00,4.922920000000000407e+00,9.483010000000000050e-02,-2.968589999999999840e+00,-2.646999999999999797e+00,1.763840000000000074e+01,3.537570000000000103e+00,-3.364409999999999901e+00,1.299169999999999980e+01,1.484300000000000064e-01,-3.488100000000000200e+00,-6.163960000000000550e-01,0.000000000000000000e+00,0.000000000000000000e+00,0.000000000000000000e+00,0.000000000000000000e+00,0.000000000000000000e+00,0.000000000000000000e+00,0.000000000000000000e+00,0.000000000000000000e+00,0.000000000000000000e+00,0.000000000000000000e+00,0.000000000000000000e+00,0.000000000000000000e+00
2.000000000000000000e+00,-4.739179999999999782e-02,6.700859999999999594e-01,-2.046380000000000088e+00,1.009219999999999978e-01,1.343699999999999894e+00,-1.888200000000000101e+00,-1.302659999999999929e-01,1.392169999999999908e+00,-1.767360000000000042e+00,2.894360000000000266e-01,1.069770000000000110e+00,-2.142049999999999788e+00,1.961019999999999985e+00,1.825369999999999937e+00,4.676910000000000345e+00,1.120030000000000081e+00,2.422200000000000131e+00,5.944720000000000004e-01,-2.321439999999999948e+00,2.340819999999999901e+00,4.209830000000000183e+00,-1.402940000000000076e+00,-8.243240000000000123e+00,-2.584130000000000038e+00,-2.449089999999999989e+00,8.460490000000000066e+00,6.875180000000000291e+00,9.895310000000000494e-01,-4.378680000000000128e+00,1.801770000000000094e+00,2.300660000000000149e+00,-5.887710000000000221e+00,1.109510000000000041e+01,7.421479999999999744e-02,-3.463359999999999772e-01,1.232790000000000052e+00,0.000000000000000000e+00,0.000000000000000000e+00,0.000000000000000000e+00,0.000000000000000000e+00,0.000000000000000000e+00,0.000000000000000000e+00,0.000000000000000000e+00,0.000000000000000000e+00,0.000000000000000000e+00,0.000000000000000000e+00,0.000000000000000000e+00,0.000000000000000000e+00
2.020000000000000018e+00,-5.771640000000000104e-02,7.969789999999999930e-01,-2.039400000000000102e+00,1.076440000000000036e-01,1.379219999999999891e+00,-1.903890000000000082e+00,-1.381390000000000118e-01,1.421480000000000077e+00,-1.673680000000000057e+00,2.661519999999999997e-01,9.109690000000000287e-01,-2.163149999999999906e+00,-4.263080000000000203e-01,8.499019999999999797e+00,-4.674890000000000434e+00,3.294200000000000017e+00,1.201409999999999978e-01,-1.957310000000000105e+00,1.918379999999999974e+00,1.019260000000000055e+00,4.786100000000000243e+00,-2.937650000000000095e+00,-8.549409999999999954e+00,9.826979999999999604e-01,2.671730000000000160e+00,6.481429999999999580e+00,1.228049999999999997e+01,-1.039009999999999989e+00,-5.021869999999999834e+00,-8.961439999999999628e+00,1.410080000000000000e+00,-6.135089999999999932e+00,5.879470000000000418e+00,-7.396749999999999936e+00,-1.731679999999999886e-01,4.836330000000000240e+00,0.000000000000000000e+00,0.000000000000000000e+00,0.000000000000000000e+00,0.000000000000000000e+00,0.000000000000000000e+00,0.000000000000000000e+00,0.000000000000000000e+00,0.000000000000000000e+00,0.000000000000000000e+00,0.000000000000000000e+00,0.000000000000000000e+00,0.000000000000000000e+00
2.040000000000000036e+00,-3.304019999999999874e-02,9.472169999999999757e-01,-2.077850000000000197e+00,1.313209999999999933e-01,1.339099999999999957e+00,-1.997200000000000086e+00,-1.208499999999999991e-01,1.428409999999999958e+00,-1.583199999999999941e+00,1.702629999999999977e-01,7.871029999999999971e-01,-2.108750000000000124e+00,1.069639999999999924e+00,7.037950000000000372e+00,9.887639999999999763e-01,1.666479999999999906e-01,-3.243809999999999860e+00,-7.097260000000000346e+00,-7.285979999999999679e-01,-3.759259999999999824e-01,1.931019999999999959e+00,-8.285869999999999180e+00,-4.146810000000000329e+00,5.944720000000000226e+00,1.583250000000000046e+00,4.106550000000000367e+00,1.706940000000000168e+01,-2.919119999999999937e+00,-3.265449999999999964e+00,-4.836330000000000240e+00,-8.658400000000000540e-01,-3.982860000000000067e+00,-1.081060000000000088e+01,-5.442420000000000258e+00,4.823970000000000091e+00,8.582119999999999749e+00,0.000000000000000000e+00,0.000000000000000000e+00,0.000000000000000000e+00,0.000000000000000000e+00,0.000000000000000000e+00,0.000000000000000000e+00,0.000000000000000000e+00,0.000000000000000000e+00,0.000000000000000000e+00,0.000000000000000000e+00,0.000000000000000000e+00,0.000000000000000000e+00
2.060000000000000053e+00,-3.615879999999999789e-02,1.067509999999999959e+00,-2.070329999999999782e+00,8.990140000000000631e-02,1.252569999999999961e+00,-2.152540000000000120e+00,-1.431340000000000112e-01,1.429349999999999898e+00,-1.628060000000000063e+00,-1.585280000000000022e-02,7.593389999999999862e-01,-1.942909999999999915e+00,3.480220000000000091e+00,8.161849999999999383e+00,1.516510000000000080e-01,-3.084919999999999884e+00,-6.421739999999999782e+00,-7.554240000000000066e+00,-1.654849999999999932e+00,-6.937189999999999745e-01,-6.375409999999999577e+00,-6.328730000000000189e+00,4.398719999999999963e+00,8.856410000000000338e+00,3.809699999999999864e+00,2.622259999999999813e+00,1.991430000000000078e+01,-2.028540000000000010e+00,-2.869639999999999969e+00,1.090549999999999908e+00,-3.661270000000000024e+00,-3.661270000000000024e+00,-1.223310000000000031e+01,1.261649999999999938e+00,7.322530000000000427e+00,1.602629999999999910e+01,0.000000000000000000e+00,0.000000000000000000e+00,0.000000000000000000e+00,0.000000000000000000e+00,0.000000000000000000e+00,0.000000000000000000e+00,0.000000000000000000e+00,0.000000000000000000e+00,0.000000000000000000e+00,0.000000000000000000e+00,0.000000000000000000e+00,0.000000000000000000e+00
2.080000000000000071e+00,-3.213189999999999796e-02,1.191500000000000004e+00,-2.061780000000000168e+00,7.940080000000000401e-03,1.098659999999999970e+00,-2.271549999999999958e+00,-2.044769999999999921e-01,1.380880000000000107e+00,-1.832619999999999916e+00,4.918329999999999924e-02,9.158739999999999659e-01,-1.995770000000000044e+00,-1.395189999999999930e+00,4.980050000000000310e+00,1.941130000000000022e+00,-3.453089999999999993e+00,-9.278000000000000469e+00,-3.771049999999999791e+00,-2.019149999999999778e+00,-4.650629999999999598e+00,-1.240499999999999936e+01,-2.325309999999999877e-02,7.448760000000000048e+00,6.733299999999999841e-01,8.584179999999999922e+00,-2.523299999999999876e+00,2.356530000000000058e+01,7.644129999999999647e+00,-2.721210000000000129e+00,3.081980000000000164e+00,-1.484299999999999953e+00,-4.279720000000000191e+00,-5.073409999999999975e+00,-1.103330000000000055e+01,8.658400000000000540e-01,1.683230000000000004e+01,0.000000000000000000e+00,0.000000000000000000e+00,0.000000000000000000e+00,0.000000000000000000e+00,0.000000000000000000e+00,0.000000000000000000e+00,0.000000000000000000e+00,0.000000000000000000e+00,0.000000000000000000e+00,0.000000000000000000e+00,0.000000000000000000e+00,0.000000000000000000e+00
2.100000000000000089e+00,-3.882320000000000215e-02,1.276389999999999914e+00,-2.016680000000000028e+00,1.008979999999999946e-02,9.120040000000000369e-01,-2.287760000000000016e+00,-2.528900000000000037e-01,1.244320000000000093e+00,-2.062159999999999993e+00,6.607810000000000072e-02,1.024750000000000050e+00,-1.943670000000000009e+00,-2.674110000000000098e-01,3.712750000000000217e+00,1.482140000000000013e+00,-5.813289999999999846e-01,-9.060969999999999303e+00,1.848119999999999985e+00,-1.123900000000000038e-01,-7.828560000000000407e+00,-1.147090000000000032e+01,1.918379999999999974e+00,3.984039999999999804e+00,-1.209160000000000013e+00,6.555640000000000356e+00,-7.347269999999999968e+00,1.991430000000000078e+01,-2.473829999999999918e-01,2.449089999999999989e+00,4.457010000000000360e+00,-1.236909999999999954e-01,-2.473830000000000126e-02,5.073409999999999975e+00,-1.024160000000000004e+01,2.671730000000000160e+00,1.441419999999999924e+01,0.000000000000000000e+00,0.000000000000000000e+00,0.000000000000000000e+00,0.000000000000000000e+00,0.000000000000000000e+00,0.000000000000000000e+00,0.000000000000000000e+00,0.000000000000000000e+00,0.000000000000000000e+00,0.000000000000000000e+00,0.000000000000000000e+00,0.000000000000000000e+00
2.120000000000000107e+00,-3.700660000000000061e-02,1.354899999999999993e+00,-1.977409999999999890e+00,4.125120000000000349e-03,7.694269999999999721e-01,-2.220239999999999991e+00,-2.607929999999999970e-01,1.081220000000000070e+00,-2.226890000000000036e+00,5.772159999999999791e-02,1.143620000000000081e+00,-1.946839999999999904e+00,-1.116149999999999975e+00,3.708880000000000177e+00,2.741849999999999898e+00,-4.728140000000000120e-01,-4.685509999999999842e+00,5.008519999999999861e+00,-1.116149999999999975e+00,-8.429259999999999309e+00,-4.604119999999999990e+00,8.022329999999999739e-01,5.514870000000000161e+00,2.697360000000000202e+00,2.201709999999999834e+00,-9.499499999999999389e+00,1.408230000000000004e+01,-4.947660000000000252e-02,3.339669999999999916e+00,4.219940000000000246e+00,-4.700269999999999726e-01,1.731680000000000108e+00,6.780350000000000321e+00,-4.378680000000000128e+00,1.979060000000000041e+00,1.360810000000000031e+01,0.000000000000000000e+00,0.000000000000000000e+00,0.000000000000000000e+00,0.000000000000000000e+00,0.000000000000000000e+00,0.000000000000000000e+00,0.000000000000000000e+00,0.000000000000000000e+00,0.000000000000000000e+00,0.000000000000000000e+00,0.000000000000000000e+00,0.000000000000000000e+00
2.140000000000000124e+00,-5.580890000000000156e-02,1.415370000000000017e+00,-1.915610000000000035e+00,-2.052079999999999876e-02,7.226179999999999826e-01,-2.093929999999999847e+00,-2.521939999999999737e-01,9.757930000000000215e-01,-2.238789999999999836e+00,7.782580000000000053e-02,1.216380000000000017e+00,-1.899960000000000093e+00,-1.433939999999999992e+00,3.212810000000000166e+00,-6.066039999999999974e-03,-1.007640000000000091e+00,9.301260000000000083e-02,7.904049999999999798e+00,3.720499999999999918e+00,-4.146810000000000329e+00,3.176579999999999959e+00,7.092209999999999903e-01,4.507229999999999848e+00,8.371129999999999960e-01,-7.916250000000000231e-01,-8.163629999999999498e+00,-6.116539999999999644e+00,3.389139999999999819e+00,7.099890000000000256e+00,2.987150000000000194e+00,3.982860000000000067e+00,6.308259999999999756e+00,1.275459999999999994e+01,-1.929589999999999916e+00,7.916250000000000231e-01,7.301919999999999966e+00,0.000000000000000000e+00,0.000000000000000000e+00,0.000000000000000000e+00,0.000000000000000000e+00,0.000000000000000000e+00,0.000000000000000000e+00,0.000000000000000000e+00,0.000000000000000000e+00,0.000000000000000000e+00,0.000000000000000000e+00,0.000000000000000000e+00,0.000000000000000000e+00
2.160000000000000142e+00,-5.883669999999999872e-02,1.443980000000000041e+00,-1.979119999999999990e+00,3.307640000000000146e-03,8.079699999999999660e-01,-2.026299999999999990e+00,-1.622399999999999953e-01,9.606540000000000079e-01,-2.097440000000000193e+00,7.709920000000000662e-02,1.298280000000000101e+00,-1.886439999999999895e+00,-1.899010000000000087e+00,-2.918270000000000142e+00,-5.156130000000000102e+00,3.592610000000000081e+00,9.781819999999999737e+00,-4.606139999999999901e+00,6.526379999999999626e+00,2.429949999999999832e+00,1.081980000000000075e+01,-4.379339999999999899e-01,2.243930000000000202e+00,1.736909999999999954e+00,-1.632730000000000015e+00,-1.086009999999999920e+01,-4.314770000000000216e+00,-9.647930000000000117e-01,1.261649999999999938e+00,1.081060000000000088e+01,5.442420000000000258e+00,5.318730000000000402e+00,9.245929999999999538e+00,-1.261649999999999938e+00,-5.541380000000000194e+00,2.892319999999999780e+00,0.000000000000000000e+00,0.000000000000000000e+00,0.000000000000000000e+00,0.000000000000000000e+00,0.000000000000000000e+00,0.000000000000000000e+00,0.000000000000000000e+00,0.000000000000000000e+00,0.000000000000000000e+00,0.000000000000000000e+00,0.000000000000000000e+00,0.000000000000000000e+00
2.180000000000000160e+00,-1.334710000000000063e-01,1.297099999999999920e+00,-2.093879999999999963e+00,2.059609999999999913e-02,9.498199999999999976e-01,-2.071509999999999962e+00,-1.163990000000000025e-01,1.042459999999999942e+00,-1.966399999999999926e+00,1.038339999999999957e-01,1.362290000000000001e+00,-1.831290000000000084e+00,-2.608229999999999826e+00,-8.898199999999999221e+00,-5.617149999999999643e+00,1.321550000000000002e+00,7.782049999999999912e+00,2.549760000000000026e+00,-3.131419999999999870e+00,3.840640000000000054e+00,-3.849909999999999943e+00,2.387319999999999887e+00,2.980280000000000040e+00,1.997749999999999915e+00,-1.830629999999999979e+00,1.731679999999999886e-01,9.483010000000000050e-02,-7.965729999999999755e+00,-2.201709999999999834e+00,1.896600000000000108e+01,9.252119999999999678e+00,3.240720000000000045e+00,1.801770000000000138e+01,3.710740000000000149e-01,-4.205510000000000304e+00,-4.077689999999999593e+00,0.000000000000000000e+00,0.000000000000000000e+00,0.000000000000000000e+00,0.000000000000000000e+00,0.000000000000000000e+00,0.000000000000000000e+00,0.000000000000000000e+00,0.000000000000000000e+00,0.000000000000000000e+00,0.000000000000000000e+00,0.000000000000000000e+00,0.000000000000000000e+00
2.200000000000000178e+00,-1.788569999999999882e-01,1.100360000000000005e+00,-2.178679999999999950e+00,5.087359999999999799e-02,1.064969999999999972e+00,-2.056839999999999780e+00,-1.058629999999999988e-01,1.149980000000000002e+00,-1.930730000000000057e+00,1.261180000000000079e-01,1.378730000000000011e+00,-1.831790000000000029e+00,-1.526960000000000095e+00,-1.180480000000000018e+01,-2.998639999999999972e+00,-7.208470000000000155e-01,1.015390000000000015e+01,2.163549999999999918e-01,2.619850000000000012e+00,6.026440000000000019e+00,6.634220000000000006e+00,1.864130000000000065e+00,-9.262500000000000178e-01,-2.315199999999999925e+00,1.682199999999999918e+00,-2.523299999999999876e+00,2.987150000000000194e+00,-6.481429999999999580e+00,1.805889999999999995e+00,2.242729999999999890e+01,5.318730000000000402e+00,-4.947660000000000252e-02,1.237529999999999930e+01,1.261649999999999938e+00,-2.300660000000000149e+00,-5.310480000000000089e+00,0.000000000000000000e+00,0.000000000000000000e+00,0.000000000000000000e+00,0.000000000000000000e+00,0.000000000000000000e+00,0.000000000000000000e+00,0.000000000000000000e+00,0.000000000000000000e+00,0.000000000000000000e+00,0.000000000000000000e+00,0.000000000000000000e+00,0.000000000000000000e+00
2.220000000000000195e+00,-1.822479999999999933e-01,9.077650000000000441e-01,-2.204810000000000159e+00,4.345559999999999701e-02,1.176360000000000072e+00,-2.051130000000000120e+00,-1.015329999999999983e-01,1.228580000000000005e+00,-1.878570000000000073e+00,1.615729999999999944e-01,1.347599999999999909e+00,-1.907980000000000009e+00,1.693599999999999994e+00,-1.021199999999999974e+01,7.521889999999999965e-01,8.138600000000000279e-01,4.619620000000000282e+00,9.442800000000000082e-01,6.355859999999999843e-01,4.813399999999999679e+00,8.350910000000000277e-01,3.030660000000000132e+00,-3.363949999999999996e+00,-5.218810000000000393e+00,6.431949999999999612e-01,9.647930000000000117e-01,3.413879999999999804e+00,-6.753549999999999720e+00,-1.632730000000000015e+00,2.375489999999999924e+01,4.502369999999999983e+00,-1.830629999999999979e+00,1.142699999999999960e+01,2.078019999999999978e+00,-1.187440000000000051e+00,-2.655240000000000045e+00,0.000000000000000000e+00,0.000000000000000000e+00,0.000000000000000000e+00,0.000000000000000000e+00,0.000000000000000000e+00,0.000000000000000000e+00,0.000000000000000000e+00,0.000000000000000000e+00,0.000000000000000000e+00,0.000000000000000000e+00,0.000000000000000000e+00,0.000000000000000000e+00
2.240000000000000213e+00,-1.408590000000000120e-01,7.484140000000000237e-01,-2.160099999999999909e+00,5.238749999999999657e-02,1.271220000000000017e+00,-2.002800000000000136e+00,-9.248009999999999564e-02,1.304179999999999895e+00,-1.827280000000000015e+00,2.117739999999999900e-01,1.276750000000000052e+00,-2.010839999999999961e+00,3.759259999999999824e+00,-6.561259999999999870e+00,2.818690000000000140e+00,-5.115690000000000515e-01,5.127320000000000100e+00,2.853060000000000151e+00,-1.848619999999999930e+00,3.650739999999999874e+00,3.951010000000000133e+00,3.158549999999999969e+00,-4.991670000000000051e+00,-5.186460000000000292e+00,1.632730000000000015e+00,3.191240000000000077e+00,2.323339999999999961e+00,-5.887710000000000221e+00,-1.558510000000000062e+00,2.072040000000000148e+01,2.399610000000000021e+00,-3.166500000000000092e+00,1.038390000000000057e+01,2.770690000000000097e+00,-5.937189999999999968e-01,1.422450000000000103e-01,0.000000000000000000e+00,0.000000000000000000e+00,0.000000000000000000e+00,0.000000000000000000e+00,0.000000000000000000e+00,0.000000000000000000e+00,0.000000000000000000e+00,0.000000000000000000e+00,0.000000000000000000e+00,0.000000000000000000e+00,0.000000000000000000e+00,0.000000000000000000e+00
2.260000000000000231e+00,-8.275589999999999336e-02,6.726900000000000102e-01,-2.085100000000000176e+00,5.078280000000000294e-02,1.336710000000000065e+00,-1.945249999999999924e+00,-1.124330000000000052e-01,1.366400000000000059e+00,-1.759479999999999933e+00,2.754469999999999974e-01,1.188490000000000046e+00,-2.090120000000000200e+00,2.468710000000000182e+00,-1.530829999999999913e+00,4.733530000000000015e+00,2.065650000000000208e+00,1.875750000000000028e+00,3.283749999999999947e+00,2.596600000000000019e-01,3.340700000000000003e+00,2.400129999999999875e+00,2.189670000000000005e+00,-6.704659999999999620e+00,-3.184670000000000112e+00,-1.904849999999999932e+00,6.060880000000000045e+00,4.314770000000000216e+00,-8.411020000000000163e-01,-9.276859999999999218e+00,1.341849999999999987e+01,3.141760000000000108e+00,-6.234049999999999869e+00,7.017430000000000057e+00,2.226450000000000096e-01,-6.926719999999999544e-01,4.741500000000000159e-01,0.000000000000000000e+00,0.000000000000000000e+00,0.000000000000000000e+00,0.000000000000000000e+00,0.000000000000000000e+00,0.000000000000000000e+00,0.000000000000000000e+00,0.000000000000000000e+00,0.000000000000000000e+00,0.000000000000000000e+00,0.000000000000000000e+00,0.000000000000000000e+00
2.280000000000000249e+00,-5.196370000000000156e-02,7.253429999999999600e-01,-2.004550000000000054e+00,6.225800000000000084e-02,1.393359999999999932e+00,-1.865089999999999915e+00,-1.221819999999999989e-01,1.422020000000000062e+00,-1.694299999999999917e+00,2.938859999999999806e-01,1.072200000000000042e+00,-2.132740000000000080e+00,-2.798130000000000006e+00,9.607419999999999405e+00,-1.045379999999999976e+00,-2.092779999999999918e-01,2.817509999999999959e+00,6.106479999999999686e-01,-1.244040000000000035e+00,1.426190000000000069e+00,5.281500000000000306e+00,-4.030540000000000234e-01,-6.134949999999999903e+00,-1.168719999999999981e+00,-4.947660000000000252e-02,1.979060000000000041e+00,1.782809999999999917e+01,3.166500000000000092e+00,-8.312060000000000670e+00,-4.314770000000000216e+00,2.919119999999999937e+00,-8.361539999999999750e+00,6.258790000000000298e+00,-7.421480000000000299e-01,1.410080000000000000e+00,1.280210000000000070e+00,0.000000000000000000e+00,0.000000000000000000e+00,0.000000000000000000e+00,0.000000000000000000e+00,0.000000000000000000e+00,0.000000000000000000e+00,0.000000000000000000e+00,0.000000000000000000e+00,0.000000000000000000e+00,0.000000000000000000e+00,0.000000000000000000e+00,0.000000000000000000e+00
2.300000000000000266e+00,-7.912260000000000126e-02,8.579579999999999984e-01,-2.040529999999999955e+00,8.941689999999999361e-02,1.423030000000000017e+00,-1.908120000000000038e+00,-1.270870000000000055e-01,1.434099999999999930e+00,-1.585599999999999898e+00,2.872859999999999858e-01,9.693739999999999579e-01,-2.130999999999999783e+00,3.592610000000000081e+00,4.937420000000000364e+00,1.929000000000000048e+00,2.228429999999999911e+00,-8.913699999999999402e-02,-4.124909999999999854e+00,-1.197540000000000049e+00,9.533789999999999765e-01,2.535600000000000076e+00,-4.693260000000000431e+00,-6.607770000000000366e+00,2.365749999999999797e+00,1.311129999999999907e+00,-9.895310000000000494e-01,1.825479999999999947e+01,-5.937189999999999968e-01,-6.877239999999999576e+00,-8.629540000000000433e+00,-1.261649999999999938e+00,-4.279720000000000191e+00,-1.118989999999999974e+01,-1.387819999999999965e+01,-2.869639999999999969e+00,9.198520000000000252e+00,0.000000000000000000e+00,0.000000000000000000e+00,0.000000000000000000e+00,0.000000000000000000e+00,0.000000000000000000e+00,0.000000000000000000e+00,0.000000000000000000e+00,0.000000000000000000e+00,0.000000000000000000e+00,0.000000000000000000e+00,0.000000000000000000e+00,0.000000000000000000e+00
2.319999999999999840e+00,-8.321009999999999518e-02,9.678350000000000009e-01,-2.035860000000000003e+00,9.220250000000000667e-02,1.344030000000000058e+00,-2.050310000000000077e+00,-1.357160000000000033e-01,1.436220000000000052e+00,-1.628789999999999960e+00,1.253009999999999957e-01,8.835070000000000423e-01,-2.014110000000000067e+00,1.240170000000000022e-01,8.665670000000000428e+00,-1.358789999999999942e+00,-1.829250000000000043e+00,-6.638770000000000060e+00,-8.502560000000000784e+00,-1.352559999999999985e+00,-1.364179999999999948e+00,-6.146919999999999717e+00,-8.762560000000000571e+00,-3.216680000000000206e+00,9.436730000000000729e+00,3.908650000000000180e+00,8.905779999999999808e-01,1.725910000000000011e+01,-3.265449999999999964e+00,-3.191240000000000077e+00,-1.801770000000000094e+00,-5.195039999999999658e-01,-3.166500000000000092e+00,-8.439880000000000493e+00,7.421479999999999744e-02,1.830629999999999979e+00,7.396749999999999936e+00,0.000000000000000000e+00,0.000000000000000000e+00,0.000000000000000000e+00,0.000000000000000000e+00,0.000000000000000000e+00,0.000000000000000000e+00,0.000000000000000000e+00,0.000000000000000000e+00,0.000000000000000000e+00,0.000000000000000000e+00,0.000000000000000000e+00,0.000000000000000000e+00
2.339999999999999858e+00,-5.390140000000000209e-02,1.063509999999999955e+00,-2.040989999999999860e+00,6.365079999999999349e-02,1.248140000000000027e+00,-2.183040000000000092e+00,-1.525199999999999889e-01,1.412400000000000100e+00,-1.759269999999999889e+00,6.526060000000000194e-02,9.003109999999999724e-01,-1.922279999999999989e+00,-6.704660000000000064e-01,3.829019999999999868e+00,1.245560000000000000e+00,-3.383329999999999949e+00,-7.061200000000000365e+00,-7.815080000000000027e+00,-1.918379999999999974e+00,-2.348570000000000046e+00,-9.881569999999999965e+00,7.258860000000000312e+00,9.274129999999999541e+00,-3.453599999999999781e+00,6.704069999999999752e+00,-2.943859999999999921e+00,1.778059999999999974e+01,1.781160000000000077e+00,-1.509039999999999937e+00,1.469870000000000010e+00,-2.003800000000000026e+00,-3.166500000000000092e+00,-5.310480000000000089e+00,-1.031589999999999918e+01,-1.410080000000000000e+00,1.981950000000000145e+01,0.000000000000000000e+00,0.000000000000000000e+00,0.000000000000000000e+00,0.000000000000000000e+00,0.000000000000000000e+00,0.000000000000000000e+00,0.000000000000000000e+00,0.000000000000000000e+00,0.000000000000000000e+00,0.000000000000000000e+00,0.000000000000000000e+00,0.000000000000000000e+00
2.359999999999999876e+00,-6.900989999999999902e-02,1.168090000000000073e+00,-2.009380000000000166e+00,4.312690000000000208e-04,1.056969999999999965e+00,-2.304390000000000160e+00,-2.082309999999999994e-01,1.303790000000000004e+00,-2.003779999999999895e+00,9.072410000000000196e-02,1.032810000000000006e+00,-1.914779999999999927e+00,7.712290000000000534e-01,3.945279999999999898e+00,1.243540000000000090e+00,-2.635359999999999925e+00,-8.475770000000000692e+00,-1.615590000000000082e+00,-2.391199999999999992e+00,-6.413990000000000080e+00,-9.800689999999999458e+00,2.170289999999999997e-01,3.720499999999999918e+00,4.240160000000000373e+00,5.021869999999999834e+00,-6.778290000000000148e+00,1.574179999999999957e+01,-7.916250000000000231e-01,2.646999999999999797e+00,6.258790000000000298e+00,-1.781160000000000077e+00,2.424350000000000005e+00,3.081980000000000164e+00,-2.152229999999999865e+00,-6.704069999999999752e+00,1.081060000000000088e+01,0.000000000000000000e+00,0.000000000000000000e+00,0.000000000000000000e+00,0.000000000000000000e+00,0.000000000000000000e+00,0.000000000000000000e+00,0.000000000000000000e+00,0.000000000000000000e+00,0.000000000000000000e+00,0.000000000000000000e+00,0.000000000000000000e+00,0.000000000000000000e+00
2.379999999999999893e+00,-6.994849999999999679e-02,1.234310000000000018e+00,-1.975770000000000026e+00,-4.162420000000000009e-02,9.272639999999999771e-01,-2.270589999999999886e+00,-2.336340000000000083e-01,1.195030000000000037e+00,-2.148249999999999993e+00,9.908069999999999378e-02,1.103720000000000034e+00,-1.877639999999999976e+00,-1.139399999999999968e+00,1.623839999999999950e+00,2.299030000000000129e+00,-1.193659999999999943e+00,-7.006949999999999790e+00,4.377659999999999663e+00,-1.895129999999999981e+00,-5.262959999999999638e+00,-3.764990000000000059e+00,-3.309699999999999864e+00,4.739770000000000039e+00,-3.639620000000000077e-01,7.273060000000000080e+00,-1.808370000000000033e+01,1.379780000000000051e+01,8.411020000000000163e-01,-8.658400000000000540e-01,6.021709999999999674e+00,-2.226449999999999818e+00,1.410080000000000000e+00,7.823479999999999990e+00,-6.555640000000000356e+00,-2.424350000000000005e+00,4.978580000000000005e+00,0.000000000000000000e+00,0.000000000000000000e+00,0.000000000000000000e+00,0.000000000000000000e+00,0.000000000000000000e+00,0.000000000000000000e+00,0.000000000000000000e+00,0.000000000000000000e+00,0.000000000000000000e+00,0.000000000000000000e+00,0.000000000000000000e+00,0.000000000000000000e+00
2.399999999999999911e+00,-7.567100000000000215e-02,1.291649999999999965e+00,-1.927999999999999936e+00,-5.764099999999999779e-02,8.095750000000000446e-01,-2.140470000000000095e+00,-2.553429999999999866e-01,1.110559999999999992e+00,-2.139759999999999884e+00,7.019590000000000551e-02,1.171300000000000008e+00,-1.879499999999999948e+00,-9.688810000000000477e-02,2.623730000000000118e+00,1.617609999999999881e-02,4.379339999999999899e-01,-6.921689999999999898e+00,1.113930000000000042e+01,-4.456849999999999978e-01,-3.146929999999999783e+00,4.058180000000000121e+00,1.937759999999999830e-02,3.069409999999999972e+00,2.305089999999999917e-01,1.063749999999999973e+00,-1.333389999999999986e+01,4.267349999999999755e-01,3.018069999999999808e+00,3.710740000000000149e-01,1.559950000000000081e+01,-1.039009999999999989e+00,4.279720000000000191e+00,9.957160000000000011e+00,-5.689800000000000413e-01,-1.682199999999999918e+00,1.469870000000000010e+00,0.000000000000000000e+00,0.000000000000000000e+00,0.000000000000000000e+00,0.000000000000000000e+00,0.000000000000000000e+00,0.000000000000000000e+00,0.000000000000000000e+00,0.000000000000000000e+00,0.000000000000000000e+00,0.000000000000000000e+00,0.000000000000000000e+00,0.000000000000000000e+00
2.419999999999999929e+00,-6.183419999999999889e-02,1.321569999999999911e+00,-1.945449999999999902e+00,1.399560000000000040e-02,8.248349999999999849e-01,-2.009180000000000188e+00,-2.627610000000000223e-01,1.083040000000000003e+00,-1.978010000000000046e+00,7.652390000000000581e-02,1.208509999999999973e+00,-1.870130000000000070e+00,-2.131540000000000212e+00,6.665900000000000158e-01,-1.346659999999999968e+00,4.801770000000000316e+00,7.119340000000000224e+00,-5.234989999999999810e+00,1.937759999999999830e-02,-3.565479999999999761e-01,9.450889999999999347e+00,-1.201410000000000089e+00,1.019260000000000055e+00,2.709500000000000242e-01,-2.003800000000000026e+00,-1.197330000000000005e+01,-6.970010000000000261e+00,-4.007600000000000051e+00,-5.516639999999999766e+00,2.095739999999999981e+01,6.555640000000000356e+00,5.442420000000000035e-01,3.034559999999999924e+00,-1.484300000000000064e-01,-2.127489999999999881e+00,-7.112260000000000248e-01,0.000000000000000000e+00,0.000000000000000000e+00,0.000000000000000000e+00,0.000000000000000000e+00,0.000000000000000000e+00,0.000000000000000000e+00,0.000000000000000000e+00,0.000000000000000000e+00,0.000000000000000000e+00,0.000000000000000000e+00,0.000000000000000000e+00,0.000000000000000000e+00
2.439999999999999947e+00,-1.130030000000000062e-01,1.238150000000000084e+00,-2.003400000000000070e+00,-1.491939999999999933e-02,9.040409999999999835e-01,-2.021659999999999791e+00,-2.236120000000000052e-01,1.082640000000000047e+00,-1.801649999999999974e+00,7.537339999999999318e-02,1.247619999999999951e+00,-1.872819999999999929e+00,-4.739770000000000039e+00,-5.220329999999999693e+00,-4.143099999999999561e+00,-2.464830000000000076e+00,4.732009999999999827e+00,3.338340000000000085e+00,6.572890000000000121e+00,-4.418099999999999916e+00,8.923140000000000072e+00,4.123560000000000336e+00,1.747859999999999969e+00,-1.472029999999999950e+00,-2.597519999999999829e+00,1.731679999999999886e-01,-3.413879999999999804e+00,-3.290189999999999948e+00,-7.644129999999999647e+00,1.958239999999999981e+01,9.078950000000000742e+00,-6.679339999999999833e+00,4.741499999999999881e-02,4.156030000000000335e+00,-1.212180000000000035e+00,-4.314770000000000216e+00,0.000000000000000000e+00,0.000000000000000000e+00,0.000000000000000000e+00,0.000000000000000000e+00,0.000000000000000000e+00,0.000000000000000000e+00,0.000000000000000000e+00,0.000000000000000000e+00,0.000000000000000000e+00,0.000000000000000000e+00,0.000000000000000000e+00,0.000000000000000000e+00
2.459999999999999964e+00,-1.680480000000000029e-01,1.086160000000000014e+00,-2.097690000000000055e+00,1.778029999999999888e-02,9.823389999999999622e-01,-2.001090000000000035e+00,-2.093510000000000093e-01,1.120370000000000088e+00,-1.734669999999999934e+00,1.507640000000000091e-01,1.244350000000000067e+00,-1.925859999999999905e+00,-9.688809999999999922e-01,-7.890570000000000306e+00,-3.358560000000000212e+00,1.356430000000000136e-01,4.433600000000000207e+00,1.617609999999999881e-02,-4.197189999999999976e+00,1.197540000000000049e+00,-1.188940000000000108e+00,4.642879999999999896e+00,-5.076939999999999786e-01,-3.073459999999999859e+00,2.473830000000000126e-02,4.947660000000000252e-02,4.409600000000000186e+00,-2.597519999999999829e+00,-8.262589999999999435e+00,2.100489999999999924e+01,1.632730000000000015e+00,-8.485229999999999606e+00,3.034559999999999924e+00,2.597519999999999829e+00,6.679340000000000277e-01,-9.483010000000000050e-02,0.000000000000000000e+00,0.000000000000000000e+00,0.000000000000000000e+00,0.000000000000000000e+00,0.000000000000000000e+00,0.000000000000000000e+00,0.000000000000000000e+00,0.000000000000000000e+00,0.000000000000000000e+00,0.000000000000000000e+00,0.000000000000000000e+00,0.000000000000000000e+00
2.479999999999999982e+00,-1.947530000000000094e-01,9.764650000000000274e-01,-2.119299999999999962e+00,1.705359999999999862e-02,1.046310000000000073e+00,-1.993540000000000090e+00,-2.437159999999999882e-01,1.097329999999999917e+00,-1.717009999999999925e+00,2.341179999999999928e-01,1.222490000000000077e+00,-1.976259999999999906e+00,-9.766319999999999446e-01,-6.437240000000000073e+00,-4.367550000000000043e-01,2.945400000000000240e-01,3.662370000000000125e+00,1.176809999999999912e+00,5.852039999999999464e-01,-2.887270000000000003e+00,2.685229999999999784e+00,3.329079999999999817e+00,-1.995889999999999942e+00,-2.327339999999999964e+00,1.212180000000000035e+00,2.820160000000000000e+00,-8.534709999999999797e-01,-5.368210000000000370e+00,-9.474759999999999849e+00,1.891860000000000142e+01,6.407219999999999693e+00,-4.823970000000000091e+00,3.413879999999999804e+00,-5.937189999999999968e-01,-9.647930000000000117e-01,-8.534709999999999797e-01,0.000000000000000000e+00,0.000000000000000000e+00,0.000000000000000000e+00,0.000000000000000000e+00,0.000000000000000000e+00,0.000000000000000000e+00,0.000000000000000000e+00,0.000000000000000000e+00,0.000000000000000000e+00,0.000000000000000000e+00,0.000000000000000000e+00,0.000000000000000000e+00
2.500000000000000000e+00,-1.935719999999999941e-01,8.938070000000000181e-01,-2.130389999999999784e+00,1.859780000000000114e-02,1.107779999999999987e+00,-1.954870000000000108e+00,-2.336340000000000083e-01,1.069020000000000081e+00,-1.646970000000000045e+00,2.720560000000000200e-01,1.179259999999999975e+00,-2.021669999999999856e+00,9.921339999999999604e-01,-2.414449999999999985e+00,-2.406189999999999996e-01,1.240170000000000022e-01,3.491849999999999898e+00,1.645920000000000050e+00,-1.619969999999999910e+00,7.634780000000000122e+00,2.470899999999999874e+00,4.301829999999999821e-01,-3.580979999999999830e+00,-2.022009999999999863e+00,1.360610000000000097e+00,1.583250000000000046e+00,1.327620000000000022e+00,-3.661270000000000024e+00,-4.576579999999999870e+00,1.583660000000000068e+01,6.135089999999999932e+00,-3.958130000000000148e+00,2.797489999999999810e+00,-6.926719999999999544e-01,-1.286389999999999922e+00,-9.483010000000000050e-02,0.000000000000000000e+00,0.000000000000000000e+00,0.000000000000000000e+00,0.000000000000000000e+00,0.000000000000000000e+00,0.000000000000000000e+00,0.000000000000000000e+00,0.000000000000000000e+00,0.000000000000000000e+00,0.000000000000000000e+00,0.000000000000000000e+00,0.000000000000000000e+00
2.520000000000000018e+00,-1.507590000000000041e-01,8.565350000000000463e-01,-2.115479999999999805e+00,8.697029999999999691e-03,1.142719999999999958e+00,-1.921249999999999902e+00,-2.341179999999999928e-01,1.127939999999999943e+00,-1.639610000000000012e+00,2.771429999999999727e-01,1.118980000000000086e+00,-2.049100000000000144e+00,3.712750000000000217e+00,-3.135299999999999976e+00,2.125140000000000029e+00,8.526150000000000118e-01,7.441010000000000124e-01,2.460789999999999811e+00,6.704660000000000064e-01,5.309469999999999468e-01,-8.088049999999999407e-03,1.371939999999999937e+00,-3.208930000000000060e+00,7.683650000000000202e-02,1.459559999999999969e+00,-1.632730000000000015e+00,6.638110000000000177e+00,-2.646999999999999797e+00,-1.219599999999999973e+01,1.484089999999999954e+01,3.982860000000000067e+00,-9.004730000000000345e+00,-6.163960000000000550e-01,3.042809999999999793e+00,4.947660000000000252e-02,3.508710000000000218e+00,0.000000000000000000e+00,0.000000000000000000e+00,0.000000000000000000e+00,0.000000000000000000e+00,0.000000000000000000e+00,0.000000000000000000e+00,0.000000000000000000e+00,0.000000000000000000e+00,0.000000000000000000e+00,0.000000000000000000e+00,0.000000000000000000e+00,0.000000000000000000e+00
2.540000000000000036e+00,-8.127230000000000565e-02,8.058809999999999585e-01,-2.030930000000000124e+00,2.589469999999999966e-02,1.180690000000000017e+00,-1.880309999999999926e+00,-2.267909999999999926e-01,1.153950000000000031e+00,-1.632030000000000092e+00,2.960659999999999958e-01,1.047309999999999963e+00,-2.016000000000000014e+00,4.751389999999999780e+00,-3.061659999999999826e+00,7.048739999999999561e+00,5.231959999999999944e-01,3.135299999999999976e+00,-4.327110000000000123e-01,-2.712870000000000004e-01,9.921339999999999604e-01,-2.992580000000000240e-01,1.588960000000000095e-01,-4.228200000000000180e+00,2.416300000000000114e+00,5.442420000000000035e-01,-6.926719999999999544e-01,7.444160000000000110e+00,-6.926719999999999544e-01,-7.198839999999999684e+00,5.879470000000000418e+00,1.706939999999999902e+00,-3.784959999999999880e+00,-3.793200000000000127e+00,3.710740000000000149e-01,-7.421479999999999744e-02,3.034559999999999924e+00,0.000000000000000000e+00,0.000000000000000000e+00,0.000000000000000000e+00,0.000000000000000000e+00,0.000000000000000000e+00,0.000000000000000000e+00,0.000000000000000000e+00,0.000000000000000000e+00,0.000000000000000000e+00,0.000000000000000000e+00,0.000000000000000000e+00,0.000000000000000000e+00
2.560000000000000053e+00,-5.196370000000000156e-02,8.070009999999999684e-01,-1.922609999999999930e+00,2.292749999999999996e-02,1.221019999999999994e+00,-1.883750000000000036e+00,-2.096840000000000093e-01,1.156670000000000087e+00,-1.651659999999999906e+00,3.026059999999999861e-01,9.739160000000000039e-01,-1.948380000000000001e+00,-2.701239999999999863e+00,4.038299999999999557e+00,-2.942029999999999923e+00,2.294309999999999850e+00,1.716860000000000053e+00,-6.591759999999999842e-01,3.363949999999999996e+00,6.975939999999999919e-02,-8.674429999999999641e-01,-5.154450000000000420e-01,-4.212690000000000268e+00,3.283749999999999947e+00,4.725010000000000154e+00,-6.135089999999999932e+00,1.683230000000000004e+01,9.647930000000000117e-01,-7.396749999999999936e+00,-3.508710000000000218e+00,1.706939999999999902e+00,-2.498569999999999958e+00,-1.232790000000000052e+00,-5.566110000000000113e+00,-5.195039999999999658e-01,4.741499999999999881e-02,0.000000000000000000e+00,0.000000000000000000e+00,0.000000000000000000e+00,0.000000000000000000e+00,0.000000000000000000e+00,0.000000000000000000e+00,0.000000000000000000e+00,0.000000000000000000e+00,0.000000000000000000e+00,0.000000000000000000e+00,0.000000000000000000e+00,0.000000000000000000e+00
2.580000000000000071e+00,-3.461460000000000231e-02,8.438489999999999602e-01,-1.939969999999999972e+00,6.994849999999999679e-02,1.224949999999999983e+00,-1.923839999999999995e+00,-1.622999999999999998e-01,1.161850000000000049e+00,-1.666160000000000085e+00,2.480159999999999865e-01,9.069720000000000004e-01,-1.895829999999999904e+00,6.627150000000000540e-01,1.980390000000000095e+00,3.326210000000000111e+00,6.782169999999999588e-01,-2.929899999999999949e+00,-3.623450000000000060e+00,-7.518519999999999648e-01,6.859680000000000222e-01,-1.463940000000000019e+00,-8.572660000000000835e+00,-5.166070000000000384e+00,3.922699999999999854e+00,5.442420000000000035e-01,-9.944789999999999353e+00,1.716420000000000101e+01,-4.057080000000000020e+00,-1.056320000000000014e+01,-6.258790000000000298e+00,-3.117020000000000124e+00,-1.459559999999999969e+00,-6.021709999999999674e+00,-9.870570000000000732e+00,-1.607990000000000030e+00,4.883750000000000036e+00,0.000000000000000000e+00,0.000000000000000000e+00,0.000000000000000000e+00,0.000000000000000000e+00,0.000000000000000000e+00,0.000000000000000000e+00,0.000000000000000000e+00,0.000000000000000000e+00,0.000000000000000000e+00,0.000000000000000000e+00,0.000000000000000000e+00,0.000000000000000000e+00
2.600000000000000089e+00,-7.476259999999999850e-02,9.040709999999999580e-01,-1.931030000000000024e+00,3.709740000000000260e-02,1.105690000000000062e+00,-2.022489999999999899e+00,-1.924869999999999914e-01,1.160300000000000109e+00,-1.725400000000000045e+00,4.270390000000000297e-02,8.359410000000000451e-01,-1.789080000000000004e+00,2.480340000000000045e-01,4.580869999999999997e+00,-2.070539999999999825e+00,-2.569469999999999921e+00,-6.088449999999999918e+00,-5.514029999999999987e+00,-1.988140000000000018e+00,1.484329999999999927e+00,-4.304859999999999687e+00,-6.278349999999999653e+00,-1.325430000000000108e+00,6.986049999999999649e+00,1.558510000000000062e+00,-3.883910000000000196e+00,1.161669999999999980e+01,-3.710740000000000149e-01,1.805889999999999995e+00,-1.422449999999999992e+00,-1.607990000000000030e+00,2.300660000000000149e+00,-1.896600000000000064e+00,4.576579999999999870e+00,2.424350000000000005e+00,4.694090000000000096e+00,0.000000000000000000e+00,0.000000000000000000e+00,0.000000000000000000e+00,0.000000000000000000e+00,0.000000000000000000e+00,0.000000000000000000e+00,0.000000000000000000e+00,0.000000000000000000e+00,0.000000000000000000e+00,0.000000000000000000e+00,0.000000000000000000e+00,0.000000000000000000e+00
2.620000000000000107e+00,-3.376690000000000247e-02,9.572690000000000365e-01,-1.941769999999999996e+00,-1.498000000000000026e-02,9.863049999999999873e-01,-2.122189999999999799e+00,-2.322710000000000052e-01,1.169689999999999896e+00,-1.825849999999999973e+00,9.889900000000000080e-02,8.835370000000000168e-01,-1.780610000000000026e+00,8.448639999999999484e-01,2.236180000000000057e+00,2.106939999999999813e+00,-2.309810000000000141e+00,-4.363839999999999719e+00,-4.209830000000000183e+00,-1.441689999999999916e+00,-3.336829999999999963e+00,-6.605909999999999727e+00,7.751049999999999607e-02,-3.836769999999999903e-01,1.929000000000000048e+00,7.545180000000000220e+00,-1.469449999999999967e+01,1.896600000000000108e+01,8.039939999999999642e+00,4.477630000000000443e+00,1.232790000000000052e+00,-3.042809999999999793e+00,-6.704069999999999752e+00,-4.125110000000000277e+00,-1.419979999999999976e+01,-6.605120000000000324e+00,1.043130000000000024e+01,0.000000000000000000e+00,0.000000000000000000e+00,0.000000000000000000e+00,0.000000000000000000e+00,0.000000000000000000e+00,0.000000000000000000e+00,0.000000000000000000e+00,0.000000000000000000e+00,0.000000000000000000e+00,0.000000000000000000e+00,0.000000000000000000e+00,0.000000000000000000e+00
2.640000000000000124e+00,-4.185099999999999931e-02,1.002289999999999903e+00,-1.924709999999999921e+00,2.883759999999999969e-03,9.175140000000000517e-01,-2.172709999999999919e+00,-2.727530000000000232e-01,1.092850000000000099e+00,-1.951230000000000020e+00,1.335060000000000136e-01,9.069420000000000259e-01,-1.718429999999999902e+00,6.975940000000000474e-01,2.550089999999999968e+00,-1.490220000000000100e+00,-1.705230000000000079e-01,-1.930010000000000003e+00,-4.852830000000000199e-01,1.821500000000000064e-01,-2.290430000000000188e+00,-5.048960000000000115e+00,2.867890000000000050e+00,2.127660000000000107e+00,-1.368900000000000006e+00,3.958130000000000148e+00,-7.792559999999999931e+00,1.095289999999999964e+01,-1.410080000000000000e+00,1.929589999999999916e+00,4.077689999999999593e+00,0.000000000000000000e+00,3.859170000000000211e+00,5.120820000000000149e+00,-7.817300000000000360e+00,-1.261649999999999938e+00,6.495860000000000412e+00,0.000000000000000000e+00,0.000000000000000000e+00,0.000000000000000000e+00,0.000000000000000000e+00,0.000000000000000000e+00,0.000000000000000000e+00,0.000000000000000000e+00,0.000000000000000000e+00,0.000000000000000000e+00,0.000000000000000000e+00,0.000000000000000000e+00,0.000000000000000000e+00
2.660000000000000142e+00,-1.617559999999999831e-02,1.040589999999999904e+00,-1.936830000000000052e+00,-2.747859999999999973e-03,9.014670000000000183e-01,-2.145739999999999981e+00,-2.795349999999999779e-01,1.021090000000000053e+00,-2.000760000000000094e+00,1.167929999999999940e-01,9.351610000000000200e-01,-1.734720000000000040e+00,1.193659999999999943e+00,3.464719999999999800e+00,1.605480000000000018e+00,-2.751620000000000177e-01,1.123900000000000038e-01,2.879350000000000076e+00,1.092899999999999983e+00,-5.026550000000000296e+00,-2.567960000000000242e-01,-1.054140000000000077e+00,1.313800000000000079e+00,1.528639999999999999e+00,5.615590000000000082e+00,-6.234049999999999869e+00,1.801770000000000138e+01,2.473830000000000126e-02,8.905779999999999808e-01,4.504430000000000156e+00,1.187440000000000051e+00,-1.484299999999999953e+00,4.504430000000000156e+00,-4.947659999999999947e+00,-3.191240000000000077e+00,7.586409999999999876e+00,0.000000000000000000e+00,0.000000000000000000e+00,0.000000000000000000e+00,0.000000000000000000e+00,0.000000000000000000e+00,0.000000000000000000e+00,0.000000000000000000e+00,0.000000000000000000e+00,0.000000000000000000e+00,0.000000000000000000e+00,0.000000000000000000e+00,0.000000000000000000e+00
2.680000000000000160e+00,-1.544899999999999919e-02,1.062759999999999927e+00,-1.912530000000000063e+00,-6.169230000000000373e-03,8.935039999999999649e-01,-2.047709999999999919e+00,-2.419910000000000116e-01,9.617139999999999578e-01,-1.969309999999999894e+00,1.438010000000000121e-01,9.592619999999999481e-01,-1.706190000000000095e+00,2.712870000000000004e-01,3.759259999999999824e-01,-1.799590000000000078e-01,-1.379690000000000083e+00,-2.302059999999999995e+00,7.048739999999999561e+00,2.778750000000000053e+00,-2.364069999999999894e+00,3.180629999999999846e+00,1.240169999999999995e+00,1.654849999999999932e+00,-5.823399999999999688e-01,1.880109999999999948e+00,-7.644129999999999647e+00,1.398739999999999917e+01,-1.113220000000000098e+00,-3.537570000000000103e+00,6.401030000000000442e+00,-6.431949999999999612e-01,2.078019999999999978e+00,3.508710000000000218e+00,-3.364409999999999901e+00,-1.039009999999999989e+00,1.280210000000000070e+00,0.000000000000000000e+00,0.000000000000000000e+00,0.000000000000000000e+00,0.000000000000000000e+00,0.000000000000000000e+00,0.000000000000000000e+00,0.000000000000000000e+00,0.000000000000000000e+00,0.000000000000000000e+00,0.000000000000000000e+00,0.000000000000000000e+00,0.000000000000000000e+00
