0.000000000000000000e+00,-3.773329999999999740e-02,9.071590000000000487e-01,-1.766899999999999915e+00,2.323029999999999887e-02,9.511220000000000230e-01,-1.767370000000000108e+00,2.566279999999999950e-02,8.390900000000000025e-01,-1.833990000000000009e+00,-1.055430000000000083e-02,8.738179999999999836e-01,-1.796759999999999913e+00,3.875519999999999920e-03,-6.200839999999999824e-02,1.617609999999999881e-02,-3.875519999999999920e-03,-1.937759999999999830e-02,-4.852830000000000338e-02,-5.813290000000000124e-02,-6.588389999999999525e-02,4.044019999999999733e-03,4.263080000000000341e-02,-4.263080000000000341e-02,1.011010000000000034e-02,3.809699999999999864e+00,1.212180000000000035e+00,7.444160000000000110e+00,-1.904849999999999932e+00,-3.191240000000000077e+00,3.650959999999999983e+00,4.700269999999999726e-01,1.979060000000000041e+00,7.444160000000000110e+00,-2.498569999999999958e+00,1.731680000000000108e+00,7.823479999999999990e+00,0.000000000000000000e+00,0.000000000000000000e+00,0.000000000000000000e+00,0.000000000000000000e+00,0.000000000000000000e+00,0.000000000000000000e+00,0.000000000000000000e+00,0.000000000000000000e+00,0.000000000000000000e+00,0.000000000000000000e+00,0.000000000000000000e+00,0.000000000000000000e+00
2.000000000000000042e-02,-3.776349999999999846e-02,9.071900000000000519e-01,-1.766920000000000046e+00,2.323029999999999887e-02,9.510920000000000485e-01,-1.767449999999999966e+00,2.575360000000000149e-02,8.393019999999999925e-01,-1.833939999999999904e+00,-1.064520000000000050e-02,8.738489999999999869e-01,-1.796759999999999913e+00,-1.937759999999999830e-02,-5.813290000000000124e-02,-2.022009999999999866e-03,5.813290000000000124e-02,-4.263080000000000341e-02,-2.830819999999999864e-02,-6.200839999999999824e-02,-7.751049999999999780e-03,4.650630000000000042e-02,0.000000000000000000e+00,3.875519999999999660e-02,-1.617609999999999881e-02,3.685999999999999943e+00,1.311129999999999907e+00,7.444160000000000110e+00,-1.880109999999999948e+00,-3.265449999999999964e+00,3.319049999999999834e+00,5.689800000000000413e-01,2.078019999999999978e+00,7.586409999999999876e+00,-2.597519999999999829e+00,1.805889999999999995e+00,8.107969999999999899e+00,0.000000000000000000e+00,0.000000000000000000e+00,0.000000000000000000e+00,0.000000000000000000e+00,0.000000000000000000e+00,0.000000000000000000e+00,0.000000000000000000e+00,0.000000000000000000e+00,0.000000000000000000e+00,0.000000000000000000e+00,0.000000000000000000e+00,0.000000000000000000e+00
4.000000000000000083e-02,-3.776349999999999846e-02,9.072200000000000264e-01,-1.766960000000000086e+00,2.326049999999999993e-02,9.511830000000000007e-01,-1.767449999999999966e+00,2.590500000000000094e-02,8.394230000000000302e-01,-1.833939999999999904e+00,-1.064520000000000050e-02,8.739700000000000246e-01,-1.796740000000000004e+00,5.425730000000000136e-02,-3.875519999999999660e-02,1.415409999999999932e-02,-7.751049999999999780e-03,3.875519999999999660e-02,-1.011010000000000034e-02,0.000000000000000000e+00,-4.263080000000000341e-02,-8.088049999999999407e-03,-3.100419999999999912e-02,1.937759999999999830e-02,0.000000000000000000e+00,3.562310000000000088e+00,1.385340000000000016e+00,7.254500000000000171e+00,-1.805889999999999995e+00,-3.166500000000000092e+00,3.319049999999999834e+00,6.926719999999999544e-01,2.152229999999999865e+00,7.870899999999999785e+00,-2.597519999999999829e+00,1.830629999999999979e+00,8.202799999999999869e+00,0.000000000000000000e+00,0.000000000000000000e+00,0.000000000000000000e+00,0.000000000000000000e+00,0.000000000000000000e+00,0.000000000000000000e+00,0.000000000000000000e+00,0.000000000000000000e+00,0.000000000000000000e+00,0.000000000000000000e+00,0.000000000000000000e+00,0.000000000000000000e+00
5.999999999999999778e-02,-3.779380000000000239e-02,9.077950000000000186e-01,-1.768100000000000005e+00,2.407799999999999871e-02,9.513040000000000385e-01,-1.771050000000000013e+00,2.487560000000000118e-02,8.486580000000000235e-01,-1.832649999999999890e+00,-1.203790000000000068e-02,8.786929999999999463e-01,-1.796629999999999949e+00,1.937759999999999830e-02,6.200839999999999824e-02,-1.678270000000000040e-01,-2.325309999999999877e-02,1.085150000000000003e-01,-6.591759999999999842e-01,-5.038179999999999742e-02,5.154450000000000420e-01,7.279239999999999322e-02,-2.325309999999999877e-01,3.526730000000000143e-01,-4.044029999999999847e-02,3.166500000000000092e+00,1.880109999999999948e+00,5.784639999999999560e+00,-9.647930000000000117e-01,-3.290189999999999948e+00,1.090549999999999908e+00,3.463359999999999772e-01,6.901980000000000004e+00,1.142699999999999960e+01,-3.265449999999999964e+00,4.180769999999999875e+00,9.056269999999999598e+00,0.000000000000000000e+00,0.000000000000000000e+00,0.000000000000000000e+00,0.000000000000000000e+00,0.000000000000000000e+00,0.000000000000000000e+00,0.000000000000000000e+00,0.000000000000000000e+00,0.000000000000000000e+00,0.000000000000000000e+00,0.000000000000000000e+00,0.000000000000000000e+00
8.000000000000000167e-02,-4.039759999999999879e-02,9.094910000000000494e-01,-1.768760000000000110e+00,2.192830000000000126e-02,9.548159999999999981e-01,-1.775560000000000027e+00,2.318009999999999862e-02,8.538050000000000361e-01,-1.832950000000000079e+00,-1.167450000000000085e-02,8.839010000000000478e-01,-1.796720000000000095e+00,-2.984149999999999858e-01,-6.200839999999999824e-02,-8.492449999999999999e-02,0.000000000000000000e+00,6.975939999999999919e-02,5.459429999999999839e-02,2.441579999999999862e-01,2.751620000000000177e-01,6.066039999999999974e-03,-1.201409999999999978e-01,1.705230000000000079e-01,-7.481450000000000600e-02,2.597519999999999829e+00,5.937189999999999968e-01,4.788920000000000066e+00,-7.421480000000000299e-01,-3.661270000000000024e+00,2.370750000000000079e-01,4.205510000000000081e-01,7.594649999999999679e+00,1.247020000000000017e+01,-3.191240000000000077e+00,5.096090000000000231e+00,1.000459999999999994e+01,0.000000000000000000e+00,0.000000000000000000e+00,0.000000000000000000e+00,0.000000000000000000e+00,0.000000000000000000e+00,0.000000000000000000e+00,0.000000000000000000e+00,0.000000000000000000e+00,0.000000000000000000e+00,0.000000000000000000e+00,0.000000000000000000e+00,0.000000000000000000e+00
1.000000000000000056e-01,-4.154820000000000041e-02,9.118829999999999991e-01,-1.768939999999999957e+00,2.117139999999999994e-02,9.573899999999999633e-01,-1.775940000000000074e+00,2.257450000000000082e-02,8.561659999999999826e-01,-1.832989999999999897e+00,-1.155340000000000013e-02,8.851120000000000099e-01,-1.796740000000000004e+00,-5.038179999999999742e-02,-3.875519999999999920e-03,-6.066039999999999974e-03,3.100419999999999912e-02,6.588389999999999525e-02,-1.496290000000000120e-01,7.751049999999999780e-03,-2.712869999999999865e-02,1.415409999999999932e-02,-6.588389999999999525e-02,8.138600000000000001e-02,-2.628619999999999915e-02,2.844899999999999984e+00,2.473829999999999918e-01,5.120820000000000149e+00,-7.668869999999999854e-01,-3.537570000000000103e+00,6.163960000000000550e-01,3.710740000000000149e-01,7.446220000000000283e+00,1.218570000000000064e+01,-3.240720000000000045e+00,5.343469999999999942e+00,9.767500000000000071e+00,0.000000000000000000e+00,0.000000000000000000e+00,0.000000000000000000e+00,0.000000000000000000e+00,0.000000000000000000e+00,0.000000000000000000e+00,0.000000000000000000e+00,0.000000000000000000e+00,0.000000000000000000e+00,0.000000000000000000e+00,0.000000000000000000e+00,0.000000000000000000e+00
1.199999999999999956e-01,-4.169960000000000333e-02,9.142439999999999456e-01,-1.771670000000000078e+00,2.180719999999999881e-02,9.622039999999999482e-01,-1.785369999999999902e+00,2.526919999999999861e-02,8.654920000000000391e-01,-1.832489999999999952e+00,-1.240119999999999938e-02,8.898650000000000171e-01,-1.796769999999999978e+00,1.356430000000000136e-01,3.061659999999999937e-01,-5.055030000000000356e-01,-7.363500000000000600e-02,5.076939999999999786e-01,-1.063579999999999970e+00,8.913699999999999402e-02,5.852039999999999464e-01,1.819809999999999831e-02,-1.860249999999999959e-01,4.495609999999999884e-01,-1.415409999999999932e-02,2.844899999999999984e+00,2.473830000000000126e-02,3.129389999999999894e+00,-1.484300000000000064e-01,-3.265449999999999964e+00,-1.232790000000000052e+00,1.731679999999999886e-01,1.113219999999999921e+01,1.360810000000000031e+01,-4.428149999999999586e+00,7.124629999999999797e+00,9.435589999999999478e+00,0.000000000000000000e+00,0.000000000000000000e+00,0.000000000000000000e+00,0.000000000000000000e+00,0.000000000000000000e+00,0.000000000000000000e+00,0.000000000000000000e+00,0.000000000000000000e+00,0.000000000000000000e+00,0.000000000000000000e+00,0.000000000000000000e+00,0.000000000000000000e+00
1.400000000000000133e-01,-4.472729999999999762e-02,9.215710000000000290e-01,-1.777030000000000109e+00,1.802250000000000033e-02,9.694399999999999684e-01,-1.812599999999999989e+00,2.236259999999999984e-02,8.786929999999999463e-01,-1.832519999999999927e+00,-1.279489999999999968e-02,8.989489999999999981e-01,-1.797009999999999996e+00,-6.859680000000000222e-01,6.975939999999999919e-02,-8.896850000000000591e-02,-4.418099999999999805e-01,4.069300000000000139e-01,-1.825879999999999947e+00,-3.875519999999999660e-02,4.146810000000000218e-01,-2.426410000000000025e-02,-2.015270000000000117e-01,5.348220000000000196e-01,-6.672640000000000515e-02,2.399610000000000021e+00,-9.647930000000000117e-01,1.896600000000000064e+00,-3.463359999999999772e-01,-4.428149999999999586e+00,-7.112260000000000248e-01,7.916250000000000231e-01,1.093430000000000035e+01,1.441419999999999924e+01,-4.205510000000000304e+00,7.322530000000000427e+00,9.767500000000000071e+00,0.000000000000000000e+00,0.000000000000000000e+00,0.000000000000000000e+00,0.000000000000000000e+00,0.000000000000000000e+00,0.000000000000000000e+00,0.000000000000000000e+00,0.000000000000000000e+00,0.000000000000000000e+00,0.000000000000000000e+00,0.000000000000000000e+00,0.000000000000000000e+00
1.600000000000000033e-01,-5.084339999999999693e-02,9.317750000000000199e-01,-1.781430000000000069e+00,1.084670000000000079e-02,9.678660000000000041e-01,-1.844889999999999919e+00,1.957700000000000065e-02,8.910160000000000302e-01,-1.832570000000000032e+00,-1.760890000000000025e-02,9.065480000000000205e-01,-1.797180000000000000e+00,-6.975939999999999919e-02,5.580749999999999877e-01,-8.088049999999999962e-01,-3.100419999999999843e-01,-1.468820000000000014e+00,-1.868339999999999890e+00,-7.751049999999999780e-03,7.092209999999999903e-01,1.213209999999999983e-02,-3.565479999999999761e-01,4.224319999999999742e-01,-7.077039999999999720e-02,2.646999999999999797e+00,-1.311129999999999907e+00,1.043129999999999891e+00,-1.484300000000000064e-01,-2.498569999999999958e+00,-2.512999999999999901e+00,9.647930000000000117e-01,1.303710000000000058e+01,1.503059999999999974e+01,-4.898179999999999978e+00,8.312060000000000670e+00,9.814909999999999357e+00,0.000000000000000000e+00,0.000000000000000000e+00,0.000000000000000000e+00,0.000000000000000000e+00,0.000000000000000000e+00,0.000000000000000000e+00,0.000000000000000000e+00,0.000000000000000000e+00,0.000000000000000000e+00,0.000000000000000000e+00,0.000000000000000000e+00,0.000000000000000000e+00
1.799999999999999933e-01,-5.444639999999999896e-02,9.446729999999999849e-01,-1.798559999999999937e+00,3.095689999999999900e-03,9.270209999999999839e-01,-1.886390000000000011e+00,1.809339999999999907e-02,9.024609999999999577e-01,-1.832600000000000007e+00,-1.924400000000000069e-02,9.158129999999999882e-01,-1.797420000000000018e+00,-3.914279999999999982e-01,6.898429999999999840e-01,-6.389559999999999684e-01,-1.158779999999999921e+00,-2.418330000000000091e+00,-2.276790000000000092e+00,-1.899009999999999865e-01,6.239590000000000414e-01,-4.044019999999999733e-03,-1.201409999999999978e-01,5.852039999999999464e-01,-1.617609999999999881e-02,2.127489999999999881e+00,-2.424350000000000005e+00,1.043129999999999891e+00,4.947660000000000252e-02,-2.226450000000000096e-01,-1.043129999999999891e+00,1.187440000000000051e+00,1.219599999999999973e+01,1.479349999999999987e+01,-4.898179999999999978e+00,7.594649999999999679e+00,9.483010000000000161e+00,0.000000000000000000e+00,0.000000000000000000e+00,0.000000000000000000e+00,0.000000000000000000e+00,0.000000000000000000e+00,0.000000000000000000e+00,0.000000000000000000e+00,0.000000000000000000e+00,0.000000000000000000e+00,0.000000000000000000e+00,0.000000000000000000e+00,0.000000000000000000e+00
2.000000000000000111e-01,-5.932110000000000161e-02,9.635059999999999736e-01,-1.801989999999999981e+00,-1.885550000000000073e-02,8.788500000000000201e-01,-1.923729999999999940e+00,1.633729999999999905e-02,9.129669999999999730e-01,-1.832570000000000032e+00,-2.224140000000000145e-02,9.252899999999999459e-01,-1.797749999999999959e+00,-1.627720000000000000e-01,1.092899999999999983e+00,5.257230000000000236e-02,-1.135529999999999928e+00,-2.054030000000000022e+00,-1.170749999999999957e+00,-7.751049999999999607e-02,5.386980000000000102e-01,1.415409999999999932e-02,-8.526150000000000395e-02,5.425729999999999720e-01,-6.066039999999999974e-03,2.201709999999999834e+00,-1.706939999999999902e+00,3.698370000000000157e+00,8.905779999999999808e-01,2.745950000000000113e+00,1.422449999999999992e+00,1.410080000000000000e+00,1.145379999999999932e+01,1.446160000000000068e+01,-5.318730000000000402e+00,6.357739999999999725e+00,9.625249999999999417e+00,0.000000000000000000e+00,0.000000000000000000e+00,0.000000000000000000e+00,0.000000000000000000e+00,0.000000000000000000e+00,0.000000000000000000e+00,0.000000000000000000e+00,0.000000000000000000e+00,0.000000000000000000e+00,0.000000000000000000e+00,0.000000000000000000e+00,0.000000000000000000e+00
2.200000000000000011e-01,-6.074419999999999820e-02,9.848510000000000320e-01,-1.809080000000000021e+00,-3.829369999999999996e-02,8.694939999999999891e-01,-1.920369999999999910e+00,2.033400000000000138e-02,9.295290000000000497e-01,-1.832379999999999898e+00,-1.994030000000000108e-02,9.437290000000000401e-01,-1.799709999999999921e+00,3.371709999999999985e-01,1.643219999999999903e+00,-7.259020000000000472e-01,-1.003759999999999986e+00,6.510880000000000001e-01,1.021120000000000028e+00,2.635359999999999925e-01,1.143280000000000074e+00,7.279239999999999322e-02,6.975939999999999919e-02,1.321550000000000002e+00,-2.507300000000000084e-01,1.706939999999999902e+00,-1.805889999999999995e+00,3.840619999999999923e+00,1.558510000000000062e+00,3.562310000000000088e+00,1.659529999999999950e+00,1.484299999999999953e+00,1.147860000000000014e+01,1.398739999999999917e+01,-5.862969999999999793e+00,6.605120000000000324e+00,1.047869999999999990e+01,0.000000000000000000e+00,0.000000000000000000e+00,0.000000000000000000e+00,0.000000000000000000e+00,0.000000000000000000e+00,0.000000000000000000e+00,0.000000000000000000e+00,0.000000000000000000e+00,0.000000000000000000e+00,0.000000000000000000e+00,0.000000000000000000e+00,0.000000000000000000e+00
2.399999999999999911e-01,-5.956329999999999958e-02,1.009770000000000056e+00,-1.827099999999999946e+00,-4.722559999999999952e-02,9.019209999999999727e-01,-1.905419999999999892e+00,2.121200000000000169e-02,9.730379999999999585e-01,-1.832089999999999996e+00,-1.869890000000000094e-02,9.698590000000000266e-01,-1.805590000000000028e+00,-2.596600000000000019e-01,1.375809999999999977e+00,-7.764529999999999488e-01,7.324739999999999585e-01,1.530829999999999913e+00,-3.882260000000000155e-01,-3.759259999999999824e-01,3.119800000000000129e+00,7.885849999999999804e-02,-1.588960000000000095e-01,1.472699999999999898e+00,-2.446629999999999916e-01,1.558510000000000062e+00,-3.290189999999999948e+00,2.844899999999999984e+00,3.215979999999999950e-01,4.081819999999999560e+00,5.452729999999999855e+00,2.078019999999999978e+00,8.361539999999999750e+00,1.341849999999999987e+01,-5.120820000000000149e+00,6.555640000000000356e+00,1.085800000000000054e+01,0.000000000000000000e+00,0.000000000000000000e+00,0.000000000000000000e+00,0.000000000000000000e+00,0.000000000000000000e+00,0.000000000000000000e+00,0.000000000000000000e+00,0.000000000000000000e+00,0.000000000000000000e+00,0.000000000000000000e+00,0.000000000000000000e+00,0.000000000000000000e+00
2.600000000000000089e-01,-6.882820000000000604e-02,1.052489999999999926e+00,-1.834699999999999998e+00,-5.742909999999999682e-02,9.382850000000000357e-01,-1.922250000000000014e+00,1.103879999999999965e-02,1.042829999999999924e+00,-1.830149999999999944e+00,-3.105209999999999915e-02,1.004219999999999891e+00,-1.807919999999999972e+00,-2.364070000000000060e-01,2.681859999999999911e+00,1.577169999999999961e-01,-1.340929999999999955e+00,1.864130000000000065e+00,-7.622989999999999489e-01,-5.231959999999999944e-01,3.344580000000000108e+00,2.608400000000000163e-01,-8.216109999999999802e-01,1.879629999999999912e+00,-2.284869999999999957e-01,2.350140000000000118e+00,-1.583250000000000046e+00,3.603540000000000187e+00,5.689800000000000413e-01,1.731680000000000108e+00,5.263069999999999915e+00,2.350140000000000118e+00,7.099890000000000256e+00,1.484089999999999954e+01,-4.106550000000000367e+00,6.357739999999999725e+00,1.118989999999999974e+01,0.000000000000000000e+00,0.000000000000000000e+00,0.000000000000000000e+00,0.000000000000000000e+00,0.000000000000000000e+00,0.000000000000000000e+00,0.000000000000000000e+00,0.000000000000000000e+00,0.000000000000000000e+00,0.000000000000000000e+00,0.000000000000000000e+00,0.000000000000000000e+00
2.800000000000000266e-01,-8.003090000000000204e-02,1.093730000000000091e+00,-1.832929999999999948e+00,-6.424150000000000693e-02,9.815509999999999513e-01,-1.928649999999999975e+00,2.296900000000000048e-04,1.103259999999999907e+00,-1.824319999999999942e+00,-4.470729999999999843e-02,1.043919999999999959e+00,-1.810769999999999991e+00,-1.588960000000000095e-01,3.038409999999999833e+00,3.963139999999999996e-01,-3.526730000000000143e-01,2.247799999999999798e+00,-6.470439999999999525e-02,-4.805650000000000199e-01,2.379570000000000185e+00,4.165349999999999886e-01,-5.425729999999999720e-01,2.088909999999999823e+00,1.314309999999999923e-01,2.721210000000000129e+00,-4.452889999999999904e-01,5.879470000000000418e+00,6.679340000000000277e-01,1.212180000000000035e+00,4.125110000000000277e+00,2.325400000000000134e+00,6.407219999999999693e+00,1.484089999999999954e+01,-3.710739999999999927e+00,4.947659999999999947e+00,1.299169999999999980e+01,0.000000000000000000e+00,0.000000000000000000e+00,0.000000000000000000e+00,0.000000000000000000e+00,0.000000000000000000e+00,0.000000000000000000e+00,0.000000000000000000e+00,0.000000000000000000e+00,0.000000000000000000e+00,0.000000000000000000e+00,0.000000000000000000e+00,0.000000000000000000e+00
2.999999999999999889e-01,-8.345229999999999315e-02,1.132849999999999913e+00,-1.826680000000000081e+00,-7.129620000000000402e-02,1.025330000000000075e+00,-1.930150000000000032e+00,-9.580230000000000343e-03,1.141990000000000061e+00,-1.816389999999999949e+00,-5.212529999999999941e-02,1.086030000000000051e+00,-1.809979999999999922e+00,6.588389999999999525e-02,2.821379999999999999e+00,1.029199999999999893e+00,-3.216680000000000095e-01,2.693490000000000162e+00,-2.345530000000000115e-01,-5.658260000000000511e-01,1.736229999999999940e+00,5.479650000000000354e-01,-3.216680000000000095e-01,2.375700000000000145e+00,4.448429999999999745e-02,3.636530000000000040e+00,-2.473830000000000126e-02,7.776069999999999816e+00,4.205510000000000081e-01,2.473829999999999918e-01,3.319049999999999834e+00,1.607990000000000030e+00,5.739279999999999937e+00,1.441419999999999924e+01,-3.636530000000000040e+00,4.180769999999999875e+00,1.479349999999999987e+01,0.000000000000000000e+00,0.000000000000000000e+00,0.000000000000000000e+00,0.000000000000000000e+00,0.000000000000000000e+00,0.000000000000000000e+00,0.000000000000000000e+00,0.000000000000000000e+00,0.000000000000000000e+00,0.000000000000000000e+00,0.000000000000000000e+00,0.000000000000000000e+00
3.200000000000000067e-01,-8.218060000000000642e-02,1.176139999999999963e+00,-1.808189999999999964e+00,-7.196230000000000682e-02,1.076500000000000012e+00,-1.931219999999999937e+00,-1.209329999999999954e-02,1.180830000000000046e+00,-1.803069999999999951e+00,-5.403279999999999889e-02,1.131269999999999998e+00,-1.808680000000000065e+00,5.270709999999999562e-01,2.836879999999999846e+00,1.330480000000000107e+00,1.162659999999999944e-01,3.371710000000000207e+00,1.294089999999999963e-01,-7.751049999999999607e-02,1.856379999999999919e+00,7.016379999999999839e-01,6.975939999999999919e-02,2.333070000000000199e+00,1.314309999999999923e-01,4.304459999999999731e+00,6.431949999999999612e-01,1.043130000000000024e+01,0.000000000000000000e+00,3.215979999999999950e-01,4.030280000000000307e+00,6.926719999999999544e-01,4.081819999999999560e+00,1.337100000000000044e+01,-3.883910000000000196e+00,2.721210000000000129e+00,1.517280000000000051e+01,0.000000000000000000e+00,0.000000000000000000e+00,0.000000000000000000e+00,0.000000000000000000e+00,0.000000000000000000e+00,0.000000000000000000e+00,0.000000000000000000e+00,0.000000000000000000e+00,0.000000000000000000e+00,0.000000000000000000e+00,0.000000000000000000e+00,0.000000000000000000e+00
3.400000000000000244e-01,-7.503519999999999635e-02,1.214080000000000048e+00,-1.784890000000000088e+00,-7.241649999999999476e-02,1.132179999999999964e+00,-1.927100000000000035e+00,-8.248020000000000004e-03,1.216439999999999966e+00,-1.786459999999999937e+00,-4.855249999999999844e-02,1.175289999999999946e+00,-1.801779999999999937e+00,6.627150000000000540e-01,2.398950000000000138e+00,1.556950000000000056e+00,-1.899009999999999865e-01,3.495719999999999938e+00,7.501670000000000282e-01,8.913699999999999402e-02,1.697480000000000100e+00,7.845410000000000439e-01,3.642989999999999839e-01,2.352440000000000087e+00,5.762739999999999529e-01,4.403410000000000046e+00,5.689800000000000413e-01,1.128480000000000061e+01,-2.473829999999999918e-01,9.647930000000000117e-01,6.021709999999999674e+00,-4.947660000000000252e-02,2.350140000000000118e+00,1.005199999999999960e+01,-3.883910000000000196e+00,1.212180000000000035e+00,1.474610000000000021e+01,0.000000000000000000e+00,0.000000000000000000e+00,0.000000000000000000e+00,0.000000000000000000e+00,0.000000000000000000e+00,0.000000000000000000e+00,0.000000000000000000e+00,0.000000000000000000e+00,0.000000000000000000e+00,0.000000000000000000e+00,0.000000000000000000e+00,0.000000000000000000e+00
3.599999999999999867e-01,-7.134129999999999638e-02,1.250869999999999926e+00,-1.757970000000000033e+00,-7.108430000000000304e-02,1.185440000000000049e+00,-1.912800000000000056e+00,-7.824130000000000321e-03,1.252439999999999998e+00,-1.766920000000000046e+00,-4.401100000000000151e-02,1.216920000000000002e+00,-1.787549999999999972e+00,1.705230000000000079e-01,2.162539999999999907e+00,1.490220000000000100e+00,-1.433939999999999937e-01,3.654619999999999980e+00,1.257689999999999975e+00,1.162659999999999944e-01,1.573460000000000081e+00,7.582550000000000123e-01,1.395190000000000041e-01,1.833120000000000083e+00,9.806759999999999922e-01,4.477630000000000443e+00,3.215979999999999950e-01,1.194860000000000078e+01,-1.088479999999999892e+00,1.063749999999999973e+00,8.487289999999999779e+00,4.947660000000000252e-02,7.916250000000000231e-01,5.784639999999999560e+00,-2.968589999999999840e+00,-7.421479999999999744e-02,1.280209999999999937e+01,0.000000000000000000e+00,0.000000000000000000e+00,0.000000000000000000e+00,0.000000000000000000e+00,0.000000000000000000e+00,0.000000000000000000e+00,0.000000000000000000e+00,0.000000000000000000e+00,0.000000000000000000e+00,0.000000000000000000e+00,0.000000000000000000e+00,0.000000000000000000e+00
3.800000000000000044e-01,-7.324869999999999992e-02,1.286140000000000061e+00,-1.727030000000000065e+00,-7.426339999999999331e-02,1.236059999999999937e+00,-1.887180000000000080e+00,-7.642470000000000166e-03,1.285930000000000017e+00,-1.750150000000000095e+00,-4.519179999999999725e-02,1.256040000000000045e+00,-1.767090000000000050e+00,-1.782739999999999880e-01,1.526960000000000095e+00,1.803639999999999910e+00,-4.960669999999999802e-01,2.895020000000000149e+00,1.971459999999999990e+00,-1.007640000000000063e-01,1.089020000000000099e+00,2.810599999999999765e-01,-1.550209999999999921e-01,2.088909999999999823e+00,5.459429999999999561e-01,4.675539999999999807e+00,-1.088479999999999892e+00,1.209079999999999977e+01,-1.929589999999999916e+00,1.731679999999999886e-01,1.128480000000000061e+01,7.421479999999999744e-02,-9.647930000000000117e-01,-4.741500000000000159e-01,-1.830629999999999979e+00,-1.830629999999999979e+00,8.250220000000000553e+00,0.000000000000000000e+00,0.000000000000000000e+00,0.000000000000000000e+00,0.000000000000000000e+00,0.000000000000000000e+00,0.000000000000000000e+00,0.000000000000000000e+00,0.000000000000000000e+00,0.000000000000000000e+00,0.000000000000000000e+00,0.000000000000000000e+00,0.000000000000000000e+00
4.000000000000000222e-01,-8.251369999999999538e-02,1.311609999999999943e+00,-1.687820000000000098e+00,-7.853250000000000508e-02,1.278510000000000035e+00,-1.854889999999999928e+00,-1.169970000000000038e-02,1.322529999999999983e+00,-1.758369999999999989e+00,-5.015730000000000188e-02,1.300310000000000077e+00,-1.751619999999999955e+00,-7.208470000000000155e-01,8.099840000000000373e-01,2.252520000000000078e+00,-2.325309999999999877e-01,2.236180000000000057e+00,2.092779999999999863e+00,-2.712869999999999865e-02,2.201299999999999812e+00,-1.318349999999999911e+00,-3.875519999999999660e-02,2.150920000000000165e+00,-2.385970000000000035e-01,4.081819999999999560e+00,-4.601320000000000299e+00,1.005199999999999960e+01,-2.548039999999999861e+00,-1.731680000000000108e+00,1.360810000000000031e+01,2.473829999999999918e-01,-4.007600000000000051e+00,-6.116539999999999644e+00,-7.668869999999999854e-01,-3.166500000000000092e+00,-2.370750000000000079e-01,0.000000000000000000e+00,0.000000000000000000e+00,0.000000000000000000e+00,0.000000000000000000e+00,0.000000000000000000e+00,0.000000000000000000e+00,0.000000000000000000e+00,0.000000000000000000e+00,0.000000000000000000e+00,0.000000000000000000e+00,0.000000000000000000e+00,0.000000000000000000e+00
4.199999999999999845e-01,-9.056749999999999523e-02,1.337099999999999955e+00,-1.640700000000000047e+00,-7.789669999999999928e-02,1.317420000000000035e+00,-1.809709999999999930e+00,-8.641630000000000839e-03,1.328189999999999982e+00,-1.821150000000000047e+00,-5.264010000000000217e-02,1.352049999999999974e+00,-1.771770000000000067e+00,-1.042519999999999891e+00,9.340009999999999701e-01,2.392040000000000166e+00,1.937759999999999830e-02,1.910630000000000051e+00,2.319249999999999812e+00,1.976519999999999944e-01,-8.991219999999999768e-01,-4.903380000000000294e+00,-4.650630000000000042e-02,2.592729999999999979e+00,-2.252520000000000078e+00,1.929589999999999916e+00,-9.054209999999999425e+00,6.780350000000000321e+00,-2.449089999999999989e+00,-4.947659999999999947e+00,1.356070000000000064e+01,2.226450000000000096e-01,-2.622259999999999813e+00,-5.215650000000000119e+00,-1.731679999999999886e-01,-3.809699999999999864e+00,-7.396749999999999936e+00,0.000000000000000000e+00,0.000000000000000000e+00,0.000000000000000000e+00,0.000000000000000000e+00,0.000000000000000000e+00,0.000000000000000000e+00,0.000000000000000000e+00,0.000000000000000000e+00,0.000000000000000000e+00,0.000000000000000000e+00,0.000000000000000000e+00,0.000000000000000000e+00
4.400000000000000022e-01,-1.006200000000000011e-01,1.358989999999999920e+00,-1.596389999999999976e+00,-7.747279999999999445e-02,1.350540000000000074e+00,-1.765230000000000077e+00,-1.435569999999999945e-03,1.290950000000000042e+00,-1.943079999999999918e+00,-5.833220000000000072e-02,1.362160000000000037e+00,-1.872160000000000046e+00,-7.557270000000000376e-01,8.952459999999999862e-01,-3.073460000000000081e-01,4.379339999999999899e-01,1.461070000000000091e+00,2.335420000000000051e+00,8.719930000000000181e-01,-2.228429999999999911e+00,-6.593779999999999752e+00,-3.216680000000000095e-01,-7.402250000000000218e-01,-7.481449999999999712e+00,6.926719999999999544e-01,-1.147860000000000014e+01,-6.021709999999999674e+00,-7.916250000000000231e-01,-9.425290000000000390e+00,1.100029999999999930e+01,2.721210000000000018e-01,-2.721210000000000018e-01,-4.267349999999999755e-01,4.700269999999999726e-01,-1.904849999999999932e+00,-4.788920000000000066e+00,0.000000000000000000e+00,0.000000000000000000e+00,0.000000000000000000e+00,0.000000000000000000e+00,0.000000000000000000e+00,0.000000000000000000e+00,0.000000000000000000e+00,0.000000000000000000e+00,0.000000000000000000e+00,0.000000000000000000e+00,0.000000000000000000e+00,0.000000000000000000e+00
4.600000000000000200e-01,-1.074620000000000020e-01,1.372100000000000097e+00,-1.653540000000000010e+00,-8.310439999999999494e-02,1.377879999999999994e+00,-1.713170000000000082e+00,1.882009999999999933e-02,1.243630000000000013e+00,-2.060500000000000220e+00,-5.818079999999999780e-02,1.320990000000000109e+00,-2.035719999999999974e+00,-5.270709999999999562e-01,-2.243930000000000202e+00,-6.351140000000000008e+00,-4.999430000000000263e-01,1.786620000000000097e+00,1.476069999999999993e+00,1.414570000000000105e+00,-2.100530000000000008e+00,-4.535370000000000346e+00,9.495029999999999859e-01,-2.767119999999999802e+00,-8.787670000000000314e+00,2.597519999999999829e+00,-1.029110000000000014e+01,-1.318140000000000001e+01,-1.212180000000000035e+00,-1.427399999999999913e+01,4.077689999999999593e+00,2.226450000000000096e-01,1.261649999999999938e+00,3.271640000000000104e+00,2.548039999999999861e+00,-4.947660000000000252e-02,-1.849189999999999889e+00,0.000000000000000000e+00,0.000000000000000000e+00,0.000000000000000000e+00,0.000000000000000000e+00,0.000000000000000000e+00,0.000000000000000000e+00,0.000000000000000000e+00,0.000000000000000000e+00,0.000000000000000000e+00,0.000000000000000000e+00,0.000000000000000000e+00,0.000000000000000000e+00
4.799999999999999822e-01,-9.165750000000000286e-02,1.304519999999999902e+00,-1.863590000000000080e+00,-9.415569999999999495e-02,1.415790000000000104e+00,-1.694490000000000052e+00,5.270060000000000022e-02,1.208990000000000009e+00,-2.108870000000000022e+00,-3.071919999999999859e-02,1.254070000000000018e+00,-2.212880000000000180e+00,2.426079999999999792e+00,-5.836540000000000283e+00,-1.344030000000000058e+01,-4.611870000000000136e-01,1.949389999999999956e+00,-1.902709999999999901e+00,1.395189999999999930e+00,-1.112279999999999935e+00,3.639620000000000077e-01,1.395189999999999930e+00,-4.317330000000000112e+00,-7.511779999999999902e+00,5.714540000000000397e+00,-6.926720000000000432e+00,-5.263069999999999915e+00,-1.830629999999999979e+00,-1.340809999999999924e+01,-8.392459999999999809e+00,-1.632730000000000015e+00,2.251180000000000181e+00,5.642389999999999795e+00,4.205510000000000081e-01,1.484300000000000064e-01,2.797489999999999810e+00,0.000000000000000000e+00,0.000000000000000000e+00,0.000000000000000000e+00,0.000000000000000000e+00,0.000000000000000000e+00,0.000000000000000000e+00,0.000000000000000000e+00,0.000000000000000000e+00,0.000000000000000000e+00,0.000000000000000000e+00,0.000000000000000000e+00,0.000000000000000000e+00
5.000000000000000000e-01,-2.553139999999999923e-02,1.128819999999999935e+00,-2.134500000000000064e+00,-1.027850000000000014e-01,1.437559999999999949e+00,-1.786079999999999890e+00,6.935330000000000661e-02,1.216679999999999984e+00,-2.058349999999999902e+00,-1.185620000000000077e-02,1.174989999999999979e+00,-2.313239999999999963e+00,3.460840000000000138e+00,-1.148320000000000007e+01,-1.142440000000000033e+01,3.487970000000000237e-01,-3.069409999999999972e+00,-7.360129999999999839e+00,-2.088909999999999823e+00,5.247460000000000235e+00,2.563909999999999911e+00,3.720499999999999918e-01,-5.398600000000000065e+00,-2.177709999999999813e+00,2.473830000000000126e-02,-7.421480000000000299e-01,7.064840000000000231e+00,-1.484299999999999953e+00,-7.965729999999999755e+00,-6.827770000000000117e+00,4.378680000000000128e+00,-8.411020000000000163e-01,1.896600000000000108e+01,-2.424350000000000005e+00,-6.431949999999999612e-01,8.060560000000000613e+00,0.000000000000000000e+00,0.000000000000000000e+00,0.000000000000000000e+00,0.000000000000000000e+00,0.000000000000000000e+00,0.000000000000000000e+00,0.000000000000000000e+00,0.000000000000000000e+00,0.000000000000000000e+00,0.000000000000000000e+00,0.000000000000000000e+00,0.000000000000000000e+00
5.200000000000000178e-01,4.495470000000000022e-02,9.027089999999999836e-01,-2.266150000000000109e+00,-8.701019999999999588e-02,1.361350000000000060e+00,-1.953189999999999982e+00,5.718170000000000197e-02,1.278869999999999951e+00,-2.060080000000000133e+00,-3.507910000000000195e-02,1.085190000000000099e+00,-2.277130000000000098e+00,2.367939999999999934e+00,-9.801199999999999690e+00,-2.713540000000000063e+00,3.604240000000000221e-01,-4.786270000000000024e+00,-9.236549999999999372e+00,1.096770000000000023e+00,2.573350000000000026e+00,7.582550000000000123e-01,-3.162430000000000074e+00,-4.216569999999999929e+00,4.887199999999999989e+00,-5.269250000000000433e+00,1.128069999999999951e+01,1.057360000000000078e+01,-1.731680000000000108e+00,-3.908650000000000180e+00,-2.465580000000000105e+00,2.498569999999999958e+00,4.700269999999999726e-01,2.370749999999999957e+01,-5.195039999999999658e-01,4.675539999999999807e+00,8.487289999999999779e+00,0.000000000000000000e+00,0.000000000000000000e+00,0.000000000000000000e+00,0.000000000000000000e+00,0.000000000000000000e+00,0.000000000000000000e+00,0.000000000000000000e+00,0.000000000000000000e+00,0.000000000000000000e+00,0.000000000000000000e+00,0.000000000000000000e+00,0.000000000000000000e+00
5.400000000000000355e-01,5.582430000000000031e-02,8.308600000000000430e-01,-2.211650000000000116e+00,-8.458799999999999653e-02,1.246089999999999920e+00,-2.121350000000000069e+00,5.866529999999999662e-02,1.317690000000000028e+00,-2.051070000000000171e+00,-1.041419999999999985e-01,1.054210000000000091e+00,-2.120629999999999793e+00,-4.185570000000000124e-01,1.023139999999999938e+00,5.778909999999999769e+00,1.166530000000000067e+00,-6.534130000000000216e+00,-7.487510000000000332e+00,2.519089999999999940e-01,1.798240000000000061e+00,1.077730000000000077e+00,-3.019029999999999880e+00,5.309469999999999468e-01,9.976610000000000866e+00,-4.997130000000000294e+00,1.011800000000000033e+01,3.650959999999999983e+00,4.700269999999999726e-01,1.484300000000000064e-01,3.081980000000000164e+00,2.498569999999999958e+00,6.431949999999999612e-01,2.299630000000000152e+01,1.830629999999999979e+00,7.273060000000000080e+00,3.698370000000000157e+00,0.000000000000000000e+00,0.000000000000000000e+00,0.000000000000000000e+00,0.000000000000000000e+00,0.000000000000000000e+00,0.000000000000000000e+00,0.000000000000000000e+00,0.000000000000000000e+00,0.000000000000000000e+00,0.000000000000000000e+00,0.000000000000000000e+00,0.000000000000000000e+00
5.600000000000000533e-01,1.283029999999999934e-02,8.980460000000000109e-01,-2.124200000000000088e+00,-6.932820000000000649e-02,1.120740000000000069e+00,-2.212909999999999933e+00,7.350130000000000552e-02,1.342330000000000023e+00,-2.027820000000000178e+00,-7.979890000000000594e-02,1.089909999999999934e+00,-2.069550000000000001e+00,-4.483979999999999855e+00,1.100649999999999906e+00,-2.557850000000000179e+00,1.170409999999999950e+00,-5.487739999999999618e+00,-2.092779999999999863e+00,1.542459999999999942e+00,7.634779999999999900e-01,1.227360000000000007e+00,8.526150000000000118e-01,3.507350000000000190e+00,-9.928080000000000238e-01,-6.679340000000000277e-01,7.223580000000000112e+00,1.536250000000000071e+01,2.226449999999999818e+00,5.021869999999999834e+00,5.642389999999999795e+00,2.671730000000000160e+00,6.431949999999999612e-01,2.091000000000000014e+01,-4.329200000000000159e+00,6.184569999999999901e+00,1.735389999999999944e+01,0.000000000000000000e+00,0.000000000000000000e+00,0.000000000000000000e+00,0.000000000000000000e+00,0.000000000000000000e+00,0.000000000000000000e+00,0.000000000000000000e+00,0.000000000000000000e+00,0.000000000000000000e+00,0.000000000000000000e+00,0.000000000000000000e+00,0.000000000000000000e+00
5.799999999999999600e-01,8.803309999999999955e-03,9.868200000000000305e-01,-2.210069999999999979e+00,-4.071589999999999931e-02,1.134630000000000027e+00,-2.214350000000000041e+00,9.366620000000000501e-02,1.345599999999999907e+00,-1.974690000000000056e+00,-7.422789999999999944e-02,1.139559999999999906e+00,-2.063439999999999941e+00,2.294309999999999850e+00,5.491620000000000168e+00,-2.921809999999999796e+00,1.999770000000000048e+00,7.995210000000000150e+00,-1.047400000000000109e+00,-6.743409999999999682e-01,-2.635359999999999925e-01,3.113900000000000112e+00,1.054140000000000077e+00,1.926139999999999963e+00,8.108269999999999644e-01,-2.251180000000000181e+00,3.364409999999999901e+00,1.778059999999999974e+01,0.000000000000000000e+00,1.261649999999999938e+00,1.574179999999999957e+01,8.658400000000000540e-01,2.473829999999999918e-01,1.536250000000000071e+01,-5.986659999999999648e+00,6.184569999999999901e+00,2.072040000000000148e+01,0.000000000000000000e+00,0.000000000000000000e+00,0.000000000000000000e+00,0.000000000000000000e+00,0.000000000000000000e+00,0.000000000000000000e+00,0.000000000000000000e+00,0.000000000000000000e+00,0.000000000000000000e+00,0.000000000000000000e+00,0.000000000000000000e+00,0.000000000000000000e+00
5.999999999999999778e-01,6.986680000000000321e-03,1.084009999999999918e+00,-2.243149999999999977e+00,-5.046529999999999766e-02,1.224380000000000024e+00,-2.234239999999999782e+00,8.748949999999999783e-02,1.362859999999999960e+00,-1.921580000000000066e+00,-7.895119999999999916e-02,1.181170000000000053e+00,-2.027159999999999851e+00,-1.899009999999999865e-01,6.018690000000000317e+00,-1.128279999999999950e+00,-1.802119999999999944e+00,4.968420000000000059e+00,9.988740000000000396e-01,1.395190000000000041e-01,1.275050000000000017e+00,3.101770000000000138e+00,-2.751620000000000177e-01,2.507460000000000022e+00,2.001790000000000180e+00,2.201709999999999834e+00,2.597519999999999829e+00,1.574179999999999957e+01,3.067550000000000221e+00,9.400549999999999740e-01,2.057809999999999917e+01,2.201709999999999834e+00,-1.286389999999999922e+00,1.778059999999999974e+01,-4.997130000000000294e+00,5.566110000000000113e+00,1.801770000000000138e+01,0.000000000000000000e+00,0.000000000000000000e+00,0.000000000000000000e+00,0.000000000000000000e+00,0.000000000000000000e+00,0.000000000000000000e+00,0.000000000000000000e+00,0.000000000000000000e+00,0.000000000000000000e+00,0.000000000000000000e+00,0.000000000000000000e+00,0.000000000000000000e+00
6.199999999999999956e-01,8.803309999999999955e-03,1.180630000000000068e+00,-2.250859999999999861e+00,-5.391689999999999677e-02,1.304489999999999927e+00,-2.213839999999999808e+00,8.285710000000000297e-02,1.382060000000000066e+00,-1.840889999999999915e+00,-8.358369999999999689e-02,1.233819999999999917e+00,-1.988450000000000051e+00,3.604240000000000221e-01,4.708759999999999835e+00,4.731509999999999883e-01,-9.068730000000000402e-01,3.929780000000000051e+00,1.542799999999999949e+00,3.836769999999999903e-01,1.007640000000000091e+00,4.367549999999999599e+00,5.231959999999999944e-01,2.588849999999999874e+00,2.509320000000000217e+00,5.937189999999999968e-01,1.484299999999999953e+00,1.265980000000000061e+01,5.195039999999999658e-01,-9.895310000000000494e-01,1.896600000000000108e+01,4.081819999999999560e+00,-1.212180000000000035e+00,1.517280000000000051e+01,-2.548039999999999861e+00,3.265449999999999964e+00,1.578919999999999924e+01,0.000000000000000000e+00,0.000000000000000000e+00,0.000000000000000000e+00,0.000000000000000000e+00,0.000000000000000000e+00,0.000000000000000000e+00,0.000000000000000000e+00,0.000000000000000000e+00,0.000000000000000000e+00,0.000000000000000000e+00,0.000000000000000000e+00,0.000000000000000000e+00
6.400000000000000133e-01,1.498000000000000026e-02,1.271910000000000096e+00,-2.220920000000000005e+00,-6.445349999999999691e-02,1.377220000000000111e+00,-2.170920000000000183e+00,8.751979999999999482e-02,1.390020000000000033e+00,-1.753600000000000048e+00,-7.265349999999999586e-02,1.272329999999999961e+00,-1.922309999999999963e+00,3.061659999999999937e-01,3.976290000000000102e+00,2.501230000000000064e+00,-5.076939999999999786e-01,3.693369999999999820e+00,3.534479999999999844e+00,2.015270000000000117e-01,2.402819999999999956e-01,5.564580000000000304e+00,8.991219999999999768e-01,1.488199999999999967e+00,3.508189999999999920e+00,9.895310000000000494e-01,-1.236909999999999954e-01,9.814909999999999357e+00,-1.187440000000000051e+00,-2.943859999999999921e+00,1.773320000000000007e+01,3.760219999999999896e+00,-8.411020000000000163e-01,1.104770000000000074e+01,-1.385340000000000016e+00,1.632730000000000015e+00,1.403490000000000038e+01,0.000000000000000000e+00,0.000000000000000000e+00,0.000000000000000000e+00,0.000000000000000000e+00,0.000000000000000000e+00,0.000000000000000000e+00,0.000000000000000000e+00,0.000000000000000000e+00,0.000000000000000000e+00,0.000000000000000000e+00,0.000000000000000000e+00,0.000000000000000000e+00
6.600000000000000311e-01,2.088399999999999979e-02,1.332529999999999992e+00,-2.166939999999999866e+00,-6.657290000000000429e-02,1.434590000000000032e+00,-2.098180000000000156e+00,8.794369999999999965e-02,1.385539999999999994e+00,-1.629610000000000003e+00,-6.505379999999999496e-02,1.301339999999999941e+00,-1.843990000000000018e+00,7.092209999999999903e-01,3.743759999999999977e+00,3.477860000000000174e+00,-5.076939999999999786e-01,2.767119999999999802e+00,4.794190000000000396e+00,-1.162659999999999944e-01,-3.604240000000000221e-01,6.636250000000000426e+00,1.034759999999999902e+00,8.448639999999999484e-01,3.732639999999999958e+00,2.424350000000000005e+00,-1.805889999999999995e+00,9.625249999999999417e+00,-2.498569999999999958e+00,-4.279720000000000191e+00,1.858670000000000044e+01,2.226449999999999818e+00,-8.411020000000000163e-01,5.879470000000000418e+00,3.710740000000000149e-01,1.731679999999999886e-01,7.254500000000000171e+00,0.000000000000000000e+00,0.000000000000000000e+00,0.000000000000000000e+00,0.000000000000000000e+00,0.000000000000000000e+00,0.000000000000000000e+00,0.000000000000000000e+00,0.000000000000000000e+00,0.000000000000000000e+00,0.000000000000000000e+00,0.000000000000000000e+00,0.000000000000000000e+00
6.800000000000000488e-01,2.509269999999999903e-02,1.396959999999999980e+00,-2.088400000000000034e+00,-6.614899999999999947e-02,1.472290000000000099e+00,-1.993100000000000094e+00,8.860980000000000245e-02,1.375369999999999981e+00,-1.484620000000000051e+00,-5.445669999999999678e-02,1.323199999999999932e+00,-1.766380000000000061e+00,-3.875519999999999660e-02,2.635359999999999925e+00,5.520089999999999719e+00,-4.263080000000000341e-02,1.747859999999999969e+00,5.089409999999999989e+00,-5.735780000000000323e-01,-7.634779999999999900e-01,7.471339999999999648e+00,4.921909999999999896e-01,1.015390000000000015e+00,2.624569999999999848e+00,3.537570000000000103e+00,-3.908650000000000180e+00,1.228049999999999997e+01,-2.919119999999999937e+00,-5.442420000000000258e+00,1.578919999999999924e+01,-5.937189999999999968e-01,-1.682199999999999918e+00,-6.163960000000000550e-01,2.201709999999999834e+00,-1.607990000000000030e+00,-4.030280000000000307e+00,0.000000000000000000e+00,0.000000000000000000e+00,0.000000000000000000e+00,0.000000000000000000e+00,0.000000000000000000e+00,0.000000000000000000e+00,0.000000000000000000e+00,0.000000000000000000e+00,0.000000000000000000e+00,0.000000000000000000e+00,0.000000000000000000e+00,0.000000000000000000e+00
7.000000000000000666e-01,1.806829999999999894e-02,1.433349999999999902e+00,-1.972150000000000070e+00,-6.242489999999999845e-02,1.493880000000000097e+00,-1.889469999999999983e+00,7.655929999999999680e-02,1.365129999999999955e+00,-1.371899999999999897e+00,-3.444330000000000308e-02,1.340459999999999985e+00,-1.762110000000000065e+00,-2.519089999999999940e-01,1.399059999999999970e+00,6.150960000000000427e+00,4.301829999999999821e-01,7.441010000000000124e-01,4.887199999999999989e+00,-1.213039999999999896e+00,-3.604240000000000221e-01,2.879350000000000076e+00,1.433939999999999992e+00,-1.937759999999999830e-02,-2.689280000000000115e+00,3.661270000000000024e+00,-7.495700000000000252e+00,1.303909999999999947e+01,-9.895310000000000494e-01,-6.605120000000000324e+00,7.112260000000000026e+00,-3.661270000000000024e+00,-2.844899999999999984e+00,-8.771779999999999688e+00,6.431949999999999612e-01,-2.919119999999999937e+00,-6.875180000000000291e+00,0.000000000000000000e+00,0.000000000000000000e+00,0.000000000000000000e+00,0.000000000000000000e+00,0.000000000000000000e+00,0.000000000000000000e+00,0.000000000000000000e+00,0.000000000000000000e+00,0.000000000000000000e+00,0.000000000000000000e+00,0.000000000000000000e+00,0.000000000000000000e+00
7.199999999999999734e-01,1.388999999999999957e-02,1.453580000000000094e+00,-1.859250000000000069e+00,-6.136520000000000169e-02,1.506559999999999899e+00,-1.788319999999999910e+00,4.473769999999999830e-02,1.375699999999999923e+00,-1.382840000000000069e+00,-1.209840000000000047e-02,1.320529999999999982e+00,-1.859599999999999920e+00,-6.820920000000000316e-01,1.705230000000000079e-01,6.423930000000000362e+00,9.262500000000000178e-01,-6.975939999999999919e-02,1.654009999999999980e+00,-2.615979999999999972e+00,6.355859999999999843e-01,-4.195680000000000298e+00,-6.588389999999999525e-02,-1.988140000000000018e+00,-6.425959999999999894e+00,2.078019999999999978e+00,-1.303710000000000058e+01,1.223310000000000031e+01,5.442420000000000035e-01,-7.916249999999999787e+00,-9.056269999999999598e+00,-3.685999999999999943e+00,-3.958130000000000148e+00,-1.142699999999999960e+01,-8.905779999999999808e-01,-2.622259999999999813e+00,-3.508710000000000218e+00,0.000000000000000000e+00,0.000000000000000000e+00,0.000000000000000000e+00,0.000000000000000000e+00,0.000000000000000000e+00,0.000000000000000000e+00,0.000000000000000000e+00,0.000000000000000000e+00,0.000000000000000000e+00,0.000000000000000000e+00,0.000000000000000000e+00,0.000000000000000000e+00
7.399999999999999911e-01,4.806699999999999688e-03,1.455610000000000070e+00,-1.720350000000000046e+00,-4.686219999999999969e-02,1.488339999999999996e+00,-1.832160000000000011e+00,-2.063150000000000053e-02,1.376209999999999933e+00,-1.534540000000000015e+00,-1.624640000000000112e-02,1.256040000000000045e+00,-2.006489999999999885e+00,-5.270709999999999562e-01,-2.674110000000000098e-01,6.523010000000000197e+00,8.874950000000000339e-01,-3.546100000000000030e+00,-6.163090000000000401e+00,-4.476230000000000153e+00,-7.285979999999999679e-01,-1.094720000000000049e+01,-1.554089999999999971e+00,-3.615860000000000074e+00,-7.661410000000000053e+00,-1.731679999999999886e-01,-1.773730000000000118e+01,1.043130000000000024e+01,-2.102749999999999897e+00,-7.025669999999999860e+00,-1.180630000000000024e+01,-2.721210000000000129e+00,-2.548039999999999861e+00,-8.866609999999999658e+00,-1.929589999999999916e+00,4.947660000000000252e-02,-9.483010000000000050e-02,0.000000000000000000e+00,0.000000000000000000e+00,0.000000000000000000e+00,0.000000000000000000e+00,0.000000000000000000e+00,0.000000000000000000e+00,0.000000000000000000e+00,0.000000000000000000e+00,0.000000000000000000e+00,0.000000000000000000e+00,0.000000000000000000e+00,0.000000000000000000e+00
7.600000000000000089e-01,-1.075599999999999994e-02,1.452730000000000077e+00,-1.582570000000000032e+00,-4.992030000000000078e-02,1.383909999999999973e+00,-2.016319999999999890e+00,-1.186099999999999932e-01,1.327409999999999979e+00,-1.783849999999999936e+00,-6.765770000000000117e-02,1.194280000000000008e+00,-2.128540000000000099e+00,-1.426190000000000069e+00,-4.418099999999999805e-01,6.250040000000000262e+00,-1.030890000000000084e+00,-7.406130000000000102e+00,-1.146480000000000032e+01,-5.266840000000000188e+00,-3.968539999999999957e+00,-1.286200000000000010e+01,-3.069409999999999972e+00,-2.305940000000000101e+00,-4.219940000000000246e+00,-4.230249999999999844e+00,-1.825690000000000168e+01,4.409600000000000186e+00,-2.548039999999999861e+00,-5.739279999999999937e+00,-2.844899999999999984e+00,0.000000000000000000e+00,-1.261649999999999938e+00,6.638110000000000399e-01,0.000000000000000000e+00,2.770690000000000097e+00,3.982860000000000067e+00,0.000000000000000000e+00,0.000000000000000000e+00,0.000000000000000000e+00,0.000000000000000000e+00,0.000000000000000000e+00,0.000000000000000000e+00,0.000000000000000000e+00,0.000000000000000000e+00,0.000000000000000000e+00,0.000000000000000000e+00,0.000000000000000000e+00,0.000000000000000000e+00
7.800000000000000266e-01,-2.065670000000000006e-02,1.447889999999999899e+00,-1.471589999999999954e+00,-9.697150000000000214e-02,1.173119999999999941e+00,-2.219860000000000166e+00,-2.070500000000000118e-01,1.241330000000000044e+00,-2.002670000000000172e+00,-1.302409999999999957e-01,1.155610000000000026e+00,-2.166009999999999991e+00,-1.743989999999999985e-01,-3.914279999999999982e-01,3.124010000000000176e+00,-2.449329999999999785e+00,-1.266130000000000067e+01,-7.000210000000000043e+00,-3.026780000000000026e+00,-5.073059999999999903e+00,-8.454029999999999490e+00,-1.809870000000000090e+00,-1.864130000000000065e+00,1.049420000000000019e+00,-6.704069999999999752e+00,-1.113219999999999921e+01,-1.085800000000000054e+01,-2.028540000000000010e+00,-4.700269999999999726e+00,8.107969999999999899e+00,2.597519999999999829e+00,7.668869999999999854e-01,6.021709999999999674e+00,3.710739999999999927e+00,2.226450000000000096e-01,5.832049999999999734e+00,0.000000000000000000e+00,0.000000000000000000e+00,0.000000000000000000e+00,0.000000000000000000e+00,0.000000000000000000e+00,0.000000000000000000e+00,0.000000000000000000e+00,0.000000000000000000e+00,0.000000000000000000e+00,0.000000000000000000e+00,0.000000000000000000e+00,0.000000000000000000e+00
8.000000000000000444e-01,-5.586950000000000249e-02,1.434469999999999912e+00,-1.507360000000000033e+00,-1.577079999999999871e-01,9.256889999999999841e-01,-2.255819999999999936e+00,-2.314539999999999931e-01,1.158250000000000002e+00,-2.108039999999999914e+00,-1.354789999999999883e-01,1.112980000000000080e+00,-2.091730000000000089e+00,-3.724380000000000024e+00,-1.007640000000000091e+00,-6.304640000000000022e+00,-2.813629999999999853e+00,-1.151030000000000086e+01,3.067390000000000061e+00,8.254869999999999708e-01,-2.898890000000000189e+00,-2.630640000000000089e+00,6.472120000000000095e-01,-3.456970000000000098e+00,6.773740000000000094e+00,-2.498569999999999958e+00,-9.920049999999999812e+00,-1.801770000000000138e+01,-1.236909999999999954e-01,9.697409999999999641e+00,1.156930000000000014e+01,2.251180000000000181e+00,3.389139999999999819e+00,6.069130000000000358e+00,5.937189999999999968e-01,-1.484300000000000064e-01,9.103690000000000282e+00,0.000000000000000000e+00,0.000000000000000000e+00,0.000000000000000000e+00,0.000000000000000000e+00,0.000000000000000000e+00,0.000000000000000000e+00,0.000000000000000000e+00,0.000000000000000000e+00,0.000000000000000000e+00,0.000000000000000000e+00,0.000000000000000000e+00,0.000000000000000000e+00
8.200000000000000622e-01,-1.572989999999999944e-01,1.363080000000000069e+00,-1.709649999999999892e+00,-2.245610000000000106e-01,8.128149999999999542e-01,-2.097119999999999873e+00,-1.875519999999999965e-01,1.129420000000000091e+00,-2.107940000000000147e+00,-8.503700000000000148e-02,1.173570000000000002e+00,-2.007169999999999899e+00,-7.402250000000000441e+00,-7.150339999999999918e+00,-1.365060000000000073e+01,-5.890799999999999592e+00,-9.301260000000000083e-01,1.317140000000000022e+01,4.154560000000000031e+00,-1.104519999999999946e+00,1.597390000000000088e+00,2.697360000000000202e+00,5.948929999999999829e+00,-2.044249999999999901e+00,1.286389999999999922e+00,-5.739279999999999937e+00,-4.219940000000000246e+00,-3.463359999999999772e-01,1.291339999999999932e+01,8.297629999999999839e+00,1.459559999999999969e+00,1.583250000000000046e+00,2.987150000000000194e+00,-5.442420000000000035e-01,-1.805889999999999995e+00,1.759100000000000108e+01,0.000000000000000000e+00,0.000000000000000000e+00,0.000000000000000000e+00,0.000000000000000000e+00,0.000000000000000000e+00,0.000000000000000000e+00,0.000000000000000000e+00,0.000000000000000000e+00,0.000000000000000000e+00,0.000000000000000000e+00,0.000000000000000000e+00,0.000000000000000000e+00
8.399999999999999689e-01,-2.768050000000000233e-01,1.188469999999999915e+00,-2.009129999999999860e+00,-2.283459999999999934e-01,9.191190000000000193e-01,-2.106300000000000061e+00,-1.201539999999999969e-01,1.119520000000000071e+00,-2.061560000000000059e+00,-1.464999999999999913e-01,1.229640000000000066e+00,-2.003890000000000171e+00,-3.801890000000000214e+00,-9.681060000000000443e+00,-1.282559999999999967e+01,1.162660000000000082e-02,6.654270000000000351e+00,-3.310029999999999806e+00,9.766319999999999446e-01,-1.286669999999999980e+00,2.420350000000000001e+00,-2.898890000000000189e+00,2.747749999999999915e+00,1.271849999999999925e+00,6.382480000000000153e+00,-9.400549999999999740e-01,3.461300000000000043e+00,-1.979060000000000041e+00,4.947659999999999947e+00,2.437130000000000152e+01,-1.682199999999999918e+00,-2.102749999999999897e+00,-9.483010000000000050e-02,9.400549999999999740e-01,-4.799229999999999663e+00,7.254500000000000171e+00,0.000000000000000000e+00,0.000000000000000000e+00,0.000000000000000000e+00,0.000000000000000000e+00,0.000000000000000000e+00,0.000000000000000000e+00,0.000000000000000000e+00,0.000000000000000000e+00,0.000000000000000000e+00,0.000000000000000000e+00,0.000000000000000000e+00,0.000000000000000000e+00
8.599999999999999867e-01,-2.819519999999999804e-01,9.768879999999999786e-01,-2.211469999999999825e+00,-2.644969999999999821e-01,1.034540000000000015e+00,-2.079889999999999795e+00,-1.059230000000000033e-01,1.135569999999999968e+00,-2.005669999999999842e+00,-1.800779999999999881e-01,1.307090000000000085e+00,-1.956320000000000059e+00,4.108060000000000045e-01,-1.199089999999999989e+01,-8.150729999999999364e+00,2.957019999999999982e+00,4.119679999999999787e+00,1.067620000000000013e+00,-1.182029999999999914e+00,6.820920000000000094e+00,3.801379999999999981e+00,-1.798240000000000061e+00,3.162430000000000074e+00,2.729719999999999924e+00,7.421479999999999744e-02,7.421479999999999744e-02,6.638110000000000177e+00,1.061270000000000024e+01,3.166500000000000092e+00,2.256960000000000122e+01,3.191240000000000077e+00,-7.916249999999999787e+00,4.836330000000000240e+00,2.201709999999999834e+00,-6.060880000000000045e+00,6.116539999999999644e+00,0.000000000000000000e+00,0.000000000000000000e+00,0.000000000000000000e+00,0.000000000000000000e+00,0.000000000000000000e+00,0.000000000000000000e+00,0.000000000000000000e+00,0.000000000000000000e+00,0.000000000000000000e+00,0.000000000000000000e+00,0.000000000000000000e+00,0.000000000000000000e+00
8.800000000000000044e-01,-2.075599999999999945e-01,7.808720000000000105e-01,-2.282540000000000013e+00,-2.367019999999999957e-01,1.132239999999999913e+00,-2.058450000000000113e+00,-1.203049999999999953e-01,1.227279999999999927e+00,-1.968220000000000081e+00,-1.907359999999999889e-01,1.371939999999999937e+00,-1.911429999999999962e+00,5.104059999999999597e+00,-7.014700000000000379e+00,5.317889999999999562e-01,-1.538580000000000059e+00,4.980050000000000310e+00,-1.043360000000000065e+00,2.926019999999999843e+00,4.301829999999999821e+00,3.825649999999999995e+00,-5.464489999999999625e-01,3.131419999999999870e+00,2.885409999999999808e+00,-2.226449999999999818e+00,8.559450000000000003e+00,5.310480000000000089e+00,8.213110000000000355e+00,2.399610000000000021e+00,1.740129999999999910e+01,4.329200000000000159e+00,-4.477630000000000443e+00,1.564700000000000024e+01,-2.473830000000000126e-02,-3.364409999999999901e+00,5.642389999999999795e+00,0.000000000000000000e+00,0.000000000000000000e+00,0.000000000000000000e+00,0.000000000000000000e+00,0.000000000000000000e+00,0.000000000000000000e+00,0.000000000000000000e+00,0.000000000000000000e+00,0.000000000000000000e+00,0.000000000000000000e+00,0.000000000000000000e+00,0.000000000000000000e+00
9.000000000000000222e-01,-1.070379999999999943e-01,7.202560000000000073e-01,-2.224920000000000009e+00,-2.158410000000000051e-01,1.227619999999999933e+00,-2.062920000000000087e+00,-8.330600000000000505e-02,1.290350000000000108e+00,-1.905659999999999910e+00,-1.698749999999999982e-01,1.410369999999999902e+00,-1.836610000000000076e+00,4.425849999999999618e+00,8.758679999999999799e-01,5.295650000000000190e+00,2.984150000000000080e+00,4.359960000000000058e+00,5.863840000000000163e-01,2.860139999999999905e+00,4.111930000000000085e+00,3.390909999999999869e+00,2.143159999999999954e+00,1.507579999999999920e+00,5.338110000000000355e+00,-4.799229999999999663e+00,8.435750000000000526e+00,2.418169999999999931e+00,6.456690000000000040e+00,1.731679999999999886e-01,1.697459999999999880e+01,4.180769999999999875e+00,-4.452889999999999904e-01,1.555209999999999937e+01,-2.127489999999999881e+00,-3.166500000000000092e+00,7.681239999999999846e+00,0.000000000000000000e+00,0.000000000000000000e+00,0.000000000000000000e+00,0.000000000000000000e+00,0.000000000000000000e+00,0.000000000000000000e+00,0.000000000000000000e+00,0.000000000000000000e+00,0.000000000000000000e+00,0.000000000000000000e+00,0.000000000000000000e+00,0.000000000000000000e+00
9.200000000000000400e-01,-5.102509999999999685e-02,7.968889999999999585e-01,-2.113599999999999923e+00,-1.828690000000000038e-01,1.304669999999999996e+00,-2.046980000000000022e+00,-3.480140000000000317e-02,1.319620000000000015e+00,-1.840419999999999945e+00,-1.235499999999999932e-01,1.415480000000000071e+00,-1.741849999999999898e+00,2.728369999999999962e+00,6.627150000000000318e+00,7.097260000000000346e+00,1.054140000000000077e+00,4.394840000000000302e+00,6.430000000000000160e-01,1.484329999999999927e+00,1.782739999999999880e-01,3.344409999999999883e+00,1.461070000000000091e+00,1.240170000000000022e-01,4.452469999999999928e+00,-1.484299999999999953e+00,5.318730000000000402e+00,2.702659999999999840e+00,3.240720000000000045e+00,-1.805889999999999995e+00,1.474610000000000021e+01,3.636530000000000040e+00,-2.721210000000000018e-01,8.439880000000000493e+00,-1.731680000000000108e+00,-2.671730000000000160e+00,4.077689999999999593e+00,0.000000000000000000e+00,0.000000000000000000e+00,0.000000000000000000e+00,0.000000000000000000e+00,0.000000000000000000e+00,0.000000000000000000e+00,0.000000000000000000e+00,0.000000000000000000e+00,0.000000000000000000e+00,0.000000000000000000e+00,0.000000000000000000e+00,0.000000000000000000e+00
9.400000000000000577e-01,-3.198050000000000198e-02,9.197849999999999637e-01,-2.062730000000000175e+00,-1.536210000000000075e-01,1.384849999999999914e+00,-2.019289999999999807e+00,-1.102520000000000062e-03,1.335820000000000007e+00,-1.753579999999999917e+00,-8.682330000000000603e-02,1.415030000000000010e+00,-1.640300000000000091e+00,1.162659999999999944e-01,8.064970000000000638e+00,-1.961349999999999927e+00,2.046279999999999877e+00,3.863900000000000112e+00,2.907649999999999846e+00,1.895129999999999981e+00,8.642419999999999547e-01,4.806320000000000370e+00,2.274929999999999897e+00,-2.790380000000000082e-01,6.298569999999999780e+00,5.195039999999999658e-01,3.859170000000000211e+00,1.346589999999999954e+01,7.916250000000000231e-01,-4.403410000000000046e+00,1.507799999999999940e+01,1.063749999999999973e+00,-7.916250000000000231e-01,3.129389999999999894e+00,-1.039009999999999989e+00,-3.141760000000000108e+00,3.034559999999999924e+00,0.000000000000000000e+00,0.000000000000000000e+00,0.000000000000000000e+00,0.000000000000000000e+00,0.000000000000000000e+00,0.000000000000000000e+00,0.000000000000000000e+00,0.000000000000000000e+00,0.000000000000000000e+00,0.000000000000000000e+00,0.000000000000000000e+00,0.000000000000000000e+00
9.599999999999999645e-01,1.909769999999999870e-02,1.029539999999999900e+00,-2.071810000000000151e+00,-1.231310000000000043e-01,1.443799999999999972e+00,-1.941440000000000055e+00,3.141549999999999898e-02,1.356440000000000090e+00,-1.662719999999999976e+00,-4.906730000000000119e-02,1.416449999999999987e+00,-1.518809999999999993e+00,2.379570000000000185e+00,4.991670000000000051e+00,-2.001789999999999958e-01,-2.557849999999999846e-01,2.740000000000000213e+00,5.067160000000000331e+00,1.081269999999999953e+00,1.468820000000000014e+00,3.969209999999999905e+00,7.402250000000000218e-01,-6.975939999999999919e-02,5.892140000000000377e+00,-5.689800000000000413e-01,1.162700000000000067e+00,8.771779999999999688e+00,-1.162700000000000067e+00,-5.343469999999999942e+00,1.583660000000000068e+01,3.710740000000000149e-01,-2.968589999999999840e+00,-1.327620000000000022e+00,-2.152229999999999865e+00,-4.403410000000000046e+00,1.517279999999999962e+00,0.000000000000000000e+00,0.000000000000000000e+00,0.000000000000000000e+00,0.000000000000000000e+00,0.000000000000000000e+00,0.000000000000000000e+00,0.000000000000000000e+00,0.000000000000000000e+00,0.000000000000000000e+00,0.000000000000000000e+00,0.000000000000000000e+00,0.000000000000000000e+00
9.799999999999999822e-01,1.994539999999999855e-02,1.135629999999999917e+00,-2.066079999999999917e+00,-1.220409999999999967e-01,1.475039999999999907e+00,-1.838349999999999929e+00,3.232390000000000263e-02,1.383240000000000025e+00,-1.603369999999999962e+00,-4.746260000000000062e-02,1.405129999999999990e+00,-1.409710000000000019e+00,-1.197540000000000049e+00,4.801770000000000316e+00,6.328899999999999526e-01,2.596600000000000019e-01,1.023139999999999938e+00,6.264190000000000147e+00,-2.247800000000000076e-01,1.747859999999999969e+00,2.254539999999999988e+00,1.135529999999999928e+00,-1.034759999999999902e+00,3.510209999999999830e+00,-2.473829999999999918e-01,-2.943859999999999921e+00,6.495860000000000412e+00,-4.205510000000000081e-01,-8.782090000000000174e+00,1.446160000000000068e+01,1.682199999999999918e+00,-4.626059999999999839e+00,-3.793200000000000127e+00,6.926719999999999544e-01,-3.067550000000000221e+00,-7.301919999999999966e+00,0.000000000000000000e+00,0.000000000000000000e+00,0.000000000000000000e+00,0.000000000000000000e+00,0.000000000000000000e+00,0.000000000000000000e+00,0.000000000000000000e+00,0.000000000000000000e+00,0.000000000000000000e+00,0.000000000000000000e+00,0.000000000000000000e+00,0.000000000000000000e+00
1.000000000000000000e+00,6.865559999999999719e-03,1.225919999999999899e+00,-2.033160000000000078e+00,-1.192560000000000009e-01,1.485460000000000003e+00,-1.715940000000000021e+00,3.501859999999999695e-02,1.403520000000000101e+00,-1.587599999999999900e+00,-4.976370000000000099e-02,1.395650000000000057e+00,-1.409890000000000088e+00,2.867890000000000161e-01,4.080930000000000391e+00,2.940010000000000012e+00,1.030890000000000084e+00,-3.875519999999999660e-02,5.722299999999999720e+00,-2.131540000000000101e-01,1.964890000000000025e+00,8.290250000000000397e-02,-4.108060000000000045e-01,7.441010000000000124e-01,-3.119969999999999910e+00,9.647930000000000117e-01,-9.153159999999999741e+00,7.633820000000000050e+00,9.895310000000000494e-01,-1.115700000000000003e+01,1.100029999999999930e+01,3.215979999999999950e-01,-5.442420000000000258e+00,-4.504430000000000156e+00,8.658400000000000540e-01,-3.141760000000000108e+00,-1.161669999999999980e+01,0.000000000000000000e+00,0.000000000000000000e+00,0.000000000000000000e+00,0.000000000000000000e+00,0.000000000000000000e+00,0.000000000000000000e+00,0.000000000000000000e+00,0.000000000000000000e+00,0.000000000000000000e+00,0.000000000000000000e+00,0.000000000000000000e+00,0.000000000000000000e+00
1.020000000000000018e+00,4.443350000000000424e-03,1.302950000000000053e+00,-1.970480000000000009e+00,-1.182870000000000033e-01,1.489430000000000032e+00,-1.597150000000000070e+00,3.819770000000000110e-02,1.413520000000000110e+00,-1.611820000000000030e+00,-4.343570000000000070e-02,1.387750000000000039e+00,-1.546529999999999960e+00,2.790380000000000082e-01,2.813629999999999853e+00,4.157259999999999955e+00,1.511450000000000016e-01,1.860249999999999959e-01,4.693089999999999762e+00,-6.588389999999999525e-02,-1.162659999999999944e-01,-2.108960000000000168e+00,6.084570000000000256e-01,-1.038640000000000008e+00,-9.861349999999999838e+00,1.459559999999999969e+00,-1.585720000000000063e+01,1.422450000000000081e+01,2.152229999999999865e+00,-8.782090000000000174e+00,5.215649999999999453e-01,-2.449089999999999989e+00,-3.859170000000000211e+00,-5.025990000000000180e+00,3.710740000000000149e-01,-2.251180000000000181e+00,-6.211369999999999614e+00,0.000000000000000000e+00,0.000000000000000000e+00,0.000000000000000000e+00,0.000000000000000000e+00,0.000000000000000000e+00,0.000000000000000000e+00,0.000000000000000000e+00,0.000000000000000000e+00,0.000000000000000000e+00,0.000000000000000000e+00,0.000000000000000000e+00,0.000000000000000000e+00
1.040000000000000036e+00,3.777270000000000107e-03,1.356270000000000087e+00,-1.888269999999999893e+00,-1.046620000000000050e-01,1.488669999999999938e+00,-1.546659999999999924e+00,3.205140000000000072e-02,1.398859999999999992e+00,-1.675179999999999891e+00,-3.471579999999999805e-02,1.343790000000000040e+00,-1.804610000000000047e+00,-1.627720000000000000e-01,2.464830000000000076e+00,4.525260000000000282e+00,5.309469999999999468e-01,1.069639999999999924e+00,-1.654009999999999980e+00,-7.828559999999999963e-01,-7.751050000000000439e-01,-4.503020000000000245e+00,1.937759999999999830e-02,-3.104290000000000216e+00,-1.192989999999999995e+01,-6.431949999999999612e-01,-1.625309999999999988e+01,1.517280000000000051e+01,1.781160000000000077e+00,-8.386279999999999291e+00,-1.683230000000000004e+01,-3.364409999999999901e+00,-1.830629999999999979e+00,-5.263069999999999915e+00,-7.668869999999999854e-01,-9.895310000000000494e-01,-4.741499999999999881e-02,0.000000000000000000e+00,0.000000000000000000e+00,0.000000000000000000e+00,0.000000000000000000e+00,0.000000000000000000e+00,0.000000000000000000e+00,0.000000000000000000e+00,0.000000000000000000e+00,0.000000000000000000e+00,0.000000000000000000e+00,0.000000000000000000e+00,0.000000000000000000e+00
1.060000000000000053e+00,2.478990000000000013e-02,1.391599999999999948e+00,-1.803749999999999964e+00,-9.355020000000000002e-02,1.489880000000000093e+00,-1.685370000000000035e+00,-1.054910000000000049e-02,1.362039999999999917e+00,-1.793390000000000040e+00,-4.909750000000000225e-02,1.280540000000000012e+00,-2.000329999999999941e+00,1.282799999999999940e+00,1.941640000000000033e+00,4.713309999999999889e+00,-2.030769999999999964e+00,-3.294199999999999906e-01,-1.237880000000000003e+01,-4.003420000000000201e+00,-2.309810000000000141e+00,-7.208470000000000155e+00,-2.565599999999999881e+00,-3.666249999999999787e+00,-9.527720000000000411e+00,-2.770690000000000097e+00,-1.353180000000000049e+01,1.436679999999999957e+01,-2.102749999999999897e+00,-6.753549999999999720e+00,-1.303909999999999947e+01,-3.240720000000000045e+00,6.431949999999999612e-01,-2.323339999999999961e+00,-2.325400000000000134e+00,1.039009999999999989e+00,2.512999999999999901e+00,0.000000000000000000e+00,0.000000000000000000e+00,0.000000000000000000e+00,0.000000000000000000e+00,0.000000000000000000e+00,0.000000000000000000e+00,0.000000000000000000e+00,0.000000000000000000e+00,0.000000000000000000e+00,0.000000000000000000e+00,0.000000000000000000e+00,0.000000000000000000e+00
1.080000000000000071e+00,2.436599999999999877e-02,1.422150000000000025e+00,-1.716439999999999966e+00,-1.363020000000000065e-01,1.415610000000000035e+00,-1.984820000000000029e+00,-1.127360000000000029e-01,1.309390000000000054e+00,-1.930620000000000003e+00,-1.240040000000000031e-01,1.222679999999999989e+00,-2.152239999999999931e+00,-8.874950000000000339e-01,1.368060000000000054e+00,4.078400000000000247e+00,-1.937759999999999927e+00,-7.223980000000000068e+00,-1.762590000000000146e+01,-5.057559999999999611e+00,-3.270939999999999959e+00,-6.646359999999999602e+00,-3.592610000000000081e+00,-2.736120000000000108e+00,-4.345299999999999940e+00,-3.908650000000000180e+00,-1.323499999999999943e+01,7.681239999999999846e+00,-4.947660000000000252e-02,-7.099890000000000256e+00,-2.086259999999999781e+00,3.215979999999999950e-01,2.473830000000000126e-02,2.133680000000000021e+00,5.689800000000000413e-01,1.113220000000000098e+00,6.116539999999999644e+00,0.000000000000000000e+00,0.000000000000000000e+00,0.000000000000000000e+00,0.000000000000000000e+00,0.000000000000000000e+00,0.000000000000000000e+00,0.000000000000000000e+00,0.000000000000000000e+00,0.000000000000000000e+00,0.000000000000000000e+00,0.000000000000000000e+00,0.000000000000000000e+00
1.100000000000000089e+00,2.587990000000000082e-02,1.447459999999999969e+00,-1.628740000000000077e+00,-1.660949999999999926e-01,1.188800000000000079e+00,-2.281379999999999963e+00,-1.851899999999999935e-01,1.247619999999999951e+00,-2.024280000000000079e+00,-1.768079999999999929e-01,1.174530000000000074e+00,-2.174599999999999866e+00,4.146810000000000218e-01,9.921339999999999604e-01,2.658949999999999925e+00,-1.906760000000000010e+00,-1.349070000000000036e+01,-1.060749999999999993e+01,-2.085030000000000161e+00,-3.980160000000000142e+00,-2.956179999999999808e+00,-8.564910000000000023e-01,-2.325309999999999988e+00,1.423499999999999988e+00,-5.764020000000000366e+00,-1.254229999999999912e+01,-5.689809999999999590e+00,-4.205510000000000081e-01,-2.523299999999999876e+00,1.109510000000000041e+01,2.028540000000000010e+00,-3.710740000000000149e-01,4.409600000000000186e+00,3.463360000000000216e+00,5.937189999999999968e-01,4.457010000000000360e+00,0.000000000000000000e+00,0.000000000000000000e+00,0.000000000000000000e+00,0.000000000000000000e+00,0.000000000000000000e+00,0.000000000000000000e+00,0.000000000000000000e+00,0.000000000000000000e+00,0.000000000000000000e+00,0.000000000000000000e+00,0.000000000000000000e+00,0.000000000000000000e+00
1.120000000000000107e+00,2.506239999999999857e-02,1.461659999999999959e+00,-1.636810000000000098e+00,-1.770859999999999934e-01,9.303219999999999823e-01,-2.362190000000000012e+00,-2.028719999999999968e-01,1.192460000000000075e+00,-2.044989999999999863e+00,-1.691179999999999906e-01,1.125029999999999974e+00,-2.085539999999999949e+00,-3.034539999999999793e+00,-1.368060000000000054e+00,-3.597160000000000135e+00,1.782739999999999880e-01,-1.042130000000000045e+01,3.010780000000000012e+00,-1.472700000000000120e-01,-1.619969999999999910e+00,9.361920000000000242e-01,1.158779999999999921e+00,-2.360189999999999788e+00,8.575350000000000250e+00,-5.442420000000000258e+00,-1.019219999999999970e+01,-1.517280000000000051e+01,6.679340000000000277e-01,9.524240000000000705e+00,1.247020000000000017e+01,1.459559999999999969e+00,1.929589999999999916e+00,3.081980000000000164e+00,1.212180000000000035e+00,9.647930000000000117e-01,1.009939999999999927e+01,0.000000000000000000e+00,0.000000000000000000e+00,0.000000000000000000e+00,0.000000000000000000e+00,0.000000000000000000e+00,0.000000000000000000e+00,0.000000000000000000e+00,0.000000000000000000e+00,0.000000000000000000e+00,0.000000000000000000e+00,0.000000000000000000e+00,0.000000000000000000e+00
1.140000000000000124e+00,-1.037379999999999969e-01,1.381399999999999961e+00,-1.785619999999999985e+00,-2.087259999999999949e-01,8.277409999999999490e-01,-2.193420000000000147e+00,-1.761969999999999925e-01,1.152579999999999938e+00,-2.013320000000000221e+00,-1.218540000000000040e-01,1.193089999999999984e+00,-2.019460000000000033e+00,-8.642419999999999547e+00,-7.855690000000000062e+00,-1.020509999999999984e+01,-2.852390000000000203e+00,-1.007640000000000063e-01,1.217450000000000010e+01,2.825260000000000105e+00,-2.507460000000000022e+00,2.547740000000000116e+00,-1.736229999999999940e+00,6.313229999999999897e+00,-2.325309999999999988e+00,2.473830000000000126e-02,-5.887710000000000221e+00,-5.594969999999999999e+00,-7.421479999999999744e-02,1.251759999999999984e+01,8.487289999999999779e+00,5.195039999999999658e-01,1.607990000000000030e+00,1.612109999999999932e+00,1.509039999999999937e+00,-3.215979999999999950e-01,1.901340000000000074e+01,0.000000000000000000e+00,0.000000000000000000e+00,0.000000000000000000e+00,0.000000000000000000e+00,0.000000000000000000e+00,0.000000000000000000e+00,0.000000000000000000e+00,0.000000000000000000e+00,0.000000000000000000e+00,0.000000000000000000e+00,0.000000000000000000e+00,0.000000000000000000e+00
1.159999999999999920e+00,-2.461639999999999939e-01,1.206730000000000080e+00,-2.014629999999999921e+00,-2.092710000000000126e-01,9.123069999999999791e-01,-2.084610000000000074e+00,-1.256950000000000012e-01,1.121669999999999945e+00,-1.964429999999999898e+00,-1.664229999999999876e-01,1.252320000000000100e+00,-2.014009999999999856e+00,-5.417980000000000018e+00,-9.692690000000000694e+00,-1.138599999999999923e+01,2.406699999999999839e+00,6.708529999999999660e+00,-6.237910000000000288e+00,5.464489999999999625e-01,-1.433939999999999992e+00,1.447759999999999936e+00,-9.805080000000000462e-01,2.426079999999999792e+00,8.573330000000000117e-01,5.541380000000000194e+00,-2.473829999999999918e-01,6.638110000000000399e-01,-4.403410000000000046e+00,8.955260000000000886e+00,2.901800000000000068e+01,-5.442420000000000035e-01,-6.679340000000000277e-01,-2.702659999999999840e+00,2.523299999999999876e+00,-3.067550000000000221e+00,9.625249999999999417e+00,0.000000000000000000e+00,0.000000000000000000e+00,0.000000000000000000e+00,0.000000000000000000e+00,0.000000000000000000e+00,0.000000000000000000e+00,0.000000000000000000e+00,0.000000000000000000e+00,0.000000000000000000e+00,0.000000000000000000e+00,0.000000000000000000e+00,0.000000000000000000e+00
1.179999999999999938e+00,-2.808010000000000228e-01,1.004499999999999948e+00,-2.193719999999999892e+00,-2.539910000000000223e-01,1.039290000000000047e+00,-2.121539999999999981e+00,-1.449209999999999943e-01,1.223190000000000000e+00,-1.949240000000000084e+00,-1.974569999999999936e-01,1.333309999999999995e+00,-1.973840000000000039e+00,1.891259999999999941e+00,-1.164589999999999925e+01,-7.683650000000000091e+00,1.899009999999999865e-01,3.937530000000000197e+00,8.067830000000000279e-01,7.828559999999999963e-01,4.464599999999999902e+00,1.922930000000000028e+00,-1.050270000000000037e+00,3.848399999999999821e+00,1.376989999999999936e+00,6.926719999999999544e-01,-1.583250000000000046e+00,5.215650000000000119e+00,6.506170000000000009e+00,3.117020000000000124e+00,2.380239999999999867e+01,6.827770000000000117e+00,-7.965729999999999755e+00,1.057360000000000078e+01,2.350140000000000118e+00,-6.308259999999999756e+00,5.025990000000000180e+00,0.000000000000000000e+00,0.000000000000000000e+00,0.000000000000000000e+00,0.000000000000000000e+00,0.000000000000000000e+00,0.000000000000000000e+00,0.000000000000000000e+00,0.000000000000000000e+00,0.000000000000000000e+00,0.000000000000000000e+00,0.000000000000000000e+00,0.000000000000000000e+00
1.199999999999999956e+00,-2.017770000000000119e-01,8.120270000000000543e-01,-2.279399999999999871e+00,-2.047899999999999998e-01,1.145629999999999926e+00,-2.117500000000000160e+00,-1.206990000000000007e-01,1.292280000000000095e+00,-1.885580000000000034e+00,-1.885560000000000014e-01,1.398889999999999967e+00,-1.937619999999999898e+00,6.189210000000000100e+00,-7.855690000000000062e+00,-3.599180000000000157e-01,-2.170289999999999997e-01,5.716400000000000148e+00,-7.804969999999999963e-01,1.647100000000000009e+00,3.968539999999999957e+00,3.866089999999999804e+00,-1.395190000000000041e-01,2.995779999999999887e+00,3.908549999999999969e+00,-2.671730000000000160e+00,1.056320000000000014e+01,5.500140000000000029e+00,4.749749999999999694e+00,2.226449999999999818e+00,1.915569999999999951e+01,5.739279999999999937e+00,-1.781160000000000077e+00,1.597889999999999944e+01,-1.039009999999999989e+00,-4.378680000000000128e+00,4.646670000000000300e+00,0.000000000000000000e+00,0.000000000000000000e+00,0.000000000000000000e+00,0.000000000000000000e+00,0.000000000000000000e+00,0.000000000000000000e+00,0.000000000000000000e+00,0.000000000000000000e+00,0.000000000000000000e+00,0.000000000000000000e+00,0.000000000000000000e+00,0.000000000000000000e+00
1.219999999999999973e+00,-1.088849999999999957e-01,7.597080000000000499e-01,-2.230859999999999843e+00,-1.778430000000000011e-01,1.248629999999999907e+00,-2.119159999999999933e+00,-8.082330000000000070e-02,1.334699999999999998e+00,-1.823090000000000099e+00,-1.599740000000000051e-01,1.436860000000000026e+00,-1.850640000000000063e+00,3.666249999999999787e+00,1.829250000000000043e+00,4.773970000000000269e+00,2.515219999999999789e+00,5.104059999999999597e+00,8.836190000000000433e-01,2.081160000000000121e+00,2.569469999999999921e+00,2.828800000000000203e+00,2.220680000000000209e+00,9.727559999999999540e-01,5.392710000000000115e+00,-2.943859999999999921e+00,8.485229999999999606e+00,3.793200000000000127e+00,3.661270000000000024e+00,7.421479999999999744e-02,1.996170000000000044e+01,4.378680000000000128e+00,-1.607990000000000030e+00,1.194860000000000078e+01,-3.364409999999999901e+00,-3.488100000000000200e+00,8.297629999999999839e+00,0.000000000000000000e+00,0.000000000000000000e+00,0.000000000000000000e+00,0.000000000000000000e+00,0.000000000000000000e+00,0.000000000000000000e+00,0.000000000000000000e+00,0.000000000000000000e+00,0.000000000000000000e+00,0.000000000000000000e+00,0.000000000000000000e+00,0.000000000000000000e+00
1.239999999999999991e+00,-5.635389999999999844e-02,8.592600000000000238e-01,-2.120480000000000143e+00,-1.568910000000000027e-01,1.330710000000000059e+00,-2.088610000000000078e+00,-5.526899999999999868e-02,1.364770000000000039e+00,-1.751749999999999918e+00,-1.342379999999999962e-01,1.441040000000000099e+00,-1.742809999999999970e+00,2.553970000000000073e+00,7.072829999999999728e+00,7.048739999999999561e+00,4.728140000000000120e-01,4.588619999999999699e+00,1.465959999999999930e+00,6.510880000000000001e-01,9.843830000000000080e-01,4.120860000000000412e+00,7.634779999999999900e-01,3.875519999999999920e-03,5.168260000000000076e+00,-5.195039999999999658e-01,4.106550000000000367e+00,3.129389999999999894e+00,2.424350000000000005e+00,-2.251180000000000181e+00,1.645299999999999940e+01,4.205510000000000304e+00,-2.597519999999999829e+00,4.836330000000000240e+00,-8.905779999999999808e-01,-3.290189999999999948e+00,3.982860000000000067e+00,0.000000000000000000e+00,0.000000000000000000e+00,0.000000000000000000e+00,0.000000000000000000e+00,0.000000000000000000e+00,0.000000000000000000e+00,0.000000000000000000e+00,0.000000000000000000e+00,0.000000000000000000e+00,0.000000000000000000e+00,0.000000000000000000e+00,0.000000000000000000e+00
1.260000000000000009e+00,-5.329590000000000022e-02,9.828230000000000022e-01,-2.113770000000000149e+00,-1.353030000000000066e-01,1.410609999999999919e+00,-2.044939999999999980e+00,-2.977530000000000107e-02,1.379909999999999970e+00,-1.658339999999999925e+00,-1.038089999999999985e-01,1.440039999999999987e+00,-1.633999999999999897e+00,2.181919999999999860e+00,7.952580000000000204e+00,-8.856410000000000116e-01,1.774990000000000068e+00,3.507350000000000190e+00,3.746789999999999843e+00,1.763360000000000039e+00,8.564910000000000023e-01,5.469540000000000290e+00,2.441580000000000084e+00,4.069300000000000139e-01,6.031659999999999577e+00,1.360610000000000097e+00,3.166500000000000092e+00,1.484089999999999954e+01,2.473829999999999918e-01,-5.145559999999999690e+00,1.654779999999999873e+01,1.805889999999999995e+00,-3.290189999999999948e+00,1.801770000000000094e+00,-1.385340000000000016e+00,-4.477630000000000443e+00,9.957160000000000455e-01,0.000000000000000000e+00,0.000000000000000000e+00,0.000000000000000000e+00,0.000000000000000000e+00,0.000000000000000000e+00,0.000000000000000000e+00,0.000000000000000000e+00,0.000000000000000000e+00,0.000000000000000000e+00,0.000000000000000000e+00,0.000000000000000000e+00,0.000000000000000000e+00
1.280000000000000027e+00,6.683889999999999623e-03,1.099150000000000071e+00,-2.102850000000000108e+00,-1.064179999999999987e-01,1.466110000000000024e+00,-1.956040000000000001e+00,1.713289999999999908e-03,1.391529999999999934e+00,-1.546529999999999960e+00,-6.484189999999999399e-02,1.439459999999999962e+00,-1.519009999999999971e+00,1.383559999999999901e+00,5.526500000000000412e+00,1.920910000000000117e-01,7.634779999999999900e-01,2.805880000000000152e+00,5.196570000000000356e+00,1.639350000000000085e+00,5.774529999999999941e-01,5.255209999999999937e+00,1.147159999999999958e+00,-4.301829999999999821e-01,5.255209999999999937e+00,5.689800000000000413e-01,1.236909999999999954e-01,1.123739999999999917e+01,-2.449089999999999989e+00,-5.838230000000000253e+00,1.635820000000000007e+01,1.162700000000000067e+00,-3.958130000000000148e+00,-1.043129999999999891e+00,-1.583250000000000046e+00,-4.304459999999999731e+00,-8.534709999999999797e-01,0.000000000000000000e+00,0.000000000000000000e+00,0.000000000000000000e+00,0.000000000000000000e+00,0.000000000000000000e+00,0.000000000000000000e+00,0.000000000000000000e+00,0.000000000000000000e+00,0.000000000000000000e+00,0.000000000000000000e+00,0.000000000000000000e+00,0.000000000000000000e+00
1.300000000000000044e+00,1.401110000000000029e-02,1.203179999999999916e+00,-2.084210000000000118e+00,-9.436769999999999881e-02,1.495719999999999938e+00,-1.848459999999999992e+00,9.888219999999999649e-03,1.401799999999999935e+00,-1.465370000000000061e+00,-5.763580000000000092e-02,1.431049999999999933e+00,-1.436679999999999957e+00,2.131540000000000101e-01,4.115809999999999746e+00,1.975510000000000099e+00,4.263080000000000203e-01,7.130959999999999521e-01,6.741389999999999993e+00,-1.433939999999999937e-01,8.216109999999999802e-01,2.723650000000000126e+00,7.363499999999999490e-01,-7.518519999999999648e-01,1.785439999999999916e+00,2.473829999999999918e-01,-3.710739999999999927e+00,8.013139999999999930e+00,-2.003800000000000026e+00,-9.375809999999999533e+00,1.393999999999999950e+01,8.411020000000000163e-01,-4.799229999999999663e+00,-6.211369999999999614e+00,1.088479999999999892e+00,-4.279720000000000191e+00,-7.681239999999999846e+00,0.000000000000000000e+00,0.000000000000000000e+00,0.000000000000000000e+00,0.000000000000000000e+00,0.000000000000000000e+00,0.000000000000000000e+00,0.000000000000000000e+00,0.000000000000000000e+00,0.000000000000000000e+00,0.000000000000000000e+00,0.000000000000000000e+00,0.000000000000000000e+00
1.320000000000000062e+00,1.095299999999999919e-02,1.286720000000000086e+00,-2.038209999999999855e+00,-8.788830000000000253e-02,1.503260000000000041e+00,-1.724800000000000111e+00,1.119020000000000084e-02,1.417629999999999946e+00,-1.450520000000000032e+00,-5.921030000000000043e-02,1.427259999999999973e+00,-1.458040000000000003e+00,-1.317679999999999962e-01,3.747630000000000017e+00,3.128049999999999997e+00,4.844399999999999817e-01,1.162660000000000082e-02,5.819350000000000023e+00,-3.332950000000000079e-01,3.177929999999999922e-01,-1.047400000000000109e+00,0.000000000000000000e+00,5.929550000000000098e-01,-4.066270000000000273e+00,1.607990000000000030e+00,-1.014269999999999960e+01,9.577840000000000131e+00,-5.195039999999999658e-01,-1.051379999999999981e+01,1.038390000000000057e+01,-2.473829999999999918e-01,-5.195039999999999658e+00,-6.590690000000000381e+00,6.926719999999999544e-01,-4.007600000000000051e+00,-1.123739999999999917e+01,0.000000000000000000e+00,0.000000000000000000e+00,0.000000000000000000e+00,0.000000000000000000e+00,0.000000000000000000e+00,0.000000000000000000e+00,0.000000000000000000e+00,0.000000000000000000e+00,0.000000000000000000e+00,0.000000000000000000e+00,0.000000000000000000e+00,0.000000000000000000e+00
1.340000000000000080e+00,6.441709999999999797e-03,1.354449999999999932e+00,-1.964949999999999974e+00,-8.595049999999999912e-02,1.502839999999999954e+00,-1.603909999999999947e+00,8.586289999999999895e-03,1.427559999999999940e+00,-1.488399999999999945e+00,-5.027840000000000087e-02,1.412460000000000049e+00,-1.623320000000000096e+00,-1.085150000000000003e-01,2.782630000000000159e+00,5.176350000000000229e+00,5.115690000000000515e-01,-1.007640000000000063e-01,4.721400000000000041e+00,-3.526730000000000143e-01,7.557270000000000376e-01,-2.891480000000000050e+00,6.123330000000000162e-01,-1.697480000000000100e+00,-1.095930000000000071e+01,2.102749999999999897e+00,-1.840530000000000044e+01,1.360810000000000031e+01,3.215979999999999950e-01,-8.584179999999999922e+00,-2.465580000000000105e+00,-3.117020000000000124e+00,-5.318730000000000402e+00,-9.767500000000000071e+00,5.689800000000000413e-01,-2.820160000000000000e+00,-5.025990000000000180e+00,0.000000000000000000e+00,0.000000000000000000e+00,0.000000000000000000e+00,0.000000000000000000e+00,0.000000000000000000e+00,0.000000000000000000e+00,0.000000000000000000e+00,0.000000000000000000e+00,0.000000000000000000e+00,0.000000000000000000e+00,0.000000000000000000e+00,0.000000000000000000e+00
1.360000000000000098e+00,4.867259999999999989e-03,1.398840000000000083e+00,-1.879499999999999948e+00,-6.972180000000000044e-02,1.498629999999999907e+00,-1.569819999999999993e+00,-7.703019999999999659e-03,1.420150000000000023e+00,-1.595820000000000016e+00,-3.865180000000000005e-02,1.348659999999999970e+00,-1.844100000000000072e+00,-6.045819999999999528e-01,1.740110000000000046e+00,4.715329999999999799e+00,6.588389999999999525e-01,7.053449999999999998e-01,-3.437419999999999920e+00,-1.433939999999999992e+00,-1.720730000000000093e+00,-7.847430000000000128e+00,-1.007640000000000063e-01,-4.414220000000000255e+00,-1.213010000000000055e+01,-1.162700000000000067e+00,-1.922159999999999869e+01,1.559950000000000081e+01,4.700269999999999726e-01,-7.817300000000000360e+00,-1.702199999999999847e+01,-3.537570000000000103e+00,-1.979060000000000041e+00,-6.495860000000000412e+00,-7.916250000000000231e-01,-3.463359999999999772e-01,2.844900000000000206e-01,0.000000000000000000e+00,0.000000000000000000e+00,0.000000000000000000e+00,0.000000000000000000e+00,0.000000000000000000e+00,0.000000000000000000e+00,0.000000000000000000e+00,0.000000000000000000e+00,0.000000000000000000e+00,0.000000000000000000e+00,0.000000000000000000e+00,0.000000000000000000e+00
1.380000000000000115e+00,1.831050000000000039e-02,1.423480000000000079e+00,-1.781430000000000069e+00,-6.611870000000000247e-02,1.481740000000000057e+00,-1.742099999999999982e+00,-6.520009999999999695e-02,1.368670000000000053e+00,-1.782980000000000009e+00,-5.600080000000000335e-02,1.267519999999999980e+00,-2.046190000000000175e+00,1.135529999999999928e+00,1.825369999999999937e+00,4.721400000000000041e+00,-1.399059999999999970e+00,-2.255549999999999944e+00,-1.340799999999999947e+01,-4.061550000000000438e+00,-3.015159999999999840e+00,-9.693530000000000868e+00,-2.267180000000000195e+00,-4.049920000000000186e+00,-7.610850000000000115e+00,-3.067550000000000221e+00,-1.731680000000000064e+01,1.280209999999999937e+01,-1.261649999999999938e+00,-5.788759999999999906e+00,-1.175890000000000057e+01,-2.251180000000000181e+00,4.947660000000000252e-02,-1.232790000000000052e+00,-1.410080000000000000e+00,1.360610000000000097e+00,4.883750000000000036e+00,0.000000000000000000e+00,0.000000000000000000e+00,0.000000000000000000e+00,0.000000000000000000e+00,0.000000000000000000e+00,0.000000000000000000e+00,0.000000000000000000e+00,0.000000000000000000e+00,0.000000000000000000e+00,0.000000000000000000e+00,0.000000000000000000e+00,0.000000000000000000e+00
1.400000000000000133e+00,2.457789999999999975e-02,1.448669999999999902e+00,-1.684269999999999934e+00,-9.645679999999999532e-02,1.384449999999999958e+00,-2.069240000000000190e+00,-1.468889999999999918e-01,1.294070000000000054e+00,-1.971419999999999950e+00,-1.045959999999999945e-01,1.197940000000000005e+00,-2.146689999999999987e+00,-3.836769999999999903e-01,8.216109999999999802e-01,5.222859999999999836e+00,-1.616090000000000027e+00,-7.890570000000000306e+00,-1.611139999999999972e+01,-3.720499999999999918e+00,-4.945170000000000066e+00,-8.183080000000000354e+00,-3.150799999999999823e+00,-2.344689999999999941e+00,-2.133220000000000116e+00,-4.527110000000000412e+00,-1.669829999999999970e+01,7.064840000000000231e+00,-1.187440000000000051e+00,-7.297789999999999999e+00,5.215649999999999453e-01,7.421480000000000299e-01,0.000000000000000000e+00,3.603540000000000187e+00,9.400549999999999740e-01,2.350140000000000118e+00,4.077689999999999593e+00,0.000000000000000000e+00,0.000000000000000000e+00,0.000000000000000000e+00,0.000000000000000000e+00,0.000000000000000000e+00,0.000000000000000000e+00,0.000000000000000000e+00,0.000000000000000000e+00,0.000000000000000000e+00,0.000000000000000000e+00,0.000000000000000000e+00,0.000000000000000000e+00
1.419999999999999929e+00,3.002789999999999973e-02,1.461540000000000061e+00,-1.586780000000000079e+00,-1.317599999999999882e-01,1.146619999999999973e+00,-2.322639999999999816e+00,-2.022660000000000013e-01,1.212809999999999944e+00,-2.082739999999999814e+00,-1.484379999999999866e-01,1.164449999999999985e+00,-2.144719999999999960e+00,5.503240000000000354e-01,5.658260000000000511e-01,2.859129999999999949e+00,-2.096659999999999968e+00,-1.369609999999999950e+01,-7.622989999999999711e+00,-1.282799999999999940e+00,-4.387089999999999712e+00,-3.000669999999999948e+00,-8.022329999999999739e-01,-1.371939999999999937e+00,1.902709999999999901e+00,-7.446220000000000283e+00,-1.274019999999999975e+01,-8.582119999999999749e+00,-9.647930000000000117e-01,-1.904849999999999932e+00,1.137959999999999994e+01,1.979060000000000041e+00,6.679340000000000277e-01,5.025990000000000180e+00,2.968589999999999840e+00,3.710740000000000149e-01,3.698370000000000157e+00,0.000000000000000000e+00,0.000000000000000000e+00,0.000000000000000000e+00,0.000000000000000000e+00,0.000000000000000000e+00,0.000000000000000000e+00,0.000000000000000000e+00,0.000000000000000000e+00,0.000000000000000000e+00,0.000000000000000000e+00,0.000000000000000000e+00,0.000000000000000000e+00
1.439999999999999947e+00,1.940050000000000108e-02,1.468229999999999924e+00,-1.604060000000000041e+00,-1.674269999999999925e-01,8.959260000000000002e-01,-2.338039999999999896e+00,-2.051429999999999920e-01,1.151459999999999928e+00,-2.094199999999999839e+00,-1.425039999999999918e-01,1.132030000000000092e+00,-2.062450000000000117e+00,-3.371710000000000207e+00,-9.727559999999999540e-01,-4.450450000000000017e+00,-2.085030000000000161e+00,-9.700440000000000396e+00,5.374509999999999899e+00,9.223749999999999449e-01,-2.185799999999999965e+00,1.300149999999999917e+00,1.275050000000000017e+00,-1.666479999999999961e+00,6.931460000000000399e+00,-4.898179999999999978e+00,-1.043960000000000043e+01,-1.716420000000000101e+01,1.410080000000000000e+00,1.145379999999999932e+01,1.237529999999999930e+01,1.410080000000000000e+00,3.191240000000000077e+00,3.982860000000000067e+00,9.895310000000000494e-01,4.700269999999999726e-01,9.056269999999999598e+00,0.000000000000000000e+00,0.000000000000000000e+00,0.000000000000000000e+00,0.000000000000000000e+00,0.000000000000000000e+00,0.000000000000000000e+00,0.000000000000000000e+00,0.000000000000000000e+00,0.000000000000000000e+00,0.000000000000000000e+00,0.000000000000000000e+00,0.000000000000000000e+00
1.459999999999999964e+00,-1.053130000000000038e-01,1.391270000000000007e+00,-1.799239999999999950e+00,-2.193529999999999924e-01,8.261060000000000070e-01,-2.150170000000000137e+00,-1.625729999999999953e-01,1.134050000000000002e+00,-2.045290000000000052e+00,-1.017200000000000049e-01,1.204239999999999977e+00,-1.998089999999999922e+00,-7.313109999999999999e+00,-7.572770000000000223e+00,-1.249399999999999977e+01,-3.270939999999999959e+00,4.224319999999999742e-01,1.266789999999999949e+01,3.805759999999999810e+00,-6.898429999999999840e-01,3.710389999999999855e+00,-1.666479999999999961e+00,5.514870000000000161e+00,-1.688379999999999992e+00,1.484299999999999953e+00,-6.976200000000000401e+00,-5.263069999999999915e+00,4.205510000000000081e-01,1.133009999999999984e+01,6.069130000000000358e+00,4.205510000000000081e-01,9.647930000000000117e-01,2.987150000000000194e+00,1.311129999999999907e+00,-9.400549999999999740e-01,1.545730000000000004e+01,0.000000000000000000e+00,0.000000000000000000e+00,0.000000000000000000e+00,0.000000000000000000e+00,0.000000000000000000e+00,0.000000000000000000e+00,0.000000000000000000e+00,0.000000000000000000e+00,0.000000000000000000e+00,0.000000000000000000e+00,0.000000000000000000e+00,0.000000000000000000e+00
1.479999999999999982e+00,-2.327210000000000112e-01,1.192309999999999981e+00,-2.059790000000000010e+00,-2.030339999999999923e-01,9.237819999999999920e-01,-2.078759999999999941e+00,-1.031679999999999958e-01,1.122249999999999970e+00,-1.960970000000000102e+00,-1.379920000000000035e-01,1.262699999999999934e+00,-1.992280000000000051e+00,-3.774760000000000115e+00,-9.847709999999999297e+00,-1.233430000000000071e+01,8.409889999999999866e-01,6.491500000000000270e+00,-5.184440000000000381e+00,9.146239999999999926e-01,2.364070000000000060e-01,3.510209999999999830e+00,-7.208470000000000155e-01,3.205060000000000020e+00,1.292070000000000052e+00,5.467159999999999798e+00,7.421479999999999744e-02,3.413879999999999804e+00,-2.968589999999999840e+00,6.481429999999999580e+00,2.550929999999999964e+01,-7.916250000000000231e-01,-1.212180000000000035e+00,-2.607829999999999870e+00,1.979060000000000041e+00,-4.947659999999999947e+00,6.590690000000000381e+00,0.000000000000000000e+00,0.000000000000000000e+00,0.000000000000000000e+00,0.000000000000000000e+00,0.000000000000000000e+00,0.000000000000000000e+00,0.000000000000000000e+00,0.000000000000000000e+00,0.000000000000000000e+00,0.000000000000000000e+00,0.000000000000000000e+00,0.000000000000000000e+00
1.500000000000000000e+00,-2.348099999999999909e-01,9.905129999999999768e-01,-2.243399999999999839e+00,-2.348250000000000060e-01,1.040990000000000082e+00,-2.089280000000000026e+00,-1.246049999999999935e-01,1.226979999999999960e+00,-1.949470000000000036e+00,-1.583990000000000120e-01,1.339089999999999892e+00,-1.946069999999999967e+00,9.688809999999999922e-01,-1.106460000000000043e+01,-6.834399999999999586e+00,3.999540000000000095e+00,4.247569999999999624e+00,1.415409999999999932e-02,2.278810000000000002e+00,4.096429999999999794e+00,2.199949999999999850e+00,-7.712290000000000534e-01,3.592610000000000081e+00,1.807679999999999954e+00,-3.215979999999999950e-01,7.421480000000000299e-01,6.069130000000000358e+00,4.180769999999999875e+00,2.745950000000000113e+00,2.290149999999999864e+01,7.817300000000000360e+00,-7.916249999999999787e+00,1.237529999999999930e+01,1.682199999999999918e+00,-5.615590000000000082e+00,3.982860000000000067e+00,0.000000000000000000e+00,0.000000000000000000e+00,0.000000000000000000e+00,0.000000000000000000e+00,0.000000000000000000e+00,0.000000000000000000e+00,0.000000000000000000e+00,0.000000000000000000e+00,0.000000000000000000e+00,0.000000000000000000e+00,0.000000000000000000e+00,0.000000000000000000e+00
1.520000000000000018e+00,-1.624460000000000071e-01,8.162359999999999616e-01,-2.297759999999999803e+00,-1.888029999999999986e-01,1.144139999999999935e+00,-2.087359999999999882e+00,-9.977700000000000458e-02,1.295339999999999936e+00,-1.880160000000000053e+00,-1.485289999999999944e-01,1.394109999999999960e+00,-1.901059999999999972e+00,5.208700000000000330e+00,-6.274469999999999992e+00,9.220380000000000242e-01,9.301260000000000083e-02,5.580750000000000099e+00,-7.885849999999999804e-01,2.325309999999999877e-01,3.720499999999999918e+00,3.967189999999999994e+00,1.550209999999999921e-01,2.867890000000000050e+00,4.244200000000000195e+00,-2.028540000000000010e+00,9.722149999999999181e+00,6.021709999999999674e+00,4.749749999999999694e+00,1.979060000000000041e+00,1.782809999999999917e+01,5.318730000000000402e+00,-1.311129999999999907e+00,1.635820000000000007e+01,-3.067550000000000221e+00,-3.958130000000000148e+00,4.599260000000000126e+00,0.000000000000000000e+00,0.000000000000000000e+00,0.000000000000000000e+00,0.000000000000000000e+00,0.000000000000000000e+00,0.000000000000000000e+00,0.000000000000000000e+00,0.000000000000000000e+00,0.000000000000000000e+00,0.000000000000000000e+00,0.000000000000000000e+00,0.000000000000000000e+00
1.540000000000000036e+00,-8.439090000000000480e-02,7.891679999999999806e-01,-2.225579999999999892e+00,-1.610689999999999900e-01,1.240730000000000111e+00,-2.084389999999999965e+00,-5.935649999999999954e-02,1.331399999999999917e+00,-1.815139999999999976e+00,-1.193410000000000026e-01,1.423510000000000053e+00,-1.811830000000000052e+00,2.852390000000000203e+00,2.538469999999999782e+00,5.574690000000000367e+00,1.949389999999999956e+00,5.107940000000000147e+00,1.180860000000000021e+00,1.585090000000000110e+00,2.449329999999999785e+00,2.549760000000000026e+00,2.243930000000000202e+00,4.921909999999999896e-01,5.394730000000000025e+00,-2.325400000000000134e+00,7.124629999999999797e+00,3.129389999999999894e+00,3.141760000000000108e+00,3.215979999999999950e-01,1.962979999999999947e+01,4.675539999999999807e+00,-1.484299999999999953e+00,1.147439999999999927e+01,-3.463360000000000216e+00,-2.919119999999999937e+00,6.970010000000000261e+00,0.000000000000000000e+00,0.000000000000000000e+00,0.000000000000000000e+00,0.000000000000000000e+00,0.000000000000000000e+00,0.000000000000000000e+00,0.000000000000000000e+00,0.000000000000000000e+00,0.000000000000000000e+00,0.000000000000000000e+00,0.000000000000000000e+00,0.000000000000000000e+00
1.560000000000000053e+00,-3.833879999999999927e-02,8.856619999999999493e-01,-2.093469999999999942e+00,-1.452640000000000042e-01,1.323870000000000102e+00,-2.055730000000000057e+00,-3.749609999999999749e-02,1.364530000000000021e+00,-1.747060000000000057e+00,-9.642140000000000433e-02,1.423839999999999995e+00,-1.701030000000000042e+00,2.445460000000000189e+00,6.762789999999999857e+00,8.350910000000000721e+00,5.852039999999999464e-01,3.894899999999999807e+00,1.417429999999999968e+00,7.169720000000000537e-01,6.743409999999999682e-01,4.561659999999999826e+00,1.131650000000000045e+00,-1.356430000000000136e-01,5.131870000000000154e+00,-6.679340000000000277e-01,4.057080000000000020e+00,3.840619999999999923e+00,2.003800000000000026e+00,-2.300660000000000149e+00,1.597889999999999944e+01,4.279720000000000191e+00,-2.152229999999999865e+00,5.263069999999999915e+00,-6.431949999999999612e-01,-2.968589999999999840e+00,2.844899999999999984e+00,0.000000000000000000e+00,0.000000000000000000e+00,0.000000000000000000e+00,0.000000000000000000e+00,0.000000000000000000e+00,0.000000000000000000e+00,0.000000000000000000e+00,0.000000000000000000e+00,0.000000000000000000e+00,0.000000000000000000e+00,0.000000000000000000e+00,0.000000000000000000e+00
1.580000000000000071e+00,-3.070880000000000137e-02,1.017430000000000057e+00,-2.092849999999999877e+00,-1.218599999999999961e-01,1.402830000000000021e+00,-2.001500000000000057e+00,-1.372819999999999943e-02,1.378479999999999928e+00,-1.648600000000000065e+00,-6.414540000000000519e-02,1.426050000000000040e+00,-1.595380000000000020e+00,4.309580000000000410e+00,7.022450000000000081e+00,-5.762739999999999529e-01,1.395189999999999930e+00,3.232190000000000119e+00,4.177480000000000082e+00,1.678099999999999925e+00,6.937189999999999745e-01,5.503919999999999924e+00,2.325309999999999988e+00,7.092209999999999903e-01,5.404840000000000089e+00,2.721210000000000018e-01,3.067550000000000221e+00,1.441419999999999924e+01,-2.226450000000000096e-01,-4.626059999999999839e+00,1.616850000000000165e+01,1.583250000000000046e+00,-3.141760000000000108e+00,2.512999999999999901e+00,-1.706939999999999902e+00,-4.304459999999999731e+00,8.534709999999999797e-01,0.000000000000000000e+00,0.000000000000000000e+00,0.000000000000000000e+00,0.000000000000000000e+00,0.000000000000000000e+00,0.000000000000000000e+00,0.000000000000000000e+00,0.000000000000000000e+00,0.000000000000000000e+00,0.000000000000000000e+00,0.000000000000000000e+00,0.000000000000000000e+00
1.600000000000000089e+00,2.548620000000000052e-02,1.122069999999999901e+00,-2.075979999999999936e+00,-9.303549999999999320e-02,1.452669999999999906e+00,-1.915990000000000082e+00,1.830539999999999945e-02,1.395019999999999927e+00,-1.534119999999999928e+00,-3.256610000000000060e-02,1.428590000000000027e+00,-1.490169999999999995e+00,6.975939999999999919e-02,5.193200000000000038e+00,8.088049999999999407e-02,6.278350000000000319e-01,2.317559999999999842e+00,5.044920000000000293e+00,1.011509999999999909e+00,8.448639999999999484e-01,5.202639999999999709e+00,5.038179999999999742e-02,7.751049999999999607e-02,4.761840000000000295e+00,3.463359999999999772e-01,2.473830000000000126e-02,1.043130000000000024e+01,-2.745950000000000113e+00,-5.566110000000000113e+00,1.597889999999999944e+01,1.360610000000000097e+00,-4.180769999999999875e+00,-5.215649999999999453e-01,-1.088479999999999892e+00,-4.230249999999999844e+00,-3.319049999999999834e+00,0.000000000000000000e+00,0.000000000000000000e+00,0.000000000000000000e+00,0.000000000000000000e+00,0.000000000000000000e+00,0.000000000000000000e+00,0.000000000000000000e+00,0.000000000000000000e+00,0.000000000000000000e+00,0.000000000000000000e+00,0.000000000000000000e+00,0.000000000000000000e+00
1.620000000000000107e+00,2.584960000000000035e-02,1.222920000000000007e+00,-2.054370000000000029e+00,-8.573859999999999815e-02,1.482040000000000024e+00,-1.803260000000000085e+00,1.742729999999999974e-02,1.408430000000000071e+00,-1.453659999999999952e+00,-3.822790000000000216e-02,1.431380000000000097e+00,-1.432190000000000074e+00,3.487970000000000237e-01,3.786389999999999922e+00,2.242410000000000014e+00,4.611870000000000136e-01,5.890800000000000480e-01,6.802050000000000374e+00,-6.704660000000000064e-01,5.503240000000000354e-01,2.507299999999999862e+00,1.821500000000000064e-01,4.573119999999999963e-01,3.720499999999999918e-01,2.226450000000000096e-01,-4.304459999999999731e+00,8.297629999999999839e+00,-2.102749999999999897e+00,-9.252119999999999678e+00,1.275459999999999994e+01,9.895310000000000494e-01,-4.922920000000000407e+00,-5.784639999999999560e+00,8.905779999999999808e-01,-4.749749999999999694e+00,-6.685520000000000351e+00,0.000000000000000000e+00,0.000000000000000000e+00,0.000000000000000000e+00,0.000000000000000000e+00,0.000000000000000000e+00,0.000000000000000000e+00,0.000000000000000000e+00,0.000000000000000000e+00,0.000000000000000000e+00,0.000000000000000000e+00,0.000000000000000000e+00,0.000000000000000000e+00
1.640000000000000124e+00,2.055099999999999982e-02,1.306070000000000064e+00,-1.996569999999999956e+00,-8.410360000000000058e-02,1.489119999999999999e+00,-1.674579999999999957e+00,1.164429999999999979e-02,1.427319999999999922e+00,-1.437720000000000109e+00,-4.646340000000000192e-02,1.427049999999999930e+00,-1.474769999999999914e+00,-4.030540000000000234e-01,3.224439999999999973e+00,3.520319999999999894e+00,2.829130000000000256e-01,1.046389999999999959e-01,5.216789999999999594e+00,-1.085150000000000059e+00,1.495949999999999891e+00,-1.146479999999999944e+00,-5.038179999999999742e-02,-4.766889999999999739e-01,-5.811259999999999870e+00,2.399610000000000021e+00,-1.303710000000000058e+01,1.261239999999999917e+01,-2.473830000000000126e-02,-9.499499999999999389e+00,5.784639999999999560e+00,-1.063749999999999973e+00,-6.234049999999999869e+00,-7.254500000000000171e+00,7.421480000000000299e-01,-3.537570000000000103e+00,-1.185379999999999967e+01,0.000000000000000000e+00,0.000000000000000000e+00,0.000000000000000000e+00,0.000000000000000000e+00,0.000000000000000000e+00,0.000000000000000000e+00,0.000000000000000000e+00,0.000000000000000000e+00,0.000000000000000000e+00,0.000000000000000000e+00,0.000000000000000000e+00,0.000000000000000000e+00
1.660000000000000142e+00,1.858299999999999882e-02,1.364589999999999970e+00,-1.918009999999999993e+00,-7.577730000000000576e-02,1.490550000000000042e+00,-1.577620000000000022e+00,5.619090000000000196e-03,1.432080000000000020e+00,-1.484259999999999913e+00,-4.113460000000000033e-02,1.413000000000000034e+00,-1.657820000000000071e+00,4.185570000000000124e-01,2.007519999999999971e+00,4.440339999999999954e+00,1.151029999999999998e+00,-1.472700000000000120e-01,2.270719999999999850e+00,-3.875520000000000076e-01,8.913699999999999402e-02,-3.837779999999999969e+00,4.263080000000000341e-02,-1.255670000000000064e+00,-1.081980000000000075e+01,1.261649999999999938e+00,-1.761370000000000147e+01,1.455640000000000001e+01,5.195039999999999658e-01,-7.322530000000000427e+00,-8.487289999999999779e+00,-3.661270000000000024e+00,-5.046610000000000262e+00,-1.009939999999999927e+01,0.000000000000000000e+00,-3.784959999999999880e+00,-4.314770000000000216e+00,0.000000000000000000e+00,0.000000000000000000e+00,0.000000000000000000e+00,0.000000000000000000e+00,0.000000000000000000e+00,0.000000000000000000e+00,0.000000000000000000e+00,0.000000000000000000e+00,0.000000000000000000e+00,0.000000000000000000e+00,0.000000000000000000e+00,0.000000000000000000e+00
1.679999999999999938e+00,2.379070000000000143e-02,1.404679999999999929e+00,-1.834999999999999964e+00,-6.505900000000000571e-02,1.481340000000000101e+00,-1.613909999999999956e+00,-2.181229999999999974e-02,1.413699999999999957e+00,-1.612090000000000023e+00,-4.125569999999999932e-02,1.340430000000000010e+00,-1.898430000000000062e+00,-6.859680000000000222e-01,1.685850000000000071e+00,4.964039999999999786e+00,3.720499999999999918e-01,-4.883159999999999723e-01,-6.480550000000000033e+00,-2.918270000000000142e+00,-2.007519999999999971e+00,-9.028290000000000148e+00,-6.898429999999999840e-01,-4.538240000000000052e+00,-1.166089999999999982e+01,-1.212180000000000035e+00,-1.907319999999999993e+01,1.479349999999999987e+01,-1.162700000000000067e+00,-7.025669999999999860e+00,-1.825479999999999947e+01,-3.265449999999999964e+00,-1.880109999999999948e+00,-5.879470000000000418e+00,-1.360610000000000097e+00,-3.215979999999999950e-01,1.422449999999999992e+00,0.000000000000000000e+00,0.000000000000000000e+00,0.000000000000000000e+00,0.000000000000000000e+00,0.000000000000000000e+00,0.000000000000000000e+00,0.000000000000000000e+00,0.000000000000000000e+00,0.000000000000000000e+00,0.000000000000000000e+00,0.000000000000000000e+00,0.000000000000000000e+00
1.699999999999999956e+00,2.757539999999999991e-02,1.428779999999999939e+00,-1.742729999999999890e+00,-8.059139999999999360e-02,1.454879999999999951e+00,-1.851630000000000109e+00,-1.005339999999999984e-01,1.355080000000000062e+00,-1.807730000000000059e+00,-7.858790000000000220e-02,1.251200000000000090e+00,-2.089459999999999873e+00,1.278920000000000057e-01,1.507579999999999920e+00,4.581879999999999953e+00,-2.271059999999999857e+00,-3.596490000000000187e+00,-1.663909999999999911e+01,-5.131190000000000140e+00,-3.224439999999999973e+00,-1.024349999999999916e+01,-3.449219999999999953e+00,-3.910400000000000098e+00,-7.240829999999999878e+00,-4.477630000000000443e+00,-1.699520000000000053e+01,1.180630000000000024e+01,-3.141760000000000108e+00,-5.442420000000000258e+00,-7.207089999999999996e+00,-1.360610000000000097e+00,1.731679999999999886e-01,-6.163960000000000550e-01,-5.195039999999999658e-01,2.399610000000000021e+00,4.788920000000000066e+00,0.000000000000000000e+00,0.000000000000000000e+00,0.000000000000000000e+00,0.000000000000000000e+00,0.000000000000000000e+00,0.000000000000000000e+00,0.000000000000000000e+00,0.000000000000000000e+00,0.000000000000000000e+00,0.000000000000000000e+00,0.000000000000000000e+00,0.000000000000000000e+00
1.719999999999999973e+00,2.494129999999999958e-02,1.453819999999999890e+00,-1.640290000000000026e+00,-1.558920000000000028e-01,1.316089999999999982e+00,-2.177480000000000082e+00,-1.951209999999999889e-01,1.279020000000000046e+00,-1.987659999999999982e+00,-1.442299999999999971e-01,1.193249999999999922e+00,-2.177449999999999886e+00,-1.046389999999999959e-01,1.182029999999999914e+00,4.090530000000000221e+00,-3.720499999999999918e+00,-9.874829999999999330e+00,-1.549670000000000059e+01,-3.805759999999999810e+00,-5.007179999999999964e+00,-7.532000000000000028e+00,-3.065539999999999932e+00,-1.836999999999999966e+00,-1.550880000000000036e+00,-6.382480000000000153e+00,-1.330920000000000059e+01,2.086259999999999781e+00,2.721210000000000018e-01,-7.297789999999999999e+00,6.116539999999999644e+00,1.706939999999999902e+00,-4.700269999999999726e-01,4.788920000000000066e+00,2.449089999999999989e+00,2.350140000000000118e+00,4.978580000000000005e+00,0.000000000000000000e+00,0.000000000000000000e+00,0.000000000000000000e+00,0.000000000000000000e+00,0.000000000000000000e+00,0.000000000000000000e+00,0.000000000000000000e+00,0.000000000000000000e+00,0.000000000000000000e+00,0.000000000000000000e+00,0.000000000000000000e+00,0.000000000000000000e+00
1.739999999999999991e+00,2.978559999999999888e-02,1.464809999999999945e+00,-1.580840000000000023e+00,-1.971299999999999997e-01,1.066750000000000087e+00,-2.355589999999999851e+00,-2.392660000000000065e-01,1.205629999999999979e+00,-2.083270000000000177e+00,-1.669980000000000075e-01,1.165180000000000105e+00,-2.152579999999999938e+00,5.038179999999999881e-01,5.115690000000000515e-01,-7.521889999999999965e-01,-1.697480000000000100e+00,-1.347519999999999918e+01,-2.996620000000000061e+00,6.588389999999999525e-02,-3.344580000000000108e+00,-2.402149999999999785e+00,6.355859999999999843e-01,-2.282680000000000042e+00,4.193649999999999878e+00,-7.693609999999999616e+00,-1.157750000000000057e+01,-1.574179999999999957e+01,1.509039999999999937e+00,3.463360000000000216e+00,1.242270000000000074e+01,2.325400000000000134e+00,1.484299999999999953e+00,4.788920000000000066e+00,2.127489999999999881e+00,-5.195039999999999658e-01,6.448450000000000237e+00,0.000000000000000000e+00,0.000000000000000000e+00,0.000000000000000000e+00,0.000000000000000000e+00,0.000000000000000000e+00,0.000000000000000000e+00,0.000000000000000000e+00,0.000000000000000000e+00,0.000000000000000000e+00,0.000000000000000000e+00,0.000000000000000000e+00,0.000000000000000000e+00
1.760000000000000009e+00,-1.781059999999999935e-02,1.452029999999999932e+00,-1.673620000000000108e+00,-2.098160000000000025e-01,8.567780000000000395e-01,-2.302160000000000206e+00,-2.122880000000000045e-01,1.151799999999999935e+00,-2.088529999999999998e+00,-1.366600000000000037e-01,1.134239999999999915e+00,-2.018800000000000150e+00,-5.193200000000000038e+00,-2.887270000000000003e+00,-8.896850000000000591e+00,-2.325309999999999877e-01,-5.324970000000000425e+00,7.948529999999999873e+00,2.728369999999999962e+00,-9.960099999999999509e-01,1.360810000000000075e+00,2.712870000000000115e+00,1.278920000000000057e-01,9.602539999999999409e+00,-3.141760000000000108e+00,-8.980000000000000426e+00,-1.322879999999999967e+01,1.162700000000000067e+00,1.254229999999999912e+01,1.128480000000000061e+01,1.360610000000000097e+00,2.844899999999999984e+00,4.599260000000000126e+00,1.583250000000000046e+00,1.410080000000000000e+00,1.085800000000000054e+01,0.000000000000000000e+00,0.000000000000000000e+00,0.000000000000000000e+00,0.000000000000000000e+00,0.000000000000000000e+00,0.000000000000000000e+00,0.000000000000000000e+00,0.000000000000000000e+00,0.000000000000000000e+00,0.000000000000000000e+00,0.000000000000000000e+00,0.000000000000000000e+00
1.780000000000000027e+00,-1.568450000000000122e-01,1.316089999999999982e+00,-1.916020000000000056e+00,-2.352190000000000114e-01,8.578369999999999607e-01,-2.055210000000000203e+00,-1.372909999999999964e-01,1.142560000000000020e+00,-2.026839999999999975e+00,-1.071700000000000014e-01,1.214169999999999972e+00,-2.004640000000000200e+00,-7.917699999999999960e+00,-9.681060000000000443e+00,-1.314710000000000001e+01,-2.743869999999999809e+00,4.522739999999999760e+00,1.029609999999999914e+01,5.003300000000000303e+00,-5.193200000000000038e-01,3.948989999999999778e+00,-3.325200000000000156e+00,3.406590000000000007e+00,-1.320370000000000044e+00,4.057080000000000020e+00,-3.265449999999999964e+00,6.163960000000000550e-01,-1.583250000000000046e+00,5.764020000000000366e+00,1.939280000000000115e+01,-1.410080000000000000e+00,4.700269999999999726e-01,1.612109999999999932e+00,1.261649999999999938e+00,-2.869639999999999969e+00,1.280209999999999937e+01,0.000000000000000000e+00,0.000000000000000000e+00,0.000000000000000000e+00,0.000000000000000000e+00,0.000000000000000000e+00,0.000000000000000000e+00,0.000000000000000000e+00,0.000000000000000000e+00,0.000000000000000000e+00,0.000000000000000000e+00,0.000000000000000000e+00,0.000000000000000000e+00
1.800000000000000044e+00,-2.710819999999999896e-01,1.112679999999999891e+00,-2.136680000000000135e+00,-2.127529999999999977e-01,9.780689999999999662e-01,-2.132620000000000182e+00,-9.871729999999999394e-02,1.147189999999999932e+00,-1.949170000000000069e+00,-1.563100000000000045e-01,1.281600000000000072e+00,-1.971060000000000034e+00,-2.453209999999999891e+00,-1.209549999999999947e+01,-8.898880000000000123e+00,-4.131310000000000038e+00,6.778290000000000148e+00,-2.163549999999999862e+00,1.193659999999999943e+00,2.697360000000000202e+00,3.946969999999999867e+00,-1.763360000000000039e+00,2.840759999999999952e+00,2.626590000000000202e+00,4.180769999999999875e+00,-3.141760000000000108e+00,4.267350000000000421e+00,6.506170000000000009e+00,4.329200000000000159e+00,2.072040000000000148e+01,4.452889999999999904e-01,-5.665070000000000050e+00,3.508710000000000218e+00,-4.947660000000000252e-02,-4.799229999999999663e+00,4.788920000000000066e+00,0.000000000000000000e+00,0.000000000000000000e+00,0.000000000000000000e+00,0.000000000000000000e+00,0.000000000000000000e+00,0.000000000000000000e+00,0.000000000000000000e+00,0.000000000000000000e+00,0.000000000000000000e+00,0.000000000000000000e+00,0.000000000000000000e+00,0.000000000000000000e+00
1.820000000000000062e+00,-2.509480000000000044e-01,8.664060000000000095e-01,-2.245800000000000018e+00,-1.832320000000000060e-01,1.095669999999999922e+00,-2.100779999999999870e+00,-1.180340000000000000e-01,1.235849999999999893e+00,-1.928569999999999895e+00,-1.722970000000000057e-01,1.346940000000000026e+00,-1.927859999999999907e+00,2.123790000000000067e+00,-1.114209999999999923e+01,-3.045150000000000023e+00,2.344689999999999941e+00,4.181689999999999685e+00,8.027389999999999803e-01,2.817509999999999959e+00,3.177929999999999922e+00,3.107829999999999870e+00,-2.364070000000000060e-01,3.193430000000000213e+00,3.101770000000000138e+00,-5.442420000000000035e-01,8.683139999999999858e+00,5.452729999999999855e+00,3.067550000000000221e+00,3.809699999999999864e+00,2.342299999999999827e+01,6.605120000000000324e+00,-4.527110000000000412e+00,1.104770000000000074e+01,-6.431949999999999612e-01,-3.067550000000000221e+00,6.495860000000000412e+00,0.000000000000000000e+00,0.000000000000000000e+00,0.000000000000000000e+00,0.000000000000000000e+00,0.000000000000000000e+00,0.000000000000000000e+00,0.000000000000000000e+00,0.000000000000000000e+00,0.000000000000000000e+00,0.000000000000000000e+00,0.000000000000000000e+00,0.000000000000000000e+00
1.840000000000000080e+00,-1.694710000000000105e-01,7.571039999999999992e-01,-2.241010000000000169e+00,-1.731800000000000006e-01,1.203580000000000094e+00,-2.102889999999999926e+00,-1.028049999999999936e-01,1.299730000000000052e+00,-1.857350000000000056e+00,-1.557649999999999868e-01,1.390349999999999975e+00,-1.847590000000000066e+00,5.053679999999999950e+00,-7.247230000000000061e-01,2.733760000000000190e+00,1.282799999999999940e+00,4.925790000000000113e+00,7.279239999999999322e-02,1.588960000000000095e-01,3.984039999999999804e+00,3.297899999999999832e+00,1.089020000000000099e+00,1.976520000000000055e+00,4.054129999999999789e+00,-2.003800000000000026e+00,9.598449999999999704e+00,5.263069999999999915e+00,3.488100000000000200e+00,7.668869999999999854e-01,1.996170000000000044e+01,6.234049999999999869e+00,-1.063749999999999973e+00,1.503059999999999974e+01,-1.904849999999999932e+00,-2.919119999999999937e+00,6.021709999999999674e+00,0.000000000000000000e+00,0.000000000000000000e+00,0.000000000000000000e+00,0.000000000000000000e+00,0.000000000000000000e+00,0.000000000000000000e+00,0.000000000000000000e+00,0.000000000000000000e+00,0.000000000000000000e+00,0.000000000000000000e+00,0.000000000000000000e+00,0.000000000000000000e+00
1.860000000000000098e+00,-7.918319999999999526e-02,8.155700000000000172e-01,-2.145329999999999959e+00,-1.466870000000000118e-01,1.291560000000000041e+00,-2.089789999999999814e+00,-6.847000000000000308e-02,1.339730000000000087e+00,-1.795160000000000089e+00,-1.327240000000000086e-01,1.416749999999999954e+00,-1.765670000000000073e+00,4.251450000000000173e+00,5.894669999999999632e+00,6.237910000000000288e+00,1.275050000000000017e+00,5.042060000000000208e+00,1.376989999999999936e+00,1.387440000000000007e+00,2.162539999999999907e+00,3.289810000000000123e+00,1.414570000000000105e+00,7.634779999999999900e-01,5.059070000000000178e+00,-1.781160000000000077e+00,5.788759999999999906e+00,3.081980000000000164e+00,1.929589999999999916e+00,-1.781160000000000077e+00,1.616850000000000165e+01,5.862969999999999793e+00,-1.088479999999999892e+00,1.095289999999999964e+01,-1.607990000000000030e+00,-2.770690000000000097e+00,3.982860000000000067e+00,0.000000000000000000e+00,0.000000000000000000e+00,0.000000000000000000e+00,0.000000000000000000e+00,0.000000000000000000e+00,0.000000000000000000e+00,0.000000000000000000e+00,0.000000000000000000e+00,0.000000000000000000e+00,0.000000000000000000e+00,0.000000000000000000e+00,0.000000000000000000e+00
1.880000000000000115e+00,-5.163059999999999872e-02,9.367710000000000203e-01,-2.114310000000000134e+00,-1.158949999999999980e-01,1.383550000000000058e+00,-2.054419999999999913e+00,-3.779890000000000333e-02,1.366160000000000041e+00,-1.712869999999999893e+00,-9.463499999999999690e-02,1.425019999999999953e+00,-1.657270000000000021e+00,5.890800000000000480e-01,8.185109999999999886e+00,-2.123110000000000053e+00,1.937759999999999927e+00,4.437470000000000248e+00,2.596260000000000012e+00,1.639350000000000085e+00,2.557849999999999846e-01,4.575809999999999711e+00,2.391199999999999992e+00,5.038179999999999881e-01,5.528179999999999872e+00,1.261649999999999938e+00,3.537570000000000103e+00,1.408230000000000004e+01,1.484300000000000064e-01,-4.725010000000000154e+00,1.493570000000000064e+01,2.844899999999999984e+00,-1.805889999999999995e+00,5.025990000000000180e+00,-1.682199999999999918e+00,-3.389139999999999819e+00,2.038850000000000051e+00,0.000000000000000000e+00,0.000000000000000000e+00,0.000000000000000000e+00,0.000000000000000000e+00,0.000000000000000000e+00,0.000000000000000000e+00,0.000000000000000000e+00,0.000000000000000000e+00,0.000000000000000000e+00,0.000000000000000000e+00,0.000000000000000000e+00,0.000000000000000000e+00
1.900000000000000133e+00,-1.491010000000000078e-03,1.068179999999999907e+00,-2.115810000000000191e+00,-8.610189999999999511e-02,1.449249999999999927e+00,-1.980059999999999931e+00,-2.828339999999999934e-03,1.387690000000000090e+00,-1.609850000000000003e+00,-5.451729999999999771e-02,1.434889999999999999e+00,-1.544610000000000039e+00,3.639120000000000132e+00,6.010939999999999728e+00,4.488869999999999805e-01,7.944820000000000215e-01,3.011280000000000179e+00,4.939779999999999838e+00,1.538580000000000059e+00,1.092899999999999983e+00,5.412930000000000241e+00,1.309930000000000039e+00,-1.085150000000000003e-01,6.084240000000000315e+00,0.000000000000000000e+00,8.658400000000000540e-01,1.247020000000000017e+01,-2.671730000000000160e+00,-5.838230000000000253e+00,1.559950000000000081e+01,7.916250000000000231e-01,-3.339669999999999916e+00,4.267349999999999755e-01,-2.399610000000000021e+00,-4.848700000000000010e+00,2.086259999999999781e+00,0.000000000000000000e+00,0.000000000000000000e+00,0.000000000000000000e+00,0.000000000000000000e+00,0.000000000000000000e+00,0.000000000000000000e+00,0.000000000000000000e+00,0.000000000000000000e+00,0.000000000000000000e+00,0.000000000000000000e+00,0.000000000000000000e+00,0.000000000000000000e+00
1.919999999999999929e+00,1.455610000000000064e-02,1.184560000000000057e+00,-2.105669999999999931e+00,-7.338540000000000341e-02,1.490669999999999940e+00,-1.881410000000000027e+00,6.860469999999999589e-03,1.403950000000000031e+00,-1.519989999999999952e+00,-4.225480000000000208e-02,1.426409999999999956e+00,-1.431529999999999969e+00,8.913699999999999402e-02,4.952919999999999767e+00,1.205119999999999969e+00,-4.650630000000000042e-02,1.356430000000000025e+00,6.417869999999999742e+00,-4.921909999999999896e-01,4.650630000000000042e-01,3.716460000000000097e+00,7.712290000000000534e-01,-7.479759999999999742e-01,3.787230000000000096e+00,8.905779999999999808e-01,-2.844899999999999984e+00,9.672670000000000101e+00,-2.770690000000000097e+00,-7.421479999999999855e+00,1.479349999999999987e+01,2.078019999999999978e+00,-4.576579999999999870e+00,-2.465580000000000105e+00,2.473830000000000126e-02,-3.636530000000000040e+00,-7.681239999999999846e+00,0.000000000000000000e+00,0.000000000000000000e+00,0.000000000000000000e+00,0.000000000000000000e+00,0.000000000000000000e+00,0.000000000000000000e+00,0.000000000000000000e+00,0.000000000000000000e+00,0.000000000000000000e+00,0.000000000000000000e+00,0.000000000000000000e+00,0.000000000000000000e+00
1.939999999999999947e+00,1.116499999999999958e-02,1.278510000000000035e+00,-2.064939999999999998e+00,-7.026680000000000426e-02,1.503409999999999913e+00,-1.749249999999999972e+00,4.801599999999999618e-03,1.417389999999999928e+00,-1.464779999999999971e+00,-4.573680000000000107e-02,1.422080000000000011e+00,-1.427359999999999962e+00,-5.542000000000000259e-01,4.274700000000000166e+00,3.067390000000000061e+00,7.169720000000000537e-01,2.015270000000000117e-01,6.351140000000000008e+00,-9.301260000000000083e-02,2.519089999999999940e-01,1.451799999999999979e+00,-3.875519999999999920e-03,2.790380000000000082e-01,-3.574920000000000098e+00,2.102749999999999897e+00,-8.757350000000000634e+00,1.199600000000000044e+01,-1.039009999999999989e+00,-1.011800000000000033e+01,9.957160000000000011e+00,2.473829999999999918e-01,-5.318730000000000402e+00,-6.448450000000000237e+00,1.113220000000000098e+00,-3.685999999999999943e+00,-1.009939999999999927e+01,0.000000000000000000e+00,0.000000000000000000e+00,0.000000000000000000e+00,0.000000000000000000e+00,0.000000000000000000e+00,0.000000000000000000e+00,0.000000000000000000e+00,0.000000000000000000e+00,0.000000000000000000e+00,0.000000000000000000e+00,0.000000000000000000e+00,0.000000000000000000e+00
1.959999999999999964e+00,7.440869999999999602e-03,1.348880000000000079e+00,-1.993400000000000061e+00,-6.514979999999999383e-02,1.506780000000000008e+00,-1.630449999999999955e+00,8.253240000000000229e-03,1.433100000000000041e+00,-1.465540000000000065e+00,-3.804620000000000224e-02,1.420449999999999990e+00,-1.559420000000000028e+00,-1.550209999999999921e-01,3.050040000000000084e+00,4.361480000000000246e+00,6.859680000000000222e-01,-9.688810000000000477e-02,4.701179999999999914e+00,-2.790380000000000082e-01,6.007059999999999622e-01,-1.767239999999999922e+00,6.084570000000000256e-01,-1.120030000000000081e+00,-1.008980000000000032e+01,2.300660000000000149e+00,-1.756419999999999959e+01,1.474610000000000021e+01,4.947660000000000252e-02,-9.573719999999999786e+00,-9.483010000000000050e-02,-2.721210000000000129e+00,-5.244519999999999627e+00,-7.965729999999999755e+00,7.668869999999999854e-01,-3.265449999999999964e+00,-6.875180000000000291e+00,0.000000000000000000e+00,0.000000000000000000e+00,0.000000000000000000e+00,0.000000000000000000e+00,0.000000000000000000e+00,0.000000000000000000e+00,0.000000000000000000e+00,0.000000000000000000e+00,0.000000000000000000e+00,0.000000000000000000e+00,0.000000000000000000e+00,0.000000000000000000e+00
1.979999999999999982e+00,8.651970000000000147e-03,1.399019999999999930e+00,-1.910870000000000068e+00,-5.155520000000000241e-02,1.504170000000000007e+00,-1.577839999999999909e+00,-2.071400000000000151e-03,1.428620000000000001e+00,-1.535849999999999937e+00,-2.366450000000000151e-02,1.378479999999999928e+00,-1.786079999999999890e+00,-5.852039999999999464e-01,2.143159999999999954e+00,4.602100000000000080e+00,9.340009999999999701e-01,1.077399999999999913e+00,-1.445740000000000025e+00,-7.828559999999999963e-01,-3.875519999999999920e-03,-5.477630000000000443e+00,1.395190000000000041e-01,-3.406590000000000007e+00,-1.203299999999999947e+01,-5.195039999999999658e-01,-1.981540000000000035e+01,1.526759999999999984e+01,0.000000000000000000e+00,-8.980000000000000426e+00,-1.602629999999999910e+01,-3.562310000000000088e+00,-3.636530000000000040e+00,-9.008860000000000312e+00,-4.452889999999999904e-01,-1.731680000000000108e+00,-1.090549999999999908e+00,0.000000000000000000e+00,0.000000000000000000e+00,0.000000000000000000e+00,0.000000000000000000e+00,0.000000000000000000e+00,0.000000000000000000e+00,0.000000000000000000e+00,0.000000000000000000e+00,0.000000000000000000e+00,0.000000000000000000e+00,0.000000000000000000e+00,0.000000000000000000e+00
2.000000000000000000e+00,1.706910000000000024e-02,1.428239999999999954e+00,-1.812319999999999931e+00,-5.276639999999999803e-02,1.500690000000000079e+00,-1.718210000000000015e+00,-4.751799999999999774e-02,1.396320000000000006e+00,-1.687599999999999989e+00,-3.308069999999999761e-02,1.302280000000000104e+00,-1.992129999999999956e+00,9.068730000000000402e-01,1.902879999999999905e+00,4.893270000000000231e+00,-1.162660000000000027e+00,-4.534360000000000057e-01,-1.162860000000000049e+01,-3.902649999999999952e+00,-2.635359999999999925e+00,-1.000089999999999968e+01,-2.205169999999999852e+00,-4.375469999999999970e+00,-9.988739999999999952e+00,-2.498569999999999958e+00,-1.877639999999999887e+01,1.398739999999999917e+01,-3.191240000000000077e+00,-7.322530000000000427e+00,-1.185379999999999967e+01,-2.597519999999999829e+00,-4.205510000000000081e-01,-4.030280000000000307e+00,-1.830629999999999979e+00,1.311129999999999907e+00,3.461300000000000043e+00,0.000000000000000000e+00,0.000000000000000000e+00,0.000000000000000000e+00,0.000000000000000000e+00,0.000000000000000000e+00,0.000000000000000000e+00,0.000000000000000000e+00,0.000000000000000000e+00,0.000000000000000000e+00,0.000000000000000000e+00,0.000000000000000000e+00,0.000000000000000000e+00
2.020000000000000018e+00,1.691770000000000079e-02,1.451759999999999939e+00,-1.716890000000000027e+00,-1.042379999999999973e-01,1.423510000000000053e+00,-1.990399999999999947e+00,-1.361100000000000088e-01,1.330310000000000104e+00,-1.889669999999999961e+00,-9.748099999999999821e-02,1.229160000000000030e+00,-2.134609999999999896e+00,-1.120030000000000081e+00,7.906069999999999487e-01,5.305760000000000254e+00,-3.026780000000000026e+00,-7.053449999999999775e+00,-1.639039999999999964e+01,-4.615750000000000242e+00,-4.189440000000000275e+00,-9.960430000000000561e+00,-3.693369999999999820e+00,-3.026780000000000026e+00,-4.565699999999999648e+00,-5.021869999999999834e+00,-1.677260000000000062e+01,9.056269999999999598e+00,-2.721210000000000018e-01,-5.961929999999999730e+00,-1.849189999999999889e+00,-1.484300000000000064e-01,4.947660000000000252e-02,1.991430000000000033e+00,0.000000000000000000e+00,2.498569999999999958e+00,5.594969999999999999e+00,0.000000000000000000e+00,0.000000000000000000e+00,0.000000000000000000e+00,0.000000000000000000e+00,0.000000000000000000e+00,0.000000000000000000e+00,0.000000000000000000e+00,0.000000000000000000e+00,0.000000000000000000e+00,0.000000000000000000e+00,0.000000000000000000e+00,0.000000000000000000e+00
2.040000000000000036e+00,1.379909999999999991e-02,1.466480000000000006e+00,-1.606959999999999944e+00,-1.538019999999999943e-01,1.216749999999999998e+00,-2.281309999999999949e+00,-2.018119999999999914e-01,1.245230000000000059e+00,-2.047280000000000211e+00,-1.586420000000000052e-01,1.189130000000000020e+00,-2.159980000000000011e+00,4.379339999999999899e-01,8.409889999999999866e-01,3.037059999999999871e+00,-2.588849999999999874e+00,-1.283569999999999922e+01,-9.721840000000000259e+00,-2.096659999999999968e+00,-5.100189999999999557e+00,-5.791039999999999743e+00,-1.484329999999999927e+00,-1.333180000000000032e+00,9.523679999999999923e-01,-6.877239999999999576e+00,-1.306179999999999986e+01,-4.457010000000000360e+00,-4.947660000000000252e-02,-4.403410000000000046e+00,9.672670000000000101e+00,2.127489999999999881e+00,-2.473830000000000126e-02,5.263069999999999915e+00,3.191240000000000077e+00,8.905779999999999808e-01,3.319049999999999834e+00,0.000000000000000000e+00,0.000000000000000000e+00,0.000000000000000000e+00,0.000000000000000000e+00,0.000000000000000000e+00,0.000000000000000000e+00,0.000000000000000000e+00,0.000000000000000000e+00,0.000000000000000000e+00,0.000000000000000000e+00,0.000000000000000000e+00,0.000000000000000000e+00
2.060000000000000053e+00,2.279159999999999867e-02,1.479219999999999979e+00,-1.601620000000000044e+00,-1.832620000000000082e-01,9.450969999999999649e-01,-2.355620000000000047e+00,-2.164059999999999873e-01,1.176169999999999938e+00,-2.106050000000000200e+00,-1.618809999999999971e-01,1.158060000000000089e+00,-2.095489999999999853e+00,-1.627720000000000056e+00,-4.301829999999999821e-01,-3.368669999999999831e+00,-7.944820000000000215e-01,-1.283960000000000079e+01,2.408220000000000027e+00,-1.433939999999999937e-01,-3.166300000000000114e+00,-7.663429999999999964e-01,6.588389999999999525e-01,-2.255549999999999944e+00,6.332939999999999792e+00,-6.555640000000000356e+00,-1.039010000000000034e+01,-1.597889999999999944e+01,1.088479999999999892e+00,9.351069999999999993e+00,1.261239999999999917e+01,1.830629999999999979e+00,3.141760000000000108e+00,4.788920000000000066e+00,1.583250000000000046e+00,-3.215979999999999950e-01,8.582119999999999749e+00,0.000000000000000000e+00,0.000000000000000000e+00,0.000000000000000000e+00,0.000000000000000000e+00,0.000000000000000000e+00,0.000000000000000000e+00,0.000000000000000000e+00,0.000000000000000000e+00,0.000000000000000000e+00,0.000000000000000000e+00,0.000000000000000000e+00,0.000000000000000000e+00
2.080000000000000071e+00,-8.472390000000000476e-02,1.416309999999999958e+00,-1.760299999999999976e+00,-2.128130000000000022e-01,8.238360000000000127e-01,-2.202859999999999818e+00,-1.864619999999999889e-01,1.141899999999999915e+00,-2.083720000000000017e+00,-1.192200000000000065e-01,1.204509999999999970e+00,-1.993440000000000101e+00,-7.464260000000000339e+00,-6.003190000000000026e+00,-1.122220000000000084e+01,-2.747749999999999915e+00,-1.205289999999999973e+00,1.239700000000000024e+01,2.619850000000000012e+00,-1.557960000000000012e+00,2.396079999999999988e+00,3.360079999999999956e+00,6.464369999999999727e+00,-6.066040000000000321e-01,-2.473829999999999918e-01,-7.000930000000000319e+00,-6.590690000000000381e+00,-7.421479999999999744e-02,1.306179999999999986e+01,9.625249999999999417e+00,1.459559999999999969e+00,1.781160000000000077e+00,3.224219999999999864e+00,-5.442420000000000035e-01,-1.904849999999999932e+00,1.858670000000000044e+01,0.000000000000000000e+00,0.000000000000000000e+00,0.000000000000000000e+00,0.000000000000000000e+00,0.000000000000000000e+00,0.000000000000000000e+00,0.000000000000000000e+00,0.000000000000000000e+00,0.000000000000000000e+00,0.000000000000000000e+00,0.000000000000000000e+00,0.000000000000000000e+00
2.100000000000000089e+00,-2.275129999999999930e-01,1.239060000000000050e+00,-2.000770000000000159e+00,-2.215940000000000132e-01,9.034050000000000136e-01,-2.074450000000000127e+00,-1.205780000000000046e-01,1.122759999999999980e+00,-2.021590000000000220e+00,-1.508909999999999973e-01,1.264399999999999968e+00,-1.994799999999999907e+00,-5.852039999999999687e+00,-1.027009999999999934e+01,-1.241310000000000002e+01,3.468589999999999840e+00,6.328730000000000189e+00,-5.404840000000000089e+00,1.743989999999999929e+00,-1.430069999999999952e+00,3.059299999999999908e+00,-2.546219999999999928e+00,2.883389999999999898e+00,8.553110000000000435e-01,5.417679999999999829e+00,-6.926719999999999544e-01,1.801770000000000094e+00,-5.516639999999999766e+00,8.559450000000000003e+00,2.949220000000000041e+01,-5.937189999999999968e-01,-8.658400000000000540e-01,-1.280210000000000070e+00,2.399610000000000021e+00,-4.997130000000000294e+00,8.392459999999999809e+00,0.000000000000000000e+00,0.000000000000000000e+00,0.000000000000000000e+00,0.000000000000000000e+00,0.000000000000000000e+00,0.000000000000000000e+00,0.000000000000000000e+00,0.000000000000000000e+00,0.000000000000000000e+00,0.000000000000000000e+00,0.000000000000000000e+00,0.000000000000000000e+00
2.120000000000000107e+00,-2.747149999999999870e-01,1.034450000000000092e+00,-2.185270000000000046e+00,-2.662229999999999874e-01,1.029509999999999925e+00,-2.110139999999999905e+00,-1.117670000000000052e-01,1.176900000000000057e+00,-1.967470000000000052e+00,-1.854069999999999885e-01,1.342149999999999954e+00,-1.940949999999999953e+00,1.937760000000000038e-01,-1.255279999999999951e+01,-8.282159999999999300e+00,-5.425730000000000136e-02,4.414220000000000255e+00,1.265779999999999905e+00,-1.073520000000000030e+00,8.537779999999999703e+00,3.534479999999999844e+00,-1.158779999999999921e+00,3.798010000000000108e+00,2.442590000000000039e+00,8.411020000000000163e-01,-1.509039999999999937e+00,5.025990000000000180e+00,7.198839999999999684e+00,3.290189999999999948e+00,2.313850000000000051e+01,7.421479999999999855e+00,-8.856310000000000571e+00,1.076319999999999943e+01,2.152229999999999865e+00,-6.036139999999999617e+00,4.457010000000000360e+00,0.000000000000000000e+00,0.000000000000000000e+00,0.000000000000000000e+00,0.000000000000000000e+00,0.000000000000000000e+00,0.000000000000000000e+00,0.000000000000000000e+00,0.000000000000000000e+00,0.000000000000000000e+00,0.000000000000000000e+00,0.000000000000000000e+00,0.000000000000000000e+00
2.140000000000000124e+00,-2.091649999999999898e-01,8.255609999999999893e-01,-2.279939999999999856e+00,-2.167189999999999950e-01,1.132390000000000008e+00,-2.094920000000000115e+00,-1.001100000000000045e-01,1.253800000000000026e+00,-1.922230000000000105e+00,-1.834089999999999887e-01,1.402460000000000040e+00,-1.901140000000000052e+00,5.476119999999999877e+00,-7.433250000000000135e+00,9.705660000000000676e-02,-6.743409999999999682e-01,6.061320000000000263e+00,-6.874839999999999840e-01,3.313569999999999904e+00,4.778520000000000323e+00,3.983359999999999790e+00,-7.130959999999999521e-01,2.643110000000000070e+00,3.671969999999999956e+00,-2.201709999999999834e+00,1.063749999999999929e+01,5.642389999999999795e+00,4.205510000000000304e+00,2.597519999999999829e+00,2.024620000000000175e+01,4.749749999999999694e+00,-2.399610000000000021e+00,1.455640000000000001e+01,-9.895310000000000494e-01,-4.502369999999999983e+00,4.125110000000000277e+00,0.000000000000000000e+00,0.000000000000000000e+00,0.000000000000000000e+00,0.000000000000000000e+00,0.000000000000000000e+00,0.000000000000000000e+00,0.000000000000000000e+00,0.000000000000000000e+00,0.000000000000000000e+00,0.000000000000000000e+00,0.000000000000000000e+00,0.000000000000000000e+00
2.160000000000000142e+00,-1.172119999999999967e-01,7.698810000000000375e-01,-2.238339999999999996e+00,-1.948890000000000067e-01,1.236969999999999903e+00,-2.095779999999999976e+00,-6.692589999999999650e-02,1.311900000000000066e+00,-1.857669999999999932e+00,-1.574909999999999921e-01,1.436129999999999907e+00,-1.803660000000000041e+00,4.069300000000000139e+00,2.046279999999999877e+00,4.335200000000000387e+00,2.821379999999999999e+00,4.883160000000000167e+00,1.097949999999999982e+00,1.247919999999999918e+00,3.360079999999999956e+00,3.037059999999999871e+00,2.336939999999999795e+00,1.158779999999999921e+00,6.250040000000000262e+00,-3.042809999999999793e+00,7.842039999999999900e+00,3.982860000000000067e+00,3.958130000000000148e+00,3.710740000000000149e-01,1.891860000000000142e+01,4.477630000000000443e+00,-1.113220000000000098e+00,1.223310000000000031e+01,-2.424350000000000005e+00,-3.636530000000000040e+00,7.112260000000000026e+00,0.000000000000000000e+00,0.000000000000000000e+00,0.000000000000000000e+00,0.000000000000000000e+00,0.000000000000000000e+00,0.000000000000000000e+00,0.000000000000000000e+00,0.000000000000000000e+00,0.000000000000000000e+00,0.000000000000000000e+00,0.000000000000000000e+00,0.000000000000000000e+00
2.180000000000000160e+00,-5.804940000000000100e-02,8.663760000000000350e-01,-2.110149999999999970e+00,-1.684269999999999934e-01,1.316840000000000011e+00,-2.061399999999999899e+00,-3.670890000000000264e-02,1.346689999999999943e+00,-1.786980000000000013e+00,-1.257600000000000107e-01,1.438309999999999977e+00,-1.696620000000000017e+00,3.174049999999999816e+00,6.902309999999999945e+00,7.604790000000000383e+00,7.557270000000000376e-01,4.073179999999999801e+00,9.786540000000000239e-01,6.704660000000000064e-01,1.302179999999999893e+00,3.722519999999999829e+00,5.231959999999999944e-01,1.937760000000000038e-01,4.798239999999999839e+00,-3.710740000000000149e-01,3.587050000000000072e+00,2.702659999999999840e+00,2.844899999999999984e+00,-2.078019999999999978e+00,1.536250000000000071e+01,3.488100000000000200e+00,-2.424350000000000005e+00,6.258790000000000298e+00,-1.088479999999999892e+00,-3.463360000000000216e+00,2.275920000000000165e+00,0.000000000000000000e+00,0.000000000000000000e+00,0.000000000000000000e+00,0.000000000000000000e+00,0.000000000000000000e+00,0.000000000000000000e+00,0.000000000000000000e+00,0.000000000000000000e+00,0.000000000000000000e+00,0.000000000000000000e+00,0.000000000000000000e+00,0.000000000000000000e+00
2.200000000000000178e+00,-4.124540000000000151e-02,9.809459999999999846e-01,-2.074930000000000163e+00,-1.460509999999999864e-01,1.395929999999999893e+00,-2.019969999999999821e+00,-1.354660000000000065e-02,1.365620000000000056e+00,-1.696299999999999919e+00,-9.887390000000000068e-02,1.433710000000000040e+00,-1.601900000000000102e+00,8.332380000000000342e-01,8.433139999999999858e+00,-1.209160000000000013e+00,2.007519999999999971e+00,3.611990000000000034e+00,3.651749999999999829e+00,1.751740000000000075e+00,4.650630000000000042e-01,4.982240000000000002e+00,2.379570000000000185e+00,-6.743409999999999682e-01,5.251170000000000115e+00,9.647930000000000117e-01,2.498569999999999958e+00,1.465119999999999933e+01,5.195039999999999658e-01,-4.922920000000000407e+00,1.574179999999999957e+01,1.509039999999999937e+00,-2.251180000000000181e+00,2.228509999999999991e+00,-2.721210000000000018e-01,-3.760219999999999896e+00,8.534709999999999797e-01,0.000000000000000000e+00,0.000000000000000000e+00,0.000000000000000000e+00,0.000000000000000000e+00,0.000000000000000000e+00,0.000000000000000000e+00,0.000000000000000000e+00,0.000000000000000000e+00,0.000000000000000000e+00,0.000000000000000000e+00,0.000000000000000000e+00,0.000000000000000000e+00
2.220000000000000195e+00,9.257500000000000104e-03,1.097210000000000019e+00,-2.068989999999999885e+00,-1.112019999999999953e-01,1.453969999999999985e+00,-1.931550000000000100e+00,2.411869999999999986e-02,1.384239999999999915e+00,-1.591930000000000067e+00,-6.129939999999999695e-02,1.434129999999999905e+00,-1.491840000000000055e+00,2.612099999999999866e+00,5.255209999999999937e+00,8.088049999999999407e-02,3.061659999999999937e-01,2.976399999999999935e+00,5.323959999999999582e+00,1.530829999999999913e+00,9.650050000000000017e-01,4.780039999999999623e+00,8.409889999999999866e-01,-4.108060000000000045e-01,5.495829999999999771e+00,-7.421480000000000299e-01,4.700269999999999726e-01,9.245929999999999538e+00,-2.622259999999999813e+00,-6.135089999999999932e+00,1.602629999999999910e+01,3.710740000000000149e-01,-3.438619999999999788e+00,-1.896600000000000064e+00,-7.916250000000000231e-01,-5.195039999999999658e+00,0.000000000000000000e+00,0.000000000000000000e+00,0.000000000000000000e+00,0.000000000000000000e+00,0.000000000000000000e+00,0.000000000000000000e+00,0.000000000000000000e+00,0.000000000000000000e+00,0.000000000000000000e+00,0.000000000000000000e+00,0.000000000000000000e+00,0.000000000000000000e+00,0.000000000000000000e+00
2.240000000000000213e+00,1.767459999999999865e-02,1.196250000000000036e+00,-2.053929999999999811e+00,-1.019980000000000053e-01,1.483610000000000095e+00,-1.826330000000000009e+00,3.074939999999999965e-02,1.405040000000000067e+00,-1.528289999999999926e+00,-5.584940000000000043e-02,1.425079999999999902e+00,-1.391229999999999967e+00,-1.023139999999999938e+00,4.123560000000000336e+00,1.488199999999999967e+00,6.200839999999999685e-01,6.937189999999999745e-01,6.387540000000000440e+00,-2.480340000000000045e-01,1.468820000000000014e+00,1.926979999999999915e+00,6.394609999999999461e-01,-6.627150000000000540e-01,2.470899999999999874e+00,-3.710740000000000149e-01,-4.180769999999999875e+00,5.689809999999999590e+00,-1.162700000000000067e+00,-9.944789999999999353e+00,1.356070000000000064e+01,1.088479999999999892e+00,-5.145559999999999690e+00,-5.500140000000000029e+00,1.459559999999999969e+00,-4.156030000000000335e+00,-9.435589999999999478e+00,0.000000000000000000e+00,0.000000000000000000e+00,0.000000000000000000e+00,0.000000000000000000e+00,0.000000000000000000e+00,0.000000000000000000e+00,0.000000000000000000e+00,0.000000000000000000e+00,0.000000000000000000e+00,0.000000000000000000e+00,0.000000000000000000e+00,0.000000000000000000e+00
2.260000000000000231e+00,6.683889999999999623e-03,1.278450000000000086e+00,-2.007950000000000124e+00,-9.751650000000000595e-02,1.490730000000000111e+00,-1.696350000000000025e+00,2.975030000000000036e-02,1.422809999999999908e+00,-1.529190000000000049e+00,-5.972489999999999744e-02,1.420420000000000016e+00,-1.411850000000000049e+00,5.813289999999999846e-01,3.015159999999999840e+00,3.150300000000000100e+00,7.402250000000000218e-01,-3.487969999999999959e-02,6.007399999999999629e+00,-8.332380000000000342e-01,2.015270000000000117e-01,-1.918889999999999985e+00,-1.743989999999999985e-01,4.650630000000000042e-02,-4.466630000000000322e+00,9.895310000000000494e-01,-1.184960000000000058e+01,7.965729999999999755e+00,5.442420000000000035e-01,-1.128069999999999951e+01,9.862330000000000041e+00,-7.421479999999999744e-02,-5.046610000000000262e+00,-6.258790000000000298e+00,4.205510000000000081e-01,-3.141760000000000108e+00,-1.194860000000000078e+01,0.000000000000000000e+00,0.000000000000000000e+00,0.000000000000000000e+00,0.000000000000000000e+00,0.000000000000000000e+00,0.000000000000000000e+00,0.000000000000000000e+00,0.000000000000000000e+00,0.000000000000000000e+00,0.000000000000000000e+00,0.000000000000000000e+00,0.000000000000000000e+00
2.280000000000000249e+00,2.778109999999999868e-03,1.343909999999999938e+00,-1.942329999999999890e+00,-9.615400000000000336e-02,1.491759999999999975e+00,-1.582039999999999891e+00,2.596559999999999840e-02,1.429829999999999934e+00,-1.582489999999999952e+00,-5.376029999999999698e-02,1.408220000000000027e+00,-1.600039999999999907e+00,1.162660000000000082e-02,2.437699999999999978e+00,4.496959999999999624e+00,-1.395190000000000041e-01,8.526150000000000395e-02,4.197700000000000209e+00,-6.200839999999999824e-02,5.231959999999999944e-01,-3.475839999999999819e+00,5.464489999999999625e-01,-1.740110000000000046e+00,-1.144050000000000011e+01,2.226449999999999818e+00,-2.095329999999999870e+01,1.379780000000000051e+01,1.558510000000000062e+00,-8.312060000000000670e+00,-2.892319999999999780e+00,-3.265449999999999964e+00,-5.244519999999999627e+00,-7.207089999999999996e+00,5.937189999999999968e-01,-2.745950000000000113e+00,-4.694090000000000096e+00,0.000000000000000000e+00,0.000000000000000000e+00,0.000000000000000000e+00,0.000000000000000000e+00,0.000000000000000000e+00,0.000000000000000000e+00,0.000000000000000000e+00,0.000000000000000000e+00,0.000000000000000000e+00,0.000000000000000000e+00,0.000000000000000000e+00,0.000000000000000000e+00
2.300000000000000266e+00,8.706449999999999693e-04,1.383669999999999956e+00,-1.845879999999999965e+00,-8.483029999999999737e-02,1.491789999999999949e+00,-1.556280000000000108e+00,1.358209999999999973e-02,1.407969999999999944e+00,-1.686290000000000067e+00,-4.052900000000000252e-02,1.352629999999999999e+00,-1.841450000000000031e+00,-1.278920000000000057e+00,1.871879999999999988e+00,4.525260000000000282e+00,7.014700000000000379e-01,9.223749999999999449e-01,-3.188709999999999933e+00,-1.383559999999999901e+00,-1.701349999999999918e+00,-7.307549999999999990e+00,-2.209049999999999903e-01,-4.142929999999999779e+00,-1.280339999999999989e+01,-1.706939999999999902e+00,-1.823209999999999908e+01,1.536250000000000071e+01,4.205510000000000081e-01,-7.940990000000000215e+00,-1.773320000000000007e+01,-3.438619999999999788e+00,-1.261649999999999938e+00,-5.310480000000000089e+00,-8.411020000000000163e-01,-5.195039999999999658e-01,2.370750000000000079e-01,0.000000000000000000e+00,0.000000000000000000e+00,0.000000000000000000e+00,0.000000000000000000e+00,0.000000000000000000e+00,0.000000000000000000e+00,0.000000000000000000e+00,0.000000000000000000e+00,0.000000000000000000e+00,0.000000000000000000e+00,0.000000000000000000e+00,0.000000000000000000e+00
2.319999999999999840e+00,1.676630000000000134e-02,1.412400000000000100e+00,-1.756280000000000063e+00,-7.777560000000000029e-02,1.478339999999999987e+00,-1.730499999999999927e+00,-4.097800000000000054e-02,1.350600000000000023e+00,-1.844510000000000094e+00,-5.881669999999999954e-02,1.269090000000000051e+00,-2.047909999999999897e+00,1.712979999999999947e+00,1.526960000000000095e+00,4.405960000000000321e+00,-1.453319999999999945e+00,-2.092779999999999863e+00,-1.308849999999999980e+01,-4.394840000000000302e+00,-3.201179999999999914e+00,-8.971669999999999590e+00,-2.708990000000000009e+00,-3.956910000000000149e+00,-8.599619999999999820e+00,-4.007600000000000051e+00,-1.551089999999999947e+01,1.284950000000000081e+01,-1.261649999999999938e+00,-5.764020000000000366e+00,-1.085800000000000054e+01,-2.721210000000000129e+00,1.187440000000000051e+00,-1.043129999999999891e+00,-1.311129999999999907e+00,1.311129999999999907e+00,4.836330000000000240e+00,0.000000000000000000e+00,0.000000000000000000e+00,0.000000000000000000e+00,0.000000000000000000e+00,0.000000000000000000e+00,0.000000000000000000e+00,0.000000000000000000e+00,0.000000000000000000e+00,0.000000000000000000e+00,0.000000000000000000e+00,0.000000000000000000e+00,0.000000000000000000e+00
2.339999999999999858e+00,1.949129999999999960e-02,1.436860000000000026e+00,-1.661089999999999955e+00,-1.122620000000000007e-01,1.380149999999999988e+00,-2.072729999999999961e+00,-1.343840000000000034e-01,1.289039999999999964e+00,-2.014260000000000161e+00,-1.138310000000000016e-01,1.203810000000000047e+00,-2.166970000000000063e+00,-3.953030000000000155e-01,8.913699999999999957e-01,5.168260000000000076e+00,-1.577339999999999964e+00,-8.057209999999999539e+00,-1.701320000000000121e+01,-3.844520000000000159e+00,-3.705000000000000071e+00,-7.032560000000000144e+00,-3.212810000000000166e+00,-2.410579999999999945e+00,-2.503249999999999975e+00,-4.378680000000000128e+00,-1.548620000000000019e+01,6.448450000000000237e+00,-6.679340000000000277e-01,-7.099890000000000256e+00,1.991430000000000033e+00,7.916250000000000231e-01,-2.226450000000000096e-01,4.125110000000000277e+00,1.410080000000000000e+00,2.028540000000000010e+00,4.883750000000000036e+00,0.000000000000000000e+00,0.000000000000000000e+00,0.000000000000000000e+00,0.000000000000000000e+00,0.000000000000000000e+00,0.000000000000000000e+00,0.000000000000000000e+00,0.000000000000000000e+00,0.000000000000000000e+00,0.000000000000000000e+00,0.000000000000000000e+00,0.000000000000000000e+00
2.359999999999999876e+00,2.306410000000000057e-02,1.452579999999999982e+00,-1.574049999999999949e+00,-1.385119999999999962e-01,1.143380000000000063e+00,-2.324899999999999967e+00,-1.902159999999999962e-01,1.220069999999999988e+00,-2.094780000000000086e+00,-1.526470000000000049e-01,1.165240000000000054e+00,-2.168379999999999974e+00,5.231959999999999944e-01,5.735780000000000323e-01,1.560990000000000100e+00,-1.608340000000000103e+00,-1.388209999999999944e+01,-7.018410000000000259e+00,-1.337059999999999915e+00,-4.235949999999999882e+00,-1.973479999999999901e+00,-1.627720000000000000e-01,-1.441689999999999916e+00,1.765220000000000011e+00,-6.704069999999999752e+00,-1.271550000000000047e+01,-8.771779999999999688e+00,-1.039009999999999989e+00,-9.400549999999999740e-01,1.180630000000000024e+01,2.449089999999999989e+00,-2.721210000000000018e-01,4.457010000000000360e+00,3.067550000000000221e+00,7.668869999999999854e-01,3.650959999999999983e+00,0.000000000000000000e+00,0.000000000000000000e+00,0.000000000000000000e+00,0.000000000000000000e+00,0.000000000000000000e+00,0.000000000000000000e+00,0.000000000000000000e+00,0.000000000000000000e+00,0.000000000000000000e+00,0.000000000000000000e+00,0.000000000000000000e+00,0.000000000000000000e+00
2.379999999999999893e+00,1.346609999999999994e-02,1.458509999999999973e+00,-1.613229999999999942e+00,-1.619470000000000076e-01,9.075229999999999686e-01,-2.335020000000000095e+00,-1.906700000000000061e-01,1.164330000000000087e+00,-2.091239999999999988e+00,-1.364480000000000137e-01,1.131150000000000100e+00,-2.088020000000000209e+00,-2.941520000000000135e+00,-4.379339999999999899e-01,-5.441239999999999633e+00,-1.220790000000000042e+00,-8.933080000000000354e+00,4.939779999999999838e+00,1.185910000000000020e+00,-2.681859999999999911e+00,1.959330000000000016e+00,1.681980000000000031e+00,-1.542459999999999942e+00,7.117479999999999585e+00,-4.403410000000000046e+00,-1.051379999999999981e+01,-1.706940000000000168e+01,1.236909999999999954e-01,1.014269999999999960e+01,1.237529999999999930e+01,1.385340000000000016e+00,3.636530000000000040e+00,3.698370000000000157e+00,1.286389999999999922e+00,5.195039999999999658e-01,8.582119999999999749e+00,0.000000000000000000e+00,0.000000000000000000e+00,0.000000000000000000e+00,0.000000000000000000e+00,0.000000000000000000e+00,0.000000000000000000e+00,0.000000000000000000e+00,0.000000000000000000e+00,0.000000000000000000e+00,0.000000000000000000e+00,0.000000000000000000e+00,0.000000000000000000e+00
2.399999999999999911e+00,-8.178699999999999859e-02,1.386789999999999967e+00,-1.810820000000000096e+00,-2.045480000000000076e-01,8.397310000000000052e-01,-2.156610000000000138e+00,-1.449509999999999965e-01,1.145890000000000075e+00,-2.034720000000000084e+00,-7.992009999999999392e-02,1.180500000000000105e+00,-1.987109999999999932e+00,-6.262850000000000250e+00,-7.669660000000000366e+00,-1.283569999999999922e+01,-3.689499999999999780e+00,3.294199999999999906e-01,1.225949999999999918e+01,3.406590000000000007e+00,-7.712290000000000534e-01,4.137039999999999829e+00,2.701239999999999863e+00,6.882929999999999993e+00,-1.795549999999999979e+00,5.689800000000000413e-01,-7.075149999999999828e+00,-5.120820000000000149e+00,1.236909999999999954e-01,1.071170000000000044e+01,7.064840000000000231e+00,5.195039999999999658e-01,1.682199999999999918e+00,3.603540000000000187e+00,4.947660000000000252e-02,-1.063749999999999973e+00,1.773320000000000007e+01,0.000000000000000000e+00,0.000000000000000000e+00,0.000000000000000000e+00,0.000000000000000000e+00,0.000000000000000000e+00,0.000000000000000000e+00,0.000000000000000000e+00,0.000000000000000000e+00,0.000000000000000000e+00,0.000000000000000000e+00,0.000000000000000000e+00,0.000000000000000000e+00
2.419999999999999929e+00,-2.079840000000000022e-01,1.188260000000000094e+00,-2.082730000000000192e+00,-1.954339999999999966e-01,9.323200000000000376e-01,-2.097020000000000106e+00,-9.148090000000000388e-02,1.132570000000000077e+00,-1.941189999999999971e+00,-1.267290000000000083e-01,1.245870000000000033e+00,-2.003659999999999997e+00,-4.639000000000000234e+00,-1.007639999999999958e+01,-1.246979999999999933e+01,9.998850000000000238e-01,5.189329999999999998e+00,-5.150070000000000370e+00,-4.108060000000000045e-01,-1.782739999999999880e-01,3.633560000000000123e+00,-2.364069999999999894e+00,3.092670000000000030e+00,5.681859999999999689e-01,5.887710000000000221e+00,2.473830000000000126e-02,5.594969999999999999e+00,-3.908650000000000180e+00,1.929589999999999916e+00,2.693169999999999931e+01,-2.003800000000000026e+00,-3.438619999999999788e+00,-2.844899999999999984e+00,2.424350000000000005e+00,-5.838230000000000253e+00,6.401030000000000442e+00,0.000000000000000000e+00,0.000000000000000000e+00,0.000000000000000000e+00,0.000000000000000000e+00,0.000000000000000000e+00,0.000000000000000000e+00,0.000000000000000000e+00,0.000000000000000000e+00,0.000000000000000000e+00,0.000000000000000000e+00,0.000000000000000000e+00,0.000000000000000000e+00
2.439999999999999947e+00,-2.253030000000000033e-01,9.806129999999999569e-01,-2.250150000000000095e+00,-2.403049999999999908e-01,1.043949999999999934e+00,-2.105700000000000127e+00,-1.387140000000000040e-01,1.226730000000000098e+00,-1.940069999999999961e+00,-1.552810000000000024e-01,1.319260000000000099e+00,-1.955829999999999957e+00,-2.557849999999999846e-01,-1.004149999999999920e+01,-5.119740000000000180e+00,3.259320000000000217e+00,5.677640000000000242e+00,-2.547740000000000005e-01,2.181919999999999860e+00,2.429949999999999832e+00,1.700509999999999966e+00,-1.286669999999999980e+00,2.941520000000000135e+00,3.241289999999999782e+00,-9.895310000000000494e-01,2.424350000000000005e+00,7.491579999999999906e+00,5.665070000000000050e+00,5.442420000000000035e-01,2.550929999999999964e+01,6.679339999999999833e+00,-9.944789999999999353e+00,9.957160000000000011e+00,1.682199999999999918e+00,-4.749749999999999694e+00,4.883750000000000036e+00,0.000000000000000000e+00,0.000000000000000000e+00,0.000000000000000000e+00,0.000000000000000000e+00,0.000000000000000000e+00,0.000000000000000000e+00,0.000000000000000000e+00,0.000000000000000000e+00,0.000000000000000000e+00,0.000000000000000000e+00,0.000000000000000000e+00,0.000000000000000000e+00
2.459999999999999964e+00,-1.665339999999999876e-01,8.201420000000000377e-01,-2.253569999999999851e+00,-2.049709999999999865e-01,1.142749999999999932e+00,-2.101039999999999797e+00,-1.354140000000000066e-01,1.285409999999999942e+00,-1.855660000000000087e+00,-1.523440000000000072e-01,1.365220000000000100e+00,-1.899480000000000057e+00,4.251450000000000173e+00,-4.685509999999999842e+00,3.536500000000000199e+00,-9.727559999999999540e-01,6.510880000000000223e+00,-1.049420000000000019e+00,-9.688810000000000477e-02,4.294080000000000119e+00,3.955060000000000020e+00,-2.131540000000000101e-01,2.309810000000000141e+00,2.836879999999999846e+00,-2.350140000000000118e+00,9.400550000000000850e+00,5.025990000000000180e+00,5.145559999999999690e+00,6.431949999999999612e-01,1.939280000000000115e+01,6.407219999999999693e+00,-1.286389999999999922e+00,1.645299999999999940e+01,-6.679340000000000277e-01,-2.523299999999999876e+00,2.607829999999999870e+00,0.000000000000000000e+00,0.000000000000000000e+00,0.000000000000000000e+00,0.000000000000000000e+00,0.000000000000000000e+00,0.000000000000000000e+00,0.000000000000000000e+00,0.000000000000000000e+00,0.000000000000000000e+00,0.000000000000000000e+00,0.000000000000000000e+00,0.000000000000000000e+00
2.479999999999999982e+00,-9.520000000000000684e-02,8.041549999999999532e-01,-2.155139999999999834e+00,-1.797809999999999964e-01,1.234459999999999891e+00,-2.102349999999999941e+00,-9.193510000000000570e-02,1.312540000000000040e+00,-1.800219999999999931e+00,-1.365089999999999915e-01,1.390560000000000018e+00,-1.833970000000000100e+00,2.988030000000000186e+00,1.771109999999999962e+00,6.864729999999999777e+00,2.592729999999999979e+00,3.546100000000000030e+00,1.645920000000000050e+00,2.197420000000000151e+00,1.930010000000000003e+00,1.955289999999999973e+00,1.868000000000000105e+00,4.611870000000000136e-01,4.215900000000000425e+00,-2.523299999999999876e+00,2.424350000000000005e+00,2.275920000000000165e+00,2.770690000000000097e+00,-1.509039999999999937e+00,2.176350000000000051e+01,3.537570000000000103e+00,-1.360610000000000097e+00,7.870899999999999785e+00,-2.226450000000000096e-01,-3.562310000000000088e+00,1.849189999999999889e+00,0.000000000000000000e+00,0.000000000000000000e+00,0.000000000000000000e+00,0.000000000000000000e+00,0.000000000000000000e+00,0.000000000000000000e+00,0.000000000000000000e+00,0.000000000000000000e+00,0.000000000000000000e+00,0.000000000000000000e+00,0.000000000000000000e+00,0.000000000000000000e+00
2.500000000000000000e+00,-6.468019999999999325e-02,8.703119999999999745e-01,-2.073010000000000019e+00,-1.469900000000000095e-01,1.318990000000000107e+00,-2.072970000000000201e+00,-5.899320000000000258e-02,1.348330000000000028e+00,-1.738070000000000004e+00,-9.811690000000000689e-02,1.402130000000000098e+00,-1.749290000000000012e+00,-8.177360000000000184e-01,7.065080000000000027e+00,-1.405299999999999994e+00,9.456280000000000241e-01,4.131310000000000038e+00,2.082670000000000077e-01,1.577339999999999964e+00,1.131650000000000045e+00,3.502130000000000187e+00,2.150920000000000165e+00,7.014700000000000379e-01,4.543459999999999610e+00,1.311129999999999907e+00,-1.880109999999999948e+00,1.261239999999999917e+01,1.410080000000000000e+00,-4.527110000000000412e+00,1.607369999999999877e+01,1.385340000000000016e+00,-2.498569999999999958e+00,4.741499999999999881e-02,-1.731679999999999886e-01,-4.378680000000000128e+00,-2.844900000000000206e-01,0.000000000000000000e+00,0.000000000000000000e+00,0.000000000000000000e+00,0.000000000000000000e+00,0.000000000000000000e+00,0.000000000000000000e+00,0.000000000000000000e+00,0.000000000000000000e+00,0.000000000000000000e+00,0.000000000000000000e+00,0.000000000000000000e+00,0.000000000000000000e+00
2.520000000000000018e+00,-2.980050000000000060e-02,9.777970000000000272e-01,-2.090710000000000068e+00,-1.240699999999999997e-01,1.383359999999999923e+00,-2.032509999999999817e+00,-2.792839999999999906e-02,1.369820000000000038e+00,-1.681750000000000078e+00,-5.681839999999999807e-02,1.418479999999999963e+00,-1.676970000000000072e+00,2.875640000000000196e+00,3.375579999999999803e+00,1.077730000000000077e+00,1.631599999999999939e+00,1.794370000000000021e+00,4.052109999999999879e+00,1.813749999999999973e+00,1.170409999999999950e+00,2.179730000000000167e+00,2.503589999999999982e+00,-1.666479999999999906e-01,4.331150000000000055e+00,-2.399610000000000021e+00,-6.803029999999999688e+00,1.142699999999999960e+01,-4.947660000000000252e-02,-1.142910000000000004e+01,1.019420000000000037e+01,2.226450000000000096e-01,-2.399610000000000021e+00,-3.129389999999999894e+00,-2.473830000000000126e-02,-7.198839999999999684e+00,1.280210000000000070e+00,0.000000000000000000e+00,0.000000000000000000e+00,0.000000000000000000e+00,0.000000000000000000e+00,0.000000000000000000e+00,0.000000000000000000e+00,0.000000000000000000e+00,0.000000000000000000e+00,0.000000000000000000e+00,0.000000000000000000e+00,0.000000000000000000e+00,0.000000000000000000e+00
2.540000000000000036e+00,-1.659949999999999967e-02,1.063059999999999894e+00,-2.073269999999999946e+00,-9.778900000000000092e-02,1.420150000000000023e+00,-1.954129999999999923e+00,4.113540000000000057e-04,1.366460000000000008e+00,-1.666830000000000034e+00,-3.205129999999999785e-02,1.405669999999999975e+00,-1.580340000000000078e+00,6.820920000000000316e-01,3.437590000000000146e+00,8.492450000000000276e-01,-8.526150000000000395e-02,1.821499999999999897e+00,2.895519999999999872e+00,2.596600000000000019e-01,-1.302179999999999893e+00,-7.157919999999999838e-01,9.611300000000000399e-01,-1.302179999999999893e+00,4.074360000000000426e+00,1.731679999999999886e-01,-1.397710000000000008e+01,1.247020000000000017e+01,-7.421480000000000299e-01,-1.155279999999999951e+01,6.970010000000000261e+00,-5.442420000000000035e-01,-2.844899999999999984e+00,-3.888030000000000097e+00,5.442420000000000035e-01,-4.279720000000000191e+00,-4.694090000000000096e+00,0.000000000000000000e+00,0.000000000000000000e+00,0.000000000000000000e+00,0.000000000000000000e+00,0.000000000000000000e+00,0.000000000000000000e+00,0.000000000000000000e+00,0.000000000000000000e+00,0.000000000000000000e+00,0.000000000000000000e+00,0.000000000000000000e+00,0.000000000000000000e+00
2.560000000000000053e+00,-1.890659999999999953e-04,1.132149999999999990e+00,-2.048259999999999970e+00,-9.678989999999999816e-02,1.439440000000000053e+00,-1.881969999999999921e+00,1.115990000000000038e-02,1.347990000000000022e+00,-1.691009999999999902e+00,-2.741889999999999952e-02,1.376609999999999889e+00,-1.551220000000000043e+00,-5.425730000000000136e-02,3.108169999999999877e+00,1.275889999999999969e+00,9.727559999999999540e-01,1.627720000000000000e-01,5.880010000000000403e+00,-3.875519999999999920e-03,-5.813289999999999846e-01,-1.749039999999999928e+00,-3.139170000000000016e-01,-9.921339999999999604e-01,-9.948299999999999921e-01,6.679340000000000277e-01,-1.803419999999999845e+01,1.095289999999999964e+01,-1.162700000000000067e+00,-1.424929999999999986e+01,8.582119999999999749e+00,-1.781160000000000077e+00,-2.078019999999999978e+00,-2.323339999999999961e+00,8.905779999999999808e-01,-2.201709999999999834e+00,-5.784639999999999560e+00,0.000000000000000000e+00,0.000000000000000000e+00,0.000000000000000000e+00,0.000000000000000000e+00,0.000000000000000000e+00,0.000000000000000000e+00,0.000000000000000000e+00,0.000000000000000000e+00,0.000000000000000000e+00,0.000000000000000000e+00,0.000000000000000000e+00,0.000000000000000000e+00
2.580000000000000071e+00,-1.097440000000000091e-03,1.183869999999999978e+00,-2.015859999999999985e+00,-8.719190000000000274e-02,1.432409999999999961e+00,-1.784359999999999946e+00,-1.314459999999999934e-03,1.308820000000000094e+00,-1.739000000000000101e+00,-2.962909999999999849e-02,1.340580000000000105e+00,-1.615410000000000013e+00,-5.580749999999999877e-01,1.794370000000000021e+00,2.022009999999999863e+00,-3.565479999999999761e-01,-2.867890000000000161e-01,3.799360000000000070e+00,-7.634779999999999900e-01,-1.736229999999999940e+00,-3.698259999999999881e+00,-7.363500000000000600e-02,-1.352559999999999985e+00,-5.989200000000000301e+00,5.195039999999999658e-01,-2.209130000000000038e+01,8.771779999999999688e+00,-1.607990000000000030e+00,-1.773730000000000118e+01,5.263069999999999915e+00,-8.658400000000000540e-01,2.721210000000000018e-01,-4.646670000000000300e+00,2.646999999999999797e+00,2.721210000000000018e-01,-8.013139999999999930e+00,0.000000000000000000e+00,0.000000000000000000e+00,0.000000000000000000e+00,0.000000000000000000e+00,0.000000000000000000e+00,0.000000000000000000e+00,0.000000000000000000e+00,0.000000000000000000e+00,0.000000000000000000e+00,0.000000000000000000e+00,0.000000000000000000e+00,0.000000000000000000e+00
2.600000000000000089e+00,-7.643700000000000017e-04,1.227279999999999927e+00,-1.956369999999999942e+00,-8.776720000000000355e-02,1.424840000000000106e+00,-1.697470000000000034e+00,-3.464169999999999923e-03,1.269849999999999923e+00,-1.841560000000000086e+00,-1.721539999999999876e-02,1.302280000000000104e+00,-1.790859999999999896e+00,1.550209999999999921e-01,1.294419999999999904e+00,3.435400000000000009e+00,8.797439999999999705e-01,-9.843830000000000080e-01,4.211850000000000094e+00,1.550209999999999921e-01,-1.871879999999999988e+00,-5.835530000000000328e+00,9.223749999999999449e-01,-2.340819999999999901e+00,-9.376070000000000348e+00,-1.484300000000000064e-01,-2.258609999999999829e+01,9.625249999999999417e+00,-1.311129999999999907e+00,-1.820739999999999981e+01,-9.957160000000000455e-01,-9.895310000000000494e-01,1.607990000000000030e+00,-1.090549999999999908e+00,9.895310000000000494e-01,4.947660000000000252e-02,-1.422449999999999992e+00,0.000000000000000000e+00,0.000000000000000000e+00,0.000000000000000000e+00,0.000000000000000000e+00,0.000000000000000000e+00,0.000000000000000000e+00,0.000000000000000000e+00,0.000000000000000000e+00,0.000000000000000000e+00,0.000000000000000000e+00,0.000000000000000000e+00,0.000000000000000000e+00
2.620000000000000107e+00,-7.340909999999999753e-04,1.251449999999999951e+00,-1.890479999999999938e+00,-8.449719999999999454e-02,1.411129999999999995e+00,-1.654619999999999980e+00,3.075780000000000181e-03,1.242599999999999927e+00,-1.945030000000000037e+00,-3.287669999999999915e-03,1.254469999999999974e+00,-1.969200000000000061e+00,2.519089999999999940e-01,1.205289999999999973e+00,3.900459999999999816e+00,-8.564910000000000023e-01,2.984149999999999858e-01,-6.328899999999999526e-01,-4.263080000000000341e-02,-9.766319999999999446e-01,-5.386639999999999873e+00,5.929550000000000098e-01,-2.953149999999999942e+00,-9.327540000000000830e+00,2.473830000000000126e-02,-2.379820000000000135e+01,1.095289999999999964e+01,-1.063749999999999973e+00,-1.523879999999999946e+01,-1.384520000000000017e+01,-2.597519999999999829e+00,1.929589999999999916e+00,9.483010000000000050e-02,5.937189999999999968e-01,2.721210000000000018e-01,4.267349999999999755e-01,0.000000000000000000e+00,0.000000000000000000e+00,0.000000000000000000e+00,0.000000000000000000e+00,0.000000000000000000e+00,0.000000000000000000e+00,0.000000000000000000e+00,0.000000000000000000e+00,0.000000000000000000e+00,0.000000000000000000e+00,0.000000000000000000e+00,0.000000000000000000e+00
2.640000000000000124e+00,9.917019999999999048e-04,1.262280000000000069e+00,-1.827669999999999906e+00,-9.279329999999999523e-02,1.374579999999999913e+00,-1.718830000000000080e+00,-2.101679999999999868e-03,1.231670000000000043e+00,-2.020659999999999901e+00,1.132849999999999916e-03,1.209200000000000053e+00,-2.096379999999999910e+00,6.665900000000000158e-01,6.704660000000000064e-01,4.120860000000000412e+00,-4.844399999999999817e-01,-1.961019999999999985e+00,-6.381470000000000198e+00,-9.921339999999999604e-01,-7.208470000000000155e-01,-3.730609999999999982e+00,-9.262500000000000178e-01,-3.910400000000000098e+00,-6.765649999999999942e+00,6.679340000000000277e-01,-2.288289999999999935e+01,1.185379999999999967e+01,-2.350140000000000118e+00,-1.145379999999999932e+01,-1.474610000000000021e+01,-3.265449999999999964e+00,1.607990000000000030e+00,2.655240000000000045e+00,-1.212180000000000035e+00,-8.905779999999999808e-01,1.849189999999999889e+00,0.000000000000000000e+00,0.000000000000000000e+00,0.000000000000000000e+00,0.000000000000000000e+00,0.000000000000000000e+00,0.000000000000000000e+00,0.000000000000000000e+00,0.000000000000000000e+00,0.000000000000000000e+00,0.000000000000000000e+00,0.000000000000000000e+00,0.000000000000000000e+00
2.660000000000000142e+00,3.686430000000000089e-03,1.273430000000000062e+00,-1.735460000000000003e+00,-1.188919999999999977e-01,1.243570000000000064e+00,-1.974420000000000064e+00,-4.730600000000000083e-02,1.217140000000000111e+00,-2.059790000000000010e+00,-2.654079999999999981e-02,1.116579999999999906e+00,-2.208730000000000082e+00,-1.410690000000000000e+00,1.472700000000000120e-01,3.437419999999999920e+00,-5.464489999999999625e-01,-9.367139999999999134e+00,-1.271240000000000059e+01,-2.185799999999999965e+00,-1.612219999999999986e+00,5.944720000000000004e-01,-1.321550000000000002e+00,-4.483979999999999855e+00,-2.050320000000000142e+00,-1.583250000000000046e+00,-1.783630000000000138e+01,7.301919999999999966e+00,2.226450000000000096e-01,-2.424350000000000005e+00,-1.469870000000000010e+00,-1.063749999999999973e+00,-4.205510000000000081e-01,3.840619999999999923e+00,-8.905779999999999808e-01,3.710740000000000149e-01,4.788920000000000066e+00,0.000000000000000000e+00,0.000000000000000000e+00,0.000000000000000000e+00,0.000000000000000000e+00,0.000000000000000000e+00,0.000000000000000000e+00,0.000000000000000000e+00,0.000000000000000000e+00,0.000000000000000000e+00,0.000000000000000000e+00,0.000000000000000000e+00,0.000000000000000000e+00
2.680000000000000160e+00,5.775569999999999836e-03,1.273970000000000047e+00,-1.666299999999999892e+00,-1.386030000000000040e-01,1.023090000000000055e+00,-2.181350000000000122e+00,-7.749269999999999770e-02,1.178469999999999906e+00,-2.018400000000000194e+00,-5.079310000000000075e-02,1.053330000000000100e+00,-2.201839999999999797e+00,-4.766889999999999739e-01,7.751049999999999607e-02,2.007859999999999978e+00,-1.135529999999999928e+00,-1.116929999999999978e+01,-5.700050000000000061e+00,-2.557849999999999846e-01,-3.456970000000000098e+00,3.502130000000000187e+00,-6.898429999999999840e-01,-1.759489999999999998e+00,1.767239999999999922e+00,-7.198839999999999684e+00,-1.531300000000000061e+01,-3.319049999999999834e+00,4.205510000000000081e-01,1.484299999999999953e+00,1.337100000000000044e+01,2.424350000000000005e+00,-2.201709999999999834e+00,3.508710000000000218e+00,1.212180000000000035e+00,3.784959999999999880e+00,2.844899999999999984e+00,0.000000000000000000e+00,0.000000000000000000e+00,0.000000000000000000e+00,0.000000000000000000e+00,0.000000000000000000e+00,0.000000000000000000e+00,0.000000000000000000e+00,0.000000000000000000e+00,0.000000000000000000e+00,0.000000000000000000e+00,0.000000000000000000e+00,0.000000000000000000e+00
2.700000000000000178e+00,1.606990000000000154e-02,1.277360000000000051e+00,-1.670379999999999976e+00,-1.571940000000000004e-01,8.520849999999999813e-01,-2.158900000000000041e+00,-8.406289999999999596e-02,1.126360000000000028e+00,-1.932469999999999910e+00,-6.617409999999999959e-02,1.048759999999999915e+00,-2.130999999999999783e+00,-2.829130000000000256e-01,-6.278350000000000319e-01,-2.297010000000000218e+00,-2.802000000000000046e+00,-5.972179999999999822e+00,6.911240000000000272e+00,-7.130959999999999521e-01,-2.154790000000000205e+00,3.961120000000000196e+00,9.301260000000000083e-02,8.487400000000000500e-01,6.789920000000000400e+00,-6.605120000000000324e+00,-8.114160000000000039e+00,-8.107969999999999899e+00,-1.805889999999999995e+00,9.499499999999999389e+00,1.237529999999999930e+01,-5.689800000000000413e-01,6.431949999999999612e-01,-1.991430000000000033e+00,2.968589999999999840e+00,2.102749999999999897e+00,9.577840000000000131e+00,0.000000000000000000e+00,0.000000000000000000e+00,0.000000000000000000e+00,0.000000000000000000e+00,0.000000000000000000e+00,0.000000000000000000e+00,0.000000000000000000e+00,0.000000000000000000e+00,0.000000000000000000e+00,0.000000000000000000e+00,0.000000000000000000e+00,0.000000000000000000e+00
2.720000000000000195e+00,-7.418740000000000057e-02,1.197070000000000078e+00,-1.760389999999999899e+00,-2.241670000000000051e-01,8.262880000000000225e-01,-1.951470000000000038e+00,-1.026529999999999943e-01,1.078740000000000032e+00,-1.884179999999999966e+00,-3.762229999999999741e-02,1.063199999999999923e+00,-1.942059999999999897e+00,-3.984039999999999804e+00,-5.123440000000000438e+00,-6.345069999999999766e+00,-3.925910000000000011e+00,1.689729999999999954e+00,1.353330000000000055e+01,-1.154910000000000103e+00,-2.588849999999999874e+00,1.166700000000000070e+00,2.639229999999999965e+00,-2.402819999999999956e-01,1.232620000000000005e+01,7.668869999999999854e-01,-6.431949999999999612e-01,-4.599260000000000126e+00,-2.498569999999999958e+00,4.898179999999999978e+00,8.676949999999999719e+00,-7.421480000000000299e-01,1.236909999999999954e-01,-2.797489999999999810e+00,3.018069999999999808e+00,-8.905779999999999808e-01,3.508710000000000218e+00,0.000000000000000000e+00,0.000000000000000000e+00,0.000000000000000000e+00,0.000000000000000000e+00,0.000000000000000000e+00,0.000000000000000000e+00,0.000000000000000000e+00,0.000000000000000000e+00,0.000000000000000000e+00,0.000000000000000000e+00,0.000000000000000000e+00,0.000000000000000000e+00
2.740000000000000213e+00,-1.560580000000000023e-01,1.098090000000000011e+00,-1.907080000000000108e+00,-2.064549999999999996e-01,8.644380000000000397e-01,-1.910339999999999927e+00,-1.503710000000000047e-01,1.056149999999999922e+00,-1.886810000000000098e+00,1.314520000000000011e-03,1.065900000000000070e+00,-1.733649999999999913e+00,-4.724260000000000126e+00,-5.398600000000000065e+00,-7.048739999999999561e+00,8.526150000000000395e-02,1.096770000000000023e+00,-3.099749999999999783e+00,-4.042169999999999597e+00,-2.007519999999999971e+00,-1.866319999999999979e+00,-7.014700000000000379e-01,2.147040000000000060e+00,7.036599999999999522e-01,3.240720000000000045e+00,2.721210000000000018e-01,9.008859999999999646e-01,-2.671730000000000160e+00,-1.133009999999999984e+01,1.616850000000000165e+01,1.904849999999999932e+00,-4.428149999999999586e+00,-3.224219999999999864e+00,3.463359999999999772e-01,-6.407219999999999693e+00,3.034559999999999924e+00,0.000000000000000000e+00,0.000000000000000000e+00,0.000000000000000000e+00,0.000000000000000000e+00,0.000000000000000000e+00,0.000000000000000000e+00,0.000000000000000000e+00,0.000000000000000000e+00,0.000000000000000000e+00,0.000000000000000000e+00,0.000000000000000000e+00,0.000000000000000000e+00
2.760000000000000231e+00,-2.010200000000000042e-01,9.898169999999999469e-01,-2.010850000000000026e+00,-2.173549999999999927e-01,8.722490000000000521e-01,-1.862379999999999924e+00,-1.554270000000000096e-01,9.682840000000000336e-01,-1.911319999999999908e+00,-8.349289999999999490e-02,1.112829999999999986e+00,-1.823339999999999961e+00,1.406819999999999959e+00,-6.266720000000000290e+00,-3.192759999999999820e+00,2.441580000000000084e+00,2.240050000000000097e+00,2.842950000000000088e+00,3.317450000000000010e+00,-4.918040000000000411e+00,1.821830000000000060e+00,-2.228429999999999911e+00,-8.913699999999999957e-01,-9.058619999999999450e-01,6.803029999999999688e+00,-6.926719999999999544e-01,9.198520000000000252e+00,9.177899999999999281e+00,-2.721210000000000129e+00,1.199600000000000044e+01,1.904849999999999932e+00,-2.548039999999999861e+00,9.957160000000000011e+00,3.463359999999999772e-01,-1.325970000000000049e+01,7.064840000000000231e+00,0.000000000000000000e+00,0.000000000000000000e+00,0.000000000000000000e+00,0.000000000000000000e+00,0.000000000000000000e+00,0.000000000000000000e+00,0.000000000000000000e+00,0.000000000000000000e+00,0.000000000000000000e+00,0.000000000000000000e+00,0.000000000000000000e+00,0.000000000000000000e+00
2.780000000000000249e+00,-9.598719999999999475e-02,8.901740000000000208e-01,-1.975670000000000037e+00,-2.119959999999999900e-01,9.186349999999999794e-01,-1.870640000000000081e+00,-8.727239999999999998e-02,8.918939999999999646e-01,-1.814449999999999896e+00,-5.672750000000000015e-02,1.063169999999999948e+00,-1.777069999999999927e+00,5.549750000000000405e+00,-4.173939999999999984e+00,5.243079999999999963e+00,-2.174170000000000158e+00,3.263189999999999813e+00,-2.919789999999999885e+00,8.991219999999999768e-01,5.580750000000000099e+00,4.070310000000000095e+00,3.747630000000000017e+00,4.639000000000000234e+00,2.842950000000000088e+00,-1.459559999999999969e+00,3.636530000000000040e+00,7.207089999999999996e+00,5.417679999999999829e+00,-4.502369999999999983e+00,3.982860000000000067e+00,0.000000000000000000e+00,2.226449999999999818e+00,1.906080000000000041e+01,9.400549999999999740e-01,7.668869999999999854e-01,2.370750000000000079e-01,0.000000000000000000e+00,0.000000000000000000e+00,0.000000000000000000e+00,0.000000000000000000e+00,0.000000000000000000e+00,0.000000000000000000e+00,0.000000000000000000e+00,0.000000000000000000e+00,0.000000000000000000e+00,0.000000000000000000e+00,0.000000000000000000e+00,0.000000000000000000e+00
2.800000000000000266e+00,2.857459999999999861e-02,8.244110000000000049e-01,-1.842929999999999957e+00,-1.878340000000000010e-01,9.692889999999999562e-01,-1.908500000000000085e+00,-7.831019999999999648e-02,9.225349999999999939e-01,-1.829390000000000072e+00,-2.118170000000000122e-02,1.114039999999999919e+00,-1.794920000000000071e+00,3.251560000000000006e+00,2.685740000000000016e+00,1.854190000000000005e+00,3.658490000000000020e+00,1.251789999999999958e+00,2.119069999999999787e+00,4.766890000000000072e+00,-1.290550000000000086e+00,-1.370919999999999916e+00,1.705230000000000024e+00,-2.402819999999999956e-01,-1.122219999999999995e+00,6.431949999999999612e-01,-2.671730000000000160e+00,1.337100000000000044e+01,2.597519999999999829e+00,-3.166500000000000092e+00,1.365549999999999997e+01,3.463359999999999772e-01,-5.566110000000000113e+00,3.081980000000000164e+00,-3.191240000000000077e+00,-7.198839999999999684e+00,9.957160000000000455e-01,0.000000000000000000e+00,0.000000000000000000e+00,0.000000000000000000e+00,0.000000000000000000e+00,0.000000000000000000e+00,0.000000000000000000e+00,0.000000000000000000e+00,0.000000000000000000e+00,0.000000000000000000e+00,0.000000000000000000e+00,0.000000000000000000e+00,0.000000000000000000e+00
2.819999999999999840e+00,3.148120000000000085e-02,8.655580000000000496e-01,-1.878169999999999895e+00,-1.194069999999999993e-01,9.928449999999999775e-01,-1.896530000000000049e+00,-2.676949999999999989e-03,9.303160000000000318e-01,-1.826640000000000041e+00,4.463430000000000002e-03,1.081609999999999960e+00,-1.784510000000000041e+00,2.577220000000000066e+00,1.019260000000000055e+00,5.843620000000000481e-01,-5.386980000000000102e-01,2.081160000000000121e+00,-1.811719999999999997e+00,1.581210000000000004e+00,2.015270000000000117e+00,1.366880000000000095e+00,-7.751049999999999607e-02,-2.356320000000000192e+00,2.361709999999999976e+00,2.226450000000000096e-01,-6.926719999999999544e-01,6.495860000000000412e+00,-2.473829999999999918e-01,-5.096090000000000231e+00,1.081060000000000088e+01,-2.721210000000000129e+00,1.187440000000000051e+00,2.086259999999999781e+00,-5.689800000000000413e-01,-2.028540000000000010e+00,4.030280000000000307e+00,0.000000000000000000e+00,0.000000000000000000e+00,0.000000000000000000e+00,0.000000000000000000e+00,0.000000000000000000e+00,0.000000000000000000e+00,0.000000000000000000e+00,0.000000000000000000e+00,0.000000000000000000e+00,0.000000000000000000e+00,0.000000000000000000e+00,0.000000000000000000e+00
