0.000000000000000000e+00,6.457599999999999452e-02,9.433369999999999811e-01,-1.561790000000000012e+00,-2.657860000000000084e-02,8.629480000000000484e-01,-1.674479999999999968e+00,4.028539999999999899e-02,8.951350000000000140e-01,-1.623920000000000030e+00,-8.331249999999999767e-02,9.250720000000000054e-01,-1.575439999999999952e+00,0.000000000000000000e+00,0.000000000000000000e+00,0.000000000000000000e+00,0.000000000000000000e+00,0.000000000000000000e+00,0.000000000000000000e+00,0.000000000000000000e+00,0.000000000000000000e+00,0.000000000000000000e+00,0.000000000000000000e+00,0.000000000000000000e+00,0.000000000000000000e+00,0.000000000000000000e+00,0.000000000000000000e+00,0.000000000000000000e+00,0.000000000000000000e+00,0.000000000000000000e+00,0.000000000000000000e+00,0.000000000000000000e+00,0.000000000000000000e+00,0.000000000000000000e+00,0.000000000000000000e+00,0.000000000000000000e+00,0.000000000000000000e+00
2.000000000000000042e-02,6.052939999999999710e-02,9.439210000000000100e-01,-1.565309999999999979e+00,-2.578539999999999999e-02,8.653570000000000428e-01,-1.677170000000000050e+00,4.281900000000000289e-02,8.983659999999999979e-01,-1.618870000000000031e+00,-8.234779999999999878e-02,9.263449999999999740e-01,-1.572009999999999907e+00,0.000000000000000000e+00,0.000000000000000000e+00,0.000000000000000000e+00,0.000000000000000000e+00,0.000000000000000000e+00,0.000000000000000000e+00,0.000000000000000000e+00,0.000000000000000000e+00,0.000000000000000000e+00,0.000000000000000000e+00,0.000000000000000000e+00,0.000000000000000000e+00,0.000000000000000000e+00,0.000000000000000000e+00,0.000000000000000000e+00,0.000000000000000000e+00,0.000000000000000000e+00,0.000000000000000000e+00,0.000000000000000000e+00,0.000000000000000000e+00,0.000000000000000000e+00,0.000000000000000000e+00,0.000000000000000000e+00,0.000000000000000000e+00
4.000000000000000083e-02,5.091699999999999698e-02,9.611819999999999808e-01,-1.610819999999999919e+00,-4.417929999999999600e-03,8.644399999999999862e-01,-1.755060000000000064e+00,2.954299999999999982e-02,1.037239999999999940e+00,-1.528650000000000064e+00,-1.043430000000000052e-01,9.950259999999999661e-01,-1.552699999999999969e+00,0.000000000000000000e+00,0.000000000000000000e+00,0.000000000000000000e+00,0.000000000000000000e+00,0.000000000000000000e+00,0.000000000000000000e+00,0.000000000000000000e+00,0.000000000000000000e+00,0.000000000000000000e+00,0.000000000000000000e+00,0.000000000000000000e+00,0.000000000000000000e+00,0.000000000000000000e+00,0.000000000000000000e+00,0.000000000000000000e+00,0.000000000000000000e+00,0.000000000000000000e+00,0.000000000000000000e+00,0.000000000000000000e+00,0.000000000000000000e+00,0.000000000000000000e+00,0.000000000000000000e+00,0.000000000000000000e+00,0.000000000000000000e+00
5.999999999999999778e-02,2.888359999999999886e-02,9.253109999999999946e-01,-1.635270000000000001e+00,1.077959999999999986e-03,8.559679999999999511e-01,-1.769840000000000080e+00,3.803229999999999805e-02,1.061630000000000074e+00,-1.489260000000000028e+00,-1.024690000000000045e-01,1.024860000000000104e+00,-1.525859999999999994e+00,0.000000000000000000e+00,0.000000000000000000e+00,0.000000000000000000e+00,0.000000000000000000e+00,0.000000000000000000e+00,0.000000000000000000e+00,0.000000000000000000e+00,0.000000000000000000e+00,0.000000000000000000e+00,0.000000000000000000e+00,0.000000000000000000e+00,0.000000000000000000e+00,0.000000000000000000e+00,0.000000000000000000e+00,0.000000000000000000e+00,0.000000000000000000e+00,0.000000000000000000e+00,0.000000000000000000e+00,0.000000000000000000e+00,0.000000000000000000e+00,0.000000000000000000e+00,0.000000000000000000e+00,0.000000000000000000e+00,0.000000000000000000e+00
8.000000000000000167e-02,3.795369999999999994e-02,9.168070000000000386e-01,-1.625229999999999952e+00,8.829000000000000476e-04,8.647169999999999579e-01,-1.765309999999999935e+00,3.408499999999999724e-02,1.059460000000000068e+00,-1.494350000000000067e+00,-1.019550000000000040e-01,1.032890000000000086e+00,-1.534210000000000074e+00,0.000000000000000000e+00,0.000000000000000000e+00,0.000000000000000000e+00,0.000000000000000000e+00,0.000000000000000000e+00,0.000000000000000000e+00,0.000000000000000000e+00,0.000000000000000000e+00,0.000000000000000000e+00,0.000000000000000000e+00,0.000000000000000000e+00,0.000000000000000000e+00,0.000000000000000000e+00,0.000000000000000000e+00,0.000000000000000000e+00,0.000000000000000000e+00,0.000000000000000000e+00,0.000000000000000000e+00,0.000000000000000000e+00,0.000000000000000000e+00,0.000000000000000000e+00,0.000000000000000000e+00,0.000000000000000000e+00,0.000000000000000000e+00
1.000000000000000056e-01,3.975019999999999942e-02,9.167389999999999706e-01,-1.691710000000000047e+00,1.947180000000000091e-02,8.802680000000000504e-01,-1.841830000000000078e+00,3.076430000000000137e-02,1.176080000000000014e+00,-1.462739999999999929e+00,-1.359039999999999970e-01,1.092870000000000008e+00,-1.544759999999999911e+00,0.000000000000000000e+00,0.000000000000000000e+00,0.000000000000000000e+00,0.000000000000000000e+00,0.000000000000000000e+00,0.000000000000000000e+00,0.000000000000000000e+00,0.000000000000000000e+00,0.000000000000000000e+00,0.000000000000000000e+00,0.000000000000000000e+00,0.000000000000000000e+00,0.000000000000000000e+00,0.000000000000000000e+00,0.000000000000000000e+00,0.000000000000000000e+00,0.000000000000000000e+00,0.000000000000000000e+00,0.000000000000000000e+00,0.000000000000000000e+00,0.000000000000000000e+00,0.000000000000000000e+00,0.000000000000000000e+00,0.000000000000000000e+00
1.199999999999999956e-01,1.276539999999999966e-02,8.938829999999999831e-01,-1.723510000000000097e+00,4.222250000000000308e-03,8.546169999999999600e-01,-1.862630000000000008e+00,4.092799999999999910e-02,1.182069999999999954e+00,-1.435899999999999954e+00,-1.311499999999999888e-01,1.106030000000000069e+00,-1.529730000000000034e+00,0.000000000000000000e+00,0.000000000000000000e+00,0.000000000000000000e+00,0.000000000000000000e+00,0.000000000000000000e+00,0.000000000000000000e+00,0.000000000000000000e+00,0.000000000000000000e+00,0.000000000000000000e+00,0.000000000000000000e+00,0.000000000000000000e+00,0.000000000000000000e+00,0.000000000000000000e+00,0.000000000000000000e+00,0.000000000000000000e+00,0.000000000000000000e+00,0.000000000000000000e+00,0.000000000000000000e+00,0.000000000000000000e+00,0.000000000000000000e+00,0.000000000000000000e+00,0.000000000000000000e+00,0.000000000000000000e+00,0.000000000000000000e+00
1.400000000000000133e-01,2.136580000000000076e-02,9.020369999999999777e-01,-1.769419999999999993e+00,3.695860000000000031e-03,8.780010000000000314e-01,-1.943840000000000012e+00,4.554110000000000102e-02,1.256969999999999921e+00,-1.423450000000000104e+00,-1.570219999999999949e-01,1.142169999999999908e+00,-1.529009999999999980e+00,0.000000000000000000e+00,0.000000000000000000e+00,0.000000000000000000e+00,0.000000000000000000e+00,0.000000000000000000e+00,0.000000000000000000e+00,0.000000000000000000e+00,0.000000000000000000e+00,0.000000000000000000e+00,0.000000000000000000e+00,0.000000000000000000e+00,0.000000000000000000e+00,0.000000000000000000e+00,0.000000000000000000e+00,0.000000000000000000e+00,0.000000000000000000e+00,0.000000000000000000e+00,0.000000000000000000e+00,0.000000000000000000e+00,0.000000000000000000e+00,0.000000000000000000e+00,0.000000000000000000e+00,0.000000000000000000e+00,0.000000000000000000e+00
1.600000000000000033e-01,1.654359999999999902e-03,8.864260000000000472e-01,-1.768499999999999961e+00,-8.774769999999999445e-03,8.905980000000000008e-01,-1.944639999999999924e+00,4.870379999999999848e-02,1.242119999999999891e+00,-1.424460000000000059e+00,-1.564510000000000067e-01,1.130910000000000082e+00,-1.538280000000000092e+00,0.000000000000000000e+00,0.000000000000000000e+00,0.000000000000000000e+00,0.000000000000000000e+00,0.000000000000000000e+00,0.000000000000000000e+00,0.000000000000000000e+00,0.000000000000000000e+00,0.000000000000000000e+00,0.000000000000000000e+00,0.000000000000000000e+00,0.000000000000000000e+00,0.000000000000000000e+00,0.000000000000000000e+00,0.000000000000000000e+00,0.000000000000000000e+00,0.000000000000000000e+00,0.000000000000000000e+00,0.000000000000000000e+00,0.000000000000000000e+00,0.000000000000000000e+00,0.000000000000000000e+00,0.000000000000000000e+00,0.000000000000000000e+00
1.799999999999999933e-01,-1.916909999999999968e-03,9.273379999999999956e-01,-1.698919999999999986e+00,-6.970160000000000418e-03,9.294069999999999832e-01,-1.882439999999999891e+00,5.397659999999999958e-02,1.233379999999999921e+00,-1.432849999999999957e+00,-1.683969999999999911e-01,1.108409999999999895e+00,-1.535619999999999985e+00,0.000000000000000000e+00,0.000000000000000000e+00,0.000000000000000000e+00,0.000000000000000000e+00,0.000000000000000000e+00,0.000000000000000000e+00,0.000000000000000000e+00,0.000000000000000000e+00,0.000000000000000000e+00,0.000000000000000000e+00,0.000000000000000000e+00,0.000000000000000000e+00,0.000000000000000000e+00,0.000000000000000000e+00,0.000000000000000000e+00,0.000000000000000000e+00,0.000000000000000000e+00,0.000000000000000000e+00,0.000000000000000000e+00,0.000000000000000000e+00,0.000000000000000000e+00,0.000000000000000000e+00,0.000000000000000000e+00,0.000000000000000000e+00
2.000000000000000111e-01,-6.109129999999999942e-03,9.534160000000000412e-01,-1.717309999999999892e+00,-7.849349999999999730e-03,9.776340000000000030e-01,-1.857259999999999911e+00,6.220210000000000322e-02,1.258960000000000079e+00,-1.446769999999999889e+00,-1.813619999999999954e-01,1.141829999999999901e+00,-1.521239999999999926e+00,0.000000000000000000e+00,0.000000000000000000e+00,0.000000000000000000e+00,0.000000000000000000e+00,0.000000000000000000e+00,0.000000000000000000e+00,0.000000000000000000e+00,0.000000000000000000e+00,0.000000000000000000e+00,0.000000000000000000e+00,0.000000000000000000e+00,0.000000000000000000e+00,0.000000000000000000e+00,0.000000000000000000e+00,0.000000000000000000e+00,0.000000000000000000e+00,0.000000000000000000e+00,0.000000000000000000e+00,0.000000000000000000e+00,0.000000000000000000e+00,0.000000000000000000e+00,0.000000000000000000e+00,0.000000000000000000e+00,0.000000000000000000e+00
2.200000000000000011e-01,-1.973710000000000048e-02,9.361350000000000504e-01,-1.756080000000000085e+00,-2.501180000000000070e-02,1.033930000000000016e+00,-1.784200000000000008e+00,7.098740000000000605e-02,1.243260000000000032e+00,-1.461370000000000058e+00,-1.624200000000000088e-01,1.168420000000000014e+00,-1.508809999999999985e+00,0.000000000000000000e+00,0.000000000000000000e+00,0.000000000000000000e+00,0.000000000000000000e+00,0.000000000000000000e+00,0.000000000000000000e+00,0.000000000000000000e+00,0.000000000000000000e+00,0.000000000000000000e+00,0.000000000000000000e+00,0.000000000000000000e+00,0.000000000000000000e+00,0.000000000000000000e+00,0.000000000000000000e+00,0.000000000000000000e+00,0.000000000000000000e+00,0.000000000000000000e+00,0.000000000000000000e+00,0.000000000000000000e+00,0.000000000000000000e+00,0.000000000000000000e+00,0.000000000000000000e+00,0.000000000000000000e+00,0.000000000000000000e+00
2.399999999999999911e-01,-3.441769999999999812e-03,1.038399999999999990e+00,-1.729510000000000103e+00,-5.460809999999999970e-02,1.011740000000000084e+00,-1.789849999999999941e+00,6.774260000000000004e-02,1.281940000000000079e+00,-1.418020000000000058e+00,-1.560209999999999930e-01,1.203189999999999982e+00,-1.509789999999999965e+00,0.000000000000000000e+00,0.000000000000000000e+00,0.000000000000000000e+00,0.000000000000000000e+00,0.000000000000000000e+00,0.000000000000000000e+00,0.000000000000000000e+00,0.000000000000000000e+00,0.000000000000000000e+00,0.000000000000000000e+00,0.000000000000000000e+00,0.000000000000000000e+00,0.000000000000000000e+00,0.000000000000000000e+00,0.000000000000000000e+00,0.000000000000000000e+00,0.000000000000000000e+00,0.000000000000000000e+00,0.000000000000000000e+00,0.000000000000000000e+00,0.000000000000000000e+00,0.000000000000000000e+00,0.000000000000000000e+00,0.000000000000000000e+00
2.600000000000000089e-01,-4.064690000000000143e-03,1.117809999999999970e+00,-1.663459999999999939e+00,-5.050090000000000134e-02,1.042249999999999899e+00,-1.815299999999999914e+00,5.645739999999999786e-02,1.309819999999999984e+00,-1.409759999999999902e+00,-1.542600000000000082e-01,1.207799999999999985e+00,-1.452450000000000019e+00,0.000000000000000000e+00,0.000000000000000000e+00,0.000000000000000000e+00,0.000000000000000000e+00,0.000000000000000000e+00,0.000000000000000000e+00,0.000000000000000000e+00,0.000000000000000000e+00,0.000000000000000000e+00,0.000000000000000000e+00,0.000000000000000000e+00,0.000000000000000000e+00,0.000000000000000000e+00,0.000000000000000000e+00,0.000000000000000000e+00,0.000000000000000000e+00,0.000000000000000000e+00,0.000000000000000000e+00,0.000000000000000000e+00,0.000000000000000000e+00,0.000000000000000000e+00,0.000000000000000000e+00,0.000000000000000000e+00,0.000000000000000000e+00
2.800000000000000266e-01,1.861880000000000132e-02,1.166609999999999925e+00,-1.585769999999999902e+00,-6.100359999999999810e-02,1.068659999999999943e+00,-1.844810000000000061e+00,2.832439999999999958e-02,1.320489999999999942e+00,-1.406309999999999949e+00,-1.567820000000000047e-01,1.231419999999999959e+00,-1.409669999999999979e+00,0.000000000000000000e+00,0.000000000000000000e+00,0.000000000000000000e+00,0.000000000000000000e+00,0.000000000000000000e+00,0.000000000000000000e+00,0.000000000000000000e+00,0.000000000000000000e+00,0.000000000000000000e+00,0.000000000000000000e+00,0.000000000000000000e+00,0.000000000000000000e+00,0.000000000000000000e+00,0.000000000000000000e+00,0.000000000000000000e+00,0.000000000000000000e+00,0.000000000000000000e+00,0.000000000000000000e+00,0.000000000000000000e+00,0.000000000000000000e+00,0.000000000000000000e+00,0.000000000000000000e+00,0.000000000000000000e+00,0.000000000000000000e+00
2.999999999999999889e-01,4.712969999999999660e-02,1.230369999999999964e+00,-1.498499999999999943e+00,-6.995460000000000567e-02,1.132050000000000001e+00,-1.821250000000000036e+00,4.893650000000000257e-03,1.316449999999999898e+00,-1.425400000000000000e+00,-1.600070000000000103e-01,1.236639999999999961e+00,-1.391319999999999890e+00,0.000000000000000000e+00,0.000000000000000000e+00,0.000000000000000000e+00,0.000000000000000000e+00,0.000000000000000000e+00,0.000000000000000000e+00,0.000000000000000000e+00,0.000000000000000000e+00,0.000000000000000000e+00,0.000000000000000000e+00,0.000000000000000000e+00,0.000000000000000000e+00,0.000000000000000000e+00,0.000000000000000000e+00,0.000000000000000000e+00,0.000000000000000000e+00,0.000000000000000000e+00,0.000000000000000000e+00,0.000000000000000000e+00,0.000000000000000000e+00,0.000000000000000000e+00,0.000000000000000000e+00,0.000000000000000000e+00,0.000000000000000000e+00
3.200000000000000067e-01,5.602669999999999872e-02,1.256820000000000048e+00,-1.446250000000000036e+00,-8.141829999999999901e-02,1.204320000000000057e+00,-1.747540000000000093e+00,-1.135730000000000073e-02,1.301819999999999977e+00,-1.495100000000000096e+00,-1.510400000000000076e-01,1.239100000000000090e+00,-1.391119999999999912e+00,0.000000000000000000e+00,0.000000000000000000e+00,0.000000000000000000e+00,0.000000000000000000e+00,0.000000000000000000e+00,0.000000000000000000e+00,0.000000000000000000e+00,0.000000000000000000e+00,0.000000000000000000e+00,0.000000000000000000e+00,0.000000000000000000e+00,0.000000000000000000e+00,0.000000000000000000e+00,0.000000000000000000e+00,0.000000000000000000e+00,0.000000000000000000e+00,0.000000000000000000e+00,0.000000000000000000e+00,0.000000000000000000e+00,0.000000000000000000e+00,0.000000000000000000e+00,0.000000000000000000e+00,0.000000000000000000e+00,0.000000000000000000e+00
3.400000000000000244e-01,5.454320000000000002e-02,1.286720000000000086e+00,-1.404819999999999958e+00,-1.035800000000000054e-01,1.263109999999999955e+00,-1.663569999999999993e+00,-5.220599999999999720e-03,1.292540000000000022e+00,-1.601669999999999927e+00,-1.254770000000000052e-01,1.235649999999999915e+00,-1.421359999999999957e+00,0.000000000000000000e+00,0.000000000000000000e+00,0.000000000000000000e+00,0.000000000000000000e+00,0.000000000000000000e+00,0.000000000000000000e+00,0.000000000000000000e+00,0.000000000000000000e+00,0.000000000000000000e+00,0.000000000000000000e+00,0.000000000000000000e+00,0.000000000000000000e+00,0.000000000000000000e+00,0.000000000000000000e+00,0.000000000000000000e+00,0.000000000000000000e+00,0.000000000000000000e+00,0.000000000000000000e+00,0.000000000000000000e+00,0.000000000000000000e+00,0.000000000000000000e+00,0.000000000000000000e+00,0.000000000000000000e+00,0.000000000000000000e+00
3.599999999999999867e-01,5.300669999999999688e-02,1.276159999999999961e+00,-1.368389999999999995e+00,-1.333020000000000038e-01,1.278929999999999900e+00,-1.554170000000000051e+00,-7.441709999999999818e-03,1.269339999999999913e+00,-1.771309999999999940e+00,-1.004339999999999955e-01,1.233849999999999891e+00,-1.537670000000000092e+00,0.000000000000000000e+00,0.000000000000000000e+00,0.000000000000000000e+00,0.000000000000000000e+00,0.000000000000000000e+00,0.000000000000000000e+00,0.000000000000000000e+00,0.000000000000000000e+00,0.000000000000000000e+00,0.000000000000000000e+00,0.000000000000000000e+00,0.000000000000000000e+00,0.000000000000000000e+00,0.000000000000000000e+00,0.000000000000000000e+00,0.000000000000000000e+00,0.000000000000000000e+00,0.000000000000000000e+00,0.000000000000000000e+00,0.000000000000000000e+00,0.000000000000000000e+00,0.000000000000000000e+00,0.000000000000000000e+00,0.000000000000000000e+00
3.800000000000000044e-01,2.073200000000000043e-02,1.197629999999999972e+00,-1.372200000000000086e+00,-1.505319999999999991e-01,1.262210000000000054e+00,-1.445770000000000000e+00,-6.222659999999999650e-03,1.242320000000000091e+00,-1.953670000000000018e+00,-7.465189999999999326e-02,1.242399999999999949e+00,-1.789160000000000084e+00,0.000000000000000000e+00,0.000000000000000000e+00,0.000000000000000000e+00,0.000000000000000000e+00,0.000000000000000000e+00,0.000000000000000000e+00,0.000000000000000000e+00,0.000000000000000000e+00,0.000000000000000000e+00,0.000000000000000000e+00,0.000000000000000000e+00,0.000000000000000000e+00,0.000000000000000000e+00,0.000000000000000000e+00,0.000000000000000000e+00,0.000000000000000000e+00,0.000000000000000000e+00,0.000000000000000000e+00,0.000000000000000000e+00,0.000000000000000000e+00,0.000000000000000000e+00,0.000000000000000000e+00,0.000000000000000000e+00,0.000000000000000000e+00
4.000000000000000222e-01,-5.043349999999999916e-02,1.103990000000000027e+00,-1.418809999999999905e+00,-1.449580000000000035e-01,1.209770000000000012e+00,-1.400600000000000067e+00,8.858959999999999491e-04,1.240629999999999900e+00,-2.044410000000000061e+00,-5.910010000000000263e-02,1.279390000000000027e+00,-2.032500000000000195e+00,0.000000000000000000e+00,0.000000000000000000e+00,0.000000000000000000e+00,0.000000000000000000e+00,0.000000000000000000e+00,0.000000000000000000e+00,0.000000000000000000e+00,0.000000000000000000e+00,0.000000000000000000e+00,0.000000000000000000e+00,0.000000000000000000e+00,0.000000000000000000e+00,0.000000000000000000e+00,0.000000000000000000e+00,0.000000000000000000e+00,0.000000000000000000e+00,0.000000000000000000e+00,0.000000000000000000e+00,0.000000000000000000e+00,0.000000000000000000e+00,0.000000000000000000e+00,0.000000000000000000e+00,0.000000000000000000e+00,0.000000000000000000e+00
4.199999999999999845e-01,-9.047209999999999974e-02,1.055979999999999919e+00,-1.815369999999999928e+00,-9.273119999999999974e-02,1.112900000000000000e+00,-1.432169999999999943e+00,1.805009999999999948e-02,1.255789999999999962e+00,-2.038320000000000132e+00,-4.912659999999999944e-02,1.297080000000000011e+00,-2.131170000000000009e+00,0.000000000000000000e+00,0.000000000000000000e+00,0.000000000000000000e+00,0.000000000000000000e+00,0.000000000000000000e+00,0.000000000000000000e+00,0.000000000000000000e+00,0.000000000000000000e+00,0.000000000000000000e+00,0.000000000000000000e+00,0.000000000000000000e+00,0.000000000000000000e+00,0.000000000000000000e+00,0.000000000000000000e+00,0.000000000000000000e+00,0.000000000000000000e+00,0.000000000000000000e+00,0.000000000000000000e+00,0.000000000000000000e+00,0.000000000000000000e+00,0.000000000000000000e+00,0.000000000000000000e+00,0.000000000000000000e+00,0.000000000000000000e+00
4.400000000000000022e-01,-4.194160000000000249e-02,1.050440000000000040e+00,-2.165230000000000210e+00,-1.229579999999999979e-01,1.018100000000000005e+00,-1.587930000000000064e+00,4.120879999999999682e-02,1.253749999999999920e+00,-1.998590000000000089e+00,2.527329999999999854e-02,1.286219999999999919e+00,-2.211370000000000058e+00,0.000000000000000000e+00,0.000000000000000000e+00,0.000000000000000000e+00,0.000000000000000000e+00,0.000000000000000000e+00,0.000000000000000000e+00,0.000000000000000000e+00,0.000000000000000000e+00,0.000000000000000000e+00,0.000000000000000000e+00,0.000000000000000000e+00,0.000000000000000000e+00,0.000000000000000000e+00,0.000000000000000000e+00,0.000000000000000000e+00,0.000000000000000000e+00,0.000000000000000000e+00,0.000000000000000000e+00,0.000000000000000000e+00,0.000000000000000000e+00,0.000000000000000000e+00,0.000000000000000000e+00,0.000000000000000000e+00,0.000000000000000000e+00
4.600000000000000200e-01,9.521290000000000309e-02,1.032129999999999992e+00,-2.217950000000000088e+00,-1.513420000000000043e-01,1.074540000000000051e+00,-2.014419999999999877e+00,2.433810000000000140e-02,1.257870000000000044e+00,-1.905119999999999925e+00,-1.721000000000000090e-03,1.209170000000000078e+00,-2.213280000000000136e+00,0.000000000000000000e+00,0.000000000000000000e+00,0.000000000000000000e+00,0.000000000000000000e+00,0.000000000000000000e+00,0.000000000000000000e+00,0.000000000000000000e+00,0.000000000000000000e+00,0.000000000000000000e+00,0.000000000000000000e+00,0.000000000000000000e+00,0.000000000000000000e+00,0.000000000000000000e+00,0.000000000000000000e+00,0.000000000000000000e+00,0.000000000000000000e+00,0.000000000000000000e+00,0.000000000000000000e+00,0.000000000000000000e+00,0.000000000000000000e+00,0.000000000000000000e+00,0.000000000000000000e+00,0.000000000000000000e+00,0.000000000000000000e+00
4.799999999999999822e-01,1.367230000000000008e-02,9.559940000000000104e-01,-2.043590000000000018e+00,-1.337589999999999890e-01,1.168199999999999905e+00,-2.091279999999999806e+00,1.308529999999999971e-01,1.270869999999999944e+00,-1.553870000000000084e+00,-6.733799999999999508e-02,1.088400000000000034e+00,-2.087029999999999941e+00,0.000000000000000000e+00,0.000000000000000000e+00,0.000000000000000000e+00,0.000000000000000000e+00,0.000000000000000000e+00,0.000000000000000000e+00,0.000000000000000000e+00,0.000000000000000000e+00,0.000000000000000000e+00,0.000000000000000000e+00,0.000000000000000000e+00,0.000000000000000000e+00,0.000000000000000000e+00,0.000000000000000000e+00,0.000000000000000000e+00,0.000000000000000000e+00,0.000000000000000000e+00,0.000000000000000000e+00,0.000000000000000000e+00,0.000000000000000000e+00,0.000000000000000000e+00,0.000000000000000000e+00,0.000000000000000000e+00,0.000000000000000000e+00
5.000000000000000000e-01,-6.986739999999999617e-02,1.087269999999999959e+00,-1.937950000000000061e+00,-1.328979999999999884e-01,1.188150000000000039e+00,-2.145430000000000170e+00,1.371459999999999901e-01,1.328980000000000050e+00,-1.400810000000000111e+00,-9.428359999999999519e-02,1.162029999999999896e+00,-1.955359999999999987e+00,0.000000000000000000e+00,0.000000000000000000e+00,0.000000000000000000e+00,0.000000000000000000e+00,0.000000000000000000e+00,0.000000000000000000e+00,0.000000000000000000e+00,0.000000000000000000e+00,0.000000000000000000e+00,0.000000000000000000e+00,0.000000000000000000e+00,0.000000000000000000e+00,0.000000000000000000e+00,0.000000000000000000e+00,0.000000000000000000e+00,0.000000000000000000e+00,0.000000000000000000e+00,0.000000000000000000e+00,0.000000000000000000e+00,0.000000000000000000e+00,0.000000000000000000e+00,0.000000000000000000e+00,0.000000000000000000e+00,0.000000000000000000e+00
5.200000000000000178e-01,-8.728030000000000510e-02,1.130349999999999966e+00,-2.014260000000000161e+00,-5.280719999999999859e-02,1.174609999999999932e+00,-2.106050000000000200e+00,1.327170000000000016e-01,1.359699999999999909e+00,-1.395469999999999988e+00,-8.910909999999999664e-02,1.263030000000000097e+00,-1.886139999999999928e+00,0.000000000000000000e+00,0.000000000000000000e+00,0.000000000000000000e+00,0.000000000000000000e+00,0.000000000000000000e+00,0.000000000000000000e+00,0.000000000000000000e+00,0.000000000000000000e+00,0.000000000000000000e+00,0.000000000000000000e+00,0.000000000000000000e+00,0.000000000000000000e+00,0.000000000000000000e+00,0.000000000000000000e+00,0.000000000000000000e+00,0.000000000000000000e+00,0.000000000000000000e+00,0.000000000000000000e+00,0.000000000000000000e+00,0.000000000000000000e+00,0.000000000000000000e+00,0.000000000000000000e+00,0.000000000000000000e+00,0.000000000000000000e+00
5.400000000000000355e-01,-6.669129999999999503e-02,1.106020000000000003e+00,-1.850549999999999917e+00,9.220650000000000374e-03,1.196280000000000010e+00,-2.044849999999999834e+00,1.687839999999999896e-01,1.368840000000000057e+00,-1.425799999999999956e+00,-2.020389999999999964e-01,1.317290000000000072e+00,-1.566070000000000073e+00,0.000000000000000000e+00,0.000000000000000000e+00,0.000000000000000000e+00,0.000000000000000000e+00,0.000000000000000000e+00,0.000000000000000000e+00,0.000000000000000000e+00,0.000000000000000000e+00,0.000000000000000000e+00,0.000000000000000000e+00,0.000000000000000000e+00,0.000000000000000000e+00,0.000000000000000000e+00,0.000000000000000000e+00,0.000000000000000000e+00,0.000000000000000000e+00,0.000000000000000000e+00,0.000000000000000000e+00,0.000000000000000000e+00,0.000000000000000000e+00,0.000000000000000000e+00,0.000000000000000000e+00,0.000000000000000000e+00,0.000000000000000000e+00
5.600000000000000533e-01,-2.965840000000000143e-02,1.144740000000000091e+00,-1.728380000000000027e+00,-1.779920000000000113e-02,1.287109999999999976e+00,-1.823970000000000091e+00,1.042339999999999933e-01,1.347739999999999938e+00,-1.516380000000000061e+00,-2.245099999999999874e-01,1.336189999999999989e+00,-1.474669999999999925e+00,0.000000000000000000e+00,0.000000000000000000e+00,0.000000000000000000e+00,0.000000000000000000e+00,0.000000000000000000e+00,0.000000000000000000e+00,0.000000000000000000e+00,0.000000000000000000e+00,0.000000000000000000e+00,0.000000000000000000e+00,0.000000000000000000e+00,0.000000000000000000e+00,0.000000000000000000e+00,0.000000000000000000e+00,0.000000000000000000e+00,0.000000000000000000e+00,0.000000000000000000e+00,0.000000000000000000e+00,0.000000000000000000e+00,0.000000000000000000e+00,0.000000000000000000e+00,0.000000000000000000e+00,0.000000000000000000e+00,0.000000000000000000e+00
5.799999999999999600e-01,7.087229999999999919e-02,1.230269999999999975e+00,-1.822340000000000071e+00,1.851790000000000033e-02,1.318640000000000034e+00,-1.637699999999999934e+00,1.460670000000000024e-01,1.342100000000000071e+00,-1.382870000000000044e+00,-2.182219999999999993e-01,1.366589999999999971e+00,-1.516699999999999937e+00,0.000000000000000000e+00,0.000000000000000000e+00,0.000000000000000000e+00,0.000000000000000000e+00,0.000000000000000000e+00,0.000000000000000000e+00,0.000000000000000000e+00,0.000000000000000000e+00,0.000000000000000000e+00,0.000000000000000000e+00,0.000000000000000000e+00,0.000000000000000000e+00,0.000000000000000000e+00,0.000000000000000000e+00,0.000000000000000000e+00,0.000000000000000000e+00,0.000000000000000000e+00,0.000000000000000000e+00,0.000000000000000000e+00,0.000000000000000000e+00,0.000000000000000000e+00,0.000000000000000000e+00,0.000000000000000000e+00,0.000000000000000000e+00
5.999999999999999778e-01,3.256810000000000260e-02,1.282510000000000039e+00,-1.887590000000000101e+00,-5.304160000000000125e-02,1.329870000000000108e+00,-1.666740000000000110e+00,2.002069999999999961e-01,1.362630000000000008e+00,-1.367140000000000022e+00,-1.482999999999999874e-01,1.354530000000000012e+00,-1.507710000000000106e+00,0.000000000000000000e+00,0.000000000000000000e+00,0.000000000000000000e+00,0.000000000000000000e+00,0.000000000000000000e+00,0.000000000000000000e+00,0.000000000000000000e+00,0.000000000000000000e+00,0.000000000000000000e+00,0.000000000000000000e+00,0.000000000000000000e+00,0.000000000000000000e+00,0.000000000000000000e+00,0.000000000000000000e+00,0.000000000000000000e+00,0.000000000000000000e+00,0.000000000000000000e+00,0.000000000000000000e+00,0.000000000000000000e+00,0.000000000000000000e+00,0.000000000000000000e+00,0.000000000000000000e+00,0.000000000000000000e+00,0.000000000000000000e+00
6.199999999999999956e-01,4.683489999999999875e-02,1.312159999999999993e+00,-1.908860000000000001e+00,-9.942639999999999811e-02,1.342410000000000103e+00,-1.631240000000000023e+00,1.910040000000000071e-01,1.368430000000000035e+00,-1.364600000000000035e+00,-9.909260000000000290e-02,1.336629999999999985e+00,-1.490969999999999906e+00,0.000000000000000000e+00,0.000000000000000000e+00,0.000000000000000000e+00,0.000000000000000000e+00,0.000000000000000000e+00,0.000000000000000000e+00,0.000000000000000000e+00,0.000000000000000000e+00,0.000000000000000000e+00,0.000000000000000000e+00,0.000000000000000000e+00,0.000000000000000000e+00,0.000000000000000000e+00,0.000000000000000000e+00,0.000000000000000000e+00,0.000000000000000000e+00,0.000000000000000000e+00,0.000000000000000000e+00,0.000000000000000000e+00,0.000000000000000000e+00,0.000000000000000000e+00,0.000000000000000000e+00,0.000000000000000000e+00,0.000000000000000000e+00
6.400000000000000133e-01,9.715450000000000474e-02,1.334519999999999929e+00,-1.849750000000000005e+00,-1.409910000000000052e-01,1.353650000000000020e+00,-1.513449999999999962e+00,1.478609999999999924e-01,1.356630000000000003e+00,-1.372810000000000086e+00,-3.947939999999999783e-02,1.315590000000000037e+00,-1.598889999999999922e+00,0.000000000000000000e+00,0.000000000000000000e+00,0.000000000000000000e+00,0.000000000000000000e+00,0.000000000000000000e+00,0.000000000000000000e+00,0.000000000000000000e+00,0.000000000000000000e+00,0.000000000000000000e+00,0.000000000000000000e+00,0.000000000000000000e+00,0.000000000000000000e+00,0.000000000000000000e+00,0.000000000000000000e+00,0.000000000000000000e+00,0.000000000000000000e+00,0.000000000000000000e+00,0.000000000000000000e+00,0.000000000000000000e+00,0.000000000000000000e+00,0.000000000000000000e+00,0.000000000000000000e+00,0.000000000000000000e+00,0.000000000000000000e+00
6.600000000000000311e-01,1.198869999999999936e-01,1.323339999999999961e+00,-1.652660000000000018e+00,-1.476790000000000047e-01,1.344139999999999890e+00,-1.479980000000000073e+00,6.101909999999999973e-02,1.320079999999999920e+00,-1.424849999999999950e+00,1.134600000000000018e-02,1.293469999999999898e+00,-1.879000000000000004e+00,0.000000000000000000e+00,0.000000000000000000e+00,0.000000000000000000e+00,0.000000000000000000e+00,0.000000000000000000e+00,0.000000000000000000e+00,0.000000000000000000e+00,0.000000000000000000e+00,0.000000000000000000e+00,0.000000000000000000e+00,0.000000000000000000e+00,0.000000000000000000e+00,0.000000000000000000e+00,0.000000000000000000e+00,0.000000000000000000e+00,0.000000000000000000e+00,0.000000000000000000e+00,0.000000000000000000e+00,0.000000000000000000e+00,0.000000000000000000e+00,0.000000000000000000e+00,0.000000000000000000e+00,0.000000000000000000e+00,0.000000000000000000e+00
6.800000000000000488e-01,1.140449999999999936e-01,1.245409999999999906e+00,-1.530010000000000092e+00,-8.487310000000000687e-02,1.323120000000000074e+00,-1.632030000000000092e+00,-3.631630000000000275e-02,1.282429999999999959e+00,-1.597969999999999891e+00,-8.105550000000000211e-04,1.257919999999999927e+00,-2.022940000000000182e+00,0.000000000000000000e+00,0.000000000000000000e+00,0.000000000000000000e+00,0.000000000000000000e+00,0.000000000000000000e+00,0.000000000000000000e+00,0.000000000000000000e+00,0.000000000000000000e+00,0.000000000000000000e+00,0.000000000000000000e+00,0.000000000000000000e+00,0.000000000000000000e+00,0.000000000000000000e+00,0.000000000000000000e+00,0.000000000000000000e+00,0.000000000000000000e+00,0.000000000000000000e+00,0.000000000000000000e+00,0.000000000000000000e+00,0.000000000000000000e+00,0.000000000000000000e+00,0.000000000000000000e+00,0.000000000000000000e+00,0.000000000000000000e+00
7.000000000000000666e-01,6.203670000000000018e-02,1.096519999999999939e+00,-1.425040000000000084e+00,-2.707810000000000078e-02,1.288240000000000052e+00,-2.086079999999999934e+00,-9.416069999999999995e-02,1.273840000000000083e+00,-1.801900000000000057e+00,-4.383539999999999659e-02,1.221349999999999936e+00,-2.060859999999999914e+00,0.000000000000000000e+00,0.000000000000000000e+00,0.000000000000000000e+00,0.000000000000000000e+00,0.000000000000000000e+00,0.000000000000000000e+00,0.000000000000000000e+00,0.000000000000000000e+00,0.000000000000000000e+00,0.000000000000000000e+00,0.000000000000000000e+00,0.000000000000000000e+00,0.000000000000000000e+00,0.000000000000000000e+00,0.000000000000000000e+00,0.000000000000000000e+00,0.000000000000000000e+00,0.000000000000000000e+00,0.000000000000000000e+00,0.000000000000000000e+00,0.000000000000000000e+00,0.000000000000000000e+00,0.000000000000000000e+00,0.000000000000000000e+00
7.199999999999999734e-01,-6.814119999999999899e-03,9.659459999999999713e-01,-1.349730000000000096e+00,-8.380949999999999511e-02,1.249880000000000102e+00,-2.276909999999999989e+00,-1.625870000000000093e-01,1.292929999999999913e+00,-1.953670000000000018e+00,-9.509850000000000247e-02,1.216350000000000042e+00,-2.096579999999999888e+00,0.000000000000000000e+00,0.000000000000000000e+00,0.000000000000000000e+00,0.000000000000000000e+00,0.000000000000000000e+00,0.000000000000000000e+00,0.000000000000000000e+00,0.000000000000000000e+00,0.000000000000000000e+00,0.000000000000000000e+00,0.000000000000000000e+00,0.000000000000000000e+00,0.000000000000000000e+00,0.000000000000000000e+00,0.000000000000000000e+00,0.000000000000000000e+00,0.000000000000000000e+00,0.000000000000000000e+00,0.000000000000000000e+00,0.000000000000000000e+00,0.000000000000000000e+00,0.000000000000000000e+00,0.000000000000000000e+00,0.000000000000000000e+00
7.399999999999999911e-01,-1.472009999999999985e-01,9.453110000000000124e-01,-1.384239999999999915e+00,-1.351120000000000099e-01,1.125359999999999916e+00,-2.249200000000000088e+00,-1.824820000000000053e-01,1.238250000000000073e+00,-1.903119999999999923e+00,-1.055799999999999933e-01,1.245139999999999914e+00,-2.042549999999999866e+00,0.000000000000000000e+00,0.000000000000000000e+00,0.000000000000000000e+00,0.000000000000000000e+00,0.000000000000000000e+00,0.000000000000000000e+00,0.000000000000000000e+00,0.000000000000000000e+00,0.000000000000000000e+00,0.000000000000000000e+00,0.000000000000000000e+00,0.000000000000000000e+00,0.000000000000000000e+00,0.000000000000000000e+00,0.000000000000000000e+00,0.000000000000000000e+00,0.000000000000000000e+00,0.000000000000000000e+00,0.000000000000000000e+00,0.000000000000000000e+00,0.000000000000000000e+00,0.000000000000000000e+00,0.000000000000000000e+00,0.000000000000000000e+00
7.600000000000000089e-01,-2.086220000000000019e-01,1.133809999999999985e+00,-1.810950000000000060e+00,-1.833589999999999942e-01,8.933940000000000214e-01,-2.031730000000000036e+00,-1.746030000000000082e-01,1.201789999999999914e+00,-1.908870000000000067e+00,-4.875319999999999654e-02,1.139820000000000055e+00,-1.958830000000000071e+00,0.000000000000000000e+00,0.000000000000000000e+00,0.000000000000000000e+00,0.000000000000000000e+00,0.000000000000000000e+00,0.000000000000000000e+00,0.000000000000000000e+00,0.000000000000000000e+00,0.000000000000000000e+00,0.000000000000000000e+00,0.000000000000000000e+00,0.000000000000000000e+00,0.000000000000000000e+00,0.000000000000000000e+00,0.000000000000000000e+00,0.000000000000000000e+00,0.000000000000000000e+00,0.000000000000000000e+00,0.000000000000000000e+00,0.000000000000000000e+00,0.000000000000000000e+00,0.000000000000000000e+00,0.000000000000000000e+00,0.000000000000000000e+00
7.800000000000000266e-01,-1.732980000000000076e-01,1.158830000000000027e+00,-2.135629999999999917e+00,-1.958249999999999991e-01,1.050450000000000106e+00,-1.826629999999999976e+00,-1.575020000000000031e-01,1.219419999999999948e+00,-1.948779999999999957e+00,-1.078019999999999951e-01,1.066429999999999989e+00,-1.711810000000000054e+00,0.000000000000000000e+00,0.000000000000000000e+00,0.000000000000000000e+00,0.000000000000000000e+00,0.000000000000000000e+00,0.000000000000000000e+00,0.000000000000000000e+00,0.000000000000000000e+00,0.000000000000000000e+00,0.000000000000000000e+00,0.000000000000000000e+00,0.000000000000000000e+00,0.000000000000000000e+00,0.000000000000000000e+00,0.000000000000000000e+00,0.000000000000000000e+00,0.000000000000000000e+00,0.000000000000000000e+00,0.000000000000000000e+00,0.000000000000000000e+00,0.000000000000000000e+00,0.000000000000000000e+00,0.000000000000000000e+00,0.000000000000000000e+00
8.000000000000000444e-01,-2.125209999999999877e-01,1.107180000000000053e+00,-2.047689999999999788e+00,-3.170620000000000105e-01,1.165129999999999999e+00,-1.665699999999999958e+00,-9.303889999999999383e-02,1.161049999999999915e+00,-1.988599999999999923e+00,-8.385520000000000473e-02,1.191289999999999960e+00,-1.578449999999999909e+00,0.000000000000000000e+00,0.000000000000000000e+00,0.000000000000000000e+00,0.000000000000000000e+00,0.000000000000000000e+00,0.000000000000000000e+00,0.000000000000000000e+00,0.000000000000000000e+00,0.000000000000000000e+00,0.000000000000000000e+00,0.000000000000000000e+00,0.000000000000000000e+00,0.000000000000000000e+00,0.000000000000000000e+00,0.000000000000000000e+00,0.000000000000000000e+00,0.000000000000000000e+00,0.000000000000000000e+00,0.000000000000000000e+00,0.000000000000000000e+00,0.000000000000000000e+00,0.000000000000000000e+00,0.000000000000000000e+00,0.000000000000000000e+00
8.200000000000000622e-01,-1.436979999999999924e-01,1.033889999999999976e+00,-2.070489999999999942e+00,-2.931699999999999862e-01,1.149289999999999923e+00,-1.402060000000000084e+00,-1.566529999999999867e-01,1.045080000000000009e+00,-2.042050000000000143e+00,-1.535299999999999998e-01,1.143450000000000077e+00,-1.784100000000000019e+00,0.000000000000000000e+00,0.000000000000000000e+00,0.000000000000000000e+00,0.000000000000000000e+00,0.000000000000000000e+00,0.000000000000000000e+00,0.000000000000000000e+00,0.000000000000000000e+00,0.000000000000000000e+00,0.000000000000000000e+00,0.000000000000000000e+00,0.000000000000000000e+00,0.000000000000000000e+00,0.000000000000000000e+00,0.000000000000000000e+00,0.000000000000000000e+00,0.000000000000000000e+00,0.000000000000000000e+00,0.000000000000000000e+00,0.000000000000000000e+00,0.000000000000000000e+00,0.000000000000000000e+00,0.000000000000000000e+00,0.000000000000000000e+00
8.399999999999999689e-01,-2.744349999999999845e-01,8.256069999999999798e-01,-2.102440000000000087e+00,7.336170000000000191e-02,1.177410000000000068e+00,-1.441200000000000037e+00,-5.439959999999999934e-02,1.020909999999999984e+00,-1.833809999999999940e+00,-1.429559999999999997e-01,1.182229999999999892e+00,-1.761079999999999979e+00,0.000000000000000000e+00,0.000000000000000000e+00,0.000000000000000000e+00,0.000000000000000000e+00,0.000000000000000000e+00,0.000000000000000000e+00,0.000000000000000000e+00,0.000000000000000000e+00,0.000000000000000000e+00,0.000000000000000000e+00,0.000000000000000000e+00,0.000000000000000000e+00,0.000000000000000000e+00,0.000000000000000000e+00,0.000000000000000000e+00,0.000000000000000000e+00,0.000000000000000000e+00,0.000000000000000000e+00,0.000000000000000000e+00,0.000000000000000000e+00,0.000000000000000000e+00,0.000000000000000000e+00,0.000000000000000000e+00,0.000000000000000000e+00
8.599999999999999867e-01,-2.024990000000000123e-01,9.288499999999999535e-01,-2.086090000000000000e+00,-3.699800000000000311e-02,1.259740000000000082e+00,-1.623520000000000074e+00,4.666159999999999752e-02,1.161510000000000042e+00,-1.461470000000000047e+00,-2.002339999999999953e-01,1.320740000000000025e+00,-1.713829999999999965e+00,0.000000000000000000e+00,0.000000000000000000e+00,0.000000000000000000e+00,0.000000000000000000e+00,0.000000000000000000e+00,0.000000000000000000e+00,0.000000000000000000e+00,0.000000000000000000e+00,0.000000000000000000e+00,0.000000000000000000e+00,0.000000000000000000e+00,0.000000000000000000e+00,0.000000000000000000e+00,0.000000000000000000e+00,0.000000000000000000e+00,0.000000000000000000e+00,0.000000000000000000e+00,0.000000000000000000e+00,0.000000000000000000e+00,0.000000000000000000e+00,0.000000000000000000e+00,0.000000000000000000e+00,0.000000000000000000e+00,0.000000000000000000e+00
8.800000000000000044e-01,-1.814620000000000122e-01,9.704540000000000388e-01,-2.060099999999999820e+00,-3.006589999999999957e-03,1.286089999999999955e+00,-1.591239999999999988e+00,8.033170000000000588e-02,1.330359999999999987e+00,-1.427799999999999958e+00,-1.972379999999999967e-01,1.342659999999999965e+00,-1.539160000000000084e+00,0.000000000000000000e+00,0.000000000000000000e+00,0.000000000000000000e+00,0.000000000000000000e+00,0.000000000000000000e+00,0.000000000000000000e+00,0.000000000000000000e+00,0.000000000000000000e+00,0.000000000000000000e+00,0.000000000000000000e+00,0.000000000000000000e+00,0.000000000000000000e+00,0.000000000000000000e+00,0.000000000000000000e+00,0.000000000000000000e+00,0.000000000000000000e+00,0.000000000000000000e+00,0.000000000000000000e+00,0.000000000000000000e+00,0.000000000000000000e+00,0.000000000000000000e+00,0.000000000000000000e+00,0.000000000000000000e+00,0.000000000000000000e+00
9.000000000000000222e-01,-5.618730000000000252e-02,1.031989999999999963e+00,-1.928069999999999951e+00,-7.964269999999999683e-02,1.315430000000000099e+00,-1.641340000000000021e+00,8.443789999999999629e-02,1.310699999999999976e+00,-1.556110000000000104e+00,-1.534540000000000071e-01,1.344009999999999927e+00,-1.571120000000000072e+00,0.000000000000000000e+00,0.000000000000000000e+00,0.000000000000000000e+00,0.000000000000000000e+00,0.000000000000000000e+00,0.000000000000000000e+00,0.000000000000000000e+00,0.000000000000000000e+00,0.000000000000000000e+00,0.000000000000000000e+00,0.000000000000000000e+00,0.000000000000000000e+00,0.000000000000000000e+00,0.000000000000000000e+00,0.000000000000000000e+00,0.000000000000000000e+00,0.000000000000000000e+00,0.000000000000000000e+00,0.000000000000000000e+00,0.000000000000000000e+00,0.000000000000000000e+00,0.000000000000000000e+00,0.000000000000000000e+00,0.000000000000000000e+00
9.200000000000000400e-01,-1.383619999999999989e-02,1.137429999999999941e+00,-1.713989999999999903e+00,-1.023389999999999994e-01,1.315299999999999914e+00,-1.539430000000000076e+00,5.192870000000000125e-02,1.320780000000000065e+00,-1.605159999999999920e+00,-8.864619999999999445e-02,1.324379999999999891e+00,-1.471970000000000001e+00,0.000000000000000000e+00,0.000000000000000000e+00,0.000000000000000000e+00,0.000000000000000000e+00,0.000000000000000000e+00,0.000000000000000000e+00,0.000000000000000000e+00,0.000000000000000000e+00,0.000000000000000000e+00,0.000000000000000000e+00,0.000000000000000000e+00,0.000000000000000000e+00,0.000000000000000000e+00,0.000000000000000000e+00,0.000000000000000000e+00,0.000000000000000000e+00,0.000000000000000000e+00,0.000000000000000000e+00,0.000000000000000000e+00,0.000000000000000000e+00,0.000000000000000000e+00,0.000000000000000000e+00,0.000000000000000000e+00,0.000000000000000000e+00
9.400000000000000577e-01,2.880080000000000140e-02,1.129469999999999974e+00,-1.833739999999999926e+00,-1.661509999999999931e-01,1.333239999999999981e+00,-1.432960000000000012e+00,5.260170000000000123e-02,1.295960000000000001e+00,-1.658239999999999936e+00,-1.038260000000000016e-01,1.296130000000000004e+00,-1.389459999999999917e+00,0.000000000000000000e+00,0.000000000000000000e+00,0.000000000000000000e+00,0.000000000000000000e+00,0.000000000000000000e+00,0.000000000000000000e+00,0.000000000000000000e+00,0.000000000000000000e+00,0.000000000000000000e+00,0.000000000000000000e+00,0.000000000000000000e+00,0.000000000000000000e+00,0.000000000000000000e+00,0.000000000000000000e+00,0.000000000000000000e+00,0.000000000000000000e+00,0.000000000000000000e+00,0.000000000000000000e+00,0.000000000000000000e+00,0.000000000000000000e+00,0.000000000000000000e+00,0.000000000000000000e+00,0.000000000000000000e+00,0.000000000000000000e+00
9.599999999999999645e-01,-2.434330000000000174e-03,1.116679999999999895e+00,-1.873690000000000078e+00,-1.289359999999999951e-01,1.249419999999999975e+00,-1.349990000000000023e+00,7.575429999999999664e-02,1.280040000000000067e+00,-1.685820000000000096e+00,-1.116909999999999951e-02,1.309220000000000050e+00,-1.598850000000000104e+00,0.000000000000000000e+00,0.000000000000000000e+00,0.000000000000000000e+00,0.000000000000000000e+00,0.000000000000000000e+00,0.000000000000000000e+00,0.000000000000000000e+00,0.000000000000000000e+00,0.000000000000000000e+00,0.000000000000000000e+00,0.000000000000000000e+00,0.000000000000000000e+00,0.000000000000000000e+00,0.000000000000000000e+00,0.000000000000000000e+00,0.000000000000000000e+00,0.000000000000000000e+00,0.000000000000000000e+00,0.000000000000000000e+00,0.000000000000000000e+00,0.000000000000000000e+00,0.000000000000000000e+00,0.000000000000000000e+00,0.000000000000000000e+00
9.799999999999999822e-01,3.796680000000000194e-02,1.023360000000000047e+00,-1.767349999999999977e+00,-7.547410000000000230e-02,1.180150000000000032e+00,-1.353709999999999969e+00,3.983470000000000066e-02,1.276650000000000063e+00,-1.727219999999999978e+00,-2.831449999999999939e-02,1.324219999999999953e+00,-1.812720000000000109e+00,0.000000000000000000e+00,0.000000000000000000e+00,0.000000000000000000e+00,0.000000000000000000e+00,0.000000000000000000e+00,0.000000000000000000e+00,0.000000000000000000e+00,0.000000000000000000e+00,0.000000000000000000e+00,0.000000000000000000e+00,0.000000000000000000e+00,0.000000000000000000e+00,0.000000000000000000e+00,0.000000000000000000e+00,0.000000000000000000e+00,0.000000000000000000e+00,0.000000000000000000e+00,0.000000000000000000e+00,0.000000000000000000e+00,0.000000000000000000e+00,0.000000000000000000e+00,0.000000000000000000e+00,0.000000000000000000e+00,0.000000000000000000e+00
1.000000000000000000e+00,4.763649999999999829e-02,9.076509999999999856e-01,-1.505169999999999897e+00,-5.642599999999999699e-02,1.250469999999999970e+00,-1.548110000000000097e+00,-3.236950000000000244e-02,1.301960000000000006e+00,-1.783949999999999925e+00,-2.589549999999999838e-02,1.306780000000000053e+00,-1.903720000000000079e+00,0.000000000000000000e+00,0.000000000000000000e+00,0.000000000000000000e+00,0.000000000000000000e+00,0.000000000000000000e+00,0.000000000000000000e+00,0.000000000000000000e+00,0.000000000000000000e+00,0.000000000000000000e+00,0.000000000000000000e+00,0.000000000000000000e+00,0.000000000000000000e+00,0.000000000000000000e+00,0.000000000000000000e+00,0.000000000000000000e+00,0.000000000000000000e+00,0.000000000000000000e+00,0.000000000000000000e+00,0.000000000000000000e+00,0.000000000000000000e+00,0.000000000000000000e+00,0.000000000000000000e+00,0.000000000000000000e+00,0.000000000000000000e+00
1.020000000000000018e+00,-1.552880000000000059e-02,9.443690000000000140e-01,-1.406579999999999941e+00,-5.222410000000000246e-02,1.282929999999999904e+00,-2.073780000000000179e+00,-7.250520000000000576e-02,1.339150000000000063e+00,-1.907559999999999922e+00,-5.415459999999999718e-02,1.280110000000000081e+00,-1.943850000000000078e+00,0.000000000000000000e+00,0.000000000000000000e+00,0.000000000000000000e+00,0.000000000000000000e+00,0.000000000000000000e+00,0.000000000000000000e+00,0.000000000000000000e+00,0.000000000000000000e+00,0.000000000000000000e+00,0.000000000000000000e+00,0.000000000000000000e+00,0.000000000000000000e+00,0.000000000000000000e+00,0.000000000000000000e+00,0.000000000000000000e+00,0.000000000000000000e+00,0.000000000000000000e+00,0.000000000000000000e+00,0.000000000000000000e+00,0.000000000000000000e+00,0.000000000000000000e+00,0.000000000000000000e+00,0.000000000000000000e+00,0.000000000000000000e+00
1.040000000000000036e+00,-3.664239999999999858e-02,1.040180000000000105e+00,-1.346770000000000023e+00,-1.899250000000000105e-01,1.293860000000000010e+00,-2.284569999999999990e+00,-1.574299999999999866e-01,1.350070000000000103e+00,-1.958990000000000009e+00,-1.487439999999999873e-01,1.268189999999999928e+00,-2.035550000000000193e+00,0.000000000000000000e+00,0.000000000000000000e+00,0.000000000000000000e+00,0.000000000000000000e+00,0.000000000000000000e+00,0.000000000000000000e+00,0.000000000000000000e+00,0.000000000000000000e+00,0.000000000000000000e+00,0.000000000000000000e+00,0.000000000000000000e+00,0.000000000000000000e+00,0.000000000000000000e+00,0.000000000000000000e+00,0.000000000000000000e+00,0.000000000000000000e+00,0.000000000000000000e+00,0.000000000000000000e+00,0.000000000000000000e+00,0.000000000000000000e+00,0.000000000000000000e+00,0.000000000000000000e+00,0.000000000000000000e+00,0.000000000000000000e+00
1.060000000000000053e+00,-9.588230000000000364e-02,1.076200000000000045e+00,-1.443079999999999918e+00,-1.556980000000000031e-01,1.122740000000000071e+00,-2.257690000000000197e+00,-1.616380000000000039e-01,1.266639999999999988e+00,-1.936029999999999918e+00,-1.533899999999999986e-01,1.222439999999999971e+00,-1.998429999999999929e+00,0.000000000000000000e+00,0.000000000000000000e+00,0.000000000000000000e+00,0.000000000000000000e+00,0.000000000000000000e+00,0.000000000000000000e+00,0.000000000000000000e+00,0.000000000000000000e+00,0.000000000000000000e+00,0.000000000000000000e+00,0.000000000000000000e+00,0.000000000000000000e+00,0.000000000000000000e+00,0.000000000000000000e+00,0.000000000000000000e+00,0.000000000000000000e+00,0.000000000000000000e+00,0.000000000000000000e+00,0.000000000000000000e+00,0.000000000000000000e+00,0.000000000000000000e+00,0.000000000000000000e+00,0.000000000000000000e+00,0.000000000000000000e+00
1.080000000000000071e+00,-1.253579999999999972e-01,1.115660000000000096e+00,-1.796969999999999956e+00,-2.045690000000000008e-01,9.456379999999999786e-01,-2.048859999999999904e+00,-1.512749999999999928e-01,1.182749999999999968e+00,-1.927210000000000090e+00,-9.035050000000000026e-02,1.163180000000000103e+00,-2.004119999999999902e+00,0.000000000000000000e+00,0.000000000000000000e+00,0.000000000000000000e+00,0.000000000000000000e+00,0.000000000000000000e+00,0.000000000000000000e+00,0.000000000000000000e+00,0.000000000000000000e+00,0.000000000000000000e+00,0.000000000000000000e+00,0.000000000000000000e+00,0.000000000000000000e+00,0.000000000000000000e+00,0.000000000000000000e+00,0.000000000000000000e+00,0.000000000000000000e+00,0.000000000000000000e+00,0.000000000000000000e+00,0.000000000000000000e+00,0.000000000000000000e+00,0.000000000000000000e+00,0.000000000000000000e+00,0.000000000000000000e+00,0.000000000000000000e+00
1.100000000000000089e+00,-1.756439999999999946e-01,1.157680000000000042e+00,-2.142970000000000041e+00,-1.530720000000000136e-01,1.073139999999999983e+00,-1.895489999999999897e+00,-1.629569999999999907e-01,1.220169999999999977e+00,-1.930069999999999952e+00,-1.152699999999999975e-01,1.123390000000000111e+00,-1.652209999999999956e+00,0.000000000000000000e+00,0.000000000000000000e+00,0.000000000000000000e+00,0.000000000000000000e+00,0.000000000000000000e+00,0.000000000000000000e+00,0.000000000000000000e+00,0.000000000000000000e+00,0.000000000000000000e+00,0.000000000000000000e+00,0.000000000000000000e+00,0.000000000000000000e+00,0.000000000000000000e+00,0.000000000000000000e+00,0.000000000000000000e+00,0.000000000000000000e+00,0.000000000000000000e+00,0.000000000000000000e+00,0.000000000000000000e+00,0.000000000000000000e+00,0.000000000000000000e+00,0.000000000000000000e+00,0.000000000000000000e+00,0.000000000000000000e+00
1.120000000000000107e+00,-2.044110000000000094e-01,1.119550000000000045e+00,-2.104729999999999990e+00,-2.472340000000000093e-01,1.178949999999999942e+00,-1.749989999999999934e+00,-1.242889999999999967e-01,1.166500000000000092e+00,-1.928320000000000034e+00,-1.222459999999999936e-01,1.260890000000000066e+00,-1.530599999999999961e+00,0.000000000000000000e+00,0.000000000000000000e+00,0.000000000000000000e+00,0.000000000000000000e+00,0.000000000000000000e+00,0.000000000000000000e+00,0.000000000000000000e+00,0.000000000000000000e+00,0.000000000000000000e+00,0.000000000000000000e+00,0.000000000000000000e+00,0.000000000000000000e+00,0.000000000000000000e+00,0.000000000000000000e+00,0.000000000000000000e+00,0.000000000000000000e+00,0.000000000000000000e+00,0.000000000000000000e+00,0.000000000000000000e+00,0.000000000000000000e+00,0.000000000000000000e+00,0.000000000000000000e+00,0.000000000000000000e+00,0.000000000000000000e+00
1.140000000000000124e+00,-1.568579999999999974e-01,1.077339999999999964e+00,-2.114660000000000206e+00,-3.106490000000000085e-01,1.239000000000000101e+00,-1.418959999999999999e+00,-1.419239999999999946e-01,1.088209999999999900e+00,-2.040449999999999875e+00,-1.052050000000000068e-01,1.205259999999999998e+00,-1.736070000000000002e+00,0.000000000000000000e+00,0.000000000000000000e+00,0.000000000000000000e+00,0.000000000000000000e+00,0.000000000000000000e+00,0.000000000000000000e+00,0.000000000000000000e+00,0.000000000000000000e+00,0.000000000000000000e+00,0.000000000000000000e+00,0.000000000000000000e+00,0.000000000000000000e+00,0.000000000000000000e+00,0.000000000000000000e+00,0.000000000000000000e+00,0.000000000000000000e+00,0.000000000000000000e+00,0.000000000000000000e+00,0.000000000000000000e+00,0.000000000000000000e+00,0.000000000000000000e+00,0.000000000000000000e+00,0.000000000000000000e+00,0.000000000000000000e+00
1.159999999999999920e+00,-2.329690000000000094e-01,8.182850000000000401e-01,-2.136179999999999968e+00,-5.631599999999999800e-02,1.175059999999999993e+00,-1.468029999999999946e+00,6.031029999999999724e-02,1.042380000000000084e+00,-1.612770000000000037e+00,-1.394269999999999954e-01,1.206679999999999975e+00,-1.849290000000000100e+00,0.000000000000000000e+00,0.000000000000000000e+00,0.000000000000000000e+00,0.000000000000000000e+00,0.000000000000000000e+00,0.000000000000000000e+00,0.000000000000000000e+00,0.000000000000000000e+00,0.000000000000000000e+00,0.000000000000000000e+00,0.000000000000000000e+00,0.000000000000000000e+00,0.000000000000000000e+00,0.000000000000000000e+00,0.000000000000000000e+00,0.000000000000000000e+00,0.000000000000000000e+00,0.000000000000000000e+00,0.000000000000000000e+00,0.000000000000000000e+00,0.000000000000000000e+00,0.000000000000000000e+00,0.000000000000000000e+00,0.000000000000000000e+00
1.179999999999999938e+00,-1.955560000000000076e-01,1.003970000000000029e+00,-2.082679999999999865e+00,-8.352049999999999752e-02,1.276180000000000092e+00,-1.612649999999999917e+00,5.992709999999999704e-02,1.284459999999999935e+00,-1.398689999999999989e+00,-2.255840000000000067e-01,1.317190000000000083e+00,-1.730720000000000036e+00,0.000000000000000000e+00,0.000000000000000000e+00,0.000000000000000000e+00,0.000000000000000000e+00,0.000000000000000000e+00,0.000000000000000000e+00,0.000000000000000000e+00,0.000000000000000000e+00,0.000000000000000000e+00,0.000000000000000000e+00,0.000000000000000000e+00,0.000000000000000000e+00,0.000000000000000000e+00,0.000000000000000000e+00,0.000000000000000000e+00,0.000000000000000000e+00,0.000000000000000000e+00,0.000000000000000000e+00,0.000000000000000000e+00,0.000000000000000000e+00,0.000000000000000000e+00,0.000000000000000000e+00,0.000000000000000000e+00,0.000000000000000000e+00
1.199999999999999956e+00,-1.436439999999999939e-01,1.024980000000000002e+00,-2.038699999999999957e+00,-4.630170000000000119e-02,1.308999999999999941e+00,-1.555299999999999905e+00,6.494859999999999522e-02,1.320009999999999906e+00,-1.461619999999999919e+00,-2.240020000000000067e-01,1.346209999999999907e+00,-1.544419999999999904e+00,0.000000000000000000e+00,0.000000000000000000e+00,0.000000000000000000e+00,0.000000000000000000e+00,0.000000000000000000e+00,0.000000000000000000e+00,0.000000000000000000e+00,0.000000000000000000e+00,0.000000000000000000e+00,0.000000000000000000e+00,0.000000000000000000e+00,0.000000000000000000e+00,0.000000000000000000e+00,0.000000000000000000e+00,0.000000000000000000e+00,0.000000000000000000e+00,0.000000000000000000e+00,0.000000000000000000e+00,0.000000000000000000e+00,0.000000000000000000e+00,0.000000000000000000e+00,0.000000000000000000e+00,0.000000000000000000e+00,0.000000000000000000e+00
1.219999999999999973e+00,-3.677359999999999657e-02,1.067509999999999959e+00,-1.917890000000000095e+00,-8.228370000000000128e-02,1.326969999999999983e+00,-1.622779999999999889e+00,6.710760000000000336e-02,1.303620000000000001e+00,-1.563620000000000010e+00,-1.486230000000000051e-01,1.347310000000000008e+00,-1.571369999999999933e+00,0.000000000000000000e+00,0.000000000000000000e+00,0.000000000000000000e+00,0.000000000000000000e+00,0.000000000000000000e+00,0.000000000000000000e+00,0.000000000000000000e+00,0.000000000000000000e+00,0.000000000000000000e+00,0.000000000000000000e+00,0.000000000000000000e+00,0.000000000000000000e+00,0.000000000000000000e+00,0.000000000000000000e+00,0.000000000000000000e+00,0.000000000000000000e+00,0.000000000000000000e+00,0.000000000000000000e+00,0.000000000000000000e+00,0.000000000000000000e+00,0.000000000000000000e+00,0.000000000000000000e+00,0.000000000000000000e+00,0.000000000000000000e+00
1.239999999999999991e+00,2.670559999999999948e-02,1.162879999999999914e+00,-1.674560000000000048e+00,-1.035039999999999988e-01,1.319739999999999913e+00,-1.529309999999999947e+00,4.473060000000000230e-02,1.298459999999999948e+00,-1.526110000000000078e+00,-1.067570000000000047e-01,1.329380000000000006e+00,-1.521150000000000002e+00,0.000000000000000000e+00,0.000000000000000000e+00,0.000000000000000000e+00,0.000000000000000000e+00,0.000000000000000000e+00,0.000000000000000000e+00,0.000000000000000000e+00,0.000000000000000000e+00,0.000000000000000000e+00,0.000000000000000000e+00,0.000000000000000000e+00,0.000000000000000000e+00,0.000000000000000000e+00,0.000000000000000000e+00,0.000000000000000000e+00,0.000000000000000000e+00,0.000000000000000000e+00,0.000000000000000000e+00,0.000000000000000000e+00,0.000000000000000000e+00,0.000000000000000000e+00,0.000000000000000000e+00,0.000000000000000000e+00,0.000000000000000000e+00
1.260000000000000009e+00,3.620620000000000088e-02,1.169559999999999933e+00,-1.808780000000000054e+00,-1.627599999999999880e-01,1.338950000000000085e+00,-1.441980000000000040e+00,5.378689999999999860e-02,1.290049999999999919e+00,-1.517980000000000107e+00,-9.877170000000000394e-02,1.315609999999999946e+00,-1.486210000000000031e+00,0.000000000000000000e+00,0.000000000000000000e+00,0.000000000000000000e+00,0.000000000000000000e+00,0.000000000000000000e+00,0.000000000000000000e+00,0.000000000000000000e+00,0.000000000000000000e+00,0.000000000000000000e+00,0.000000000000000000e+00,0.000000000000000000e+00,0.000000000000000000e+00,0.000000000000000000e+00,0.000000000000000000e+00,0.000000000000000000e+00,0.000000000000000000e+00,0.000000000000000000e+00,0.000000000000000000e+00,0.000000000000000000e+00,0.000000000000000000e+00,0.000000000000000000e+00,0.000000000000000000e+00,0.000000000000000000e+00,0.000000000000000000e+00
1.280000000000000027e+00,2.264959999999999890e-02,1.154130000000000100e+00,-1.830640000000000045e+00,-1.452269999999999950e-01,1.247100000000000097e+00,-1.355750000000000011e+00,3.282720000000000082e-02,1.281020000000000048e+00,-1.603120000000000100e+00,-1.980639999999999831e-02,1.309080000000000021e+00,-1.654379999999999962e+00,0.000000000000000000e+00,0.000000000000000000e+00,0.000000000000000000e+00,0.000000000000000000e+00,0.000000000000000000e+00,0.000000000000000000e+00,0.000000000000000000e+00,0.000000000000000000e+00,0.000000000000000000e+00,0.000000000000000000e+00,0.000000000000000000e+00,0.000000000000000000e+00,0.000000000000000000e+00,0.000000000000000000e+00,0.000000000000000000e+00,0.000000000000000000e+00,0.000000000000000000e+00,0.000000000000000000e+00,0.000000000000000000e+00,0.000000000000000000e+00,0.000000000000000000e+00,0.000000000000000000e+00,0.000000000000000000e+00,0.000000000000000000e+00
1.300000000000000044e+00,5.357869999999999994e-02,1.053609999999999935e+00,-1.722169999999999979e+00,-9.496620000000000061e-02,1.217640000000000056e+00,-1.380819999999999936e+00,-2.905420000000000138e-03,1.268769999999999953e+00,-1.677140000000000075e+00,-3.666269999999999946e-02,1.329860000000000042e+00,-1.874479999999999924e+00,0.000000000000000000e+00,0.000000000000000000e+00,0.000000000000000000e+00,0.000000000000000000e+00,0.000000000000000000e+00,0.000000000000000000e+00,0.000000000000000000e+00,0.000000000000000000e+00,0.000000000000000000e+00,0.000000000000000000e+00,0.000000000000000000e+00,0.000000000000000000e+00,0.000000000000000000e+00,0.000000000000000000e+00,0.000000000000000000e+00,0.000000000000000000e+00,0.000000000000000000e+00,0.000000000000000000e+00,0.000000000000000000e+00,0.000000000000000000e+00,0.000000000000000000e+00,0.000000000000000000e+00,0.000000000000000000e+00,0.000000000000000000e+00
1.320000000000000062e+00,6.380139999999999423e-02,8.858369999999999855e-01,-1.502099999999999991e+00,-6.579749999999999488e-02,1.265679999999999916e+00,-1.638490000000000002e+00,-8.163910000000000611e-02,1.295679999999999943e+00,-1.790110000000000090e+00,-2.822770000000000140e-02,1.308880000000000043e+00,-1.933140000000000081e+00,0.000000000000000000e+00,0.000000000000000000e+00,0.000000000000000000e+00,0.000000000000000000e+00,0.000000000000000000e+00,0.000000000000000000e+00,0.000000000000000000e+00,0.000000000000000000e+00,0.000000000000000000e+00,0.000000000000000000e+00,0.000000000000000000e+00,0.000000000000000000e+00,0.000000000000000000e+00,0.000000000000000000e+00,0.000000000000000000e+00,0.000000000000000000e+00,0.000000000000000000e+00,0.000000000000000000e+00,0.000000000000000000e+00,0.000000000000000000e+00,0.000000000000000000e+00,0.000000000000000000e+00,0.000000000000000000e+00,0.000000000000000000e+00
1.340000000000000080e+00,-3.469189999999999774e-02,8.916460000000000496e-01,-1.382090000000000041e+00,-4.933760000000000229e-02,1.295339999999999936e+00,-2.184120000000000061e+00,-1.241669999999999996e-01,1.333879999999999955e+00,-1.916609999999999925e+00,-6.330439999999999678e-02,1.283660000000000023e+00,-1.969019999999999992e+00,0.000000000000000000e+00,0.000000000000000000e+00,0.000000000000000000e+00,0.000000000000000000e+00,0.000000000000000000e+00,0.000000000000000000e+00,0.000000000000000000e+00,0.000000000000000000e+00,0.000000000000000000e+00,0.000000000000000000e+00,0.000000000000000000e+00,0.000000000000000000e+00,0.000000000000000000e+00,0.000000000000000000e+00,0.000000000000000000e+00,0.000000000000000000e+00,0.000000000000000000e+00,0.000000000000000000e+00,0.000000000000000000e+00,0.000000000000000000e+00,0.000000000000000000e+00,0.000000000000000000e+00,0.000000000000000000e+00,0.000000000000000000e+00
1.360000000000000098e+00,-5.270360000000000322e-02,9.725920000000000121e-01,-1.368880000000000097e+00,-1.196200000000000041e-01,1.288680000000000048e+00,-2.277320000000000011e+00,-1.849290000000000100e-01,1.333159999999999901e+00,-1.946420000000000039e+00,-1.233490000000000003e-01,1.255079999999999973e+00,-1.983309999999999906e+00,0.000000000000000000e+00,0.000000000000000000e+00,0.000000000000000000e+00,0.000000000000000000e+00,0.000000000000000000e+00,0.000000000000000000e+00,0.000000000000000000e+00,0.000000000000000000e+00,0.000000000000000000e+00,0.000000000000000000e+00,0.000000000000000000e+00,0.000000000000000000e+00,0.000000000000000000e+00,0.000000000000000000e+00,0.000000000000000000e+00,0.000000000000000000e+00,0.000000000000000000e+00,0.000000000000000000e+00,0.000000000000000000e+00,0.000000000000000000e+00,0.000000000000000000e+00,0.000000000000000000e+00,0.000000000000000000e+00,0.000000000000000000e+00
1.380000000000000115e+00,-1.062759999999999955e-01,1.000310000000000032e+00,-1.408979999999999899e+00,-1.501029999999999864e-01,1.084249999999999936e+00,-2.211930000000000174e+00,-1.694809999999999928e-01,1.231910000000000061e+00,-1.946939999999999893e+00,-1.184069999999999984e-01,1.235899999999999999e+00,-2.032599999999999962e+00,0.000000000000000000e+00,0.000000000000000000e+00,0.000000000000000000e+00,0.000000000000000000e+00,0.000000000000000000e+00,0.000000000000000000e+00,0.000000000000000000e+00,0.000000000000000000e+00,0.000000000000000000e+00,0.000000000000000000e+00,0.000000000000000000e+00,0.000000000000000000e+00,0.000000000000000000e+00,0.000000000000000000e+00,0.000000000000000000e+00,0.000000000000000000e+00,0.000000000000000000e+00,0.000000000000000000e+00,0.000000000000000000e+00,0.000000000000000000e+00,0.000000000000000000e+00,0.000000000000000000e+00,0.000000000000000000e+00,0.000000000000000000e+00
1.400000000000000133e+00,-1.671829999999999983e-01,1.117119999999999891e+00,-1.843550000000000022e+00,-1.838400000000000034e-01,9.253940000000000499e-01,-2.026269999999999794e+00,-1.594700000000000006e-01,1.173419999999999908e+00,-1.949629999999999974e+00,-7.251000000000000500e-02,1.160639999999999894e+00,-1.999430000000000041e+00,0.000000000000000000e+00,0.000000000000000000e+00,0.000000000000000000e+00,0.000000000000000000e+00,0.000000000000000000e+00,0.000000000000000000e+00,0.000000000000000000e+00,0.000000000000000000e+00,0.000000000000000000e+00,0.000000000000000000e+00,0.000000000000000000e+00,0.000000000000000000e+00,0.000000000000000000e+00,0.000000000000000000e+00,0.000000000000000000e+00,0.000000000000000000e+00,0.000000000000000000e+00,0.000000000000000000e+00,0.000000000000000000e+00,0.000000000000000000e+00,0.000000000000000000e+00,0.000000000000000000e+00,0.000000000000000000e+00,0.000000000000000000e+00
1.419999999999999929e+00,-1.635770000000000002e-01,1.169229999999999992e+00,-2.181210000000000093e+00,-1.587969999999999937e-01,1.082999999999999963e+00,-1.874509999999999899e+00,-1.531369999999999953e-01,1.215540000000000065e+00,-1.949880000000000058e+00,-9.559330000000000604e-02,1.127639999999999976e+00,-1.682029999999999914e+00,0.000000000000000000e+00,0.000000000000000000e+00,0.000000000000000000e+00,0.000000000000000000e+00,0.000000000000000000e+00,0.000000000000000000e+00,0.000000000000000000e+00,0.000000000000000000e+00,0.000000000000000000e+00,0.000000000000000000e+00,0.000000000000000000e+00,0.000000000000000000e+00,0.000000000000000000e+00,0.000000000000000000e+00,0.000000000000000000e+00,0.000000000000000000e+00,0.000000000000000000e+00,0.000000000000000000e+00,0.000000000000000000e+00,0.000000000000000000e+00,0.000000000000000000e+00,0.000000000000000000e+00,0.000000000000000000e+00,0.000000000000000000e+00
1.439999999999999947e+00,-1.601579999999999948e-01,1.096019999999999994e+00,-2.128429999999999822e+00,-2.440060000000000007e-01,1.153270000000000017e+00,-1.761349999999999971e+00,-1.027880000000000044e-01,1.156649999999999956e+00,-1.901029999999999998e+00,-1.002429999999999988e-01,1.236120000000000108e+00,-1.599420000000000064e+00,0.000000000000000000e+00,0.000000000000000000e+00,0.000000000000000000e+00,0.000000000000000000e+00,0.000000000000000000e+00,0.000000000000000000e+00,0.000000000000000000e+00,0.000000000000000000e+00,0.000000000000000000e+00,0.000000000000000000e+00,0.000000000000000000e+00,0.000000000000000000e+00,0.000000000000000000e+00,0.000000000000000000e+00,0.000000000000000000e+00,0.000000000000000000e+00,0.000000000000000000e+00,0.000000000000000000e+00,0.000000000000000000e+00,0.000000000000000000e+00,0.000000000000000000e+00,0.000000000000000000e+00,0.000000000000000000e+00,0.000000000000000000e+00
1.459999999999999964e+00,-1.198800000000000004e-01,1.074889999999999901e+00,-2.105700000000000127e+00,-2.927379999999999982e-01,1.195680000000000076e+00,-1.424509999999999943e+00,-1.214670000000000055e-01,1.100119999999999987e+00,-2.006069999999999798e+00,-8.866780000000000495e-02,1.175499999999999989e+00,-1.779590000000000005e+00,0.000000000000000000e+00,0.000000000000000000e+00,0.000000000000000000e+00,0.000000000000000000e+00,0.000000000000000000e+00,0.000000000000000000e+00,0.000000000000000000e+00,0.000000000000000000e+00,0.000000000000000000e+00,0.000000000000000000e+00,0.000000000000000000e+00,0.000000000000000000e+00,0.000000000000000000e+00,0.000000000000000000e+00,0.000000000000000000e+00,0.000000000000000000e+00,0.000000000000000000e+00,0.000000000000000000e+00,0.000000000000000000e+00,0.000000000000000000e+00,0.000000000000000000e+00,0.000000000000000000e+00,0.000000000000000000e+00,0.000000000000000000e+00
1.479999999999999982e+00,-2.345279999999999865e-01,8.739479999999999471e-01,-2.125609999999999999e+00,-5.578049999999999675e-02,1.174320000000000030e+00,-1.480569999999999942e+00,1.221450000000000036e-01,1.065560000000000063e+00,-1.535400000000000098e+00,-1.199739999999999973e-01,1.227030000000000065e+00,-1.835639999999999938e+00,0.000000000000000000e+00,0.000000000000000000e+00,0.000000000000000000e+00,0.000000000000000000e+00,0.000000000000000000e+00,0.000000000000000000e+00,0.000000000000000000e+00,0.000000000000000000e+00,0.000000000000000000e+00,0.000000000000000000e+00,0.000000000000000000e+00,0.000000000000000000e+00,0.000000000000000000e+00,0.000000000000000000e+00,0.000000000000000000e+00,0.000000000000000000e+00,0.000000000000000000e+00,0.000000000000000000e+00,0.000000000000000000e+00,0.000000000000000000e+00,0.000000000000000000e+00,0.000000000000000000e+00,0.000000000000000000e+00,0.000000000000000000e+00
1.500000000000000000e+00,-1.548940000000000039e-01,1.003249999999999975e+00,-2.067540000000000155e+00,-6.187179999999999763e-02,1.266799999999999926e+00,-1.609760000000000080e+00,5.434540000000000204e-02,1.301970000000000072e+00,-1.378460000000000019e+00,-2.324539999999999940e-01,1.324500000000000011e+00,-1.695340000000000069e+00,0.000000000000000000e+00,0.000000000000000000e+00,0.000000000000000000e+00,0.000000000000000000e+00,0.000000000000000000e+00,0.000000000000000000e+00,0.000000000000000000e+00,0.000000000000000000e+00,0.000000000000000000e+00,0.000000000000000000e+00,0.000000000000000000e+00,0.000000000000000000e+00,0.000000000000000000e+00,0.000000000000000000e+00,0.000000000000000000e+00,0.000000000000000000e+00,0.000000000000000000e+00,0.000000000000000000e+00,0.000000000000000000e+00,0.000000000000000000e+00,0.000000000000000000e+00,0.000000000000000000e+00,0.000000000000000000e+00,0.000000000000000000e+00
1.520000000000000018e+00,-1.122989999999999960e-01,1.025009999999999977e+00,-2.033990000000000187e+00,-4.876869999999999816e-02,1.315029999999999921e+00,-1.525320000000000009e+00,8.496689999999999798e-02,1.323260000000000103e+00,-1.472329999999999917e+00,-1.885449999999999904e-01,1.345809999999999951e+00,-1.529249999999999998e+00,0.000000000000000000e+00,0.000000000000000000e+00,0.000000000000000000e+00,0.000000000000000000e+00,0.000000000000000000e+00,0.000000000000000000e+00,0.000000000000000000e+00,0.000000000000000000e+00,0.000000000000000000e+00,0.000000000000000000e+00,0.000000000000000000e+00,0.000000000000000000e+00,0.000000000000000000e+00,0.000000000000000000e+00,0.000000000000000000e+00,0.000000000000000000e+00,0.000000000000000000e+00,0.000000000000000000e+00,0.000000000000000000e+00,0.000000000000000000e+00,0.000000000000000000e+00,0.000000000000000000e+00,0.000000000000000000e+00,0.000000000000000000e+00
1.540000000000000036e+00,-2.447360000000000160e-02,1.088500000000000023e+00,-1.878840000000000066e+00,-8.156420000000000337e-02,1.318619999999999903e+00,-1.598689999999999944e+00,8.736209999999999809e-02,1.312769999999999992e+00,-1.539039999999999964e+00,-1.021809999999999941e-01,1.340770000000000017e+00,-1.566240000000000077e+00,0.000000000000000000e+00,0.000000000000000000e+00,0.000000000000000000e+00,0.000000000000000000e+00,0.000000000000000000e+00,0.000000000000000000e+00,0.000000000000000000e+00,0.000000000000000000e+00,0.000000000000000000e+00,0.000000000000000000e+00,0.000000000000000000e+00,0.000000000000000000e+00,0.000000000000000000e+00,0.000000000000000000e+00,0.000000000000000000e+00,0.000000000000000000e+00,0.000000000000000000e+00,0.000000000000000000e+00,0.000000000000000000e+00,0.000000000000000000e+00,0.000000000000000000e+00,0.000000000000000000e+00,0.000000000000000000e+00,0.000000000000000000e+00
1.560000000000000053e+00,4.597129999999999966e-02,1.178909999999999902e+00,-1.653159999999999963e+00,-1.147399999999999948e-01,1.315839999999999899e+00,-1.495430000000000037e+00,5.076699999999999963e-02,1.300329999999999986e+00,-1.501449999999999951e+00,-8.009339999999999515e-02,1.322000000000000064e+00,-1.501130000000000075e+00,0.000000000000000000e+00,0.000000000000000000e+00,0.000000000000000000e+00,0.000000000000000000e+00,0.000000000000000000e+00,0.000000000000000000e+00,0.000000000000000000e+00,0.000000000000000000e+00,0.000000000000000000e+00,0.000000000000000000e+00,0.000000000000000000e+00,0.000000000000000000e+00,0.000000000000000000e+00,0.000000000000000000e+00,0.000000000000000000e+00,0.000000000000000000e+00,0.000000000000000000e+00,0.000000000000000000e+00,0.000000000000000000e+00,0.000000000000000000e+00,0.000000000000000000e+00,0.000000000000000000e+00,0.000000000000000000e+00,0.000000000000000000e+00
1.580000000000000071e+00,3.572899999999999687e-02,1.183589999999999920e+00,-1.799879999999999924e+00,-1.614790000000000114e-01,1.328449999999999909e+00,-1.414409999999999945e+00,6.387320000000000497e-02,1.292939999999999978e+00,-1.499160000000000048e+00,-6.750820000000000431e-02,1.315209999999999990e+00,-1.525479999999999947e+00,0.000000000000000000e+00,0.000000000000000000e+00,0.000000000000000000e+00,0.000000000000000000e+00,0.000000000000000000e+00,0.000000000000000000e+00,0.000000000000000000e+00,0.000000000000000000e+00,0.000000000000000000e+00,0.000000000000000000e+00,0.000000000000000000e+00,0.000000000000000000e+00,0.000000000000000000e+00,0.000000000000000000e+00,0.000000000000000000e+00,0.000000000000000000e+00,0.000000000000000000e+00,0.000000000000000000e+00,0.000000000000000000e+00,0.000000000000000000e+00,0.000000000000000000e+00,0.000000000000000000e+00,0.000000000000000000e+00,0.000000000000000000e+00
1.600000000000000089e+00,3.827479999999999771e-02,1.151180000000000092e+00,-1.786049999999999915e+00,-1.366090000000000082e-01,1.236790000000000056e+00,-1.355069999999999997e+00,3.790219999999999700e-02,1.281090000000000062e+00,-1.582940000000000014e+00,-8.567659999999999512e-03,1.302880000000000038e+00,-1.666209999999999969e+00,0.000000000000000000e+00,0.000000000000000000e+00,0.000000000000000000e+00,0.000000000000000000e+00,0.000000000000000000e+00,0.000000000000000000e+00,0.000000000000000000e+00,0.000000000000000000e+00,0.000000000000000000e+00,0.000000000000000000e+00,0.000000000000000000e+00,0.000000000000000000e+00,0.000000000000000000e+00,0.000000000000000000e+00,0.000000000000000000e+00,0.000000000000000000e+00,0.000000000000000000e+00,0.000000000000000000e+00,0.000000000000000000e+00,0.000000000000000000e+00,0.000000000000000000e+00,0.000000000000000000e+00,0.000000000000000000e+00,0.000000000000000000e+00
1.620000000000000107e+00,8.023929999999999951e-02,9.882800000000000473e-01,-1.592009999999999925e+00,-8.204409999999999481e-02,1.231659999999999977e+00,-1.452779999999999960e+00,-3.479469999999999785e-02,1.267879999999999896e+00,-1.683489999999999931e+00,-2.781149999999999942e-02,1.327210000000000001e+00,-1.913300000000000001e+00,0.000000000000000000e+00,0.000000000000000000e+00,0.000000000000000000e+00,0.000000000000000000e+00,0.000000000000000000e+00,0.000000000000000000e+00,0.000000000000000000e+00,0.000000000000000000e+00,0.000000000000000000e+00,0.000000000000000000e+00,0.000000000000000000e+00,0.000000000000000000e+00,0.000000000000000000e+00,0.000000000000000000e+00,0.000000000000000000e+00,0.000000000000000000e+00,0.000000000000000000e+00,0.000000000000000000e+00,0.000000000000000000e+00,0.000000000000000000e+00,0.000000000000000000e+00,0.000000000000000000e+00,0.000000000000000000e+00,0.000000000000000000e+00
1.640000000000000124e+00,5.721339999999999759e-02,9.024339999999999584e-01,-1.452539999999999942e+00,-4.437220000000000053e-02,1.285179999999999989e+00,-1.843839999999999923e+00,-9.914439999999999364e-02,1.298629999999999951e+00,-1.816200000000000037e+00,-4.228549999999999670e-02,1.292440000000000033e+00,-1.942949999999999955e+00,0.000000000000000000e+00,0.000000000000000000e+00,0.000000000000000000e+00,0.000000000000000000e+00,0.000000000000000000e+00,0.000000000000000000e+00,0.000000000000000000e+00,0.000000000000000000e+00,0.000000000000000000e+00,0.000000000000000000e+00,0.000000000000000000e+00,0.000000000000000000e+00,0.000000000000000000e+00,0.000000000000000000e+00,0.000000000000000000e+00,0.000000000000000000e+00,0.000000000000000000e+00,0.000000000000000000e+00,0.000000000000000000e+00,0.000000000000000000e+00,0.000000000000000000e+00,0.000000000000000000e+00,0.000000000000000000e+00,0.000000000000000000e+00
1.660000000000000142e+00,-1.714900000000000105e-02,9.044299999999999562e-01,-1.358700000000000019e+00,-8.825070000000000137e-02,1.298750000000000071e+00,-2.242189999999999905e+00,-1.579899999999999916e-01,1.328030000000000044e+00,-1.915119999999999933e+00,-9.013999999999999790e-02,1.275570000000000093e+00,-1.993200000000000083e+00,0.000000000000000000e+00,0.000000000000000000e+00,0.000000000000000000e+00,0.000000000000000000e+00,0.000000000000000000e+00,0.000000000000000000e+00,0.000000000000000000e+00,0.000000000000000000e+00,0.000000000000000000e+00,0.000000000000000000e+00,0.000000000000000000e+00,0.000000000000000000e+00,0.000000000000000000e+00,0.000000000000000000e+00,0.000000000000000000e+00,0.000000000000000000e+00,0.000000000000000000e+00,0.000000000000000000e+00,0.000000000000000000e+00,0.000000000000000000e+00,0.000000000000000000e+00,0.000000000000000000e+00,0.000000000000000000e+00,0.000000000000000000e+00
1.679999999999999938e+00,-9.169960000000000611e-02,9.813429999999999653e-01,-1.358370000000000077e+00,-1.977129999999999999e-01,1.254780000000000006e+00,-2.282509999999999817e+00,-2.075049999999999950e-01,1.324200000000000044e+00,-1.944320000000000048e+00,-1.421379999999999866e-01,1.274180000000000090e+00,-2.026470000000000216e+00,0.000000000000000000e+00,0.000000000000000000e+00,0.000000000000000000e+00,0.000000000000000000e+00,0.000000000000000000e+00,0.000000000000000000e+00,0.000000000000000000e+00,0.000000000000000000e+00,0.000000000000000000e+00,0.000000000000000000e+00,0.000000000000000000e+00,0.000000000000000000e+00,0.000000000000000000e+00,0.000000000000000000e+00,0.000000000000000000e+00,0.000000000000000000e+00,0.000000000000000000e+00,0.000000000000000000e+00,0.000000000000000000e+00,0.000000000000000000e+00,0.000000000000000000e+00,0.000000000000000000e+00,0.000000000000000000e+00,0.000000000000000000e+00
1.699999999999999956e+00,-1.484389999999999876e-01,1.098640000000000061e+00,-1.534410000000000052e+00,-1.856019999999999892e-01,9.819430000000000103e-01,-2.149000000000000021e+00,-1.933850000000000013e-01,1.201200000000000045e+00,-1.926279999999999992e+00,-1.158779999999999949e-01,1.239570000000000061e+00,-2.022339999999999804e+00,0.000000000000000000e+00,0.000000000000000000e+00,0.000000000000000000e+00,0.000000000000000000e+00,0.000000000000000000e+00,0.000000000000000000e+00,0.000000000000000000e+00,0.000000000000000000e+00,0.000000000000000000e+00,0.000000000000000000e+00,0.000000000000000000e+00,0.000000000000000000e+00,0.000000000000000000e+00,0.000000000000000000e+00,0.000000000000000000e+00,0.000000000000000000e+00,0.000000000000000000e+00,0.000000000000000000e+00,0.000000000000000000e+00,0.000000000000000000e+00,0.000000000000000000e+00,0.000000000000000000e+00,0.000000000000000000e+00,0.000000000000000000e+00
1.719999999999999973e+00,-1.717380000000000018e-01,1.153599999999999959e+00,-2.078019999999999978e+00,-1.769709999999999894e-01,9.926650000000000196e-01,-1.972809999999999953e+00,-1.716229999999999978e-01,1.200530000000000097e+00,-1.956820000000000004e+00,-9.692979999999999652e-02,1.120640000000000081e+00,-1.885299999999999976e+00,0.000000000000000000e+00,0.000000000000000000e+00,0.000000000000000000e+00,0.000000000000000000e+00,0.000000000000000000e+00,0.000000000000000000e+00,0.000000000000000000e+00,0.000000000000000000e+00,0.000000000000000000e+00,0.000000000000000000e+00,0.000000000000000000e+00,0.000000000000000000e+00,0.000000000000000000e+00,0.000000000000000000e+00,0.000000000000000000e+00,0.000000000000000000e+00,0.000000000000000000e+00,0.000000000000000000e+00,0.000000000000000000e+00,0.000000000000000000e+00,0.000000000000000000e+00,0.000000000000000000e+00,0.000000000000000000e+00,0.000000000000000000e+00
1.739999999999999991e+00,-1.811810000000000087e-01,1.161790000000000100e+00,-2.204909999999999926e+00,-1.772990000000000121e-01,1.144900000000000029e+00,-1.839949999999999974e+00,-1.382780000000000120e-01,1.222990000000000022e+00,-1.930660000000000043e+00,-5.984539999999999998e-02,1.191850000000000076e+00,-1.604549999999999921e+00,0.000000000000000000e+00,0.000000000000000000e+00,0.000000000000000000e+00,0.000000000000000000e+00,0.000000000000000000e+00,0.000000000000000000e+00,0.000000000000000000e+00,0.000000000000000000e+00,0.000000000000000000e+00,0.000000000000000000e+00,0.000000000000000000e+00,0.000000000000000000e+00,0.000000000000000000e+00,0.000000000000000000e+00,0.000000000000000000e+00,0.000000000000000000e+00,0.000000000000000000e+00,0.000000000000000000e+00,0.000000000000000000e+00,0.000000000000000000e+00,0.000000000000000000e+00,0.000000000000000000e+00,0.000000000000000000e+00,0.000000000000000000e+00
1.760000000000000009e+00,-1.506669999999999954e-01,1.096149999999999958e+00,-2.032929999999999904e+00,-3.101510000000000100e-01,1.095599999999999907e+00,-1.624989999999999934e+00,-1.132739999999999997e-01,1.150279999999999969e+00,-1.923850000000000060e+00,-1.161029999999999979e-01,1.186549999999999994e+00,-1.639529999999999932e+00,0.000000000000000000e+00,0.000000000000000000e+00,0.000000000000000000e+00,0.000000000000000000e+00,0.000000000000000000e+00,0.000000000000000000e+00,0.000000000000000000e+00,0.000000000000000000e+00,0.000000000000000000e+00,0.000000000000000000e+00,0.000000000000000000e+00,0.000000000000000000e+00,0.000000000000000000e+00,0.000000000000000000e+00,0.000000000000000000e+00,0.000000000000000000e+00,0.000000000000000000e+00,0.000000000000000000e+00,0.000000000000000000e+00,0.000000000000000000e+00,0.000000000000000000e+00,0.000000000000000000e+00,0.000000000000000000e+00,0.000000000000000000e+00
1.780000000000000027e+00,-1.782880000000000020e-01,8.728550000000000475e-01,-2.101020000000000110e+00,-9.641349999999999920e-02,1.181230000000000002e+00,-1.502000000000000002e+00,-7.019899999999999751e-02,1.050319999999999920e+00,-1.831469999999999931e+00,-1.791840000000000099e-01,1.189089999999999980e+00,-1.812410000000000077e+00,0.000000000000000000e+00,0.000000000000000000e+00,0.000000000000000000e+00,0.000000000000000000e+00,0.000000000000000000e+00,0.000000000000000000e+00,0.000000000000000000e+00,0.000000000000000000e+00,0.000000000000000000e+00,0.000000000000000000e+00,0.000000000000000000e+00,0.000000000000000000e+00,0.000000000000000000e+00,0.000000000000000000e+00,0.000000000000000000e+00,0.000000000000000000e+00,0.000000000000000000e+00,0.000000000000000000e+00,0.000000000000000000e+00,0.000000000000000000e+00,0.000000000000000000e+00,0.000000000000000000e+00,0.000000000000000000e+00,0.000000000000000000e+00
1.800000000000000044e+00,-2.424189999999999956e-01,9.618179999999999508e-01,-2.099969999999999892e+00,-7.252519999999999800e-02,1.259079999999999977e+00,-1.479049999999999976e+00,9.931080000000000463e-02,1.150020000000000042e+00,-1.545020000000000060e+00,-1.922369999999999912e-01,1.301649999999999974e+00,-1.690169999999999950e+00,0.000000000000000000e+00,0.000000000000000000e+00,0.000000000000000000e+00,0.000000000000000000e+00,0.000000000000000000e+00,0.000000000000000000e+00,0.000000000000000000e+00,0.000000000000000000e+00,0.000000000000000000e+00,0.000000000000000000e+00,0.000000000000000000e+00,0.000000000000000000e+00,0.000000000000000000e+00,0.000000000000000000e+00,0.000000000000000000e+00,0.000000000000000000e+00,0.000000000000000000e+00,0.000000000000000000e+00,0.000000000000000000e+00,0.000000000000000000e+00,0.000000000000000000e+00,0.000000000000000000e+00,0.000000000000000000e+00,0.000000000000000000e+00
1.820000000000000062e+00,-1.605320000000000080e-01,1.016550000000000065e+00,-2.042749999999999844e+00,-5.750079999999999775e-02,1.286049999999999915e+00,-1.555190000000000072e+00,7.656200000000000505e-02,1.314000000000000057e+00,-1.405310000000000059e+00,-1.954369999999999996e-01,1.335579999999999989e+00,-1.627040000000000042e+00,0.000000000000000000e+00,0.000000000000000000e+00,0.000000000000000000e+00,0.000000000000000000e+00,0.000000000000000000e+00,0.000000000000000000e+00,0.000000000000000000e+00,0.000000000000000000e+00,0.000000000000000000e+00,0.000000000000000000e+00,0.000000000000000000e+00,0.000000000000000000e+00,0.000000000000000000e+00,0.000000000000000000e+00,0.000000000000000000e+00,0.000000000000000000e+00,0.000000000000000000e+00,0.000000000000000000e+00,0.000000000000000000e+00,0.000000000000000000e+00,0.000000000000000000e+00,0.000000000000000000e+00,0.000000000000000000e+00,0.000000000000000000e+00
1.840000000000000080e+00,-7.638369999999999882e-02,1.055039999999999978e+00,-1.959810000000000052e+00,-7.431519999999999793e-02,1.305849999999999955e+00,-1.621950000000000003e+00,1.063309999999999950e-01,1.335679999999999978e+00,-1.437540000000000040e+00,-1.602949999999999930e-01,1.349909999999999943e+00,-1.572189999999999976e+00,0.000000000000000000e+00,0.000000000000000000e+00,0.000000000000000000e+00,0.000000000000000000e+00,0.000000000000000000e+00,0.000000000000000000e+00,0.000000000000000000e+00,0.000000000000000000e+00,0.000000000000000000e+00,0.000000000000000000e+00,0.000000000000000000e+00,0.000000000000000000e+00,0.000000000000000000e+00,0.000000000000000000e+00,0.000000000000000000e+00,0.000000000000000000e+00,0.000000000000000000e+00,0.000000000000000000e+00,0.000000000000000000e+00,0.000000000000000000e+00,0.000000000000000000e+00,0.000000000000000000e+00,0.000000000000000000e+00,0.000000000000000000e+00
1.860000000000000098e+00,1.382180000000000106e-04,1.142530000000000046e+00,-1.745290000000000008e+00,-8.735500000000000209e-02,1.311239999999999961e+00,-1.601930000000000076e+00,5.902160000000000045e-02,1.315199999999999925e+00,-1.505330000000000057e+00,-1.108309999999999990e-01,1.336330000000000018e+00,-1.533069999999999933e+00,0.000000000000000000e+00,0.000000000000000000e+00,0.000000000000000000e+00,0.000000000000000000e+00,0.000000000000000000e+00,0.000000000000000000e+00,0.000000000000000000e+00,0.000000000000000000e+00,0.000000000000000000e+00,0.000000000000000000e+00,0.000000000000000000e+00,0.000000000000000000e+00,0.000000000000000000e+00,0.000000000000000000e+00,0.000000000000000000e+00,0.000000000000000000e+00,0.000000000000000000e+00,0.000000000000000000e+00,0.000000000000000000e+00,0.000000000000000000e+00,0.000000000000000000e+00,0.000000000000000000e+00,0.000000000000000000e+00,0.000000000000000000e+00
1.880000000000000115e+00,4.571410000000000057e-02,1.163750000000000062e+00,-1.777409999999999934e+00,-1.503289999999999904e-01,1.328310000000000102e+00,-1.475240000000000107e+00,3.884730000000000127e-02,1.306619999999999893e+00,-1.530489999999999906e+00,-1.099730000000000013e-01,1.300899999999999945e+00,-1.392400000000000082e+00,0.000000000000000000e+00,0.000000000000000000e+00,0.000000000000000000e+00,0.000000000000000000e+00,0.000000000000000000e+00,0.000000000000000000e+00,0.000000000000000000e+00,0.000000000000000000e+00,0.000000000000000000e+00,0.000000000000000000e+00,0.000000000000000000e+00,0.000000000000000000e+00,0.000000000000000000e+00,0.000000000000000000e+00,0.000000000000000000e+00,0.000000000000000000e+00,0.000000000000000000e+00,0.000000000000000000e+00,0.000000000000000000e+00,0.000000000000000000e+00,0.000000000000000000e+00,0.000000000000000000e+00,0.000000000000000000e+00,0.000000000000000000e+00
1.900000000000000133e+00,4.035360000000000336e-02,1.170979999999999910e+00,-1.808580000000000076e+00,-1.512330000000000063e-01,1.302950000000000053e+00,-1.376959999999999962e+00,5.635880000000000056e-02,1.282939999999999969e+00,-1.555839999999999890e+00,-3.225290000000000101e-02,1.317379999999999995e+00,-1.625439999999999996e+00,0.000000000000000000e+00,0.000000000000000000e+00,0.000000000000000000e+00,0.000000000000000000e+00,0.000000000000000000e+00,0.000000000000000000e+00,0.000000000000000000e+00,0.000000000000000000e+00,0.000000000000000000e+00,0.000000000000000000e+00,0.000000000000000000e+00,0.000000000000000000e+00,0.000000000000000000e+00,0.000000000000000000e+00,0.000000000000000000e+00,0.000000000000000000e+00,0.000000000000000000e+00,0.000000000000000000e+00,0.000000000000000000e+00,0.000000000000000000e+00,0.000000000000000000e+00,0.000000000000000000e+00,0.000000000000000000e+00,0.000000000000000000e+00
1.919999999999999929e+00,6.213090000000000279e-02,1.093480000000000008e+00,-1.684029999999999916e+00,-8.902559999999999640e-02,1.230229999999999935e+00,-1.390279999999999960e+00,1.078840000000000007e-02,1.277519999999999989e+00,-1.618200000000000083e+00,-1.310820000000000041e-02,1.321020000000000083e+00,-1.810189999999999966e+00,0.000000000000000000e+00,0.000000000000000000e+00,0.000000000000000000e+00,0.000000000000000000e+00,0.000000000000000000e+00,0.000000000000000000e+00,0.000000000000000000e+00,0.000000000000000000e+00,0.000000000000000000e+00,0.000000000000000000e+00,0.000000000000000000e+00,0.000000000000000000e+00,0.000000000000000000e+00,0.000000000000000000e+00,0.000000000000000000e+00,0.000000000000000000e+00,0.000000000000000000e+00,0.000000000000000000e+00,0.000000000000000000e+00,0.000000000000000000e+00,0.000000000000000000e+00,0.000000000000000000e+00,0.000000000000000000e+00,0.000000000000000000e+00
1.939999999999999947e+00,6.843989999999999796e-02,9.143120000000000136e-01,-1.521160000000000068e+00,-5.381029999999999841e-02,1.246259999999999923e+00,-1.602130000000000054e+00,-7.074890000000000345e-02,1.288780000000000037e+00,-1.734590000000000076e+00,-9.085360000000000658e-03,1.311679999999999957e+00,-1.912570000000000103e+00,0.000000000000000000e+00,0.000000000000000000e+00,0.000000000000000000e+00,0.000000000000000000e+00,0.000000000000000000e+00,0.000000000000000000e+00,0.000000000000000000e+00,0.000000000000000000e+00,0.000000000000000000e+00,0.000000000000000000e+00,0.000000000000000000e+00,0.000000000000000000e+00,0.000000000000000000e+00,0.000000000000000000e+00,0.000000000000000000e+00,0.000000000000000000e+00,0.000000000000000000e+00,0.000000000000000000e+00,0.000000000000000000e+00,0.000000000000000000e+00,0.000000000000000000e+00,0.000000000000000000e+00,0.000000000000000000e+00,0.000000000000000000e+00
1.959999999999999964e+00,-1.470869999999999990e-02,8.822389999999999954e-01,-1.412779999999999925e+00,-3.785499999999999976e-02,1.283970000000000056e+00,-2.090700000000000003e+00,-1.098250000000000060e-01,1.329399999999999915e+00,-1.877280000000000060e+00,-3.776940000000000158e-02,1.289789999999999992e+00,-1.960199999999999942e+00,0.000000000000000000e+00,0.000000000000000000e+00,0.000000000000000000e+00,0.000000000000000000e+00,0.000000000000000000e+00,0.000000000000000000e+00,0.000000000000000000e+00,0.000000000000000000e+00,0.000000000000000000e+00,0.000000000000000000e+00,0.000000000000000000e+00,0.000000000000000000e+00,0.000000000000000000e+00,0.000000000000000000e+00,0.000000000000000000e+00,0.000000000000000000e+00,0.000000000000000000e+00,0.000000000000000000e+00,0.000000000000000000e+00,0.000000000000000000e+00,0.000000000000000000e+00,0.000000000000000000e+00,0.000000000000000000e+00,0.000000000000000000e+00
1.979999999999999982e+00,-3.909209999999999768e-02,9.361930000000000529e-01,-1.367620000000000058e+00,-1.549770000000000036e-01,1.288200000000000012e+00,-2.271679999999999922e+00,-1.731119999999999881e-01,1.347499999999999920e+00,-1.938630000000000075e+00,-1.156149999999999956e-01,1.285560000000000036e+00,-2.002800000000000136e+00,0.000000000000000000e+00,0.000000000000000000e+00,0.000000000000000000e+00,0.000000000000000000e+00,0.000000000000000000e+00,0.000000000000000000e+00,0.000000000000000000e+00,0.000000000000000000e+00,0.000000000000000000e+00,0.000000000000000000e+00,0.000000000000000000e+00,0.000000000000000000e+00,0.000000000000000000e+00,0.000000000000000000e+00,0.000000000000000000e+00,0.000000000000000000e+00,0.000000000000000000e+00,0.000000000000000000e+00,0.000000000000000000e+00,0.000000000000000000e+00,0.000000000000000000e+00,0.000000000000000000e+00,0.000000000000000000e+00,0.000000000000000000e+00
2.000000000000000000e+00,-1.367879999999999929e-01,9.977000000000000313e-01,-1.389210000000000056e+00,-1.485569999999999946e-01,1.166400000000000103e+00,-2.254379999999999828e+00,-1.919240000000000113e-01,1.283809999999999896e+00,-1.939130000000000020e+00,-1.403989999999999960e-01,1.261530000000000040e+00,-2.000360000000000138e+00,0.000000000000000000e+00,0.000000000000000000e+00,0.000000000000000000e+00,0.000000000000000000e+00,0.000000000000000000e+00,0.000000000000000000e+00,0.000000000000000000e+00,0.000000000000000000e+00,0.000000000000000000e+00,0.000000000000000000e+00,0.000000000000000000e+00,0.000000000000000000e+00,0.000000000000000000e+00,0.000000000000000000e+00,0.000000000000000000e+00,0.000000000000000000e+00,0.000000000000000000e+00,0.000000000000000000e+00,0.000000000000000000e+00,0.000000000000000000e+00,0.000000000000000000e+00,0.000000000000000000e+00,0.000000000000000000e+00,0.000000000000000000e+00
2.020000000000000018e+00,-1.650510000000000033e-01,1.119760000000000089e+00,-1.725700000000000012e+00,-1.889290000000000136e-01,9.342789999999999706e-01,-2.082759999999999945e+00,-1.683479999999999976e-01,1.183230000000000004e+00,-1.957519999999999927e+00,-8.562340000000000229e-02,1.199480000000000102e+00,-2.032329999999999970e+00,0.000000000000000000e+00,0.000000000000000000e+00,0.000000000000000000e+00,0.000000000000000000e+00,0.000000000000000000e+00,0.000000000000000000e+00,0.000000000000000000e+00,0.000000000000000000e+00,0.000000000000000000e+00,0.000000000000000000e+00,0.000000000000000000e+00,0.000000000000000000e+00,0.000000000000000000e+00,0.000000000000000000e+00,0.000000000000000000e+00,0.000000000000000000e+00,0.000000000000000000e+00,0.000000000000000000e+00,0.000000000000000000e+00,0.000000000000000000e+00,0.000000000000000000e+00,0.000000000000000000e+00,0.000000000000000000e+00,0.000000000000000000e+00
2.040000000000000036e+00,-1.899230000000000085e-01,1.176840000000000108e+00,-2.143909999999999982e+00,-1.671860000000000013e-01,1.053490000000000038e+00,-1.903550000000000075e+00,-1.671809999999999963e-01,1.219349999999999934e+00,-1.964420000000000055e+00,-1.065149999999999986e-01,1.120379999999999932e+00,-1.747679999999999900e+00,0.000000000000000000e+00,0.000000000000000000e+00,0.000000000000000000e+00,0.000000000000000000e+00,0.000000000000000000e+00,0.000000000000000000e+00,0.000000000000000000e+00,0.000000000000000000e+00,0.000000000000000000e+00,0.000000000000000000e+00,0.000000000000000000e+00,0.000000000000000000e+00,0.000000000000000000e+00,0.000000000000000000e+00,0.000000000000000000e+00,0.000000000000000000e+00,0.000000000000000000e+00,0.000000000000000000e+00,0.000000000000000000e+00,0.000000000000000000e+00,0.000000000000000000e+00,0.000000000000000000e+00,0.000000000000000000e+00,0.000000000000000000e+00
2.060000000000000053e+00,-1.833750000000000102e-01,1.126710000000000100e+00,-2.121170000000000222e+00,-2.539759999999999796e-01,1.173990000000000089e+00,-1.730860000000000065e+00,-1.134359999999999952e-01,1.174039999999999973e+00,-1.953750000000000098e+00,-9.606380000000000474e-02,1.226520000000000055e+00,-1.569690000000000030e+00,0.000000000000000000e+00,0.000000000000000000e+00,0.000000000000000000e+00,0.000000000000000000e+00,0.000000000000000000e+00,0.000000000000000000e+00,0.000000000000000000e+00,0.000000000000000000e+00,0.000000000000000000e+00,0.000000000000000000e+00,0.000000000000000000e+00,0.000000000000000000e+00,0.000000000000000000e+00,0.000000000000000000e+00,0.000000000000000000e+00,0.000000000000000000e+00,0.000000000000000000e+00,0.000000000000000000e+00,0.000000000000000000e+00,0.000000000000000000e+00,0.000000000000000000e+00,0.000000000000000000e+00,0.000000000000000000e+00,0.000000000000000000e+00
2.080000000000000071e+00,-1.454129999999999867e-01,1.094289999999999985e+00,-2.086349999999999927e+00,-3.313130000000000241e-01,1.213670000000000027e+00,-1.426569999999999894e+00,-1.291339999999999988e-01,1.082920000000000105e+00,-2.038139999999999841e+00,-1.164680000000000021e-01,1.162649999999999961e+00,-1.739379999999999926e+00,0.000000000000000000e+00,0.000000000000000000e+00,0.000000000000000000e+00,0.000000000000000000e+00,0.000000000000000000e+00,0.000000000000000000e+00,0.000000000000000000e+00,0.000000000000000000e+00,0.000000000000000000e+00,0.000000000000000000e+00,0.000000000000000000e+00,0.000000000000000000e+00,0.000000000000000000e+00,0.000000000000000000e+00,0.000000000000000000e+00,0.000000000000000000e+00,0.000000000000000000e+00,0.000000000000000000e+00,0.000000000000000000e+00,0.000000000000000000e+00,0.000000000000000000e+00,0.000000000000000000e+00,0.000000000000000000e+00,0.000000000000000000e+00
2.100000000000000089e+00,-2.415599999999999969e-01,8.332509999999999639e-01,-2.134110000000000174e+00,-4.288909999999999945e-02,1.170409999999999950e+00,-1.468350000000000044e+00,5.968770000000000325e-02,1.046319999999999917e+00,-1.635059999999999958e+00,-1.396799999999999986e-01,1.218590000000000062e+00,-1.818400000000000016e+00,0.000000000000000000e+00,0.000000000000000000e+00,0.000000000000000000e+00,0.000000000000000000e+00,0.000000000000000000e+00,0.000000000000000000e+00,0.000000000000000000e+00,0.000000000000000000e+00,0.000000000000000000e+00,0.000000000000000000e+00,0.000000000000000000e+00,0.000000000000000000e+00,0.000000000000000000e+00,0.000000000000000000e+00,0.000000000000000000e+00,0.000000000000000000e+00,0.000000000000000000e+00,0.000000000000000000e+00,0.000000000000000000e+00,0.000000000000000000e+00,0.000000000000000000e+00,0.000000000000000000e+00,0.000000000000000000e+00,0.000000000000000000e+00
2.120000000000000107e+00,-1.933640000000000081e-01,1.032240000000000046e+00,-2.073560000000000070e+00,-1.180139999999999939e-01,1.279749999999999943e+00,-1.572030000000000038e+00,8.045280000000000487e-02,1.248780000000000001e+00,-1.455279999999999907e+00,-2.259950000000000014e-01,1.308820000000000094e+00,-1.717340000000000089e+00,0.000000000000000000e+00,0.000000000000000000e+00,0.000000000000000000e+00,0.000000000000000000e+00,0.000000000000000000e+00,0.000000000000000000e+00,0.000000000000000000e+00,0.000000000000000000e+00,0.000000000000000000e+00,0.000000000000000000e+00,0.000000000000000000e+00,0.000000000000000000e+00,0.000000000000000000e+00,0.000000000000000000e+00,0.000000000000000000e+00,0.000000000000000000e+00,0.000000000000000000e+00,0.000000000000000000e+00,0.000000000000000000e+00,0.000000000000000000e+00,0.000000000000000000e+00,0.000000000000000000e+00,0.000000000000000000e+00,0.000000000000000000e+00
2.140000000000000124e+00,-1.532860000000000056e-01,1.018790000000000084e+00,-2.040290000000000159e+00,-4.902030000000000276e-02,1.304529999999999967e+00,-1.549760000000000026e+00,7.430939999999999768e-02,1.318480000000000096e+00,-1.477700000000000014e+00,-1.945820000000000050e-01,1.344840000000000035e+00,-1.525099999999999900e+00,0.000000000000000000e+00,0.000000000000000000e+00,0.000000000000000000e+00,0.000000000000000000e+00,0.000000000000000000e+00,0.000000000000000000e+00,0.000000000000000000e+00,0.000000000000000000e+00,0.000000000000000000e+00,0.000000000000000000e+00,0.000000000000000000e+00,0.000000000000000000e+00,0.000000000000000000e+00,0.000000000000000000e+00,0.000000000000000000e+00,0.000000000000000000e+00,0.000000000000000000e+00,0.000000000000000000e+00,0.000000000000000000e+00,0.000000000000000000e+00,0.000000000000000000e+00,0.000000000000000000e+00,0.000000000000000000e+00,0.000000000000000000e+00
2.160000000000000142e+00,-2.489449999999999996e-02,1.061290000000000067e+00,-1.916120000000000045e+00,-7.866389999999999494e-02,1.316070000000000073e+00,-1.640709999999999891e+00,6.607449999999999435e-02,1.298010000000000108e+00,-1.555099999999999927e+00,-1.536929999999999963e-01,1.346049999999999969e+00,-1.583290000000000086e+00,0.000000000000000000e+00,0.000000000000000000e+00,0.000000000000000000e+00,0.000000000000000000e+00,0.000000000000000000e+00,0.000000000000000000e+00,0.000000000000000000e+00,0.000000000000000000e+00,0.000000000000000000e+00,0.000000000000000000e+00,0.000000000000000000e+00,0.000000000000000000e+00,0.000000000000000000e+00,0.000000000000000000e+00,0.000000000000000000e+00,0.000000000000000000e+00,0.000000000000000000e+00,0.000000000000000000e+00,0.000000000000000000e+00,0.000000000000000000e+00,0.000000000000000000e+00,0.000000000000000000e+00,0.000000000000000000e+00,0.000000000000000000e+00
2.180000000000000160e+00,5.865200000000000101e-03,1.158009999999999984e+00,-1.666749999999999954e+00,-1.033209999999999962e-01,1.308070000000000066e+00,-1.522980000000000000e+00,5.043870000000000298e-02,1.309649999999999981e+00,-1.562780000000000058e+00,-7.824390000000000511e-02,1.322289999999999965e+00,-1.508939999999999948e+00,0.000000000000000000e+00,0.000000000000000000e+00,0.000000000000000000e+00,0.000000000000000000e+00,0.000000000000000000e+00,0.000000000000000000e+00,0.000000000000000000e+00,0.000000000000000000e+00,0.000000000000000000e+00,0.000000000000000000e+00,0.000000000000000000e+00,0.000000000000000000e+00,0.000000000000000000e+00,0.000000000000000000e+00,0.000000000000000000e+00,0.000000000000000000e+00,0.000000000000000000e+00,0.000000000000000000e+00,0.000000000000000000e+00,0.000000000000000000e+00,0.000000000000000000e+00,0.000000000000000000e+00,0.000000000000000000e+00,0.000000000000000000e+00
2.200000000000000178e+00,1.862039999999999876e-02,1.175010000000000110e+00,-1.820019999999999971e+00,-1.801180000000000003e-01,1.326449999999999907e+00,-1.413170000000000037e+00,5.257200000000000067e-02,1.301989999999999981e+00,-1.599460000000000104e+00,-7.807530000000000026e-02,1.288410000000000055e+00,-1.418209999999999971e+00,0.000000000000000000e+00,0.000000000000000000e+00,0.000000000000000000e+00,0.000000000000000000e+00,0.000000000000000000e+00,0.000000000000000000e+00,0.000000000000000000e+00,0.000000000000000000e+00,0.000000000000000000e+00,0.000000000000000000e+00,0.000000000000000000e+00,0.000000000000000000e+00,0.000000000000000000e+00,0.000000000000000000e+00,0.000000000000000000e+00,0.000000000000000000e+00,0.000000000000000000e+00,0.000000000000000000e+00,0.000000000000000000e+00,0.000000000000000000e+00,0.000000000000000000e+00,0.000000000000000000e+00,0.000000000000000000e+00,0.000000000000000000e+00
2.220000000000000195e+00,-5.997220000000000155e-03,1.133680000000000021e+00,-1.867390000000000105e+00,-1.255610000000000059e-01,1.218900000000000095e+00,-1.352409999999999890e+00,5.731250000000000233e-02,1.283460000000000045e+00,-1.675240000000000062e+00,-1.454229999999999932e-02,1.307949999999999946e+00,-1.650600000000000067e+00,0.000000000000000000e+00,0.000000000000000000e+00,0.000000000000000000e+00,0.000000000000000000e+00,0.000000000000000000e+00,0.000000000000000000e+00,0.000000000000000000e+00,0.000000000000000000e+00,0.000000000000000000e+00,0.000000000000000000e+00,0.000000000000000000e+00,0.000000000000000000e+00,0.000000000000000000e+00,0.000000000000000000e+00,0.000000000000000000e+00,0.000000000000000000e+00,0.000000000000000000e+00,0.000000000000000000e+00,0.000000000000000000e+00,0.000000000000000000e+00,0.000000000000000000e+00,0.000000000000000000e+00,0.000000000000000000e+00,0.000000000000000000e+00
2.240000000000000213e+00,4.439819999999999878e-02,9.976990000000000025e-01,-1.728180000000000049e+00,-6.708020000000000649e-02,1.184909999999999908e+00,-1.360060000000000047e+00,1.308259999999999978e-02,1.279120000000000035e+00,-1.751090000000000035e+00,-4.934779999999999722e-02,1.332070000000000087e+00,-1.861080000000000068e+00,0.000000000000000000e+00,0.000000000000000000e+00,0.000000000000000000e+00,0.000000000000000000e+00,0.000000000000000000e+00,0.000000000000000000e+00,0.000000000000000000e+00,0.000000000000000000e+00,0.000000000000000000e+00,0.000000000000000000e+00,0.000000000000000000e+00,0.000000000000000000e+00,0.000000000000000000e+00,0.000000000000000000e+00,0.000000000000000000e+00,0.000000000000000000e+00,0.000000000000000000e+00,0.000000000000000000e+00,0.000000000000000000e+00,0.000000000000000000e+00,0.000000000000000000e+00,0.000000000000000000e+00,0.000000000000000000e+00,0.000000000000000000e+00
2.260000000000000231e+00,6.209379999999999761e-02,8.082030000000000047e-01,-1.479209999999999914e+00,-5.492779999999999885e-02,1.264620000000000077e+00,-1.641939999999999955e+00,-6.131369999999999876e-02,1.295649999999999968e+00,-1.834610000000000074e+00,-2.848240000000000147e-02,1.309339999999999948e+00,-1.922949999999999937e+00,0.000000000000000000e+00,0.000000000000000000e+00,0.000000000000000000e+00,0.000000000000000000e+00,0.000000000000000000e+00,0.000000000000000000e+00,0.000000000000000000e+00,0.000000000000000000e+00,0.000000000000000000e+00,0.000000000000000000e+00,0.000000000000000000e+00,0.000000000000000000e+00,0.000000000000000000e+00,0.000000000000000000e+00,0.000000000000000000e+00,0.000000000000000000e+00,0.000000000000000000e+00,0.000000000000000000e+00,0.000000000000000000e+00,0.000000000000000000e+00,0.000000000000000000e+00,0.000000000000000000e+00,0.000000000000000000e+00,0.000000000000000000e+00
2.280000000000000249e+00,-6.286410000000000609e-02,9.004590000000000094e-01,-1.369609999999999994e+00,-5.956999999999999795e-02,1.288910000000000000e+00,-2.179469999999999796e+00,-9.830650000000000499e-02,1.346680000000000099e+00,-1.950900000000000079e+00,-7.140910000000000313e-02,1.287020000000000053e+00,-1.971500000000000030e+00,0.000000000000000000e+00,0.000000000000000000e+00,0.000000000000000000e+00,0.000000000000000000e+00,0.000000000000000000e+00,0.000000000000000000e+00,0.000000000000000000e+00,0.000000000000000000e+00,0.000000000000000000e+00,0.000000000000000000e+00,0.000000000000000000e+00,0.000000000000000000e+00,0.000000000000000000e+00,0.000000000000000000e+00,0.000000000000000000e+00,0.000000000000000000e+00,0.000000000000000000e+00,0.000000000000000000e+00,0.000000000000000000e+00,0.000000000000000000e+00,0.000000000000000000e+00,0.000000000000000000e+00,0.000000000000000000e+00,0.000000000000000000e+00
2.300000000000000266e+00,-7.186430000000000595e-02,1.002140000000000031e+00,-1.353299999999999947e+00,-1.380010000000000125e-01,1.286869999999999958e+00,-2.281099999999999905e+00,-1.698530000000000040e-01,1.341360000000000108e+00,-1.991789999999999949e+00,-1.336839999999999973e-01,1.259149999999999991e+00,-1.998609999999999998e+00,0.000000000000000000e+00,0.000000000000000000e+00,0.000000000000000000e+00,0.000000000000000000e+00,0.000000000000000000e+00,0.000000000000000000e+00,0.000000000000000000e+00,0.000000000000000000e+00,0.000000000000000000e+00,0.000000000000000000e+00,0.000000000000000000e+00,0.000000000000000000e+00,0.000000000000000000e+00,0.000000000000000000e+00,0.000000000000000000e+00,0.000000000000000000e+00,0.000000000000000000e+00,0.000000000000000000e+00,0.000000000000000000e+00,0.000000000000000000e+00,0.000000000000000000e+00,0.000000000000000000e+00,0.000000000000000000e+00,0.000000000000000000e+00
2.319999999999999840e+00,-1.049370000000000025e-01,1.022340000000000027e+00,-1.414190000000000058e+00,-1.467839999999999978e-01,1.079199999999999937e+00,-2.203770000000000007e+00,-1.577949999999999908e-01,1.232920000000000016e+00,-1.953160000000000007e+00,-1.191989999999999994e-01,1.230019999999999891e+00,-2.032129999999999992e+00,0.000000000000000000e+00,0.000000000000000000e+00,0.000000000000000000e+00,0.000000000000000000e+00,0.000000000000000000e+00,0.000000000000000000e+00,0.000000000000000000e+00,0.000000000000000000e+00,0.000000000000000000e+00,0.000000000000000000e+00,0.000000000000000000e+00,0.000000000000000000e+00,0.000000000000000000e+00,0.000000000000000000e+00,0.000000000000000000e+00,0.000000000000000000e+00,0.000000000000000000e+00,0.000000000000000000e+00,0.000000000000000000e+00,0.000000000000000000e+00,0.000000000000000000e+00,0.000000000000000000e+00,0.000000000000000000e+00,0.000000000000000000e+00
2.339999999999999858e+00,-1.538309999999999955e-01,1.109480000000000022e+00,-1.862079999999999957e+00,-1.843039999999999956e-01,9.399250000000000105e-01,-2.014470000000000205e+00,-1.383649999999999880e-01,1.155520000000000103e+00,-1.967759999999999954e+00,-6.587439999999999962e-02,1.169620000000000104e+00,-2.025669999999999860e+00,0.000000000000000000e+00,0.000000000000000000e+00,0.000000000000000000e+00,0.000000000000000000e+00,0.000000000000000000e+00,0.000000000000000000e+00,0.000000000000000000e+00,0.000000000000000000e+00,0.000000000000000000e+00,0.000000000000000000e+00,0.000000000000000000e+00,0.000000000000000000e+00,0.000000000000000000e+00,0.000000000000000000e+00,0.000000000000000000e+00,0.000000000000000000e+00,0.000000000000000000e+00,0.000000000000000000e+00,0.000000000000000000e+00,0.000000000000000000e+00,0.000000000000000000e+00,0.000000000000000000e+00,0.000000000000000000e+00,0.000000000000000000e+00
2.359999999999999876e+00,-1.474219999999999975e-01,1.169049999999999923e+00,-2.199730000000000185e+00,-1.689380000000000048e-01,1.077409999999999979e+00,-1.885150000000000103e+00,-1.351239999999999941e-01,1.223610000000000086e+00,-1.948080000000000034e+00,-7.765800000000000480e-02,1.129080000000000084e+00,-1.708159999999999901e+00,0.000000000000000000e+00,0.000000000000000000e+00,0.000000000000000000e+00,0.000000000000000000e+00,0.000000000000000000e+00,0.000000000000000000e+00,0.000000000000000000e+00,0.000000000000000000e+00,0.000000000000000000e+00,0.000000000000000000e+00,0.000000000000000000e+00,0.000000000000000000e+00,0.000000000000000000e+00,0.000000000000000000e+00,0.000000000000000000e+00,0.000000000000000000e+00,0.000000000000000000e+00,0.000000000000000000e+00,0.000000000000000000e+00,0.000000000000000000e+00,0.000000000000000000e+00,0.000000000000000000e+00,0.000000000000000000e+00,0.000000000000000000e+00
2.379999999999999893e+00,-1.431709999999999927e-01,1.084929999999999950e+00,-2.161500000000000199e+00,-2.475449999999999873e-01,1.141999999999999904e+00,-1.790289999999999937e+00,-8.675480000000000691e-02,1.182900000000000063e+00,-1.871930000000000094e+00,-5.964769999999999794e-02,1.231300000000000061e+00,-1.603150000000000075e+00,0.000000000000000000e+00,0.000000000000000000e+00,0.000000000000000000e+00,0.000000000000000000e+00,0.000000000000000000e+00,0.000000000000000000e+00,0.000000000000000000e+00,0.000000000000000000e+00,0.000000000000000000e+00,0.000000000000000000e+00,0.000000000000000000e+00,0.000000000000000000e+00,0.000000000000000000e+00,0.000000000000000000e+00,0.000000000000000000e+00,0.000000000000000000e+00,0.000000000000000000e+00,0.000000000000000000e+00,0.000000000000000000e+00,0.000000000000000000e+00,0.000000000000000000e+00,0.000000000000000000e+00,0.000000000000000000e+00,0.000000000000000000e+00
2.399999999999999911e+00,-9.953069999999999973e-02,1.064910000000000023e+00,-2.055849999999999955e+00,-3.072340000000000071e-01,1.054869999999999974e+00,-1.404809999999999892e+00,-1.608320000000000027e-01,1.056710000000000038e+00,-2.006139999999999812e+00,-9.143030000000000601e-02,1.129210000000000047e+00,-1.801860000000000017e+00,0.000000000000000000e+00,0.000000000000000000e+00,0.000000000000000000e+00,0.000000000000000000e+00,0.000000000000000000e+00,0.000000000000000000e+00,0.000000000000000000e+00,0.000000000000000000e+00,0.000000000000000000e+00,0.000000000000000000e+00,0.000000000000000000e+00,0.000000000000000000e+00,0.000000000000000000e+00,0.000000000000000000e+00,0.000000000000000000e+00,0.000000000000000000e+00,0.000000000000000000e+00,0.000000000000000000e+00,0.000000000000000000e+00,0.000000000000000000e+00,0.000000000000000000e+00,0.000000000000000000e+00,0.000000000000000000e+00,0.000000000000000000e+00
2.419999999999999929e+00,-2.560479999999999978e-01,9.157100000000000239e-01,-2.052080000000000126e+00,-2.215090000000000114e-02,1.125250000000000083e+00,-1.433799999999999963e+00,7.027930000000000288e-02,9.796939999999999538e-01,-1.579919999999999991e+00,-1.246929999999999983e-01,1.223219999999999974e+00,-1.788689999999999891e+00,0.000000000000000000e+00,0.000000000000000000e+00,0.000000000000000000e+00,0.000000000000000000e+00,0.000000000000000000e+00,0.000000000000000000e+00,0.000000000000000000e+00,0.000000000000000000e+00,0.000000000000000000e+00,0.000000000000000000e+00,0.000000000000000000e+00,0.000000000000000000e+00,0.000000000000000000e+00,0.000000000000000000e+00,0.000000000000000000e+00,0.000000000000000000e+00,0.000000000000000000e+00,0.000000000000000000e+00,0.000000000000000000e+00,0.000000000000000000e+00,0.000000000000000000e+00,0.000000000000000000e+00,0.000000000000000000e+00,0.000000000000000000e+00
2.439999999999999947e+00,-1.773720000000000019e-01,1.023810000000000109e+00,-2.036929999999999907e+00,-8.141389999999999738e-02,1.251900000000000013e+00,-1.597639999999999949e+00,4.698200000000000293e-02,1.296740000000000004e+00,-1.363869999999999916e+00,-1.798450000000000049e-01,1.324810000000000043e+00,-1.795169999999999932e+00,0.000000000000000000e+00,0.000000000000000000e+00,0.000000000000000000e+00,0.000000000000000000e+00,0.000000000000000000e+00,0.000000000000000000e+00,0.000000000000000000e+00,0.000000000000000000e+00,0.000000000000000000e+00,0.000000000000000000e+00,0.000000000000000000e+00,0.000000000000000000e+00,0.000000000000000000e+00,0.000000000000000000e+00,0.000000000000000000e+00,0.000000000000000000e+00,0.000000000000000000e+00,0.000000000000000000e+00,0.000000000000000000e+00,0.000000000000000000e+00,0.000000000000000000e+00,0.000000000000000000e+00,0.000000000000000000e+00,0.000000000000000000e+00
2.459999999999999964e+00,-1.282880000000000131e-01,8.974809999999999732e-01,-1.985179999999999945e+00,-6.692209999999999825e-02,1.240639999999999965e+00,-1.471289999999999987e+00,2.952609999999999957e-02,1.306650000000000089e+00,-1.558910000000000018e+00,-1.206409999999999982e-01,1.298019999999999952e+00,-1.718469999999999942e+00,0.000000000000000000e+00,0.000000000000000000e+00,0.000000000000000000e+00,0.000000000000000000e+00,0.000000000000000000e+00,0.000000000000000000e+00,0.000000000000000000e+00,0.000000000000000000e+00,0.000000000000000000e+00,0.000000000000000000e+00,0.000000000000000000e+00,0.000000000000000000e+00,0.000000000000000000e+00,0.000000000000000000e+00,0.000000000000000000e+00,0.000000000000000000e+00,0.000000000000000000e+00,0.000000000000000000e+00,0.000000000000000000e+00,0.000000000000000000e+00,0.000000000000000000e+00,0.000000000000000000e+00,0.000000000000000000e+00,0.000000000000000000e+00
2.479999999999999982e+00,-4.104039999999999772e-02,9.140939999999999621e-01,-1.795900000000000052e+00,-9.581409999999999927e-02,1.253500000000000059e+00,-1.646479999999999944e+00,-7.320719999999999528e-04,1.291749999999999954e+00,-1.697330000000000005e+00,-7.809380000000000488e-02,1.290640000000000009e+00,-1.722339999999999982e+00,0.000000000000000000e+00,0.000000000000000000e+00,0.000000000000000000e+00,0.000000000000000000e+00,0.000000000000000000e+00,0.000000000000000000e+00,0.000000000000000000e+00,0.000000000000000000e+00,0.000000000000000000e+00,0.000000000000000000e+00,0.000000000000000000e+00,0.000000000000000000e+00,0.000000000000000000e+00,0.000000000000000000e+00,0.000000000000000000e+00,0.000000000000000000e+00,0.000000000000000000e+00,0.000000000000000000e+00,0.000000000000000000e+00,0.000000000000000000e+00,0.000000000000000000e+00,0.000000000000000000e+00,0.000000000000000000e+00,0.000000000000000000e+00
2.500000000000000000e+00,-5.981569999999999943e-02,8.349269999999999747e-01,-1.743780000000000108e+00,-1.060379999999999934e-01,1.095380000000000020e+00,-1.684039999999999981e+00,-3.305000000000000103e-04,1.318240000000000078e+00,-1.745500000000000052e+00,-2.833669999999999939e-02,1.212409999999999988e+00,-1.574470000000000036e+00,0.000000000000000000e+00,0.000000000000000000e+00,0.000000000000000000e+00,0.000000000000000000e+00,0.000000000000000000e+00,0.000000000000000000e+00,0.000000000000000000e+00,0.000000000000000000e+00,0.000000000000000000e+00,0.000000000000000000e+00,0.000000000000000000e+00,0.000000000000000000e+00,0.000000000000000000e+00,0.000000000000000000e+00,0.000000000000000000e+00,0.000000000000000000e+00,0.000000000000000000e+00,0.000000000000000000e+00,0.000000000000000000e+00,0.000000000000000000e+00,0.000000000000000000e+00,0.000000000000000000e+00,0.000000000000000000e+00,0.000000000000000000e+00
2.520000000000000018e+00,9.951129999999999438e-04,7.246420000000000083e-01,-1.708469999999999933e+00,-1.223140000000000061e-01,1.124020000000000019e+00,-1.734120000000000106e+00,-1.430320000000000029e-02,1.274420000000000108e+00,-1.789740000000000109e+00,-5.492269999999999618e-03,1.266690000000000094e+00,-1.691759999999999931e+00,0.000000000000000000e+00,0.000000000000000000e+00,0.000000000000000000e+00,0.000000000000000000e+00,0.000000000000000000e+00,0.000000000000000000e+00,0.000000000000000000e+00,0.000000000000000000e+00,0.000000000000000000e+00,0.000000000000000000e+00,0.000000000000000000e+00,0.000000000000000000e+00,0.000000000000000000e+00,0.000000000000000000e+00,0.000000000000000000e+00,0.000000000000000000e+00,0.000000000000000000e+00,0.000000000000000000e+00,0.000000000000000000e+00,0.000000000000000000e+00,0.000000000000000000e+00,0.000000000000000000e+00,0.000000000000000000e+00,0.000000000000000000e+00
2.540000000000000036e+00,1.719120000000000023e-02,6.683179999999999676e-01,-1.724769999999999914e+00,-1.133929999999999938e-01,1.048890000000000100e+00,-1.555029999999999912e+00,-3.952579999999999982e-02,1.278520000000000101e+00,-1.791449999999999987e+00,-8.553399999999999198e-03,1.305930000000000035e+00,-1.753549999999999942e+00,0.000000000000000000e+00,0.000000000000000000e+00,0.000000000000000000e+00,0.000000000000000000e+00,0.000000000000000000e+00,0.000000000000000000e+00,0.000000000000000000e+00,0.000000000000000000e+00,0.000000000000000000e+00,0.000000000000000000e+00,0.000000000000000000e+00,0.000000000000000000e+00,0.000000000000000000e+00,0.000000000000000000e+00,0.000000000000000000e+00,0.000000000000000000e+00,0.000000000000000000e+00,0.000000000000000000e+00,0.000000000000000000e+00,0.000000000000000000e+00,0.000000000000000000e+00,0.000000000000000000e+00,0.000000000000000000e+00,0.000000000000000000e+00
2.560000000000000053e+00,5.934090000000000371e-03,6.087829999999999631e-01,-1.743749999999999911e+00,-1.368379999999999874e-01,9.459649999999999448e-01,-1.598410000000000108e+00,-3.450059999999999932e-02,1.297900000000000054e+00,-1.928060000000000107e+00,4.108869999999999884e-02,1.337639999999999940e+00,-1.945799999999999974e+00,0.000000000000000000e+00,0.000000000000000000e+00,0.000000000000000000e+00,0.000000000000000000e+00,0.000000000000000000e+00,0.000000000000000000e+00,0.000000000000000000e+00,0.000000000000000000e+00,0.000000000000000000e+00,0.000000000000000000e+00,0.000000000000000000e+00,0.000000000000000000e+00,0.000000000000000000e+00,0.000000000000000000e+00,0.000000000000000000e+00,0.000000000000000000e+00,0.000000000000000000e+00,0.000000000000000000e+00,0.000000000000000000e+00,0.000000000000000000e+00,0.000000000000000000e+00,0.000000000000000000e+00,0.000000000000000000e+00,0.000000000000000000e+00
2.580000000000000071e+00,1.014479999999999896e-03,6.134279999999999733e-01,-1.645990000000000064e+00,-1.077369999999999994e-01,9.141920000000000046e-01,-1.687969999999999970e+00,-3.006380000000000163e-02,1.291530000000000067e+00,-1.944080000000000030e+00,2.102439999999999864e-02,1.277300000000000102e+00,-1.955179999999999918e+00,0.000000000000000000e+00,0.000000000000000000e+00,0.000000000000000000e+00,0.000000000000000000e+00,0.000000000000000000e+00,0.000000000000000000e+00,0.000000000000000000e+00,0.000000000000000000e+00,0.000000000000000000e+00,0.000000000000000000e+00,0.000000000000000000e+00,0.000000000000000000e+00,0.000000000000000000e+00,0.000000000000000000e+00,0.000000000000000000e+00,0.000000000000000000e+00,0.000000000000000000e+00,0.000000000000000000e+00,0.000000000000000000e+00,0.000000000000000000e+00,0.000000000000000000e+00,0.000000000000000000e+00,0.000000000000000000e+00,0.000000000000000000e+00
2.600000000000000089e+00,-1.154330000000000042e-04,6.118770000000000042e-01,-1.525539999999999896e+00,-1.273289999999999977e-01,1.006180000000000074e+00,-2.075860000000000039e+00,-6.937069999999999348e-02,1.283560000000000034e+00,-1.998669999999999947e+00,1.929240000000000121e-02,1.225919999999999899e+00,-2.059670000000000112e+00,0.000000000000000000e+00,0.000000000000000000e+00,0.000000000000000000e+00,0.000000000000000000e+00,0.000000000000000000e+00,0.000000000000000000e+00,0.000000000000000000e+00,0.000000000000000000e+00,0.000000000000000000e+00,0.000000000000000000e+00,0.000000000000000000e+00,0.000000000000000000e+00,0.000000000000000000e+00,0.000000000000000000e+00,0.000000000000000000e+00,0.000000000000000000e+00,0.000000000000000000e+00,0.000000000000000000e+00,0.000000000000000000e+00,0.000000000000000000e+00,0.000000000000000000e+00,0.000000000000000000e+00,0.000000000000000000e+00,0.000000000000000000e+00
2.620000000000000107e+00,3.239050000000000262e-02,6.466560000000000086e-01,-1.439759999999999929e+00,-1.677669999999999995e-01,1.042659999999999920e+00,-2.244590000000000085e+00,-1.074009999999999965e-01,1.262969999999999926e+00,-1.975619999999999932e+00,-5.844089999999999702e-02,1.119620000000000060e+00,-2.121300000000000185e+00,0.000000000000000000e+00,0.000000000000000000e+00,0.000000000000000000e+00,0.000000000000000000e+00,0.000000000000000000e+00,0.000000000000000000e+00,0.000000000000000000e+00,0.000000000000000000e+00,0.000000000000000000e+00,0.000000000000000000e+00,0.000000000000000000e+00,0.000000000000000000e+00,0.000000000000000000e+00,0.000000000000000000e+00,0.000000000000000000e+00,0.000000000000000000e+00,0.000000000000000000e+00,0.000000000000000000e+00,0.000000000000000000e+00,0.000000000000000000e+00,0.000000000000000000e+00,0.000000000000000000e+00,0.000000000000000000e+00,0.000000000000000000e+00
2.640000000000000124e+00,-5.036039999999999961e-02,7.839599999999999902e-01,-1.489300000000000068e+00,-1.149189999999999934e-01,1.051660000000000039e+00,-2.182370000000000143e+00,-1.069579999999999975e-01,1.180080000000000018e+00,-1.919910000000000005e+00,-6.573959999999999526e-02,1.074989999999999890e+00,-2.068229999999999791e+00,0.000000000000000000e+00,0.000000000000000000e+00,0.000000000000000000e+00,0.000000000000000000e+00,0.000000000000000000e+00,0.000000000000000000e+00,0.000000000000000000e+00,0.000000000000000000e+00,0.000000000000000000e+00,0.000000000000000000e+00,0.000000000000000000e+00,0.000000000000000000e+00,0.000000000000000000e+00,0.000000000000000000e+00,0.000000000000000000e+00,0.000000000000000000e+00,0.000000000000000000e+00,0.000000000000000000e+00,0.000000000000000000e+00,0.000000000000000000e+00,0.000000000000000000e+00,0.000000000000000000e+00,0.000000000000000000e+00,0.000000000000000000e+00
2.660000000000000142e+00,-1.983149999999999913e-01,8.531309999999999727e-01,-1.769919999999999938e+00,-1.415420000000000011e-01,9.306159999999999988e-01,-1.801989999999999981e+00,-2.008959999999999912e-02,1.076440000000000063e+00,-1.859439999999999982e+00,-2.940109999999999946e-02,1.141629999999999923e+00,-2.088989999999999903e+00,0.000000000000000000e+00,0.000000000000000000e+00,0.000000000000000000e+00,0.000000000000000000e+00,0.000000000000000000e+00,0.000000000000000000e+00,0.000000000000000000e+00,0.000000000000000000e+00,0.000000000000000000e+00,0.000000000000000000e+00,0.000000000000000000e+00,0.000000000000000000e+00,0.000000000000000000e+00,0.000000000000000000e+00,0.000000000000000000e+00,0.000000000000000000e+00,0.000000000000000000e+00,0.000000000000000000e+00,0.000000000000000000e+00,0.000000000000000000e+00,0.000000000000000000e+00,0.000000000000000000e+00,0.000000000000000000e+00,0.000000000000000000e+00
2.680000000000000160e+00,-1.798269999999999869e-01,1.031479999999999952e+00,-1.963140000000000107e+00,-2.516039999999999943e-01,1.041719999999999979e+00,-1.691719999999999891e+00,-1.147220000000000045e-01,1.120309999999999917e+00,-1.946800000000000086e+00,2.157910000000000036e-02,1.121099999999999985e+00,-1.739959999999999951e+00,0.000000000000000000e+00,0.000000000000000000e+00,0.000000000000000000e+00,0.000000000000000000e+00,0.000000000000000000e+00,0.000000000000000000e+00,0.000000000000000000e+00,0.000000000000000000e+00,0.000000000000000000e+00,0.000000000000000000e+00,0.000000000000000000e+00,0.000000000000000000e+00,0.000000000000000000e+00,0.000000000000000000e+00,0.000000000000000000e+00,0.000000000000000000e+00,0.000000000000000000e+00,0.000000000000000000e+00,0.000000000000000000e+00,0.000000000000000000e+00,0.000000000000000000e+00,0.000000000000000000e+00,0.000000000000000000e+00,0.000000000000000000e+00
2.700000000000000178e+00,-9.929609999999999825e-02,1.112740000000000062e+00,-1.981800000000000006e+00,-3.340080000000000271e-01,9.879289999999999461e-01,-1.526019999999999932e+00,-1.394660000000000066e-01,1.049739999999999895e+00,-1.957959999999999923e+00,8.058919999999999972e-02,1.035120000000000040e+00,-1.663899999999999935e+00,0.000000000000000000e+00,0.000000000000000000e+00,0.000000000000000000e+00,0.000000000000000000e+00,0.000000000000000000e+00,0.000000000000000000e+00,0.000000000000000000e+00,0.000000000000000000e+00,0.000000000000000000e+00,0.000000000000000000e+00,0.000000000000000000e+00,0.000000000000000000e+00,0.000000000000000000e+00,0.000000000000000000e+00,0.000000000000000000e+00,0.000000000000000000e+00,0.000000000000000000e+00,0.000000000000000000e+00,0.000000000000000000e+00,0.000000000000000000e+00,0.000000000000000000e+00,0.000000000000000000e+00,0.000000000000000000e+00,0.000000000000000000e+00
2.720000000000000195e+00,-1.307200000000000029e-01,1.044419999999999904e+00,-1.947289999999999965e+00,-2.961019999999999763e-01,5.867400000000000393e-01,-1.442830000000000057e+00,-1.521550000000000125e-01,9.031550000000000411e-01,-2.012770000000000170e+00,-1.128069999999999897e-03,9.367429999999999923e-01,-1.852929999999999966e+00,0.000000000000000000e+00,0.000000000000000000e+00,0.000000000000000000e+00,0.000000000000000000e+00,0.000000000000000000e+00,0.000000000000000000e+00,0.000000000000000000e+00,0.000000000000000000e+00,0.000000000000000000e+00,0.000000000000000000e+00,0.000000000000000000e+00,0.000000000000000000e+00,0.000000000000000000e+00,0.000000000000000000e+00,0.000000000000000000e+00,0.000000000000000000e+00,0.000000000000000000e+00,0.000000000000000000e+00,0.000000000000000000e+00,0.000000000000000000e+00,0.000000000000000000e+00,0.000000000000000000e+00,0.000000000000000000e+00,0.000000000000000000e+00
2.740000000000000213e+00,1.462609999999999952e-02,8.904739999999999878e-01,-1.745970000000000022e+00,5.708040000000000336e-02,8.301089999999999858e-01,-1.549760000000000026e+00,-5.664120000000000266e-02,8.309039999999999759e-01,-1.549199999999999910e+00,-8.183529999999999971e-02,7.293180000000000218e-01,-1.556689999999999907e+00,0.000000000000000000e+00,0.000000000000000000e+00,0.000000000000000000e+00,0.000000000000000000e+00,0.000000000000000000e+00,0.000000000000000000e+00,0.000000000000000000e+00,0.000000000000000000e+00,0.000000000000000000e+00,0.000000000000000000e+00,0.000000000000000000e+00,0.000000000000000000e+00,0.000000000000000000e+00,0.000000000000000000e+00,0.000000000000000000e+00,0.000000000000000000e+00,0.000000000000000000e+00,0.000000000000000000e+00,0.000000000000000000e+00,0.000000000000000000e+00,0.000000000000000000e+00,0.000000000000000000e+00,0.000000000000000000e+00,0.000000000000000000e+00
2.760000000000000231e+00,-6.947860000000000147e-02,9.371460000000000345e-01,-1.662190000000000056e+00,-7.746909999999999907e-02,8.404570000000000096e-01,-1.828070000000000084e+00,-9.466239999999999377e-02,1.062929999999999930e+00,-1.337990000000000013e+00,1.806870000000000004e-02,1.180469999999999908e+00,-1.770839999999999970e+00,0.000000000000000000e+00,0.000000000000000000e+00,0.000000000000000000e+00,0.000000000000000000e+00,0.000000000000000000e+00,0.000000000000000000e+00,0.000000000000000000e+00,0.000000000000000000e+00,0.000000000000000000e+00,0.000000000000000000e+00,0.000000000000000000e+00,0.000000000000000000e+00,0.000000000000000000e+00,0.000000000000000000e+00,0.000000000000000000e+00,0.000000000000000000e+00,0.000000000000000000e+00,0.000000000000000000e+00,0.000000000000000000e+00,0.000000000000000000e+00,0.000000000000000000e+00,0.000000000000000000e+00,0.000000000000000000e+00,0.000000000000000000e+00
2.780000000000000249e+00,7.569969999999999477e-02,8.157820000000000071e-01,-1.614940000000000042e+00,-5.988589999999999886e-02,8.904999999999999583e-01,-1.445629999999999971e+00,-1.096989999999999944e-03,7.717739999999999601e-01,-1.760569999999999968e+00,-6.822699999999999598e-02,9.162339999999999929e-01,-1.769179999999999975e+00,0.000000000000000000e+00,0.000000000000000000e+00,0.000000000000000000e+00,0.000000000000000000e+00,0.000000000000000000e+00,0.000000000000000000e+00,0.000000000000000000e+00,0.000000000000000000e+00,0.000000000000000000e+00,0.000000000000000000e+00,0.000000000000000000e+00,0.000000000000000000e+00,0.000000000000000000e+00,0.000000000000000000e+00,0.000000000000000000e+00,0.000000000000000000e+00,0.000000000000000000e+00,0.000000000000000000e+00,0.000000000000000000e+00,0.000000000000000000e+00,0.000000000000000000e+00,0.000000000000000000e+00,0.000000000000000000e+00,0.000000000000000000e+00
2.800000000000000266e+00,7.376080000000000136e-02,8.564899999999999736e-01,-1.648959999999999981e+00,-1.411810000000000009e-01,8.840580000000000105e-01,-1.627830000000000110e+00,-6.059099999999999903e-02,9.917399999999999549e-01,-1.736809999999999965e+00,-1.596420000000000131e-02,9.965570000000000261e-01,-1.616460000000000008e+00,0.000000000000000000e+00,0.000000000000000000e+00,0.000000000000000000e+00,0.000000000000000000e+00,0.000000000000000000e+00,0.000000000000000000e+00,0.000000000000000000e+00,0.000000000000000000e+00,0.000000000000000000e+00,0.000000000000000000e+00,0.000000000000000000e+00,0.000000000000000000e+00,0.000000000000000000e+00,0.000000000000000000e+00,0.000000000000000000e+00,0.000000000000000000e+00,0.000000000000000000e+00,0.000000000000000000e+00,0.000000000000000000e+00,0.000000000000000000e+00,0.000000000000000000e+00,0.000000000000000000e+00,0.000000000000000000e+00,0.000000000000000000e+00
2.819999999999999840e+00,-3.533870000000000067e-02,9.714479999999999782e-01,-1.639939999999999953e+00,7.201680000000000581e-02,7.973850000000000104e-01,-1.554729999999999945e+00,6.457569999999999500e-04,9.435740000000000238e-01,-1.717060000000000031e+00,-4.123050000000000326e-02,9.071930000000000271e-01,-1.646730000000000027e+00,0.000000000000000000e+00,0.000000000000000000e+00,0.000000000000000000e+00,0.000000000000000000e+00,0.000000000000000000e+00,0.000000000000000000e+00,0.000000000000000000e+00,0.000000000000000000e+00,0.000000000000000000e+00,0.000000000000000000e+00,0.000000000000000000e+00,0.000000000000000000e+00,0.000000000000000000e+00,0.000000000000000000e+00,0.000000000000000000e+00,0.000000000000000000e+00,0.000000000000000000e+00,0.000000000000000000e+00,0.000000000000000000e+00,0.000000000000000000e+00,0.000000000000000000e+00,0.000000000000000000e+00,0.000000000000000000e+00,0.000000000000000000e+00
