1770257263137555129,46,44,47,42,0,0,0,0
1770257263137751742,46,44,47,42,0,0,0,0
1770257263138275593,46,44,47,42,0,0,0,0
1770257263140050960,46,44,47,42,0,0,0,0
1770257263141884888,46,44,48,42,0,0,0,0
1770257263144322445,46,44,48,42,0,0,0,0
1770257263146220919,46,44,48,42,0,0,0,0
1770257263148275268,46,44,47,42,0,0,0,0
1770257263150148589,46,44,47,42,0,0,0,0
1770257263152280604,46,44,47,42,0,0,0,0
1770257263153942464,46,44,47,42,0,0,0,0
1770257263156118352,46,44,47,43,0,0,0,0
1770257263158052378,46,44,47,43,0,0,0,0
1770257263159846945,46,44,47,43,0,0,0,0
1770257263162094706,46,44,47,42,0,0,0,0
1770257263163935611,46,44,47,42,0,0,0,0
1770257263165811748,46,44,47,42,0,0,0,0
1770257263167982547,46,44,47,42,0,0,0,0
1770257263169838556,46,44,47,42,0,0,0,0
1770257263171969930,46,44,47,42,0,0,0,0
1770257263173859732,46,44,47,42,0,0,0,0
1770257263176128421,46,44,47,42,0,0,0,0
1770257263178372790,46,44,47,42,0,0,0,0
1770257263180202238,46,44,47,42,0,0,0,0
1770257263182199594,46,44,47,42,0,0,0,0
1770257263184341817,46,44,47,42,0,0,0,0
1770257263186541833,46,44,47,42,0,0,0,0
1770257263188334480,46,44,47,42,0,0,0,0
1770257263190369405,46,44,47,42,0,0,0,0
1770257263194119631,46,44,47,42,0,0,0,0
1770257263194805790,46,44,47,42,0,0,0,0
1770257263196160412,46,44,47,42,0,0,0,0
1770257263198063557,46,44,47,42,0,0,0,0
1770257263200028464,46,44,47,42,0,0,0,0
1770257263201898777,46,44,47,42,0,0,0,0
1770257263204135722,46,44,47,42,0,0,0,0
1770257263206050484,46,44,47,42,0,0,0,0
1770257263208245476,46,44,47,42,0,0,0,0
1770257263210380563,46,44,47,42,0,0,0,0
1770257263212586595,46,44,47,42,0,0,0,0
1770257263214389002,46,44,47,42,0,0,0,0
1770257263216201906,46,44,47,42,0,0,0,0
1770257263218261663,46,44,47,42,0,0,0,0
1770257263220162057,46,45,47,42,0,0,0,0
1770257263222106003,46,45,47,42,0,0,0,0
1770257263224070398,46,45,47,42,0,0,0,0
1770257263225935559,46,44,47,42,0,0,0,0
1770257263228292859,46,44,47,42,0,0,0,0
1770257263229997728,46,44,47,42,0,0,0,0
1770257263232452950,46,44,47,42,0,0,0,0
1770257263234362400,46,44,47,42,0,0,0,0
1770257263236434253,46,44,47,42,0,0,0,0
1770257263238308470,46,44,47,42,0,0,0,0
1770257263240248736,46,44,47,42,0,0,0,0
1770257263242123209,46,44,47,42,0,0,0,0
1770257263243864463,46,44,47,42,0,0,0,0
1770257263246282148,46,44,47,42,0,0,0,0
1770257263248188814,46,44,47,42,0,0,0,0
1770257263249465130,46,45,47,42,0,0,0,0
1770257263252839540,46,45,47,42,0,0,0,0
1770257263254277555,46,45,47,42,0,0,0,0
1770257263256521124,46,45,47,42,0,0,0,0
1770257263258303115,46,45,47,42,0,0,0,0
1770257263260495323,46,45,47,42,0,0,0,0
1770257263262161952,46,44,47,42,0,0,0,0
1770257263263982472,46,44,47,42,0,0,0,0
1770257263266115862,46,44,47,42,0,0,0,0
1770257263268236933,46,45,47,42,0,0,0,0
1770257263270072557,46,45,47,42,0,0,0,0
1770257263272529891,46,45,47,42,0,0,0,0
1770257263274203335,46,44,47,42,0,0,0,0
1770257263276354966,46,44,47,42,0,0,0,0
1770257263278520294,46,44,47,42,0,0,0,0
1770257263280499185,46,44,47,42,0,0,0,0
1770257263282269432,46,44,47,42,0,0,0,0
1770257263283726744,46,44,47,42,0,0,0,0
1770257263285480830,46,44,47,42,0,0,0,0
1770257263287986549,46,44,47,42,0,0,0,0
1770257263289616216,46,44,47,42,0,0,0,0
1770257263291530562,46,44,47,42,0,0,0,0
1770257263294355648,46,44,47,42,0,0,0,0
1770257263296523952,46,44,47,42,0,0,0,0
1770257263298518267,46,44,47,42,0,0,0,0
1770257263300309890,46,44,47,43,0,0,0,0
1770257263302430865,46,44,47,43,0,0,0,0
1770257263303665932,46,44,47,43,0,0,0,0
1770257263305645719,46,44,47,42,0,0,0,0
1770257263307681124,46,44,47,42,0,0,0,0
1770257263309723504,46,44,47,42,0,0,0,0
1770257263311981090,46,44,47,42,0,0,0,0
1770257263313676615,46,44,47,42,0,0,0,0
1770257263315753620,46,44,47,42,0,0,0,0
1770257263318414927,46,44,47,42,0,0,0,0
1770257263320428891,46,44,47,42,0,0,0,0
1770257263321670550,46,44,47,42,0,0,0,0
1770257263323667778,46,44,47,42,0,0,0,0
1770257263326120823,46,44,47,42,0,0,0,0
1770257263327993344,46,44,47,42,0,0,0,0
1770257263330149167,46,44,47,42,0,0,0,0
1770257263331663344,46,44,47,42,0,0,0,0
1770257263334406733,46,44,47,42,0,0,0,0
1770257263336463514,46,44,47,42,0,0,0,0
1770257263338154367,46,44,47,42,0,0,0,0
1770257263340255404,46,44,47,42,0,0,0,0
1770257263342404220,46,44,47,42,0,0,0,0
1770257263344513642,46,44,47,42,0,0,0,0
1770257263346433684,46,44,47,42,0,0,0,0
1770257263348310813,46,44,47,42,0,0,0,0
1770257263350450828,46,44,47,42,0,0,0,0
1770257263352513817,46,45,47,42,0,0,0,0
1770257263353634417,46,45,47,42,0,0,0,0
1770257263356030182,46,45,47,42,0,0,0,0
1770257263358112883,46,44,47,42,0,0,0,0
1770257263360160928,46,44,47,42,0,0,0,0
1770257263361657409,46,44,47,42,0,0,0,0
1770257263364384060,46,44,47,42,0,0,0,0
1770257263366135459,46,44,47,42,0,0,0,0
1770257263368458166,46,44,47,42,0,0,0,0
1770257263370368639,46,44,47,42,0,0,0,0
1770257263372498638,46,44,47,42,0,0,0,0
1770257263373659495,46,44,47,42,0,0,0,0
1770257263375855415,46,45,47,42,0,0,0,0
1770257263378202155,46,45,47,42,0,0,0,0
1770257263380445532,46,45,47,42,0,0,0,0
1770257263382467688,46,44,47,42,0,0,0,0
1770257263384534709,46,44,47,42,0,0,0,0
1770257263386323388,46,44,47,42,0,0,0,0
1770257263387673050,46,44,47,42,0,0,0,0
1770257263389786824,46,44,47,42,0,0,0,0
1770257263392157692,46,44,47,42,0,0,0,0
1770257263394195721,46,44,47,42,0,0,0,0
1770257263395802220,46,44,47,42,0,0,0,0
1770257263397574611,46,44,47,42,0,0,0,0
1770257263400400784,46,44,47,42,0,0,0,0
1770257263402414941,46,44,47,42,0,0,0,0
1770257263404165059,46,44,47,42,0,0,0,0
1770257263405714661,46,44,47,42,0,0,0,0
1770257263408256476,46,44,47,42,0,0,0,0
1770257263409664123,46,44,47,42,0,0,0,0
1770257263411661895,46,44,47,42,0,0,0,0
1770257263414218143,46,44,47,42,0,0,0,0
1770257263415733376,46,44,47,42,0,0,0,0
1770257263417637770,46,44,47,42,0,0,0,0
1770257263419671254,46,44,47,42,0,0,0,0
1770257263421670786,46,44,47,42,0,0,0,0
1770257263423691726,46,45,47,42,0,0,0,0
1770257263425665465,46,45,47,42,0,0,0,0
1770257263427686245,46,45,47,42,0,0,0,0
1770257263429640208,46,44,47,42,0,0,0,0
1770257263431677213,46,44,47,42,0,0,0,0
1770257263434138547,46,44,47,42,0,0,0,0
1770257263435809527,46,44,47,42,0,0,0,0
1770257263437552765,46,44,47,43,0,0,0,0
1770257263439667916,46,44,47,43,0,0,0,0
1770257263442158690,46,44,47,43,0,0,0,0
1770257263443684004,46,44,47,42,0,0,0,0
1770257263445649935,46,44,47,42,0,0,0,0
1770257263447682779,46,45,47,42,0,0,0,0
1770257263449643334,46,45,47,42,0,0,0,0
1770257263452249055,46,45,47,42,0,0,0,0
1770257263454402542,46,44,47,42,0,0,0,0
1770257263456274583,46,44,47,42,0,0,0,0
1770257263458389445,46,44,47,42,0,0,0,0
1770257263460408177,46,44,47,42,0,0,0,0
1770257263461682285,46,44,47,42,0,0,0,0
1770257263464170468,46,44,47,42,0,0,0,0
1770257263465672421,46,44,47,42,0,0,0,0
1770257263468450785,46,44,47,42,0,0,0,0
1770257263470402156,46,44,47,42,0,0,0,0
1770257263472116210,46,44,47,42,0,0,0,0
1770257263474458597,46,44,47,42,0,0,0,0
1770257263476308653,46,44,47,42,0,0,0,0
1770257263477518504,46,44,47,42,0,0,0,0
1770257263479814650,46,44,47,43,0,0,0,0
1770257263481478366,46,44,47,43,0,0,0,0
1770257263484165177,46,44,47,43,0,0,0,0
1770257263486420715,46,44,47,43,0,0,0,0
1770257263488162033,46,44,47,42,0,0,0,0
1770257263490490276,46,44,47,42,0,0,0,0
1770257263492385677,46,44,47,42,0,0,0,0
1770257263494370201,46,44,47,42,0,0,0,0
1770257263495791960,46,45,47,42,0,0,0,0
1770257263498530004,46,45,47,42,0,0,0,0
1770257263500323803,46,45,47,42,0,0,0,0
1770257263501874013,46,44,47,42,0,0,0,0
1770257263503707813,46,44,47,42,0,0,0,0
1770257263506155098,46,44,47,42,0,0,0,0
1770257263507564217,46,44,47,42,0,0,0,0
1770257263510120369,46,44,47,42,0,0,0,0
1770257263512169854,46,44,47,42,0,0,0,0
1770257263513572445,46,44,47,42,0,0,0,0
1770257263516025042,46,44,47,42,0,0,0,0
1770257263517612661,46,44,47,42,0,0,0,0
1770257263519514079,46,44,47,42,0,0,0,0
1770257263521662030,46,44,47,42,0,0,0,0
1770257263523855198,46,44,47,42,0,0,0,0
1770257263525572803,46,44,47,42,0,0,0,0
1770257263527718930,46,44,47,42,0,0,0,0
1770257263529401495,46,44,47,42,0,0,0,0
1770257263531913870,46,44,47,42,0,0,0,0
1770257263534349827,46,44,47,42,0,0,0,0
1770257263536255309,46,44,47,42,0,0,0,0
1770257263537662668,46,45,47,42,0,0,0,0
1770257263540177251,46,45,47,42,0,0,0,0
1770257263543165156,46,45,47,42,0,0,0,0
1770257263544147546,46,44,47,42,0,0,0,0
1770257263545657083,46,44,47,42,0,0,0,0
1770257263547686055,46,44,47,42,0,0,0,0
1770257263549664178,46,44,47,42,0,0,0,0
1770257263551602109,46,44,47,42,0,0,0,0
1770257263553501190,46,44,47,42,0,0,0,0
1770257263556440743,46,44,47,42,0,0,0,0
1770257263558204813,46,44,47,42,0,0,0,0
1770257263559951668,46,44,47,42,0,0,0,0
1770257263562369384,46,44,47,42,0,0,0,0
1770257263564244817,46,44,47,42,0,0,0,0
1770257263566394624,46,44,47,42,0,0,0,0
1770257263568507119,46,44,47,42,0,0,0,0
1770257263570428409,46,44,47,42,0,0,0,0
1770257263572353795,46,44,47,42,0,0,0,0
1770257263573726337,46,44,47,42,0,0,0,0
1770257263575731597,46,44,47,42,0,0,0,0
1770257263577721144,46,44,47,42,0,0,0,0
1770257263580458516,46,44,48,42,0,0,0,0
1770257263582406879,46,44,48,42,0,0,0,0
1770257263584586479,46,44,48,42,0,0,0,0
1770257263586327093,46,44,48,42,0,0,0,0
1770257263587968089,46,44,48,42,0,0,0,0
1770257263589652253,46,44,48,42,0,0,0,0
1770257263592170740,46,44,48,42,0,0,0,0
1770257263593730391,46,44,48,42,0,0,0,0
1770257263596011465,46,44,48,42,0,0,0,0
1770257263597781551,46,44,47,42,0,0,0,0
1770257263600501867,46,44,47,42,0,0,0,0
1770257263602346515,46,44,47,42,0,0,0,0
1770257263604185403,46,44,47,42,0,0,0,0
1770257263606211240,46,44,47,42,0,0,0,0
1770257263607738473,46,44,47,42,0,0,0,0
1770257263610123229,46,45,47,42,0,0,0,0
1770257263611674271,46,45,47,42,0,0,0,0
1770257263613614186,46,45,47,42,0,0,0,0
1770257263616180738,46,44,47,42,0,0,0,0
1770257263618464244,46,44,47,42,0,0,0,0
1770257263620340381,46,44,47,42,0,0,0,0
1770257263622360201,46,44,47,42,0,0,0,0
1770257263624448887,46,44,47,42,0,0,0,0
1770257263626168476,46,44,47,42,0,0,0,0
1770257263627643389,46,44,47,42,0,0,0,0
1770257263629657481,46,44,47,42,0,0,0,0
1770257263631861881,46,44,47,42,0,0,0,0
1770257263633656416,46,44,47,42,0,0,0,0
1770257263635827568,46,44,47,43,0,0,0,0
1770257263638305798,46,44,47,43,0,0,0,0
1770257263640412756,46,44,47,43,0,0,0,0
1770257263642283997,46,44,47,42,0,0,0,0
1770257263644117989,46,44,47,42,0,0,0,0
1770257263646078608,46,44,47,42,0,0,0,0
1770257263647694131,46,44,47,42,0,0,0,0
1770257263649814658,46,44,47,42,0,0,0,0
1770257263651695051,46,44,47,42,0,0,0,0
1770257263653659894,46,44,47,42,0,0,0,0
1770257263656237422,46,44,47,42,0,0,0,0
1770257263658372829,46,44,47,42,0,0,0,0
1770257263660228070,46,44,47,42,0,0,0,0
1770257263662408181,46,44,47,42,0,0,0,0
1770257263664227197,46,44,47,42,0,0,0,0
1770257263666274634,46,44,47,42,0,0,0,0
1770257263668040625,46,44,47,42,0,0,0,0
1770257263670183295,46,44,47,42,0,0,0,0
1770257263671682688,46,44,47,42,0,0,0,0
1770257263673636491,46,44,47,42,0,0,0,0
1770257263676547979,46,44,47,42,0,0,0,0
1770257263678190991,46,44,47,42,0,0,0,0
1770257263680445344,46,44,47,42,0,0,0,0
1770257263681711708,46,44,47,42,0,0,0,0
1770257263683734824,46,44,47,42,0,0,0,0
1770257263685712915,46,44,47,42,0,0,0,0
1770257263688152041,46,44,47,42,0,0,0,0
1770257263689735371,46,44,47,42,0,0,0,0
1770257263692271779,46,44,47,42,0,0,0,0
1770257263694879804,46,44,47,42,0,0,0,0
1770257263696486687,46,44,47,42,0,0,0,0
1770257263697689401,46,44,47,42,0,0,0,0
1770257263699739110,46,44,47,42,0,0,0,0
1770257263701886677,46,44,47,43,0,0,0,0
1770257263703730429,46,44,47,43,0,0,0,0
1770257263705749290,46,44,47,43,0,0,0,0
1770257263709113907,46,44,47,42,0,0,0,0
1770257263710840409,46,44,47,42,0,0,0,0
1770257263711570505,46,44,47,42,0,0,0,0
1770257263713544340,46,44,47,42,0,0,0,0
1770257263715725252,46,44,47,42,0,0,0,0
1770257263717658798,46,44,47,42,0,0,0,0
1770257263719772252,46,44,47,42,0,0,0,0
1770257263721791433,46,44,47,42,0,0,0,0
1770257263723712595,46,44,47,42,0,0,0,0
1770257263726458159,46,44,47,42,0,0,0,0
1770257263728316183,46,44,47,42,0,0,0,0
1770257263730035293,46,44,47,42,0,0,0,0
1770257263732171756,46,44,47,43,0,0,0,0
1770257263733663180,46,44,47,43,0,0,0,0
1770257263736040736,46,44,47,43,0,0,0,0
1770257263737734373,46,44,47,42,0,0,0,0
1770257263740422976,46,44,47,42,0,0,0,0
1770257263742477805,46,44,47,42,0,0,0,0
1770257263744264148,46,44,47,42,0,0,0,0
1770257263746409027,46,44,47,42,0,0,0,0
1770257263748582547,46,44,47,42,0,0,0,0
1770257263749686827,46,44,47,42,0,0,0,0
1770257263751694679,46,44,47,42,0,0,0,0
1770257263753725699,46,44,47,42,0,0,0,0
1770257263756194777,46,44,47,42,0,0,0,0
1770257263757664730,46,44,47,42,0,0,0,0
1770257263760484887,46,44,47,42,0,0,0,0
1770257263762231485,46,44,47,42,0,0,0,0
1770257263763533850,46,44,47,42,0,0,0,0
1770257263765674697,46,44,47,42,0,0,0,0
1770257263767715573,46,44,47,42,0,0,0,0
1770257263769459644,46,44,47,42,0,0,0,0
1770257263771633515,46,44,47,42,0,0,0,0
1770257263774416648,46,44,47,42,0,0,0,0
1770257263775737413,46,44,47,42,0,0,0,0
1770257263778411135,46,44,47,42,0,0,0,0
1770257263779920865,46,44,47,42,0,0,0,0
1770257263782343254,46,44,47,42,0,0,0,0
1770257263783706323,46,44,47,42,0,0,0,0
1770257263785665950,46,44,47,42,0,0,0,0
1770257263787510215,46,44,47,42,0,0,0,0
1770257263789669974,46,44,47,42,0,0,0,0
1770257263791713731,46,44,47,42,0,0,0,0
1770257263794297467,46,44,47,42,0,0,0,0
1770257263796253318,46,45,47,42,0,0,0,0
1770257263798282354,46,45,47,42,0,0,0,0
1770257263799741682,46,45,47,42,0,0,0,0
1770257263801629627,46,44,47,42,0,0,0,0
1770257263803676456,46,44,47,42,0,0,0,0
1770257263805660276,46,44,47,42,0,0,0,0
1770257263807705632,46,44,47,42,0,0,0,0
1770257263810265848,46,44,47,42,0,0,0,0
1770257263812421800,46,44,47,42,0,0,0,0
1770257263814396435,46,44,47,42,0,0,0,0
1770257263816428479,46,44,47,43,0,0,0,0
1770257263818210118,46,44,47,43,0,0,0,0
1770257263819688743,46,44,47,43,0,0,0,0
1770257263821843862,46,44,47,42,0,0,0,0
1770257263823522267,46,44,47,42,0,0,0,0
1770257263825737867,46,44,47,42,0,0,0,0
1770257263827710134,46,44,47,42,0,0,0,0
1770257263830406417,46,44,47,42,0,0,0,0
1770257263832391613,46,44,47,42,0,0,0,0
1770257263834282022,46,44,47,42,0,0,0,0
1770257263835765958,46,44,47,42,0,0,0,0
1770257263838171163,46,44,47,42,0,0,0,0
1770257263839694396,46,44,47,42,0,0,0,0
1770257263841477987,46,44,47,42,0,0,0,0
1770257263843745589,46,44,47,42,0,0,0,0
1770257263846207883,46,44,47,42,0,0,0,0
1770257263847970865,46,44,47,42,0,0,0,0
1770257263849746712,46,44,47,42,0,0,0,0
1770257263852452468,46,44,47,42,0,0,0,0
1770257263854213914,46,44,47,42,0,0,0,0
1770257263855816925,46,44,47,42,0,0,0,0
1770257263858196593,46,44,47,42,0,0,0,0
1770257263859797780,46,44,47,42,0,0,0,0
1770257263861769823,46,44,47,42,0,0,0,0
1770257263863727114,46,44,47,42,0,0,0,0
1770257263865461680,46,44,47,42,0,0,0,0
1770257263867493213,46,44,47,42,0,0,0,0
1770257263869685293,46,44,47,42,0,0,0,0
1770257263872452233,46,44,47,42,0,0,0,0
1770257263874117582,46,45,47,42,0,0,0,0
1770257263876561667,46,45,47,42,0,0,0,0
1770257263878303017,46,45,47,42,0,0,0,0
1770257263880200403,46,44,47,42,0,0,0,0
1770257263882327585,46,44,47,42,0,0,0,0
1770257263884217131,46,44,47,42,0,0,0,0
1770257263886320345,46,45,47,42,0,0,0,0
1770257263888299300,46,45,47,42,0,0,0,0
1770257263889651681,46,44,47,42,0,0,0,0
1770257263892240410,46,44,47,42,0,0,0,0
1770257263894104163,46,44,47,43,0,0,0,0
1770257263895688518,46,45,47,43,0,0,0,0
1770257263897763603,46,45,47,43,0,0,0,0
1770257263899716030,46,45,47,42,0,0,0,0
1770257263901470820,46,44,47,42,0,0,0,0
1770257263904244897,46,44,47,42,0,0,0,0
1770257263905645567,46,44,47,42,0,0,0,0
1770257263907670092,46,44,47,42,0,0,0,0
1770257263910113473,46,44,47,42,0,0,0,0
1770257263912435732,46,44,47,42,0,0,0,0
1770257263913592749,46,44,47,42,0,0,0,0
1770257263916326153,46,44,47,42,0,0,0,0
1770257263918250579,46,44,47,42,0,0,0,0
1770257263919741524,46,44,47,42,0,0,0,0
1770257263922153641,46,44,47,42,0,0,0,0
1770257263923682506,46,44,47,43,0,0,0,0
1770257263925760312,46,44,47,43,0,0,0,0
1770257263927897958,46,44,47,43,0,0,0,0
1770257263929696462,46,44,47,42,0,0,0,0
1770257263931719034,46,44,47,42,0,0,0,0
1770257263934352980,46,44,47,42,0,0,0,0
1770257263936335807,46,44,47,42,0,0,0,0
1770257263937626619,46,44,47,42,0,0,0,0
1770257263940150770,46,44,47,42,0,0,0,0
1770257263942359747,46,44,47,43,0,0,0,0
1770257263944360078,46,44,47,43,0,0,0,0
1770257263946254008,46,44,47,43,0,0,0,0
1770257263948424135,46,44,47,43,0,0,0,0
1770257263950405747,46,44,47,43,0,0,0,0
1770257263952184442,46,44,47,43,0,0,0,0
1770257263953686523,46,44,47,43,0,0,0,0
1770257263956168401,46,44,47,43,0,0,0,0
1770257263957706803,46,44,47,43,0,0,0,0
1770257263960268171,46,44,47,42,0,0,0,0
1770257263962465787,46,44,47,42,0,0,0,0
1770257263964305187,46,44,47,42,0,0,0,0
1770257263966250637,46,44,47,42,0,0,0,0
1770257263967499337,46,44,47,42,0,0,0,0
1770257263969648632,46,44,47,42,0,0,0,0
1770257263971668836,46,44,47,42,0,0,0,0
1770257263974428960,46,44,47,42,0,0,0,0
1770257263976461037,46,45,47,42,0,0,0,0
1770257263977693672,46,45,47,42,0,0,0,0
1770257263979711412,46,45,47,42,0,0,0,0
1770257263982482321,46,45,47,42,0,0,0,0
1770257263983703243,46,45,47,42,0,0,0,0
1770257263986042559,46,45,47,42,0,0,0,0
1770257263988149197,46,44,47,42,0,0,0,0
1770257263989657614,46,44,47,42,0,0,0,0
1770257263991525878,46,44,47,42,0,0,0,0
1770257263994352948,46,44,47,42,0,0,0,0
1770257263996470243,46,44,47,43,0,0,0,0
1770257263998141863,46,44,47,43,0,0,0,0
1770257264000261462,46,44,47,43,0,0,0,0
1770257264002174367,46,44,47,43,0,0,0,0
1770257264003701953,46,44,47,43,0,0,0,0
1770257264005664236,46,44,47,43,0,0,0,0
1770257264008360199,46,44,47,43,0,0,0,0
1770257264009635587,46,44,47,43,0,0,0,0
1770257264012424480,46,44,47,43,0,0,0,0
1770257264014446028,46,44,47,42,0,0,0,0
1770257264015656902,46,44,47,42,0,0,0,0
1770257264017625618,46,44,47,42,0,0,0,0
1770257264020256939,46,44,47,42,0,0,0,0
1770257264021845710,46,44,47,42,0,0,0,0
1770257264023591028,46,44,47,42,0,0,0,0
1770257264025740835,46,44,47,42,0,0,0,0
1770257264028439070,46,44,47,42,0,0,0,0
1770257264029712026,46,44,47,42,0,0,0,0
1770257264032594233,46,44,47,43,0,0,0,0
1770257264033671153,46,44,47,43,0,0,0,0
1770257264036375916,46,44,47,43,0,0,0,0
1770257264038071217,46,44,47,43,0,0,0,0
1770257264039778422,46,44,47,43,0,0,0,0
1770257264041815043,46,44,47,43,0,0,0,0
1770257264043701356,46,44,47,42,0,0,0,0
1770257264045774585,46,44,47,42,0,0,0,0
1770257264048487381,46,44,47,42,0,0,0,0
1770257264049792593,46,44,47,42,0,0,0,0
1770257264052481100,46,44,47,42,0,0,0,0
1770257264054405078,46,44,47,42,0,0,0,0
1770257264056198110,46,44,47,42,0,0,0,0
1770257264057725151,46,44,47,42,0,0,0,0
1770257264059823949,46,44,47,42,0,0,0,0
1770257264062187297,46,44,47,42,0,0,0,0
1770257264063522910,46,44,47,42,0,0,0,0
1770257264066184408,46,44,47,42,0,0,0,0
1770257264067714938,46,44,47,42,0,0,0,0
1770257264069667876,46,44,47,42,0,0,0,0
1770257264072446817,46,44,47,42,0,0,0,0
1770257264073800127,46,44,47,42,0,0,0,0
1770257264076332342,46,44,47,42,0,0,0,0
1770257264078406467,46,44,47,42,0,0,0,0
1770257264080244268,46,44,47,42,0,0,0,0
1770257264082445180,46,44,47,42,0,0,0,0
1770257264084456968,46,44,47,42,0,0,0,0
1770257264086341937,46,44,47,43,0,0,0,0
1770257264087781329,46,44,47,43,0,0,0,0
1770257264090200838,46,44,47,43,0,0,0,0
1770257264091545827,46,44,47,43,0,0,0,0
1770257264093752147,46,44,47,43,0,0,0,0
1770257264095740703,46,44,47,43,0,0,0,0
1770257264097607016,46,44,47,42,0,0,0,0
1770257264099681525,46,44,47,42,0,0,0,0
1770257264101510685,46,44,47,42,0,0,0,0
1770257264103538569,46,44,47,42,0,0,0,0
1770257264105482772,46,44,47,42,0,0,0,0
1770257264107640867,46,44,47,42,0,0,0,0
1770257264109487052,46,44,47,42,0,0,0,0
1770257264111699356,46,44,47,42,0,0,0,0
1770257264113628198,46,44,47,42,0,0,0,0
1770257264116136285,46,44,47,42,0,0,0,0
1770257264117595101,46,44,47,42,0,0,0,0
1770257264120601343,46,44,47,42,0,0,0,0
1770257264122626507,46,44,47,42,0,0,0,0
1770257264123864390,46,44,47,42,0,0,0,0
1770257264126513088,46,44,47,42,0,0,0,0
1770257264127814717,46,44,47,42,0,0,0,0
1770257264129588547,46,44,47,42,0,0,0,0
1770257264131588239,46,44,47,42,0,0,0,0
1770257264134167176,46,44,47,43,0,0,0,0
1770257264135675305,46,44,47,43,0,0,0,0
1770257264138516295,46,44,47,43,0,0,0,0
1770257264140346543,46,44,47,42,0,0,0,0
1770257264141742253,46,44,47,42,0,0,0,0
1770257264144463721,46,44,47,42,0,0,0,0
1770257264146526518,46,44,47,43,0,0,0,0
1770257264147719344,46,44,47,43,0,0,0,0
1770257264149662331,46,44,47,43,0,0,0,0
1770257264151813706,46,44,47,42,0,0,0,0
1770257264153848150,46,45,47,42,0,0,0,0
1770257264155751872,46,45,47,42,0,0,0,0
1770257264157885870,46,45,47,43,0,0,0,0
1770257264159549971,46,45,47,43,0,0,0,0
1770257264162440882,46,45,47,43,0,0,0,0
1770257264164527200,46,45,47,43,0,0,0,0
1770257264165769915,46,44,47,43,0,0,0,0
1770257264168316787,46,44,47,43,0,0,0,0
1770257264170193372,46,44,47,42,0,0,0,0
1770257264172152615,46,44,47,42,0,0,0,0
1770257264173671080,46,44,47,42,0,0,0,0
1770257264175715509,46,44,47,42,0,0,0,0
1770257264177696032,46,44,47,43,0,0,0,0
1770257264179755821,46,45,47,43,0,0,0,0
1770257264182644172,46,45,47,43,0,0,0,0
1770257264184996384,46,45,47,42,0,0,0,0
1770257264186797991,46,44,47,42,0,0,0,0
1770257264188381930,46,44,47,43,0,0,0,0
1770257264190388854,46,44,47,43,0,0,0,0
1770257264192283455,46,44,47,43,0,0,0,0
1770257264193655293,46,44,47,42,0,0,0,0
1770257264196322936,46,44,47,42,0,0,0,0
1770257264197709398,46,44,47,42,0,0,0,0
1770257264199701889,46,44,47,42,0,0,0,0
1770257264201561994,46,44,47,42,0,0,0,0
1770257264204265221,46,44,47,42,0,0,0,0
1770257264206501910,46,44,47,43,0,0,0,0
1770257264208312094,46,44,47,43,0,0,0,0
1770257264210235240,46,44,47,43,0,0,0,0
1770257264211745129,46,44,47,43,0,0,0,0
1770257264213669267,46,44,47,43,0,0,0,0
1770257264216224747,46,44,47,43,0,0,0,0
1770257264217610217,46,44,47,43,0,0,0,0
1770257264219725656,46,44,47,43,0,0,0,0
1770257264221991753,46,44,47,43,0,0,0,0
1770257264223523019,46,44,47,42,0,0,0,0
1770257264225427220,46,44,47,42,0,0,0,0
1770257264227876234,46,44,47,42,0,0,0,0
1770257264229501997,46,44,47,42,0,0,0,0
1770257264231878337,46,44,47,42,0,0,0,0
1770257264233708074,46,44,47,42,0,0,0,0
1770257264236545864,46,44,47,42,0,0,0,0
1770257264238403120,46,44,47,42,0,0,0,0
1770257264240331002,46,44,47,42,0,0,0,0
1770257264242303110,46,44,47,42,0,0,0,0
1770257264243701572,46,44,47,42,0,0,0,0
1770257264245493259,46,44,47,42,0,0,0,0
1770257264247652155,46,44,47,42,0,0,0,0
1770257264249728296,46,44,47,42,0,0,0,0
1770257264251531151,46,44,47,42,0,0,0,0
1770257264254363501,46,44,47,42,0,0,0,0
1770257264255835566,46,44,47,42,0,0,0,0
1770257264258267107,46,44,47,42,0,0,0,0
1770257264259706978,46,44,47,42,0,0,0,0
1770257264261751151,46,44,47,42,0,0,0,0
1770257264263691322,46,44,47,42,0,0,0,0
1770257264265673157,46,44,47,42,0,0,0,0
1770257264267685521,46,44,47,42,0,0,0,0
1770257264270179208,46,44,47,42,0,0,0,0
1770257264271801899,46,44,47,43,0,0,0,0
1770257264274372899,46,44,47,43,0,0,0,0
1770257264276624853,46,44,47,43,0,0,0,0
1770257264277848463,46,44,47,42,0,0,0,0
1770257264280488489,46,44,47,42,0,0,0,0
1770257264282304721,46,44,47,42,0,0,0,0
1770257264283858291,46,44,47,42,0,0,0,0
1770257264285673083,46,44,47,42,0,0,0,0
1770257264287785833,46,44,47,42,0,0,0,0
1770257264289694899,46,44,47,42,0,0,0,0
1770257264291501402,46,44,47,42,0,0,0,0
1770257264294642623,46,44,47,42,0,0,0,0
1770257264295698614,46,44,47,42,0,0,0,0
1770257264297799844,46,44,47,42,0,0,0,0
1770257264300200248,46,44,47,42,0,0,0,0
1770257264302260261,46,44,47,42,0,0,0,0
1770257264303592291,46,44,47,42,0,0,0,0
1770257264305695409,46,44,48,42,0,0,0,0
1770257264307700188,46,44,48,42,0,0,0,0
1770257264310305173,46,44,48,42,0,0,0,0
1770257264311785910,46,44,47,42,0,0,0,0
1770257264314343822,46,44,47,43,0,0,0,0
1770257264316455612,46,44,47,43,0,0,0,0
1770257264317730488,46,44,47,43,0,0,0,0
1770257264319735396,46,44,47,42,0,0,0,0
1770257264322461503,46,44,47,42,0,0,0,0
1770257264323581752,46,44,47,42,0,0,0,0
1770257264325701990,46,44,47,42,0,0,0,0
1770257264327966936,46,44,47,42,0,0,0,0
1770257264329653053,46,44,47,42,0,0,0,0
1770257264331604936,46,44,47,42,0,0,0,0
1770257264334363044,46,44,47,42,0,0,0,0
1770257264336183788,46,44,47,42,0,0,0,0
1770257264338312346,46,44,47,42,0,0,0,0
1770257264340355751,46,44,47,42,0,0,0,0
1770257264342436885,46,44,47,42,0,0,0,0
1770257264343601838,46,44,47,42,0,0,0,0
1770257264345754749,46,45,47,42,0,0,0,0
1770257264347774889,46,45,47,42,0,0,0,0
1770257264350239583,46,45,47,42,0,0,0,0
1770257264351639486,46,44,47,42,0,0,0,0
1770257264353614825,46,44,47,42,0,0,0,0
1770257264356347973,46,44,47,43,0,0,0,0
1770257264357629121,46,44,47,43,0,0,0,0
1770257264359871250,46,44,47,43,0,0,0,0
1770257264361520758,46,44,47,43,0,0,0,0
1770257264363745191,46,44,47,43,0,0,0,0
1770257264365866997,46,44,47,43,0,0,0,0
1770257264368336075,46,44,47,43,0,0,0,0
1770257264370537467,46,44,47,43,0,0,0,0
1770257264372357411,46,44,47,43,0,0,0,0
1770257264374396816,46,44,47,42,0,0,0,0
1770257264376464093,46,44,47,42,0,0,0,0
1770257264377556949,46,44,47,42,0,0,0,0
1770257264379702180,46,44,47,42,0,0,0,0
1770257264381756849,46,44,47,42,0,0,0,0
1770257264383698523,46,44,47,42,0,0,0,0
1770257264385533731,46,44,47,43,0,0,0,0
1770257264388363521,46,44,47,43,0,0,0,0
1770257264390497904,46,44,47,43,0,0,0,0
1770257264392439259,46,44,47,42,0,0,0,0
1770257264394461831,46,44,47,42,0,0,0,0
1770257264396272526,46,44,47,42,0,0,0,0
1770257264397655309,46,44,47,42,0,0,0,0
1770257264399716730,46,44,47,42,0,0,0,0
1770257264401682949,46,44,47,42,0,0,0,0
1770257264403553198,46,44,47,43,0,0,0,0
1770257264405710749,46,44,47,43,0,0,0,0
1770257264408369399,46,44,47,43,0,0,0,0
1770257264410114461,46,44,47,42,0,0,0,0
1770257264412591252,46,44,47,42,0,0,0,0
1770257264414182422,46,44,47,42,0,0,0,0
1770257264416398599,46,44,47,42,0,0,0,0
1770257264417711140,46,45,47,42,0,0,0,0
1770257264419952277,46,45,47,42,0,0,0,0
1770257264421670522,46,45,47,42,0,0,0,0
1770257264423719943,46,45,47,42,0,0,0,0
1770257264425707955,46,45,47,42,0,0,0,0
1770257264427712222,46,45,47,42,0,0,0,0
1770257264430404665,46,44,47,42,0,0,0,0
1770257264432579401,46,44,47,42,0,0,0,0
1770257264434304271,46,44,47,42,0,0,0,0
1770257264435735694,46,45,47,42,0,0,0,0
1770257264438047105,46,45,47,42,0,0,0,0
1770257264440173455,46,45,47,42,0,0,0,0
1770257264441526701,46,44,47,42,0,0,0,0
1770257264443756253,46,44,47,42,0,0,0,0
1770257264445681416,46,44,47,42,0,0,0,0
1770257264448472805,46,44,47,42,0,0,0,0
1770257264450412271,46,44,47,42,0,0,0,0
1770257264451719532,46,44,47,42,0,0,0,0
1770257264453677655,46,44,47,42,0,0,0,0
1770257264456203022,46,44,47,42,0,0,0,0
1770257264458082231,46,44,47,42,0,0,0,0
1770257264460370409,46,44,47,42,0,0,0,0
1770257264461737575,46,44,47,42,0,0,0,0
1770257264463715634,46,44,47,42,0,0,0,0
1770257264466380428,46,45,47,42,0,0,0,0
1770257264467704969,46,45,47,42,0,0,0,0
1770257264469722486,46,45,47,42,0,0,0,0
1770257264472156363,46,44,47,42,0,0,0,0
1770257264473692908,46,44,47,42,0,0,0,0
1770257264475708057,46,44,47,42,0,0,0,0
1770257264478419156,46,44,47,42,0,0,0,0
1770257264480399967,46,44,47,43,0,0,0,0
1770257264482234663,46,44,47,43,0,0,0,0
1770257264483757641,46,44,47,43,0,0,0,0
1770257264485744340,46,44,47,43,0,0,0,0
1770257264488554738,46,44,47,42,0,0,0,0
1770257264490245879,46,44,47,42,0,0,0,0
1770257264492114880,46,44,47,43,0,0,0,0
1770257264494358193,46,44,47,43,0,0,0,0
1770257264496195641,46,44,47,43,0,0,0,0
1770257264498544172,46,44,47,43,0,0,0,0
1770257264500425397,46,44,47,43,0,0,0,0
1770257264502200252,46,44,47,43,0,0,0,0
1770257264503787679,46,44,47,43,0,0,0,0
1770257264506438297,46,44,47,42,0,0,0,0
1770257264508532295,46,44,47,42,0,0,0,0
1770257264510276237,46,44,47,42,0,0,0,0
1770257264512270873,46,44,47,43,0,0,0,0
1770257264514172450,46,45,47,43,0,0,0,0
1770257264516364914,46,45,47,43,0,0,0,0
1770257264517673135,46,45,47,42,0,0,0,0
1770257264519691259,46,45,47,42,0,0,0,0
1770257264522141553,46,45,47,42,0,0,0,0
1770257264523667410,46,45,47,42,0,0,0,0
1770257264525687838,46,45,47,42,0,0,0,0
1770257264527690474,46,44,47,42,0,0,0,0
1770257264530328452,46,44,47,42,0,0,0,0
1770257264532274382,46,45,47,42,0,0,0,0
1770257264534345948,46,45,47,42,0,0,0,0
1770257264536313031,46,45,47,43,0,0,0,0
1770257264538427477,46,44,47,43,0,0,0,0
1770257264539699249,46,44,47,43,0,0,0,0
1770257264541708989,46,44,47,43,0,0,0,0
1770257264543829099,46,44,47,43,0,0,0,0
1770257264546146718,46,44,47,43,0,0,0,0
1770257264547508828,46,44,47,43,0,0,0,0
1770257264550403259,46,44,48,43,0,0,0,0
1770257264552536458,46,44,48,43,0,0,0,0
1770257264554446451,46,44,48,43,0,0,0,0
1770257264556186649,46,44,48,43,0,0,0,0
1770257264558156773,46,44,48,43,0,0,0,0
1770257264560191921,46,44,48,43,0,0,0,0
1770257264562550661,46,44,48,43,0,0,0,0
1770257264564268170,46,44,47,43,0,0,0,0
1770257264565746539,46,44,47,42,0,0,0,0
1770257264568530120,46,44,47,42,0,0,0,0
1770257264569675457,46,44,47,42,0,0,0,0
1770257264571737262,46,44,47,42,0,0,0,0
1770257264574050240,46,45,47,42,0,0,0,0
1770257264575687460,46,45,47,42,0,0,0,0
1770257264577778706,46,45,47,42,0,0,0,0
1770257264580475533,46,44,47,42,0,0,0,0
1770257264582541434,46,44,47,42,0,0,0,0
1770257264583714228,46,44,47,42,0,0,0,0
1770257264585732896,46,44,47,42,0,0,0,0
1770257264588376346,46,44,47,42,0,0,0,0
1770257264589808377,46,44,47,43,0,0,0,0
1770257264591790628,46,45,47,43,0,0,0,0
1770257264593601612,46,45,47,43,0,0,0,0
1770257264595641081,46,45,47,42,0,0,0,0
1770257264597633668,46,44,47,42,0,0,0,0
1770257264600221085,46,44,47,42,0,0,0,0
1770257264601486457,46,44,47,43,0,0,0,0
1770257264603753130,46,45,47,43,0,0,0,0
1770257264605667924,46,45,47,43,0,0,0,0
1770257264607481180,46,45,47,43,0,0,0,0
1770257264609764430,46,44,47,43,0,0,0,0
1770257264612248836,46,44,47,43,0,0,0,0
1770257264613675075,46,44,47,43,0,0,0,0
1770257264616213275,46,44,47,43,0,0,0,0
1770257264618203718,46,44,47,43,0,0,0,0
1770257264620323061,46,44,47,42,0,0,0,0
1770257264621716019,46,45,47,42,0,0,0,0
1770257264624312748,46,45,47,42,0,0,0,0
1770257264626423994,46,45,47,42,0,0,0,0
1770257264628312516,46,44,47,42,0,0,0,0
1770257264629687650,46,44,47,42,0,0,0,0
1770257264631709422,46,44,47,43,0,0,0,0
1770257264633674745,46,44,47,43,0,0,0,0
1770257264635705445,46,44,47,43,0,0,0,0
1770257264637746770,46,44,47,42,0,0,0,0
1770257264639708157,46,44,47,42,0,0,0,0
1770257264642438553,46,44,47,42,0,0,0,0
1770257264644086173,46,44,47,42,0,0,0,0
1770257264646506834,46,44,47,42,0,0,0,0
1770257264648186390,46,44,47,42,0,0,0,0
1770257264649856507,46,44,47,42,0,0,0,0
1770257264651825478,46,44,47,42,0,0,0,0
1770257264654242811,46,44,47,42,0,0,0,0
1770257264655697179,46,44,47,42,0,0,0,0
1770257264657736391,46,44,47,42,0,0,0,0
1770257264659788916,46,44,47,43,0,0,0,0
1770257264662426286,46,44,47,43,0,0,0,0
1770257264664277430,46,44,47,43,0,0,0,0
1770257264666169280,46,44,48,43,0,0,0,0
1770257264667397307,46,44,48,43,0,0,0,0
1770257264669693965,46,44,48,43,0,0,0,0
1770257264671584662,46,44,48,43,0,0,0,0
1770257264674464309,46,44,48,42,0,0,0,0
1770257264676619749,46,44,48,42,0,0,0,0
1770257264677708028,46,44,48,42,0,0,0,0
1770257264679747241,46,44,48,42,0,0,0,0
1770257264682543782,46,44,48,42,0,0,0,0
1770257264683699807,46,44,47,42,0,0,0,0
1770257264685512135,46,44,47,42,0,0,0,0
1770257264688163905,46,44,47,42,0,0,0,0
1770257264689808069,46,44,47,42,0,0,0,0
1770257264692180217,46,44,47,42,0,0,0,0
1770257264694629807,46,45,47,42,0,0,0,0
1770257264695761287,46,45,47,42,0,0,0,0
1770257264697841621,46,45,47,42,0,0,0,0
1770257264699728990,46,45,47,42,0,0,0,0
1770257264701711242,46,45,47,42,0,0,0,0
1770257264703506065,46,45,47,42,0,0,0,0
1770257264705836932,46,45,47,42,0,0,0,0
1770257264707729165,46,45,47,42,0,0,0,0
1770257264709690584,46,45,47,42,0,0,0,0
1770257264711728485,46,44,47,42,0,0,0,0
1770257264714307133,46,44,47,42,0,0,0,0
1770257264716500877,46,44,47,42,0,0,0,0
1770257264718318709,46,45,47,42,0,0,0,0
1770257264720165053,46,45,47,42,0,0,0,0
1770257264722369774,46,45,47,43,0,0,0,0
1770257264724350009,46,44,47,43,0,0,0,0
1770257264726112223,46,44,47,43,0,0,0,0
1770257264727972712,46,44,47,43,0,0,0,0
1770257264730450718,46,44,47,43,0,0,0,0
1770257264732331400,46,44,47,43,0,0,0,0
1770257264733707622,46,44,47,43,0,0,0,0
1770257264735817204,46,44,47,43,0,0,0,0
1770257264737681949,46,44,47,43,0,0,0,0
1770257264739714281,46,44,47,42,0,0,0,0
1770257264741686612,46,44,47,42,0,0,0,0
1770257264743702048,46,44,47,42,0,0,0,0
1770257264745688908,46,44,47,42,0,0,0,0
1770257264747705080,46,44,47,42,0,0,0,0
1770257264749678819,46,44,47,42,0,0,0,0
1770257264751648718,46,44,47,42,0,0,0,0
1770257264753934368,46,44,47,42,0,0,0,0
1770257264755739080,46,44,47,42,0,0,0,0
1770257264757683282,46,44,47,42,0,0,0,0
1770257264760174025,46,45,47,42,0,0,0,0
1770257264761663625,46,45,47,42,0,0,0,0
1770257264764102367,46,45,47,42,0,0,0,0
1770257264766284430,46,44,47,42,0,0,0,0
1770257264768295898,46,44,47,42,0,0,0,0
1770257264769672825,46,44,47,42,0,0,0,0
1770257264772205936,46,44,47,42,0,0,0,0
1770257264773674736,46,44,47,42,0,0,0,0
1770257264775526777,46,44,47,42,0,0,0,0
1770257264777812171,46,44,47,42,0,0,0,0
1770257264779741429,46,44,47,42,0,0,0,0
1770257264781445178,46,44,47,42,0,0,0,0
1770257264783866191,46,44,47,42,0,0,0,0
1770257264786554890,46,44,47,42,0,0,0,0
1770257264788189774,46,44,47,42,0,0,0,0
1770257264790415902,46,45,47,42,0,0,0,0
1770257264791749820,46,45,47,42,0,0,0,0
1770257264794459415,46,45,47,42,0,0,0,0
1770257264796545701,46,44,47,42,0,0,0,0
1770257264798476335,46,44,47,42,0,0,0,0
1770257264800129523,46,44,47,42,0,0,0,0
1770257264801491153,46,45,47,42,0,0,0,0
1770257264803722594,46,45,47,42,0,0,0,0
1770257264805460648,46,45,47,42,0,0,0,0
1770257264807744378,46,44,47,42,0,0,0,0
1770257264809524481,46,44,47,43,0,0,0,0
1770257264812465217,46,44,47,43,0,0,0,0
1770257264814179622,46,45,47,43,0,0,0,0
1770257264816296917,46,45,47,43,0,0,0,0
1770257264818412227,46,45,47,43,0,0,0,0
1770257264820563186,46,44,47,43,0,0,0,0
1770257264822160469,46,44,47,43,0,0,0,0
1770257264823734135,46,44,47,42,0,0,0,0
1770257264825676098,46,44,47,42,0,0,0,0
1770257264828298523,46,44,47,42,0,0,0,0
1770257264830212805,46,44,47,42,0,0,0,0
1770257264832243986,46,44,47,42,0,0,0,0
1770257264833705330,46,44,47,43,0,0,0,0
1770257264836458350,46,44,47,43,0,0,0,0
1770257264838270070,46,44,47,43,0,0,0,0
1770257264840343587,46,44,48,43,0,0,0,0
1770257264841749218,46,44,48,43,0,0,0,0
1770257264844191703,46,44,48,43,0,0,0,0
1770257264846249412,46,44,47,43,0,0,0,0
1770257264848172590,46,44,47,42,0,0,0,0
1770257264849696272,46,44,47,42,0,0,0,0
1770257264852354666,46,44,47,42,0,0,0,0
1770257264854174930,46,44,47,43,0,0,0,0
1770257264856466148,46,44,47,43,0,0,0,0
1770257264858366381,46,44,47,43,0,0,0,0
1770257264860421210,46,44,47,42,0,0,0,0
1770257264861634741,46,44,47,42,0,0,0,0
1770257264863710210,46,44,47,42,0,0,0,0
1770257264865761583,46,44,47,42,0,0,0,0
1770257264867721146,46,45,47,42,0,0,0,0
1770257264869686053,46,45,47,42,0,0,0,0
1770257264871704561,46,45,47,42,0,0,0,0
1770257264873675644,46,45,47,42,0,0,0,0
1770257264876282357,46,45,47,42,0,0,0,0
1770257264877694164,46,45,47,42,0,0,0,0
1770257264879709632,46,45,47,42,0,0,0,0
1770257264881687211,46,45,47,42,0,0,0,0
1770257264883703896,46,45,47,42,0,0,0,0
1770257264885681379,46,45,47,42,0,0,0,0
1770257264888101784,46,45,47,42,0,0,0,0
1770257264889671802,46,45,47,43,0,0,0,0
1770257264891708839,46,44,47,43,0,0,0,0
1770257264893687986,46,44,47,43,0,0,0,0
1770257264895775584,46,44,47,42,0,0,0,0
1770257264898332120,46,44,47,42,0,0,0,0
1770257264899808888,46,44,47,42,0,0,0,0
1770257264902350544,46,44,47,42,0,0,0,0
1770257264904230969,46,44,47,42,0,0,0,0
1770257264905683481,46,44,47,42,0,0,0,0
1770257264907736773,46,44,47,42,0,0,0,0
1770257264910378623,46,44,47,42,0,0,0,0
1770257264912443596,46,44,47,42,0,0,0,0
1770257264913586149,46,44,47,42,0,0,0,0
1770257264915714292,46,44,47,42,0,0,0,0
1770257264917845827,46,44,47,42,0,0,0,0
1770257264919763053,46,44,47,42,0,0,0,0
1770257264921682391,46,44,47,42,0,0,0,0
1770257264923706051,46,44,47,42,0,0,0,0
1770257264926588066,46,44,47,42,0,0,0,0
1770257264927718523,46,44,47,42,0,0,0,0
1770257264929477537,46,44,47,42,0,0,0,0
1770257264931708018,46,44,47,42,0,0,0,0
1770257264933824768,46,44,47,42,0,0,0,0
1770257264935730602,46,44,47,42,0,0,0,0
1770257264937838040,46,44,47,42,0,0,0,0
1770257264939730529,46,44,47,42,0,0,0,0
1770257264941620651,46,44,47,42,0,0,0,0
1770257264943716281,46,44,47,42,0,0,0,0
1770257264945694020,46,44,48,42,0,0,0,0
1770257264947750257,46,44,48,42,0,0,0,0
1770257264950482797,46,44,48,42,0,0,0,0
1770257264951683911,46,44,47,42,0,0,0,0
1770257264954494021,46,44,47,42,0,0,0,0
1770257264956569554,46,44,47,42,0,0,0,0
1770257264957759212,46,45,47,42,0,0,0,0
1770257264959725783,46,45,47,42,0,0,0,0
1770257264961696162,46,45,47,42,0,0,0,0
1770257264963674797,46,44,47,42,0,0,0,0
1770257264966156964,46,44,47,42,0,0,0,0
1770257264967640452,46,44,47,42,0,0,0,0
1770257264970436257,46,44,47,42,0,0,0,0
1770257264972337963,46,45,47,42,0,0,0,0
1770257264973707369,46,45,47,42,0,0,0,0
1770257264976569704,46,44,47,42,0,0,0,0
1770257264978393103,46,44,47,42,0,0,0,0
1770257264979657419,46,44,47,42,0,0,0,0
1770257264981600470,46,45,47,42,0,0,0,0
1770257264983730884,46,45,47,42,0,0,0,0
1770257264985888051,46,45,47,42,0,0,0,0
1770257264987669530,46,44,47,42,0,0,0,0
1770257264990173041,46,44,47,42,0,0,0,0
1770257264991553135,46,44,47,43,0,0,0,0
1770257264993675230,46,45,47,43,0,0,0,0
1770257264996252278,46,45,47,43,0,0,0,0
1770257264997518514,46,45,47,43,0,0,0,0
1770257264999823204,46,44,47,43,0,0,0,0
1770257265001717006,46,44,47,43,0,0,0,0
1770257265003718586,46,44,47,43,0,0,0,0
1770257265006605433,46,44,47,43,0,0,0,0
1770257265008180379,46,44,47,42,0,0,0,0
1770257265010178503,46,44,47,42,0,0,0,0
1770257265012448729,46,44,47,42,0,0,0,0
1770257265014255872,46,44,47,42,0,0,0,0
1770257265016528530,46,44,47,43,0,0,0,0
1770257265017759533,46,44,47,43,0,0,0,0
1770257265020375878,46,44,47,43,0,0,0,0
1770257265021668706,46,44,47,43,0,0,0,0
1770257265023715151,46,44,47,43,0,0,0,0
1770257265025703995,46,44,47,43,0,0,0,0
1770257265027735559,46,44,47,42,0,0,0,0
1770257265029681202,46,44,47,42,0,0,0,0
1770257265032410285,46,44,47,42,0,0,0,0
1770257265034509531,46,44,47,43,0,0,0,0
1770257265036484870,46,45,47,43,0,0,0,0
1770257265038416817,46,45,47,43,0,0,0,0
1770257265040404060,46,45,47,42,0,0,0,0
1770257265041761434,46,44,48,42,0,0,0,0
1770257265043810791,46,44,48,42,0,0,0,0
1770257265046156090,46,44,48,42,0,0,0,0
1770257265047686140,46,45,47,42,0,0,0,0
1770257265049783561,46,45,47,42,0,0,0,0
1770257265051703924,46,45,47,42,0,0,0,0
1770257265053587997,46,45,47,42,0,0,0,0
1770257265056278808,46,45,47,42,0,0,0,0
1770257265057795769,46,45,47,43,0,0,0,0
1770257265060162125,46,45,47,43,0,0,0,0
1770257265062368381,46,45,47,43,0,0,0,0
1770257265063720794,46,45,47,42,0,0,0,0
1770257265065762151,46,45,47,42,0,0,0,0
1770257265067561358,46,45,47,42,0,0,0,0
1770257265069491961,46,45,47,42,0,0,0,0
1770257265071553350,46,45,47,42,0,0,0,0
1770257265073433807,46,45,47,42,0,0,0,0
1770257265076117770,46,45,47,42,0,0,0,0
1770257265077558121,46,45,47,42,0,0,0,0
1770257265079530740,46,45,47,43,0,0,0,0
1770257265081678435,46,45,47,43,0,0,0,0
1770257265083676111,46,44,47,43,0,0,0,0
1770257265085399093,46,44,47,43,0,0,0,0
1770257265088474776,46,44,47,43,0,0,0,0
1770257265090356129,46,44,47,43,0,0,0,0
1770257265093169983,46,44,47,43,0,0,0,0
1770257265094575454,46,44,47,43,0,0,0,0
1770257265096392549,46,44,47,43,0,0,0,0
1770257265097724258,46,44,47,43,0,0,0,0
1770257265099662733,46,44,47,43,0,0,0,0
1770257265102158755,46,44,47,43,0,0,0,0
1770257265104124526,46,44,47,43,0,0,0,0
1770257265105706641,46,44,47,42,0,0,0,0
1770257265108414444,46,44,47,42,0,0,0,0
1770257265110144722,46,44,47,43,0,0,0,0
1770257265112312962,46,44,47,43,0,0,0,0
1770257265113632703,46,44,47,43,0,0,0,0
1770257265115695500,46,44,47,42,0,0,0,0
1770257265117654871,46,44,47,42,0,0,0,0
1770257265120117420,46,44,47,42,0,0,0,0
1770257265121536843,46,44,47,42,0,0,0,0
1770257265123561688,46,44,47,42,0,0,0,0
1770257265125728615,46,44,47,42,0,0,0,0
1770257265127739251,46,44,47,42,0,0,0,0
1770257265130482575,46,44,47,42,0,0,0,0
1770257265132679423,46,45,47,42,0,0,0,0
1770257265133720022,46,45,47,43,0,0,0,0
1770257265136603349,46,45,47,43,0,0,0,0
1770257265137785871,46,45,47,43,0,0,0,0
1770257265139681336,46,45,47,42,0,0,0,0
1770257265141849544,46,45,47,42,0,0,0,0
1770257265144213532,46,44,47,42,0,0,0,0
1770257265145884896,46,44,47,42,0,0,0,0
1770257265148694302,46,44,47,42,0,0,0,0
1770257265150175966,46,44,47,42,0,0,0,0
1770257265152247211,46,44,47,42,0,0,0,0
1770257265153793005,46,44,47,43,0,0,0,0
1770257265156118016,46,45,47,43,0,0,0,0
1770257265157828550,46,45,47,43,0,0,0,0
1770257265159755568,46,45,47,42,0,0,0,0
1770257265161718395,46,45,47,42,0,0,0,0
1770257265163937483,46,45,47,42,0,0,0,0
1770257265165595151,46,45,47,42,0,0,0,0
1770257265167833568,46,44,47,42,0,0,0,0
1770257265169897934,46,44,47,42,0,0,0,0
1770257265171804375,46,44,47,42,0,0,0,0
1770257265174493874,46,44,47,42,0,0,0,0
1770257265175760878,46,44,47,42,0,0,0,0
1770257265177865820,46,44,47,42,0,0,0,0
1770257265180474549,46,44,47,42,0,0,0,0
1770257265182297533,46,44,47,42,0,0,0,0
1770257265184428364,46,44,47,42,0,0,0,0
1770257265186301589,46,44,47,42,0,0,0,0
1770257265187774805,46,44,47,42,0,0,0,0
1770257265189600669,46,44,47,42,0,0,0,0
1770257265191812141,46,45,47,42,0,0,0,0
1770257265193764760,46,45,47,42,0,0,0,0
1770257265196256910,46,45,47,42,0,0,0,0
1770257265197930995,46,44,47,42,0,0,0,0
1770257265200470731,46,44,47,42,0,0,0,0
1770257265201774183,46,44,47,43,0,0,0,0
1770257265204560868,46,44,48,43,0,0,0,0
1770257265206287242,46,44,48,42,0,0,0,0
1770257265208035728,46,44,48,42,0,0,0,0
1770257265210049724,46,44,48,42,0,0,0,0
1770257265211711041,46,44,47,42,0,0,0,0
1770257265213894128,46,44,47,42,0,0,0,0
1770257265216336326,46,45,47,42,0,0,0,0
1770257265217867847,46,45,47,42,0,0,0,0
1770257265220336637,46,45,47,42,0,0,0,0
1770257265222495564,46,44,47,42,0,0,0,0
1770257265224158161,46,44,47,42,0,0,0,0
1770257265225470958,46,44,47,42,0,0,0,0
1770257265227595356,46,45,47,42,0,0,0,0
1770257265231136490,46,45,47,42,0,0,0,0
1770257265232993074,46,45,47,42,0,0,0,0
1770257265234703160,46,44,47,42,0,0,0,0
1770257265235812304,46,44,47,42,0,0,0,0
1770257265238208036,46,44,47,42,0,0,0,0
1770257265239679044,46,45,47,42,0,0,0,0
1770257265242355071,46,45,47,42,0,0,0,0
1770257265244524494,46,45,47,43,0,0,0,0
1770257265245736489,46,45,47,43,0,0,0,0
1770257265247859447,46,45,47,43,0,0,0,0
1770257265249761377,46,45,47,43,0,0,0,0
1770257265251796142,46,44,47,43,0,0,0,0
1770257265253724088,46,44,47,43,0,0,0,0
1770257265256211598,46,44,47,43,0,0,0,0
1770257265257752144,46,45,47,43,0,0,0,0
1770257265259723131,46,45,47,43,0,0,0,0
1770257265262494808,46,45,47,43,0,0,0,0
1770257265264372193,46,44,47,43,0,0,0,0
1770257265265687070,46,44,47,43,0,0,0,0
1770257265268294967,46,44,47,43,0,0,0,0
1770257265269745942,46,44,47,43,0,0,0,0
1770257265272187788,46,44,47,43,0,0,0,0
1770257265273690701,46,44,47,42,0,0,0,0
1770257265276365319,46,44,47,42,0,0,0,0
1770257265277526017,46,44,47,42,0,0,0,0
1770257265279971670,46,44,47,43,0,0,0,0
1770257265282559151,46,44,47,43,0,0,0,0
1770257265284400919,46,44,47,43,0,0,0,0
1770257265286198174,46,44,47,43,0,0,0,0
1770257265288625203,46,44,48,43,0,0,0,0
1770257265289693867,46,44,48,43,0,0,0,0
1770257265292217666,46,44,48,43,0,0,0,0
1770257265293796741,46,44,47,43,0,0,0,0
1770257265296266171,46,44,47,42,0,0,0,0
1770257265298211045,46,44,47,42,0,0,0,0
1770257265299886250,46,44,48,42,0,0,0,0
1770257265301508941,46,44,48,43,0,0,0,0
1770257265303719806,46,44,48,43,0,0,0,0
1770257265305689705,46,44,47,43,0,0,0,0
1770257265307492400,46,44,47,42,0,0,0,0
1770257265310673878,46,44,47,42,0,0,0,0
1770257265312943399,46,45,47,42,0,0,0,0
1770257265314818033,46,45,47,42,0,0,0,0
1770257265316883806,46,45,47,42,0,0,0,0
1770257265318997004,46,44,47,42,0,0,0,0
1770257265320159301,46,44,47,42,0,0,0,0
1770257265321701479,46,44,47,42,0,0,0,0
1770257265323545007,46,44,47,42,0,0,0,0
1770257265325520667,46,44,47,42,0,0,0,0
1770257265327539719,46,44,47,42,0,0,0,0
1770257265329485649,46,44,47,42,0,0,0,0
1770257265331531550,46,44,47,42,0,0,0,0
1770257265333714926,46,44,47,42,0,0,0,0
1770257265335741114,46,45,47,42,0,0,0,0
1770257265337500129,46,45,47,42,0,0,0,0
1770257265340387936,46,45,47,42,0,0,0,0
1770257265342356683,46,44,47,42,0,0,0,0
1770257265344397432,46,44,47,42,0,0,0,0
1770257265346389347,46,44,47,42,0,0,0,0
1770257265348313453,46,44,47,42,0,0,0,0
1770257265349701644,46,44,47,43,0,0,0,0
1770257265351714488,46,44,47,43,0,0,0,0
1770257265353765029,46,44,47,43,0,0,0,0
1770257265355789809,46,44,47,42,0,0,0,0
1770257265357835934,46,44,47,42,0,0,0,0
1770257265359735527,46,44,47,42,0,0,0,0
1770257265361516334,46,44,47,42,0,0,0,0
1770257265363558875,46,44,47,42,0,0,0,0
1770257265365705002,46,44,47,42,0,0,0,0
1770257265367446096,46,44,47,43,0,0,0,0
1770257265369663425,46,44,47,43,0,0,0,0
1770257265371804367,46,44,47,43,0,0,0,0
1770257265374409224,46,44,47,42,0,0,0,0
1770257265376442741,46,44,47,42,0,0,0,0
1770257265378173947,46,44,47,42,0,0,0,0
1770257265379840927,46,44,47,42,0,0,0,0
1770257265381585221,46,44,47,42,0,0,0,0
1770257265383917496,46,44,47,42,0,0,0,0
1770257265385544892,46,44,47,43,0,0,0,0
1770257265387592425,46,44,47,43,0,0,0,0
1770257265389714679,46,44,47,43,0,0,0,0
1770257265392404658,46,44,48,43,0,0,0,0
1770257265394555297,46,44,48,43,0,0,0,0
1770257265396463915,46,44,47,43,0,0,0,0
1770257265398556921,46,44,47,43,0,0,0,0
1770257265400207997,46,45,47,43,0,0,0,0
1770257265401716190,46,45,47,43,0,0,0,0
1770257265403737674,46,45,47,42,0,0,0,0
1770257265406166143,46,45,47,42,0,0,0,0
1770257265408297710,46,45,47,42,0,0,0,0
1770257265410439549,46,45,47,42,0,0,0,0
1770257265411748473,46,45,47,42,0,0,0,0
1770257265413549313,46,44,47,42,0,0,0,0
1770257265415627662,46,44,47,42,0,0,0,0
1770257265417410357,46,44,47,42,0,0,0,0
1770257265419702855,46,45,47,42,0,0,0,0
1770257265421716755,46,45,47,42,0,0,0,0
1770257265423614365,46,45,47,42,0,0,0,0
1770257265425545767,46,45,47,42,0,0,0,0
1770257265427714583,46,45,47,42,0,0,0,0
1770257265429653825,46,45,47,42,0,0,0,0
1770257265431542602,46,45,47,42,0,0,0,0
1770257265434233541,46,45,47,42,0,0,0,0
1770257265436371348,46,45,47,42,0,0,0,0
1770257265438366624,46,45,47,42,0,0,0,0
1770257265439602971,46,45,47,42,0,0,0,0
1770257265442417272,46,45,47,42,0,0,0,0
1770257265443732725,46,44,47,42,0,0,0,0
1770257265445769026,46,44,47,43,0,0,0,0
1770257265447732621,46,44,47,43,0,0,0,0
1770257265449715160,46,45,48,43,0,0,0,0
1770257265451561889,46,45,48,43,0,0,0,0
1770257265454472896,46,45,48,43,0,0,0,0
1770257265456491948,46,44,48,43,0,0,0,0
1770257265457684102,46,44,47,42,0,0,0,0
1770257265460329184,46,44,47,42,0,0,0,0
1770257265462422254,46,44,47,42,0,0,0,0
1770257265463498278,46,44,47,42,0,0,0,0
1770257265465693270,46,44,47,42,0,0,0,0
1770257265467802340,46,44,47,42,0,0,0,0
1770257265469521513,46,44,47,42,0,0,0,0
1770257265471953983,46,44,47,42,0,0,0,0
1770257265474289010,46,44,47,42,0,0,0,0
1770257265476334143,46,44,47,43,0,0,0,0
1770257265478158694,46,44,47,43,0,0,0,0
1770257265479812939,46,44,47,43,0,0,0,0
1770257265482182719,46,44,47,43,0,0,0,0
1770257265484335854,46,44,47,42,0,0,0,0
1770257265485732844,46,44,47,42,0,0,0,0
1770257265487732760,46,44,47,42,0,0,0,0
1770257265490297840,46,44,47,42,0,0,0,0
1770257265492356957,46,44,47,42,0,0,0,0
1770257265494200965,46,44,48,42,0,0,0,0
1770257265495790024,46,44,48,43,0,0,0,0
1770257265497512750,46,44,47,43,0,0,0,0
1770257265499570651,46,44,47,43,0,0,0,0
1770257265501498597,46,45,47,42,0,0,0,0
1770257265503426927,46,45,47,42,0,0,0,0
1770257265505725378,46,45,47,42,0,0,0,0
1770257265508499198,46,45,47,42,0,0,0,0
1770257265510570412,46,45,47,42,0,0,0,0
1770257265511748133,46,45,47,42,0,0,0,0
1770257265514070712,46,45,47,42,0,0,0,0
1770257265515690876,46,44,47,42,0,0,0,0
1770257265517707208,46,44,47,42,0,0,0,0
1770257265519587377,46,44,47,42,0,0,0,0
1770257265521717728,46,45,47,42,0,0,0,0
1770257265523511687,46,45,47,42,0,0,0,0
1770257265526524681,46,45,47,42,0,0,0,0
1770257265528322256,46,45,47,42,0,0,0,0
1770257265529658413,46,45,47,42,0,0,0,0
1770257265531832413,46,45,47,42,0,0,0,0
1770257265534158352,46,44,47,42,0,0,0,0
1770257265535754515,46,44,47,42,0,0,0,0
1770257265537789727,46,44,47,43,0,0,0,0
1770257265539715081,46,45,47,43,0,0,0,0
1770257265541705429,46,45,47,43,0,0,0,0
1770257265543705857,46,45,47,43,0,0,0,0
1770257265546378715,46,44,47,43,0,0,0,0
1770257265548396071,46,44,47,43,0,0,0,0
1770257265550404467,46,44,47,42,0,0,0,0
1770257265551729104,46,44,47,42,0,0,0,0
1770257265554396427,46,44,47,42,0,0,0,0
1770257265556415927,46,44,47,42,0,0,0,0
1770257265558369698,46,44,47,42,0,0,0,0
1770257265560491248,46,44,47,42,0,0,0,0
1770257265562362393,46,45,47,42,0,0,0,0
1770257265564171616,46,45,47,42,0,0,0,0
1770257265565494269,46,45,47,42,0,0,0,0
1770257265568208345,46,45,47,42,0,0,0,0
1770257265570475402,46,44,47,42,0,0,0,0
1770257265572470134,46,44,47,42,0,0,0,0
1770257265574391648,46,44,47,42,0,0,0,0
1770257265576153255,46,44,47,42,0,0,0,0
1770257265577496100,46,44,47,42,0,0,0,0
1770257265579752885,46,44,47,42,0,0,0,0
1770257265581747297,46,45,47,42,0,0,0,0
1770257265583495239,46,45,47,42,0,0,0,0
1770257265585730808,46,45,47,42,0,0,0,0
1770257265589109250,46,45,47,42,0,0,0,0
1770257265590508033,46,45,47,42,0,0,0,0
1770257265593235388,46,45,47,42,0,0,0,0
1770257265595106437,46,44,47,42,0,0,0,0
1770257265595846229,46,44,47,42,0,0,0,0
1770257265597520474,46,44,47,42,0,0,0,0
1770257265599848077,46,45,47,42,0,0,0,0
1770257265601391023,46,45,47,42,0,0,0,0
1770257265603826628,46,45,47,42,0,0,0,0
1770257265605524585,46,44,47,42,0,0,0,0
1770257265608809073,46,44,47,42,0,0,0,0
1770257265610555511,46,44,47,42,0,0,0,0
1770257265612964428,46,44,47,42,0,0,0,0
1770257265614613392,46,44,47,43,0,0,0,0
1770257265616728318,46,44,47,43,0,0,0,0
1770257265617781909,46,44,47,43,0,0,0,0
1770257265619558204,46,44,47,42,0,0,0,0
1770257265621595945,46,44,47,42,0,0,0,0
1770257265623611253,46,44,47,42,0,0,0,0
1770257265625679714,46,44,47,42,0,0,0,0
1770257265628527297,46,44,47,42,0,0,0,0
1770257265629768668,46,45,47,42,0,0,0,0
1770257265632506456,46,45,47,42,0,0,0,0
1770257265634474499,46,45,47,42,0,0,0,0
1770257265635864001,46,45,47,42,0,0,0,0
1770257265637609575,46,45,47,42,0,0,0,0
1770257265639909562,46,45,47,42,0,0,0,0
1770257265641735170,46,45,47,42,0,0,0,0
1770257265644378523,46,45,47,43,0,0,0,0
1770257265645636183,46,45,47,43,0,0,0,0
1770257265648413492,46,44,47,43,0,0,0,0
1770257265649757585,46,44,47,43,0,0,0,0
1770257265652336874,46,44,47,43,0,0,0,0
1770257265654266996,46,44,47,43,0,0,0,0
1770257265656231679,46,44,47,43,0,0,0,0
1770257265657661214,46,44,47,43,0,0,0,0
1770257265660077747,46,44,47,43,0,0,0,0
1770257265661548115,46,44,47,43,0,0,0,0
1770257265663768996,46,44,47,43,0,0,0,0
1770257265665530346,46,44,48,43,0,0,0,0
1770257265668411145,46,44,48,43,0,0,0,0
1770257265670199504,46,44,48,43,0,0,0,0
1770257265672423617,46,45,48,43,0,0,0,0
1770257265673807807,46,45,47,42,0,0,0,0
1770257265676642269,46,45,47,42,0,0,0,0
1770257265677723061,46,45,47,42,0,0,0,0
1770257265679564029,46,45,47,42,0,0,0,0
1770257265681748621,46,45,47,42,0,0,0,0
1770257265683762553,46,44,47,42,0,0,0,0
1770257265685706372,46,44,47,42,0,0,0,0
1770257265688429151,46,44,47,42,0,0,0,0
1770257265689733820,46,45,47,42,0,0,0,0
1770257265691724199,46,45,47,42,0,0,0,0
1770257265694308960,46,45,47,42,0,0,0,0
1770257265695767424,46,45,47,42,0,0,0,0
1770257265697809676,46,45,47,43,0,0,0,0
1770257265700283363,46,45,47,43,0,0,0,0
1770257265701734050,46,45,47,43,0,0,0,0
1770257265703812400,46,45,47,43,0,0,0,0
1770257265705801627,46,45,47,43,0,0,0,0
1770257265707799047,46,45,47,43,0,0,0,0
1770257265710312158,46,45,47,42,0,0,0,0
1770257265711879360,46,45,47,42,0,0,0,0
1770257265714427032,46,45,47,42,0,0,0,0
1770257265715796950,46,45,47,42,0,0,0,0
1770257265717689311,46,44,47,42,0,0,0,0
1770257265720449852,46,44,47,42,0,0,0,0
1770257265721993502,46,44,47,42,0,0,0,0
1770257265724535765,46,44,47,43,0,0,0,0
1770257265726376798,46,44,47,43,0,0,0,0
1770257265728558093,46,44,47,43,0,0,0,0
1770257265729728999,46,44,47,42,0,0,0,0
1770257265731806900,46,44,47,42,0,0,0,0
1770257265733544922,46,44,47,42,0,0,0,0
1770257265735610632,46,44,47,42,0,0,0,0
1770257265737679861,46,44,47,42,0,0,0,0
1770257265739850692,46,44,47,43,0,0,0,0
1770257265742195512,46,44,47,43,0,0,0,0
1770257265743855228,46,44,47,43,0,0,0,0
1770257265746483445,46,44,47,42,0,0,0,0
1770257265748182331,46,44,47,42,0,0,0,0
1770257265749760829,46,44,48,42,0,0,0,0
1770257265751796426,46,44,48,43,0,0,0,0
1770257265753735348,46,44,48,43,0,0,0,0
1770257265755836770,46,44,47,43,0,0,0,0
1770257265757721995,46,44,47,43,0,0,0,0
1770257265760593226,46,44,47,43,0,0,0,0
1770257265761719075,46,45,47,43,0,0,0,0
1770257265763855410,46,45,47,43,0,0,0,0
1770257265765634137,46,44,47,42,0,0,0,0
1770257265767706630,46,44,47,42,0,0,0,0
1770257265769703954,46,44,47,42,0,0,0,0
1770257265771752094,46,44,47,42,0,0,0,0
1770257265774422809,46,44,47,42,0,0,0,0
1770257265776427301,46,44,47,42,0,0,0,0
1770257265777677984,46,44,47,42,0,0,0,0
1770257265780171607,46,44,47,42,0,0,0,0
1770257265781526420,46,44,47,42,0,0,0,0
1770257265784674745,46,45,47,42,0,0,0,0
1770257265786666629,46,45,47,42,0,0,0,0
1770257265789023000,46,45,47,42,0,0,0,0
1770257265790845440,46,44,47,42,0,0,0,0
1770257265791869975,46,44,47,42,0,0,0,0
1770257265793698623,46,44,47,43,0,0,0,0
1770257265795843533,46,44,47,43,0,0,0,0
1770257265797657141,46,44,47,43,0,0,0,0
1770257265799532542,46,44,47,42,0,0,0,0
1770257265801786096,46,44,47,42,0,0,0,0
1770257265804444714,46,45,47,42,0,0,0,0
1770257265806472502,46,45,47,43,0,0,0,0
1770257265808253853,46,45,47,43,0,0,0,0
1770257265810428173,46,44,47,43,0,0,0,0
1770257265811684424,46,44,47,42,0,0,0,0
1770257265813716501,46,44,47,42,0,0,0,0
1770257265815760321,46,44,47,42,0,0,0,0
1770257265817698124,46,44,47,42,0,0,0,0
1770257265819704472,46,44,47,42,0,0,0,0
1770257265822260048,46,44,47,42,0,0,0,0
1770257265824428799,46,44,47,42,0,0,0,0
1770257265826152613,46,44,47,42,0,0,0,0
1770257265828324020,46,44,47,42,0,0,0,0
1770257265830250878,46,44,47,42,0,0,0,0
1770257265831550075,46,44,47,42,0,0,0,0
1770257265833706826,46,44,48,42,0,0,0,0
1770257265835731830,46,44,48,42,0,0,0,0
1770257265837871653,46,44,48,43,0,0,0,0
1770257265839827120,46,44,48,43,0,0,0,0
1770257265842333287,46,44,48,42,0,0,0,0
1770257265843759142,46,45,48,42,0,0,0,0
1770257265845416042,46,45,48,42,0,0,0,0
1770257265847512152,46,45,48,42,0,0,0,0
1770257265849404513,46,45,48,42,0,0,0,0
1770257265851786294,46,44,47,42,0,0,0,0
1770257265854487697,46,44,47,42,0,0,0,0
1770257265855796781,46,44,47,42,0,0,0,0
1770257265857871739,46,44,47,42,0,0,0,0
1770257265859705059,46,44,47,43,0,0,0,0
1770257265862448127,46,44,47,43,0,0,0,0
1770257265863767996,46,45,47,43,0,0,0,0
1770257265865769768,46,45,47,43,0,0,0,0
1770257265867723666,46,45,47,43,0,0,0,0
1770257265869743326,46,45,47,43,0,0,0,0
1770257265871781291,46,45,47,43,0,0,0,0
1770257265874465350,46,45,47,42,0,0,0,0
1770257265876755000,46,45,47,42,0,0,0,0
1770257265877655116,46,45,47,42,0,0,0,0
1770257265879725241,46,45,47,42,0,0,0,0
1770257265882346002,46,45,47,42,0,0,0,0
1770257265883939349,46,45,47,42,0,0,0,0
1770257265885579897,46,45,47,42,0,0,0,0
1770257265887776713,46,45,47,42,0,0,0,0
1770257265889584881,46,45,47,42,0,0,0,0
1770257265891735584,46,45,47,43,0,0,0,0
1770257265893729227,46,45,47,43,0,0,0,0
1770257265896148256,46,45,47,43,0,0,0,0
1770257265897984520,46,45,47,43,0,0,0,0
1770257265899812496,46,45,47,43,0,0,0,0
1770257265902407529,46,45,47,43,0,0,0,0
1770257265903747846,46,45,47,43,0,0,0,0
1770257265905703729,46,44,47,43,0,0,0,0
1770257265907685629,46,44,47,42,0,0,0,0
1770257265909650120,46,44,47,42,0,0,0,0
1770257265911524113,46,45,47,42,0,0,0,0
1770257265914430512,46,45,47,42,0,0,0,0
1770257265916628640,46,45,47,42,0,0,0,0
1770257265917727512,46,44,47,42,0,0,0,0
1770257265919711076,46,44,47,43,0,0,0,0
1770257265922393246,46,44,47,43,0,0,0,0
1770257265923685243,46,44,47,43,0,0,0,0
1770257265925706663,46,44,47,42,0,0,0,0
1770257265927845974,46,44,47,42,0,0,0,0
1770257265929725343,46,44,47,42,0,0,0,0
1770257265931894734,46,44,47,42,0,0,0,0
1770257265934514344,46,44,47,43,0,0,0,0
1770257265936381809,46,44,47,43,0,0,0,0
1770257265938339259,46,44,47,43,0,0,0,0
1770257265939903198,46,44,47,42,0,0,0,0
1770257265942324467,46,44,48,42,0,0,0,0
1770257265944159227,46,44,48,42,0,0,0,0
1770257265945697660,46,44,48,42,0,0,0,0
1770257265947497668,46,45,48,42,0,0,0,0
1770257265949699412,46,45,48,42,0,0,0,0
1770257265951721056,46,45,48,42,0,0,0,0
1770257265953690475,46,44,48,42,0,0,0,0
1770257265955598805,46,44,48,42,0,0,0,0
1770257265957945800,46,44,48,42,0,0,0,0
1770257265960171673,46,44,48,42,0,0,0,0
1770257265961602360,46,44,48,43,0,0,0,0
1770257265963637477,46,44,48,43,0,0,0,0
1770257265966045498,46,44,47,43,0,0,0,0
1770257265968465039,46,44,47,43,0,0,0,0
1770257265970286486,46,45,47,42,0,0,0,0
1770257265971707093,46,45,47,42,0,0,0,0
1770257265974428945,46,45,47,43,0,0,0,0
1770257265976325338,46,45,47,43,0,0,0,0
1770257265977582198,46,45,47,43,0,0,0,0
1770257265980536791,46,45,47,42,0,0,0,0
1770257265982393951,46,45,47,42,0,0,0,0
1770257265984526094,46,45,47,42,0,0,0,0
1770257265986043215,46,45,47,42,0,0,0,0
1770257265987632530,46,45,47,42,0,0,0,0
1770257265989497435,46,45,47,42,0,0,0,0
1770257265991752588,46,45,47,42,0,0,0,0
1770257265993738808,46,44,47,42,0,0,0,0
1770257265995737059,46,44,47,42,0,0,0,0
1770257265997982420,46,44,47,42,0,0,0,0
1770257266000590413,46,44,47,42,0,0,0,0
1770257266001740615,46,44,47,42,0,0,0,0
1770257266003718706,46,44,47,42,0,0,0,0
1770257266006150023,46,44,47,42,0,0,0,0
1770257266007489732,46,44,47,42,0,0,0,0
1770257266010306754,46,44,47,42,0,0,0,0
1770257266012582548,46,44,47,42,0,0,0,0
1770257266014181719,46,45,47,42,0,0,0,0
1770257266016277029,46,45,47,43,0,0,0,0
1770257266017691172,46,45,47,43,0,0,0,0
1770257266019455946,46,44,47,43,0,0,0,0
1770257266021508311,46,44,47,42,0,0,0,0
1770257266023554884,46,44,47,42,0,0,0,0
1770257266025460174,46,44,48,42,0,0,0,0
1770257266027516283,46,44,48,43,0,0,0,0
1770257266030290327,46,45,48,43,0,0,0,0
1770257266032382917,46,45,48,43,0,0,0,0
1770257266034572021,46,45,48,42,0,0,0,0
1770257266036163768,46,45,48,42,0,0,0,0
1770257266038630510,46,44,47,42,0,0,0,0
1770257266039739558,46,44,47,42,0,0,0,0
1770257266041623919,46,44,47,42,0,0,0,0
1770257266043638907,46,44,47,42,0,0,0,0
1770257266045775594,46,44,47,42,0,0,0,0
1770257266047880280,46,44,47,42,0,0,0,0
1770257266049780034,46,44,47,42,0,0,0,0
1770257266051757229,46,44,47,42,0,0,0,0
1770257266054491177,46,44,47,42,0,0,0,0
1770257266056293136,46,45,47,42,0,0,0,0
1770257266057602253,46,45,47,42,0,0,0,0
1770257266059692923,46,45,47,42,0,0,0,0
1770257266061689446,46,45,47,42,0,0,0,0
1770257266063873654,46,45,47,42,0,0,0,0
1770257266066130983,46,45,47,42,0,0,0,0
1770257266067805580,46,45,47,42,0,0,0,0
1770257266069559250,46,45,47,42,0,0,0,0
1770257266071736002,46,45,47,42,0,0,0,0
1770257266073499913,46,45,47,42,0,0,0,0
1770257266076380136,46,45,47,42,0,0,0,0
1770257266077753286,46,44,47,42,0,0,0,0
1770257266079729105,46,44,47,42,0,0,0,0
1770257266082491469,46,44,47,42,0,0,0,0
1770257266084499385,46,44,47,42,0,0,0,0
1770257266085782197,46,44,47,42,0,0,0,0
1770257266088538898,46,44,47,43,0,0,0,0
1770257266089841486,46,44,47,43,0,0,0,0
1770257266091858170,46,44,47,43,0,0,0,0
1770257266093832742,46,44,47,43,0,0,0,0
1770257266096108791,46,44,47,43,0,0,0,0
1770257266097586104,46,44,47,43,0,0,0,0
1770257266100236210,46,44,47,43,0,0,0,0
1770257266101865141,46,44,47,43,0,0,0,0
1770257266103776991,46,44,47,43,0,0,0,0
1770257266105670185,46,44,47,43,0,0,0,0
1770257266107739574,46,44,47,43,0,0,0,0
1770257266109738914,46,44,47,43,0,0,0,0
1770257266111798223,46,44,47,42,0,0,0,0
1770257266114142562,46,44,47,42,0,0,0,0
1770257266116269393,46,44,47,42,0,0,0,0
1770257266117516268,46,44,47,43,0,0,0,0
1770257266119551288,46,45,47,43,0,0,0,0
1770257266121680039,46,45,47,43,0,0,0,0
1770257266123566224,46,45,47,43,0,0,0,0
1770257266125730144,46,45,47,43,0,0,0,0
1770257266128323768,46,44,47,43,0,0,0,0
1770257266130488392,46,44,47,43,0,0,0,0
1770257266132514228,46,44,47,43,0,0,0,0
1770257266134436286,46,44,47,43,0,0,0,0
1770257266135797276,46,44,47,42,0,0,0,0
1770257266137827240,46,44,47,42,0,0,0,0
1770257266140359072,46,44,47,42,0,0,0,0
1770257266141706333,46,44,47,43,0,0,0,0
1770257266143753002,46,45,47,43,0,0,0,0
1770257266145496624,46,45,47,43,0,0,0,0
1770257266147708288,46,45,47,42,0,0,0,0
1770257266149712396,46,45,47,42,0,0,0,0
1770257266152296421,46,45,47,42,0,0,0,0
1770257266153486047,46,45,47,42,0,0,0,0
1770257266155756304,46,45,47,42,0,0,0,0
1770257266157423061,46,45,47,42,0,0,0,0
1770257266159523523,46,45,47,42,0,0,0,0
1770257266161447885,46,44,47,42,0,0,0,0
1770257266164455407,46,44,47,42,0,0,0,0
1770257266166758081,46,44,47,43,0,0,0,0
1770257266168736301,46,44,47,43,0,0,0,0
1770257266169858949,46,44,47,43,0,0,0,0
1770257266172516063,46,44,47,43,0,0,0,0
1770257266173723962,46,44,47,43,0,0,0,0
1770257266176067533,46,44,47,43,0,0,0,0
1770257266177547789,46,44,47,43,0,0,0,0
1770257266179735581,46,44,47,43,0,0,0,0
1770257266181729545,46,44,47,43,0,0,0,0
1770257266184473477,46,44,47,43,0,0,0,0
1770257266186343982,46,44,47,43,0,0,0,0
1770257266187965041,46,44,47,43,0,0,0,0
1770257266190421735,46,44,47,43,0,0,0,0
1770257266192274352,46,44,47,43,0,0,0,0
1770257266193500266,46,44,47,43,0,0,0,0
1770257266195879166,46,44,47,42,0,0,0,0
1770257266197458401,46,44,47,42,0,0,0,0
1770257266199505422,46,44,47,42,0,0,0,0
1770257266201526842,46,44,47,43,0,0,0,0
1770257266204796194,46,44,47,43,0,0,0,0
1770257266205853561,46,44,47,43,0,0,0,0
1770257266208750200,46,44,47,43,0,0,0,0
1770257266210187319,46,44,47,43,0,0,0,0
1770257266212032768,46,44,47,43,0,0,0,0
1770257266214977728,46,44,47,43,0,0,0,0
1770257266215950006,46,44,47,43,0,0,0,0
1770257266218018339,46,44,47,43,0,0,0,0
1770257266219630054,46,44,47,43,0,0,0,0
1770257266221493679,46,44,47,43,0,0,0,0
1770257266223770273,46,44,48,43,0,0,0,0
1770257266226412218,46,44,48,43,0,0,0,0
1770257266228313412,46,44,48,43,0,0,0,0
1770257266229728451,46,44,47,43,0,0,0,0
1770257266231833937,46,44,47,43,0,0,0,0
1770257266234250470,46,44,47,43,0,0,0,0
1770257266235557923,46,45,47,43,0,0,0,0
1770257266237588335,46,45,47,42,0,0,0,0
1770257266239586107,46,44,47,42,0,0,0,0
1770257266241510597,46,44,47,42,0,0,0,0
1770257266243732053,46,44,47,43,0,0,0,0
1770257266245764706,46,45,47,43,0,0,0,0
1770257266248475773,46,45,47,43,0,0,0,0
1770257266250343558,46,45,47,42,0,0,0,0
1770257266251795750,46,44,47,42,0,0,0,0
1770257266253694767,46,44,47,42,0,0,0,0
1770257266256434603,46,44,47,42,0,0,0,0
1770257266258792831,46,44,47,42,0,0,0,0
1770257266259943128,46,44,47,42,0,0,0,0
1770257266261625021,46,44,47,42,0,0,0,0
1770257266263906927,46,44,47,42,0,0,0,0
1770257266265529426,46,44,47,42,0,0,0,0
1770257266267737603,46,44,47,43,0,0,0,0
1770257266269746767,46,44,47,43,0,0,0,0
1770257266271779867,46,44,47,43,0,0,0,0
1770257266274566264,46,44,47,42,0,0,0,0
1770257266276911339,46,44,47,42,0,0,0,0
1770257266278681234,46,44,47,42,0,0,0,0
1770257266280984677,46,44,47,42,0,0,0,0
1770257266282425124,46,44,47,42,0,0,0,0
1770257266283424538,46,44,47,42,0,0,0,0
1770257266285495495,46,44,47,43,0,0,0,0
1770257266287830266,46,44,47,43,0,0,0,0
1770257266289412253,46,44,47,43,0,0,0,0
1770257266291613805,46,44,47,43,0,0,0,0
1770257266294310856,46,44,47,43,0,0,0,0
1770257266296398262,46,44,47,43,0,0,0,0
1770257266298110139,46,44,47,43,0,0,0,0
1770257266300581009,46,44,47,43,0,0,0,0
1770257266302288535,46,44,47,43,0,0,0,0
1770257266303755415,46,44,47,42,0,0,0,0
1770257266305707713,46,44,47,42,0,0,0,0
1770257266307547210,46,44,47,42,0,0,0,0
1770257266309510869,46,44,47,43,0,0,0,0
1770257266311563490,46,44,47,43,0,0,0,0
1770257266314322398,46,44,47,43,0,0,0,0
1770257266316409068,46,44,47,42,0,0,0,0
1770257266317929517,46,44,47,42,0,0,0,0
1770257266320554406,46,44,47,42,0,0,0,0
1770257266321773761,46,44,47,42,0,0,0,0
1770257266323837902,46,44,47,42,0,0,0,0
1770257266326213442,46,44,47,42,0,0,0,0
1770257266327729059,46,44,47,42,0,0,0,0
1770257266329711407,46,44,47,42,0,0,0,0
1770257266331546231,46,44,47,42,0,0,0,0
1770257266334194257,46,44,47,42,0,0,0,0
1770257266335812628,46,45,47,42,0,0,0,0
1770257266338564464,46,45,47,42,0,0,0,0
1770257266339828268,46,45,47,42,0,0,0,0
1770257266341729750,46,44,47,42,0,0,0,0
1770257266343726273,46,44,47,42,0,0,0,0
1770257266345709613,46,44,47,42,0,0,0,0
1770257266347712409,46,44,47,42,0,0,0,0
1770257266349698500,46,45,47,42,0,0,0,0
1770257266352374719,46,45,47,43,0,0,0,0
1770257266353694171,46,45,47,43,0,0,0,0
1770257266355567044,46,44,47,43,0,0,0,0
1770257266357928280,46,44,47,42,0,0,0,0
1770257266359697087,46,44,47,42,0,0,0,0
1770257266361709451,46,44,47,42,0,0,0,0
1770257266364557929,46,44,47,43,0,0,0,0
1770257266366584117,46,44,47,43,0,0,0,0
1770257266368173528,46,44,48,43,0,0,0,0
1770257266370366888,46,44,48,42,0,0,0,0
1770257266372474646,46,44,48,42,0,0,0,0
1770257266373696113,46,44,47,42,0,0,0,0
1770257266375713437,46,44,47,42,0,0,0,0
1770257266377774346,46,44,47,42,0,0,0,0
1770257266379542385,46,44,47,42,0,0,0,0
1770257266381732161,46,44,47,43,0,0,0,0
1770257266383738637,46,44,47,43,0,0,0,0
1770257266386412295,46,44,48,43,0,0,0,0
1770257266388487957,46,44,48,43,0,0,0,0
1770257266390311773,46,44,48,43,0,0,0,0
1770257266391801949,46,45,47,43,0,0,0,0
1770257266394417494,46,45,47,43,0,0,0,0
1770257266396495396,46,45,47,43,0,0,0,0
1770257266398476175,46,45,47,43,0,0,0,0
1770257266400557757,46,45,47,42,0,0,0,0
1770257266401722422,46,45,47,42,0,0,0,0
1770257266404428210,46,45,47,42,0,0,0,0
1770257266405713550,46,45,47,42,0,0,0,0
1770257266407769787,46,45,47,42,0,0,0,0
1770257266409699685,46,44,47,42,0,0,0,0
1770257266411616431,46,44,47,42,0,0,0,0
1770257266413710045,46,45,47,42,0,0,0,0
1770257266416509306,46,45,47,42,0,0,0,0
1770257266417819351,46,45,47,42,0,0,0,0
1770257266420483249,46,45,47,42,0,0,0,0
1770257266422510461,46,45,47,42,0,0,0,0
1770257266423676023,46,45,47,43,0,0,0,0
1770257266426217614,46,44,47,43,0,0,0,0
1770257266428057911,46,44,47,43,0,0,0,0
1770257266429739419,46,44,47,42,0,0,0,0
1770257266431769736,46,44,47,42,0,0,0,0
1770257266434421282,46,44,47,42,0,0,0,0
1770257266435768031,46,44,47,43,0,0,0,0
1770257266437831084,46,44,47,43,0,0,0,0
1770257266440419909,46,44,47,43,0,0,0,0
1770257266442228397,46,44,47,43,0,0,0,0
1770257266443756302,46,44,47,43,0,0,0,0
1770257266445748314,46,44,47,43,0,0,0,0
1770257266447732005,46,44,47,43,0,0,0,0
1770257266449607790,46,44,47,43,0,0,0,0
1770257266452398283,46,44,47,43,0,0,0,0
1770257266453584325,46,44,47,43,0,0,0,0
1770257266455577233,46,44,47,43,0,0,0,0
1770257266457518011,46,44,47,43,0,0,0,0
1770257266459548648,46,44,47,42,0,0,0,0
1770257266461570964,46,44,47,42,0,0,0,0
1770257266463756772,46,44,47,42,0,0,0,0
1770257266465515914,46,44,47,43,0,0,0,0
1770257266467721018,46,44,47,43,0,0,0,0
1770257266469524034,46,44,47,43,0,0,0,0
1770257266471733714,46,44,47,43,0,0,0,0
1770257266473788575,46,44,47,43,0,0,0,0
1770257266476477178,46,44,47,43,0,0,0,0
1770257266478371619,46,44,47,43,0,0,0,0
1770257266480345135,46,44,47,43,0,0,0,0
1770257266481900753,46,44,47,43,0,0,0,0
1770257266483874748,46,44,47,42,0,0,0,0
1770257266486159022,46,44,47,42,0,0,0,0
1770257266488297661,46,44,47,42,0,0,0,0
1770257266489720956,46,44,47,42,0,0,0,0
1770257266491856234,46,44,47,42,0,0,0,0
1770257266494316000,46,44,47,42,0,0,0,0
1770257266495818401,46,44,47,42,0,0,0,0
1770257266498233622,46,44,47,42,0,0,0,0
1770257266499782424,46,44,48,42,0,0,0,0
1770257266501760483,46,44,48,42,0,0,0,0
1770257266503583979,46,45,47,42,0,0,0,0
1770257266505718938,46,45,47,42,0,0,0,0
1770257266507577954,46,45,47,42,0,0,0,0
1770257266509568782,46,45,47,42,0,0,0,0
1770257266511752190,46,45,47,42,0,0,0,0
1770257266514372311,46,45,47,42,0,0,0,0
1770257266516442404,46,45,47,42,0,0,0,0
1770257266518177578,46,45,47,42,0,0,0,0
1770257266520337562,46,45,47,42,0,0,0,0
1770257266522319973,46,44,47,42,0,0,0,0
1770257266524174222,46,44,47,42,0,0,0,0
1770257266526243675,46,44,47,43,0,0,0,0
1770257266527773724,46,45,47,43,0,0,0,0
1770257266529732743,46,45,47,43,0,0,0,0
1770257266531755027,46,45,47,43,0,0,0,0
1770257266533745695,46,45,47,43,0,0,0,0
1770257266535772683,46,44,47,43,0,0,0,0
1770257266538188576,46,44,47,42,0,0,0,0
1770257266540462354,46,44,47,42,0,0,0,0
1770257266543351121,46,45,47,42,0,0,0,0
1770257266544872562,46,45,47,43,0,0,0,0
1770257266546212400,46,44,47,43,0,0,0,0
1770257266547795122,46,44,47,43,0,0,0,0
1770257266549730141,46,44,47,43,0,0,0,0
1770257266551841259,46,44,47,43,0,0,0,0
1770257266553736308,46,44,47,43,0,0,0,0
1770257266555801666,46,44,47,43,0,0,0,0
1770257266558333145,46,44,47,43,0,0,0,0
1770257266559764952,46,44,47,43,0,0,0,0
1770257266561773988,46,44,47,43,0,0,0,0
1770257266564339260,46,44,47,43,0,0,0,0
1770257266566244326,46,44,48,43,0,0,0,0
1770257266567670629,46,44,48,43,0,0,0,0
1770257266569822996,46,44,48,43,0,0,0,0
1770257266571785951,46,44,47,43,0,0,0,0
1770257266573619975,46,44,47,43,0,0,0,0
1770257266575809431,46,44,47,43,0,0,0,0
1770257266578653014,46,44,47,43,0,0,0,0
1770257266580628641,46,44,47,42,0,0,0,0
1770257266581873820,46,45,47,42,0,0,0,0
1770257266584242384,46,45,47,42,0,0,0,0
1770257266585694800,46,45,47,43,0,0,0,0
1770257266587519064,46,45,47,43,0,0,0,0
1770257266589603493,46,45,47,43,0,0,0,0
1770257266591853206,46,45,47,42,0,0,0,0
1770257266594307148,46,45,47,42,0,0,0,0
1770257266596491612,46,45,47,42,0,0,0,0
1770257266597871994,46,45,47,42,0,0,0,0
1770257266600732921,46,45,47,42,0,0,0,0
1770257266601869778,46,45,47,42,0,0,0,0
1770257266604255174,46,45,47,42,0,0,0,0
1770257266605610563,46,45,47,42,0,0,0,0
1770257266607777619,46,44,47,42,0,0,0,0
1770257266609780031,46,44,47,43,0,0,0,0
1770257266611588358,46,45,47,43,0,0,0,0
1770257266613624627,46,45,47,43,0,0,0,0
1770257266616510706,46,45,47,42,0,0,0,0
1770257266617576073,46,45,47,42,0,0,0,0
1770257266619804378,46,45,47,42,0,0,0,0
1770257266621730980,46,45,47,43,0,0,0,0
1770257266623715344,46,44,47,43,0,0,0,0
1770257266625605689,46,44,47,43,0,0,0,0
1770257266628147345,46,44,47,43,0,0,0,0
1770257266629606384,46,45,47,43,0,0,0,0
1770257266632576401,46,45,47,43,0,0,0,0
1770257266634553533,46,45,47,43,0,0,0,0
1770257266635794936,46,44,47,43,0,0,0,0
1770257266637836133,46,44,47,43,0,0,0,0
1770257266639579467,46,44,47,42,0,0,0,0
1770257266641569334,46,44,47,42,0,0,0,0
1770257266643838184,46,44,47,42,0,0,0,0
1770257266646205532,46,44,47,42,0,0,0,0
1770257266648250056,46,44,47,42,0,0,0,0
1770257266649800106,46,44,47,42,0,0,0,0
1770257266652195967,46,44,47,42,0,0,0,0
1770257266653814114,46,44,47,42,0,0,0,0
1770257266656579167,46,44,47,42,0,0,0,0
1770257266657874075,46,44,47,42,0,0,0,0
1770257266659843814,46,44,47,42,0,0,0,0
1770257266661712143,46,44,47,42,0,0,0,0
1770257266663839710,46,44,47,43,0,0,0,0
1770257266666178673,46,44,48,43,0,0,0,0
1770257266667661489,46,44,48,43,0,0,0,0
1770257266669936355,46,44,48,43,0,0,0,0
1770257266671529382,46,44,48,42,0,0,0,0
1770257266674228225,46,45,47,42,0,0,0,0
1770257266675780451,46,45,47,43,0,0,0,0
1770257266677744750,46,44,48,43,0,0,0,0
1770257266679701177,46,44,48,43,0,0,0,0
1770257266681810567,46,44,48,43,0,0,0,0
1770257266683875124,46,45,47,43,0,0,0,0
1770257266685570681,46,45,47,43,0,0,0,0
1770257266687758281,46,45,47,43,0,0,0,0
1770257266689792597,46,45,47,43,0,0,0,0
1770257266691794465,46,45,47,43,0,0,0,0
1770257266694619999,46,45,47,43,0,0,0,0
1770257266696362437,46,45,47,43,0,0,0,0
1770257266697646785,46,45,47,43,0,0,0,0
1770257266699732655,46,45,47,42,0,0,0,0
1770257266701482901,46,45,47,42,0,0,0,0
1770257266703784264,46,45,47,42,0,0,0,0
1770257266705698097,46,45,47,43,0,0,0,0
1770257266708494255,46,44,47,43,0,0,0,0
1770257266710035856,46,44,47,43,0,0,0,0
1770257266712267745,46,44,47,43,0,0,0,0
1770257266714249773,46,44,47,43,0,0,0,0
1770257266716371227,46,44,47,43,0,0,0,0
1770257266718371655,46,44,47,43,0,0,0,0
1770257266719585761,46,44,47,43,0,0,0,0
1770257266721751121,46,44,47,43,0,0,0,0
1770257266723631674,46,44,47,43,0,0,0,0
1770257266725506723,46,44,47,43,0,0,0,0
1770257266727805173,46,44,47,43,0,0,0,0
1770257266729778912,46,44,47,43,0,0,0,0
1770257266731750379,46,44,48,43,0,0,0,0
1770257266734532744,46,44,48,43,0,0,0,0
1770257266735831717,46,44,48,43,0,0,0,0
1770257266737583115,46,44,48,43,0,0,0,0
1770257266740432329,46,44,48,43,0,0,0,0
1770257266741775847,46,44,48,43,0,0,0,0
1770257266743829588,46,44,48,43,0,0,0,0
1770257266746400716,46,44,48,43,0,0,0,0
1770257266748390392,46,44,48,43,0,0,0,0
1770257266749557553,46,44,48,43,0,0,0,0
1770257266751684288,46,44,48,43,0,0,0,0
1770257266753655275,46,44,48,43,0,0,0,0
1770257266755529300,46,45,47,43,0,0,0,0
1770257266757652418,46,45,47,43,0,0,0,0
1770257266759837874,46,45,47,43,0,0,0,0
1770257266762360489,46,44,48,43,0,0,0,0
1770257266764424310,46,44,48,43,0,0,0,0
1770257266765895383,46,44,48,42,0,0,0,0
1770257266767775104,46,44,47,42,0,0,0,0
1770257266770407833,46,44,47,42,0,0,0,0
1770257266772330595,46,44,47,42,0,0,0,0
1770257266775111424,46,44,47,42,0,0,0,0
1770257266775886513,46,44,47,42,0,0,0,0
1770257266778592428,46,44,47,42,0,0,0,0
1770257266779638115,46,45,47,42,0,0,0,0
1770257266781824851,46,45,47,42,0,0,0,0
1770257266783737341,46,45,47,42,0,0,0,0
1770257266785488675,46,45,47,42,0,0,0,0
1770257266787748533,46,45,47,42,0,0,0,0
1770257266790420847,46,45,47,43,0,0,0,0
1770257266791628010,46,44,47,43,0,0,0,0
1770257266794541865,46,44,47,43,0,0,0,0
1770257266796426163,46,44,47,43,0,0,0,0
1770257266798648675,46,44,47,43,0,0,0,0
1770257266799809821,46,44,47,43,0,0,0,0
1770257266801858985,46,44,47,42,0,0,0,0
1770257266803591471,46,44,47,42,0,0,0,0
1770257266805594171,46,44,47,42,0,0,0,0
1770257266807795403,46,44,47,42,0,0,0,0
1770257266810382276,46,44,47,42,0,0,0,0
1770257266811823651,46,44,47,42,0,0,0,0
1770257266814513918,46,44,47,42,0,0,0,0
1770257266815849884,46,44,47,42,0,0,0,0
1770257266817797094,46,44,47,42,0,0,0,0
1770257266819724848,46,44,47,42,0,0,0,0
1770257266821707068,46,44,47,42,0,0,0,0
1770257266823938765,46,44,47,42,0,0,0,0
1770257266826365794,46,44,47,42,0,0,0,0
1770257266828597010,46,44,47,42,0,0,0,0
1770257266829718955,46,44,47,42,0,0,0,0
1770257266831734711,46,44,47,42,0,0,0,0
1770257266833732643,46,44,47,42,0,0,0,0
1770257266835862193,46,44,47,42,0,0,0,0
1770257266837779579,46,44,47,43,0,0,0,0
1770257266839751687,46,44,47,43,0,0,0,0
1770257266841576462,46,44,47,43,0,0,0,0
1770257266843565754,46,44,47,42,0,0,0,0
1770257266845966511,46,44,47,42,0,0,0,0
1770257266847595026,46,45,47,42,0,0,0,0
1770257266849579422,46,45,47,42,0,0,0,0
1770257266851765805,46,44,47,42,0,0,0,0
1770257266854292773,46,44,47,42,0,0,0,0
1770257266855784389,46,44,47,42,0,0,0,0
1770257266857798769,46,45,47,42,0,0,0,0
1770257266860261159,46,45,47,42,0,0,0,0
1770257266861603909,46,45,47,43,0,0,0,0
1770257266863413132,46,44,47,43,0,0,0,0
1770257266865704254,46,44,47,43,0,0,0,0
1770257266867519942,46,44,47,43,0,0,0,0
1770257266869475825,46,45,47,43,0,0,0,0
1770257266871721954,46,45,47,43,0,0,0,0
1770257266874724644,46,45,47,43,0,0,0,0
1770257266876088354,46,44,47,43,0,0,0,0
1770257266878281074,46,44,47,43,0,0,0,0
1770257266880288925,46,44,47,43,0,0,0,0
1770257266881539257,46,44,47,43,0,0,0,0
1770257266883663847,46,44,47,43,0,0,0,0
1770257266885753525,46,44,47,43,0,0,0,0
1770257266887603230,46,44,48,43,0,0,0,0
1770257266889751789,46,44,48,43,0,0,0,0
1770257266892371366,46,44,48,43,0,0,0,0
1770257266894948126,46,44,47,43,0,0,0,0
1770257266896471936,46,44,47,43,0,0,0,0
1770257266898607758,46,44,47,43,0,0,0,0
1770257266900662011,46,44,47,43,0,0,0,0
1770257266901529038,46,44,47,43,0,0,0,0
1770257266903538106,46,44,47,42,0,0,0,0
1770257266905487237,46,44,47,42,0,0,0,0
1770257266907882873,46,44,47,42,0,0,0,0
1770257266909590815,46,44,47,42,0,0,0,0
1770257266912556512,46,44,47,42,0,0,0,0
1770257266913626871,46,44,47,42,0,0,0,0
1770257266915977418,46,44,47,43,0,0,0,0
1770257266918175706,46,44,48,43,0,0,0,0
1770257266920038787,46,44,48,43,0,0,0,0
1770257266922142417,46,44,48,43,0,0,0,0
1770257266923578001,46,44,48,43,0,0,0,0
1770257266925960005,46,44,48,43,0,0,0,0
1770257266927919632,46,44,48,43,0,0,0,0
1770257266929658582,46,44,48,43,0,0,0,0
1770257266932441331,46,44,47,43,0,0,0,0
1770257266934792070,46,44,47,43,0,0,0,0
1770257266936109731,46,45,47,43,0,0,0,0
1770257266938951937,46,45,47,43,0,0,0,0
1770257266940510307,46,45,47,43,0,0,0,0
1770257266942407117,46,45,47,43,0,0,0,0
1770257266944461274,46,45,47,43,0,0,0,0
1770257266946088285,46,45,47,42,0,0,0,0
1770257266948071273,46,44,47,42,0,0,0,0
1770257266949694316,46,44,47,42,0,0,0,0
1770257266952138274,46,44,47,43,0,0,0,0
1770257266954255760,46,45,47,43,0,0,0,0
1770257266956246427,46,45,47,43,0,0,0,0
1770257266958247719,46,45,47,42,0,0,0,0
1770257266960407351,46,44,47,42,0,0,0,0
1770257266962246431,46,44,47,42,0,0,0,0
1770257266963910083,46,44,47,43,0,0,0,0
1770257266965831629,46,44,47,43,0,0,0,0
1770257266967973052,46,44,47,43,0,0,0,0
1770257266969867526,46,44,47,43,0,0,0,0
1770257266971420231,46,45,47,43,0,0,0,0
1770257266974256870,46,45,47,43,0,0,0,0
1770257266976337875,46,45,47,43,0,0,0,0
1770257266978341247,46,45,47,43,0,0,0,0
1770257266980289866,46,45,47,43,0,0,0,0
1770257266982389687,46,45,47,43,0,0,0,0
1770257266984051004,46,44,47,43,0,0,0,0
1770257266986002631,46,44,47,43,0,0,0,0
1770257266988127061,46,44,47,43,0,0,0,0
1770257266989982910,46,44,47,43,0,0,0,0
1770257266992119788,46,44,47,43,0,0,0,0
1770257266994354941,46,44,47,42,0,0,0,0
1770257266996549293,46,44,48,42,0,0,0,0
1770257266998725949,46,44,48,42,0,0,0,0
1770257267000279807,46,44,48,42,0,0,0,0
1770257267002459599,46,44,47,42,0,0,0,0
1770257267003566055,46,44,47,42,0,0,0,0
1770257267005495249,46,44,47,42,0,0,0,0
1770257267007994920,46,44,47,42,0,0,0,0
1770257267009573834,46,44,47,42,0,0,0,0
1770257267011737690,46,44,47,43,0,0,0,0
1770257267014183727,46,44,47,43,0,0,0,0
1770257267016380447,46,44,47,43,0,0,0,0
1770257267018440076,46,44,47,42,0,0,0,0
1770257267020176210,46,44,48,42,0,0,0,0
1770257267022119965,46,44,48,42,0,0,0,0
1770257267023639902,46,44,48,43,0,0,0,0
1770257267026002130,46,44,48,43,0,0,0,0
1770257267027926524,46,44,48,43,0,0,0,0
1770257267030067883,46,44,48,43,0,0,0,0
1770257267032076215,46,44,47,43,0,0,0,0
1770257267034408522,46,44,47,43,0,0,0,0
1770257267036428598,46,44,47,43,0,0,0,0
1770257267038431906,46,45,48,43,0,0,0,0
1770257267040103942,46,45,48,43,0,0,0,0
1770257267042322967,46,45,48,42,0,0,0,0
1770257267043634900,46,44,47,42,0,0,0,0
1770257267045730625,46,44,47,42,0,0,0,0
1770257267047678636,46,44,47,42,0,0,0,0
1770257267049520308,46,44,47,42,0,0,0,0
1770257267051541217,46,44,47,42,0,0,0,0
1770257267053774193,46,44,47,43,0,0,0,0
1770257267055606874,46,45,47,43,0,0,0,0
1770257267057563460,46,45,47,43,0,0,0,0
1770257267059606641,46,45,47,42,0,0,0,0
1770257267061581180,46,45,47,42,0,0,0,0
1770257267064158037,46,45,47,42,0,0,0,0
1770257267066729357,46,45,47,43,0,0,0,0
1770257267068876412,46,45,47,43,0,0,0,0
1770257267070921673,46,45,47,43,0,0,0,0
1770257267072538956,46,45,47,43,0,0,0,0
1770257267074493175,46,45,47,43,0,0,0,0
1770257267076323167,46,45,47,42,0,0,0,0
1770257267077674684,46,45,47,42,0,0,0,0
1770257267080102545,46,45,47,42,0,0,0,0
1770257267081677140,46,45,47,42,0,0,0,0
1770257267084094121,46,45,47,43,0,0,0,0
1770257267086375547,46,44,47,43,0,0,0,0
1770257267088480553,46,44,47,43,0,0,0,0
1770257267090344818,46,44,47,43,0,0,0,0
1770257267093243665,46,44,48,43,0,0,0,0
1770257267094368394,46,44,48,43,0,0,0,0
1770257267095600517,46,44,48,43,0,0,0,0
1770257267097571600,46,44,47,43,0,0,0,0
1770257267099590236,46,44,47,43,0,0,0,0
1770257267101579367,46,44,47,43,0,0,0,0
1770257267103582579,46,44,48,43,0,0,0,0
1770257267105630976,46,44,48,43,0,0,0,0
1770257267107550634,46,44,48,42,0,0,0,0
1770257267109558774,46,44,48,42,0,0,0,0
1770257267111630115,46,44,48,42,0,0,0,0
1770257267113465611,46,44,48,42,0,0,0,0
1770257267115702332,46,45,47,42,0,0,0,0
1770257267117878892,46,45,47,42,0,0,0,0
1770257267120259936,46,45,47,43,0,0,0,0
1770257267121812738,46,45,48,43,0,0,0,0
1770257267123755085,46,45,48,43,0,0,0,0
1770257267126487880,46,45,48,43,0,0,0,0
1770257267128438035,46,44,48,43,0,0,0,0
1770257267129531179,46,44,48,43,0,0,0,0
1770257267131645721,46,44,48,42,0,0,0,0
1770257267134175473,46,45,48,42,0,0,0,0
1770257267135824117,46,45,48,42,0,0,0,0
1770257267137818944,46,45,48,43,0,0,0,0
1770257267140716800,46,45,47,43,0,0,0,0
1770257267141798071,46,45,47,43,0,0,0,0
1770257267144413937,46,45,47,42,0,0,0,0
1770257267146343003,46,44,47,42,0,0,0,0
1770257267148547179,46,44,47,42,0,0,0,0
1770257267149774502,46,44,47,42,0,0,0,0
1770257267151836179,46,45,47,42,0,0,0,0
1770257267153857151,46,45,47,42,0,0,0,0
1770257267155723624,46,45,47,42,0,0,0,0
1770257267158467108,46,45,47,42,0,0,0,0
1770257267160556978,46,45,47,42,0,0,0,0
1770257267161723819,46,45,47,43,0,0,0,0
1770257267164545417,46,44,47,43,0,0,0,0
1770257267166231278,46,44,47,43,0,0,0,0
1770257267167729423,46,44,47,43,0,0,0,0
1770257267169725850,46,45,47,43,0,0,0,0
1770257267171805288,46,45,47,43,0,0,0,0
1770257267173720082,46,45,47,43,0,0,0,0
1770257267175751262,46,44,48,43,0,0,0,0
1770257267177791659,46,44,48,43,0,0,0,0
1770257267179815959,46,44,48,43,0,0,0,0
1770257267181759234,46,44,48,43,0,0,0,0
1770257267183816143,46,44,48,43,0,0,0,0
1770257267185771354,46,44,48,43,0,0,0,0
1770257267188542806,46,44,48,43,0,0,0,0
1770257267190176186,46,44,48,43,0,0,0,0
1770257267191765821,46,44,48,43,0,0,0,0
1770257267193727432,46,44,48,43,0,0,0,0
1770257267195743060,46,44,48,43,0,0,0,0
1770257267197631453,46,44,48,42,0,0,0,0
1770257267200248790,46,45,47,42,0,0,0,0
1770257267201770808,46,45,47,42,0,0,0,0
1770257267203759331,46,45,47,42,0,0,0,0
1770257267206459006,46,44,47,42,0,0,0,0
1770257267208301767,46,44,47,42,0,0,0,0
1770257267209971179,46,44,47,42,0,0,0,0
1770257267211557678,46,44,47,42,0,0,0,0
1770257267213506712,46,44,47,42,0,0,0,0
1770257267215755722,46,44,47,42,0,0,0,0
1770257267217534225,46,45,47,42,0,0,0,0
1770257267219603198,46,45,47,42,0,0,0,0
1770257267223219661,46,45,47,42,0,0,0,0
1770257267224989108,46,45,47,42,0,0,0,0
1770257267226868541,46,45,47,42,0,0,0,0
1770257267228204314,46,45,47,42,0,0,0,0
1770257267229571032,46,45,47,42,0,0,0,0
1770257267231806441,46,45,47,42,0,0,0,0
1770257267233620657,46,45,47,43,0,0,0,0
1770257267235841665,46,44,48,43,0,0,0,0
1770257267237852717,46,44,48,43,0,0,0,0
1770257267239775319,46,44,48,42,0,0,0,0
1770257267243213250,46,44,47,42,0,0,0,0
1770257267244328859,46,44,47,42,0,0,0,0
1770257267246205732,46,44,47,42,0,0,0,0
1770257267247869160,46,44,47,42,0,0,0,0
1770257267249753553,46,44,47,42,0,0,0,0
1770257267251754365,46,44,47,43,0,0,0,0
1770257267253738313,46,45,47,43,0,0,0,0
1770257267255954137,46,45,47,43,0,0,0,0
1770257267257775681,46,45,47,42,0,0,0,0
1770257267260450620,46,45,47,42,0,0,0,0
1770257267262314308,46,45,47,42,0,0,0,0
1770257267263862822,46,45,47,43,0,0,0,0
1770257267266453375,46,45,47,43,0,0,0,0
1770257267267783900,46,45,47,43,0,0,0,0
1770257267269514530,46,45,47,43,0,0,0,0
1770257267271502253,46,44,48,43,0,0,0,0
1770257267273791807,46,44,48,43,0,0,0,0
1770257267275640264,46,44,48,43,0,0,0,0
1770257267277544914,46,44,48,43,0,0,0,0
1770257267280856154,46,44,48,43,0,0,0,0
1770257267283162380,46,44,48,43,0,0,0,0
1770257267284822129,46,45,48,43,0,0,0,0
1770257267286912863,46,45,48,43,0,0,0,0
1770257267288539810,46,45,48,43,0,0,0,0
1770257267289522232,46,44,48,43,0,0,0,0
1770257267291582693,46,44,48,43,0,0,0,0
1770257267293470286,46,44,48,43,0,0,0,0
1770257267295620349,46,45,47,43,0,0,0,0
1770257267297583016,46,45,47,42,0,0,0,0
1770257267300402374,46,45,47,42,0,0,0,0
1770257267302566517,46,44,47,42,0,0,0,0
1770257267304308987,46,44,47,42,0,0,0,0
1770257267306205893,46,44,47,42,0,0,0,0
1770257267307957387,46,44,48,42,0,0,0,0
1770257267309761426,46,44,48,42,0,0,0,0
1770257267312508175,46,44,48,42,0,0,0,0
1770257267314238996,46,44,47,42,0,0,0,0
1770257267315799447,46,44,47,42,0,0,0,0
1770257267317848195,46,44,47,42,0,0,0,0
1770257267319792398,46,44,47,42,0,0,0,0
1770257267322027039,46,44,47,42,0,0,0,0
1770257267323714980,46,44,47,42,0,0,0,0
1770257267326448544,46,44,48,42,0,0,0,0
1770257267327950624,46,44,48,43,0,0,0,0
1770257267329623013,46,44,48,43,0,0,0,0
1770257267332705673,46,44,48,43,0,0,0,0
1770257267334497936,46,44,48,43,0,0,0,0
1770257267336236630,46,44,48,42,0,0,0,0
1770257267337597972,46,44,47,42,0,0,0,0
1770257267340245549,46,44,47,42,0,0,0,0
1770257267341794095,46,44,47,43,0,0,0,0
1770257267343738170,46,44,47,43,0,0,0,0
1770257267345925482,46,44,47,43,0,0,0,0
1770257267348373727,46,44,47,43,0,0,0,0
1770257267349659643,46,44,47,43,0,0,0,0
1770257267351807370,46,44,47,43,0,0,0,0
1770257267353711540,46,44,47,42,0,0,0,0
1770257267356179914,46,44,47,42,0,0,0,0
1770257267357621546,46,44,47,42,0,0,0,0
1770257267359792665,46,44,47,42,0,0,0,0
1770257267362525365,46,44,47,42,0,0,0,0
1770257267364304988,46,44,47,42,0,0,0,0
1770257267366249510,46,44,47,42,0,0,0,0
1770257267367695814,46,44,47,42,0,0,0,0
1770257267369565295,46,44,47,43,0,0,0,0
1770257267371581115,46,44,47,43,0,0,0,0
1770257267373590791,46,44,48,43,0,0,0,0
1770257267375694101,46,44,48,43,0,0,0,0
1770257267377487644,46,44,48,43,0,0,0,0
1770257267379628491,46,44,48,43,0,0,0,0
1770257267381606614,46,44,48,43,0,0,0,0
1770257267383632899,46,44,48,43,0,0,0,0
1770257267385536876,46,44,48,43,0,0,0,0
1770257267388167238,46,44,48,43,0,0,0,0
1770257267390392087,46,44,48,43,0,0,0,0
1770257267392269376,46,45,48,43,0,0,0,0
1770257267394267340,46,45,48,43,0,0,0,0
1770257267396413594,46,45,48,43,0,0,0,0
1770257267397544947,46,44,47,43,0,0,0,0
1770257267399741091,46,44,47,43,0,0,0,0
1770257267401516618,46,44,47,42,0,0,0,0
1770257267403702298,46,45,47,42,0,0,0,0
1770257267405494305,46,45,47,42,0,0,0,0
1770257267407794931,46,45,47,42,0,0,0,0
1770257267409751774,46,45,47,42,0,0,0,0
1770257267411823788,46,45,47,42,0,0,0,0
1770257267414277889,46,45,47,42,0,0,0,0
1770257267416373551,46,45,47,42,0,0,0,0
1770257267417759086,46,45,47,42,0,0,0,0
1770257267419685560,46,45,47,43,0,0,0,0
1770257267421815622,46,45,47,43,0,0,0,0
1770257267423731856,46,45,47,43,0,0,0,0
1770257267425479542,46,45,47,42,0,0,0,0
1770257267427680103,46,45,47,42,0,0,0,0
1770257267429616145,46,45,47,42,0,0,0,0
1770257267431766592,46,45,47,43,0,0,0,0
1770257267433726699,46,45,47,43,0,0,0,0
1770257267435760727,46,45,47,43,0,0,0,0
1770257267437774723,46,45,47,43,0,0,0,0
1770257267439852849,46,45,47,43,0,0,0,0
1770257267441889469,46,45,47,43,0,0,0,0
1770257267443539266,46,45,47,42,0,0,0,0
1770257267445725233,46,45,47,42,0,0,0,0
1770257267447552953,46,45,47,42,0,0,0,0
1770257267449426274,46,45,47,42,0,0,0,0
1770257267451741077,46,44,47,42,0,0,0,0
1770257267454401935,46,44,47,42,0,0,0,0
1770257267456285944,46,44,47,42,0,0,0,0
1770257267457747320,46,44,47,42,0,0,0,0
1770257267460517013,46,44,47,42,0,0,0,0
1770257267461725296,46,44,47,42,0,0,0,0
1770257267464469164,46,44,47,42,0,0,0,0
1770257267466497464,46,44,47,42,0,0,0,0
1770257267468907405,46,44,47,42,0,0,0,0
1770257267469626428,46,44,48,42,0,0,0,0
1770257267471881326,46,44,48,42,0,0,0,0
1770257267473574003,46,44,47,43,0,0,0,0
1770257267476436817,46,44,47,43,0,0,0,0
1770257267478448189,46,44,47,43,0,0,0,0
1770257267480541931,46,44,47,43,0,0,0,0
1770257267481751878,46,45,48,43,0,0,0,0
1770257267483837299,46,45,48,43,0,0,0,0
1770257267485526616,46,45,48,42,0,0,0,0
1770257267487551109,46,45,47,42,0,0,0,0
1770257267490180542,46,45,47,42,0,0,0,0
1770257267491521147,46,45,47,42,0,0,0,0
1770257267494277528,46,44,47,42,0,0,0,0
1770257267496536521,46,44,47,43,0,0,0,0
1770257267498521557,46,44,47,43,0,0,0,0
1770257267499838097,46,45,47,43,0,0,0,0
1770257267501813437,46,45,47,43,0,0,0,0
1770257267503624420,46,45,47,43,0,0,0,0
1770257267505807540,46,45,47,43,0,0,0,0
1770257267507600987,46,45,47,43,0,0,0,0
1770257267509421507,46,45,47,43,0,0,0,0
1770257267511755862,46,45,47,43,0,0,0,0
1770257267513569950,46,45,47,43,0,0,0,0
1770257267515532969,46,45,47,43,0,0,0,0
1770257267517629687,46,45,48,43,0,0,0,0
1770257267519580001,46,45,48,43,0,0,0,0
1770257267521465323,46,45,47,43,0,0,0,0
1770257267523698299,46,44,47,43,0,0,0,0
1770257267525509827,46,44,47,43,0,0,0,0
1770257267528528453,46,44,47,43,0,0,0,0
1770257267530417102,46,45,47,43,0,0,0,0
1770257267531985425,46,45,47,43,0,0,0,0
1770257267534354885,46,45,47,43,0,0,0,0
1770257267536510836,46,44,47,43,0,0,0,0
1770257267537848849,46,44,47,43,0,0,0,0
1770257267539835357,46,44,47,42,0,0,0,0
1770257267541703045,46,44,48,42,0,0,0,0
1770257267544028920,46,44,48,42,0,0,0,0
1770257267546607441,46,44,48,42,0,0,0,0
1770257267547963694,46,44,47,42,0,0,0,0
1770257267549748885,46,44,47,42,0,0,0,0
1770257267552443760,46,44,47,43,0,0,0,0
1770257267553628714,46,45,48,43,0,0,0,0
1770257267555790842,46,45,48,43,0,0,0,0
1770257267558238447,46,45,48,43,0,0,0,0
1770257267559808210,46,44,47,43,0,0,0,0
1770257267561773597,46,44,47,43,0,0,0,0
1770257267563613701,46,44,47,43,0,0,0,0
1770257267566466947,46,44,48,43,0,0,0,0
1770257267568395725,46,44,48,43,0,0,0,0
1770257267570211125,46,44,47,43,0,0,0,0
1770257267571950651,46,45,47,43,0,0,0,0
1770257267573691745,46,45,47,43,0,0,0,0
1770257267576570464,46,45,47,42,0,0,0,0
1770257267577854044,46,45,47,42,0,0,0,0
1770257267579844552,46,45,47,42,0,0,0,0
1770257267582444993,46,45,47,43,0,0,0,0
1770257267583890177,46,45,48,43,0,0,0,0
1770257267585457059,46,45,48,43,0,0,0,0
1770257267587541488,46,45,48,42,0,0,0,0
1770257267589621246,46,45,47,42,0,0,0,0
1770257267591669963,46,45,47,42,0,0,0,0
1770257267593551572,46,45,47,43,0,0,0,0
1770257267595772420,46,44,47,43,0,0,0,0
1770257267597783664,46,44,47,43,0,0,0,0
1770257267600371913,46,44,47,42,0,0,0,0
1770257267601753287,46,44,47,42,0,0,0,0
1770257267603779668,46,44,47,42,0,0,0,0
1770257267605616476,46,44,47,42,0,0,0,0
1770257267607859277,46,44,47,42,0,0,0,0
1770257267609817496,46,44,47,42,0,0,0,0
1770257267611962151,46,44,47,42,0,0,0,0
1770257267613584010,46,45,47,42,0,0,0,0
1770257267615804315,46,45,47,43,0,0,0,0
1770257267617897993,46,45,47,43,0,0,0,0
1770257267619881012,46,45,47,43,0,0,0,0
1770257267621735837,46,45,47,43,0,0,0,0
1770257267624465656,46,45,47,43,0,0,0,0
1770257267626145917,46,44,47,43,0,0,0,0
1770257267627543900,46,44,47,43,0,0,0,0
1770257267629455269,46,44,47,43,0,0,0,0
1770257267631594036,46,44,48,43,0,0,0,0
1770257267633521886,46,44,48,43,0,0,0,0
1770257267635885714,46,44,48,43,0,0,0,0
1770257267638144388,46,44,48,43,0,0,0,0
1770257267639830312,46,44,48,43,0,0,0,0
1770257267642438018,46,44,48,43,0,0,0,0
1770257267643736190,46,44,47,43,0,0,0,0
1770257267646217844,46,44,47,43,0,0,0,0
1770257267647505968,46,44,47,43,0,0,0,0
1770257267650230892,46,44,47,43,0,0,0,0
1770257267651962450,46,44,47,43,0,0,0,0
1770257267653484435,46,44,47,42,0,0,0,0
1770257267655911496,46,44,47,42,0,0,0,0
1770257267657840915,46,44,47,42,0,0,0,0
1770257267659610329,46,44,47,42,0,0,0,0
1770257267661786889,46,44,47,42,0,0,0,0
1770257267664562438,46,44,47,42,0,0,0,0
1770257267665783872,46,44,47,42,0,0,0,0
1770257267667869294,46,45,47,42,0,0,0,0
1770257267669623540,46,45,47,42,0,0,0,0
1770257267671505822,46,45,47,42,0,0,0,0
1770257267673815248,46,44,47,42,0,0,0,0
1770257267675883421,46,44,47,42,0,0,0,0
1770257267677835016,46,44,47,42,0,0,0,0
1770257267679767826,46,45,47,42,0,0,0,0
1770257267682314058,46,45,47,42,0,0,0,0
1770257267683496708,46,45,47,43,0,0,0,0
1770257267685728021,46,45,47,43,0,0,0,0
1770257267687737089,46,45,47,42,0,0,0,0
1770257267689827822,46,45,47,42,0,0,0,0
1770257267691768217,46,45,47,42,0,0,0,0
1770257267693791109,46,45,47,42,0,0,0,0
1770257267695765104,46,45,47,43,0,0,0,0
1770257267697841918,46,45,47,43,0,0,0,0
1770257267699880170,46,45,47,43,0,0,0,0
1770257267701708498,46,44,47,43,0,0,0,0
1770257267703754239,46,44,47,43,0,0,0,0
1770257267706377721,46,44,47,43,0,0,0,0
1770257267708672427,46,45,47,43,0,0,0,0
1770257267710255309,46,45,47,43,0,0,0,0
1770257267711727118,46,45,47,43,0,0,0,0
1770257267713497428,46,45,47,43,0,0,0,0
1770257267715748838,46,44,47,43,0,0,0,0
1770257267717649007,46,44,47,43,0,0,0,0
1770257267719668347,46,44,47,43,0,0,0,0
1770257267721749705,46,44,47,43,0,0,0,0
1770257267724504165,46,44,47,43,0,0,0,0
1770257267726232555,46,44,47,43,0,0,0,0
1770257267728474716,46,44,47,43,0,0,0,0
1770257267730272163,46,44,47,43,0,0,0,0
1770257267731753220,46,44,47,43,0,0,0,0
1770257267734192985,46,44,47,43,0,0,0,0
1770257267735758107,46,44,47,43,0,0,0,0
1770257267737828937,46,44,47,43,0,0,0,0
1770257267740315519,46,44,47,43,0,0,0,0
1770257267743223487,46,44,47,43,0,0,0,0
1770257267744524635,46,45,47,43,0,0,0,0
1770257267746471526,46,45,48,43,0,0,0,0
1770257267747740930,46,45,48,43,0,0,0,0
1770257267749985843,46,45,48,43,0,0,0,0
1770257267751723513,46,44,48,43,0,0,0,0
1770257267753435614,46,44,48,43,0,0,0,0
1770257267755589773,46,44,48,43,0,0,0,0
1770257267757519992,46,45,47,43,0,0,0,0
1770257267760520729,46,45,47,43,0,0,0,0
1770257267762523013,46,45,47,42,0,0,0,0
1770257267764335533,46,45,47,42,0,0,0,0
1770257267765802477,46,45,47,42,0,0,0,0
1770257267767562387,46,45,47,42,0,0,0,0
1770257267769761923,46,45,47,42,0,0,0,0
1770257267771699278,46,45,47,42,0,0,0,0
1770257267773738362,46,45,47,42,0,0,0,0
1770257267775805544,46,44,47,42,0,0,0,0
1770257267777666896,46,44,47,42,0,0,0,0
1770257267779648028,46,44,47,42,0,0,0,0
1770257267782487866,46,44,47,42,0,0,0,0
1770257267784391012,46,44,47,42,0,0,0,0
1770257267785724577,46,44,47,43,0,0,0,0
1770257267787730829,46,45,47,43,0,0,0,0
1770257267790400391,46,45,47,43,0,0,0,0
1770257267791872711,46,44,47,43,0,0,0,0
1770257267793917460,46,44,47,43,0,0,0,0
1770257267795930880,46,44,47,43,0,0,0,0
1770257267797830506,46,44,47,43,0,0,0,0
1770257267799869302,46,44,47,43,0,0,0,0
1770257267801831553,46,44,47,43,0,0,0,0
1770257267803940495,46,44,47,42,0,0,0,0
1770257267806854383,46,44,47,42,0,0,0,0
1770257267808286478,46,44,47,42,0,0,0,0
1770257267809568138,46,45,47,43,0,0,0,0
1770257267811737722,46,45,47,43,0,0,0,0
1770257267813655684,46,45,47,43,0,0,0,0
1770257267815781362,46,45,47,42,0,0,0,0
1770257267817668796,46,45,47,42,0,0,0,0
1770257267819777162,46,45,47,43,0,0,0,0
1770257267822488773,46,45,47,43,0,0,0,0
1770257267824214059,46,44,47,43,0,0,0,0
1770257267826393467,46,44,47,43,0,0,0,0
1770257267828457256,46,44,47,43,0,0,0,0
1770257267830201742,46,44,47,43,0,0,0,0
1770257267831736591,46,44,47,43,0,0,0,0
1770257267833776508,46,44,47,43,0,0,0,0
1770257267835726919,46,44,47,43,0,0,0,0
1770257267837596976,46,44,47,43,0,0,0,0
1770257267840477391,46,44,47,43,0,0,0,0
1770257267842516155,46,44,48,43,0,0,0,0
1770257267844551432,46,44,48,43,0,0,0,0
1770257267846159275,46,44,48,43,0,0,0,0
1770257267847827728,46,44,48,43,0,0,0,0
1770257267850193763,46,44,48,43,0,0,0,0
1770257267851706244,46,44,48,43,0,0,0,0
1770257267853547309,46,44,48,43,0,0,0,0
1770257267855712828,46,44,48,43,0,0,0,0
1770257267857585573,46,44,48,43,0,0,0,0
1770257267859865751,46,44,48,43,0,0,0,0
1770257267861552540,46,44,48,43,0,0,0,0
1770257267863775788,46,45,48,43,0,0,0,0
1770257267865533555,46,45,47,43,0,0,0,0
1770257267867606752,46,45,47,43,0,0,0,0
1770257267869592908,46,45,47,43,0,0,0,0
1770257267872429226,46,45,47,43,0,0,0,0
1770257267873733222,46,45,47,42,0,0,0,0
1770257267876270014,46,45,47,42,0,0,0,0
1770257267878471630,46,45,47,42,0,0,0,0
1770257267879965551,46,45,47,42,0,0,0,0
1770257267881646708,46,45,47,42,0,0,0,0
1770257267883579006,46,44,47,42,0,0,0,0
1770257267885571593,46,44,47,42,0,0,0,0
1770257267887605718,46,44,47,43,0,0,0,0
1770257267889459486,46,45,47,43,0,0,0,0
1770257267892407743,46,45,47,43,0,0,0,0
1770257267894420715,46,45,47,43,0,0,0,0
1770257267895779465,46,44,47,43,0,0,0,0
1770257267898501124,46,44,47,43,0,0,0,0
1770257267900445711,46,44,47,43,0,0,0,0
1770257267901609096,46,44,47,43,0,0,0,0
1770257267903770904,46,44,47,43,0,0,0,0
1770257267905614240,46,45,47,43,0,0,0,0
1770257267907766447,46,45,47,43,0,0,0,0
1770257267909728090,46,45,47,43,0,0,0,0
1770257267911702213,46,44,47,42,0,0,0,0
1770257267913758578,46,44,47,42,0,0,0,0
1770257267916584720,46,44,47,42,0,0,0,0
1770257267917739369,46,44,48,43,0,0,0,0
1770257267920224416,46,44,48,43,0,0,0,0
1770257267922681525,46,44,48,43,0,0,0,0
1770257267924874213,46,45,47,43,0,0,0,0
1770257267926913426,46,45,47,43,0,0,0,0
1770257267928763098,46,45,47,43,0,0,0,0
1770257267930715653,46,45,47,43,0,0,0,0
1770257267931669018,46,45,48,43,0,0,0,0
1770257267933567556,46,45,48,42,0,0,0,0
1770257267935587472,46,45,48,42,0,0,0,0
1770257267937522618,46,44,47,42,0,0,0,0
1770257267939547206,46,44,47,42,0,0,0,0
1770257267941610484,46,45,48,42,0,0,0,0
1770257267943774211,46,45,48,42,0,0,0,0
1770257267945711917,46,45,48,42,0,0,0,0
1770257267947883965,46,45,48,42,0,0,0,0
1770257267949659204,46,45,47,42,0,0,0,0
1770257267951788690,46,45,47,43,0,0,0,0
1770257267954095461,46,45,47,43,0,0,0,0
1770257267956148594,46,45,47,43,0,0,0,0
1770257267958085500,46,45,47,43,0,0,0,0
1770257267959573117,46,45,47,43,0,0,0,0
1770257267962188342,46,45,47,43,0,0,0,0
1770257267963746712,46,45,47,42,0,0,0,0
1770257267966718809,46,45,47,42,0,0,0,0
1770257267968532673,46,44,47,42,0,0,0,0
1770257267970658319,46,44,47,42,0,0,0,0
1770257267971968876,46,44,47,42,0,0,0,0
1770257267973612464,46,45,47,42,0,0,0,0
1770257267975963267,46,45,47,43,0,0,0,0
1770257267978116434,46,44,47,43,0,0,0,0
1770257267979683509,46,44,47,43,0,0,0,0
1770257267981804579,46,44,47,43,0,0,0,0
1770257267983834223,46,44,47,43,0,0,0,0
1770257267986207267,46,44,47,43,0,0,0,0
1770257267987847847,46,44,47,43,0,0,0,0
1770257267989894452,46,44,47,43,0,0,0,0
1770257267991834238,46,45,48,43,0,0,0,0
1770257267993489411,46,45,48,42,0,0,0,0
1770257267995748756,46,45,48,42,0,0,0,0
1770257267997573564,46,44,48,42,0,0,0,0
1770257268000325816,46,44,48,43,0,0,0,0
1770257268001517298,46,44,47,43,0,0,0,0
1770257268004595094,46,44,47,43,0,0,0,0
1770257268005867121,46,44,47,43,0,0,0,0
1770257268007735002,46,44,47,43,0,0,0,0
1770257268009757159,46,44,47,43,0,0,0,0
1770257268011793011,46,44,47,43,0,0,0,0
1770257268013749118,46,44,47,43,0,0,0,0
1770257268015825163,46,45,48,43,0,0,0,0
1770257268017638323,46,45,48,43,0,0,0,0
1770257268019944486,46,45,48,43,0,0,0,0
1770257268021688620,46,45,47,43,0,0,0,0
1770257268024445640,46,45,47,43,0,0,0,0
1770257268025866727,46,45,47,43,0,0,0,0
1770257268027874195,46,45,47,43,0,0,0,0
1770257268030312232,46,45,47,43,0,0,0,0
1770257268032043470,46,45,47,42,0,0,0,0
1770257268033575696,46,45,47,42,0,0,0,0
1770257268035777664,46,45,47,42,0,0,0,0
1770257268037747947,46,45,47,42,0,0,0,0
1770257268039726774,46,45,47,42,0,0,0,0
1770257268041870373,46,45,47,42,0,0,0,0
1770257268044604065,46,45,47,43,0,0,0,0
1770257268045733818,46,45,47,43,0,0,0,0
1770257268048347347,46,45,47,43,0,0,0,0
1770257268050580964,46,45,47,43,0,0,0,0
1770257268051957858,46,45,47,43,0,0,0,0
1770257268053901645,46,45,47,43,0,0,0,0
1770257268055946713,46,44,48,43,0,0,0,0
1770257268057698528,46,44,48,43,0,0,0,0
1770257268059657962,46,44,48,43,0,0,0,0
1770257268061612981,46,45,47,43,0,0,0,0
1770257268064319536,46,45,47,43,0,0,0,0
1770257268065782800,46,45,47,43,0,0,0,0
1770257268067780380,46,45,47,43,0,0,0,0
1770257268070479767,46,45,47,43,0,0,0,0
1770257268072395713,46,45,47,43,0,0,0,0
1770257268073755775,46,44,47,43,0,0,0,0
1770257268075820876,46,44,47,43,0,0,0,0
1770257268078307042,46,44,47,43,0,0,0,0
1770257268079814691,46,45,47,43,0,0,0,0
1770257268081763470,46,45,47,43,0,0,0,0
1770257268083634423,46,45,47,43,0,0,0,0
1770257268086433588,46,44,48,43,0,0,0,0
1770257268087773074,46,44,48,43,0,0,0,0
1770257268089791486,46,44,48,43,0,0,0,0
1770257268091793610,46,44,48,43,0,0,0,0
1770257268094135805,46,44,48,43,0,0,0,0
1770257268095676511,46,44,48,43,0,0,0,0
1770257268097624329,46,44,48,43,0,0,0,0
1770257268100119456,46,44,48,43,0,0,0,0
1770257268101508958,46,44,48,43,0,0,0,0
1770257268103772912,46,44,48,43,0,0,0,0
1770257268106558989,46,44,48,43,0,0,0,0
1770257268107764039,46,44,48,43,0,0,0,0
1770257268110620166,46,45,47,42,0,0,0,0
1770257268112196936,46,45,47,42,0,0,0,0
1770257268114240629,46,45,47,42,0,0,0,0
1770257268116445637,46,44,47,42,0,0,0,0
1770257268118359247,46,44,47,42,0,0,0,0
1770257268120371611,46,44,47,42,0,0,0,0
1770257268121758745,46,45,47,42,0,0,0,0
1770257268123775493,46,45,47,42,0,0,0,0
1770257268126316477,46,45,47,42,0,0,0,0
1770257268127581529,46,45,47,43,0,0,0,0
1770257268129772905,46,45,47,43,0,0,0,0
1770257268131767764,46,45,47,43,0,0,0,0
1770257268133750912,46,45,47,43,0,0,0,0
1770257268135771916,46,45,47,43,0,0,0,0
1770257268137796856,46,45,47,43,0,0,0,0
1770257268139790436,46,44,47,43,0,0,0,0
1770257268141788207,46,44,47,43,0,0,0,0
1770257268143971967,46,44,47,43,0,0,0,0
1770257268146465494,46,44,47,42,0,0,0,0
1770257268147765394,46,45,47,42,0,0,0,0
1770257268149508952,46,45,47,42,0,0,0,0
1770257268151621031,46,45,47,43,0,0,0,0
1770257268153756309,46,44,47,43,0,0,0,0
1770257268155700416,46,44,47,43,0,0,0,0
1770257268158553342,46,44,47,43,0,0,0,0
1770257268160375430,46,45,47,43,0,0,0,0
1770257268161826854,46,45,47,43,0,0,0,0
1770257268163898003,46,44,47,43,0,0,0,0
1770257268165855806,46,44,47,43,0,0,0,0
1770257268167810665,46,44,47,43,0,0,0,0
1770257268170597990,46,44,47,43,0,0,0,0
1770257268171788960,46,44,47,43,0,0,0,0
1770257268174337496,46,44,47,42,0,0,0,0
1770257268175796696,46,44,47,42,0,0,0,0
1770257268177693825,46,44,47,42,0,0,0,0
1770257268179640204,46,44,47,42,0,0,0,0
1770257268181582582,46,44,48,43,0,0,0,0
1770257268183782022,46,44,48,43,0,0,0,0
1770257268185763090,46,44,48,43,0,0,0,0
1770257268187776702,46,45,48,43,0,0,0,0
1770257268189763081,46,45,48,43,0,0,0,0
1770257268191601105,46,45,48,43,0,0,0,0
1770257268193750112,46,45,48,43,0,0,0,0
1770257268196385850,46,44,48,43,0,0,0,0
1770257268197529043,46,44,48,43,0,0,0,0
1770257268199569760,46,45,48,43,0,0,0,0
1770257268201515082,46,45,48,43,0,0,0,0
1770257268203486165,46,45,48,43,0,0,0,0
1770257268205493249,46,45,48,43,0,0,0,0
1770257268208817034,46,45,48,43,0,0,0,0
1770257268210799029,46,45,48,43,0,0,0,0
1770257268212773857,46,45,48,43,0,0,0,0
1770257268214966001,46,45,48,43,0,0,0,0
1770257268216799865,46,45,48,43,0,0,0,0
1770257268218796676,46,44,48,43,0,0,0,0
1770257268219593462,46,44,48,43,0,0,0,0
1770257268221581121,46,44,48,43,0,0,0,0
1770257268223593037,46,45,47,42,0,0,0,0
1770257268225775005,46,45,47,42,0,0,0,0
1770257268227813418,46,45,47,42,0,0,0,0
1770257268229760532,46,45,47,42,0,0,0,0
1770257268231792641,46,45,47,42,0,0,0,0
1770257268233748556,46,45,47,42,0,0,0,0
1770257268236767502,46,45,47,43,0,0,0,0
1770257268237915847,46,45,47,43,0,0,0,0
1770257268239583051,46,45,47,42,0,0,0,0
1770257268241642744,46,44,47,42,0,0,0,0
1770257268243907722,46,44,47,42,0,0,0,0
1770257268245833268,46,44,47,42,0,0,0,0
1770257268248502094,46,44,47,42,0,0,0,0
1770257268249811563,46,45,47,42,0,0,0,0
1770257268251803703,46,45,47,43,0,0,0,0
1770257268253818563,46,45,47,43,0,0,0,0
1770257268256534142,46,44,47,43,0,0,0,0
1770257268257720600,46,44,47,43,0,0,0,0
1770257268259590241,46,44,47,43,0,0,0,0
1770257268262947306,46,44,47,43,0,0,0,0
1770257268264654448,46,44,47,43,0,0,0,0
1770257268267049732,46,44,47,43,0,0,0,0
1770257268269006415,46,44,47,43,0,0,0,0
1770257268270387181,46,44,47,43,0,0,0,0
1770257268271623432,46,44,48,42,0,0,0,0
1770257268274111487,46,44,48,42,0,0,0,0
1770257268276374576,46,44,48,42,0,0,0,0
1770257268277553226,46,44,47,43,0,0,0,0
1770257268279815228,46,44,47,43,0,0,0,0
1770257268282616313,46,44,47,43,0,0,0,0
1770257268283788594,46,45,48,43,0,0,0,0
1770257268285761214,46,45,48,43,0,0,0,0
1770257268288545627,46,45,48,43,0,0,0,0
1770257268289554257,46,45,47,43,0,0,0,0
1770257268291837411,46,45,47,43,0,0,0,0
1770257268293774797,46,45,47,43,0,0,0,0
1770257268295723864,46,45,48,43,0,0,0,0
1770257268297796325,46,45,48,43,0,0,0,0
1770257268299742608,46,45,48,42,0,0,0,0
1770257268301798749,46,45,47,42,0,0,0,0
1770257268304137296,46,45,47,42,0,0,0,0
1770257268305676337,46,45,47,43,0,0,0,0
1770257268307771647,46,45,47,43,0,0,0,0
1770257268309900974,46,45,47,43,0,0,0,0
1770257268311960603,46,45,47,43,0,0,0,0
1770257268314416913,46,45,48,43,0,0,0,0
1770257268315864208,46,45,48,43,0,0,0,0
1770257268318494122,46,45,48,42,0,0,0,0
1770257268319788806,46,45,47,42,0,0,0,0
1770257268321605262,46,45,47,42,0,0,0,0
1770257268323536184,46,45,47,43,0,0,0,0
1770257268325758313,46,44,47,43,0,0,0,0
1770257268327787189,46,44,47,43,0,0,0,0
1770257268329567868,46,44,47,43,0,0,0,0
1770257268331781677,46,44,47,42,0,0,0,0
1770257268334519625,46,44,47,42,0,0,0,0
1770257268336486580,46,44,47,42,0,0,0,0
1770257268337694542,46,45,48,42,0,0,0,0
1770257268339827677,46,45,48,42,0,0,0,0
1770257268341530850,46,45,48,43,0,0,0,0
1770257268343554670,46,45,48,43,0,0,0,0
1770257268345440919,46,45,47,43,0,0,0,0
1770257268347508261,46,45,47,43,0,0,0,0
1770257268349544657,46,44,47,43,0,0,0,0
1770257268351759938,46,44,48,43,0,0,0,0
1770257268354572063,46,44,48,43,0,0,0,0
1770257268356419560,46,44,48,43,0,0,0,0
1770257268357926505,46,44,48,43,0,0,0,0
1770257268359625840,46,44,48,43,0,0,0,0
1770257268361759968,46,44,48,43,0,0,0,0
1770257268364370843,46,44,48,43,0,0,0,0
1770257268365780763,46,44,48,43,0,0,0,0
1770257268368699390,46,44,48,43,0,0,0,0
1770257268369915961,46,44,48,43,0,0,0,0
1770257268371852197,46,44,48,43,0,0,0,0
1770257268373578860,46,44,48,43,0,0,0,0
1770257268375812927,46,44,48,43,0,0,0,0
1770257268377552967,46,44,48,43,0,0,0,0
1770257268379681335,46,44,47,43,0,0,0,0
1770257268381780039,46,44,47,43,0,0,0,0
1770257268383760404,46,44,47,43,0,0,0,0
1770257268386455889,46,45,47,43,0,0,0,0
1770257268387779855,46,45,47,43,0,0,0,0
1770257268390590671,46,45,47,42,0,0,0,0
1770257268391816714,46,44,47,42,0,0,0,0
1770257268393776471,46,44,47,42,0,0,0,0
1770257268395593344,46,44,47,43,0,0,0,0
1770257268397664655,46,44,47,43,0,0,0,0
1770257268399537882,46,44,47,43,0,0,0,0
1770257268401516103,46,44,47,43,0,0,0,0
1770257268404512203,46,44,47,43,0,0,0,0
1770257268405732998,46,44,47,43,0,0,0,0
1770257268407790837,46,44,47,42,0,0,0,0
1770257268411244323,46,44,47,42,0,0,0,0
1770257268412722917,46,45,47,42,0,0,0,0
1770257268413505719,46,45,47,42,0,0,0,0
1770257268415781707,46,45,47,42,0,0,0,0
1770257268417784088,46,44,47,42,0,0,0,0
1770257268419505695,46,44,47,42,0,0,0,0
1770257268421695537,46,44,47,42,0,0,0,0
1770257268423851682,46,45,47,42,0,0,0,0
1770257268426504062,46,45,47,42,0,0,0,0
1770257268428366376,46,45,47,42,0,0,0,0
1770257268429724935,46,45,47,42,0,0,0,0
1770257268432258049,46,45,47,43,0,0,0,0
1770257268433535870,46,45,47,43,0,0,0,0
1770257268435556299,46,45,47,43,0,0,0,0
1770257268437473815,46,45,47,43,0,0,0,0
1770257268439631688,46,45,48,43,0,0,0,0
1770257268441728824,46,44,48,43,0,0,0,0
1770257268445066371,46,44,48,42,0,0,0,0
1770257268447068881,46,44,47,42,0,0,0,0
1770257268448886426,46,44,47,42,0,0,0,0
1770257268450509599,46,44,47,42,0,0,0,0
1770257268452589390,46,45,47,42,0,0,0,0
1770257268453399488,46,45,47,42,0,0,0,0
1770257268455582290,46,45,47,42,0,0,0,0
1770257268457561727,46,45,47,42,0,0,0,0
1770257268459551404,46,45,47,42,0,0,0,0
1770257268461462552,46,45,47,42,0,0,0,0
1770257268463764716,46,44,48,42,0,0,0,0
1770257268466338886,46,44,48,42,0,0,0,0
1770257268468314131,46,44,48,42,0,0,0,0
1770257268470532485,46,44,48,42,0,0,0,0
1770257268471766465,46,45,48,42,0,0,0,0
1770257268474561057,46,45,48,42,0,0,0,0
1770257268476589327,46,45,47,42,0,0,0,0
1770257268477813227,46,45,47,42,0,0,0,0
1770257268479803064,46,45,47,42,0,0,0,0
1770257268481776741,46,44,48,42,0,0,0,0
1770257268483772690,46,44,48,42,0,0,0,0
1770257268485558043,46,44,48,42,0,0,0,0
1770257268487703467,46,44,48,42,0,0,0,0
1770257268490441097,46,44,48,42,0,0,0,0
1770257268491570243,46,44,48,42,0,0,0,0
1770257268494237440,46,45,47,42,0,0,0,0
1770257268495826532,46,45,47,42,0,0,0,0
1770257268498470720,46,45,47,42,0,0,0,0
1770257268500402956,46,45,47,42,0,0,0,0
1770257268501727754,46,45,47,42,0,0,0,0
1770257268503938812,46,45,47,42,0,0,0,0
1770257268505813414,46,45,47,42,0,0,0,0
1770257268507874965,46,45,47,42,0,0,0,0
1770257268509778912,46,45,47,43,0,0,0,0
1770257268512566880,46,45,47,43,0,0,0,0
1770257268513788379,46,45,47,43,0,0,0,0
1770257268515772584,46,45,47,43,0,0,0,0
1770257268517779702,46,45,48,43,0,0,0,0
1770257268519765827,46,45,48,43,0,0,0,0
1770257268522497793,46,45,48,43,0,0,0,0
1770257268524652178,46,45,48,43,0,0,0,0
1770257268525780844,46,45,47,43,0,0,0,0
1770257268527800538,46,45,47,43,0,0,0,0
1770257268529596482,46,45,47,43,0,0,0,0
1770257268531781812,46,44,47,43,0,0,0,0
1770257268533592253,46,44,47,43,0,0,0,0
1770257268536416413,46,44,47,43,0,0,0,0
1770257268537757852,46,44,47,43,0,0,0,0
1770257268540515066,46,44,47,43,0,0,0,0
1770257268541770647,46,44,48,43,0,0,0,0
1770257268544294640,46,44,48,43,0,0,0,0
1770257268545818003,46,44,48,43,0,0,0,0
1770257268547639292,46,44,48,43,0,0,0,0
1770257268549776492,46,44,48,43,0,0,0,0
1770257268551598390,46,44,48,43,0,0,0,0
1770257268553783143,46,44,47,43,0,0,0,0
1770257268555800181,46,44,47,43,0,0,0,0
1770257268557928806,46,44,47,43,0,0,0,0
1770257268559674285,46,44,48,43,0,0,0,0
1770257268561773181,46,44,48,43,0,0,0,0
1770257268563776970,46,44,48,43,0,0,0,0
1770257268565552915,46,44,48,43,0,0,0,0
1770257268567624226,46,44,48,43,0,0,0,0
1770257268569546541,46,44,48,43,0,0,0,0
1770257268571551067,46,45,47,43,0,0,0,0
1770257268573440806,46,45,47,43,0,0,0,0
1770257268576423177,46,45,47,42,0,0,0,0
1770257268577879306,46,45,47,42,0,0,0,0
1770257268579821271,46,45,47,42,0,0,0,0
1770257268582561749,46,45,47,43,0,0,0,0
1770257268584383102,46,45,47,43,0,0,0,0
1770257268585619738,46,44,47,43,0,0,0,0
1770257268587911790,46,44,47,42,0,0,0,0
1770257268589766264,46,44,47,42,0,0,0,0
1770257268591797702,46,45,47,42,0,0,0,0
1770257268593785428,46,45,47,43,0,0,0,0
1770257268596949563,46,45,47,43,0,0,0,0
1770257268598779525,46,45,47,43,0,0,0,0
1770257268600642959,46,45,47,43,0,0,0,0
1770257268602803744,46,44,47,43,0,0,0,0
1770257268604049245,46,44,47,43,0,0,0,0
1770257268606245998,46,44,47,42,0,0,0,0
1770257268607546924,46,45,48,42,0,0,0,0
1770257268609528249,46,45,48,42,0,0,0,0
1770257268611551591,46,45,48,43,0,0,0,0
1770257268613470514,46,45,47,43,0,0,0,0
1770257268615523521,46,45,47,43,0,0,0,0
1770257268619101298,46,45,47,43,0,0,0,0
1770257268620537555,46,45,47,43,0,0,0,0
1770257268622126775,46,45,47,43,0,0,0,0
1770257268624874805,46,45,47,43,0,0,0,0
1770257268626608637,46,45,47,43,0,0,0,0
1770257268627633332,46,45,47,43,0,0,0,0
1770257268629604929,46,45,47,42,0,0,0,0
1770257268631799699,46,44,48,42,0,0,0,0
1770257268633759807,46,44,48,42,0,0,0,0
1770257268635782317,46,44,48,42,0,0,0,0
1770257268637433618,46,44,48,43,0,0,0,0
1770257268639572291,46,44,48,43,0,0,0,0
1770257268641531471,46,44,48,43,0,0,0,0
1770257268643547709,46,44,48,43,0,0,0,0
1770257268645436776,46,44,48,43,0,0,0,0
1770257268648583728,46,44,48,43,0,0,0,0
1770257268649754474,46,44,48,43,0,0,0,0
1770257268651785528,46,44,48,43,0,0,0,0
1770257268654791580,46,44,47,43,0,0,0,0
1770257268655827092,46,45,47,43,0,0,0,0
1770257268657887939,46,45,47,43,0,0,0,0
1770257268659784110,46,45,47,43,0,0,0,0
1770257268661619063,46,44,48,43,0,0,0,0
1770257268663918572,46,44,48,43,0,0,0,0
1770257268665595666,46,44,48,43,0,0,0,0
1770257268668441234,46,44,47,43,0,0,0,0
1770257268669877971,46,44,47,43,0,0,0,0
1770257268671884929,46,44,47,42,0,0,0,0
1770257268673675593,46,45,47,42,0,0,0,0
1770257268676513322,46,45,47,42,0,0,0,0
1770257268677773766,46,45,47,43,0,0,0,0
1770257268679591792,46,45,47,43,0,0,0,0
1770257268682427792,46,45,47,43,0,0,0,0
1770257268684161975,46,45,47,43,0,0,0,0
1770257268686182117,46,45,47,43,0,0,0,0
1770257268687745833,46,45,47,43,0,0,0,0
1770257268690447238,46,45,47,43,0,0,0,0
1770257268691894727,46,45,47,43,0,0,0,0
1770257268693891892,46,45,47,43,0,0,0,0
1770257268696484783,46,45,47,43,0,0,0,0
1770257268698420731,46,44,47,43,0,0,0,0
1770257268699863068,46,44,47,43,0,0,0,0
1770257268701755527,46,44,47,42,0,0,0,0
1770257268703609777,46,45,47,42,0,0,0,0
1770257268705479579,46,45,47,42,0,0,0,0
1770257268707751759,46,45,47,43,0,0,0,0
1770257268709994178,46,44,47,43,0,0,0,0
1770257268711837260,46,44,47,43,0,0,0,0
1770257268713796312,46,44,47,43,0,0,0,0
1770257268716639129,46,44,47,43,0,0,0,0
1770257268718091546,46,44,47,43,0,0,0,0
1770257268719607740,46,44,47,42,0,0,0,0
1770257268721532200,46,44,47,42,0,0,0,0
1770257268723498100,46,44,47,42,0,0,0,0
1770257268725508610,46,44,47,43,0,0,0,0
1770257268727547280,46,44,47,43,0,0,0,0
1770257268730883644,46,44,47,43,0,0,0,0
1770257268732798119,46,44,47,43,0,0,0,0
1770257268734743892,46,44,47,43,0,0,0,0
1770257268736600286,46,45,47,43,0,0,0,0
1770257268738350341,46,45,47,43,0,0,0,0
1770257268739622722,46,44,48,43,0,0,0,0
1770257268741560878,46,44,48,43,0,0,0,0
1770257268743609085,46,44,48,43,0,0,0,0
1770257268746001843,46,44,47,43,0,0,0,0
1770257268747859069,46,44,47,43,0,0,0,0
1770257268749775273,46,44,47,42,0,0,0,0
1770257268752577192,46,45,47,42,0,0,0,0
1770257268754615703,46,45,47,42,0,0,0,0
1770257268756237020,46,45,47,43,0,0,0,0
1770257268758282570,46,45,48,43,0,0,0,0
1770257268759899407,46,45,48,43,0,0,0,0
1770257268761955101,46,45,48,43,0,0,0,0
1770257268763887433,46,44,47,43,0,0,0,0
1770257268766800235,46,44,47,43,0,0,0,0
1770257268768695318,46,44,47,43,0,0,0,0
1770257268769855825,46,45,47,43,0,0,0,0
1770257268771602744,46,45,47,43,0,0,0,0
1770257268773854763,46,45,47,43,0,0,0,0
1770257268775737174,46,45,47,43,0,0,0,0
1770257268777577344,46,45,47,43,0,0,0,0
1770257268779848372,46,45,47,43,0,0,0,0
1770257268781574043,46,44,47,43,0,0,0,0
1770257268783794285,46,44,47,43,0,0,0,0
1770257268786443977,46,44,47,43,0,0,0,0
1770257268787834537,46,44,47,43,0,0,0,0
1770257268790489893,46,44,47,43,0,0,0,0
1770257268791815875,46,44,47,43,0,0,0,0
1770257268793832689,46,45,47,43,0,0,0,0
1770257268795799486,46,45,47,43,0,0,0,0
1770257268797803467,46,45,47,43,0,0,0,0
1770257268799805145,46,44,47,43,0,0,0,0
1770257268801766981,46,44,47,43,0,0,0,0
1770257268804413953,46,44,47,43,0,0,0,0
1770257268805779328,46,44,48,43,0,0,0,0
1770257268807823759,46,44,48,43,0,0,0,0
1770257268810505612,46,44,48,43,0,0,0,0
1770257268811795625,46,44,48,43,0,0,0,0
1770257268814364259,46,44,48,43,0,0,0,0
1770257268816519796,46,44,48,43,0,0,0,0
1770257268818199546,46,44,47,43,0,0,0,0
1770257268819526968,46,44,47,43,0,0,0,0
1770257268821566215,46,44,47,43,0,0,0,0
1770257268823787289,46,44,48,43,0,0,0,0
1770257268825664420,46,44,48,43,0,0,0,0
1770257268827822709,46,44,48,43,0,0,0,0
1770257268829783041,46,44,48,43,0,0,0,0
1770257268831792463,46,44,48,43,0,0,0,0
1770257268833795132,46,44,48,42,0,0,0,0
1770257268836537722,46,44,47,42,0,0,0,0
1770257268837621171,46,44,47,42,0,0,0,0
1770257268839819749,46,44,47,42,0,0,0,0
1770257268841803090,46,45,47,42,0,0,0,0
1770257268843833632,46,45,47,42,0,0,0,0
1770257268845767948,46,45,47,42,0,0,0,0
1770257268848516554,46,45,47,42,0,0,0,0
1770257268849986284,46,45,47,42,0,0,0,0
1770257268851861558,46,45,47,42,0,0,0,0
1770257268853606078,46,44,47,42,0,0,0,0
1770257268855572427,46,44,47,42,0,0,0,0
1770257268857672762,46,44,47,43,0,0,0,0
1770257268860173907,46,45,48,43,0,0,0,0
1770257268861699638,46,45,48,43,0,0,0,0
1770257268863640290,46,45,48,43,0,0,0,0
1770257268865766034,46,44,48,43,0,0,0,0
1770257268867618236,46,44,48,43,0,0,0,0
1770257268869665387,46,44,48,43,0,0,0,0
1770257268872435145,46,44,48,43,0,0,0,0
1770257268874377462,46,44,48,43,0,0,0,0
1770257268876581032,46,44,48,43,0,0,0,0
1770257268877792355,46,45,48,43,0,0,0,0
1770257268879852914,46,45,48,43,0,0,0,0
1770257268881645499,46,45,48,43,0,0,0,0
1770257268883690793,46,44,47,43,0,0,0,0
1770257268885597556,46,44,47,43,0,0,0,0
1770257268887906121,46,44,47,43,0,0,0,0
1770257268889834260,46,44,47,43,0,0,0,0
1770257268891835074,46,44,47,43,0,0,0,0
1770257268894704643,46,44,47,42,0,0,0,0
1770257268895731226,46,44,47,42,0,0,0,0
1770257268897463714,46,44,47,42,0,0,0,0
1770257268899584338,46,44,47,42,0,0,0,0
1770257268901534718,46,44,47,42,0,0,0,0
1770257268903557580,46,44,47,42,0,0,0,0
1770257268905580826,46,44,47,43,0,0,0,0
1770257268909027752,46,44,47,43,0,0,0,0
1770257268910742351,46,44,47,43,0,0,0,0
1770257268911702789,46,44,47,43,0,0,0,0
1770257268913595856,46,44,48,43,0,0,0,0
1770257268916226380,46,44,48,43,0,0,0,0
1770257268917678605,46,44,48,43,0,0,0,0
1770257268919955424,46,44,48,43,0,0,0,0
1770257268921530820,46,44,48,43,0,0,0,0
1770257268923617299,46,44,48,43,0,0,0,0
1770257268925723427,46,45,48,43,0,0,0,0
1770257268927532236,46,45,48,43,0,0,0,0
1770257268929777567,46,45,48,43,0,0,0,0
1770257268931744556,46,44,48,43,0,0,0,0
1770257268934492362,46,44,48,43,0,0,0,0
1770257268936592634,46,44,48,42,0,0,0,0
1770257268938522854,46,44,48,42,0,0,0,0
1770257268939983847,46,44,48,42,0,0,0,0
1770257268942154520,46,44,48,42,0,0,0,0
1770257268943848127,46,44,47,42,0,0,0,0
1770257268945881965,46,45,47,42,0,0,0,0
1770257268947690614,46,45,47,42,0,0,0,0
1770257268949593633,46,45,47,42,0,0,0,0
1770257268952002584,46,45,47,42,0,0,0,0
1770257268953502426,46,45,47,42,0,0,0,0
1770257268955885200,46,45,48,43,0,0,0,0
1770257268957513333,46,45,48,43,0,0,0,0
1770257268959575012,46,45,48,42,0,0,0,0
1770257268961505360,46,44,48,42,0,0,0,0
1770257268963607999,46,44,48,42,0,0,0,0
1770257268966262203,46,44,48,43,0,0,0,0
1770257268968208680,46,44,47,43,0,0,0,0
1770257268969816396,46,45,47,43,0,0,0,0
1770257268971836666,46,45,47,43,0,0,0,0
1770257268973423934,46,45,47,43,0,0,0,0
1770257268975515822,46,45,47,43,0,0,0,0
1770257268977628542,46,45,47,43,0,0,0,0
1770257268979576778,46,44,47,43,0,0,0,0
1770257268981454900,46,44,47,43,0,0,0,0
1770257268983538020,46,44,47,43,0,0,0,0
1770257268985479440,46,44,47,43,0,0,0,0
1770257268987596224,46,44,47,43,0,0,0,0
1770257268989743825,46,44,47,43,0,0,0,0
1770257268991517721,46,44,47,43,0,0,0,0
1770257268994633312,46,44,47,43,0,0,0,0
1770257268996949492,46,44,47,42,0,0,0,0
1770257268998532440,46,44,47,42,0,0,0,0
1770257269000896590,46,44,47,42,0,0,0,0
1770257269002708791,46,44,47,43,0,0,0,0
1770257269003534858,46,44,47,43,0,0,0,0
1770257269005457397,46,44,47,43,0,0,0,0
1770257269008289302,46,44,48,43,0,0,0,0
1770257269009615924,46,44,48,43,0,0,0,0
1770257269011513855,46,44,48,43,0,0,0,0
1770257269014606725,46,44,48,43,0,0,0,0
1770257269015905827,46,44,48,43,0,0,0,0
1770257269018474493,46,44,48,43,0,0,0,0
1770257269019794171,46,44,48,43,0,0,0,0
1770257269021680454,46,44,48,43,0,0,0,0
1770257269023769301,46,44,48,43,0,0,0,0
1770257269025842052,46,44,48,43,0,0,0,0
1770257269028515553,46,45,48,43,0,0,0,0
1770257269029793022,46,45,48,43,0,0,0,0
1770257269031769355,46,45,48,43,0,0,0,0
1770257269033810937,46,45,47,43,0,0,0,0
1770257269035520640,46,45,47,43,0,0,0,0
1770257269037549454,46,45,47,43,0,0,0,0
1770257269039542715,46,45,47,43,0,0,0,0
1770257269041493575,46,45,47,43,0,0,0,0
1770257269043535702,46,45,47,42,0,0,0,0
1770257269045751976,46,44,47,42,0,0,0,0
1770257269047554673,46,44,47,42,0,0,0,0
1770257269049704610,46,44,47,43,0,0,0,0
1770257269051809490,46,45,47,43,0,0,0,0
1770257269053479479,46,45,47,43,0,0,0,0
1770257269056443739,46,45,47,43,0,0,0,0
1770257269057959421,46,44,48,43,0,0,0,0
1770257269059830216,46,44,48,43,0,0,0,0
1770257269062728073,46,44,47,43,0,0,0,0
1770257269063853091,46,45,47,43,0,0,0,0
1770257269065616107,46,45,47,43,0,0,0,0
1770257269067717179,46,45,47,43,0,0,0,0
1770257269070161778,46,44,47,43,0,0,0,0
1770257269071798327,46,44,47,43,0,0,0,0
1770257269073940872,46,44,47,42,0,0,0,0
1770257269076888427,46,44,47,42,0,0,0,0
1770257269078435950,46,44,47,42,0,0,0,0
1770257269080908422,46,44,47,43,0,0,0,0
1770257269082821266,46,44,47,43,0,0,0,0
1770257269083949067,46,44,47,43,0,0,0,0
1770257269085824150,46,44,48,43,0,0,0,0
1770257269087795331,46,44,48,43,0,0,0,0
1770257269090075062,46,44,48,43,0,0,0,0
1770257269093197213,46,44,48,42,0,0,0,0
1770257269094656158,46,44,47,42,0,0,0,0
1770257269095956700,46,44,47,42,0,0,0,0
1770257269097797894,46,44,48,43,0,0,0,0
1770257269099679568,46,44,48,43,0,0,0,0
1770257269101792576,46,44,48,43,0,0,0,0
1770257269103602569,46,44,48,43,0,0,0,0
1770257269106582701,46,44,48,43,0,0,0,0
1770257269107612260,46,44,48,43,0,0,0,0
1770257269109783254,46,44,48,43,0,0,0,0
1770257269111703009,46,44,48,43,0,0,0,0
1770257269113601612,46,44,48,43,0,0,0,0
1770257269115864768,46,44,48,43,0,0,0,0
1770257269117927887,46,44,47,43,0,0,0,0
1770257269119747640,46,44,47,43,0,0,0,0
1770257269121888297,46,44,47,42,0,0,0,0
1770257269123887894,46,45,47,42,0,0,0,0
1770257269125804417,46,45,47,42,0,0,0,0
1770257269127817487,46,45,47,42,0,0,0,0
1770257269129793500,46,45,47,42,0,0,0,0
1770257269131900844,46,45,47,42,0,0,0,0
1770257269133593298,46,45,47,42,0,0,0,0
1770257269135941896,46,45,47,42,0,0,0,0
1770257269138580035,46,45,47,42,0,0,0,0
1770257269140456526,46,45,47,43,0,0,0,0
1770257269141760044,46,45,47,43,0,0,0,0
1770257269143834491,46,45,47,43,0,0,0,0
1770257269146319347,46,45,47,43,0,0,0,0
1770257269147784980,46,45,47,43,0,0,0,0
1770257269149497307,46,45,47,43,0,0,0,0
1770257269151950323,46,45,47,43,0,0,0,0
1770257269153903359,46,44,47,43,0,0,0,0
1770257269155609734,46,44,47,43,0,0,0,0
1770257269158413158,46,44,47,43,0,0,0,0
1770257269159928552,46,45,48,43,0,0,0,0
1770257269161765202,46,45,48,43,0,0,0,0
1770257269163835041,46,45,47,43,0,0,0,0
1770257269166532414,46,45,47,43,0,0,0,0
1770257269167806779,46,45,47,43,0,0,0,0
1770257269169852585,46,45,48,43,0,0,0,0
1770257269171851351,46,45,48,43,0,0,0,0
1770257269174455506,46,45,48,43,0,0,0,0
1770257269176045238,46,45,47,43,0,0,0,0
1770257269177894464,46,45,47,43,0,0,0,0
1770257269179702729,46,45,47,43,0,0,0,0
1770257269181670774,46,45,48,43,0,0,0,0
1770257269183793350,46,44,48,43,0,0,0,0
1770257269185789427,46,44,48,43,0,0,0,0
1770257269188321325,46,44,48,43,0,0,0,0
1770257269189763277,46,45,48,43,0,0,0,0
1770257269192277926,46,45,48,43,0,0,0,0
1770257269193799497,46,45,48,43,0,0,0,0
1770257269195860344,46,45,48,43,0,0,0,0
1770257269197902982,46,45,48,43,0,0,0,0
1770257269199605389,46,45,48,43,0,0,0,0
1770257269201845024,46,44,48,43,0,0,0,0
1770257269204871556,46,44,48,43,0,0,0,0
1770257269206461865,46,44,48,43,0,0,0,0
1770257269208411829,46,44,48,43,0,0,0,0
1770257269209791060,46,44,48,43,0,0,0,0
1770257269212146410,46,44,48,43,0,0,0,0
1770257269213788847,46,44,48,43,0,0,0,0
1770257269215577495,46,44,48,43,0,0,0,0
1770257269217864171,46,44,48,43,0,0,0,0
1770257269219793623,46,44,47,43,0,0,0,0
1770257269221510238,46,44,47,43,0,0,0,0
1770257269223592813,46,44,47,43,0,0,0,0
1770257269225768671,46,45,47,43,0,0,0,0
1770257269227778924,46,45,47,43,0,0,0,0
1770257269229582165,46,45,47,43,0,0,0,0
1770257269231639908,46,44,47,43,0,0,0,0
1770257269233665394,46,44,47,43,0,0,0,0
1770257269235700224,46,44,47,43,0,0,0,0
1770257269237671341,46,44,47,43,0,0,0,0
1770257269239621593,46,44,47,43,0,0,0,0
1770257269241695720,46,44,47,43,0,0,0,0
1770257269243641397,46,44,47,43,0,0,0,0
1770257269246399507,46,44,47,43,0,0,0,0
1770257269247912566,46,44,47,43,0,0,0,0
1770257269249769056,46,44,47,43,0,0,0,0
1770257269251771501,46,44,47,43,0,0,0,0
1770257269253762106,46,44,47,43,0,0,0,0
1770257269255892843,46,44,47,43,0,0,0,0
1770257269257968570,46,44,47,43,0,0,0,0
1770257269260338000,46,44,47,43,0,0,0,0
1770257269261753968,46,44,48,43,0,0,0,0
1770257269263551417,46,44,48,43,0,0,0,0
1770257269265804588,46,44,48,43,0,0,0,0
1770257269267776184,46,44,48,43,0,0,0,0
1770257269269488767,46,44,48,43,0,0,0,0
1770257269271581487,46,44,48,43,0,0,0,0
1770257269273797633,46,45,48,43,0,0,0,0
1770257269275831375,46,45,48,43,0,0,0,0
1770257269277785244,46,45,48,43,0,0,0,0
1770257269279803786,46,44,47,43,0,0,0,0
1770257269281780566,46,44,47,43,0,0,0,0
1770257269283783364,46,44,47,42,0,0,0,0
1770257269286367487,46,45,47,42,0,0,0,0
1770257269287779999,46,45,47,42,0,0,0,0
1770257269289549191,46,45,47,42,0,0,0,0
1770257269291794042,46,45,47,42,0,0,0,0
1770257269293662820,46,45,47,42,0,0,0,0
1770257269295683730,46,45,47,42,0,0,0,0
1770257269297964294,46,45,47,42,0,0,0,0
1770257269300472511,46,45,47,42,0,0,0,0
1770257269301779772,46,45,47,42,0,0,0,0
1770257269303796650,46,45,47,42,0,0,0,0
1770257269306254210,46,45,47,42,0,0,0,0
1770257269307620609,46,45,47,42,0,0,0,0
1770257269309604878,46,45,47,42,0,0,0,0
1770257269311803072,46,45,47,42,0,0,0,0
1770257269313779469,46,45,47,43,0,0,0,0
1770257269315791418,46,45,48,43,0,0,0,0
1770257269318505688,46,45,48,43,0,0,0,0
1770257269320474981,46,45,48,43,0,0,0,0
1770257269321798499,46,45,48,43,0,0,0,0
1770257269323802416,46,45,48,43,0,0,0,0
1770257269326141253,46,45,48,43,0,0,0,0
1770257269327814443,46,45,47,43,0,0,0,0
1770257269329592244,46,45,47,43,0,0,0,0
1770257269331604481,46,45,47,42,0,0,0,0
1770257269334021976,46,45,47,42,0,0,0,0
1770257269335926020,46,45,47,42,0,0,0,0
1770257269337875824,46,45,47,42,0,0,0,0
1770257269339994720,46,45,47,42,0,0,0,0
1770257269341901099,46,45,47,42,0,0,0,0
1770257269344373635,46,45,47,42,0,0,0,0
1770257269345852293,46,45,47,42,0,0,0,0
1770257269348239611,46,45,47,42,0,0,0,0
1770257269349527736,46,45,47,43,0,0,0,0
1770257269351745611,46,44,48,43,0,0,0,0
1770257269353632822,46,44,48,43,0,0,0,0
1770257269355719109,46,44,48,42,0,0,0,0
1770257269357562863,46,45,48,42,0,0,0,0
1770257269359876451,46,45,48,42,0,0,0,0
1770257269361976723,46,45,48,43,0,0,0,0
1770257269364685936,46,45,48,43,0,0,0,0
1770257269365784489,46,45,48,43,0,0,0,0
1770257269368361860,46,45,47,43,0,0,0,0
1770257269369612576,46,45,47,43,0,0,0,0
1770257269371532748,46,45,47,43,0,0,0,0
1770257269373594523,46,45,47,43,0,0,0,0
1770257269375633417,46,44,47,43,0,0,0,0
1770257269377603734,46,44,47,43,0,0,0,0
1770257269380429174,46,44,47,42,0,0,0,0
1770257269381993881,46,44,47,42,0,0,0,0
1770257269383914309,46,44,47,42,0,0,0,0
1770257269386934570,46,44,47,42,0,0,0,0
1770257269388304809,46,44,47,42,0,0,0,0
1770257269389591430,46,44,47,42,0,0,0,0
1770257269391596755,46,44,47,43,0,0,0,0
1770257269393637154,46,45,47,43,0,0,0,0
1770257269395854868,46,45,47,43,0,0,0,0
1770257269397630876,46,45,47,42,0,0,0,0
1770257269399853007,46,44,47,42,0,0,0,0
1770257269402566380,46,44,47,43,0,0,0,0
1770257269403845065,46,44,47,43,0,0,0,0
1770257269405997498,46,44,47,43,0,0,0,0
1770257269408556564,46,44,47,43,0,0,0,0
1770257269409798449,46,44,47,43,0,0,0,0
1770257269411918209,46,45,47,43,0,0,0,0
1770257269413635400,46,45,47,43,0,0,0,0
1770257269415885243,46,45,47,43,0,0,0,0
1770257269417676131,46,44,47,43,0,0,0,0
1770257269420561765,46,44,47,43,0,0,0,0
1770257269421731136,46,44,47,43,0,0,0,0
1770257269423878416,46,44,47,43,0,0,0,0
1770257269426444619,46,44,47,43,0,0,0,0
1770257269427816490,46,44,47,43,0,0,0,0
1770257269429650643,46,45,47,43,0,0,0,0
1770257269431688994,46,45,47,43,0,0,0,0
1770257269433790033,46,45,47,43,0,0,0,0
1770257269435948258,46,44,47,43,0,0,0,0
1770257269437843149,46,44,47,43,0,0,0,0
1770257269439811546,46,44,47,43,0,0,0,0
1770257269442469526,46,44,47,43,0,0,0,0
1770257269443835893,46,44,47,43,0,0,0,0
1770257269446371727,46,44,47,43,0,0,0,0
1770257269447651180,46,44,48,43,0,0,0,0
1770257269449584696,46,44,48,43,0,0,0,0
1770257269452465785,46,44,48,43,0,0,0,0
1770257269453830360,46,44,48,43,0,0,0,0
1770257269455774276,46,44,48,43,0,0,0,0
1770257269457822451,46,44,48,43,0,0,0,0
1770257269459837537,46,44,48,43,0,0,0,0
1770257269462622912,46,44,48,43,0,0,0,0
1770257269463852156,46,44,48,43,0,0,0,0
1770257269465881674,46,44,48,43,0,0,0,0
1770257269468637672,46,44,48,43,0,0,0,0
1770257269469677824,46,44,48,43,0,0,0,0
1770257269471551627,46,44,48,43,0,0,0,0
1770257269473939169,46,44,48,43,0,0,0,0
1770257269476397305,46,44,47,43,0,0,0,0
1770257269477640117,46,44,47,43,0,0,0,0
1770257269480608984,46,44,47,43,0,0,0,0
1770257269481778259,46,44,47,43,0,0,0,0
1770257269484460144,46,44,47,43,0,0,0,0
1770257269486488062,46,44,47,43,0,0,0,0
1770257269487805660,46,44,47,43,0,0,0,0
1770257269489563139,46,44,47,43,0,0,0,0
1770257269491606802,46,44,47,43,0,0,0,0
1770257269493521021,46,44,47,43,0,0,0,0
1770257269495753744,46,45,47,43,0,0,0,0
1770257269497605050,46,45,47,43,0,0,0,0
1770257269499590599,46,45,47,43,0,0,0,0
1770257269501906492,46,45,47,43,0,0,0,0
1770257269504482966,46,45,47,43,0,0,0,0
1770257269505797524,46,45,47,43,0,0,0,0
1770257269507792577,46,45,47,43,0,0,0,0
1770257269509726637,46,45,47,43,0,0,0,0
1770257269511574839,46,45,48,43,0,0,0,0
1770257269513501731,46,45,48,43,0,0,0,0
1770257269515643316,46,45,48,43,0,0,0,0
1770257269517672002,46,45,47,43,0,0,0,0
1770257269520530402,46,44,47,43,0,0,0,0
1770257269521846432,46,44,47,43,0,0,0,0
1770257269523826765,46,44,47,43,0,0,0,0
1770257269525800026,46,44,47,43,0,0,0,0
1770257269527768167,46,44,47,43,0,0,0,0
1770257269529810677,46,44,47,43,0,0,0,0
1770257269531533884,46,44,47,43,0,0,0,0
1770257269533554058,46,44,47,43,0,0,0,0
1770257269535589816,46,44,47,43,0,0,0,0
1770257269537670408,46,44,47,43,0,0,0,0
1770257269539570739,46,44,47,43,0,0,0,0
1770257269543812371,46,44,47,43,0,0,0,0
1770257269545439224,46,45,47,43,0,0,0,0
1770257269547175615,46,45,47,43,0,0,0,0
1770257269549150540,46,45,47,43,0,0,0,0
1770257269550578413,46,44,47,43,0,0,0,0
1770257269551756615,46,44,47,43,0,0,0,0
1770257269554039259,46,44,47,42,0,0,0,0
1770257269555562238,46,44,47,42,0,0,0,0
1770257269557684878,46,44,47,42,0,0,0,0
1770257269559883488,46,44,47,43,0,0,0,0
1770257269561809996,46,45,47,43,0,0,0,0
1770257269563872762,46,45,47,43,0,0,0,0
1770257269566237488,46,45,47,43,0,0,0,0
1770257269568556709,46,45,47,43,0,0,0,0
1770257269569771680,46,45,47,43,0,0,0,0
1770257269571868208,46,45,47,42,0,0,0,0
1770257269573670553,46,45,48,42,0,0,0,0
1770257269576391639,46,45,48,42,0,0,0,0
1770257269577681364,46,45,48,43,0,0,0,0
1770257269579613824,46,45,48,43,0,0,0,0
1770257269581887795,46,45,48,43,0,0,0,0
1770257269583876737,46,45,47,42,0,0,0,0
1770257269585666633,46,45,47,42,0,0,0,0
1770257269588528746,46,45,47,42,0,0,0,0
1770257269590222961,46,45,47,43,0,0,0,0
1770257269591720051,46,45,47,43,0,0,0,0
1770257269595240195,46,45,47,43,0,0,0,0
1770257269597357299,46,45,47,43,0,0,0,0
1770257269598911894,46,45,47,43,0,0,0,0
1770257269601211594,46,45,47,43,0,0,0,0
1770257269602306531,46,45,47,43,0,0,0,0
1770257269603497310,46,44,48,43,0,0,0,0
1770257269605524844,46,44,48,43,0,0,0,0
1770257269607511801,46,44,47,43,0,0,0,0
1770257269609773612,46,44,47,43,0,0,0,0
1770257269611735257,46,44,47,43,0,0,0,0
1770257269614691388,46,44,47,43,0,0,0,0
1770257269617020273,46,44,47,43,0,0,0,0
1770257269618929276,46,44,47,43,0,0,0,0
1770257269620738885,46,44,47,43,0,0,0,0
1770257269622057635,46,44,47,43,0,0,0,0
1770257269623587814,46,44,47,43,0,0,0,0
1770257269626089791,46,44,47,43,0,0,0,0
1770257269627577953,46,44,47,43,0,0,0,0
1770257269629562318,46,44,47,43,0,0,0,0
1770257269631599228,46,44,47,43,0,0,0,0
1770257269633811726,46,44,48,43,0,0,0,0
1770257269635843548,46,44,48,43,0,0,0,0
1770257269638287732,46,44,48,43,0,0,0,0
1770257269639832183,46,44,48,43,0,0,0,0
1770257269641823044,46,44,48,43,0,0,0,0
1770257269644705413,46,44,47,43,0,0,0,0
1770257269646512623,46,44,47,43,0,0,0,0
1770257269648018865,46,44,47,43,0,0,0,0
1770257269650405959,46,44,47,43,0,0,0,0
1770257269651885608,46,44,48,43,0,0,0,0
1770257269653584847,46,44,48,43,0,0,0,0
1770257269655828450,46,44,48,43,0,0,0,0
1770257269657540009,46,44,48,43,0,0,0,0
1770257269659711066,46,44,48,43,0,0,0,0
1770257269661615941,46,44,48,43,0,0,0,0
1770257269663799575,46,45,48,43,0,0,0,0
1770257269665895431,46,45,48,43,0,0,0,0
1770257269668523266,46,45,47,43,0,0,0,0
1770257269670202504,46,44,47,43,0,0,0,0
1770257269671859246,46,44,47,43,0,0,0,0
1770257269673617814,46,44,47,43,0,0,0,0
1770257269675899242,46,45,47,43,0,0,0,0
1770257269677674450,46,45,47,43,0,0,0,0
1770257269679598270,46,45,47,43,0,0,0,0
1770257269681792111,46,45,47,43,0,0,0,0
1770257269683817277,46,45,47,43,0,0,0,0
1770257269686407512,46,45,47,43,0,0,0,0
1770257269688486631,46,45,47,43,0,0,0,0
1770257269690361170,46,45,47,43,0,0,0,0
1770257269691929462,46,44,47,43,0,0,0,0
1770257269693562011,46,44,47,43,0,0,0,0
1770257269695721068,46,44,47,43,0,0,0,0
1770257269697622327,46,44,47,43,0,0,0,0
1770257269699562371,46,45,47,43,0,0,0,0
1770257269701592753,46,45,47,43,0,0,0,0
1770257269703870693,46,45,47,43,0,0,0,0
1770257269706479840,46,44,47,43,0,0,0,0
1770257269708017795,46,44,47,43,0,0,0,0
1770257269710560573,46,44,48,43,0,0,0,0
1770257269711921467,46,44,48,43,0,0,0,0
1770257269713890920,46,44,48,43,0,0,0,0
1770257269716641383,46,44,48,43,0,0,0,0
1770257269717696831,46,44,48,43,0,0,0,0
1770257269719575817,46,44,48,43,0,0,0,0
1770257269721778651,46,44,48,43,0,0,0,0
1770257269723903371,46,45,48,43,0,0,0,0
1770257269725580274,46,45,48,43,0,0,0,0
1770257269727545726,46,45,47,43,0,0,0,0
1770257269729486122,46,44,47,43,0,0,0,0
1770257269731652891,46,44,47,43,0,0,0,0
1770257269733567527,46,44,47,43,0,0,0,0
1770257269735992830,46,44,47,43,0,0,0,0
1770257269737959403,46,44,47,43,0,0,0,0
1770257269739902167,46,44,47,43,0,0,0,0
1770257269741909764,46,44,47,43,0,0,0,0
1770257269743785743,46,44,47,43,0,0,0,0
1770257269745795964,46,44,48,43,0,0,0,0
1770257269747573989,46,44,48,43,0,0,0,0
1770257269749762518,46,44,48,43,0,0,0,0
1770257269751822565,46,44,48,43,0,0,0,0
1770257269753730833,46,44,48,43,0,0,0,0
1770257269755876961,46,44,48,43,0,0,0,0
1770257269757934672,46,44,47,43,0,0,0,0
1770257269760427081,46,45,47,43,0,0,0,0
1770257269761769863,46,45,47,43,0,0,0,0
1770257269764409827,46,45,47,43,0,0,0,0
1770257269765773090,46,45,47,43,0,0,0,0
1770257269767560459,46,45,47,43,0,0,0,0
1770257269769554008,46,45,47,43,0,0,0,0
1770257269771620231,46,44,47,43,0,0,0,0
1770257269773627380,46,44,47,43,0,0,0,0
1770257269776573335,46,44,47,43,0,0,0,0
1770257269777895221,46,45,47,43,0,0,0,0
1770257269779900291,46,45,47,43,0,0,0,0
1770257269781862159,46,45,47,42,0,0,0,0
1770257269784612974,46,45,47,42,0,0,0,0
1770257269785640549,46,45,47,42,0,0,0,0
1770257269787655571,46,45,47,42,0,0,0,0
1770257269789690017,46,44,47,42,0,0,0,0
1770257269791623117,46,44,47,42,0,0,0,0
1770257269793800926,46,44,47,43,0,0,0,0
1770257269795642728,46,44,47,43,0,0,0,0
1770257269798097376,46,44,47,43,0,0,0,0
1770257269799624354,46,44,47,42,0,0,0,0
1770257269801582671,46,45,47,42,0,0,0,0
1770257269803590525,46,45,47,42,0,0,0,0
1770257269805486568,46,45,47,43,0,0,0,0
1770257269807818044,46,45,47,43,0,0,0,0
1770257269809821258,46,45,47,43,0,0,0,0
1770257269812679307,46,45,47,43,0,0,0,0
1770257269813584095,46,44,47,43,0,0,0,0
1770257269816350046,46,44,47,43,0,0,0,0
1770257269817671388,46,44,47,43,0,0,0,0
1770257269819428196,46,45,47,43,0,0,0,0
1770257269821558708,46,45,47,43,0,0,0,0
1770257269823570562,46,45,48,43,0,0,0,0
1770257269825509262,46,45,48,43,0,0,0,0
1770257269827865700,46,45,48,43,0,0,0,0
1770257269829918290,46,45,48,43,0,0,0,0
1770257269832008034,46,44,48,43,0,0,0,0
1770257269834329942,46,44,48,43,0,0,0,0
1770257269835844857,46,44,47,43,0,0,0,0
1770257269838056619,46,45,47,43,0,0,0,0
1770257269839875924,46,45,47,43,0,0,0,0
1770257269841914851,46,45,48,43,0,0,0,0
1770257269843930384,46,45,48,43,0,0,0,0
1770257269845930814,46,45,48,43,0,0,0,0
1770257269847715590,46,45,48,43,0,0,0,0
1770257269849534608,46,45,48,43,0,0,0,0
1770257269851624255,46,45,48,43,0,0,0,0
1770257269853708366,46,45,48,43,0,0,0,0
1770257269855571737,46,44,48,43,0,0,0,0
1770257269858017296,46,44,48,43,0,0,0,0
1770257269860003677,46,44,47,43,0,0,0,0
1770257269861887304,46,44,47,43,0,0,0,0
1770257269863843284,46,44,47,43,0,0,0,0
1770257269866496145,46,44,47,43,0,0,0,0
1770257269868435997,46,44,47,43,0,0,0,0
1770257269870223557,46,44,47,43,0,0,0,0
1770257269871820617,46,44,47,43,0,0,0,0
1770257269874289922,46,45,47,43,0,0,0,0
1770257269876434770,46,45,47,43,0,0,0,0
1770257269877646574,46,44,47,43,0,0,0,0
1770257269879514168,46,44,47,43,0,0,0,0
1770257269881637224,46,44,47,43,0,0,0,0
1770257269883644214,46,45,47,43,0,0,0,0
1770257269885612291,46,45,47,43,0,0,0,0
1770257269887824917,46,45,47,43,0,0,0,0
1770257269889821442,46,45,47,43,0,0,0,0
1770257269891658892,46,45,47,43,0,0,0,0
1770257269894602895,46,45,47,43,0,0,0,0
1770257269896369303,46,45,48,43,0,0,0,0
1770257269897617747,46,45,48,43,0,0,0,0
1770257269899647329,46,45,48,43,0,0,0,0
1770257269901617646,46,45,47,43,0,0,0,0
1770257269903716670,46,44,47,43,0,0,0,0
1770257269905652490,46,44,47,43,0,0,0,0
1770257269908276005,46,44,48,43,0,0,0,0
1770257269909807912,46,44,48,43,0,0,0,0
1770257269911850358,46,44,48,43,0,0,0,0
1770257269913607102,46,44,48,43,0,0,0,0
1770257269915952915,46,44,48,43,0,0,0,0
1770257269917686747,46,44,48,43,0,0,0,0
1770257269919648871,46,44,48,43,0,0,0,0
1770257269921500913,46,44,48,43,0,0,0,0
1770257269923816678,46,44,48,43,0,0,0,0
1770257269925827156,46,45,47,43,0,0,0,0
1770257269927840641,46,45,47,43,0,0,0,0
1770257269929803662,46,45,47,43,0,0,0,0
1770257269931951647,46,45,47,43,0,0,0,0
1770257269933939308,46,44,47,43,0,0,0,0
1770257269935735540,46,44,47,43,0,0,0,0
1770257269937857925,46,44,47,43,0,0,0,0
1770257269939524266,46,45,47,43,0,0,0,0
1770257269941787518,46,45,47,43,0,0,0,0
1770257269944527836,46,45,47,43,0,0,0,0
1770257269945827546,46,45,47,43,0,0,0,0
1770257269947812295,46,45,47,43,0,0,0,0
1770257269949777203,46,45,47,43,0,0,0,0
1770257269952481873,46,45,47,43,0,0,0,0
1770257269953790094,46,45,47,43,0,0,0,0
1770257269955623608,46,45,47,43,0,0,0,0
1770257269958000686,46,44,47,43,0,0,0,0
1770257269959685556,46,44,47,43,0,0,0,0
1770257269961712066,46,44,47,43,0,0,0,0
1770257269963571692,46,44,47,43,0,0,0,0
1770257269965750910,46,44,47,43,0,0,0,0
1770257269967684522,46,44,47,43,0,0,0,0
1770257269969534804,46,45,47,43,0,0,0,0
1770257269971654660,46,45,47,43,0,0,0,0
1770257269973841750,46,44,47,43,0,0,0,0
1770257269976618805,46,44,47,43,0,0,0,0
1770257269977894802,46,44,47,43,0,0,0,0
1770257269979626329,46,44,47,43,0,0,0,0
1770257269981690856,46,44,47,43,0,0,0,0
1770257269983705589,46,44,47,43,0,0,0,0
1770257269985712995,46,44,47,43,0,0,0,0
1770257269987698416,46,44,47,43,0,0,0,0
1770257269989627964,46,44,47,43,0,0,0,0
1770257269991830798,46,44,48,43,0,0,0,0
1770257269993628407,46,44,48,43,0,0,0,0
1770257269995666341,46,44,48,43,0,0,0,0
1770257269997679059,46,44,48,43,0,0,0,0
1770257269999656448,46,44,48,43,0,0,0,0
1770257270001596492,46,44,48,43,0,0,0,0
1770257270004285481,46,44,48,43,0,0,0,0
1770257270005590886,46,44,48,43,0,0,0,0
1770257270007597268,46,44,48,43,0,0,0,0
1770257270009620898,46,44,48,43,0,0,0,0
1770257270011807059,46,45,48,43,0,0,0,0
1770257270013837890,46,45,48,43,0,0,0,0
1770257270015615754,46,45,47,43,0,0,0,0
1770257270017554838,46,45,47,43,0,0,0,0
1770257270019604580,46,45,47,42,0,0,0,0
1770257270021809783,46,45,47,42,0,0,0,0
1770257270023501117,46,44,47,42,0,0,0,0
1770257270026937963,46,44,47,42,0,0,0,0
1770257270028170535,46,44,47,43,0,0,0,0
1770257270030802211,46,45,47,43,0,0,0,0
1770257270032038335,46,45,47,43,0,0,0,0
1770257270034423605,46,45,47,43,0,0,0,0
1770257270035574415,46,45,47,43,0,0,0,0
1770257270037594237,46,45,47,43,0,0,0,0
1770257270039623947,46,45,47,43,0,0,0,0
1770257270041572599,46,45,47,43,0,0,0,0
1770257270043604933,46,45,47,43,0,0,0,0
1770257270045842392,46,45,47,43,0,0,0,0
1770257270048158093,46,44,48,43,0,0,0,0
1770257270049874324,46,44,48,43,0,0,0,0
1770257270051927266,46,44,47,43,0,0,0,0
1770257270054531549,46,44,47,43,0,0,0,0
1770257270055564309,46,44,47,43,0,0,0,0
1770257270057577923,46,44,48,43,0,0,0,0
1770257270059627793,46,45,48,43,0,0,0,0
1770257270061558301,46,45,48,43,0,0,0,0
1770257270063641676,46,45,47,43,0,0,0,0
1770257270065904608,46,44,47,43,0,0,0,0
1770257270068113106,46,44,47,43,0,0,0,0
1770257270069676757,46,44,47,43,0,0,0,0
1770257270071668482,46,44,47,43,0,0,0,0
1770257270073653775,46,44,47,43,0,0,0,0
1770257270076348429,46,44,47,43,0,0,0,0
1770257270077986290,46,44,47,43,0,0,0,0
1770257270079941214,46,44,47,43,0,0,0,0
1770257270082418966,46,44,47,43,0,0,0,0
1770257270084428676,46,45,47,43,0,0,0,0
1770257270085798787,46,45,47,43,0,0,0,0
1770257270087808401,46,45,47,43,0,0,0,0
1770257270089491703,46,44,47,43,0,0,0,0
1770257270091685577,46,44,47,43,0,0,0,0
1770257270093643125,46,44,48,43,0,0,0,0
1770257270095660291,46,44,48,43,0,0,0,0
1770257270097632880,46,44,48,43,0,0,0,0
1770257270099826274,46,44,48,43,0,0,0,0
1770257270101513032,46,44,48,43,0,0,0,0
1770257270103584151,46,44,48,43,0,0,0,0
1770257270105589636,46,44,48,43,0,0,0,0
1770257270107545809,46,45,48,43,0,0,0,0
1770257270109432796,46,45,48,43,0,0,0,0
1770257270111648590,46,45,48,43,0,0,0,0
1770257270113782046,46,44,48,43,0,0,0,0
1770257270115868878,46,44,48,43,0,0,0,0
1770257270117706872,46,44,47,43,0,0,0,0
1770257270119660580,46,44,47,43,0,0,0,0
1770257270121560271,46,44,47,43,0,0,0,0
1770257270123582461,46,44,47,43,0,0,0,0
1770257270125552330,46,44,47,43,0,0,0,0
1770257270127596632,46,44,47,43,0,0,0,0
1770257270129528132,46,44,47,43,0,0,0,0
1770257270132646379,46,45,47,43,0,0,0,0
1770257270134477140,46,45,47,43,0,0,0,0
1770257270136503554,46,45,47,43,0,0,0,0
1770257270137830784,46,45,47,43,0,0,0,0
1770257270139705643,46,45,47,43,0,0,0,0
1770257270141651287,46,44,47,43,0,0,0,0
1770257270143651333,46,44,47,43,0,0,0,0
1770257270145521871,46,44,47,43,0,0,0,0
1770257270147637663,46,44,47,43,0,0,0,0
1770257270149745647,46,45,47,43,0,0,0,0
1770257270152019811,46,45,47,43,0,0,0,0
1770257270154510779,46,45,47,43,0,0,0,0
1770257270156020829,46,44,47,43,0,0,0,0
1770257270157930537,46,44,47,43,0,0,0,0
1770257270159719921,46,44,48,43,0,0,0,0
1770257270162563090,46,44,48,43,0,0,0,0
1770257270164242072,46,44,48,43,0,0,0,0
1770257270165793979,46,44,48,43,0,0,0,0
1770257270168435959,46,44,48,43,0,0,0,0
1770257270169797046,46,44,48,43,0,0,0,0
1770257270171846213,46,44,48,43,0,0,0,0
1770257270173613965,46,44,48,43,0,0,0,0
1770257270175754141,46,44,48,43,0,0,0,0
1770257270177598119,46,44,47,43,0,0,0,0
1770257270179738584,46,44,47,43,0,0,0,0
1770257270181647491,46,44,47,43,0,0,0,0
1770257270183851349,46,44,47,43,0,0,0,0
1770257270185801921,46,44,47,43,0,0,0,0
1770257270188486846,46,44,47,43,0,0,0,0
1770257270189763291,46,44,47,43,0,0,0,0
1770257270191771177,46,44,47,43,0,0,0,0
1770257270193684212,46,44,47,43,0,0,0,0
1770257270196194349,46,44,47,43,0,0,0,0
1770257270197735472,46,44,47,43,0,0,0,0
1770257270199563898,46,44,47,43,0,0,0,0
1770257270201816557,46,45,47,43,0,0,0,0
1770257270203824123,46,45,47,43,0,0,0,0
1770257270207122501,46,45,47,43,0,0,0,0
1770257270208450916,46,45,47,43,0,0,0,0
1770257270209807650,46,45,47,43,0,0,0,0
1770257270211858225,46,45,47,43,0,0,0,0
1770257270213962433,46,45,47,43,0,0,0,0
1770257270215872492,46,45,47,43,0,0,0,0
1770257270218573353,46,45,47,43,0,0,0,0
1770257270219958025,46,45,47,43,0,0,0,0
1770257270221779730,46,45,47,43,0,0,0,0
1770257270223671037,46,45,47,43,0,0,0,0
1770257270225813582,46,45,47,43,0,0,0,0
1770257270227705785,46,45,47,43,0,0,0,0
1770257270229703750,46,45,47,43,0,0,0,0
1770257270231906744,46,45,48,43,0,0,0,0
1770257270233699233,46,45,48,43,0,0,0,0
1770257270235870802,46,45,48,43,0,0,0,0
1770257270237721468,46,45,48,43,0,0,0,0
1770257270239629575,46,44,48,43,0,0,0,0
1770257270241624597,46,44,48,43,0,0,0,0
1770257270243685060,46,44,47,43,0,0,0,0
1770257270246505444,46,45,47,43,0,0,0,0
1770257270247890403,46,45,47,43,0,0,0,0
1770257270249870992,46,45,47,43,0,0,0,0
1770257270252308231,46,45,47,43,0,0,0,0
1770257270253646342,46,45,47,43,0,0,0,0
1770257270255620466,46,45,47,43,0,0,0,0
1770257270257672641,46,45,47,43,0,0,0,0
1770257270259636078,46,45,47,42,0,0,0,0
1770257270261722557,46,45,47,42,0,0,0,0
1770257270263673641,46,44,47,42,0,0,0,0
1770257270266369542,46,44,47,42,0,0,0,0
1770257270268489591,46,44,47,43,0,0,0,0
1770257270270830092,46,44,47,43,0,0,0,0
1770257270272800248,46,44,47,43,0,0,0,0
1770257270274474494,46,44,47,43,0,0,0,0
1770257270277133147,46,44,47,43,0,0,0,0
1770257270278671774,46,44,47,43,0,0,0,0
1770257270280589385,46,44,47,43,0,0,0,0
1770257270282542262,46,44,47,43,0,0,0,0
1770257270283917589,46,44,47,43,0,0,0,0
1770257270285818880,46,44,48,43,0,0,0,0
1770257270287884719,46,45,48,43,0,0,0,0
1770257270289867612,46,45,48,43,0,0,0,0
1770257270291636676,46,44,47,43,0,0,0,0
1770257270293622097,46,44,47,43,0,0,0,0
1770257270295880004,46,44,47,43,0,0,0,0
1770257270297589355,46,45,48,43,0,0,0,0
1770257270299939937,46,45,48,43,0,0,0,0
1770257270302499259,46,45,48,43,0,0,0,0
1770257270303625876,46,45,47,43,0,0,0,0
1770257270305814470,46,45,47,43,0,0,0,0
1770257270307653072,46,45,47,43,0,0,0,0
1770257270309582716,46,44,47,43,0,0,0,0
1770257270311702924,46,44,47,43,0,0,0,0
1770257270313895997,46,44,48,43,0,0,0,0
1770257270316103408,46,45,48,43,0,0,0,0
1770257270318187711,46,45,48,43,0,0,0,0
1770257270320382097,46,45,48,43,0,0,0,0
1770257270322420415,46,45,47,43,0,0,0,0
1770257270323787454,46,44,47,43,0,0,0,0
1770257270325827436,46,44,47,43,0,0,0,0
1770257270328395335,46,44,47,43,0,0,0,0
1770257270329675012,46,45,47,43,0,0,0,0
1770257270331635632,46,45,47,43,0,0,0,0
1770257270333827650,46,45,48,43,0,0,0,0
1770257270335856624,46,45,48,43,0,0,0,0
1770257270338015137,46,45,48,43,0,0,0,0
1770257270339868875,46,45,47,43,0,0,0,0
1770257270341865400,46,45,47,43,0,0,0,0
1770257270344351857,46,45,47,43,0,0,0,0
1770257270345818930,46,44,48,43,0,0,0,0
1770257270347666172,46,44,48,43,0,0,0,0
1770257270350388730,46,44,48,43,0,0,0,0
1770257270351929341,46,44,48,42,0,0,0,0
1770257270354231665,46,44,48,42,0,0,0,0
1770257270355879831,46,44,48,42,0,0,0,0
1770257270357752001,46,44,48,43,0,0,0,0
1770257270360301851,46,44,48,43,0,0,0,0
1770257270361804605,46,44,48,43,0,0,0,0
1770257270364266229,46,44,48,43,0,0,0,0
1770257270365837241,46,44,48,43,0,0,0,0
1770257270367991081,46,44,48,43,0,0,0,0
1770257270369834419,46,45,48,43,0,0,0,0
1770257270371620636,46,45,48,43,0,0,0,0
1770257270373834286,46,45,48,43,0,0,0,0
1770257270375568790,46,44,48,43,0,0,0,0
1770257270377647525,46,44,48,43,0,0,0,0
1770257270379942105,46,44,48,43,0,0,0,0
1770257270381828356,46,45,48,43,0,0,0,0
1770257270383839697,46,45,48,43,0,0,0,0
1770257270386549199,46,45,48,43,0,0,0,0
1770257270387835340,46,44,48,43,0,0,0,0
1770257270389716663,46,44,48,43,0,0,0,0
1770257270391714596,46,44,48,43,0,0,0,0
1770257270393602223,46,44,48,43,0,0,0,0
1770257270395793473,46,45,48,43,0,0,0,0
1770257270397722668,46,45,48,43,0,0,0,0
1770257270399571670,46,45,47,43,0,0,0,0
1770257270401829354,46,45,47,43,0,0,0,0
1770257270403824471,46,45,47,43,0,0,0,0
1770257270406552533,46,45,47,43,0,0,0,0
1770257270408543522,46,45,47,43,0,0,0,0
1770257270409642363,46,45,47,42,0,0,0,0
1770257270411656393,46,45,47,42,0,0,0,0
1770257270413916124,46,45,47,42,0,0,0,0
1770257270415849768,46,45,47,42,0,0,0,0
1770257270417717906,46,45,47,42,0,0,0,0
1770257270419796962,46,45,47,42,0,0,0,0
1770257270422069397,46,45,47,42,0,0,0,0
1770257270423739515,46,45,47,43,0,0,0,0
1770257270425614118,46,45,47,43,0,0,0,0
1770257270427599251,46,45,47,43,0,0,0,0
1770257270429794053,46,45,47,43,0,0,0,0
1770257270431614126,46,44,47,43,0,0,0,0
1770257270433433687,46,44,47,43,0,0,0,0
1770257270435545639,46,44,48,43,0,0,0,0
1770257270437593526,46,44,48,43,0,0,0,0
1770257270439636068,46,44,48,43,0,0,0,0
1770257270441813589,46,44,48,43,0,0,0,0
1770257270444481362,46,44,48,43,0,0,0,0
1770257270446465247,46,44,48,43,0,0,0,0
1770257270448430124,46,44,48,43,0,0,0,0
1770257270449788266,46,44,48,43,0,0,0,0
1770257270451548402,46,44,48,43,0,0,0,0
1770257270453800422,46,44,48,43,0,0,0,0
1770257270455704113,46,45,48,43,0,0,0,0
1770257270457631036,46,45,48,43,0,0,0,0
1770257270460026611,46,45,47,43,0,0,0,0
1770257270461744474,46,45,47,43,0,0,0,0
1770257270463966668,46,45,47,43,0,0,0,0
1770257270466446437,46,45,47,43,0,0,0,0
1770257270467959335,46,45,47,43,0,0,0,0
1770257270470529249,46,45,47,42,0,0,0,0
1770257270471672763,46,45,47,42,0,0,0,0
1770257270473633224,46,45,47,42,0,0,0,0
1770257270475997021,46,45,47,43,0,0,0,0
1770257270478009003,46,45,47,43,0,0,0,0
1770257270479732466,46,45,47,43,0,0,0,0
1770257270482443856,46,45,47,43,0,0,0,0
1770257270483982067,46,45,47,43,0,0,0,0
1770257270486462571,46,45,47,43,0,0,0,0
1770257270487860267,46,45,47,43,0,0,0,0
1770257270489866808,46,45,47,43,0,0,0,0
1770257270491885926,46,45,47,43,0,0,0,0
1770257270493591981,46,45,47,43,0,0,0,0
1770257270495463351,46,45,47,43,0,0,0,0
1770257270497674186,46,44,47,43,0,0,0,0
1770257270499462642,46,44,47,43,0,0,0,0
1770257270501778599,46,44,47,43,0,0,0,0
1770257270503710259,46,44,47,43,0,0,0,0
1770257270505746145,46,44,47,43,0,0,0,0
1770257270507765423,46,44,47,43,0,0,0,0
1770257270509570360,46,44,47,43,0,0,0,0
1770257270511711592,46,44,47,43,0,0,0,0
1770257270514427302,46,44,47,43,0,0,0,0
1770257270516683865,46,44,47,43,0,0,0,0
1770257270517659279,46,44,47,43,0,0,0,0
1770257270519894274,46,44,47,43,0,0,0,0
1770257270521812142,46,45,47,43,0,0,0,0
1770257270523880540,46,45,47,43,0,0,0,0
1770257270526266579,46,44,47,43,0,0,0,0
1770257270527606353,46,44,47,43,0,0,0,0
1770257270529435195,46,44,47,43,0,0,0,0
1770257270531650285,46,44,48,43,0,0,0,0
1770257270533520663,46,44,48,43,0,0,0,0
1770257270535780427,46,44,48,43,0,0,0,0
1770257270538003005,46,44,48,43,0,0,0,0
1770257270539920265,46,44,48,43,0,0,0,0
1770257270541819732,46,44,48,43,0,0,0,0
1770257270543851202,46,44,48,43,0,0,0,0
1770257270546437149,46,44,48,43,0,0,0,0
1770257270547721818,46,44,48,43,0,0,0,0
1770257270549511714,46,45,48,43,0,0,0,0
1770257270551674163,46,45,48,43,0,0,0,0
1770257270553980424,46,45,47,43,0,0,0,0
1770257270555639821,46,45,47,43,0,0,0,0
1770257270558590800,46,45,47,43,0,0,0,0
1770257270559996432,46,45,48,43,0,0,0,0
1770257270561734680,46,45,48,43,0,0,0,0
1770257270563646979,46,45,48,43,0,0,0,0
1770257270566613575,46,45,48,43,0,0,0,0
1770257270568893402,46,45,48,43,0,0,0,0
1770257270570938377,46,44,48,43,0,0,0,0
1770257270572858740,46,44,48,43,0,0,0,0
1770257270574501978,46,44,48,43,0,0,0,0
1770257270575683733,46,45,48,43,0,0,0,0
1770257270577627617,46,45,47,43,0,0,0,0
1770257270579602509,46,45,47,43,0,0,0,0
1770257270581871105,46,45,47,43,0,0,0,0
1770257270583969425,46,45,47,43,0,0,0,0
1770257270585429906,46,44,48,43,0,0,0,0
1770257270587664677,46,44,48,43,0,0,0,0
1770257270589580848,46,44,48,43,0,0,0,0
1770257270591582493,46,44,47,43,0,0,0,0
1770257270593672045,46,44,47,43,0,0,0,0
1770257270595864255,46,44,47,43,0,0,0,0
1770257270598755168,46,44,47,43,0,0,0,0
1770257270600515528,46,44,47,43,0,0,0,0
1770257270601901160,46,44,47,43,0,0,0,0
1770257270604003831,46,44,47,43,0,0,0,0
1770257270605655549,46,45,47,43,0,0,0,0
1770257270607679307,46,45,47,43,0,0,0,0
1770257270609833660,46,45,47,43,0,0,0,0
1770257270611632005,46,45,47,43,0,0,0,0
1770257270613696019,46,45,47,43,0,0,0,0
1770257270615830340,46,45,48,43,0,0,0,0
1770257270617633517,46,45,48,43,0,0,0,0
1770257270619648763,46,45,48,43,0,0,0,0
1770257270621599367,46,44,48,43,0,0,0,0
1770257270623623029,46,44,48,43,0,0,0,0
1770257270626644345,46,44,48,43,0,0,0,0
1770257270629122418,46,44,47,43,0,0,0,0
1770257270630634036,46,44,47,43,0,0,0,0
1770257270632823526,46,44,48,43,0,0,0,0
1770257270633686649,46,44,48,43,0,0,0,0
1770257270635686375,46,44,48,43,0,0,0,0
1770257270638110526,46,44,48,43,0,0,0,0
1770257270639543806,46,45,47,43,0,0,0,0
1770257270641959093,46,45,47,43,0,0,0,0
1770257270643708093,46,45,47,43,0,0,0,0
1770257270645796300,46,44,47,43,0,0,0,0
1770257270647702488,46,44,47,43,0,0,0,0
1770257270649864041,46,44,47,43,0,0,0,0
1770257270651596912,46,45,47,43,0,0,0,0
1770257270654433360,46,45,47,43,0,0,0,0
1770257270656004276,46,45,48,43,0,0,0,0
1770257270657523638,46,44,48,43,0,0,0,0
1770257270659682023,46,44,48,43,0,0,0,0
1770257270661607763,46,44,47,43,0,0,0,0
1770257270663597248,46,45,47,43,0,0,0,0
1770257270666255165,46,45,47,43,0,0,0,0
1770257270667905666,46,45,47,43,0,0,0,0
1770257270669787629,46,45,47,43,0,0,0,0
1770257270671852412,46,45,47,43,0,0,0,0
1770257270674578458,46,45,47,43,0,0,0,0
1770257270676048251,46,44,48,43,0,0,0,0
1770257270677965223,46,44,48,43,0,0,0,0
1770257270679997013,46,44,47,43,0,0,0,0
1770257270681834718,46,45,47,43,0,0,0,0
1770257270683877997,46,45,47,43,0,0,0,0
1770257270685912635,46,45,47,43,0,0,0,0
1770257270687566336,46,44,47,43,0,0,0,0
1770257270689790291,46,44,47,43,0,0,0,0
1770257270693179744,46,44,47,43,0,0,0,0
1770257270693779086,46,44,47,43,0,0,0,0
1770257270695981824,46,44,47,43,0,0,0,0
1770257270697944492,46,44,47,43,0,0,0,0
1770257270699564177,46,44,47,43,0,0,0,0
1770257270701781635,46,44,47,43,0,0,0,0
1770257270703630637,46,44,47,43,0,0,0,0
1770257270705553625,46,45,47,43,0,0,0,0
1770257270707607527,46,45,47,43,0,0,0,0
1770257270709789465,46,45,47,43,0,0,0,0
1770257270711811527,46,44,47,43,0,0,0,0
1770257270713860437,46,44,47,43,0,0,0,0
1770257270716396975,46,44,47,43,0,0,0,0
1770257270717573322,46,44,47,43,0,0,0,0
1770257270719648793,46,44,47,43,0,0,0,0
1770257270722451736,46,44,47,43,0,0,0,0
1770257270723810519,46,44,48,43,0,0,0,0
1770257270726076427,46,44,48,43,0,0,0,0
1770257270727989878,46,44,48,43,0,0,0,0
1770257270729713469,46,44,48,43,0,0,0,0
1770257270731673546,46,44,48,43,0,0,0,0
1770257270733920861,46,44,48,43,0,0,0,0
1770257270735697093,46,44,48,43,0,0,0,0
1770257270737687698,46,44,48,43,0,0,0,0
1770257270739928357,46,44,48,43,0,0,0,0
1770257270741933619,46,44,48,43,0,0,0,0
1770257270744658161,46,44,48,43,0,0,0,0
1770257270746591196,46,44,47,43,0,0,0,0
1770257270747854137,46,44,47,43,0,0,0,0
1770257270749874791,46,44,47,43,0,0,0,0
1770257270751637391,46,44,47,43,0,0,0,0
1770257270753590331,46,45,47,43,0,0,0,0
1770257270755621769,46,45,47,43,0,0,0,0
1770257270757670168,46,45,47,43,0,0,0,0
1770257270760122608,46,45,47,43,0,0,0,0
1770257270761929209,46,45,47,43,0,0,0,0
1770257270763890309,46,45,47,43,0,0,0,0
1770257270765820849,46,45,47,43,0,0,0,0
1770257270767677563,46,45,47,43,0,0,0,0
1770257270769603527,46,45,47,43,0,0,0,0
1770257270771669302,46,45,47,43,0,0,0,0
1770257270773535008,46,45,47,43,0,0,0,0
1770257270775591887,46,45,47,43,0,0,0,0
1770257270777505018,46,44,48,43,0,0,0,0
1770257270779983955,46,44,48,43,0,0,0,0
1770257270782517484,46,44,48,43,0,0,0,0
1770257270783973261,46,45,47,43,0,0,0,0
1770257270785881624,46,45,47,43,0,0,0,0
1770257270787833957,46,45,47,43,0,0,0,0
1770257270789621517,46,45,47,43,0,0,0,0
1770257270791675292,46,45,47,43,0,0,0,0
1770257270793612328,46,45,47,43,0,0,0,0
1770257270795827258,46,45,47,43,0,0,0,0
1770257270797630595,46,44,47,43,0,0,0,0
1770257270799899351,46,44,48,43,0,0,0,0
1770257270802556947,46,44,48,43,0,0,0,0
1770257270804509535,46,44,48,43,0,0,0,0
1770257270805825917,46,44,47,42,0,0,0,0
1770257270807845483,46,44,47,42,0,0,0,0
1770257270809870649,46,44,47,42,0,0,0,0
1770257270811854054,46,44,48,43,0,0,0,0
1770257270813516364,46,44,48,43,0,0,0,0
1770257270815600187,46,44,48,43,0,0,0,0
1770257270817526503,46,44,48,43,0,0,0,0
1770257270819666711,46,44,48,43,0,0,0,0
1770257270821481505,46,44,48,43,0,0,0,0
1770257270823934680,46,44,48,43,0,0,0,0
1770257270826529491,46,44,48,43,0,0,0,0
1770257270828150168,46,45,48,43,0,0,0,0
1770257270830375307,46,45,47,43,0,0,0,0
1770257270832462618,46,45,47,43,0,0,0,0
1770257270833552563,46,45,47,43,0,0,0,0
1770257270835603137,46,45,48,43,0,0,0,0
1770257270837603919,46,45,48,43,0,0,0,0
1770257270839637213,46,45,48,43,0,0,0,0
1770257270841542536,46,45,48,43,0,0,0,0
1770257270843873469,46,45,48,43,0,0,0,0
1770257270846502521,46,45,48,43,0,0,0,0
1770257270847879160,46,45,48,43,0,0,0,0
1770257270849850917,46,45,47,43,0,0,0,0
1770257270851869938,46,45,47,43,0,0,0,0
1770257270853569593,46,45,47,43,0,0,0,0
1770257270856099667,46,45,47,43,0,0,0,0
1770257270857617109,46,45,47,43,0,0,0,0
1770257270859864232,46,45,47,43,0,0,0,0
1770257270861637328,46,44,47,43,0,0,0,0
1770257270865001213,46,44,47,43,0,0,0,0
1770257270866406653,46,44,47,43,0,0,0,0
1770257270867894302,46,44,47,43,0,0,0,0
1770257270869799978,46,45,47,43,0,0,0,0
1770257270871835416,46,45,47,43,0,0,0,0
1770257270873789540,46,44,47,43,0,0,0,0
1770257270875818162,46,44,47,43,0,0,0,0
1770257270877573306,46,44,47,43,0,0,0,0
1770257270879589160,46,45,47,43,0,0,0,0
1770257270881599989,46,45,47,43,0,0,0,0
1770257270883815848,46,45,47,43,0,0,0,0
1770257270886469252,46,44,47,43,0,0,0,0
1770257270887661983,46,44,47,43,0,0,0,0
1770257270890407869,46,44,47,43,0,0,0,0
1770257270891812285,46,44,48,43,0,0,0,0
1770257270893866700,46,44,48,43,0,0,0,0
1770257270895737142,46,44,48,43,0,0,0,0
1770257270897686947,46,44,48,43,0,0,0,0
1770257270899681712,46,44,48,43,0,0,0,0
1770257270901594747,46,44,48,43,0,0,0,0
1770257270903892016,46,45,48,43,0,0,0,0
1770257270905853148,46,45,48,43,0,0,0,0
1770257270907837513,46,45,48,42,0,0,0,0
1770257270910518950,46,45,48,42,0,0,0,0
1770257270911885125,46,45,48,42,0,0,0,0
1770257270913557259,46,45,48,43,0,0,0,0
1770257270915643802,46,45,48,43,0,0,0,0
1770257270917598439,46,45,48,43,0,0,0,0
1770257270919558291,46,45,48,43,0,0,0,0
1770257270921821351,46,45,48,43,0,0,0,0
1770257270923840532,46,45,48,43,0,0,0,0
1770257270926497777,46,45,48,43,0,0,0,0
1770257270927865200,46,45,48,43,0,0,0,0
1770257270929806620,46,44,48,43,0,0,0,0
1770257270931813417,46,44,47,43,0,0,0,0
1770257270933572049,46,44,47,43,0,0,0,0
1770257270935920935,46,44,47,43,0,0,0,0
1770257270937673294,46,44,47,43,0,0,0,0
1770257270939638683,46,45,47,43,0,0,0,0
1770257270941617736,46,45,47,43,0,0,0,0
1770257270943614517,46,45,48,43,0,0,0,0
1770257270945580642,46,45,48,43,0,0,0,0
1770257270947542158,46,45,48,43,0,0,0,0
1770257270949605245,46,45,48,43,0,0,0,0
1770257270951535689,46,44,47,43,0,0,0,0
1770257270954695057,46,44,47,43,0,0,0,0
1770257270955875212,46,44,47,43,0,0,0,0
1770257270957866169,46,45,47,43,0,0,0,0
1770257270959909287,46,45,47,43,0,0,0,0
1770257270962271453,46,45,47,43,0,0,0,0
1770257270964545584,46,45,47,43,0,0,0,0
1770257270966599615,46,45,47,43,0,0,0,0
1770257270967838971,46,45,47,43,0,0,0,0
1770257270969795080,46,44,47,43,0,0,0,0
1770257270972406787,46,44,47,43,0,0,0,0
1770257270973788738,46,44,47,43,0,0,0,0
1770257270975602027,46,44,47,43,0,0,0,0
1770257270977765789,46,44,47,43,0,0,0,0
1770257270979689608,46,44,47,43,0,0,0,0
1770257270981629140,46,44,47,43,0,0,0,0
1770257270983864775,46,44,47,43,0,0,0,0
1770257270985883701,46,44,47,42,0,0,0,0
1770257270987887490,46,44,47,42,0,0,0,0
1770257270989812110,46,44,47,42,0,0,0,0
1770257270993097657,46,44,48,43,0,0,0,0
1770257270993598980,46,45,48,43,0,0,0,0
1770257270995693140,46,45,48,43,0,0,0,0
1770257270997473916,46,45,48,43,0,0,0,0
1770257270999556651,46,44,48,43,0,0,0,0
1770257271001542968,46,44,48,43,0,0,0,0
1770257271003605063,46,44,48,43,0,0,0,0
1770257271006456968,46,45,48,43,0,0,0,0
1770257271008027724,46,45,48,43,0,0,0,0
1770257271009866229,46,45,48,43,0,0,0,0
1770257271012474353,46,44,48,43,0,0,0,0
1770257271014474430,46,44,48,43,0,0,0,0
1770257271015804028,46,44,47,43,0,0,0,0
1770257271017732136,46,45,47,43,0,0,0,0
1770257271019855832,46,45,47,43,0,0,0,0
1770257271022141068,46,45,47,43,0,0,0,0
1770257271023651886,46,45,47,43,0,0,0,0
1770257271025443831,46,45,47,43,0,0,0,0
1770257271027545223,46,45,47,43,0,0,0,0
1770257271029556852,46,45,47,43,0,0,0,0
1770257271031572642,46,45,47,43,0,0,0,0
1770257271033676498,46,45,47,43,0,0,0,0
1770257271037036510,46,45,47,43,0,0,0,0
1770257271038453438,46,45,47,43,0,0,0,0
1770257271040703345,46,45,47,42,0,0,0,0
1770257271043569874,46,45,47,42,0,0,0,0
1770257271044695308,46,45,47,42,0,0,0,0
1770257271045884807,46,45,47,43,0,0,0,0
1770257271047852948,46,45,47,43,0,0,0,0
1770257271049628348,46,45,47,43,0,0,0,0
1770257271051556072,46,45,47,43,0,0,0,0
1770257271053793851,46,45,47,43,0,0,0,0
1770257271057013028,46,45,47,43,0,0,0,0
1770257271057735700,46,45,47,43,0,0,0,0
1770257271060044968,46,45,47,43,0,0,0,0
1770257271062298300,46,45,47,43,0,0,0,0
1770257271063696539,46,45,47,43,0,0,0,0
1770257271065614183,46,45,47,43,0,0,0,0
1770257271067610900,46,45,47,43,0,0,0,0
1770257271069842087,46,45,47,43,0,0,0,0
1770257271071620239,46,44,48,43,0,0,0,0
1770257271073832705,46,44,48,43,0,0,0,0
1770257271076068180,46,44,48,43,0,0,0,0
1770257271077637912,46,44,47,43,0,0,0,0
1770257271080041678,46,44,47,43,0,0,0,0
1770257271081677364,46,44,47,43,0,0,0,0
1770257271083646272,46,44,48,43,0,0,0,0
1770257271086391167,46,44,48,43,0,0,0,0
1770257271087810111,46,44,47,43,0,0,0,0
1770257271089843629,46,44,47,43,0,0,0,0
1770257271091851835,46,44,47,43,0,0,0,0
1770257271093917577,46,44,47,43,0,0,0,0
1770257271095708914,46,44,48,43,0,0,0,0
1770257271097985574,46,44,48,43,0,0,0,0
1770257271099865776,46,44,48,43,0,0,0,0
1770257271102771058,46,44,48,43,0,0,0,0
1770257271103847147,46,44,48,43,0,0,0,0
1770257271105868665,46,44,48,43,0,0,0,0
1770257271107568735,46,45,48,43,0,0,0,0
1770257271109488075,46,45,48,43,0,0,0,0
1770257271111515097,46,45,48,43,0,0,0,0
1770257271113565351,46,44,48,43,0,0,0,0
1770257271115622262,46,44,48,43,0,0,0,0
1770257271118345204,46,44,47,43,0,0,0,0
1770257271120021946,46,45,47,43,0,0,0,0
1770257271121822723,46,45,47,43,0,0,0,0
1770257271124442270,46,45,47,43,0,0,0,0
1770257271126211719,46,45,47,43,0,0,0,0
1770257271127688136,46,45,47,43,0,0,0,0
1770257271130517992,46,45,47,43,0,0,0,0
1770257271132042699,46,44,47,43,0,0,0,0
1770257271133887349,46,44,47,43,0,0,0,0
1770257271136399310,46,44,48,43,0,0,0,0
1770257271138396571,46,44,48,43,0,0,0,0
1770257271139587350,46,44,48,43,0,0,0,0
1770257271141470721,46,44,48,43,0,0,0,0
1770257271143638386,46,45,48,43,0,0,0,0
1770257271145554270,46,45,48,43,0,0,0,0
1770257271147561963,46,45,48,43,0,0,0,0
1770257271149713084,46,45,48,43,0,0,0,0
1770257271151698377,46,45,48,43,0,0,0,0
1770257271153530483,46,45,48,43,0,0,0,0
1770257271155740549,46,44,48,43,0,0,0,0
1770257271157661137,46,44,48,43,0,0,0,0
1770257271159877091,46,44,48,43,0,0,0,0
1770257271161819375,46,44,48,43,0,0,0,0
1770257271164631119,46,44,48,43,0,0,0,0
1770257271166366966,46,44,47,43,0,0,0,0
1770257271167661620,46,44,47,43,0,0,0,0
1770257271169865478,46,44,47,43,0,0,0,0
1770257271171687855,46,44,47,43,0,0,0,0
1770257271173681308,46,44,47,43,0,0,0,0
1770257271175690506,46,44,47,43,0,0,0,0
1770257271177788441,46,44,47,43,0,0,0,0
1770257271179733894,46,45,47,43,0,0,0,0
1770257271181938904,46,45,47,43,0,0,0,0
1770257271183576189,46,45,48,43,0,0,0,0
1770257271185879281,46,44,48,43,0,0,0,0
1770257271187862974,46,44,48,43,0,0,0,0
1770257271189890380,46,44,48,43,0,0,0,0
1770257271191860409,46,44,48,43,0,0,0,0
1770257271194001834,46,44,48,43,0,0,0,0
1770257271196445633,46,44,48,43,0,0,0,0
1770257271197590011,46,45,48,43,0,0,0,0
1770257271199490342,46,45,48,43,0,0,0,0
1770257271201569333,46,45,47,43,0,0,0,0
1770257271203695014,46,45,47,43,0,0,0,0
1770257271205637842,46,45,47,43,0,0,0,0
1770257271207953254,46,45,47,43,0,0,0,0
1770257271209876786,46,45,47,43,0,0,0,0
1770257271211875135,46,45,47,43,0,0,0,0
1770257271213855244,46,45,47,43,0,0,0,0
1770257271215856122,46,45,47,43,0,0,0,0
1770257271217977706,46,45,47,43,0,0,0,0
1770257271219602511,46,45,47,43,0,0,0,0
1770257271221609148,46,45,47,43,0,0,0,0
1770257271223687435,46,45,47,43,0,0,0,0
1770257271225523733,46,45,47,43,0,0,0,0
1770257271227923404,46,45,47,43,0,0,0,0
1770257271229826807,46,45,47,43,0,0,0,0
1770257271231647808,46,45,48,43,0,0,0,0
1770257271233717871,46,44,48,43,0,0,0,0
1770257271235844671,46,44,48,43,0,0,0,0
1770257271238109011,46,44,47,43,0,0,0,0
1770257271239870395,46,44,47,43,0,0,0,0
1770257271241829767,46,44,47,43,0,0,0,0
1770257271244549733,46,44,47,43,0,0,0,0
1770257271245929508,46,45,47,43,0,0,0,0
1770257271247919026,46,45,47,43,0,0,0,0
1770257271249545815,46,45,47,43,0,0,0,0
1770257271251622502,46,45,47,43,0,0,0,0
1770257271253634291,46,45,47,43,0,0,0,0
1770257271255562687,46,45,47,42,0,0,0,0
1770257271257677871,46,45,47,42,0,0,0,0
1770257271259699453,46,45,47,42,0,0,0,0
1770257271261709003,46,45,47,43,0,0,0,0
1770257271263630038,46,44,47,43,0,0,0,0
1770257271265622692,46,44,47,43,0,0,0,0
1770257271267671602,46,44,48,43,0,0,0,0
1770257271269855588,46,45,48,43,0,0,0,0
1770257271271885650,46,45,48,43,0,0,0,0
1770257271273831454,46,45,48,43,0,0,0,0
1770257271276312438,46,44,48,43,0,0,0,0
1770257271277930651,46,44,48,43,0,0,0,0
1770257271279655714,46,44,48,43,0,0,0,0
1770257271281622959,46,44,48,43,0,0,0,0
1770257271283603420,46,44,48,43,0,0,0,0
1770257271285687083,46,44,48,43,0,0,0,0
1770257271287700633,46,44,48,43,0,0,0,0
1770257271289846185,46,44,48,43,0,0,0,0
1770257271291674963,46,44,48,43,0,0,0,0
1770257271294590325,46,45,48,43,0,0,0,0
1770257271295834161,46,45,48,43,0,0,0,0
1770257271297972002,46,45,47,43,0,0,0,0
1770257271300086258,46,45,47,43,0,0,0,0
1770257271301727831,46,45,47,43,0,0,0,0
1770257271303551617,46,45,47,43,0,0,0,0
1770257271305654032,46,45,47,43,0,0,0,0
1770257271307663198,46,45,47,43,0,0,0,0
1770257271309654955,46,45,47,43,0,0,0,0
1770257271311848221,46,45,47,43,0,0,0,0
1770257271314423383,46,45,47,43,0,0,0,0
1770257271315873848,46,45,48,43,0,0,0,0
1770257271317862725,46,45,48,43,0,0,0,0
1770257271319852723,46,45,48,43,0,0,0,0
1770257271321951362,46,45,48,43,0,0,0,0
1770257271323852941,46,44,48,43,0,0,0,0
1770257271325690839,46,44,48,43,0,0,0,0
1770257271327587874,46,44,48,43,0,0,0,0
1770257271329868086,46,45,48,43,0,0,0,0
1770257271331702272,46,45,48,43,0,0,0,0
1770257271333550922,46,45,48,43,0,0,0,0
1770257271335687482,46,44,48,43,0,0,0,0
1770257271337659559,46,44,48,43,0,0,0,0
1770257271339648948,46,44,48,43,0,0,0,0
1770257271341598880,46,44,48,43,0,0,0,0
1770257271343870676,46,44,48,43,0,0,0,0
1770257271345817120,46,44,48,43,0,0,0,0
1770257271347870575,46,44,48,43,0,0,0,0
1770257271349629879,46,44,48,43,0,0,0,0
1770257271351634180,46,44,47,43,0,0,0,0
1770257271353831350,46,45,47,43,0,0,0,0
1770257271355858468,46,45,47,43,0,0,0,0
1770257271357861650,46,45,47,43,0,0,0,0
1770257271360357834,46,44,47,43,0,0,0,0
1770257271361834252,46,44,47,43,0,0,0,0
1770257271364117152,46,44,48,43,0,0,0,0
1770257271366589528,46,44,48,43,0,0,0,0
1770257271368331839,46,44,48,43,0,0,0,0
1770257271370562258,46,44,48,43,0,0,0,0
1770257271372521758,46,44,48,43,0,0,0,0
1770257271373646520,46,44,48,43,0,0,0,0
1770257271375539011,46,44,48,43,0,0,0,0
1770257271377591921,46,44,48,43,0,0,0,0
1770257271379803876,46,44,48,43,0,0,0,0
1770257271381564620,46,44,48,43,0,0,0,0
1770257271383758269,46,44,48,43,0,0,0,0
1770257271386425978,46,44,48,43,0,0,0,0
1770257271387984317,46,44,47,43,0,0,0,0
1770257271389888137,46,45,47,43,0,0,0,0
1770257271391891670,46,45,47,43,0,0,0,0
1770257271393591261,46,45,47,43,0,0,0,0
1770257271395676652,46,45,47,43,0,0,0,0
1770257271397630392,46,45,47,43,0,0,0,0
1770257271399691431,46,45,47,43,0,0,0,0
1770257271401872377,46,45,47,43,0,0,0,0
1770257271404403122,46,45,47,43,0,0,0,0
1770257271405684943,46,45,47,43,0,0,0,0
1770257271407885633,46,45,47,43,0,0,0,0
1770257271410645696,46,45,47,43,0,0,0,0
1770257271411881724,46,45,47,43,0,0,0,0
1770257271413898890,46,45,47,43,0,0,0,0
1770257271415922872,46,45,47,43,0,0,0,0
1770257271417883908,46,45,47,43,0,0,0,0
1770257271420381917,46,45,47,43,0,0,0,0
1770257271422561262,46,45,47,43,0,0,0,0
1770257271423622694,46,45,48,43,0,0,0,0
1770257271425660277,46,44,48,43,0,0,0,0
1770257271427630753,46,44,48,43,0,0,0,0
1770257271429647503,46,44,48,43,0,0,0,0
1770257271431815936,46,44,48,43,0,0,0,0
1770257271433704107,46,44,48,43,0,0,0,0
1770257271436017088,46,44,48,43,0,0,0,0
1770257271438068462,46,45,48,43,0,0,0,0
1770257271440001530,46,45,48,43,0,0,0,0
1770257271441897957,46,45,48,43,0,0,0,0
1770257271443686030,46,45,48,43,0,0,0,0
1770257271445687259,46,45,48,43,0,0,0,0
1770257271447601255,46,45,48,43,0,0,0,0
1770257271449550323,46,44,48,43,0,0,0,0
1770257271451536288,46,44,48,43,0,0,0,0
1770257271453923702,46,44,48,43,0,0,0,0
1770257271455969797,46,45,48,43,0,0,0,0
1770257271457968946,46,45,48,43,0,0,0,0
1770257271459902590,46,45,47,43,0,0,0,0
1770257271461855914,46,44,47,43,0,0,0,0
1770257271463738133,46,44,47,43,0,0,0,0
1770257271465637312,46,44,47,43,0,0,0,0
1770257271467639726,46,45,47,43,0,0,0,0
1770257271469571834,46,45,47,43,0,0,0,0
1770257271471547494,46,45,47,42,0,0,0,0
1770257271473630774,46,45,47,42,0,0,0,0
1770257271475996971,46,45,47,42,0,0,0,0
1770257271477814069,46,45,47,42,0,0,0,0
1770257271479861763,46,45,47,42,0,0,0,0
1770257271481678764,46,45,47,42,0,0,0,0
1770257271483517814,46,45,47,43,0,0,0,0
1770257271486511642,46,45,47,43,0,0,0,0
1770257271487824920,46,45,47,43,0,0,0,0
1770257271489848454,46,45,47,43,0,0,0,0
1770257271491829907,46,45,47,43,0,0,0,0
1770257271493886306,46,45,47,43,0,0,0,0
1770257271496011250,46,45,47,43,0,0,0,0
1770257271497780058,46,45,47,43,0,0,0,0
1770257271499662053,46,45,47,43,0,0,0,0
1770257271501896855,46,45,47,43,0,0,0,0
1770257271503687008,46,44,47,43,0,0,0,0
1770257271505544522,46,44,47,43,0,0,0,0
1770257271507656058,46,44,48,43,0,0,0,0
1770257271509615303,46,44,48,43,0,0,0,0
1770257271511588755,46,44,48,43,0,0,0,0
1770257271513587905,46,44,47,43,0,0,0,0
1770257271515839028,46,45,47,43,0,0,0,0
1770257271517591932,46,45,47,43,0,0,0,0
1770257271519644906,46,45,48,43,0,0,0,0
1770257271521815036,46,45,48,43,0,0,0,0
1770257271523616068,46,45,48,43,0,0,0,0
1770257271525802838,46,45,48,42,0,0,0,0
1770257271528591253,46,44,48,42,0,0,0,0
1770257271529799313,46,44,48,42,0,0,0,0
1770257271531840639,46,44,48,43,0,0,0,0
1770257271533802284,46,45,48,43,0,0,0,0
1770257271535825850,46,45,48,43,0,0,0,0
1770257271537753605,46,45,47,43,0,0,0,0
1770257271539650864,46,44,47,43,0,0,0,0
1770257271541650782,46,44,47,43,0,0,0,0
1770257271544031540,46,44,48,43,0,0,0,0
1770257271545710778,46,44,48,43,0,0,0,0
1770257271548392599,46,44,48,43,0,0,0,0
1770257271549829944,46,44,48,43,0,0,0,0
1770257271552791003,46,45,48,43,0,0,0,0
1770257271554148602,46,45,48,43,0,0,0,0
1770257271556011076,46,45,48,43,0,0,0,0
1770257271557612360,46,44,48,43,0,0,0,0
1770257271559712184,46,44,48,43,0,0,0,0
1770257271561816616,46,44,48,43,0,0,0,0
1770257271563683058,46,45,48,43,0,0,0,0
1770257271566514290,46,45,48,43,0,0,0,0
1770257271567992468,46,45,47,43,0,0,0,0
1770257271570023170,46,45,47,43,0,0,0,0
1770257271571943438,46,45,47,43,0,0,0,0
1770257271574459783,46,45,47,43,0,0,0,0
1770257271575878247,46,45,47,43,0,0,0,0
1770257271577537229,46,45,47,43,0,0,0,0
1770257271579649181,46,45,47,43,0,0,0,0
1770257271581518247,46,45,47,43,0,0,0,0
1770257271583581238,46,45,47,43,0,0,0,0
1770257271585548130,46,45,48,43,0,0,0,0
1770257271587864919,46,45,48,43,0,0,0,0
1770257271590477490,46,45,48,43,0,0,0,0
1770257271592084119,46,45,48,43,0,0,0,0
1770257271593801694,46,44,48,43,0,0,0,0
1770257271595856684,46,44,48,43,0,0,0,0
1770257271597658005,46,44,48,43,0,0,0,0
1770257271599755493,46,45,48,43,0,0,0,0
1770257271601720338,46,45,48,43,0,0,0,0
1770257271603749376,46,45,47,43,0,0,0,0
1770257271605639851,46,44,47,43,0,0,0,0
1770257271607866589,46,44,47,43,0,0,0,0
1770257271610037742,46,44,48,43,0,0,0,0
1770257271611899769,46,44,48,43,0,0,0,0
1770257271614534228,46,44,48,43,0,0,0,0
1770257271616551714,46,44,47,43,0,0,0,0
1770257271617664828,46,44,47,43,0,0,0,0
1770257271619652649,46,44,47,43,0,0,0,0
1770257271621870875,46,44,47,43,0,0,0,0
1770257271623702597,46,44,47,43,0,0,0,0
1770257271625675761,46,44,47,43,0,0,0,0
1770257271627842915,46,44,47,43,0,0,0,0
1770257271629753422,46,45,47,43,0,0,0,0
1770257271631848734,46,45,47,43,0,0,0,0
1770257271633818474,46,45,47,43,0,0,0,0
1770257271635941050,46,45,47,43,0,0,0,0
1770257271637779044,46,45,47,43,0,0,0,0
1770257271639640910,46,45,48,43,0,0,0,0
1770257271641600539,46,45,48,43,0,0,0,0
1770257271643650505,46,45,48,43,0,0,0,0
1770257271645673111,46,45,48,43,0,0,0,0
1770257271647701477,46,44,48,43,0,0,0,0
1770257271649880119,46,44,48,43,0,0,0,0
1770257271651862628,46,44,47,43,0,0,0,0
1770257271653662381,46,45,47,43,0,0,0,0
1770257271656409163,46,45,47,43,0,0,0,0
1770257271657832555,46,45,47,43,0,0,0,0
1770257271659521170,46,45,47,43,0,0,0,0
1770257271661540480,46,45,47,43,0,0,0,0
1770257271663692560,46,45,48,43,0,0,0,0
1770257271665620828,46,45,48,43,0,0,0,0
1770257271667660427,46,45,47,43,0,0,0,0
1770257271669886845,46,45,47,43,0,0,0,0
1770257271672491992,46,45,47,43,0,0,0,0
1770257271673857911,46,45,47,43,0,0,0,0
1770257271676034441,46,45,48,43,0,0,0,0
1770257271677939380,46,45,48,43,0,0,0,0
1770257271679674075,46,45,48,43,0,0,0,0
1770257271681873805,46,45,47,43,0,0,0,0
1770257271683626837,46,44,47,43,0,0,0,0
1770257271685849511,46,44,47,43,0,0,0,0
1770257271687659697,46,44,47,43,0,0,0,0
1770257271689834242,46,45,47,43,0,0,0,0
1770257271691848848,46,45,47,43,0,0,0,0
1770257271693849437,46,45,47,43,0,0,0,0
1770257271695836138,46,44,47,43,0,0,0,0
1770257271697717365,46,44,47,43,0,0,0,0
1770257271699658529,46,44,47,43,0,0,0,0
1770257271702571011,46,45,47,43,0,0,0,0
1770257271703830656,46,45,47,43,0,0,0,0
1770257271705810605,46,45,47,43,0,0,0,0
1770257271707831259,46,44,47,43,0,0,0,0
1770257271709800903,46,44,47,43,0,0,0,0
1770257271711581808,46,44,47,43,0,0,0,0
1770257271713606718,46,44,47,43,0,0,0,0
1770257271715855601,46,44,47,43,0,0,0,0
1770257271717635033,46,44,47,43,0,0,0,0
1770257271720621085,46,44,47,43,0,0,0,0
1770257271721697365,46,44,47,43,0,0,0,0
1770257271723678690,46,44,48,43,0,0,0,0
1770257271725838931,46,45,48,43,0,0,0,0
1770257271728077702,46,45,48,43,0,0,0,0
1770257271729626729,46,45,48,43,0,0,0,0
1770257271731587158,46,44,48,43,0,0,0,0
1770257271733633252,46,44,48,43,0,0,0,0
1770257271735563120,46,44,48,43,0,0,0,0
1770257271737527549,46,44,48,43,0,0,0,0
1770257271739812977,46,44,48,43,0,0,0,0
1770257271743672104,46,44,48,43,0,0,0,0
1770257271745292045,46,45,48,43,0,0,0,0
1770257271746684557,46,45,47,43,0,0,0,0
1770257271748704026,46,45,47,43,0,0,0,0
1770257271749854485,46,45,47,43,0,0,0,0
1770257271751642397,46,45,47,43,0,0,0,0
1770257271753652363,46,45,47,43,0,0,0,0
1770257271755642776,46,45,47,43,0,0,0,0
1770257271757697319,46,45,47,43,0,0,0,0
1770257271759598482,46,45,47,43,0,0,0,0
1770257271761630848,46,45,47,43,0,0,0,0
1770257271763567500,46,45,47,43,0,0,0,0
1770257271765713597,46,45,48,43,0,0,0,0
1770257271767637832,46,44,48,43,0,0,0,0
1770257271769667478,46,44,48,43,0,0,0,0
1770257271771647971,46,44,47,43,0,0,0,0
1770257271774520260,46,44,47,43,0,0,0,0
1770257271775838466,46,44,48,43,0,0,0,0
1770257271777684460,46,44,48,43,0,0,0,0
1770257271779673785,46,45,48,43,0,0,0,0
1770257271781587397,46,45,48,43,0,0,0,0
1770257271783617363,46,45,47,43,0,0,0,0
1770257271785636097,46,45,47,43,0,0,0,0
1770257271787573389,46,45,47,43,0,0,0,0
1770257271790553744,46,45,48,43,0,0,0,0
1770257271791721611,46,44,48,43,0,0,0,0
1770257271793680887,46,44,48,43,0,0,0,0
1770257271795754503,46,44,48,43,0,0,0,0
1770257271797678322,46,44,48,42,0,0,0,0
1770257271799575357,46,44,48,42,0,0,0,0
1770257271801992180,46,44,48,43,0,0,0,0
1770257271803661082,46,44,48,43,0,0,0,0
1770257271805466083,46,44,48,43,0,0,0,0
1770257271807625172,46,44,47,43,0,0,0,0
1770257271809533023,46,44,47,43,0,0,0,0
1770257271811555085,46,44,48,43,0,0,0,0
1770257271813774848,46,44,48,43,0,0,0,0
1770257271816500126,46,45,48,43,0,0,0,0
1770257271817873789,46,45,48,43,0,0,0,0
1770257271819959308,46,45,48,43,0,0,0,0
1770257271822443396,46,44,48,43,0,0,0,0
1770257271823564862,46,44,48,43,0,0,0,0
1770257271825731375,46,44,48,43,0,0,0,0
1770257271827655611,46,44,48,43,0,0,0,0
1770257271829651496,46,44,48,43,0,0,0,0
1770257271831692566,46,44,48,43,0,0,0,0
1770257271833893000,46,44,48,43,0,0,0,0
1770257271835751699,46,44,48,43,0,0,0,0
1770257271837959301,46,44,47,43,0,0,0,0
1770257271839864784,46,44,47,43,0,0,0,0
1770257271841847197,46,44,47,43,0,0,0,0
1770257271843634982,46,44,47,43,0,0,0,0
1770257271845589106,46,44,47,43,0,0,0,0
1770257271847846565,46,44,47,43,0,0,0,0
1770257271849834450,46,44,47,42,0,0,0,0
1770257271851853728,46,45,47,42,0,0,0,0
1770257271854534653,46,45,47,42,0,0,0,0
1770257271855832858,46,45,47,43,0,0,0,0
1770257271857916746,46,45,47,43,0,0,0,0
1770257271859701746,46,45,47,43,0,0,0,0
1770257271861945701,46,45,47,43,0,0,0,0
1770257271863642892,46,45,47,43,0,0,0,0
1770257271865603864,46,45,47,43,0,0,0,0
1770257271867622566,46,45,47,43,0,0,0,0
1770257271869603571,46,45,47,43,0,0,0,0
1770257271871587712,46,45,47,43,0,0,0,0
1770257271873866676,46,45,47,43,0,0,0,0
1770257271876499760,46,45,47,43,0,0,0,0
1770257271877936016,46,45,47,43,0,0,0,0
1770257271879877788,46,45,47,43,0,0,0,0
1770257271881849257,46,45,47,43,0,0,0,0
1770257271883559632,46,45,47,43,0,0,0,0
1770257271885630303,46,45,48,43,0,0,0,0
1770257271887589227,46,44,48,43,0,0,0,0
1770257271889600505,46,44,48,43,0,0,0,0
1770257271891846540,46,44,48,43,0,0,0,0
1770257271893875674,46,45,48,43,0,0,0,0
1770257271895870247,46,45,48,43,0,0,0,0
1770257271897755090,46,45,47,43,0,0,0,0
1770257271900444335,46,44,47,43,0,0,0,0
1770257271901861167,46,44,48,43,0,0,0,0
1770257271903596919,46,44,48,43,0,0,0,0
1770257271905649541,46,44,48,43,0,0,0,0
1770257271907551537,46,44,48,43,0,0,0,0
1770257271909582079,46,44,48,43,0,0,0,0
1770257271911609133,46,45,48,43,0,0,0,0
1770257271914126566,46,45,48,43,0,0,0,0
1770257271915993936,46,45,48,43,0,0,0,0
1770257271917753368,46,45,48,43,0,0,0,0
1770257271919737797,46,45,48,43,0,0,0,0
1770257271921929879,46,45,48,43,0,0,0,0
1770257271923605373,46,45,48,43,0,0,0,0
1770257271925892465,46,45,48,43,0,0,0,0
1770257271927679353,46,45,48,43,0,0,0,0
1770257271929802186,46,44,48,43,0,0,0,0
1770257271931598738,46,44,47,43,0,0,0,0
1770257271934559862,46,44,47,43,0,0,0,0
1770257271936586084,46,45,47,43,0,0,0,0
1770257271937705501,46,45,47,43,0,0,0,0
1770257271940042802,46,45,47,43,0,0,0,0
1770257271941903132,46,45,47,43,0,0,0,0
1770257271943673861,46,45,47,43,0,0,0,0
1770257271945823573,46,45,47,43,0,0,0,0
1770257271947651935,46,45,47,43,0,0,0,0
1770257271949921650,46,45,47,43,0,0,0,0
1770257271951613049,46,45,47,43,0,0,0,0
1770257271953631719,46,45,47,43,0,0,0,0
1770257271956033597,46,45,47,43,0,0,0,0
1770257271958237679,46,44,47,43,0,0,0,0
1770257271960106138,46,44,47,43,0,0,0,0
1770257271961998629,46,44,47,43,0,0,0,0
1770257271963794669,46,44,47,43,0,0,0,0
1770257271967697926,46,45,47,43,0,0,0,0
1770257271968697373,46,45,47,43,0,0,0,0
1770257271969635474,46,45,47,43,0,0,0,0
1770257271979709815,46,44,47,43,0,0,0,0
1770257271979948380,46,44,47,43,0,0,0,0
1770257271980059935,46,44,47,43,0,0,0,0
1770257271980149153,46,44,47,43,0,0,0,0
1770257271980229218,46,44,47,43,0,0,0,0
1770257271984941773,46,44,48,43,0,0,0,0
1770257271985568284,46,44,48,43,0,0,0,0
1770257271987301635,46,44,48,43,0,0,0,0
1770257271989343025,46,44,48,43,0,0,0,0
1770257271990490859,46,44,48,43,0,0,0,0
1770257271993740373,46,44,48,43,0,0,0,0
1770257271994616649,46,44,48,43,0,0,0,0
1770257271996057706,46,45,48,43,0,0,0,0
1770257271998089816,46,45,48,43,0,0,0,0
1770257272000119110,46,45,47,43,0,0,0,0
1770257272001477573,46,45,47,43,0,0,0,0
1770257272004503690,46,45,47,43,0,0,0,0
1770257272006432501,46,45,48,43,0,0,0,0
1770257272008543813,46,45,48,43,0,0,0,0
1770257272010505170,46,45,48,43,0,0,0,0
1770257272012486911,46,45,48,43,0,0,0,0
1770257272014016194,46,45,48,43,0,0,0,0
1770257272016726591,46,45,48,43,0,0,0,0
1770257272018485767,46,45,48,43,0,0,0,0
1770257272020580279,46,45,48,43,0,0,0,0
1770257272022220796,46,45,47,43,0,0,0,0
1770257272024483663,46,45,47,43,0,0,0,0
1770257272026392314,46,45,47,43,0,0,0,0
1770257272028050432,46,45,47,43,0,0,0,0
1770257272030341556,46,45,47,43,0,0,0,0
1770257272032119516,46,45,47,43,0,0,0,0
1770257272034251117,46,45,47,43,0,0,0,0
1770257272036556385,46,45,48,43,0,0,0,0
1770257272038174278,46,45,48,43,0,0,0,0
1770257272040371736,46,45,48,43,0,0,0,0
1770257272042418726,46,45,47,43,0,0,0,0
1770257272044532374,46,44,47,43,0,0,0,0
1770257272046243229,46,44,47,43,0,0,0,0
1770257272047821057,46,44,47,43,0,0,0,0
1770257272049650538,46,44,47,43,0,0,0,0
1770257272052252070,46,44,47,43,0,0,0,0
1770257272053715655,46,45,47,43,0,0,0,0
1770257272056056732,46,45,47,43,0,0,0,0
1770257272057760355,46,45,47,43,0,0,0,0
1770257272059813873,46,45,47,43,0,0,0,0
1770257272062245672,46,45,47,43,0,0,0,0
1770257272063655208,46,45,48,43,0,0,0,0
1770257272066394311,46,45,48,43,0,0,0,0
1770257272068652506,46,44,48,43,0,0,0,0
1770257272070512676,46,44,48,43,0,0,0,0
1770257272072582419,46,44,48,43,0,0,0,0
1770257272074443485,46,44,48,43,0,0,0,0
1770257272076464939,46,44,48,43,0,0,0,0
1770257272077794025,46,44,48,43,0,0,0,0
1770257272079865496,46,44,48,43,0,0,0,0
1770257272081443548,46,44,48,43,0,0,0,0
1770257272083892020,46,44,48,43,0,0,0,0
1770257272086022916,46,45,48,43,0,0,0,0
1770257272088298264,46,45,48,43,0,0,0,0
1770257272090209859,46,45,48,43,0,0,0,0
1770257272091549858,46,45,48,43,0,0,0,0
1770257272094188926,46,45,48,43,0,0,0,0
1770257272096611093,46,45,48,43,0,0,0,0
1770257272098145559,46,44,48,43,0,0,0,0
1770257272099497814,46,44,48,43,0,0,0,0
1770257272102157458,46,44,47,43,0,0,0,0
1770257272104229250,46,45,47,43,0,0,0,0
1770257272106358642,46,45,47,43,0,0,0,0
1770257272108629925,46,45,47,43,0,0,0,0
1770257272110389997,46,45,47,43,0,0,0,0
1770257272112488317,46,45,47,43,0,0,0,0
1770257272113666680,46,45,47,43,0,0,0,0
1770257272116185809,46,45,47,43,0,0,0,0
1770257272117974618,46,45,47,43,0,0,0,0
1770257272119942470,46,45,47,43,0,0,0,0
1770257272122143160,46,45,47,43,0,0,0,0
1770257272124055748,46,45,47,43,0,0,0,0
1770257272126116754,46,45,47,43,0,0,0,0
1770257272128242659,46,44,47,43,0,0,0,0
1770257272130078220,46,44,47,43,0,0,0,0
1770257272131964151,46,45,48,43,0,0,0,0
1770257272134082215,46,45,48,43,0,0,0,0
1770257272136038228,46,45,48,43,0,0,0,0
1770257272138020161,46,45,48,43,0,0,0,0
1770257272140291604,46,45,48,43,0,0,0,0
1770257272142458405,46,45,48,43,0,0,0,0
1770257272144388081,46,44,48,43,0,0,0,0
1770257272146437216,46,44,48,43,0,0,0,0
1770257272147727293,46,44,47,43,0,0,0,0
1770257272150562141,46,44,47,43,0,0,0,0
1770257272152122241,46,44,47,43,0,0,0,0
1770257272154067021,46,44,47,43,0,0,0,0
1770257272156004697,46,45,47,43,0,0,0,0
1770257272158052455,46,45,47,43,0,0,0,0
1770257272160375420,46,45,47,43,0,0,0,0
1770257272162395626,46,45,47,43,0,0,0,0
1770257272164126193,46,45,47,43,0,0,0,0
1770257272166470599,46,45,47,43,0,0,0,0
1770257272168436755,46,45,47,43,0,0,0,0
1770257272169923477,46,45,47,43,0,0,0,0
1770257272171539258,46,45,47,43,0,0,0,0
1770257272174092052,46,45,47,43,0,0,0,0
1770257272176133698,46,45,47,43,0,0,0,0
1770257272177593027,46,45,47,43,0,0,0,0
1770257272180433284,46,45,48,43,0,0,0,0
1770257272182255053,46,45,48,43,0,0,0,0
1770257272184451775,46,45,48,43,0,0,0,0
1770257272186381675,46,44,47,43,0,0,0,0
1770257272188205556,46,44,47,43,0,0,0,0
1770257272190186849,46,44,47,43,0,0,0,0
1770257272192129357,46,44,48,43,0,0,0,0
1770257272193620591,46,44,48,43,0,0,0,0
1770257272195846113,46,44,48,43,0,0,0,0
1770257272198174358,46,44,48,43,0,0,0,0
1770257272200345000,46,44,48,43,0,0,0,0
1770257272202467608,46,44,48,43,0,0,0,0
1770257272204519142,46,44,47,43,0,0,0,0
1770257272206200524,46,45,47,43,0,0,0,0
1770257272208332509,46,45,47,43,0,0,0,0
1770257272209647963,46,45,47,43,0,0,0,0
1770257272211444900,46,45,47,43,0,0,0,0
1770257272213652310,46,45,47,43,0,0,0,0
1770257272215961994,46,45,47,43,0,0,0,0
1770257272217574191,46,45,47,43,0,0,0,0
1770257272220275916,46,45,47,43,0,0,0,0
1770257272221605962,46,45,47,43,0,0,0,0
1770257272223680825,46,45,47,43,0,0,0,0
1770257272225588965,46,45,47,43,0,0,0,0
1770257272227610387,46,45,47,43,0,0,0,0
1770257272229736387,46,45,47,43,0,0,0,0
1770257272231855059,46,45,48,43,0,0,0,0
1770257272234316651,46,45,48,43,0,0,0,0
1770257272235863662,46,44,48,43,0,0,0,0
1770257272238526474,46,44,48,43,0,0,0,0
1770257272239776935,46,44,47,43,0,0,0,0
1770257272241812501,46,45,47,43,0,0,0,0
1770257272243640510,46,45,48,43,0,0,0,0
1770257272245633708,46,44,48,43,0,0,0,0
1770257272247617849,46,44,48,43,0,0,0,0
1770257272249548709,46,44,48,43,0,0,0,0
1770257272251661717,46,44,48,43,0,0,0,0
1770257272253762852,46,44,48,43,0,0,0,0
1770257272255942070,46,44,48,43,0,0,0,0
1770257272257883522,46,44,48,43,0,0,0,0
1770257272259835310,46,44,48,43,0,0,0,0
1770257272261521748,46,44,48,43,0,0,0,0
1770257272263616196,46,44,48,43,0,0,0,0
1770257272265587473,46,44,48,43,0,0,0,0
1770257272267591966,46,44,48,43,0,0,0,0
1770257272269594156,46,44,48,43,0,0,0,0
1770257272271847167,46,44,48,43,0,0,0,0
1770257272274601117,46,44,48,43,0,0,0,0
1770257272276583562,46,45,48,43,0,0,0,0
1770257272278379123,46,45,48,43,0,0,0,0
1770257272280660871,46,45,48,43,0,0,0,0
1770257272281779424,46,45,48,43,0,0,0,0
1770257272283863344,46,44,48,43,0,0,0,0
1770257272285922174,46,44,48,43,0,0,0,0
1770257272287689382,46,44,48,43,0,0,0,0
1770257272289623826,46,45,48,43,0,0,0,0
1770257272292109739,46,45,48,43,0,0,0,0
1770257272293599021,46,45,48,43,0,0,0,0
1770257272295741789,46,45,48,43,0,0,0,0
1770257272297614248,46,45,48,43,0,0,0,0
1770257272299699927,46,45,48,43,0,0,0,0
1770257272301628003,46,45,48,43,0,0,0,0
1770257272303883446,46,45,48,43,0,0,0,0
1770257272305629470,46,45,47,43,0,0,0,0
1770257272307708557,46,45,47,43,0,0,0,0
1770257272310451819,46,45,47,43,0,0,0,0
1770257272311671143,46,45,47,43,0,0,0,0
1770257272313527601,46,45,47,43,0,0,0,0
1770257272315686146,46,45,47,43,0,0,0,0
1770257272317555500,46,45,48,43,0,0,0,0
1770257272319503929,46,44,48,43,0,0,0,0
1770257272321606664,46,44,48,43,0,0,0,0
1770257272324598764,46,44,47,43,0,0,0,0
1770257272326678140,46,45,47,43,0,0,0,0
1770257272328487365,46,45,47,43,0,0,0,0
1770257272330692119,46,45,47,43,0,0,0,0
1770257272332701060,46,44,47,43,0,0,0,0
1770257272333855454,46,44,47,43,0,0,0,0
1770257272335774602,46,44,48,43,0,0,0,0
1770257272337721654,46,44,48,43,0,0,0,0
1770257272339663202,46,44,48,43,0,0,0,0
1770257272341708721,46,44,48,43,0,0,0,0
1770257272343982116,46,44,48,43,0,0,0,0
1770257272346760771,46,44,48,43,0,0,0,0
1770257272347890781,46,44,48,43,0,0,0,0
1770257272350562426,46,44,48,43,0,0,0,0
1770257272351854423,46,44,48,43,0,0,0,0
1770257272353837348,46,44,48,43,0,0,0,0
1770257272355643373,46,44,48,43,0,0,0,0
1770257272357794238,46,44,47,43,0,0,0,0
1770257272359774027,46,44,47,43,0,0,0,0
1770257272361586772,46,44,47,43,0,0,0,0
1770257272363903497,46,44,47,43,0,0,0,0
1770257272366514180,46,44,47,43,0,0,0,0
1770257272367857090,46,44,47,43,0,0,0,0
1770257272370568576,46,44,47,43,0,0,0,0
1770257272371840637,46,44,47,43,0,0,0,0
1770257272373602533,46,44,47,43,0,0,0,0
1770257272375857464,46,44,48,43,0,0,0,0
1770257272377684641,46,45,48,43,0,0,0,0
1770257272379566700,46,45,48,43,0,0,0,0
1770257272381914498,46,45,48,43,0,0,0,0
1770257272383717130,46,45,47,43,0,0,0,0
1770257272385888924,46,45,47,43,0,0,0,0
1770257272387874281,46,45,47,43,0,0,0,0
1770257272390529445,46,45,47,43,0,0,0,0
1770257272391847811,46,45,47,43,0,0,0,0
1770257272393831024,46,45,47,43,0,0,0,0
1770257272395737083,46,45,47,43,0,0,0,0
1770257272397660679,46,45,47,43,0,0,0,0
1770257272399633972,46,45,48,43,0,0,0,0
1770257272401637345,46,45,48,43,0,0,0,0
1770257272403679856,46,45,48,43,0,0,0,0
1770257272405630396,46,45,47,43,0,0,0,0
1770257272407757260,46,45,47,43,0,0,0,0
1770257272409824443,46,45,47,43,0,0,0,0
1770257272411604100,46,45,47,43,0,0,0,0
1770257272413639954,46,45,47,43,0,0,0,0
1770257272415656608,46,45,47,43,0,0,0,0
1770257272417619564,46,45,47,43,0,0,0,0
1770257272419626106,46,45,47,43,0,0,0,0
1770257272421633927,46,45,47,43,0,0,0,0
1770257272423929083,46,45,48,43,0,0,0,0
1770257272426926431,46,45,48,43,0,0,0,0
1770257272428105978,46,44,48,43,0,0,0,0
1770257272430973627,46,44,48,43,0,0,0,0
1770257272432018163,46,44,48,43,0,0,0,0
1770257272433555894,46,45,48,43,0,0,0,0
1770257272436510649,46,45,48,43,0,0,0,0
1770257272437888024,46,45,48,43,0,0,0,0
1770257272439890278,46,44,48,43,0,0,0,0
1770257272441857170,46,44,48,43,0,0,0,0
1770257272443912993,46,44,48,43,0,0,0,0
1770257272445599879,46,44,48,43,0,0,0,0
1770257272447656598,46,44,48,43,0,0,0,0
1770257272449717061,46,44,48,43,0,0,0,0
1770257272451664145,46,44,48,43,0,0,0,0
1770257272453589277,46,44,47,43,0,0,0,0
1770257272455867504,46,44,47,43,0,0,0,0
1770257272458424298,46,45,47,43,0,0,0,0
1770257272459905036,46,45,47,43,0,0,0,0
1770257272461812887,46,45,47,43,0,0,0,0
1770257272464026794,46,45,47,43,0,0,0,0
1770257272465663119,46,45,48,43,0,0,0,0
1770257272467618267,46,45,48,43,0,0,0,0
1770257272469705899,46,45,48,43,0,0,0,0
1770257272471651991,46,45,48,43,0,0,0,0
1770257272473917194,46,44,47,43,0,0,0,0
1770257272475975609,46,44,47,43,0,0,0,0
1770257272478486578,46,44,47,43,0,0,0,0
1770257272479909842,46,44,47,43,0,0,0,0
1770257272481870751,46,45,47,43,0,0,0,0
1770257272483880972,46,45,48,43,0,0,0,0
1770257272485888410,46,45,48,43,0,0,0,0
1770257272487891527,46,44,48,43,0,0,0,0
1770257272489610702,46,44,48,43,0,0,0,0
1770257272491725182,46,44,48,43,0,0,0,0
1770257272493718092,46,44,48,43,0,0,0,0
1770257272496008896,46,44,48,43,0,0,0,0
1770257272497732391,46,44,48,43,0,0,0,0
1770257272499924633,46,45,48,43,0,0,0,0
1770257272501854404,46,45,48,43,0,0,0,0
1770257272503723343,46,45,47,43,0,0,0,0
1770257272505679003,46,45,47,43,0,0,0,0
1770257272507729770,46,45,47,43,0,0,0,0
1770257272509647221,46,45,47,43,0,0,0,0
1770257272511566465,46,45,47,43,0,0,0,0
1770257272513858037,46,45,47,43,0,0,0,0
1770257272515936964,46,44,47,43,0,0,0,0
1770257272517633451,46,44,47,43,0,0,0,0
1770257272520547725,46,44,47,43,0,0,0,0
1770257272522834625,46,44,47,43,0,0,0,0
1770257272523691668,46,44,47,43,0,0,0,0
1770257272525657729,46,44,48,43,0,0,0,0
1770257272527696143,46,44,48,43,0,0,0,0
1770257272529848064,46,44,48,43,0,0,0,0
1770257272531733099,46,44,48,43,0,0,0,0
1770257272533850843,46,44,48,43,0,0,0,0
1770257272535875561,46,44,48,43,0,0,0,0
1770257272538277983,46,44,48,43,0,0,0,0
1770257272539914692,46,44,48,43,0,0,0,0
1770257272541634763,46,44,48,43,0,0,0,0
1770257272543941824,46,44,48,43,0,0,0,0
1770257272545875948,46,44,48,43,0,0,0,0
1770257272548543880,46,45,48,43,0,0,0,0
1770257272549606752,46,45,47,43,0,0,0,0
1770257272551647951,46,45,47,43,0,0,0,0
1770257272553618204,46,44,47,43,0,0,0,0
1770257272555944336,46,44,47,43,0,0,0,0
1770257272557533236,46,44,47,43,0,0,0,0
1770257272559881546,46,45,47,43,0,0,0,0
1770257272561869783,46,45,47,43,0,0,0,0
1770257272563695328,46,45,47,43,0,0,0,0
1770257272566477215,46,45,47,43,0,0,0,0
1770257272567733052,46,45,47,43,0,0,0,0
1770257272569619431,46,45,47,42,0,0,0,0
1770257272571944156,46,45,47,42,0,0,0,0
1770257272573636994,46,45,47,42,0,0,0,0
1770257272575675536,46,45,47,43,0,0,0,0
1770257272577911331,46,45,47,43,0,0,0,0
1770257272579752077,46,45,48,43,0,0,0,0
1770257272581895837,46,45,48,43,0,0,0,0
1770257272583891691,46,45,48,43,0,0,0,0
1770257272585842423,46,45,48,43,0,0,0,0
1770257272587714082,46,45,48,43,0,0,0,0
1770257272589662094,46,45,48,43,0,0,0,0
1770257272591674875,46,45,48,43,0,0,0,0
1770257272593691657,46,44,47,43,0,0,0,0
1770257272595754456,46,44,47,43,0,0,0,0
1770257272597828167,46,44,47,43,0,0,0,0
1770257272599971064,46,44,47,43,0,0,0,0
1770257272601942661,46,45,47,43,0,0,0,0
1770257272603906929,46,45,47,43,0,0,0,0
1770257272605925951,46,44,47,43,0,0,0,0
1770257272607700327,46,44,47,43,0,0,0,0
1770257272610509223,46,44,47,43,0,0,0,0
1770257272611832101,46,44,47,43,0,0,0,0
1770257272613650862,46,44,47,43,0,0,0,0
1770257272616005348,46,44,47,43,0,0,0,0
1770257272617590120,46,45,47,43,0,0,0,0
1770257272619460178,46,45,47,43,0,0,0,0
1770257272621645668,46,45,48,43,0,0,0,0
1770257272623592240,46,45,48,43,0,0,0,0
1770257272625490171,46,45,48,43,0,0,0,0
1770257272628792134,46,45,48,43,0,0,0,0
1770257272630562894,46,44,48,43,0,0,0,0
1770257272632081873,46,44,48,43,0,0,0,0
1770257272634495272,46,44,48,43,0,0,0,0
1770257272636824188,46,44,48,43,0,0,0,0
1770257272637582446,46,45,48,43,0,0,0,0
1770257272639779712,46,45,48,43,0,0,0,0
1770257272641709739,46,45,48,43,0,0,0,0
1770257272643683864,46,45,48,43,0,0,0,0
1770257272645689286,46,45,48,43,0,0,0,0
1770257272648067260,46,45,48,43,0,0,0,0
1770257272649737026,46,45,48,43,0,0,0,0
1770257272651803057,46,45,47,43,0,0,0,0
1770257272653882176,46,45,47,43,0,0,0,0
1770257272656506907,46,45,47,43,0,0,0,0
1770257272657702390,46,45,47,43,0,0,0,0
1770257272659915273,46,45,47,43,0,0,0,0
1770257272662521188,46,45,47,43,0,0,0,0
1770257272663911875,46,45,47,43,0,0,0,0
1770257272665891088,46,45,47,43,0,0,0,0
1770257272667818460,46,45,47,43,0,0,0,0
1770257272669804201,46,45,48,43,0,0,0,0
1770257272672060028,46,45,48,43,0,0,0,0
1770257272674502388,46,45,48,43,0,0,0,0
1770257272676004790,46,45,48,43,0,0,0,0
1770257272677962050,46,45,48,43,0,0,0,0
1770257272680069234,46,44,48,43,0,0,0,0
1770257272682683822,46,44,47,43,0,0,0,0
1770257272683826728,46,45,47,43,0,0,0,0
1770257272685871286,46,45,47,43,0,0,0,0
1770257272688036551,46,45,47,43,0,0,0,0
1770257272689808015,46,44,47,43,0,0,0,0
1770257272691560375,46,44,47,43,0,0,0,0
1770257272693635942,46,44,48,43,0,0,0,0
1770257272695649492,46,44,48,43,0,0,0,0
1770257272697640737,46,44,48,43,0,0,0,0
1770257272700606628,46,44,48,43,0,0,0,0
1770257272701854369,46,44,48,43,0,0,0,0
1770257272703762604,46,44,48,43,0,0,0,0
1770257272705944542,46,44,47,43,0,0,0,0
1770257272707998060,46,44,47,43,0,0,0,0
1770257272709643698,46,44,47,43,0,0,0,0
1770257272711658815,46,44,48,43,0,0,0,0
1770257272713645452,46,44,48,43,0,0,0,0
1770257272715738428,46,44,48,43,0,0,0,0
1770257272717642663,46,44,48,43,0,0,0,0
1770257272719895546,46,44,48,43,0,0,0,0
1770257272722568183,46,44,48,43,0,0,0,0
1770257272723616463,46,44,48,43,0,0,0,0
1770257272725630877,46,44,48,43,0,0,0,0
1770257272728083668,46,44,48,43,0,0,0,0
1770257272729642936,46,44,48,43,0,0,0,0
1770257272731688230,46,45,48,43,0,0,0,0
1770257272733937401,46,45,48,43,0,0,0,0
1770257272735984360,46,45,48,43,0,0,0,0
1770257272737993557,46,44,48,43,0,0,0,0
1770257272739944962,46,44,48,43,0,0,0,0
1770257272741991312,46,44,48,43,0,0,0,0
1770257272744188002,46,45,48,43,0,0,0,0
1770257272745582113,46,45,48,43,0,0,0,0
1770257272747819668,46,45,47,42,0,0,0,0
1770257272749629533,46,45,47,42,0,0,0,0
1770257272751573738,46,45,47,42,0,0,0,0
1770257272753847901,46,45,47,43,0,0,0,0
1770257272755761033,46,45,47,43,0,0,0,0
1770257272757657972,46,45,47,43,0,0,0,0
1770257272759854278,46,45,47,43,0,0,0,0
1770257272761840115,46,45,47,43,0,0,0,0
1770257272763978915,46,45,47,43,0,0,0,0
1770257272765995281,46,45,47,43,0,0,0,0
1770257272767911964,46,45,47,43,0,0,0,0
1770257272769822056,46,45,47,43,0,0,0,0
1770257272772476868,46,45,47,43,0,0,0,0
1770257272773825155,46,45,47,43,0,0,0,0
1770257272776515296,46,45,47,43,0,0,0,0
1770257272777724315,46,45,48,43,0,0,0,0
1770257272779715752,46,45,48,43,0,0,0,0
1770257272781527570,46,45,48,43,0,0,0,0
1770257272783746820,46,45,48,43,0,0,0,0
1770257272785674192,46,45,48,43,0,0,0,0
1770257272787680637,46,45,48,43,0,0,0,0
1770257272789848494,46,45,48,43,0,0,0,0
1770257272791960638,46,45,48,43,0,0,0,0
1770257272793550850,46,45,48,43,0,0,0,0
1770257272795659698,46,45,48,43,0,0,0,0
1770257272797912133,46,45,48,43,0,0,0,0
1770257272799596684,46,44,48,43,0,0,0,0
1770257272801736540,46,44,48,43,0,0,0,0
1770257272803824492,46,45,48,43,0,0,0,0
1770257272805645365,46,45,48,43,0,0,0,0
1770257272807616706,46,45,48,43,0,0,0,0
1770257272809593679,46,44,48,43,0,0,0,0
1770257272811886659,46,44,48,43,0,0,0,0
1770257272813877648,46,44,48,43,0,0,0,0
1770257272815689945,46,44,48,43,0,0,0,0
1770257272817926348,46,44,48,43,0,0,0,0
1770257272819948986,46,44,48,43,0,0,0,0
1770257272821879430,46,45,48,43,0,0,0,0
1770257272823674574,46,45,48,43,0,0,0,0
1770257272825702012,46,45,48,43,0,0,0,0
1770257272827692234,46,45,48,43,0,0,0,0
1770257272829588021,46,45,48,43,0,0,0,0
1770257272831646147,46,45,47,43,0,0,0,0
1770257272833869238,46,45,47,43,0,0,0,0
1770257272835872963,46,45,47,43,0,0,0,0
1770257272837960979,46,45,48,43,0,0,0,0
1770257272840048194,46,45,48,43,0,0,0,0
1770257272841954957,46,45,48,43,0,0,0,0
1770257272843861113,46,45,47,43,0,0,0,0
1770257272845546079,46,45,47,43,0,0,0,0
1770257272847630062,46,45,47,43,0,0,0,0
1770257272849638524,46,45,47,43,0,0,0,0
1770257272851878863,46,45,47,43,0,0,0,0
1770257272854536395,46,45,47,43,0,0,0,0
1770257272856890528,46,45,47,43,0,0,0,0
1770257272858791884,46,45,47,43,0,0,0,0
1770257272859905669,46,45,47,43,0,0,0,0
1770257272862894729,46,45,48,43,0,0,0,0
1770257272863953569,46,44,48,43,0,0,0,0
1770257272865573062,46,44,48,43,0,0,0,0
1770257272867829913,46,44,47,43,0,0,0,0
1770257272869647010,46,45,47,43,0,0,0,0
1770257272871840212,46,45,47,43,0,0,0,0
1770257272873643229,46,45,48,43,0,0,0,0
1770257272876550911,46,44,48,43,0,0,0,0
1770257272877987583,46,44,48,43,0,0,0,0
1770257272879968812,46,44,48,43,0,0,0,0
1770257272882544391,46,44,48,43,0,0,0,0
1770257272883966407,46,44,48,43,0,0,0,0
1770257272885676558,46,44,48,43,0,0,0,0
1770257272887633114,46,44,48,43,0,0,0,0
1770257272889520293,46,44,48,43,0,0,0,0
1770257272891699031,46,44,48,43,0,0,0,0
1770257272893569281,46,44,48,43,0,0,0,0
1770257272896420418,46,44,48,43,0,0,0,0
1770257272897879491,46,44,48,43,0,0,0,0
1770257272899840847,46,44,48,43,0,0,0,0
1770257272902584526,46,45,48,43,0,0,0,0
1770257272904127505,46,45,48,43,0,0,0,0
1770257272905981115,46,44,48,43,0,0,0,0
1770257272907955752,46,44,48,43,0,0,0,0
1770257272909889652,46,44,48,43,0,0,0,0
1770257272911889825,46,44,48,43,0,0,0,0
1770257272913876494,46,44,48,43,0,0,0,0
1770257272915575285,46,44,48,43,0,0,0,0
1770257272917607587,46,44,48,43,0,0,0,0
1770257272919589392,46,44,48,43,0,0,0,0
1770257272921573469,46,44,48,43,0,0,0,0
1770257272923608139,46,44,48,43,0,0,0,0
1770257272925800989,46,45,48,43,0,0,0,0
1770257272927931117,46,45,48,43,0,0,0,0
1770257272929873817,46,45,48,43,0,0,0,0
1770257272931663010,46,45,48,43,0,0,0,0
1770257272933855860,46,45,47,43,0,0,0,0
1770257272935874850,46,45,47,43,0,0,0,0
1770257272938978824,46,45,47,43,0,0,0,0
1770257272940177379,46,45,47,43,0,0,0,0
1770257272941872682,46,45,47,43,0,0,0,0
1770257272945271287,46,45,47,43,0,0,0,0
1770257272946483890,46,45,47,43,0,0,0,0
1770257272947619372,46,45,47,43,0,0,0,0
1770257272949564632,46,45,47,43,0,0,0,0
1770257272951563046,46,45,48,43,0,0,0,0
1770257272953513330,46,44,48,43,0,0,0,0
1770257272955543072,46,44,48,43,0,0,0,0
1770257272958006360,46,44,48,43,0,0,0,0
1770257272959816225,46,44,48,43,0,0,0,0
1770257272961659435,46,44,48,43,0,0,0,0
1770257272963869181,46,44,47,43,0,0,0,0
1770257272966430871,46,44,47,43,0,0,0,0
1770257272967761205,46,45,47,43,0,0,0,0
1770257272970571445,46,45,47,43,0,0,0,0
1770257272971867347,46,45,47,43,0,0,0,0
1770257272974480974,46,45,47,43,0,0,0,0
1770257272975876750,46,45,47,43,0,0,0,0
1770257272977926716,46,45,47,43,0,0,0,0
1770257272979633891,46,44,47,43,0,0,0,0
1770257272981574415,46,44,48,43,0,0,0,0
1770257272983600381,46,44,48,43,0,0,0,0
1770257272985648139,46,44,48,43,0,0,0,0
1770257272987770044,46,44,48,43,0,0,0,0
1770257272990126129,46,44,48,43,0,0,0,0
1770257272992001308,46,45,48,43,0,0,0,0
1770257272993939944,46,45,48,43,0,0,0,0
1770257272995981110,46,45,48,43,0,0,0,0
1770257272997895202,46,45,48,43,0,0,0,0
1770257273000862757,46,45,48,43,0,0,0,0
1770257273001737529,46,45,48,43,0,0,0,0
1770257273003736998,46,45,48,43,0,0,0,0
1770257273006541638,46,45,48,43,0,0,0,0
1770257273007752161,46,45,48,43,0,0,0,0
1770257273009567146,46,45,48,43,0,0,0,0
1770257273011627961,46,45,48,43,0,0,0,0
1770257273014361527,46,45,48,42,0,0,0,0
1770257273015700822,46,45,48,42,0,0,0,0
1770257273017544960,46,45,48,43,0,0,0,0
1770257273019948406,46,45,48,43,0,0,0,0
1770257273021742943,46,44,48,43,0,0,0,0
1770257273023795854,46,44,47,43,0,0,0,0
1770257273025683544,46,44,47,43,0,0,0,0
1770257273027630533,46,45,47,43,0,0,0,0
1770257273029984922,46,45,47,43,0,0,0,0
1770257273031715233,46,45,47,43,0,0,0,0
1770257273033641709,46,45,47,43,0,0,0,0
1770257273035615450,46,45,48,43,0,0,0,0
1770257273037504005,46,44,48,43,0,0,0,0
1770257273039612725,46,44,48,43,0,0,0,0
1770257273041560865,46,44,48,43,0,0,0,0
1770257273043546158,46,45,48,43,0,0,0,0
1770257273046253195,46,45,48,43,0,0,0,0
1770257273047851024,46,45,48,43,0,0,0,0
1770257273049581655,46,45,48,43,0,0,0,0
1770257273051874539,46,44,48,43,0,0,0,0
1770257273053638131,46,44,48,43,0,0,0,0
1770257273055894790,46,45,48,43,0,0,0,0
1770257273057760785,46,45,48,43,0,0,0,0
1770257273059678460,46,45,48,43,0,0,0,0
1770257273061664745,46,45,48,43,0,0,0,0
1770257273063667639,46,45,48,43,0,0,0,0
1770257273065619043,46,45,47,43,0,0,0,0
1770257273067754739,46,45,47,43,0,0,0,0
1770257273069855203,46,45,47,43,0,0,0,0
1770257273072749413,46,45,48,43,0,0,0,0
1770257273074457708,46,45,48,43,0,0,0,0
1770257273077051527,46,45,48,43,0,0,0,0
1770257273078859120,46,45,47,43,0,0,0,0
1770257273079628001,46,45,47,43,0,0,0,0
1770257273081631726,46,44,47,43,0,0,0,0
1770257273083624924,46,44,48,43,0,0,0,0
1770257273085666922,46,44,48,43,0,0,0,0
1770257273087628439,46,44,48,43,0,0,0,0
1770257273089977836,46,44,48,43,0,0,0,0
1770257273091928664,46,45,48,43,0,0,0,0
1770257273094691671,46,45,48,43,0,0,0,0
1770257273095916371,46,45,48,43,0,0,0,0
1770257273097914240,46,45,48,43,0,0,0,0
1770257273099702889,46,44,48,43,0,0,0,0
1770257273101636309,46,44,48,43,0,0,0,0
1770257273103596257,46,45,48,43,0,0,0,0
1770257273105810291,46,45,48,43,0,0,0,0
1770257273107871074,46,45,47,43,0,0,0,0
1770257273109852911,46,45,47,43,0,0,0,0
1770257273111874461,46,45,47,43,0,0,0,0
1770257273114651868,46,45,47,43,0,0,0,0
1770257273116480678,46,45,47,43,0,0,0,0
1770257273117864709,46,45,47,43,0,0,0,0
1770257273119702095,46,45,47,43,0,0,0,0
1770257273121569145,46,45,47,43,0,0,0,0
1770257273124130387,46,45,47,43,0,0,0,0
1770257273125667126,46,45,48,43,0,0,0,0
1770257273127700420,46,44,48,43,0,0,0,0
1770257273129980376,46,44,48,43,0,0,0,0
1770257273131950437,46,44,48,43,0,0,0,0
1770257273133659116,46,44,48,43,0,0,0,0
1770257273135874462,46,44,48,43,0,0,0,0
1770257273137956461,46,44,48,43,0,0,0,0
1770257273139744918,46,45,48,43,0,0,0,0
1770257273141709858,46,45,48,43,0,0,0,0
1770257273143735792,46,45,48,43,0,0,0,0
1770257273145717437,46,44,48,43,0,0,0,0
1770257273147616328,46,44,48,43,0,0,0,0
1770257273149875004,46,44,48,43,0,0,0,0
1770257273151958859,46,44,48,43,0,0,0,0
1770257273153867382,46,44,48,43,0,0,0,0
1770257273156563508,46,44,47,43,0,0,0,0
1770257273157848561,46,44,47,43,0,0,0,0
1770257273159898943,46,44,47,43,0,0,0,0
1770257273161590118,46,44,48,43,0,0,0,0
1770257273163578771,46,44,48,43,0,0,0,0
1770257273165593377,46,45,48,43,0,0,0,0
1770257273167565037,46,45,48,43,0,0,0,0
1770257273169462488,46,45,48,43,0,0,0,0
1770257273171930288,46,45,48,43,0,0,0,0
1770257273174029632,46,45,48,42,0,0,0,0
1770257273175986861,46,45,48,42,0,0,0,0
1770257273177992442,46,45,48,42,0,0,0,0
1770257273179952775,46,45,48,43,0,0,0,0
1770257273181482441,46,44,48,43,0,0,0,0
1770257273183655579,46,44,48,43,0,0,0,0
1770257273185674888,46,44,48,43,0,0,0,0
1770257273187615253,46,45,48,43,0,0,0,0
1770257273189736805,46,45,48,43,0,0,0,0
1770257273191766227,46,45,48,43,0,0,0,0
1770257273193898339,46,45,48,43,0,0,0,0
1770257273195762733,46,45,48,43,0,0,0,0
1770257273198277127,46,45,47,43,0,0,0,0
1770257273199953837,46,45,47,43,0,0,0,0
1770257273201871704,46,45,47,43,0,0,0,0
1770257273203595487,46,45,47,43,0,0,0,0
1770257273205841106,46,45,47,43,0,0,0,0
1770257273207647515,46,45,47,43,0,0,0,0
1770257273209618824,46,45,47,43,0,0,0,0
1770257273211951741,46,45,47,43,0,0,0,0
1770257273214831518,46,45,47,43,0,0,0,0
1770257273215748371,46,45,47,43,0,0,0,0
1770257273218045351,46,45,47,43,0,0,0,0
1770257273219856432,46,44,47,43,0,0,0,0
1770257273221967072,46,44,47,43,0,0,0,0
1770257273223596165,46,44,47,43,0,0,0,0
1770257273225612211,46,44,47,43,0,0,0,0
1770257273227557695,46,44,47,43,0,0,0,0
1770257273229485995,46,45,47,43,0,0,0,0
1770257273231580091,46,45,47,43,0,0,0,0
1770257273234546302,46,45,47,43,0,0,0,0
1770257273235882780,46,45,47,43,0,0,0,0
1770257273237955691,46,45,47,43,0,0,0,0
1770257273239755732,46,45,48,43,0,0,0,0
1770257273241603454,46,44,48,43,0,0,0,0
1770257273243726062,46,44,48,43,0,0,0,0
1770257273245659322,46,44,48,43,0,0,0,0
1770257273247672904,46,44,48,43,0,0,0,0
1770257273249700694,46,44,48,43,0,0,0,0
1770257273251678659,46,44,48,43,0,0,0,0
1770257273253776915,46,44,48,43,0,0,0,0
1770257273256051142,46,44,48,43,0,0,0,0
1770257273258568095,46,44,48,43,0,0,0,0
1770257273259952127,46,44,48,43,0,0,0,0
1770257273261915403,46,44,48,43,0,0,0,0
1770257273263731701,46,44,48,43,0,0,0,0
1770257273266505363,46,45,48,43,0,0,0,0
1770257273268045878,46,45,48,43,0,0,0,0
1770257273269888576,46,45,48,43,0,0,0,0
1770257273272015345,46,44,48,43,0,0,0,0
1770257273273676790,46,44,48,43,0,0,0,0
1770257273276534167,46,44,48,43,0,0,0,0
1770257273277591791,46,44,48,43,0,0,0,0
1770257273279642782,46,44,48,43,0,0,0,0
1770257273281685644,46,44,48,43,0,0,0,0
1770257273284017409,46,44,48,43,0,0,0,0
1770257273285843210,46,44,48,43,0,0,0,0
1770257273287940442,46,44,48,43,0,0,0,0
1770257273289903367,46,45,48,43,0,0,0,0
1770257273292411520,46,45,48,43,0,0,0,0
1770257273293600379,46,45,48,43,0,0,0,0
1770257273295877326,46,45,48,43,0,0,0,0
1770257273297694264,46,45,48,43,0,0,0,0
1770257273299909674,46,45,48,43,0,0,0,0
1770257273301898423,46,45,48,43,0,0,0,0
1770257273303894468,46,45,48,43,0,0,0,0
1770257273306306683,46,45,47,43,0,0,0,0
1770257273307696635,46,44,47,43,0,0,0,0
1770257273309950894,46,44,47,43,0,0,0,0
1770257273311903290,46,44,47,43,0,0,0,0
1770257273313476222,46,45,47,43,0,0,0,0
1770257273315541869,46,45,47,43,0,0,0,0
1770257273317637564,46,45,48,43,0,0,0,0
1770257273319461478,46,45,48,43,0,0,0,0
1770257273321522356,46,45,48,43,0,0,0,0
1770257273323911755,46,45,47,43,0,0,0,0
1770257273325679955,46,44,47,43,0,0,0,0
1770257273327570718,46,44,47,43,0,0,0,0
1770257273329572907,46,44,48,43,0,0,0,0
1770257273331550808,46,44,48,43,0,0,0,0
1770257273333555494,46,44,48,43,0,0,0,0
1770257273336727918,46,44,47,43,0,0,0,0
1770257273338560631,46,44,47,43,0,0,0,0
1770257273340978702,46,44,47,43,0,0,0,0
1770257273342020582,46,44,48,43,0,0,0,0
1770257273343908369,46,45,48,43,0,0,0,0
1770257273345709594,46,45,48,43,0,0,0,0
1770257273347894763,46,45,48,43,0,0,0,0
1770257273349527504,46,45,48,43,0,0,0,0
1770257273351654369,46,45,48,43,0,0,0,0
1770257273353652942,46,45,48,43,0,0,0,0
1770257273355671868,46,44,48,43,0,0,0,0
1770257273358099667,46,44,48,43,0,0,0,0
1770257273360001246,46,44,48,43,0,0,0,0
1770257273361912457,46,45,48,43,0,0,0,0
1770257273363686258,46,45,48,43,0,0,0,0
1770257273365652030,46,45,48,42,0,0,0,0
1770257273368105494,46,45,48,42,0,0,0,0
1770257273369596472,46,45,48,42,0,0,0,0
1770257273371718120,46,45,48,43,0,0,0,0
1770257273373849368,46,45,48,43,0,0,0,0
1770257273375893799,46,45,48,43,0,0,0,0
1770257273377978134,46,45,47,42,0,0,0,0
1770257273379894274,46,45,47,42,0,0,0,0
1770257273382560510,46,45,47,42,0,0,0,0
1770257273383840123,46,45,47,43,0,0,0,0
1770257273385833992,46,45,47,43,0,0,0,0
1770257273387775669,46,45,47,43,0,0,0,0
1770257273389745057,46,45,48,43,0,0,0,0
1770257273391619468,46,45,48,43,0,0,0,0
1770257273393715739,46,45,48,43,0,0,0,0
1770257273395628583,46,45,48,43,0,0,0,0
1770257273397876954,46,45,48,43,0,0,0,0
1770257273399909576,46,45,48,43,0,0,0,0
1770257273401676848,46,45,48,43,0,0,0,0
1770257273403921507,46,44,48,43,0,0,0,0
1770257273405928017,46,44,48,43,0,0,0,0
1770257273407613975,46,44,47,43,0,0,0,0
1770257273409451073,46,44,47,43,0,0,0,0
1770257273411639666,46,44,47,43,0,0,0,0
1770257273413530877,46,44,47,43,0,0,0,0
1770257273415429928,46,44,47,43,0,0,0,0
1770257273417888864,46,44,47,43,0,0,0,0
1770257273420136275,46,44,47,43,0,0,0,0
1770257273421889947,46,44,47,43,0,0,0,0
1770257273423891944,46,44,47,43,0,0,0,0
1770257273426138427,46,44,47,43,0,0,0,0
1770257273428447408,46,44,47,43,0,0,0,0
1770257273429870672,46,44,47,43,0,0,0,0
1770257273431688889,46,44,47,43,0,0,0,0
1770257273433881707,46,45,47,43,0,0,0,0
1770257273435830199,46,45,48,43,0,0,0,0
1770257273437731843,46,45,48,43,0,0,0,0
1770257273439602829,46,44,48,43,0,0,0,0
1770257273441896961,46,44,48,43,0,0,0,0
1770257273443711818,46,44,48,43,0,0,0,0
1770257273445644054,46,44,48,43,0,0,0,0
1770257273447934154,46,44,48,43,0,0,0,0
1770257273449900439,46,44,48,43,0,0,0,0
1770257273451705600,46,44,48,43,0,0,0,0
1770257273453747950,46,44,48,43,0,0,0,0
1770257273456092899,46,44,48,43,0,0,0,0
1770257273457598886,46,45,48,43,0,0,0,0
1770257273459572850,46,45,48,43,0,0,0,0
1770257273461531359,46,45,48,43,0,0,0,0
1770257273463512908,46,45,48,43,0,0,0,0
1770257273465523674,46,45,48,43,0,0,0,0
1770257273468773635,46,45,48,43,0,0,0,0
1770257273470762001,46,45,48,43,0,0,0,0
1770257273471899242,46,45,48,43,0,0,0,0
1770257273474741419,46,45,48,43,0,0,0,0
1770257273476664151,46,45,48,43,0,0,0,0
1770257273477621548,46,45,48,43,0,0,0,0
1770257273479671803,46,45,48,43,0,0,0,0
1770257273481528229,46,45,48,43,0,0,0,0
1770257273483651061,46,45,48,43,0,0,0,0
1770257273485661443,46,45,47,43,0,0,0,0
1770257273488659367,46,45,47,43,0,0,0,0
1770257273489653565,46,45,47,43,0,0,0,0
1770257273491658731,46,45,48,43,0,0,0,0
1770257273493615767,46,44,48,43,0,0,0,0
1770257273495749512,46,44,48,43,0,0,0,0
1770257273497593010,46,44,47,43,0,0,0,0
1770257273499776515,46,45,47,43,0,0,0,0
1770257273501667886,46,45,47,43,0,0,0,0
1770257273503852992,46,45,48,43,0,0,0,0
1770257273505855053,46,44,48,43,0,0,0,0
1770257273508023262,46,44,48,43,0,0,0,0
1770257273509708549,46,44,47,43,0,0,0,0
1770257273511750611,46,44,47,43,0,0,0,0
1770257273513711936,46,45,47,43,0,0,0,0
1770257273515841584,46,45,48,43,0,0,0,0
1770257273517665945,46,45,48,43,0,0,0,0
1770257273519760137,46,44,48,43,0,0,0,0
1770257273521993404,46,44,48,43,0,0,0,0
1770257273523854950,46,45,48,43,0,0,0,0
1770257273525875380,46,45,48,43,0,0,0,0
1770257273527692189,46,45,48,43,0,0,0,0
1770257273529658346,46,45,48,43,0,0,0,0
1770257273532495658,46,45,48,43,0,0,0,0
1770257273533805224,46,45,48,43,0,0,0,0
1770257273535698867,46,45,48,43,0,0,0,0
1770257273537956838,46,45,48,43,0,0,0,0
1770257273539672013,46,45,48,43,0,0,0,0
1770257273541520855,46,45,48,43,0,0,0,0
1770257273543628071,46,45,48,43,0,0,0,0
1770257273545647573,46,45,48,43,0,0,0,0
1770257273547606433,46,45,48,43,0,0,0,0
1770257273549574542,46,45,48,43,0,0,0,0
1770257273552414574,46,45,48,43,0,0,0,0
1770257273553853775,46,44,48,43,0,0,0,0
1770257273555885725,46,44,48,43,0,0,0,0
1770257273558281939,46,44,48,43,0,0,0,0
1770257273559589585,46,45,48,43,0,0,0,0
1770257273561710977,46,45,48,43,0,0,0,0
1770257273563653677,46,45,48,43,0,0,0,0
1770257273565650299,46,45,48,43,0,0,0,0
1770257273567722058,46,45,48,43,0,0,0,0
1770257273569664374,46,45,47,43,0,0,0,0
1770257273571652451,46,45,47,43,0,0,0,0
1770257273573694353,46,45,47,43,0,0,0,0
1770257273575709439,46,45,48,43,0,0,0,0
1770257273578668450,46,44,48,43,0,0,0,0
1770257273579675641,46,44,47,43,0,0,0,0
1770257273581940876,46,44,47,43,0,0,0,0
1770257273583742997,46,44,47,43,0,0,0,0
1770257273585873510,46,44,48,43,0,0,0,0
1770257273587862867,46,44,48,43,0,0,0,0
1770257273590393260,46,44,48,43,0,0,0,0
1770257273591704586,46,44,47,43,0,0,0,0
1770257273594737007,46,44,47,43,0,0,0,0
1770257273595978699,46,44,47,43,0,0,0,0
1770257273598007673,46,44,47,43,0,0,0,0
1770257273599813730,46,44,48,43,0,0,0,0
1770257273601572074,46,44,48,43,0,0,0,0
1770257273603634905,46,44,48,43,0,0,0,0
1770257273605684936,46,44,48,43,0,0,0,0
1770257273607604531,46,44,48,43,0,0,0,0
1770257273609683650,46,44,48,43,0,0,0,0
1770257273611665007,46,44,47,43,0,0,0,0
1770257273613601147,46,44,47,43,0,0,0,0
1770257273615901199,46,44,48,43,0,0,0,0
1770257273617700664,46,44,48,43,0,0,0,0
1770257273619891114,46,44,48,43,0,0,0,0
1770257273621861367,46,44,48,43,0,0,0,0
1770257273624475890,46,44,48,43,0,0,0,0
1770257273625930195,46,45,48,43,0,0,0,0
1770257273627840383,46,45,48,43,0,0,0,0
1770257273629609767,46,45,48,43,0,0,0,0
1770257273631892186,46,45,48,43,0,0,0,0
1770257273633859239,46,45,48,43,0,0,0,0
1770257273635979127,46,45,48,43,0,0,0,0
1770257273638613395,46,45,48,43,0,0,0,0
1770257273639705132,46,45,48,43,0,0,0,0
1770257273641878749,46,45,48,42,0,0,0,0
1770257273643970765,46,45,48,42,0,0,0,0
1770257273645632210,46,45,48,42,0,0,0,0
1770257273647646560,46,45,47,42,0,0,0,0
1770257273650677477,46,45,47,43,0,0,0,0
1770257273652849750,46,45,47,43,0,0,0,0
1770257273654010513,46,45,47,43,0,0,0,0
1770257273656764655,46,45,47,43,0,0,0,0
1770257273658884831,46,45,47,43,0,0,0,0
1770257273659601072,46,45,47,43,0,0,0,0
1770257273661663230,46,45,47,43,0,0,0,0
1770257273663793871,46,45,47,43,0,0,0,0
1770257273665651833,46,45,48,43,0,0,0,0
1770257273668275892,46,45,48,43,0,0,0,0
1770257273669673748,46,45,48,43,0,0,0,0
1770257273671699810,46,45,48,43,0,0,0,0
1770257273673684175,46,45,48,43,0,0,0,0
1770257273675820064,46,45,48,43,0,0,0,0
1770257273677628457,46,45,48,43,0,0,0,0
1770257273679791802,46,45,48,43,0,0,0,0
1770257273682298323,46,45,47,43,0,0,0,0
1770257273683658802,46,45,47,43,0,0,0,0
1770257273685578589,46,45,47,43,0,0,0,0
1770257273687661293,46,45,47,43,0,0,0,0
1770257273689689819,46,45,47,43,0,0,0,0
1770257273691661959,46,44,47,43,0,0,0,0
1770257273693885210,46,44,47,43,0,0,0,0
1770257273695748548,46,44,47,43,0,0,0,0
1770257273697926966,46,45,47,43,0,0,0,0
1770257273699840577,46,45,47,43,0,0,0,0
1770257273701860143,46,45,48,43,0,0,0,0
1770257273703629623,46,44,48,43,0,0,0,0
1770257273705605476,46,44,48,43,0,0,0,0
1770257273707671315,46,44,48,43,0,0,0,0
1770257273709639648,46,45,48,43,0,0,0,0
1770257273711573835,46,45,48,43,0,0,0,0
1770257273713911104,46,45,48,43,0,0,0,0
1770257273716170900,46,45,48,43,0,0,0,0
1770257273718546410,46,44,48,43,0,0,0,0
1770257273720074252,46,44,48,43,0,0,0,0
1770257273721674705,46,44,48,43,0,0,0,0
1770257273723662398,46,45,48,43,0,0,0,0
1770257273725675660,46,45,48,43,0,0,0,0
1770257273727677401,46,45,48,43,0,0,0,0
1770257273730445944,46,45,48,43,0,0,0,0
1770257273731543409,46,45,48,43,0,0,0,0
1770257273733575967,46,44,48,43,0,0,0,0
1770257273735681103,46,44,48,43,0,0,0,0
1770257273737642139,46,44,48,43,0,0,0,0
1770257273739532678,46,45,48,43,0,0,0,0
1770257273741878011,46,45,47,43,0,0,0,0
1770257273745445260,46,45,47,43,0,0,0,0
1770257273747378712,46,45,47,43,0,0,0,0
1770257273749109568,46,45,47,43,0,0,0,0
1770257273750653219,46,45,47,43,0,0,0,0
1770257273751640249,46,45,47,43,0,0,0,0
1770257273753611654,46,45,47,43,0,0,0,0
1770257273756041917,46,45,47,43,0,0,0,0
1770257273757977705,46,45,47,43,0,0,0,0
1770257273759715664,46,45,47,43,0,0,0,0
1770257273761945027,46,45,47,43,0,0,0,0
1770257273763759436,46,45,47,43,0,0,0,0
1770257273765560661,46,45,48,43,0,0,0,0
1770257273767631268,46,45,48,43,0,0,0,0
1770257273769573264,46,44,48,43,0,0,0,0
1770257273771746817,46,44,47,43,0,0,0,0
1770257273773626956,46,44,47,43,0,0,0,0
1770257273775649018,46,44,47,43,0,0,0,0
1770257273777686408,46,44,47,43,0,0,0,0
1770257273779620884,46,44,48,43,0,0,0,0
1770257273781602529,46,44,48,43,0,0,0,0
1770257273783681104,46,44,48,43,0,0,0,0
1770257273785699838,46,44,48,43,0,0,0,0
1770257273787669291,46,45,48,43,0,0,0,0
1770257273789671000,46,45,48,43,0,0,0,0
1770257273791681030,46,45,48,43,0,0,0,0
1770257273793916121,46,44,48,43,0,0,0,0
1770257273795769571,46,44,48,43,0,0,0,0
1770257273797693839,46,44,48,43,0,0,0,0
1770257273799965570,46,44,48,43,0,0,0,0
1770257273801631624,46,44,48,43,0,0,0,0
1770257273803642838,46,44,48,43,0,0,0,0
1770257273805859464,46,45,48,43,0,0,0,0
1770257273807898038,46,45,48,43,0,0,0,0
1770257273809877635,46,45,48,43,0,0,0,0
1770257273812527743,46,44,48,43,0,0,0,0
1770257273813853757,46,44,48,43,0,0,0,0
1770257273815904780,46,44,48,43,0,0,0,0
1770257273817798583,46,45,48,43,0,0,0,0
1770257273819815589,46,45,48,43,0,0,0,0
1770257273821681359,46,45,48,43,0,0,0,0
1770257273823730206,46,45,48,43,0,0,0,0
1770257273826349305,46,45,48,43,0,0,0,0
1770257273827941949,46,45,48,43,0,0,0,0
1770257273829922826,46,45,48,43,0,0,0,0
1770257273831813269,46,45,48,43,0,0,0,0
1770257273834311918,46,45,48,43,0,0,0,0
1770257273836255098,46,45,48,43,0,0,0,0
1770257273837661658,46,45,48,43,0,0,0,0
1770257273839685512,46,45,48,43,0,0,0,0
1770257273841614612,46,45,48,43,0,0,0,0
1770257273843718659,46,45,47,43,0,0,0,0
1770257273845645295,46,45,47,43,0,0,0,0
1770257273847932803,46,45,47,43,0,0,0,0
1770257273849905488,46,45,47,43,0,0,0,0
1770257273851953406,46,45,47,43,0,0,0,0
1770257273854189457,46,45,47,43,0,0,0,0
1770257273856543719,46,45,48,43,0,0,0,0
1770257273857693569,46,45,48,43,0,0,0,0
1770257273859876082,46,45,48,43,0,0,0,0
1770257273862437932,46,45,48,43,0,0,0,0
1770257273863937902,46,45,47,43,0,0,0,0
1770257273865651317,46,45,47,43,0,0,0,0
1770257273867749093,46,45,47,43,0,0,0,0
1770257273869648912,46,45,48,43,0,0,0,0
1770257273871674206,46,44,48,43,0,0,0,0
1770257273873715404,46,44,47,43,0,0,0,0
1770257273876403465,46,44,47,43,0,0,0,0
1770257273877714695,46,45,47,43,0,0,0,0
1770257273879642899,46,45,47,43,0,0,0,0
1770257273881603167,46,45,47,43,0,0,0,0
1770257273883684751,46,44,47,43,0,0,0,0
1770257273885788990,46,44,47,43,0,0,0,0
1770257273887694218,46,44,48,43,0,0,0,0
1770257273889779513,46,45,48,43,0,0,0,0
1770257273891719461,46,45,48,43,0,0,0,0
1770257273893558831,46,45,48,43,0,0,0,0
1770257273895692159,46,45,48,43,0,0,0,0
1770257273898115574,46,45,48,43,0,0,0,0
1770257273899901663,46,45,48,43,0,0,0,0
1770257273901627846,46,45,48,43,0,0,0,0
1770257273903617171,46,45,48,43,0,0,0,0
1770257273905598208,46,45,48,43,0,0,0,0
1770257273907828083,46,45,48,43,0,0,0,0
1770257273909696669,46,45,48,43,0,0,0,0
1770257273911878095,46,45,48,43,0,0,0,0
1770257273914370215,46,45,48,43,0,0,0,0
1770257273916391029,46,45,48,43,0,0,0,0
1770257273917596625,46,45,48,43,0,0,0,0
1770257273919712129,46,45,48,43,0,0,0,0
1770257273921590027,46,45,48,43,0,0,0,0
1770257273923535127,46,45,48,43,0,0,0,0
1770257273925652519,46,45,48,43,0,0,0,0
1770257273927630228,46,45,47,43,0,0,0,0
1770257273929694147,46,45,47,43,0,0,0,0
1770257273932535524,46,45,47,43,0,0,0,0
1770257273933877922,46,45,47,43,0,0,0,0
1770257273936476797,46,45,47,43,0,0,0,0
1770257273937691161,46,45,47,43,0,0,0,0
1770257273939707110,46,45,47,43,0,0,0,0
1770257273941610674,46,45,48,42,0,0,0,0
1770257273943669568,46,45,48,42,0,0,0,0
1770257273945686702,46,45,48,42,0,0,0,0
1770257273948108325,46,45,48,43,0,0,0,0
1770257273949963951,46,45,48,43,0,0,0,0
1770257273951790233,46,45,48,43,0,0,0,0
1770257273953604386,46,45,48,43,0,0,0,0
1770257273956496388,46,45,48,43,0,0,0,0
1770257273957969413,46,45,48,43,0,0,0,0
1770257273959667884,46,45,48,43,0,0,0,0
1770257273961875806,46,44,48,43,0,0,0,0
1770257273963635558,46,44,48,43,0,0,0,0
1770257273966476486,46,44,48,43,0,0,0,0
1770257273967983176,46,45,48,43,0,0,0,0
1770257273969617998,46,45,48,43,0,0,0,0
1770257273971580026,46,45,48,43,0,0,0,0
1770257273973599048,46,45,48,43,0,0,0,0
1770257273975960702,46,45,48,43,0,0,0,0
1770257273977688485,46,45,48,43,0,0,0,0
1770257273979823413,46,44,48,43,0,0,0,0
1770257273981792994,46,44,48,43,0,0,0,0
1770257273983675085,46,44,48,43,0,0,0,0
1770257273986551310,46,44,48,43,0,0,0,0
1770257273988513338,46,44,48,43,0,0,0,0
1770257273989556978,46,44,48,43,0,0,0,0
1770257273991676866,46,45,48,43,0,0,0,0
1770257273993672432,46,45,47,43,0,0,0,0
1770257273995754495,46,45,47,43,0,0,0,0
1770257273997760844,46,45,47,43,0,0,0,0
1770257274000126690,46,45,48,43,0,0,0,0
1770257274001967660,46,45,48,43,0,0,0,0
1770257274003935385,46,45,48,43,0,0,0,0
1770257274005733537,46,45,48,43,0,0,0,0
1770257274007599308,46,45,48,43,0,0,0,0
1770257274009847423,46,45,48,43,0,0,0,0
1770257274011622663,46,45,48,43,0,0,0,0
1770257274013556851,46,45,48,43,0,0,0,0
1770257274015804134,46,45,48,43,0,0,0,0
1770257274017847892,46,45,48,43,0,0,0,0
1770257274019672158,46,45,48,43,0,0,0,0
1770257274022596384,46,45,48,43,0,0,0,0
1770257274023750330,46,45,48,43,0,0,0,0
1770257274025702663,46,45,48,43,0,0,0,0
1770257274027598066,46,45,48,43,0,0,0,0
1770257274029616896,46,45,48,43,0,0,0,0
1770257274031534411,46,45,48,43,0,0,0,0
1770257274033705148,46,45,48,43,0,0,0,0
1770257274035590151,46,45,48,43,0,0,0,0
1770257274037699063,46,45,48,43,0,0,0,0
1770257274040016780,46,44,48,43,0,0,0,0
1770257274043169139,46,44,48,43,0,0,0,0
1770257274044010758,46,44,48,43,0,0,0,0
1770257274046027892,46,45,48,43,0,0,0,0
1770257274047646521,46,45,48,43,0,0,0,0
1770257274049547108,46,45,48,43,0,0,0,0
1770257274052039197,46,45,48,43,0,0,0,0
1770257274053727683,46,45,48,43,0,0,0,0
1770257274055690992,46,45,48,43,0,0,0,0
1770257274058033765,46,44,48,43,0,0,0,0
1770257274059942800,46,44,48,43,0,0,0,0
1770257274061558837,46,44,48,43,0,0,0,0
1770257274064690396,46,44,48,43,0,0,0,0
1770257274066918222,46,44,48,43,0,0,0,0
1770257274067825763,46,44,48,43,0,0,0,0
1770257274070375645,46,45,48,43,0,0,0,0
1770257274071664794,46,45,48,43,0,0,0,0
1770257274073633415,46,45,48,43,0,0,0,0
1770257274075670357,46,44,48,43,0,0,0,0
1770257274077706595,46,44,48,43,0,0,0,0
1770257274079667440,46,44,48,43,0,0,0,0
1770257274081890338,46,45,48,43,0,0,0,0
1770257274083659370,46,45,48,43,0,0,0,0
1770257274085696345,46,45,48,43,0,0,0,0
1770257274087752455,46,45,48,43,0,0,0,0
1770257274089784950,46,45,47,43,0,0,0,0
1770257274092555892,46,45,47,43,0,0,0,0
1770257274093911763,46,45,47,43,0,0,0,0
1770257274096054980,46,45,47,43,0,0,0,0
1770257274097718442,46,45,47,43,0,0,0,0
1770257274099649141,46,45,47,43,0,0,0,0
1770257274101693188,46,45,47,43,0,0,0,0
1770257274103715858,46,45,47,43,0,0,0,0
1770257274105638493,46,45,47,43,0,0,0,0
1770257274107932914,46,45,47,43,0,0,0,0
1770257274109706650,46,45,47,43,0,0,0,0
1770257274111598309,46,45,47,43,0,0,0,0
1770257274113660212,46,45,48,43,0,0,0,0
1770257274115891110,46,45,48,43,0,0,0,0
1770257274117630766,46,45,48,43,0,0,0,0
1770257274119945090,46,45,48,43,0,0,0,0
1770257274121977584,46,45,48,43,0,0,0,0
1770257274124014559,46,45,48,43,0,0,0,0
1770257274125919082,46,45,47,43,0,0,0,0
1770257274127922391,46,45,47,43,0,0,0,0
1770257274129614110,46,45,47,43,0,0,0,0
1770257274131662284,46,45,47,43,0,0,0,0
1770257274133804957,46,45,47,43,0,0,0,0
1770257274135706856,46,45,47,43,0,0,0,0
1770257274137644564,46,45,47,43,0,0,0,0
1770257274139702339,46,45,47,43,0,0,0,0
1770257274142325214,46,44,47,43,0,0,0,0
1770257274143887714,46,44,47,43,0,0,0,0
1770257274145874159,46,44,47,43,0,0,0,0
1770257274147700440,46,44,47,43,0,0,0,0
1770257274149866634,46,44,47,43,0,0,0,0
1770257274151910296,46,44,47,43,0,0,0,0
1770257274154464178,46,45,47,43,0,0,0,0
1770257274155630796,46,45,47,43,0,0,0,0
1770257274157564216,46,45,47,43,0,0,0,0
1770257274159914542,46,45,47,43,0,0,0,0
1770257274161875034,46,45,47,43,0,0,0,0
1770257274163700484,46,45,48,43,0,0,0,0
1770257274166281534,46,44,48,43,0,0,0,0
1770257274167912131,46,44,48,43,0,0,0,0
1770257274169877040,46,44,48,43,0,0,0,0
1770257274171907870,46,45,48,43,0,0,0,0
1770257274173876139,46,45,48,43,0,0,0,0
1770257274175889240,46,45,48,43,0,0,0,0
1770257274177642080,46,44,48,43,0,0,0,0
1770257274179850578,46,44,48,43,0,0,0,0
1770257274181917889,46,44,48,43,0,0,0,0
1770257274183727754,46,44,48,43,0,0,0,0
1770257274186557514,46,44,48,43,0,0,0,0
1770257274187913417,46,45,48,43,0,0,0,0
1770257274189641872,46,45,48,43,0,0,0,0
1770257274192127593,46,45,47,43,0,0,0,0
1770257274193602698,46,45,47,43,0,0,0,0
1770257274195949344,46,45,47,43,0,0,0,0
1770257274197815850,46,45,47,43,0,0,0,0
1770257274199708053,46,45,47,43,0,0,0,0
1770257274202072171,46,45,47,43,0,0,0,0
1770257274207269217,46,45,47,43,0,0,0,0
1770257274210071040,46,45,47,43,0,0,0,0
1770257274214573991,46,45,48,43,0,0,0,0
1770257274215148372,46,45,48,43,0,0,0,0
1770257274215686816,46,45,48,43,0,0,0,0
1770257274217536554,46,45,48,43,0,0,0,0
1770257274219563896,46,45,48,43,0,0,0,0
1770257274221484259,46,45,48,43,0,0,0,0
1770257274223709302,46,45,48,43,0,0,0,0
1770257274225826758,46,44,48,43,0,0,0,0
1770257274227891445,46,44,48,43,0,0,0,0
1770257274230543409,46,44,48,43,0,0,0,0
1770257274231776589,46,44,48,43,0,0,0,0
1770257274233732153,46,44,48,43,0,0,0,0
1770257274235692806,46,45,48,43,0,0,0,0
1770257274237740660,46,45,48,43,0,0,0,0
1770257274239690881,46,45,48,43,0,0,0,0
1770257274241570219,46,45,48,43,0,0,0,0
1770257274243648187,46,44,48,43,0,0,0,0
1770257274246405465,46,44,48,43,0,0,0,0
1770257274248014014,46,44,48,43,0,0,0,0
1770257274249984458,46,44,48,43,0,0,0,0
1770257274252071258,46,44,48,43,0,0,0,0
1770257274253753984,46,44,48,43,0,0,0,0
1770257274255636171,46,44,48,43,0,0,0,0
1770257274257752443,46,44,48,43,0,0,0,0
1770257274259686151,46,44,48,43,0,0,0,0
1770257274261632755,46,44,48,43,0,0,0,0
1770257274263762787,46,44,48,43,0,0,0,0
1770257274265759857,46,44,48,43,0,0,0,0
1770257274267714909,46,44,48,43,0,0,0,0
1770257274269680202,46,44,48,43,0,0,0,0
1770257274271597685,46,44,48,43,0,0,0,0
1770257274273752294,46,44,48,43,0,0,0,0
1770257274276521029,46,44,48,43,0,0,0,0
1770257274277527548,46,44,48,43,0,0,0,0
1770257274279681805,46,45,48,43,0,0,0,0
1770257274281533687,46,45,47,43,0,0,0,0
1770257274283658823,46,45,47,43,0,0,0,0
1770257274285567250,46,45,47,43,0,0,0,0
1770257274287927944,46,45,47,43,0,0,0,0
1770257274289677328,46,45,47,43,0,0,0,0
1770257274291766335,46,45,47,43,0,0,0,0
1770257274294595871,46,45,47,43,0,0,0,0
1770257274296514123,46,45,47,43,0,0,0,0
1770257274297886186,46,45,47,43,0,0,0,0
1770257274299691283,46,45,47,43,0,0,0,0
1770257274301866724,46,45,47,43,0,0,0,0
1770257274303687310,46,45,47,43,0,0,0,0
1770257274305613785,46,45,47,43,0,0,0,0
1770257274307750026,46,45,47,43,0,0,0,0
1770257274310477064,46,45,47,43,0,0,0,0
1770257274312592824,46,45,48,43,0,0,0,0
1770257274313726001,46,44,48,43,0,0,0,0
1770257274315683518,46,44,48,43,0,0,0,0
1770257274317748045,46,44,47,43,0,0,0,0
1770257274319642136,46,44,47,43,0,0,0,0
1770257274321622437,46,45,47,43,0,0,0,0
1770257274323624178,46,45,48,43,0,0,0,0
1770257274325622592,46,45,48,43,0,0,0,0
1770257274327762096,46,44,48,43,0,0,0,0
1770257274329946722,46,44,48,43,0,0,0,0
1770257274331775819,46,44,48,43,0,0,0,0
1770257274333688311,46,45,48,43,0,0,0,0
1770257274335953450,46,45,48,43,0,0,0,0
1770257274337636336,46,45,48,43,0,0,0,0
1770257274339581532,46,45,48,43,0,0,0,0
1770257274341562569,46,45,48,43,0,0,0,0
1770257274343516758,46,45,48,43,0,0,0,0
1770257274345597637,46,45,48,43,0,0,0,0
1770257274347887161,46,45,48,43,0,0,0,0
1770257274349660289,46,45,48,43,0,0,0,0
1770257274351884788,46,45,48,43,0,0,0,0
1770257274353872289,46,45,48,43,0,0,0,0
1770257274355732171,46,45,48,43,0,0,0,0
1770257274357856251,46,45,48,43,0,0,0,0
1770257274359610339,46,45,48,43,0,0,0,0
1770257274361542191,46,45,48,42,0,0,0,0
1770257274363696224,46,45,48,42,0,0,0,0
1770257274366627330,46,45,48,42,0,0,0,0
1770257274369144828,46,45,48,43,0,0,0,0
1770257274371050663,46,45,48,43,0,0,0,0
1770257274372685612,46,45,48,43,0,0,0,0
1770257274373920360,46,45,48,43,0,0,0,0
1770257274375650319,46,45,48,43,0,0,0,0
1770257274377738303,46,45,47,43,0,0,0,0
1770257274379674603,46,45,47,43,0,0,0,0
1770257274381665368,46,45,47,43,0,0,0,0
1770257274383691526,46,45,47,43,0,0,0,0
1770257274385645810,46,45,47,43,0,0,0,0
1770257274387908678,46,45,47,43,0,0,0,0
1770257274389938260,46,45,48,43,0,0,0,0
1770257274391576697,46,45,48,43,0,0,0,0
1770257274393727786,46,45,48,43,0,0,0,0
1770257274395788856,46,45,47,43,0,0,0,0
1770257274397805254,46,45,47,43,0,0,0,0
1770257274399719122,46,45,47,43,0,0,0,0
1770257274401930756,46,45,48,43,0,0,0,0
1770257274404076341,46,45,48,43,0,0,0,0
1770257274406531948,46,45,48,43,0,0,0,0
1770257274407917580,46,45,47,43,0,0,0,0
1770257274409794262,46,45,47,43,0,0,0,0
1770257274411657025,46,45,47,43,0,0,0,0
1770257274413622605,46,45,48,43,0,0,0,0
1770257274415693116,46,45,48,43,0,0,0,0
1770257274417692330,46,45,48,43,0,0,0,0
1770257274419739320,46,45,48,43,0,0,0,0
1770257274421922154,46,45,48,43,0,0,0,0
1770257274423927735,46,45,48,43,0,0,0,0
1770257274425915492,46,45,48,43,0,0,0,0
1770257274427726349,46,45,48,43,0,0,0,0
1770257274430018946,46,44,48,43,0,0,0,0
1770257274432010127,46,44,48,43,0,0,0,0
1770257274433986748,46,44,48,43,0,0,0,0
1770257274435899911,46,44,48,43,0,0,0,0
1770257274437921877,46,44,48,43,0,0,0,0
1770257274439956963,46,44,48,43,0,0,0,0
1770257274441689994,46,45,48,43,0,0,0,0
1770257274443688504,46,45,48,43,0,0,0,0
1770257274445916906,46,45,48,43,0,0,0,0
1770257274447687187,46,45,48,43,0,0,0,0
1770257274449692992,46,45,48,43,0,0,0,0
1770257274451761583,46,45,48,43,0,0,0,0
1770257274453701243,46,44,48,43,0,0,0,0
1770257274455696968,46,44,48,43,0,0,0,0
1770257274457680598,46,44,48,43,0,0,0,0
1770257274460578231,46,45,48,43,0,0,0,0
1770257274461762450,46,45,48,43,0,0,0,0
1770257274464388174,46,45,48,43,0,0,0,0
1770257274466037427,46,45,48,43,0,0,0,0
1770257274467949663,46,45,48,43,0,0,0,0
1770257274469593796,46,45,48,43,0,0,0,0
1770257274471641522,46,45,48,43,0,0,0,0
1770257274473614591,46,45,48,43,0,0,0,0
1770257274475689486,46,45,48,43,0,0,0,0
1770257274477704828,46,45,48,43,0,0,0,0
1770257274479971632,46,45,48,43,0,0,0,0
1770257274482022270,46,45,48,43,0,0,0,0
1770257274483852776,46,45,48,43,0,0,0,0
1770257274485837109,46,45,48,43,0,0,0,0
1770257274487787297,46,44,48,43,0,0,0,0
1770257274489622187,46,44,48,43,0,0,0,0
1770257274491595479,46,44,48,43,0,0,0,0
1770257274493622853,46,45,48,43,0,0,0,0
1770257274495660052,46,45,48,43,0,0,0,0
1770257274497861222,46,45,47,43,0,0,0,0
1770257274500078328,46,45,47,43,0,0,0,0
1770257274502078085,46,45,47,43,0,0,0,0
1770257274503790572,46,45,47,43,0,0,0,0
1770257274505768121,46,44,47,43,0,0,0,0
1770257274507738790,46,44,47,43,0,0,0,0
1770257274509679026,46,44,48,43,0,0,0,0
1770257274512053096,46,44,48,43,0,0,0,0
1770257274513800784,46,44,48,43,0,0,0,0
1770257274515745052,46,44,48,43,0,0,0,0
1770257274518126834,46,45,48,43,0,0,0,0
1770257274519633876,46,45,48,43,0,0,0,0
1770257274521981641,46,45,48,43,0,0,0,0
1770257274523979255,46,44,48,43,0,0,0,0
1770257274526026917,46,44,48,43,0,0,0,0
1770257274527777261,46,44,48,43,0,0,0,0
1770257274530195524,46,44,48,43,0,0,0,0
1770257274531657253,46,44,48,43,0,0,0,0
1770257274533619089,46,44,48,43,0,0,0,0
1770257274535721249,46,44,48,43,0,0,0,0
1770257274537766768,46,44,48,43,0,0,0,0
1770257274539726268,46,44,48,43,0,0,0,0
1770257274541880141,46,44,48,43,0,0,0,0
1770257274544569098,46,45,47,43,0,0,0,0
1770257274546542583,46,45,47,43,0,0,0,0
1770257274547705393,46,45,47,43,0,0,0,0
1770257274549602652,46,45,47,43,0,0,0,0
1770257274551724780,46,45,47,43,0,0,0,0
1770257274553679001,46,45,47,43,0,0,0,0
1770257274555676134,46,45,47,43,0,0,0,0
1770257274557663283,46,45,47,43,0,0,0,0
1770257274559720514,46,45,47,43,0,0,0,0
1770257274561895059,46,45,47,43,0,0,0,0
1770257274563728061,46,45,47,43,0,0,0,0
1770257274565886414,46,45,47,43,0,0,0,0
1770257274567732984,46,45,47,43,0,0,0,0
1770257274569664900,46,45,47,43,0,0,0,0
1770257274571882678,46,45,47,43,0,0,0,0
1770257274573874243,46,45,47,43,0,0,0,0
1770257274575687276,46,45,48,43,0,0,0,0
1770257274577921919,46,45,48,43,0,0,0,0
1770257274579657575,46,45,48,43,0,0,0,0
1770257274581686325,46,45,47,43,0,0,0,0
1770257274583711299,46,45,47,43,0,0,0,0
1770257274585672303,46,45,47,43,0,0,0,0
1770257274587662908,46,45,47,43,0,0,0,0
1770257274589698731,46,45,47,43,0,0,0,0
1770257274591915965,46,45,47,43,0,0,0,0
1770257274593903082,46,45,47,43,0,0,0,0
1770257274595797589,46,45,47,43,0,0,0,0
1770257274597852228,46,45,47,43,0,0,0,0
1770257274599742479,46,45,47,43,0,0,0,0
1770257274601691419,46,45,47,43,0,0,0,0
1770257274603928174,46,45,47,43,0,0,0,0
1770257274605907963,46,45,47,43,0,0,0,0
1770257274607907336,46,45,47,43,0,0,0,0
1770257274609928310,46,44,47,43,0,0,0,0
1770257274611947940,46,44,48,43,0,0,0,0
1770257274613898192,46,44,48,43,0,0,0,0
1770257274615915934,46,45,48,43,0,0,0,0
1770257274617800169,46,45,48,43,0,0,0,0
1770257274619779957,46,45,48,43,0,0,0,0
1770257274621765219,46,44,48,43,0,0,0,0
1770257274623780976,46,44,48,43,0,0,0,0
1770257274626656466,46,44,48,43,0,0,0,0
1770257274628690208,46,45,48,43,0,0,0,0
1770257274629705975,46,45,48,43,0,0,0,0
1770257274631985419,46,45,48,43,0,0,0,0
1770257274633704722,46,44,48,43,0,0,0,0
1770257274635704319,46,44,48,43,0,0,0,0
1770257274637702028,46,44,48,43,0,0,0,0
1770257274639711066,46,45,48,43,0,0,0,0
1770257274641913292,46,45,48,43,0,0,0,0
1770257274643627091,46,45,48,43,0,0,0,0
1770257274645699938,46,45,48,43,0,0,0,0
1770257274647713648,46,45,48,43,0,0,0,0
1770257274649611515,46,45,48,43,0,0,0,0
1770257274651643401,46,45,48,43,0,0,0,0
1770257274654875826,46,45,47,43,0,0,0,0
1770257274655913642,46,45,47,43,0,0,0,0
1770257274657691986,46,45,47,43,0,0,0,0
1770257274659932453,46,45,48,43,0,0,0,0
1770257274661885521,46,45,48,43,0,0,0,0
1770257274665108827,46,45,48,43,0,0,0,0
1770257274665697928,46,45,48,43,0,0,0,0
1770257274667676533,46,45,48,43,0,0,0,0
1770257274670801020,46,45,48,43,0,0,0,0
1770257274671738865,46,45,48,43,0,0,0,0
1770257274673612540,46,45,48,43,0,0,0,0
1770257274676003698,46,45,48,43,0,0,0,0
1770257274677648599,46,45,48,43,0,0,0,0
1770257274679733991,46,45,48,43,0,0,0,0
1770257274681791733,46,45,48,43,0,0,0,0
1770257274684013288,46,45,48,43,0,0,0,0
1770257274685807152,46,45,48,43,0,0,0,0
1770257274687801406,46,44,48,43,0,0,0,0
1770257274689762154,46,44,48,43,0,0,0,0
1770257274691819929,46,44,48,43,0,0,0,0
1770257274694737275,46,44,48,43,0,0,0,0
1770257274696157403,46,44,48,43,0,0,0,0
1770257274698041382,46,44,48,43,0,0,0,0
1770257274700028019,46,44,48,43,0,0,0,0
1770257274701965535,46,44,48,43,0,0,0,0
1770257274704048143,46,44,48,43,0,0,0,0
1770257274705735029,46,45,48,43,0,0,0,0
1770257274707628672,46,45,48,43,0,0,0,0
1770257274709689327,46,45,48,43,0,0,0,0
1770257274711696316,46,44,48,43,0,0,0,0
1770257274713677161,46,44,48,43,0,0,0,0
1770257274715995262,46,44,48,43,0,0,0,0
1770257274717923690,46,45,48,43,0,0,0,0
1770257274719725298,46,45,48,43,0,0,0,0
1770257274721702943,46,45,48,43,0,0,0,0
1770257274723721869,46,45,48,43,0,0,0,0
1770257274725618488,46,45,48,43,0,0,0,0
1770257274727624678,46,45,48,43,0,0,0,0
1770257274729841400,46,45,48,43,0,0,0,0
1770257274731576511,46,45,47,43,0,0,0,0
1770257274733665263,46,45,47,43,0,0,0,0
1770257274735690397,46,45,47,43,0,0,0,0
1770257274737604552,46,45,47,43,0,0,0,0
1770257274739666103,46,45,47,43,0,0,0,0
1770257274741610499,46,45,47,43,0,0,0,0
1770257274743628881,46,45,47,43,0,0,0,0
1770257274746630677,46,45,47,43,0,0,0,0
1770257274747913938,46,45,47,43,0,0,0,0
1770257274749635289,46,45,47,43,0,0,0,0
1770257274751912589,46,45,47,43,0,0,0,0
1770257274753752055,46,45,47,43,0,0,0,0
1770257274755608449,46,45,47,43,0,0,0,0
1770257274757712817,46,45,47,43,0,0,0,0
1770257274759632508,46,45,47,43,0,0,0,0
1770257274761589129,46,45,47,43,0,0,0,0
1770257274763687736,46,45,47,43,0,0,0,0
1770257274765887434,46,45,47,43,0,0,0,0
1770257274768009915,46,45,47,43,0,0,0,0
1770257274769892229,46,45,47,43,0,0,0,0
1770257274771702414,46,45,47,43,0,0,0,0
1770257274774942328,46,45,47,43,0,0,0,0
1770257274775624967,46,45,47,43,0,0,0,0
1770257274777548755,46,45,47,43,0,0,0,0
1770257274779580481,46,45,47,43,0,0,0,0
1770257274781586351,46,45,47,43,0,0,0,0
1770257274783584668,46,45,47,43,0,0,0,0
1770257274785659627,46,45,48,43,0,0,0,0
1770257274787997696,46,44,48,43,0,0,0,0
1770257274790806496,46,44,48,43,0,0,0,0
1770257274793687682,46,44,48,43,0,0,0,0
1770257274795581869,46,45,48,43,0,0,0,0
1770257274796805032,46,45,48,43,0,0,0,0
1770257274797501496,46,45,48,43,0,0,0,0
1770257274799594856,46,45,48,43,0,0,0,0
1770257274801595029,46,45,48,43,0,0,0,0
1770257274803532801,46,45,48,43,0,0,0,0
1770257274805571919,46,45,48,43,0,0,0,0
1770257274807955461,46,45,48,43,0,0,0,0
1770257274809735566,46,45,48,43,0,0,0,0
1770257274811670778,46,45,48,43,0,0,0,0
1770257274813916749,46,45,48,43,0,0,0,0
1770257274816655243,46,45,48,43,0,0,0,0
1770257274817686786,46,45,48,43,0,0,0,0
1770257274819595758,46,45,48,43,0,0,0,0
1770257274821562298,46,45,48,43,0,0,0,0
1770257274823712043,46,45,48,43,0,0,0,0
1770257274825685144,46,45,48,43,0,0,0,0
1770257274827711782,46,45,48,43,0,0,0,0
1770257274829997594,46,45,48,43,0,0,0,0
1770257274831768098,46,45,48,43,0,0,0,0
1770257274833724302,46,45,47,43,0,0,0,0
1770257274836011426,46,45,47,43,0,0,0,0
1770257274837738250,46,45,47,43,0,0,0,0
1770257274839554995,46,45,48,43,0,0,0,0
1770257274841628898,46,45,48,43,0,0,0,0
1770257274843555886,46,45,48,43,0,0,0,0
1770257274845709823,46,45,47,43,0,0,0,0
1770257274847601289,46,45,47,43,0,0,0,0
1770257274849791995,46,45,47,43,0,0,0,0
1770257274851793993,46,45,48,43,0,0,0,0
1770257274853796662,46,45,48,43,0,0,0,0
1770257274855785475,46,45,48,43,0,0,0,0
1770257274857982389,46,45,47,43,0,0,0,0
1770257274860085445,46,45,47,43,0,0,0,0
1770257274862069458,46,45,47,43,0,0,0,0
1770257274863947581,46,45,48,43,0,0,0,0
1770257274865914057,46,45,48,43,0,0,0,0
1770257274868184669,46,45,48,43,0,0,0,0
1770257274869668062,46,45,48,43,0,0,0,0
1770257274871916433,46,45,48,43,0,0,0,0
1770257274874890677,46,44,48,43,0,0,0,0
1770257274876298933,46,44,48,43,0,0,0,0
1770257274877882905,46,44,48,43,0,0,0,0
1770257274879724419,46,44,48,43,0,0,0,0
1770257274881646382,46,44,48,43,0,0,0,0
1770257274883631227,46,44,48,43,0,0,0,0
1770257274885661994,46,44,48,43,0,0,0,0
1770257274887900284,46,44,48,43,0,0,0,0
1770257274889886377,46,44,48,43,0,0,0,0
1770257274891877847,46,44,48,43,0,0,0,0
1770257274893673567,46,44,48,43,0,0,0,0
1770257274895943955,46,44,48,43,0,0,0,0
1770257274898106564,46,44,47,43,0,0,0,0
1770257274899651847,46,44,47,43,0,0,0,0
1770257274901723862,46,44,47,43,0,0,0,0
1770257274903639106,46,44,47,43,0,0,0,0
1770257274905631439,46,44,48,43,0,0,0,0
1770257274907760095,46,44,48,43,0,0,0,0
1770257274909764717,46,45,48,43,0,0,0,0
1770257274911686616,46,45,47,43,0,0,0,0
1770257274913838153,46,45,47,43,0,0,0,0
1770257274915845335,46,45,47,43,0,0,0,0
1770257274917747458,46,45,48,43,0,0,0,0
1770257274919639981,46,45,48,43,0,0,0,0
1770257274921601529,46,45,48,43,0,0,0,0
1770257274923540293,46,45,48,43,0,0,0,0
1770257274925931900,46,45,48,43,0,0,0,0
1770257274927707076,46,45,47,43,0,0,0,0
1770257274929542446,46,45,47,43,0,0,0,0
1770257274931731743,46,45,47,43,0,0,0,0
1770257274933644107,46,45,47,43,0,0,0,0
1770257274935883774,46,45,47,43,0,0,0,0
1770257274937780585,46,44,47,43,0,0,0,0
1770257274939964122,46,44,47,43,0,0,0,0
1770257274941931623,46,44,48,43,0,0,0,0
1770257274943993878,46,44,48,43,0,0,0,0
1770257274946556368,46,44,48,43,0,0,0,0
1770257274947792300,46,44,47,43,0,0,0,0
1770257274949625462,46,44,47,43,0,0,0,0
1770257274951790919,46,44,47,43,0,0,0,0
1770257274953595024,46,44,47,43,0,0,0,0
1770257274955650238,46,44,47,43,0,0,0,0
1770257274957741166,46,45,47,43,0,0,0,0
1770257274959934976,46,45,47,43,0,0,0,0
1770257274961895884,46,44,47,43,0,0,0,0
1770257274963965915,46,44,47,43,0,0,0,0
1770257274966048010,46,44,47,43,0,0,0,0
1770257274968281949,46,45,47,43,0,0,0,0
1770257274969518233,46,45,48,43,0,0,0,0
1770257274971666506,46,45,48,43,0,0,0,0
1770257274973585366,46,44,48,43,0,0,0,0
1770257274975660421,46,44,48,43,0,0,0,0
1770257274977632881,46,44,48,43,0,0,0,0
1770257274979915269,46,44,48,43,0,0,0,0
1770257274982030261,46,44,48,43,0,0,0,0
1770257274983688603,46,44,48,43,0,0,0,0
1770257274985998607,46,44,48,43,0,0,0,0
1770257274987967292,46,45,48,43,0,0,0,0
1770257274989782949,46,45,48,43,0,0,0,0
1770257274991719153,46,45,48,43,0,0,0,0
1770257274993663997,46,45,48,43,0,0,0,0
1770257274995663435,46,45,48,43,0,0,0,0
1770257274997993824,46,45,48,43,0,0,0,0
1770257274999764936,46,45,48,43,0,0,0,0
1770257275001662291,46,45,48,43,0,0,0,0
1770257275004613718,46,45,48,43,0,0,0,0
1770257275005906579,46,45,47,43,0,0,0,0
1770257275007629722,46,45,47,43,0,0,0,0
1770257275010543965,46,45,47,43,0,0,0,0
1770257275011691895,46,45,47,43,0,0,0,0
1770257275013609506,46,45,47,43,0,0,0,0
1770257275015714642,46,45,47,43,0,0,0,0
1770257275017611613,46,45,47,43,0,0,0,0
1770257275019842288,46,45,48,43,0,0,0,0
1770257275021816893,46,45,48,43,0,0,0,0
1770257275024587483,46,45,48,43,0,0,0,0
1770257275025928218,46,45,47,43,0,0,0,0
1770257275027743139,46,45,47,43,0,0,0,0
1770257275029778417,46,45,48,43,0,0,0,0
1770257275032054085,46,45,48,43,0,0,0,0
1770257275034408922,46,45,48,43,0,0,0,0
1770257275036023615,46,45,48,43,0,0,0,0
1770257275038031789,46,45,48,43,0,0,0,0
1770257275039706067,46,45,48,43,0,0,0,0
1770257275041670111,46,45,48,43,0,0,0,0
1770257275043658316,46,45,47,43,0,0,0,0
1770257275045930016,46,45,47,43,0,0,0,0
1770257275047686120,46,45,48,43,0,0,0,0
1770257275049609267,46,45,48,43,0,0,0,0
1770257275052056843,46,45,48,43,0,0,0,0
1770257275053922549,46,45,48,43,0,0,0,0
1770257275055927619,46,45,48,43,0,0,0,0
1770257275057936721,46,45,48,43,0,0,0,0
1770257275059949502,46,44,48,43,0,0,0,0
1770257275061624036,46,44,48,43,0,0,0,0
1770257275063594961,46,45,48,43,0,0,0,0
1770257275065470812,46,45,48,43,0,0,0,0
1770257275067608236,46,45,48,43,0,0,0,0
1770257275069574105,46,45,48,43,0,0,0,0
1770257275071711017,46,45,48,43,0,0,0,0
1770257275073626805,46,45,48,43,0,0,0,0
1770257275076078412,46,44,48,43,0,0,0,0
1770257275077602703,46,44,48,43,0,0,0,0
1770257275079706175,46,44,48,43,0,0,0,0
1770257275081728173,46,44,48,43,0,0,0,0
1770257275083685433,46,44,48,43,0,0,0,0
1770257275085588580,46,44,48,43,0,0,0,0
1770257275087756853,46,44,48,43,0,0,0,0
1770257275089695201,46,45,48,43,0,0,0,0
1770257275091917748,46,45,48,43,0,0,0,0
1770257275095323457,46,45,48,43,0,0,0,0
1770257275097417137,46,45,48,43,0,0,0,0
1770257275099190489,46,45,48,43,0,0,0,0
1770257275100752220,46,45,48,43,0,0,0,0
1770257275102022617,46,45,48,43,0,0,0,0
1770257275103647870,46,45,48,43,0,0,0,0
1770257275105588170,46,45,48,43,0,0,0,0
1770257275107605720,46,45,48,43,0,0,0,0
1770257275109557764,46,45,48,43,0,0,0,0
1770257275111607891,46,45,48,43,0,0,0,0
1770257275113906471,46,45,48,43,0,0,0,0
1770257275116820585,46,45,48,43,0,0,0,0
1770257275118892536,46,45,48,43,0,0,0,0
1770257275119925552,46,45,48,43,0,0,0,0
1770257275122653614,46,45,48,43,0,0,0,0
1770257275123652324,46,45,48,43,0,0,0,0
1770257275125636113,46,45,48,43,0,0,0,0
1770257275127632799,46,45,48,43,0,0,0,0
1770257275129733422,46,45,48,43,0,0,0,0
1770257275131663450,46,45,48,43,0,0,0,0
1770257275133902893,46,45,48,43,0,0,0,0
1770257275136588202,46,45,48,43,0,0,0,0
1770257275137690371,46,44,48,43,0,0,0,0
1770257275139732913,46,44,48,43,0,0,0,0
1770257275141716254,46,44,48,43,0,0,0,0
1770257275143911824,46,44,48,43,0,0,0,0
1770257275146606029,46,44,48,43,0,0,0,0
1770257275147717703,46,44,48,43,0,0,0,0
1770257275149678163,46,44,47,43,0,0,0,0
1770257275151909670,46,44,47,43,0,0,0,0
1770257275154014070,46,44,47,43,0,0,0,0
1770257275155686780,46,44,48,43,0,0,0,0
1770257275157693673,46,44,48,43,0,0,0,0
1770257275159620725,46,44,48,43,0,0,0,0
1770257275161621026,46,45,48,43,0,0,0,0
1770257275163752723,46,45,48,43,0,0,0,0
1770257275166376398,46,45,48,43,0,0,0,0
1770257275167611498,46,44,48,43,0,0,0,0
1770257275169641016,46,44,48,43,0,0,0,0
1770257275171757288,46,45,48,43,0,0,0,0
1770257275173671252,46,45,48,43,0,0,0,0
1770257275175741219,46,45,48,43,0,0,0,0
1770257275178179290,46,45,48,43,0,0,0,0
1770257275179774686,46,45,48,43,0,0,0,0
1770257275181803885,46,45,48,43,0,0,0,0
1770257275183787098,46,45,48,43,0,0,0,0
1770257275185800903,46,45,48,43,0,0,0,0
1770257275187933176,46,45,48,43,0,0,0,0
1770257275189875748,46,45,48,43,0,0,0,0
1770257275191921586,46,45,48,43,0,0,0,0
1770257275193916736,46,45,48,43,0,0,0,0
1770257275195793770,46,45,48,43,0,0,0,0
1770257275197624148,46,45,48,43,0,0,0,0
1770257275199734500,46,45,47,43,0,0,0,0
1770257275201648623,46,45,47,43,0,0,0,0
1770257275203665693,46,45,47,43,0,0,0,0
1770257275205671210,46,45,47,43,0,0,0,0
1770257275207916093,46,45,47,43,0,0,0,0
1770257275209883626,46,45,47,43,0,0,0,0
1770257275211675187,46,45,47,43,0,0,0,0
1770257275214615925,46,45,47,43,0,0,0,0
1770257275216473344,46,45,48,43,0,0,0,0
1770257275217638618,46,45,48,43,0,0,0,0
1770257275219654664,46,45,48,43,0,0,0,0
1770257275221710102,46,45,48,43,0,0,0,0
1770257275223617154,46,45,47,43,0,0,0,0
1770257275225692465,46,45,47,43,0,0,0,0
1770257275228014086,46,45,47,43,0,0,0,0
1770257275230531711,46,45,47,43,0,0,0,0
1770257275231916638,46,45,47,43,0,0,0,0
1770257275234459800,46,45,48,43,0,0,0,0
1770257275236615337,46,45,48,43,0,0,0,0
1770257275237537534,46,44,48,43,0,0,0,0
1770257275239668974,46,44,48,43,0,0,0,0
1770257275241590714,46,44,48,43,0,0,0,0
1770257275243643144,46,44,48,43,0,0,0,0
1770257275245621973,46,44,48,43,0,0,0,0
1770257275247954730,46,44,48,43,0,0,0,0
1770257275249912279,46,44,48,43,0,0,0,0
1770257275251864515,46,44,48,43,0,0,0,0
1770257275254070677,46,44,48,43,0,0,0,0
1770257275256116292,46,44,48,43,0,0,0,0
1770257275257776297,46,44,48,43,0,0,0,0
1770257275260055325,46,44,48,43,0,0,0,0
1770257275262072587,46,44,48,43,0,0,0,0
1770257275264054264,46,45,48,43,0,0,0,0
1770257275265887777,46,45,48,43,0,0,0,0
1770257275267711211,46,45,48,43,0,0,0,0
1770257275269702200,46,45,48,43,0,0,0,0
1770257275271697093,46,45,48,43,0,0,0,0
1770257275273707187,46,45,48,43,0,0,0,0
1770257275276151338,46,45,48,43,0,0,0,0
1770257275278106903,46,45,48,43,0,0,0,0
1770257275279879743,46,45,48,43,0,0,0,0
1770257275281757546,46,45,48,43,0,0,0,0
1770257275283808344,46,45,48,43,0,0,0,0
1770257275286602808,46,45,48,43,0,0,0,0
1770257275287988535,46,45,48,43,0,0,0,0
1770257275289934531,46,45,48,43,0,0,0,0
1770257275292420892,46,45,48,43,0,0,0,0
1770257275293766586,46,45,48,43,0,0,0,0
1770257275295781032,46,45,48,43,0,0,0,0
1770257275297802326,46,45,48,43,0,0,0,0
1770257275299751586,46,45,48,43,0,0,0,0
1770257275301704559,46,45,48,43,0,0,0,0
1770257275304001763,46,44,48,43,0,0,0,0
1770257275305579974,46,44,47,43,0,0,0,0
1770257275307980445,46,44,47,43,0,0,0,0
1770257275310604153,46,44,47,43,0,0,0,0
1770257275311691441,46,44,47,43,0,0,0,0
1770257275313727839,46,44,47,43,0,0,0,0
1770257275315714317,46,45,47,43,0,0,0,0
1770257275317680569,46,45,47,43,0,0,0,0
1770257275319667558,46,45,47,43,0,0,0,0
1770257275321893497,46,45,47,43,0,0,0,0
1770257275324132268,46,44,48,43,0,0,0,0
1770257275325946805,46,44,48,43,0,0,0,0
1770257275328025572,46,44,48,43,0,0,0,0
1770257275330026769,46,45,48,43,0,0,0,0
1770257275331685239,46,45,48,43,0,0,0,0
1770257275333655460,46,45,48,43,0,0,0,0
1770257275335754932,46,44,48,43,0,0,0,0
1770257275337638750,46,44,48,43,0,0,0,0
1770257275339662252,46,45,48,43,0,0,0,0
1770257275341705979,46,45,48,43,0,0,0,0
1770257275343760841,46,45,48,43,0,0,0,0
1770257275346381029,46,45,48,43,0,0,0,0
1770257275347945608,46,44,48,43,0,0,0,0
1770257275350076377,46,44,48,43,0,0,0,0
1770257275352041061,46,45,48,43,0,0,0,0
1770257275353922384,46,45,48,43,0,0,0,0
1770257275356083809,46,45,48,43,0,0,0,0
1770257275358150992,46,45,48,43,0,0,0,0
1770257275359854903,46,45,48,43,0,0,0,0
1770257275361951654,46,45,48,43,0,0,0,0
1770257275363904659,46,45,48,43,0,0,0,0
1770257275365977314,46,45,48,43,0,0,0,0
1770257275367949134,46,45,48,43,0,0,0,0
1770257275369744215,46,45,48,43,0,0,0,0
1770257275372131629,46,45,48,43,0,0,0,0
1770257275373792435,46,45,48,43,0,0,0,0
1770257275375687486,46,45,48,43,0,0,0,0
1770257275377986002,46,45,48,43,0,0,0,0
1770257275379750458,46,45,48,43,0,0,0,0
1770257275381733767,46,45,48,43,0,0,0,0
1770257275383625778,46,45,47,43,0,0,0,0
1770257275385721858,46,45,47,43,0,0,0,0
1770257275387966165,46,45,47,43,0,0,0,0
1770257275389717853,46,45,47,43,0,0,0,0
1770257275391616328,46,45,47,43,0,0,0,0
1770257275393666294,46,45,47,43,0,0,0,0
1770257275395862024,46,45,47,43,0,0,0,0
1770257275397890966,46,45,47,43,0,0,0,0
1770257275399866627,46,45,47,43,0,0,0,0
1770257275401940946,46,45,47,43,0,0,0,0
1770257275403738715,46,45,47,43,0,0,0,0
1770257275405930573,46,45,47,43,0,0,0,0
1770257275407755766,46,45,47,43,0,0,0,0
1770257275409922215,46,45,47,43,0,0,0,0
1770257275411968886,46,45,47,43,0,0,0,0
1770257275413706077,46,45,47,43,0,0,0,0
1770257275415769964,46,45,47,43,0,0,0,0
1770257275417943165,46,45,47,43,0,0,0,0
1770257275419971307,46,45,48,43,0,0,0,0
1770257275421777268,46,45,48,43,0,0,0,0
1770257275423764770,46,45,48,43,0,0,0,0
1770257275425741166,46,45,48,43,0,0,0,0
1770257275427748668,46,45,48,43,0,0,0,0
1770257275429628135,46,45,48,43,0,0,0,0
1770257275431551858,46,45,48,43,0,0,0,0
1770257275433615201,46,45,48,43,0,0,0,0
1770257275436645734,46,45,48,43,0,0,0,0
1770257275438345165,46,45,48,43,0,0,0,0
1770257275439949393,46,45,48,43,0,0,0,0
1770257275441712345,46,44,48,43,0,0,0,0
1770257275443949388,46,44,48,43,0,0,0,0
1770257275445689299,46,44,48,43,0,0,0,0
1770257275447654080,46,45,48,43,0,0,0,0
1770257275449546603,46,45,47,43,0,0,0,0
1770257275451763293,46,45,47,43,0,0,0,0
1770257275453663880,46,45,47,43,0,0,0,0
1770257275455832058,46,45,47,43,0,0,0,0
1770257275458029163,46,45,47,43,0,0,0,0
1770257275459787315,46,45,47,43,0,0,0,0
1770257275461998053,46,45,47,43,0,0,0,0
1770257275463986355,46,45,47,43,0,0,0,0
1770257275465640184,46,45,47,43,0,0,0,0
1770257275467791433,46,45,47,43,0,0,0,0
1770257275469695700,46,45,47,43,0,0,0,0
1770257275471645504,46,45,47,43,0,0,0,0
1770257275473779473,46,45,48,43,0,0,0,0
1770257275475855584,46,45,48,43,0,0,0,0
1770257275477802156,46,44,48,43,0,0,0,0
1770257275480030815,46,44,48,43,0,0,0,0
1770257275481969931,46,44,48,43,0,0,0,0
1770257275483763604,46,45,48,43,0,0,0,0
1770257275485726848,46,45,48,43,0,0,0,0
1770257275487714765,46,45,48,43,0,0,0,0
1770257275489852510,46,45,48,43,0,0,0,0
1770257275491931341,46,45,48,43,0,0,0,0
1770257275493903034,46,45,47,43,0,0,0,0
1770257275496448244,46,45,47,43,0,0,0,0
1770257275497524620,46,44,47,43,0,0,0,0
1770257275499687837,46,44,47,43,0,0,0,0
1770257275501944464,46,44,47,43,0,0,0,0
1770257275503582134,46,44,48,43,0,0,0,0
1770257275505654245,46,44,48,43,0,0,0,0
1770257275507933944,46,44,48,43,0,0,0,0
1770257275509710753,46,45,48,43,0,0,0,0
1770257275511932499,46,45,48,43,0,0,0,0
1770257275513897760,46,45,48,43,0,0,0,0
1770257275516008528,46,45,48,43,0,0,0,0
1770257275517862490,46,45,48,43,0,0,0,0
1770257275519970218,46,45,48,43,0,0,0,0
1770257275521613423,46,45,48,43,0,0,0,0
1770257275523961700,46,45,48,43,0,0,0,0
1770257275526161974,46,45,48,43,0,0,0,0
1770257275527655640,46,45,48,43,0,0,0,0
1770257275529674854,46,45,48,43,0,0,0,0
1770257275531689940,46,45,48,43,0,0,0,0
1770257275533632512,46,44,48,43,0,0,0,0
1770257275535659662,46,44,48,43,0,0,0,0
1770257275537959042,46,44,48,43,0,0,0,0
1770257275539722506,46,45,48,43,0,0,0,0
1770257275541709239,46,45,48,43,0,0,0,0
1770257275543944842,46,44,48,43,0,0,0,0
1770257275545648209,46,44,48,43,0,0,0,0
1770257275547721696,46,44,48,43,0,0,0,0
1770257275549533961,46,44,48,43,0,0,0,0
1770257275551581975,46,44,48,43,0,0,0,0
1770257275553604325,46,45,47,43,0,0,0,0
1770257275556004892,46,45,47,43,0,0,0,0
1770257275557978248,46,45,47,43,0,0,0,0
1770257275559761873,46,45,47,43,0,0,0,0
1770257275561939074,46,45,47,43,0,0,0,0
1770257275563955056,46,45,48,43,0,0,0,0
1770257275565952349,46,45,48,43,0,0,0,0
1770257275567702437,46,45,48,43,0,0,0,0
1770257275569543567,46,45,48,43,0,0,0,0
1770257275571640991,46,45,48,43,0,0,0,0
1770257275573742766,46,45,48,43,0,0,0,0
1770257275575735996,46,44,48,43,0,0,0,0
1770257275577750217,46,44,48,43,0,0,0,0
1770257275579708694,46,44,48,43,0,0,0,0
1770257275581562496,46,45,47,43,0,0,0,0
1770257275583769746,46,45,47,43,0,0,0,0
1770257275585642396,46,45,47,43,0,0,0,0
1770257275588025715,46,45,48,43,0,0,0,0
1770257275590396328,46,45,48,43,0,0,0,0
1770257275592041966,46,45,48,43,0,0,0,0
1770257275594020379,46,44,47,43,0,0,0,0
1770257275596154123,46,44,47,43,0,0,0,0
1770257275597660045,46,45,47,43,0,0,0,0
1770257275599760893,46,45,48,43,0,0,0,0
1770257275601725290,46,45,48,43,0,0,0,0
1770257275604052958,46,44,48,43,0,0,0,0
1770257275605762885,46,44,48,43,0,0,0,0
1770257275607848533,46,44,48,43,0,0,0,0
1770257275609736223,46,45,48,43,0,0,0,0
1770257275611775470,46,45,48,43,0,0,0,0
1770257275614111587,46,45,48,43,0,0,0,0
1770257275615813833,46,45,48,43,0,0,0,0
1770257275617918393,46,45,48,43,0,0,0,0
1770257275619654593,46,45,48,43,0,0,0,0
1770257275621578508,46,45,48,43,0,0,0,0
1770257275623457463,46,45,48,43,0,0,0,0
1770257275625634664,46,45,48,43,0,0,0,0
1770257275627722904,46,45,48,43,0,0,0,0
1770257275630784829,46,45,48,43,0,0,0,0
1770257275632952366,46,45,48,43,0,0,0,0
1770257275634861050,46,45,48,43,0,0,0,0
1770257275636662691,46,45,48,43,0,0,0,0
1770257275638920982,46,45,48,43,0,0,0,0
1770257275639660551,46,45,48,43,0,0,0,0
1770257275641624371,46,45,47,43,0,0,0,0
1770257275643709283,46,45,47,43,0,0,0,0
1770257275645691760,46,45,47,43,0,0,0,0
1770257275647586747,46,45,47,43,0,0,0,0
1770257275649932208,46,45,47,43,0,0,0,0
1770257275651791674,46,45,47,43,0,0,0,0
1770257275653921579,46,45,47,43,0,0,0,0
1770257275655942680,46,45,47,43,0,0,0,0
1770257275657959014,46,45,47,43,0,0,0,0
1770257275659727278,46,45,47,43,0,0,0,0
1770257275661722876,46,45,47,43,0,0,0,0
1770257275663609254,46,45,47,43,0,0,0,0
1770257275666445159,46,45,48,43,0,0,0,0
1770257275667710596,46,45,48,43,0,0,0,0
1770257275669740914,46,45,48,43,0,0,0,0
1770257275671684510,46,45,48,43,0,0,0,0
1770257275673682347,46,45,48,43,0,0,0,0
1770257275676895700,46,44,48,43,0,0,0,0
1770257275677706470,46,44,48,43,0,0,0,0
1770257275679833015,46,44,48,43,0,0,0,0
1770257275681754210,46,44,48,43,0,0,0,0
1770257275684019126,46,44,47,43,0,0,0,0
1770257275685937249,46,44,47,43,0,0,0,0
1770257275687995856,46,44,47,43,0,0,0,0
1770257275689560564,46,44,48,43,0,0,0,0
1770257275691639331,46,44,48,43,0,0,0,0
1770257275693731602,46,45,48,43,0,0,0,0
1770257275695788545,46,45,47,43,0,0,0,0
1770257275697657931,46,45,47,43,0,0,0,0
1770257275699732795,46,44,47,43,0,0,0,0
1770257275702172562,46,44,48,43,0,0,0,0
1770257275703802679,46,44,48,43,0,0,0,0
1770257275705992713,46,44,48,43,0,0,0,0
1770257275707727888,46,44,48,43,0,0,0,0
1770257275709729789,46,44,48,43,0,0,0,0
1770257275712058418,46,45,48,43,0,0,0,0
1770257275713765913,46,45,48,43,0,0,0,0
1770257275716054733,46,45,48,43,0,0,0,0
1770257275717927352,46,45,48,43,0,0,0,0
1770257275719725632,46,45,48,43,0,0,0,0
1770257275721621931,46,45,48,43,0,0,0,0
1770257275723702523,46,44,48,43,0,0,0,0
1770257275725917421,46,44,48,43,0,0,0,0
1770257275727733238,46,44,48,43,0,0,0,0
1770257275729639681,46,45,48,43,0,0,0,0
1770257275731669584,46,45,48,43,0,0,0,0
1770257275733881058,46,45,48,43,0,0,0,0
1770257275735827118,46,45,48,43,0,0,0,0
1770257275737758298,46,45,47,43,0,0,0,0
1770257275739827945,46,45,47,43,0,0,0,0
1770257275741990650,46,45,47,43,0,0,0,0
1770257275743691936,46,45,48,43,0,0,0,0
1770257275745997397,46,45,48,43,0,0,0,0
1770257275747688539,46,45,48,43,0,0,0,0
1770257275749678248,46,45,48,43,0,0,0,0
1770257275751625141,46,45,48,43,0,0,0,0
1770257275753621058,46,45,48,43,0,0,0,0
1770257275755628943,46,45,48,43,0,0,0,0
1770257275757972901,46,45,48,43,0,0,0,0
1770257275759665931,46,44,48,43,0,0,0,0
1770257275761933407,46,44,48,43,0,0,0,0
1770257275763780681,46,44,48,43,0,0,0,0
1770257275765747477,46,44,48,43,0,0,0,0
1770257275767929063,46,44,48,43,0,0,0,0
1770257275770474241,46,44,48,43,0,0,0,0
1770257275771914593,46,45,48,43,0,0,0,0
1770257275773936335,46,45,48,43,0,0,0,0
1770257275775933500,46,45,48,43,0,0,0,0
1770257275777910281,46,45,48,43,0,0,0,0
1770257275779686962,46,45,48,43,0,0,0,0
1770257275782085224,46,45,48,43,0,0,0,0
1770257275783718477,46,45,48,43,0,0,0,0
1770257275785674138,46,45,48,43,0,0,0,0
1770257275787673543,46,45,48,43,0,0,0,0
1770257275789754870,46,45,48,43,0,0,0,0
1770257275791732419,46,45,48,43,0,0,0,0
1770257275794568131,46,45,48,43,0,0,0,0
1770257275796381069,46,44,48,43,0,0,0,0
1770257275797677866,46,44,48,43,0,0,0,0
1770257275799694136,46,44,48,43,0,0,0,0
1770257275802544825,46,45,48,43,0,0,0,0
1770257275803639953,46,45,48,43,0,0,0,0
1770257275805716865,46,45,48,43,0,0,0,0
1770257275807636332,46,45,48,43,0,0,0,0
1770257275809608473,46,45,48,43,0,0,0,0
1770257275811638343,46,45,48,43,0,0,0,0
1770257275813707958,46,45,48,43,0,0,0,0
1770257275815806406,46,45,48,43,0,0,0,0
1770257275817745970,46,45,48,43,0,0,0,0
1770257275819730719,46,45,48,43,0,0,0,0
1770257275821787341,46,45,48,43,0,0,0,0
1770257275823954815,46,45,48,43,0,0,0,0
1770257275825918187,46,45,48,43,0,0,0,0
1770257275827957817,46,45,47,43,0,0,0,0
1770257275829768579,46,45,47,43,0,0,0,0
1770257275831755216,46,45,47,43,0,0,0,0
1770257275833626970,46,45,47,43,0,0,0,0
1770257275835591495,46,45,47,43,0,0,0,0
1770257275837583860,46,45,47,43,0,0,0,0
1770257275839625154,46,45,48,43,0,0,0,0
1770257275841540398,46,45,48,43,0,0,0,0
1770257275845241890,46,45,48,43,0,0,0,0
1770257275847046667,46,45,47,43,0,0,0,0
1770257275848882901,46,45,47,43,0,0,0,0
1770257275850145489,46,45,47,43,0,0,0,0
1770257275852771981,46,45,47,43,0,0,0,0
1770257275853558207,46,45,47,43,0,0,0,0
1770257275855636270,46,45,47,43,0,0,0,0
1770257275857656668,46,45,47,43,0,0,0,0
1770257275859643177,46,45,47,43,0,0,0,0
1770257275861596533,46,44,47,43,0,0,0,0
1770257275864065389,46,44,48,43,0,0,0,0
1770257275866049914,46,44,48,43,0,0,0,0
1770257275867782466,46,44,48,43,0,0,0,0
1770257275869761039,46,44,48,43,0,0,0,0
1770257275872033058,46,44,48,43,0,0,0,0
1770257275873735977,46,45,48,43,0,0,0,0
1770257275875879033,46,45,47,43,0,0,0,0
1770257275878047595,46,45,47,43,0,0,0,0
1770257275879798642,46,44,47,43,0,0,0,0
1770257275881669981,46,44,48,43,0,0,0,0
1770257275883958193,46,44,48,43,0,0,0,0
1770257275885685880,46,44,48,43,0,0,0,0
1770257275887686917,46,44,48,43,0,0,0,0
1770257275889698227,46,44,48,43,0,0,0,0
1770257275891723553,46,44,48,43,0,0,0,0
1770257275893627308,46,44,48,43,0,0,0,0
1770257275895929377,46,44,48,43,0,0,0,0
1770257275898003824,46,44,48,43,0,0,0,0
1770257275899704150,46,44,48,43,0,0,0,0
1770257275901930569,46,44,48,43,0,0,0,0
1770257275904578373,46,44,48,43,0,0,0,0
1770257275905739263,46,44,48,43,0,0,0,0
1770257275907797294,46,44,48,43,0,0,0,0
1770257275910163108,46,44,48,43,0,0,0,0
1770257275911915980,46,45,48,43,0,0,0,0
1770257275913670003,46,45,48,43,0,0,0,0
1770257275915869541,46,45,48,43,0,0,0,0
1770257275917975189,46,45,48,43,0,0,0,0
1770257275919972706,46,45,48,43,0,0,0,0
1770257275922045905,46,45,48,43,0,0,0,0
1770257275923782681,46,45,48,43,0,0,0,0
1770257275925684484,46,45,48,43,0,0,0,0
1770257275927785908,46,45,48,43,0,0,0,0
1770257275930038759,46,45,47,43,0,0,0,0
1770257275931781006,46,45,47,43,0,0,0,0
1770257275933738491,46,45,47,43,0,0,0,0
1770257275935764233,46,45,48,43,0,0,0,0
1770257275937602739,46,45,48,43,0,0,0,0
1770257275939659777,46,45,47,43,0,0,0,0
1770257275941541228,46,45,47,43,0,0,0,0
1770257275943635644,46,45,47,43,0,0,0,0
1770257275945676714,46,45,47,43,0,0,0,0
1770257275947970686,46,45,47,43,0,0,0,0
1770257275949760743,46,45,47,43,0,0,0,0
1770257275951969433,46,44,47,43,0,0,0,0
1770257275953814467,46,44,48,43,0,0,0,0
1770257275956368285,46,44,48,43,0,0,0,0
1770257275957738076,46,44,48,43,0,0,0,0
1770257275959817771,46,44,48,43,0,0,0,0
1770257275961637300,46,44,48,43,0,0,0,0
1770257275963675779,46,44,48,43,0,0,0,0
1770257275966059865,46,44,48,43,0,0,0,0
1770257275967712126,46,44,48,43,0,0,0,0
1770257275969731660,46,44,48,43,0,0,0,0
1770257275971681208,46,44,48,43,0,0,0,0
1770257275973741895,46,44,48,43,0,0,0,0
1770257275975954393,46,44,48,43,0,0,0,0
1770257275978022152,46,44,48,43,0,0,0,0
1770257275979885971,46,44,48,43,0,0,0,0
1770257275981798814,46,44,48,43,0,0,0,0
1770257275983774955,46,44,48,43,0,0,0,0
1770257275985849402,46,44,48,43,0,0,0,0
1770257275987803142,46,45,48,43,0,0,0,0
1770257275989948503,46,45,48,43,0,0,0,0
1770257275991918500,46,45,48,43,0,0,0,0
1770257275993922161,46,45,48,43,0,0,0,0
1770257275996312967,46,45,48,43,0,0,0,0
1770257275997927532,46,45,48,43,0,0,0,0
1770257275999633139,46,45,48,43,0,0,0,0
1770257276001788548,46,45,48,43,0,0,0,0
1770257276003679151,46,45,48,43,0,0,0,0
1770257276005637403,46,45,47,43,0,0,0,0
1770257276007702346,46,45,47,43,0,0,0,0
1770257276009594069,46,45,47,43,0,0,0,0
1770257276011549569,46,45,48,43,0,0,0,0
1770257276013604176,46,45,48,43,0,0,0,0
1770257276015842051,46,45,48,43,0,0,0,0
1770257276017636268,46,45,48,43,0,0,0,0
1770257276020647664,46,45,48,43,0,0,0,0
1770257276022633341,46,45,48,43,0,0,0,0
1770257276024798798,46,44,48,43,0,0,0,0
1770257276027139011,46,44,47,43,0,0,0,0
1770257276028729159,46,44,47,43,0,0,0,0
1770257276029636284,46,45,47,43,0,0,0,0
1770257276031743692,46,45,47,43,0,0,0,0
1770257276033949566,46,45,47,43,0,0,0,0
1770257276035803336,46,45,47,43,0,0,0,0
1770257276038201406,46,45,47,43,0,0,0,0
1770257276039722657,46,45,47,43,0,0,0,0
1770257276041928595,46,44,47,43,0,0,0,0
1770257276043687099,46,44,47,43,0,0,0,0
1770257276045876717,46,44,47,43,0,0,0,0
1770257276047600564,46,44,47,43,0,0,0,0
1770257276049763045,46,44,48,43,0,0,0,0
1770257276051705201,46,44,48,43,0,0,0,0
1770257276053676254,46,45,48,43,0,0,0,0
1770257276056064628,46,45,48,43,0,0,0,0
1770257276058050049,46,45,48,43,0,0,0,0
1770257276059957804,46,45,48,43,0,0,0,0
1770257276061740405,46,45,48,43,0,0,0,0
1770257276063772099,46,45,48,43,0,0,0,0
1770257276065706799,46,44,48,43,0,0,0,0
1770257276068072261,46,44,48,43,0,0,0,0
1770257276069952015,46,44,48,43,0,0,0,0
1770257276071731992,46,44,48,43,0,0,0,0
1770257276073958090,46,44,48,43,0,0,0,0
1770257276075939127,46,44,48,43,0,0,0,0
1770257276077659326,46,44,48,43,0,0,0,0
1770257276079759502,46,44,48,43,0,0,0,0
1770257276081662713,46,44,48,43,0,0,0,0
1770257276083635110,46,45,48,43,0,0,0,0
1770257276086003644,46,45,48,43,0,0,0,0
1770257276087846117,46,45,48,43,0,0,0,0
1770257276089780849,46,45,48,43,0,0,0,0
1770257276091960067,46,45,47,43,0,0,0,0
1770257276094241847,46,45,47,43,0,0,0,0
1770257276096124257,46,45,47,43,0,0,0,0
1770257276098398261,46,45,47,43,0,0,0,0
1770257276099782516,46,45,47,43,0,0,0,0
1770257276101734689,46,45,47,43,0,0,0,0
1770257276103554506,46,45,47,43,0,0,0,0
1770257276105928640,46,45,47,43,0,0,0,0
1770257276107727081,46,45,47,43,0,0,0,0
1770257276109755575,46,45,47,43,0,0,0,0
1770257276111802149,46,45,47,43,0,0,0,0
1770257276113944854,46,45,47,43,0,0,0,0
1770257276117499751,46,45,48,43,0,0,0,0
1770257276120004480,46,45,48,43,0,0,0,0
1770257276120952789,46,45,48,43,0,0,0,0
1770257276121608036,46,45,48,43,0,0,0,0
1770257276123601905,46,45,48,43,0,0,0,0
1770257276125567998,46,45,48,43,0,0,0,0
1770257276127566987,46,45,48,43,0,0,0,0
1770257276129605849,46,45,48,43,0,0,0,0
1770257276131757418,46,45,48,43,0,0,0,0
1770257276133945372,46,45,48,43,0,0,0,0
1770257276135886440,46,45,48,43,0,0,0,0
1770257276138508196,46,44,48,43,0,0,0,0
1770257276139733087,46,44,48,43,0,0,0,0
1770257276141657803,46,44,48,43,0,0,0,0
1770257276143620984,46,44,48,43,0,0,0,0
1770257276145664934,46,44,48,43,0,0,0,0
1770257276147673492,46,44,48,43,0,0,0,0
1770257276149667137,46,45,48,43,0,0,0,0
1770257276151984662,46,45,48,43,0,0,0,0
1770257276153884833,46,45,48,43,0,0,0,0
1770257276155791564,46,45,48,43,0,0,0,0
1770257276157706167,46,45,48,43,0,0,0,0
1770257276159880713,46,45,48,43,0,0,0,0
1770257276162021497,46,45,48,43,0,0,0,0
1770257276163928773,46,45,48,43,0,0,0,0
1770257276165767054,46,45,48,43,0,0,0,0
1770257276167904063,46,44,48,43,0,0,0,0
1770257276169947757,46,44,48,43,0,0,0,0
1770257276171736566,46,44,48,43,0,0,0,0
1770257276173609472,46,44,48,43,0,0,0,0
1770257276175679503,46,44,48,43,0,0,0,0
1770257276177710046,46,44,48,43,0,0,0,0
1770257276179596264,46,44,48,43,0,0,0,0
1770257276181703160,46,44,48,43,0,0,0,0
1770257276183991180,46,44,48,43,0,0,0,0
1770257276185739540,46,45,48,43,0,0,0,0
1770257276187759394,46,45,48,43,0,0,0,0
1770257276189943635,46,45,48,43,0,0,0,0
1770257276191946593,46,45,48,43,0,0,0,0
1770257276193651303,46,45,47,43,0,0,0,0
1770257276195676917,46,45,47,43,0,0,0,0
1770257276197650658,46,45,48,43,0,0,0,0
1770257276199783347,46,45,48,43,0,0,0,0
1770257276201691646,46,45,48,43,0,0,0,0
1770257276203519783,46,45,48,43,0,0,0,0
1770257276205666392,46,45,48,43,0,0,0,0
1770257276207571843,46,45,48,43,0,0,0,0
1770257276209571377,46,44,48,43,0,0,0,0
1770257276211663488,46,44,48,43,0,0,0,0
1770257276214773703,46,44,48,43,0,0,0,0
1770257276216172135,46,45,48,43,0,0,0,0
1770257276218168852,46,45,48,43,0,0,0,0
1770257276220039743,46,45,48,43,0,0,0,0
1770257276222255281,46,44,48,43,0,0,0,0
1770257276223676913,46,44,48,43,0,0,0,0
1770257276225718495,46,44,48,43,0,0,0,0
1770257276227603946,46,45,48,43,0,0,0,0
1770257276229659225,46,45,48,43,0,0,0,0
1770257276231736136,46,45,48,43,0,0,0,0
1770257276233649843,46,44,48,43,0,0,0,0
1770257276236750842,46,44,47,43,0,0,0,0
1770257276237838067,46,44,47,43,0,0,0,0
1770257276239767006,46,45,47,43,0,0,0,0
1770257276241811405,46,45,48,43,0,0,0,0
1770257276243714360,46,45,48,43,0,0,0,0
1770257276245608451,46,44,48,43,0,0,0,0
1770257276247677266,46,44,48,43,0,0,0,0
1770257276249715488,46,44,48,43,0,0,0,0
1770257276251555626,46,45,48,43,0,0,0,0
1770257276253947008,46,45,48,43,0,0,0,0
1770257276256030640,46,45,48,43,0,0,0,0
1770257276257796408,46,45,48,43,0,0,0,0
1770257276260188174,46,45,48,43,0,0,0,0
1770257276261830803,46,45,48,43,0,0,0,0
1770257276263612540,46,45,48,43,0,0,0,0
1770257276265752332,46,45,48,43,0,0,0,0
1770257276267736505,46,45,48,43,0,0,0,0
1770257276269639909,46,45,48,43,0,0,0,0
1770257276271670291,46,45,47,43,0,0,0,0
1770257276274100618,46,45,47,43,0,0,0,0
1770257276275662829,46,45,48,43,0,0,0,0
1770257276277788478,46,45,48,43,0,0,0,0
1770257276279678216,46,45,48,43,0,0,0,0
1770257276281584276,46,45,48,43,0,0,0,0
1770257276284185423,46,45,47,43,0,0,0,0
1770257276285923830,46,45,47,43,0,0,0,0
1770257276287755712,46,45,48,43,0,0,0,0
1770257276289789870,46,45,48,43,0,0,0,0
1770257276291953151,46,45,48,43,0,0,0,0
1770257276294100176,46,45,48,43,0,0,0,0
1770257276295759382,46,45,48,43,0,0,0,0
1770257276297648928,46,45,48,43,0,0,0,0
1770257276299602157,46,45,48,43,0,0,0,0
1770257276301683292,46,45,48,43,0,0,0,0
1770257276304042098,46,45,48,43,0,0,0,0
1770257276305768441,46,45,47,43,0,0,0,0
1770257276307853768,46,45,47,43,0,0,0,0
1770257276310138748,46,45,47,43,0,0,0,0
1770257276311891684,46,45,47,43,0,0,0,0
1770257276313671116,46,45,48,43,0,0,0,0
1770257276315694522,46,45,48,43,0,0,0,0
1770257276317756329,46,45,48,43,0,0,0,0
1770257276319687509,46,45,48,43,0,0,0,0
1770257276321625217,46,45,48,43,0,0,0,0
1770257276323740369,46,45,48,43,0,0,0,0
1770257276325753694,46,45,48,43,0,0,0,0
1770257276327777036,46,45,48,43,0,0,0,0
1770257276329944062,46,45,48,43,0,0,0,0
1770257276331773319,46,45,48,43,0,0,0,0
1770257276333957721,46,45,48,43,0,0,0,0
1770257276335604254,46,45,48,43,0,0,0,0
1770257276337661741,46,45,48,43,0,0,0,0
1770257276339636570,46,45,48,43,0,0,0,0
1770257276341580166,46,45,48,43,0,0,0,0
1770257276343685782,46,45,48,43,0,0,0,0
1770257276345937257,46,45,48,43,0,0,0,0
1770257276347953078,46,45,48,43,0,0,0,0
1770257276349997733,46,45,48,43,0,0,0,0
1770257276351923697,46,45,48,43,0,0,0,0
1770257276354441194,46,45,48,43,0,0,0,0
1770257276355724551,46,45,48,43,0,0,0,0
1770257276357733940,46,45,48,43,0,0,0,0
1770257276359641088,46,45,48,43,0,0,0,0
1770257276361753712,46,45,48,43,0,0,0,0
1770257276363678235,46,45,48,43,0,0,0,0
1770257276365947247,46,45,48,43,0,0,0,0
1770257276367799545,46,45,48,43,0,0,0,0
1770257276369789478,46,45,48,43,0,0,0,0
1770257276371986424,46,45,48,43,0,0,0,0
1770257276373716799,46,45,47,43,0,0,0,0
1770257276375641515,46,45,47,43,0,0,0,0
1770257276377580215,46,45,47,43,0,0,0,0
1770257276379749096,46,45,47,43,0,0,0,0
1770257276381675764,46,45,47,43,0,0,0,0
1770257276383721154,46,45,47,43,0,0,0,0
1770257276386543810,46,45,48,43,0,0,0,0
1770257276387768318,46,45,48,43,0,0,0,0
1770257276389942416,46,45,48,43,0,0,0,0
1770257276391966558,46,45,48,43,0,0,0,0
1770257276393717861,46,45,48,43,0,0,0,0
1770257276395769108,46,44,48,43,0,0,0,0
1770257276397603902,46,44,48,43,0,0,0,0
1770257276399654796,46,44,48,43,0,0,0,0
1770257276401742236,46,45,48,43,0,0,0,0
1770257276403865612,46,45,48,43,0,0,0,0
1770257276405880601,46,45,48,43,0,0,0,0
1770257276407780709,46,44,48,43,0,0,0,0
1770257276410060216,46,44,48,43,0,0,0,0
1770257276412765110,46,44,48,43,0,0,0,0
1770257276413823726,46,44,47,43,0,0,0,0
1770257276416659342,46,44,47,43,0,0,0,0
1770257276417662277,46,44,47,43,0,0,0,0
1770257276419657778,46,44,48,43,0,0,0,0
1770257276421752482,46,44,48,43,0,0,0,0
1770257276423720334,46,44,48,43,0,0,0,0
1770257276425602617,46,45,48,43,0,0,0,0
1770257276428135347,46,45,48,43,0,0,0,0
1770257276429836697,46,45,48,43,0,0,0,0
1770257276431976650,46,45,48,43,0,0,0,0
1770257276433927510,46,45,48,43,0,0,0,0
1770257276435783360,46,45,48,43,0,0,0,0
1770257276437736557,46,45,48,43,0,0,0,0
1770257276439725370,46,45,48,43,0,0,0,0
1770257276441737704,46,45,48,43,0,0,0,0
1770257276443737173,46,45,48,43,0,0,0,0
1770257276445701057,46,45,48,43,0,0,0,0
1770257276448105752,46,45,48,43,0,0,0,0
1770257276449844800,46,45,48,43,0,0,0,0
1770257276451838157,46,45,48,43,0,0,0,0
1770257276454108000,46,45,48,43,0,0,0,0
1770257276455802951,46,45,48,43,0,0,0,0
1770257276457561103,46,45,47,43,0,0,0,0
1770257276459550780,46,45,47,43,0,0,0,0
1770257276461486568,46,45,47,43,0,0,0,0
1770257276463642329,46,45,47,43,0,0,0,0
1770257276465613158,46,45,47,43,0,0,0,0
1770257276467648884,46,45,47,43,0,0,0,0
1770257276469735331,46,45,47,43,0,0,0,0
1770257276471666511,46,45,47,43,0,0,0,0
1770257276473633244,46,45,48,43,0,0,0,0
1770257276475848814,46,45,48,43,0,0,0,0
1770257276477932765,46,45,48,43,0,0,0,0
1770257276479836808,46,45,48,43,0,0,0,0
1770257276481793909,46,45,48,43,0,0,0,0
1770257276483734337,46,45,48,43,0,0,0,0
1770257276485741614,46,45,48,43,0,0,0,0
1770257276487800317,46,45,48,43,0,0,0,0
1770257276489923917,46,45,48,43,0,0,0,0
1770257276491721590,46,45,48,43,0,0,0,0
1770257276493922024,46,45,48,43,0,0,0,0
1770257276495949302,46,45,48,43,0,0,0,0
1770257276497812481,46,45,48,43,0,0,0,0
1770257276499649514,46,45,47,43,0,0,0,0
1770257276501775098,46,45,47,43,0,0,0,0
1770257276503715527,46,45,48,43,0,0,0,0
1770257276505745301,46,45,48,43,0,0,0,0
1770257276507687745,46,45,48,43,0,0,0,0
1770257276509756016,46,45,48,43,0,0,0,0
1770257276511721148,46,45,48,43,0,0,0,0
1770257276514663231,46,45,48,43,0,0,0,0
1770257276516163169,46,44,48,43,0,0,0,0
1770257276517804102,46,44,48,43,0,0,0,0
1770257276520189373,46,44,48,43,0,0,0,0
1770257276521729855,46,44,48,43,0,0,0,0
1770257276524223448,46,44,48,43,0,0,0,0
1770257276526002208,46,44,48,43,0,0,0,0
1770257276528110672,46,45,48,43,0,0,0,0
1770257276529648211,46,45,48,43,0,0,0,0
1770257276531717922,46,45,48,43,0,0,0,0
1770257276533714640,46,45,48,43,0,0,0,0
1770257276535731613,46,45,48,43,0,0,0,0
1770257276537709866,46,45,48,43,0,0,0,0
1770257276539815962,46,45,48,43,0,0,0,0
1770257276542007756,46,45,48,43,0,0,0,0
1770257276543994169,46,45,48,43,0,0,0,0
1770257276545951173,46,45,48,43,0,0,0,0
1770257276547751630,46,45,48,43,0,0,0,0
1770257276549619417,46,45,48,43,0,0,0,0
1770257276551655463,46,45,48,43,0,0,0,0
1770257276553651956,46,45,47,43,0,0,0,0
1770257276555742756,46,45,47,43,0,0,0,0
1770257276557818163,46,45,47,43,0,0,0,0
1770257276560020901,46,45,47,43,0,0,0,0
1770257276561707659,46,45,47,43,0,0,0,0
1770257276563720153,46,45,47,43,0,0,0,0
1770257276565707238,46,45,47,43,0,0,0,0
1770257276567927160,46,45,47,43,0,0,0,0
1770257276569935878,46,45,47,43,0,0,0,0
1770257276571748079,46,45,47,43,0,0,0,0
1770257276574311593,46,45,47,43,0,0,0,0
1770257276575999023,46,45,47,43,0,0,0,0
1770257276577878842,46,45,47,43,0,0,0,0
1770257276579763557,46,45,47,43,0,0,0,0
1770257276581632975,46,45,47,43,0,0,0,0
1770257276583692990,46,45,47,43,0,0,0,0
1770257276585621514,46,45,47,43,0,0,0,0
1770257276587592023,46,44,48,43,0,0,0,0
1770257276589942572,46,44,48,43,0,0,0,0
1770257276591785110,46,44,48,43,0,0,0,0
1770257276594799898,46,45,48,43,0,0,0,0
1770257276595780177,46,45,48,43,0,0,0,0
1770257276597983107,46,45,48,43,0,0,0,0
1770257276600036753,46,45,48,43,0,0,0,0
1770257276602796752,46,45,48,43,0,0,0,0
1770257276603979307,46,45,48,43,0,0,0,0
1770257276606954862,46,44,48,43,0,0,0,0
1770257276609015677,46,44,48,43,0,0,0,0
1770257276609835888,46,44,48,43,0,0,0,0
1770257276611675545,46,44,48,43,0,0,0,0
1770257276613673735,46,44,48,43,0,0,0,0
1770257276615596018,46,44,48,43,0,0,0,0
1770257276617704162,46,45,48,43,0,0,0,0
1770257276619652815,46,45,48,43,0,0,0,0
1770257276621752318,46,45,48,43,0,0,0,0
1770257276624117812,46,45,48,43,0,0,0,0
1770257276626008319,46,45,48,43,0,0,0,0
1770257276627662852,46,45,48,43,0,0,0,0
1770257276629703475,46,45,48,43,0,0,0,0
1770257276631706816,46,45,48,43,0,0,0,0
1770257276633933203,46,45,48,43,0,0,0,0
1770257276635971489,46,45,48,43,0,0,0,0
1770257276638089521,46,45,48,43,0,0,0,0
1770257276639769943,46,45,48,43,0,0,0,0
1770257276641529791,46,45,48,43,0,0,0,0
1770257276643620015,46,45,48,43,0,0,0,0
1770257276645558651,46,45,48,43,0,0,0,0
1770257276647596169,46,45,47,43,0,0,0,0
1770257276649617175,46,45,47,43,0,0,0,0
1770257276651722983,46,45,47,43,0,0,0,0
1770257276653955641,46,45,48,43,0,0,0,0
1770257276656006920,46,45,48,43,0,0,0,0
1770257276658450271,46,45,48,43,0,0,0,0
1770257276659988578,46,45,48,43,0,0,0,0
1770257276661780683,46,45,48,43,0,0,0,0
1770257276663969693,46,45,48,43,0,0,0,0
1770257276665965258,46,45,48,43,0,0,0,0
1770257276667988088,46,45,48,43,0,0,0,0
1770257276669612861,46,45,48,43,0,0,0,0
1770257276671644843,46,45,48,43,0,0,0,0
1770257276673683769,46,45,48,43,0,0,0,0
1770257276675771977,46,45,48,43,0,0,0,0
1770257276677692404,46,44,48,43,0,0,0,0
1770257276679986152,46,44,48,43,0,0,0,0
1770257276681953301,46,44,48,43,0,0,0,0
1770257276683794079,46,44,48,43,0,0,0,0
1770257276685784076,46,44,48,43,0,0,0,0
1770257276687973790,46,44,48,43,0,0,0,0
1770257276689940938,46,45,48,43,0,0,0,0
1770257276691844629,46,45,48,43,0,0,0,0
1770257276693619646,46,45,48,43,0,0,0,0
1770257276695672236,46,44,48,43,0,0,0,0
1770257276697747323,46,44,48,43,0,0,0,0
1770257276699731912,46,44,48,43,0,0,0,0
1770257276701708373,46,44,48,43,0,0,0,0
1770257276703795269,46,44,48,43,0,0,0,0
1770257276705744497,46,44,48,43,0,0,0,0
1770257276708018693,46,45,48,43,0,0,0,0
1770257276710608223,46,45,47,43,0,0,0,0
1770257276711740441,46,45,47,43,0,0,0,0
1770257276713754919,46,45,47,43,0,0,0,0
1770257276715822614,46,45,47,43,0,0,0,0
1770257276718310190,46,45,47,43,0,0,0,0
1770257276720046902,46,45,47,43,0,0,0,0
1770257276721756444,46,45,48,43,0,0,0,0
1770257276723985583,46,45,48,43,0,0,0,0
1770257276726001309,46,45,48,43,0,0,0,0
1770257276727992202,46,45,47,43,0,0,0,0
1770257276729699025,46,45,47,43,0,0,0,0
1770257276731846946,46,45,48,43,0,0,0,0
1770257276733745421,46,45,48,43,0,0,0,0
1770257276735715001,46,45,48,43,0,0,0,0
1770257276737677638,46,45,48,43,0,0,0,0
1770257276739735381,46,45,48,43,0,0,0,0
1770257276741667008,46,45,48,43,0,0,0,0
1770257276744013462,46,45,48,43,0,0,0,0
1770257276745751741,46,45,48,43,0,0,0,0
1770257276747987824,46,45,48,43,0,0,0,0
1770257276749990237,46,45,48,43,0,0,0,0
1770257276751811559,46,45,47,43,0,0,0,0
1770257276753694674,46,45,47,43,0,0,0,0
1770257276755759808,46,45,47,43,0,0,0,0
1770257276757803247,46,45,47,43,0,0,0,0
1770257276759732475,46,45,47,43,0,0,0,0
1770257276761651110,46,45,47,43,0,0,0,0
1770257276763628179,46,45,47,43,0,0,0,0
1770257276765528990,46,45,47,43,0,0,0,0
1770257276767612174,46,45,48,43,0,0,0,0
1770257276769526649,46,45,48,43,0,0,0,0
1770257276771561159,46,45,48,43,0,0,0,0
1770257276773938909,46,45,47,43,0,0,0,0
1770257276775963563,46,45,47,43,0,0,0,0
1770257276779062801,46,45,47,43,0,0,0,0
1770257276780956540,46,45,47,43,0,0,0,0
1770257276782072726,46,45,48,43,0,0,0,0
1770257276783586488,46,45,48,43,0,0,0,0
1770257276785638023,46,44,48,43,0,0,0,0
1770257276787674613,46,44,48,43,0,0,0,0
1770257276789675170,46,44,48,43,0,0,0,0
1770257276791741073,46,44,48,43,0,0,0,0
1770257276794790134,46,44,48,43,0,0,0,0
1770257276796031475,46,44,48,43,0,0,0,0
1770257276797915005,46,45,48,43,0,0,0,0
1770257276800030093,46,45,48,43,0,0,0,0
1770257276801933017,46,45,48,43,0,0,0,0
1770257276803796227,46,45,48,43,0,0,0,0
1770257276805920915,46,45,48,43,0,0,0,0
1770257276807825790,46,45,48,43,0,0,0,0
1770257276810022928,46,45,48,43,0,0,0,0
1770257276811712567,46,45,48,43,0,0,0,0
1770257276813699652,46,45,48,43,0,0,0,0
1770257276815974519,46,45,48,43,0,0,0,0
1770257276817799009,46,45,48,43,0,0,0,0
1770257276819635819,46,45,48,43,0,0,0,0
1770257276821953055,46,45,47,43,0,0,0,0
1770257276823786313,46,45,47,43,0,0,0,0
1770257276825644883,46,45,47,43,0,0,0,0
1770257276827664865,46,45,48,43,0,0,0,0
1770257276829941877,46,45,48,43,0,0,0,0
1770257276831800671,46,45,48,43,0,0,0,0
1770257276833966992,46,45,48,43,0,0,0,0
1770257276835678007,46,45,48,43,0,0,0,0
1770257276837466911,46,45,48,43,0,0,0,0
1770257276839604240,46,45,48,43,0,0,0,0
1770257276841571421,46,45,48,43,0,0,0,0
1770257276843537545,46,45,48,43,0,0,0,0
1770257276845735771,46,45,48,43,0,0,0,0
1770257276847951533,46,45,48,43,0,0,0,0
1770257276849684437,46,45,48,43,0,0,0,0
1770257276852360977,46,45,48,43,0,0,0,0
1770257276853656655,46,45,48,43,0,0,0,0
1770257276855733406,46,45,48,43,0,0,0,0
1770257276857733227,46,45,48,43,0,0,0,0
1770257276859689016,46,45,48,43,0,0,0,0
1770257276861504545,46,45,48,43,0,0,0,0
1770257276864923503,46,45,48,43,0,0,0,0
1770257276866036680,46,45,48,43,0,0,0,0
1770257276868843880,46,45,48,43,0,0,0,0
1770257276870960376,46,44,48,43,0,0,0,0
1770257276872043536,46,44,48,43,0,0,0,0
1770257276873567539,46,44,48,43,0,0,0,0
1770257276876110221,46,44,48,43,0,0,0,0
1770257276877697617,46,44,48,43,0,0,0,0
1770257276879687166,46,44,48,43,0,0,0,0
1770257276881768205,46,44,48,43,0,0,0,0
1770257276883776859,46,44,48,43,0,0,0,0
1770257276885979981,46,44,48,43,0,0,0,0
1770257276887772213,46,45,48,43,0,0,0,0
1770257276889680353,46,45,48,43,0,0,0,0
1770257276891582508,46,45,48,43,0,0,0,0
1770257276893698780,46,45,48,43,0,0,0,0
1770257276895790219,46,45,48,43,0,0,0,0
1770257276897658486,46,45,48,43,0,0,0,0
1770257276899686660,46,45,48,43,0,0,0,0
1770257276901601519,46,45,48,43,0,0,0,0
1770257276903569916,46,45,48,43,0,0,0,0
1770257276905647339,46,45,48,43,0,0,0,0
1770257276907645817,46,45,48,43,0,0,0,0
1770257276909785225,46,45,48,43,0,0,0,0
1770257276912800430,46,45,47,43,0,0,0,0
1770257276914948190,46,45,47,43,0,0,0,0
1770257276916980332,46,45,47,43,0,0,0,0
1770257276918006852,46,45,48,43,0,0,0,0
1770257276919659017,46,45,48,43,0,0,0,0
1770257276921663319,46,45,48,43,0,0,0,0
1770257276923715557,46,45,47,43,0,0,0,0
1770257276925766292,46,45,47,43,0,0,0,0
1770257276927701440,46,45,47,43,0,0,0,0
1770257276929750286,46,45,48,43,0,0,0,0
1770257276931798941,46,45,48,43,0,0,0,0
1770257276933954702,46,45,48,43,0,0,0,0
1770257276935978204,46,45,48,43,0,0,0,0
1770257276938003594,46,45,48,43,0,0,0,0
1770257276939744337,46,45,48,43,0,0,0,0
1770257276941727454,46,45,48,43,0,0,0,0
1770257276944016434,46,45,48,43,0,0,0,0
1770257276945938910,46,45,48,43,0,0,0,0
1770257276947788296,46,44,48,43,0,0,0,0
1770257276949594385,46,44,48,43,0,0,0,0
1770257276951480060,46,44,48,43,0,0,0,0
1770257276953621484,46,45,48,43,0,0,0,0
1770257276955607385,46,45,48,43,0,0,0,0
1770257276957535653,46,45,48,43,0,0,0,0
1770257276960912978,46,45,47,43,0,0,0,0
1770257276962022955,46,45,47,43,0,0,0,0
1770257276963774195,46,45,47,43,0,0,0,0
1770257276967038525,46,45,48,43,0,0,0,0
1770257276968842886,46,45,48,43,0,0,0,0
1770257276970026113,46,45,48,43,0,0,0,0
1770257276971651590,46,45,48,43,0,0,0,0
1770257276973751957,46,45,48,43,0,0,0,0
1770257276975608287,46,45,48,43,0,0,0,0
1770257276977637581,46,45,48,43,0,0,0,0
1770257276979993795,46,45,48,43,0,0,0,0
1770257276981640840,46,45,48,43,0,0,0,0
1770257276983780921,46,45,48,43,0,0,0,0
1770257276985937578,46,45,48,43,0,0,0,0
1770257276987759795,46,45,48,43,0,0,0,0
1770257276989702783,46,45,48,43,0,0,0,0
1770257276991619083,46,45,48,43,0,0,0,0
1770257276993742619,46,45,48,43,0,0,0,0
1770257276995828330,46,45,48,43,0,0,0,0
1770257276997739542,46,45,48,43,0,0,0,0
1770257276999983305,46,45,48,43,0,0,0,0
1770257277001751473,46,45,48,43,0,0,0,0
1770257277004009860,46,45,48,43,0,0,0,0
1770257277005959568,46,45,48,43,0,0,0,0
1770257277008040384,46,45,48,43,0,0,0,0
1770257277009666213,46,45,47,43,0,0,0,0
1770257277011604721,46,45,47,43,0,0,0,0
1770257277013659167,46,45,47,43,0,0,0,0
1770257277015648876,46,45,47,43,0,0,0,0
1770257277017688347,46,45,47,43,0,0,0,0
1770257277019774602,46,45,47,43,0,0,0,0
1770257277021674613,46,45,47,43,0,0,0,0
1770257277023662530,46,45,47,43,0,0,0,0
1770257277025669424,46,45,48,43,0,0,0,0
1770257277027639485,46,45,48,43,0,0,0,0
1770257277029796046,46,44,48,43,0,0,0,0
1770257277031802171,46,44,48,43,0,0,0,0
1770257277033704230,46,44,48,43,0,0,0,0
1770257277036054556,46,44,48,43,0,0,0,0
1770257277037876261,46,45,48,43,0,0,0,0
1770257277040063415,46,45,48,43,0,0,0,0
1770257277041622746,46,45,48,43,0,0,0,0
1770257277043659144,46,44,48,43,0,0,0,0
1770257277045631445,46,44,48,43,0,0,0,0
1770257277047556641,46,44,48,43,0,0,0,0
1770257277049670609,46,45,48,43,0,0,0,0
1770257277052039463,46,45,48,43,0,0,0,0
1770257277053698796,46,45,48,43,0,0,0,0
1770257277056640719,46,44,48,43,0,0,0,0
1770257277058317077,46,44,48,43,0,0,0,0
1770257277059759542,46,45,48,43,0,0,0,0
1770257277061734947,46,45,48,43,0,0,0,0
1770257277063785265,46,45,48,43,0,0,0,0
1770257277066582097,46,45,48,43,0,0,0,0
1770257277067799980,46,44,48,43,0,0,0,0
1770257277069953149,46,44,48,43,0,0,0,0
1770257277071994956,46,44,48,43,0,0,0,0
1770257277074663304,46,45,48,43,0,0,0,0
1770257277076157834,46,45,48,43,0,0,0,0
1770257277077724686,46,45,48,43,0,0,0,0
1770257277079756956,46,45,48,43,0,0,0,0
1770257277081651079,46,45,48,43,0,0,0,0
1770257277084020125,46,45,48,43,0,0,0,0
1770257277086001802,46,45,48,43,0,0,0,0
1770257277087978486,46,45,48,43,0,0,0,0
1770257277089712926,46,45,48,43,0,0,0,0
1770257277091678378,46,45,48,43,0,0,0,0
1770257277094855283,46,45,48,43,0,0,0,0
1770257277096616891,46,45,48,43,0,0,0,0
1770257277097778101,46,45,47,43,0,0,0,0
1770257277099977639,46,45,47,43,0,0,0,0
1770257277101913619,46,45,47,43,0,0,0,0
1770257277103672539,46,45,47,43,0,0,0,0
1770257277105722857,46,45,47,43,0,0,0,0
1770257277107672470,46,45,47,43,0,0,0,0
1770257277109791270,46,45,47,43,0,0,0,0
1770257277111633839,46,45,47,43,0,0,0,0
1770257277113679518,46,45,47,43,0,0,0,0
1770257277115858127,46,45,47,43,0,0,0,0
1770257277117766747,46,45,47,43,0,0,0,0
1770257277119680326,46,45,47,43,0,0,0,0
1770257277121687924,46,45,48,43,0,0,0,0
1770257277123824708,46,45,48,43,0,0,0,0
1770257277125936276,46,45,48,43,0,0,0,0
1770257277127680476,46,45,48,43,0,0,0,0
1770257277129612360,46,45,48,43,0,0,0,0
1770257277131556244,46,45,48,43,0,0,0,0
1770257277133690372,46,44,48,43,0,0,0,0
1770257277135612976,46,44,48,43,0,0,0,0
1770257277138005766,46,44,48,43,0,0,0,0
1770257277139960115,46,44,48,43,0,0,0,0
1770257277141955744,46,44,48,43,0,0,0,0
1770257277143952045,46,44,48,43,0,0,0,0
1770257277145781847,46,45,48,43,0,0,0,0
1770257277148045706,46,45,48,43,0,0,0,0
1770257277149821714,46,45,48,43,0,0,0,0
1770257277151768927,46,45,48,43,0,0,0,0
1770257277153630761,46,45,48,43,0,0,0,0
1770257277155774330,46,45,48,43,0,0,0,0
1770257277157743142,46,45,48,43,0,0,0,0
1770257277159695091,46,45,48,43,0,0,0,0
1770257277161544733,46,45,48,43,0,0,0,0
1770257277163988884,46,45,48,43,0,0,0,0
1770257277165988705,46,45,48,43,0,0,0,0
1770257277167674760,46,45,48,43,0,0,0,0
1770257277169788504,46,45,48,43,0,0,0,0
1770257277171780421,46,45,48,43,0,0,0,0
1770257277173642799,46,45,48,43,0,0,0,0
1770257277175983940,46,45,48,43,0,0,0,0
1770257277178081108,46,45,48,43,0,0,0,0
1770257277179826300,46,45,48,43,0,0,0,0
1770257277182018605,46,45,47,43,0,0,0,0
1770257277183712788,46,45,47,43,0,0,0,0
1770257277185637087,46,45,47,43,0,0,0,0
1770257277187605932,46,45,48,43,0,0,0,0
1770257277189663739,46,45,48,43,0,0,0,0
1770257277191654408,46,45,48,43,0,0,0,0
1770257277193958812,46,45,48,43,0,0,0,0
1770257277195790790,46,45,48,43,0,0,0,0
1770257277198053849,46,45,48,43,0,0,0,0
1770257277200114088,46,45,47,43,0,0,0,0
1770257277202001523,46,45,47,43,0,0,0,0
1770257277203674617,46,45,47,43,0,0,0,0
1770257277206653693,46,45,47,43,0,0,0,0
1770257277207982747,46,45,47,43,0,0,0,0
1770257277209751875,46,45,47,43,0,0,0,0
1770257277211770545,46,45,47,43,0,0,0,0
1770257277213756606,46,45,47,43,0,0,0,0
1770257277215674633,46,45,47,43,0,0,0,0
1770257277217596661,46,45,48,43,0,0,0,0
1770257277219739782,46,45,48,43,0,0,0,0
1770257277221539119,46,45,48,43,0,0,0,0
1770257277223710720,46,44,48,43,0,0,0,0
1770257277226093654,46,44,48,43,0,0,0,0
1770257277227855486,46,44,48,43,0,0,0,0
1770257277229771913,46,44,48,43,0,0,0,0
1770257277231815864,46,44,48,43,0,0,0,0
1770257277233905895,46,44,48,43,0,0,0,0
1770257277235834931,46,44,48,43,0,0,0,0
1770257277237703005,46,44,48,43,0,0,0,0
1770257277239802829,46,44,48,43,0,0,0,0
1770257277241692056,46,45,48,43,0,0,0,0
1770257277243678085,46,45,48,43,0,0,0,0
1770257277246008570,46,45,48,43,0,0,0,0
1770257277248047176,46,44,48,43,0,0,0,0
1770257277250067126,46,44,48,43,0,0,0,0
1770257277251815326,46,45,48,43,0,0,0,0
1770257277253822091,46,45,48,43,0,0,0,0
1770257277256029054,46,45,48,43,0,0,0,0
1770257277257881512,46,45,48,43,0,0,0,0
1770257277259721937,46,45,47,43,0,0,0,0
1770257277261822913,46,45,47,43,0,0,0,0
1770257277264501118,46,45,47,43,0,0,0,0
1770257277265846716,46,45,48,43,0,0,0,0
1770257277267771496,46,45,48,43,0,0,0,0
1770257277269681203,46,45,48,43,0,0,0,0
1770257277272118443,46,45,47,43,0,0,0,0
1770257277273821777,46,45,47,43,0,0,0,0
1770257277276110437,46,45,47,43,0,0,0,0
1770257277277607463,46,45,48,43,0,0,0,0
1770257277279741880,46,45,48,43,0,0,0,0
1770257277281595938,46,45,48,43,0,0,0,0
1770257277283674929,46,45,48,43,0,0,0,0
1770257277285566268,46,45,48,43,0,0,0,0
1770257277288948489,46,45,48,43,0,0,0,0
1770257277290616623,46,45,48,43,0,0,0,0
1770257277293448655,46,45,48,43,0,0,0,0
1770257277295160470,46,45,48,43,0,0,0,0
1770257277296687833,46,45,48,43,0,0,0,0
1770257277297663919,46,45,48,43,0,0,0,0
1770257277299670428,46,45,48,43,0,0,0,0
1770257277301592936,46,45,47,43,0,0,0,0
1770257277303678743,46,45,47,43,0,0,0,0
1770257277305646372,46,45,47,43,0,0,0,0
1770257277307910199,46,45,48,43,0,0,0,0
1770257277310060904,46,45,48,43,0,0,0,0
1770257277312644803,46,45,48,43,0,0,0,0
1770257277313828350,46,45,47,43,0,0,0,0
1770257277315834763,46,45,47,43,0,0,0,0
1770257277317723542,46,45,47,43,0,0,0,0
1770257277319700035,46,45,48,43,0,0,0,0
1770257277321670000,46,45,48,43,0,0,0,0
1770257277323649373,46,45,48,43,0,0,0,0
1770257277325672619,46,45,48,43,0,0,0,0
1770257277327846172,46,45,48,43,0,0,0,0
1770257277329962444,46,45,48,43,0,0,0,0
1770257277331757461,46,45,48,43,0,0,0,0
1770257277334122314,46,45,48,43,0,0,0,0
1770257277336139896,46,45,48,43,0,0,0,0
1770257277337590041,46,44,48,43,0,0,0,0
1770257277339632167,46,44,48,43,0,0,0,0
1770257277341680598,46,45,48,43,0,0,0,0
1770257277343618850,46,45,48,43,0,0,0,0
1770257277345629520,46,45,48,43,0,0,0,0
1770257277347728799,46,45,48,43,0,0,0,0
1770257277349663499,46,45,48,43,0,0,0,0
1770257277351769211,46,45,48,43,0,0,0,0
1770257277353659718,46,45,48,43,0,0,0,0
1770257277355746229,46,45,48,43,0,0,0,0
1770257277357895654,46,45,48,43,0,0,0,0
1770257277359754864,46,45,48,43,0,0,0,0
1770257277362038276,46,45,47,43,0,0,0,0
1770257277363825005,46,45,47,43,0,0,0,0
1770257277366027743,46,45,47,43,0,0,0,0
1770257277367891497,46,45,47,43,0,0,0,0
1770257277369609712,46,45,47,43,0,0,0,0
1770257277371637534,46,45,47,43,0,0,0,0
1770257277373681132,46,45,48,43,0,0,0,0
1770257277375572407,46,45,48,43,0,0,0,0
1770257277377683687,46,45,48,43,0,0,0,0
1770257277380044765,46,45,48,43,0,0,0,0
1770257277381798437,46,45,48,43,0,0,0,0
1770257277383812242,46,45,48,43,0,0,0,0
1770257277386093638,46,44,48,43,0,0,0,0
1770257277387664554,46,44,48,43,0,0,0,0
1770257277390610861,46,44,48,43,0,0,0,0
1770257277392032109,46,44,48,43,0,0,0,0
1770257277393917208,46,44,48,43,0,0,0,0
1770257277396050568,46,45,48,43,0,0,0,0
1770257277398513408,46,45,48,43,0,0,0,0
1770257277399634778,46,45,48,43,0,0,0,0
1770257277401627623,46,45,48,43,0,0,0,0
1770257277403634804,46,45,48,43,0,0,0,0
1770257277405662402,46,45,48,43,0,0,0,0
1770257277407640207,46,44,48,43,0,0,0,0
1770257277411150527,46,44,47,43,0,0,0,0
1770257277412046419,46,44,47,43,0,0,0,0
1770257277414598061,46,45,47,43,0,0,0,0
1770257277417058181,46,45,48,43,0,0,0,0
1770257277418074108,46,45,48,43,0,0,0,0
1770257277419675649,46,45,48,43,0,0,0,0
1770257277421979349,46,44,48,43,0,0,0,0
1770257277423726461,46,44,48,43,0,0,0,0
1770257277425735786,46,45,48,43,0,0,0,0
1770257277427724695,46,45,48,43,0,0,0,0
1770257277429928809,46,45,48,43,0,0,0,0
1770257277431903062,46,45,48,43,0,0,0,0
1770257277434051655,46,44,48,43,0,0,0,0
1770257277435871696,46,44,48,43,0,0,0,0
1770257277438059554,46,44,48,43,0,0,0,0
1770257277439813354,46,44,48,43,0,0,0,0
1770257277441710613,46,44,48,43,0,0,0,0
1770257277443784292,46,44,48,43,0,0,0,0
1770257277445721616,46,45,48,43,0,0,0,0
1770257277447751198,46,45,48,43,0,0,0,0
1770257277450033618,46,45,48,43,0,0,0,0
1770257277452006335,46,45,48,43,0,0,0,0
1770257277454118959,46,45,48,43,0,0,0,0
1770257277456069147,46,45,48,43,0,0,0,0
1770257277457942885,46,45,48,43,0,0,0,0
1770257277459716558,46,45,48,43,0,0,0,0
1770257277461952672,46,45,48,43,0,0,0,0
1770257277464258581,46,45,47,43,0,0,0,0
1770257277465777943,46,45,47,43,0,0,0,0
1770257277467812101,46,45,47,43,0,0,0,0
1770257277469825043,46,45,47,43,0,0,0,0
1770257277471682237,46,45,47,43,0,0,0,0
1770257277473665642,46,45,47,43,0,0,0,0
1770257277476293478,46,45,48,43,0,0,0,0
1770257277478003277,46,45,48,43,0,0,0,0
1770257277480784748,46,45,48,43,0,0,0,0
1770257277481790787,46,45,48,43,0,0,0,0
1770257277483991989,46,45,48,43,0,0,0,0
1770257277485940513,46,45,48,43,0,0,0,0
1770257277487777643,46,45,48,43,0,0,0,0
1770257277489760024,46,45,48,43,0,0,0,0
1770257277491647043,46,44,48,43,0,0,0,0
1770257277493659536,46,44,48,43,0,0,0,0
1770257277495716127,46,44,48,43,0,0,0,0
1770257277497730925,46,44,48,43,0,0,0,0
1770257277499642616,46,45,48,43,0,0,0,0
1770257277501507170,46,45,48,43,0,0,0,0
1770257277503679956,46,45,48,43,0,0,0,0
1770257277505653408,46,44,48,43,0,0,0,0
1770257277507707119,46,44,48,43,0,0,0,0
1770257277509621691,46,44,48,43,0,0,0,0
1770257277511611272,46,44,48,43,0,0,0,0
1770257277513645686,46,44,48,43,0,0,0,0
1770257277515774438,46,44,48,43,0,0,0,0
1770257277518054330,46,44,48,43,0,0,0,0
1770257277519877251,46,44,48,43,0,0,0,0
1770257277521952883,46,45,48,43,0,0,0,0
1770257277523999073,46,45,48,43,0,0,0,0
1770257277526114769,46,45,48,43,0,0,0,0
1770257277527712597,46,45,48,43,0,0,0,0
1770257277530059691,46,45,48,43,0,0,0,0
1770257277531882388,46,45,48,43,0,0,0,0
1770257277533708221,46,45,48,43,0,0,0,0
1770257277536655264,46,45,48,43,0,0,0,0
1770257277537740569,46,45,48,43,0,0,0,0
1770257277539735398,46,45,48,43,0,0,0,0
1770257277541735220,46,45,48,43,0,0,0,0
1770257277543690592,46,45,48,43,0,0,0,0
1770257277545794384,46,45,48,43,0,0,0,0
1770257277547828414,46,45,48,43,0,0,0,0
1770257277549582342,46,45,48,43,0,0,0,0
1770257277551993692,46,45,48,43,0,0,0,0
1770257277553778693,46,45,47,43,0,0,0,0
1770257277555773714,46,45,47,43,0,0,0,0
1770257277557821761,46,45,47,43,0,0,0,0
1770257277560143606,46,45,48,43,0,0,0,0
1770257277561645560,46,45,48,43,0,0,0,0
1770257277563779720,46,45,48,43,0,0,0,0
1770257277565994874,46,45,48,43,0,0,0,0
1770257277567719330,46,45,48,43,0,0,0,0
1770257277569815761,46,45,48,43,0,0,0,0
1770257277571865824,46,45,48,43,0,0,0,0
1770257277573589383,46,45,48,43,0,0,0,0
1770257277575666262,46,45,48,43,0,0,0,0
1770257277578227216,46,45,48,43,0,0,0,0
1770257277579836085,46,45,48,43,0,0,0,0
1770257277581857762,46,44,48,43,0,0,0,0
1770257277583718829,46,44,48,43,0,0,0,0
1770257277586075618,46,44,48,43,0,0,0,0
1770257277587868395,46,44,48,43,0,0,0,0
1770257277589845528,46,44,48,43,0,0,0,0
1770257277591702914,46,44,48,43,0,0,0,0
1770257277593681327,46,44,48,43,0,0,0,0
1770257277595678524,46,44,48,43,0,0,0,0
1770257277597779180,46,44,48,43,0,0,0,0
1770257277599735128,46,44,48,43,0,0,0,0
1770257277601838440,46,45,48,43,0,0,0,0
1770257277603559407,46,45,48,43,0,0,0,0
1770257277605615390,46,45,48,43,0,0,0,0
1770257277607673613,46,45,48,43,0,0,0,0
1770257277609473877,46,45,48,43,0,0,0,0
1770257277611652199,46,45,48,43,0,0,0,0
1770257277614029213,46,45,48,43,0,0,0,0
1770257277616678361,46,45,48,43,0,0,0,0
1770257277618117818,46,45,48,43,0,0,0,0
1770257277620112199,46,45,48,43,0,0,0,0
1770257277621944977,46,45,48,43,0,0,0,0
1770257277623660375,46,45,48,43,0,0,0,0
1770257277626194833,46,45,48,43,0,0,0,0
1770257277627564816,46,45,48,43,0,0,0,0
1770257277629700225,46,45,48,43,0,0,0,0
1770257277631778800,46,45,48,43,0,0,0,0
1770257277633754781,46,45,48,43,0,0,0,0
1770257277635640647,46,45,48,43,0,0,0,0
1770257277637782648,46,45,48,43,0,0,0,0
1770257277639784390,46,45,48,43,0,0,0,0
1770257277641942967,46,45,48,43,0,0,0,0
1770257277643783488,46,45,48,43,0,0,0,0
1770257277645569609,46,45,48,43,0,0,0,0
1770257277647690777,46,45,48,43,0,0,0,0
1770257277649673158,46,45,48,43,0,0,0,0
1770257277651559793,46,45,48,43,0,0,0,0
1770257277653673185,46,45,48,43,0,0,0,0
1770257277656302685,46,45,48,43,0,0,0,0
1770257277659119068,46,45,48,43,0,0,0,0
1770257277660970214,46,45,47,43,0,0,0,0
1770257277663042486,46,45,47,43,0,0,0,0
1770257277664031404,46,45,47,43,0,0,0,0
1770257277665606640,46,45,48,43,0,0,0,0
1770257277667707167,46,45,48,43,0,0,0,0
1770257277669563754,46,45,48,43,0,0,0,0
1770257277671678234,46,45,48,43,0,0,0,0
1770257277673636998,46,45,48,43,0,0,0,0
1770257277675838232,46,45,48,43,0,0,0,0
1770257277678133292,46,45,48,43,0,0,0,0
1770257277679888756,46,45,48,43,0,0,0,0
1770257277681757278,46,45,48,43,0,0,0,0
1770257277683719723,46,44,48,43,0,0,0,0
1770257277685705304,46,44,48,43,0,0,0,0
1770257277687584131,46,44,48,43,0,0,0,0
1770257277689543759,46,45,48,43,0,0,0,0
1770257277691639391,46,45,48,43,0,0,0,0
1770257277693536682,46,45,48,43,0,0,0,0
1770257277695811229,46,45,48,43,0,0,0,0
1770257277697869708,46,44,48,43,0,0,0,0
1770257277699733494,46,44,48,43,0,0,0,0
1770257277702674649,46,44,48,43,0,0,0,0
1770257277703988407,46,45,48,43,0,0,0,0
1770257277705758015,46,45,48,43,0,0,0,0
1770257277708012338,46,45,48,43,0,0,0,0
1770257277709775802,46,45,48,43,0,0,0,0
1770257277711759623,46,45,48,43,0,0,0,0
1770257277714545959,46,45,48,43,0,0,0,0
1770257277715652960,46,45,48,43,0,0,0,0
1770257277717705230,46,45,48,43,0,0,0,0
1770257277719694332,46,45,48,43,0,0,0,0
1770257277721632552,46,45,48,43,0,0,0,0
1770257277723582836,46,45,48,43,0,0,0,0
1770257277726633049,46,45,48,43,0,0,0,0
1770257277727853717,46,45,48,43,0,0,0,0
1770257277729649118,46,45,48,43,0,0,0,0
1770257277731720045,46,45,48,43,0,0,0,0
1770257277733659449,46,45,48,43,0,0,0,0
1770257277735695847,46,45,48,43,0,0,0,0
1770257277737937818,46,45,48,43,0,0,0,0
1770257277739905510,46,45,48,43,0,0,0,0
1770257277741795665,46,45,48,43,0,0,0,0
1770257277744115078,46,45,48,43,0,0,0,0
1770257277745881550,46,45,48,43,0,0,0,0
1770257277747672471,46,45,48,43,0,0,0,0
1770257277749699781,46,45,48,43,0,0,0,0
1770257277751718419,46,45,48,43,0,0,0,0
1770257277753647934,46,45,48,43,0,0,0,0
1770257277755710253,46,45,48,43,0,0,0,0
1770257277758544686,46,45,47,43,0,0,0,0
1770257277760077328,46,45,47,43,0,0,0,0
1770257277762067454,46,45,47,43,0,0,0,0
1770257277763795749,46,45,47,43,0,0,0,0
1770257277765964534,46,45,47,43,0,0,0,0
1770257277767714462,46,45,48,43,0,0,0,0
1770257277769614505,46,45,48,43,0,0,0,0
1770257277771632759,46,45,48,43,0,0,0,0
1770257277773778663,46,45,48,43,0,0,0,0
1770257277775685587,46,44,48,43,0,0,0,0
1770257277777772738,46,44,48,43,0,0,0,0
1770257277779803088,46,44,48,43,0,0,0,0
1770257277781742908,46,44,48,43,0,0,0,0
1770257277783811723,46,44,48,43,0,0,0,0
1770257277785948700,46,44,48,43,0,0,0,0
1770257277787977194,46,44,48,43,0,0,0,0
1770257277789968055,46,44,48,43,0,0,0,0
1770257277791822177,46,45,48,43,0,0,0,0
1770257277794120501,46,45,48,43,0,0,0,0
1770257277795705113,46,45,48,43,0,0,0,0
1770257277797741895,46,44,48,43,0,0,0,0
1770257277799764437,46,44,48,43,0,0,0,0
1770257277801580671,46,44,48,43,0,0,0,0
1770257277803714095,46,44,48,43,0,0,0,0
1770257277805812191,46,45,48,43,0,0,0,0
1770257277807706602,46,45,48,43,0,0,0,0
1770257277809611221,46,44,48,43,0,0,0,0
1770257277811641283,46,44,48,43,0,0,0,0
1770257277813523470,46,44,48,43,0,0,0,0
1770257277815527387,46,44,48,43,0,0,0,0
1770257277817866384,46,45,47,43,0,0,0,0
1770257277819545302,46,45,47,43,0,0,0,0
1770257277821630374,46,45,47,43,0,0,0,0
1770257277823724885,46,45,48,43,0,0,0,0
1770257277825765156,46,45,48,43,0,0,0,0
1770257277827638350,46,45,48,43,0,0,0,0
1770257277829766718,46,45,47,43,0,0,0,0
1770257277832066547,46,45,47,43,0,0,0,0
1770257277833994718,46,45,47,43,0,0,0,0
1770257277835887241,46,45,48,43,0,0,0,0
1770257277837775188,46,45,48,43,0,0,0,0
1770257277839723841,46,45,48,43,0,0,0,0
1770257277841739918,46,45,48,43,0,0,0,0
1770257277843688059,46,45,48,43,0,0,0,0
1770257277845753833,46,45,48,43,0,0,0,0
1770257277847698454,46,45,48,43,0,0,0,0
1770257277849605889,46,45,48,43,0,0,0,0
1770257277851720113,46,45,48,43,0,0,0,0
1770257277853662365,46,45,48,43,0,0,0,0
1770257277855575496,46,45,48,43,0,0,0,0
1770257277857791195,46,45,48,43,0,0,0,0
1770257277859615972,46,44,48,43,0,0,0,0
1770257277861621362,46,44,48,43,0,0,0,0
1770257277864018536,46,44,48,43,0,0,0,0
1770257277865766640,46,44,48,43,0,0,0,0
1770257277867834943,46,44,48,43,0,0,0,0
1770257277870022544,46,44,48,43,0,0,0,0
1770257277871853210,46,45,48,43,0,0,0,0
1770257277873881992,46,45,48,43,0,0,0,0
1770257277876666727,46,44,48,43,0,0,0,0
1770257277877809889,46,44,48,43,0,0,0,0
1770257277879597418,46,44,48,43,0,0,0,0
1770257277881668665,46,45,48,43,0,0,0,0
1770257277883694855,46,45,48,43,0,0,0,0
1770257277885572113,46,45,48,43,0,0,0,0
1770257277887695234,46,45,48,43,0,0,0,0
1770257277889705391,46,45,48,43,0,0,0,0
1770257277892084645,46,45,48,43,0,0,0,0
1770257277893841837,46,45,48,43,0,0,0,0
1770257277895829690,46,45,47,43,0,0,0,0
1770257277898050957,46,45,47,43,0,0,0,0
1770257277899742355,46,45,48,43,0,0,0,0
1770257277901716832,46,45,48,43,0,0,0,0
1770257277903617355,46,45,48,43,0,0,0,0
1770257277905750747,46,45,48,43,0,0,0,0
1770257277907767721,46,45,48,43,0,0,0,0
1770257277910001020,46,45,48,43,0,0,0,0
1770257277911758820,46,45,48,43,0,0,0,0
1770257277913769170,46,45,48,43,0,0,0,0
1770257277916015941,46,45,48,43,0,0,0,0
1770257277918048307,46,45,48,43,0,0,0,0
1770257277919722393,46,45,48,43,0,0,0,0
1770257277922010989,46,45,48,43,0,0,0,0
1770257277923989594,46,45,48,43,0,0,0,0
1770257277925971815,46,44,48,43,0,0,0,0
1770257277927799280,46,44,48,43,0,0,0,0
1770257277930006402,46,44,48,43,0,0,0,0
1770257277931706025,46,44,47,43,0,0,0,0
1770257277933690422,46,44,47,43,0,0,0,0
1770257277935667427,46,45,47,43,0,0,0,0
1770257277937725969,46,45,47,43,0,0,0,0
1770257277939665053,46,45,47,43,0,0,0,0
1770257277941756685,46,45,47,43,0,0,0,0
1770257277944000128,46,45,47,43,0,0,0,0
1770257277946003309,46,45,47,43,0,0,0,0
1770257277947795478,46,45,48,43,0,0,0,0
1770257277950127147,46,45,48,43,0,0,0,0
1770257277951686382,46,45,48,43,0,0,0,0
1770257277953686684,46,45,48,43,0,0,0,0
1770257277955741546,46,45,48,43,0,0,0,0
1770257277957782265,46,45,48,43,0,0,0,0
1770257277959642979,46,44,48,43,0,0,0,0
1770257277961748787,46,44,48,43,0,0,0,0
1770257277964010950,46,44,48,43,0,0,0,0
1770257277965753166,46,45,48,43,0,0,0,0
1770257277967847197,46,45,48,43,0,0,0,0
1770257277969771753,46,45,48,43,0,0,0,0
1770257277971631443,46,44,48,43,0,0,0,0
1770257277973622784,46,44,48,43,0,0,0,0
1770257277975608269,46,44,48,43,0,0,0,0
1770257277977599803,46,44,48,43,0,0,0,0
1770257277979609768,46,44,48,43,0,0,0,0
1770257277982147746,46,44,48,43,0,0,0,0
1770257277983837128,46,44,48,43,0,0,0,0
1770257277985783604,46,45,48,43,0,0,0,0
1770257277987974982,46,45,48,43,0,0,0,0
1770257277989721134,46,45,47,43,0,0,0,0
1770257277991795197,46,45,47,43,0,0,0,0
1770257277993708648,46,45,47,43,0,0,0,0
1770257277995686069,46,45,47,43,0,0,0,0
1770257277997726724,46,45,47,43,0,0,0,0
1770257277999845012,46,45,47,43,0,0,0,0
1770257278001782592,46,45,47,43,0,0,0,0
1770257278003851055,46,45,47,43,0,0,0,0
1770257278006499883,46,45,47,43,0,0,0,0
1770257278007782184,46,45,48,43,0,0,0,0
1770257278009758229,46,45,48,43,0,0,0,0
1770257278011614399,46,45,48,43,0,0,0,0
1770257278013628653,46,44,48,43,0,0,0,0
1770257278015757341,46,44,48,43,0,0,0,0
1770257278017706345,46,44,48,43,0,0,0,0
1770257278019640661,46,45,48,43,0,0,0,0
1770257278021657091,46,45,48,43,0,0,0,0
1770257278023974135,46,45,48,43,0,0,0,0
1770257278025897859,46,44,48,43,0,0,0,0
1770257278027759821,46,44,48,43,0,0,0,0
1770257278029727130,46,44,48,43,0,0,0,0
1770257278031804137,46,44,48,43,0,0,0,0
1770257278034062876,46,44,47,43,0,0,0,0
1770257278035945159,46,44,47,43,0,0,0,0
1770257278037851858,46,45,47,43,0,0,0,0
1770257278040059909,46,45,47,43,0,0,0,0
1770257278041974928,46,45,47,43,0,0,0,0
1770257278043714904,46,45,47,43,0,0,0,0
1770257278045757190,46,45,47,43,0,0,0,0
1770257278047720274,46,45,47,43,0,0,0,0
1770257278049646782,46,44,48,43,0,0,0,0
1770257278051766318,46,44,48,43,0,0,0,0
1770257278053757340,46,44,48,43,0,0,0,0
1770257278056191923,46,44,48,43,0,0,0,0
1770257278057869177,46,44,48,43,0,0,0,0
1770257278059710499,46,44,48,43,0,0,0,0
1770257278061797426,46,44,48,43,0,0,0,0
1770257278064002212,46,44,48,43,0,0,0,0
1770257278065775308,46,44,48,43,0,0,0,0
1770257278067803386,46,44,48,43,0,0,0,0
1770257278070017421,46,44,48,43,0,0,0,0
1770257278072076763,46,44,48,43,0,0,0,0
1770257278073673056,46,45,48,43,0,0,0,0
1770257278075854705,46,45,48,43,0,0,0,0
1770257278077770301,46,45,48,43,0,0,0,0
1770257278079714121,46,45,48,43,0,0,0,0
1770257278081785464,46,45,48,43,0,0,0,0
1770257278083873959,46,45,48,43,0,0,0,0
1770257278086557444,46,45,48,43,0,0,0,0
1770257278087804992,46,45,47,43,0,0,0,0
1770257278089768205,46,45,47,43,0,0,0,0
1770257278091944894,46,45,47,43,0,0,0,0
1770257278093618756,46,45,47,43,0,0,0,0
1770257278095742133,46,45,47,43,0,0,0,0
1770257278097853221,46,45,47,43,0,0,0,0
1770257278099858930,46,45,48,43,0,0,0,0
1770257278101701052,46,45,48,43,0,0,0,0
1770257278103657000,46,45,48,43,0,0,0,0
1770257278105629557,46,45,48,43,0,0,0,0
1770257278107645027,46,45,48,43,0,0,0,0
1770257278109924535,46,45,48,43,0,0,0,0
1770257278111687327,46,45,48,43,0,0,0,0
1770257278113813327,46,45,48,43,0,0,0,0
1770257278115944895,46,45,48,43,0,0,0,0
1770257278117803754,46,45,48,43,0,0,0,0
1770257278119849080,46,45,48,43,0,0,0,0
1770257278121707170,46,44,48,43,0,0,0,0
1770257278123806610,46,44,48,43,0,0,0,0
1770257278125833376,46,44,48,43,0,0,0,0
1770257278127813165,46,44,48,43,0,0,0,0
1770257278129813114,46,44,48,43,0,0,0,0
1770257278132822462,46,44,48,43,0,0,0,0
1770257278133664882,46,44,48,43,0,0,0,0
1770257278135917253,46,45,48,43,0,0,0,0
1770257278137647180,46,45,48,43,0,0,0,0
1770257278139777372,46,44,48,43,0,0,0,0
1770257278141797098,46,44,48,43,0,0,0,0
1770257278144018205,46,44,48,43,0,0,0,0
1770257278146530582,46,44,48,43,0,0,0,0
1770257278148069305,46,44,48,43,0,0,0,0
1770257278149760639,46,44,48,43,0,0,0,0
1770257278151687563,46,44,48,43,0,0,0,0
1770257278153673208,46,44,48,43,0,0,0,0
1770257278155734919,46,44,48,43,0,0,0,0
1770257278157789365,46,44,48,43,0,0,0,0
1770257278159681568,46,45,48,43,0,0,0,0
1770257278161795632,46,45,48,43,0,0,0,0
1770257278163976194,46,44,48,43,0,0,0,0
1770257278165792491,46,44,48,43,0,0,0,0
1770257278167768664,46,44,48,43,0,0,0,0
1770257278169727204,46,45,48,43,0,0,0,0
1770257278171701553,46,45,48,43,0,0,0,0
1770257278173762432,46,45,48,43,0,0,0,0
1770257278175714636,46,45,48,43,0,0,0,0
1770257278177726874,46,45,48,43,0,0,0,0
1770257278179642501,46,45,48,43,0,0,0,0
1770257278181669395,46,45,48,43,0,0,0,0
1770257278183851877,46,45,48,43,0,0,0,0
1770257278185620781,46,45,48,43,0,0,0,0
1770257278187678556,46,45,48,43,0,0,0,0
1770257278189667881,46,45,48,43,0,0,0,0
1770257278191616917,46,45,48,43,0,0,0,0
1770257278193676964,46,45,48,43,0,0,0,0
1770257278195776372,46,45,48,43,0,0,0,0
1770257278198051559,46,45,48,43,0,0,0,0
1770257278200044021,46,45,48,43,0,0,0,0
1770257278201972160,46,45,47,43,0,0,0,0
1770257278203914060,46,45,47,43,0,0,0,0
1770257278205763830,46,45,47,43,0,0,0,0
1770257278207738147,46,45,47,43,0,0,0,0
1770257278209994518,46,45,47,43,0,0,0,0
1770257278211795167,46,45,47,43,0,0,0,0
1770257278213752428,46,45,48,43,0,0,0,0
1770257278216229988,46,45,48,43,0,0,0,0
1770257278218177872,46,45,48,43,0,0,0,0
1770257278219785717,46,45,48,43,0,0,0,0
1770257278221747681,46,45,48,43,0,0,0,0
1770257278223839857,46,44,48,43,0,0,0,0
1770257278225712603,46,44,48,43,0,0,0,0
1770257278227685192,46,44,48,43,0,0,0,0
1770257278229819096,46,45,48,43,0,0,0,0
1770257278232063275,46,45,48,43,0,0,0,0
1770257278233737329,46,45,48,43,0,0,0,0
1770257278235992389,46,45,48,43,0,0,0,0
1770257278237808078,46,45,48,43,0,0,0,0
1770257278240100994,46,45,48,43,0,0,0,0
1770257278242075663,46,44,48,43,0,0,0,0
1770257278244194239,46,44,48,43,0,0,0,0
1770257278246036937,46,44,48,43,0,0,0,0
1770257278247700814,46,45,48,43,0,0,0,0
1770257278249663227,46,45,48,43,0,0,0,0
1770257278251741546,46,45,48,43,0,0,0,0
1770257278253646549,46,44,48,43,0,0,0,0
1770257278255792230,46,44,48,43,0,0,0,0
1770257278258056250,46,44,48,43,0,0,0,0
1770257278259855010,46,44,48,43,0,0,0,0
1770257278261780046,46,45,48,43,0,0,0,0
1770257278263790364,46,45,48,43,0,0,0,0
1770257278265984846,46,45,48,43,0,0,0,0
1770257278268050556,46,45,48,43,0,0,0,0
1770257278269865318,46,45,48,43,0,0,0,0
1770257278272011862,46,45,48,43,0,0,0,0
1770257278273806559,46,45,48,43,0,0,0,0
1770257278276052274,46,45,48,43,0,0,0,0
1770257278278063264,46,45,48,43,0,0,0,0
1770257278279781991,46,45,48,43,0,0,0,0
1770257278282012313,46,45,48,43,0,0,0,0
1770257278283941029,46,45,48,43,0,0,0,0
1770257278285685517,46,45,48,43,0,0,0,0
1770257278287621977,46,45,48,43,0,0,0,0
1770257278289664487,46,45,48,43,0,0,0,0
1770257278291614675,46,45,48,43,0,0,0,0
1770257278293764452,46,45,48,43,0,0,0,0
1770257278295731377,46,45,48,43,0,0,0,0
1770257278297542394,46,45,48,43,0,0,0,0
1770257278299710603,46,45,48,43,0,0,0,0
1770257278301621303,46,45,48,43,0,0,0,0
1770257278303552930,46,45,48,43,0,0,0,0
1770257278305688499,46,45,48,43,0,0,0,0
1770257278308032008,46,45,48,43,0,0,0,0
1770257278309760943,46,44,48,43,0,0,0,0
1770257278311760349,46,44,48,43,0,0,0,0
1770257278313739722,46,45,48,43,0,0,0,0
1770257278315717175,46,45,48,43,0,0,0,0
1770257278318051820,46,45,48,43,0,0,0,0
1770257278319861717,46,45,48,43,0,0,0,0
1770257278321667326,46,45,48,43,0,0,0,0
1770257278323709196,46,45,48,43,0,0,0,0
1770257278326637166,46,44,48,43,0,0,0,0
1770257278327643845,46,44,48,43,0,0,0,0
1770257278329637523,46,44,48,43,0,0,0,0
1770257278331716610,46,44,48,43,0,0,0,0
1770257278333595436,46,44,48,43,0,0,0,0
1770257278335781598,46,44,48,43,0,0,0,0
1770257278338074130,46,45,48,43,0,0,0,0
1770257278339823546,46,45,48,43,0,0,0,0
1770257278341730981,46,45,48,43,0,0,0,0
1770257278343807316,46,45,48,43,0,0,0,0
1770257278345581853,46,45,48,43,0,0,0,0
1770257278347757038,46,45,48,43,0,0,0,0
1770257278349796476,46,45,48,43,0,0,0,0
1770257278351579045,46,45,48,43,0,0,0,0
1770257278353663444,46,45,48,43,0,0,0,0
1770257278356001961,46,45,48,43,0,0,0,0
1770257278358648005,46,45,48,43,0,0,0,0
1770257278359862337,46,45,48,43,0,0,0,0
1770257278361799341,46,45,48,43,0,0,0,0
1770257278363804154,46,45,48,43,0,0,0,0
1770257278366021325,46,45,48,43,0,0,0,0
1770257278368077883,46,45,48,43,0,0,0,0
1770257278369578205,46,45,48,43,0,0,0,0
1770257278371800528,46,45,48,43,0,0,0,0
1770257278373686139,46,45,48,43,0,0,0,0
1770257278375608710,46,45,48,43,0,0,0,0
1770257278377635444,46,45,48,43,0,0,0,0
1770257278380866462,46,45,48,43,0,0,0,0
1770257278383004590,46,45,48,43,0,0,0,0
1770257278384006981,46,45,48,43,0,0,0,0
1770257278386045523,46,45,47,43,0,0,0,0
1770257278387905053,46,45,47,43,0,0,0,0
1770257278389723943,46,45,47,43,0,0,0,0
1770257278391820534,46,44,48,43,0,0,0,0
1770257278393988135,46,44,48,43,0,0,0,0
1770257278396560226,46,44,48,43,0,0,0,0
1770257278397997410,46,44,48,43,0,0,0,0
1770257278399681033,46,44,48,43,0,0,0,0
1770257278401773176,46,44,48,43,0,0,0,0
1770257278403683780,46,44,48,43,0,0,0,0
1770257278405599567,46,45,48,43,0,0,0,0
1770257278407671582,46,45,48,43,0,0,0,0
1770257278409823791,46,44,48,43,0,0,0,0
1770257278411711066,46,44,48,43,0,0,0,0
1770257278413725576,46,44,48,43,0,0,0,0
1770257278416196992,46,45,48,43,0,0,0,0
1770257278418261870,46,45,48,43,0,0,0,0
1770257278419690575,46,45,48,43,0,0,0,0
1770257278421683164,46,44,48,43,0,0,0,0
1770257278423798188,46,44,48,43,0,0,0,0
1770257278425681591,46,44,48,43,0,0,0,0
1770257278427675332,46,45,48,43,0,0,0,0
1770257278429740179,46,45,48,43,0,0,0,0
1770257278431782689,46,45,48,43,0,0,0,0
1770257278434101398,46,45,48,43,0,0,0,0
1770257278436035362,46,45,48,43,0,0,0,0
1770257278437839115,46,45,48,43,0,0,0,0
1770257278439815320,46,45,48,43,0,0,0,0
1770257278441689634,46,45,48,43,0,0,0,0
1770257278444883915,46,45,48,43,0,0,0,0
1770257278446026661,46,45,48,43,0,0,0,0
1770257278448820324,46,45,48,43,0,0,0,0
1770257278449609110,46,45,48,43,0,0,0,0
1770257278451625124,46,45,48,43,0,0,0,0
1770257278453657458,46,45,48,43,0,0,0,0
1770257278455662016,46,45,48,43,0,0,0,0
1770257278457706510,46,45,48,43,0,0,0,0
1770257278459682907,46,45,48,43,0,0,0,0
1770257278461833676,46,45,48,43,0,0,0,0
1770257278463816249,46,45,48,43,0,0,0,0
1770257278465724068,46,45,48,43,0,0,0,0
1770257278468022808,46,45,48,43,0,0,0,0
1770257278469805025,46,44,48,43,0,0,0,0
1770257278471585705,46,44,48,43,0,0,0,0
1770257278473685593,46,44,48,43,0,0,0,0
1770257278475859466,46,44,48,43,0,0,0,0
1770257278477717748,46,44,48,43,0,0,0,0
1770257278479851173,46,44,48,43,0,0,0,0
1770257278481737200,46,44,47,43,0,0,0,0
1770257278483671195,46,44,47,43,0,0,0,0
1770257278486038481,46,44,47,43,0,0,0,0
1770257278488111808,46,44,48,43,0,0,0,0
1770257278489780646,46,44,48,43,0,0,0,0
1770257278491759475,46,44,48,43,0,0,0,0
1770257278493986278,46,44,48,43,0,0,0,0
1770257278495802223,46,44,48,43,0,0,0,0
1770257278497801340,46,44,48,43,0,0,0,0
1770257278499732616,46,45,48,43,0,0,0,0
1770257278501794775,46,45,48,43,0,0,0,0
1770257278503732867,46,45,48,43,0,0,0,0
1770257278505788850,46,44,48,43,0,0,0,0
1770257278507658940,46,44,48,43,0,0,0,0
1770257278509759628,46,44,48,43,0,0,0,0
1770257278511780474,46,45,48,43,0,0,0,0
1770257278513679365,46,45,48,43,0,0,0,0
1770257278516085339,46,45,48,43,0,0,0,0
1770257278517945061,46,45,48,43,0,0,0,0
1770257278519784303,46,44,48,43,0,0,0,0
1770257278521793213,46,44,48,43,0,0,0,0
1770257278524036624,46,45,48,43,0,0,0,0
1770257278525730870,46,45,48,43,0,0,0,0
1770257278527706371,46,45,48,43,0,0,0,0
1770257278529996887,46,45,48,43,0,0,0,0
1770257278531825153,46,45,48,43,0,0,0,0
1770257278534071124,46,45,48,43,0,0,0,0
1770257278536073825,46,45,48,43,0,0,0,0
1770257278537822409,46,45,48,43,0,0,0,0
1770257278539770581,46,45,48,43,0,0,0,0
1770257278541756674,46,45,48,43,0,0,0,0
1770257278543792016,46,45,48,43,0,0,0,0
1770257278545856799,46,45,48,43,0,0,0,0
1770257278547979823,46,45,48,43,0,0,0,0
1770257278549674902,46,45,48,43,0,0,0,0
1770257278551764037,46,45,48,43,0,0,0,0
1770257278553796787,46,45,48,43,0,0,0,0
1770257278555740224,46,45,48,43,0,0,0,0
1770257278557684844,46,45,48,43,0,0,0,0
1770257278559817628,46,45,47,43,0,0,0,0
1770257278562047887,46,45,47,43,0,0,0,0
1770257278564536199,46,45,47,43,0,0,0,0
1770257278566037193,46,45,47,43,0,0,0,0
1770257278567739920,46,45,48,43,0,0,0,0
1770257278569810015,46,45,48,43,0,0,0,0
1770257278572058034,46,45,48,43,0,0,0,0
1770257278574032639,46,45,48,43,0,0,0,0
1770257278575848552,46,45,48,43,0,0,0,0
1770257278577891382,46,45,48,43,0,0,0,0
1770257278579606045,46,45,48,43,0,0,0,0
1770257278581622443,46,45,48,43,0,0,0,0
1770257278583724315,46,44,48,43,0,0,0,0
1770257278585679943,46,44,48,43,0,0,0,0
1770257278587594227,46,44,48,43,0,0,0,0
1770257278589604032,46,45,48,43,0,0,0,0
1770257278593749726,46,45,48,43,0,0,0,0
1770257278595380707,46,45,48,43,0,0,0,0
1770257278597095018,46,45,48,43,0,0,0,0
1770257278598010751,46,44,48,43,0,0,0,0
1770257278599896874,46,44,48,43,0,0,0,0
1770257278601648786,46,44,48,43,0,0,0,0
1770257278603650847,46,44,48,43,0,0,0,0
1770257278605748975,46,44,48,43,0,0,0,0
1770257278607669338,46,44,48,43,0,0,0,0
1770257278609667112,46,44,48,43,0,0,0,0
1770257278612023293,46,44,48,43,0,0,0,0
1770257278613768773,46,44,48,43,0,0,0,0
1770257278615734098,46,44,48,43,0,0,0,0
1770257278617819489,46,44,48,43,0,0,0,0
1770257278619828590,46,44,48,43,0,0,0,0
1770257278622077282,46,44,48,43,0,0,0,0
1770257278624026414,46,44,48,43,0,0,0,0
1770257278626870574,46,45,48,43,0,0,0,0
1770257278628950270,46,45,48,43,0,0,0,0
1770257278631041901,46,45,48,43,0,0,0,0
1770257278631807358,46,45,47,43,0,0,0,0
1770257278633554982,46,45,47,43,0,0,0,0
1770257278635757112,46,45,47,43,0,0,0,0
1770257278637636355,46,45,48,43,0,0,0,0
1770257278639637680,46,45,48,43,0,0,0,0
1770257278641711647,46,45,48,43,0,0,0,0
1770257278645382963,46,45,47,43,0,0,0,0
1770257278647180923,46,45,47,43,0,0,0,0
1770257278649134952,46,45,47,43,0,0,0,0
1770257278650229569,46,44,48,43,0,0,0,0
1770257278651845445,46,44,48,43,0,0,0,0
1770257278653620430,46,44,48,43,0,0,0,0
1770257278655663516,46,45,48,43,0,0,0,0
1770257278657676234,46,45,48,43,0,0,0,0
1770257278659700728,46,45,48,43,0,0,0,0
1770257278661617987,46,44,48,43,0,0,0,0
1770257278663670578,46,44,48,43,0,0,0,0
1770257278665706496,46,44,48,43,0,0,0,0
1770257278667701165,46,44,47,43,0,0,0,0
1770257278669743100,46,44,47,43,0,0,0,0
1770257278671815851,46,44,47,43,0,0,0,0
1770257278673984988,46,45,48,43,0,0,0,0
1770257278676177070,46,45,48,43,0,0,0,0
1770257278678625253,46,45,48,43,0,0,0,0
1770257278680113671,46,45,48,43,0,0,0,0
1770257278681712427,46,45,48,43,0,0,0,0
1770257278683682776,46,45,48,43,0,0,0,0
1770257278685770695,46,45,48,43,0,0,0,0
1770257278687593265,46,45,48,43,0,0,0,0
1770257278689628831,46,45,48,43,0,0,0,0
1770257278691747567,46,44,48,43,0,0,0,0
1770257278693870687,46,44,48,43,0,0,0,0
1770257278696188596,46,44,48,43,0,0,0,0
1770257278697835673,46,44,48,43,0,0,0,0
1770257278699816550,46,44,48,43,0,0,0,0
1770257278702117147,46,44,48,43,0,0,0,0
1770257278703667198,46,45,48,43,0,0,0,0
1770257278705908209,46,45,48,43,0,0,0,0
1770257278707725882,46,45,48,43,0,0,0,0
1770257278709661318,46,45,48,43,0,0,0,0
1770257278711643379,46,45,48,43,0,0,0,0
1770257278714029609,46,45,48,43,0,0,0,0
1770257278716099256,46,45,48,43,0,0,0,0
1770257278717815359,46,45,48,43,0,0,0,0
1770257278720112115,46,45,48,43,0,0,0,0
1770257278722187074,46,45,47,43,0,0,0,0
1770257278723641859,46,45,47,43,0,0,0,0
1770257278725919991,46,45,47,43,0,0,0,0
1770257278727720032,46,45,47,43,0,0,0,0
1770257278729719821,46,45,47,43,0,0,0,0
1770257278731675802,46,45,47,43,0,0,0,0
1770257278734074640,46,45,47,43,0,0,0,0
1770257278736014556,46,45,47,43,0,0,0,0
1770257278737916903,46,45,47,43,0,0,0,0
1770257278740058232,46,45,48,43,0,0,0,0
1770257278741673661,46,45,48,43,0,0,0,0
1770257278743683274,46,45,48,43,0,0,0,0
1770257278745635159,46,44,48,43,0,0,0,0
1770257278747561986,46,44,48,43,0,0,0,0
1770257278749616273,46,44,48,43,0,0,0,0
1770257278751674976,46,44,48,43,0,0,0,0
1770257278753797232,46,44,48,43,0,0,0,0
1770257278755860095,46,44,48,43,0,0,0,0
1770257278757845164,46,45,48,43,0,0,0,0
1770257278760062718,46,45,48,43,0,0,0,0
1770257278761999434,46,45,48,43,0,0,0,0
1770257278764202140,46,45,47,43,0,0,0,0
1770257278767093598,46,45,47,43,0,0,0,0
1770257278768084084,46,45,47,43,0,0,0,0
1770257278770063457,46,44,47,43,0,0,0,0
1770257278773026340,46,44,47,43,0,0,0,0
1770257278774196543,46,44,47,43,0,0,0,0
1770257278775657856,46,45,47,43,0,0,0,0
1770257278777879923,46,45,47,43,0,0,0,0
1770257278779900064,46,45,47,43,0,0,0,0
1770257278781680713,46,44,48,43,0,0,0,0
1770257278783805913,46,44,48,43,0,0,0,0
1770257278785953674,46,45,48,43,0,0,0,0
1770257278787856853,46,45,48,43,0,0,0,0
1770257278789849282,46,45,48,43,0,0,0,0
1770257278791718125,46,45,48,43,0,0,0,0
1770257278794086594,46,44,48,43,0,0,0,0
1770257278795838890,46,44,48,43,0,0,0,0
1770257278797768406,46,45,48,43,0,0,0,0
1770257278799738595,46,45,48,43,0,0,0,0
1770257278801805010,46,45,48,43,0,0,0,0
1770257278804092454,46,45,48,43,0,0,0,0
1770257278805752459,46,45,48,43,0,0,0,0
1770257278807785785,46,45,48,43,0,0,0,0
1770257278810055693,46,45,48,43,0,0,0,0
1770257278811817749,46,45,48,43,0,0,0,0
1770257278813791490,46,45,48,43,0,0,0,0
1770257278815802543,46,45,48,43,0,0,0,0
1770257278817778588,46,45,48,43,0,0,0,0
1770257278819729801,46,45,48,43,0,0,0,0
1770257278821707093,46,45,48,43,0,0,0,0
1770257278824575127,46,45,48,43,0,0,0,0
1770257278825877876,46,45,48,43,0,0,0,0
1770257278827690173,46,45,48,43,0,0,0,0
1770257278829740460,46,45,48,43,0,0,0,0
1770257278831713017,46,45,48,43,0,0,0,0
1770257278833658661,46,45,48,43,0,0,0,0
1770257278836732459,46,45,48,43,0,0,0,0
1770257278838052137,46,45,48,43,0,0,0,0
1770257278839957780,46,45,48,43,0,0,0,0
1770257278841751101,46,44,48,43,0,0,0,0
1770257278843777963,46,44,48,43,0,0,0,0
1770257278845742647,46,44,48,43,0,0,0,0
1770257278847646338,46,44,48,43,0,0,0,0
1770257278849648336,46,44,48,43,0,0,0,0
1770257278851758336,46,44,48,43,0,0,0,0
1770257278853648011,46,45,48,43,0,0,0,0
1770257278855708953,46,45,48,43,0,0,0,0
1770257278857740648,46,45,48,43,0,0,0,0
1770257278860039612,46,44,48,43,0,0,0,0
1770257278861811748,46,44,48,43,0,0,0,0
1770257278863824306,46,44,48,43,0,0,0,0
1770257278865995363,46,45,47,43,0,0,0,0
1770257278867996080,46,45,47,43,0,0,0,0
1770257278869977021,46,44,47,43,0,0,0,0
1770257278871813095,46,44,48,43,0,0,0,0
1770257278874782410,46,44,48,43,0,0,0,0
1770257278876027207,46,44,48,43,0,0,0,0
1770257278877632011,46,45,48,43,0,0,0,0
1770257278879577335,46,45,48,43,0,0,0,0
1770257278881600229,46,45,48,43,0,0,0,0
1770257278883613107,46,45,48,43,0,0,0,0
1770257278885587712,46,45,48,43,0,0,0,0
1770257278888643877,46,45,48,43,0,0,0,0
1770257278890840791,46,45,48,43,0,0,0,0
1770257278892025010,46,45,48,43,0,0,0,0
1770257278894788401,46,45,48,43,0,0,0,0
1770257278896046093,46,45,48,43,0,0,0,0
1770257278897735411,46,45,48,43,0,0,0,0
1770257278899897381,46,45,48,43,0,0,0,0
1770257278901700814,46,45,48,43,0,0,0,0
1770257278903655578,46,45,48,43,0,0,0,0
1770257278905725225,46,45,48,43,0,0,0,0
1770257278908038525,46,45,48,43,0,0,0,0
1770257278909843910,46,45,48,43,0,0,0,0
1770257278911743954,46,45,48,43,0,0,0,0
1770257278913812192,46,45,48,43,0,0,0,0
1770257278916536734,46,45,48,43,0,0,0,0
1770257278917651640,46,45,48,43,0,0,0,0
1770257278919678246,46,44,48,43,0,0,0,0
1770257278921764565,46,44,48,43,0,0,0,0
1770257278923666144,46,44,48,43,0,0,0,0
1770257278925679566,46,44,48,43,0,0,0,0
1770257278927834111,46,44,48,43,0,0,0,0
1770257278930041841,46,45,48,43,0,0,0,0
1770257278931838778,46,45,48,43,0,0,0,0
1770257278933845863,46,45,48,43,0,0,0,0
1770257278935898390,46,45,48,43,0,0,0,0
1770257278938040903,46,45,48,43,0,0,0,0
1770257278939868432,46,45,48,43,0,0,0,0
1770257278941773947,46,45,48,43,0,0,0,0
1770257278944031342,46,45,48,43,0,0,0,0
1770257278946687275,46,45,48,43,0,0,0,0
1770257278947695586,46,45,47,43,0,0,0,0
1770257278949615213,46,44,47,43,0,0,0,0
1770257278951677564,46,44,47,43,0,0,0,0
1770257278953656073,46,44,47,43,0,0,0,0
1770257278955589269,46,45,48,43,0,0,0,0
1770257278958970402,46,45,48,43,0,0,0,0
1770257278960958191,46,45,48,43,0,0,0,0
1770257278961831843,46,44,48,43,0,0,0,0
1770257278964201496,46,44,48,43,0,0,0,0
1770257278966875637,46,44,48,43,0,0,0,0
1770257278967785258,46,44,48,43,0,0,0,0
1770257278969562130,46,44,48,43,0,0,0,0
1770257278971630177,46,44,48,43,0,0,0,0
1770257278973520460,46,45,48,43,0,0,0,0
1770257278975771551,46,45,48,43,0,0,0,0
1770257278978093428,46,45,48,43,0,0,0,0
1770257278979669304,46,45,48,43,0,0,0,0
1770257278982001613,46,45,48,43,0,0,0,0
1770257278983791221,46,45,48,43,0,0,0,0
1770257278986004135,46,45,48,43,0,0,0,0
1770257278987683149,46,45,48,43,0,0,0,0
1770257278989733116,46,45,48,43,0,0,0,0
1770257278991837836,46,45,48,43,0,0,0,0
1770257278993841881,46,45,48,43,0,0,0,0
1770257278995706724,46,45,48,43,0,0,0,0
1770257278997861717,46,45,48,43,0,0,0,0
1770257279000628275,46,45,48,43,0,0,0,0
1770257279002065108,46,45,48,43,0,0,0,0
1770257279005054200,46,45,47,43,0,0,0,0
1770257279006289172,46,45,47,43,0,0,0,0
1770257279007775542,46,45,47,43,0,0,0,0
1770257279009526813,46,45,48,43,0,0,0,0
1770257279011694735,46,45,48,43,0,0,0,0
1770257279013580409,46,45,47,43,0,0,0,0
1770257279015652648,46,45,47,43,0,0,0,0
1770257279017703767,46,45,47,43,0,0,0,0
1770257279020155983,46,45,48,43,0,0,0,0
1770257279021854709,46,45,48,43,0,0,0,0
1770257279023700639,46,45,48,43,0,0,0,0
1770257279025827983,46,45,48,43,0,0,0,0
1770257279028203205,46,44,48,43,0,0,0,0
1770257279030047791,46,44,48,43,0,0,0,0
1770257279031863224,46,44,48,43,0,0,0,0
1770257279033756547,46,45,48,43,0,0,0,0
1770257279036064120,46,45,48,43,0,0,0,0
1770257279037813536,46,45,48,43,0,0,0,0
1770257279039651241,46,44,48,43,0,0,0,0
1770257279041994174,46,44,48,43,0,0,0,0
1770257279044670747,46,44,48,43,0,0,0,0
1770257279045989913,46,45,48,43,0,0,0,0
1770257279048014151,46,45,48,43,0,0,0,0
1770257279049688493,46,45,48,43,0,0,0,0
1770257279051708187,46,45,48,43,0,0,0,0
1770257279053666695,46,45,48,43,0,0,0,0
1770257279055782263,46,45,48,43,0,0,0,0
1770257279057745636,46,45,48,43,0,0,0,0
1770257279059851668,46,45,48,43,0,0,0,0
1770257279062035333,46,45,48,43,0,0,0,0
1770257279063876559,46,45,48,43,0,0,0,0
1770257279065765754,46,45,48,43,0,0,0,0
1770257279067713414,46,45,48,43,0,0,0,0
1770257279069721204,46,45,48,43,0,0,0,0
1770257279071656992,46,45,48,43,0,0,0,0
1770257279073838353,46,45,48,43,0,0,0,0
1770257279075770045,46,45,48,43,0,0,0,0
1770257279077737098,46,45,48,43,0,0,0,0
1770257279079948956,46,45,48,43,0,0,0,0
1770257279081833223,46,45,48,43,0,0,0,0
1770257279084178396,46,45,48,43,0,0,0,0
1770257279086178090,46,45,48,43,0,0,0,0
1770257279087732525,46,45,48,43,0,0,0,0
1770257279089804060,46,45,48,43,0,0,0,0
1770257279091660486,46,45,48,43,0,0,0,0
1770257279093750037,46,45,48,43,0,0,0,0
1770257279095725346,46,45,48,43,0,0,0,0
1770257279097699855,46,45,48,43,0,0,0,0
1770257279099658844,46,45,48,43,0,0,0,0
1770257279101822061,46,45,48,43,0,0,0,0
1770257279104206083,46,45,48,43,0,0,0,0
1770257279106126798,46,45,48,43,0,0,0,0
1770257279107858678,46,45,48,43,0,0,0,0
1770257279109818210,46,45,48,43,0,0,0,0
1770257279111646668,46,45,47,43,0,0,0,0
1770257279113782780,46,45,47,43,0,0,0,0
1770257279115802794,46,45,47,43,0,0,0,0
1770257279117620275,46,45,48,43,0,0,0,0
1770257279119719043,46,45,48,43,0,0,0,0
1770257279121750097,46,45,48,43,0,0,0,0
1770257279123617019,46,45,48,43,0,0,0,0
1770257279125791117,46,45,48,43,0,0,0,0
1770257279127717977,46,45,48,43,0,0,0,0
1770257279129578467,46,45,48,43,0,0,0,0
1770257279132865421,46,45,48,43,0,0,0,0
1770257279134209260,46,45,48,43,0,0,0,0
1770257279136688356,46,45,48,43,0,0,0,0
1770257279137876703,46,45,48,43,0,0,0,0
1770257279140198068,46,45,48,43,0,0,0,0
1770257279141961660,46,45,48,43,0,0,0,0
1770257279143682627,46,45,48,43,0,0,0,0
1770257279145709745,46,45,48,43,0,0,0,0
1770257279147754495,46,44,48,43,0,0,0,0
1770257279149712812,46,44,48,43,0,0,0,0
1770257279151772315,46,44,48,43,0,0,0,0
1770257279153852714,46,44,48,43,0,0,0,0
1770257279156088733,46,44,48,43,0,0,0,0
1770257279157777379,46,44,48,43,0,0,0,0
1770257279159659374,46,45,48,43,0,0,0,0
1770257279161717916,46,45,48,43,0,0,0,0
1770257279163779787,46,45,48,43,0,0,0,0
1770257279165897467,46,45,48,43,0,0,0,0
1770257279167758566,46,45,48,43,0,0,0,0
1770257279169819124,46,45,48,43,0,0,0,0
1770257279171665598,46,45,48,43,0,0,0,0
1770257279173655531,46,45,48,43,0,0,0,0
1770257279175806076,46,45,48,43,0,0,0,0
1770257279177708967,46,45,48,43,0,0,0,0
1770257279179705077,46,45,48,43,0,0,0,0
1770257279181788260,46,45,48,43,0,0,0,0
1770257279183725936,46,45,48,43,0,0,0,0
1770257279186009156,46,45,48,43,0,0,0,0
1770257279188078099,46,45,48,43,0,0,0,0
1770257279189740633,46,45,48,43,0,0,0,0
1770257279191816808,46,45,48,43,0,0,0,0
1770257279194720618,46,45,48,43,0,0,0,0
1770257279195893444,46,45,48,43,0,0,0,0
1770257279198126231,46,45,48,43,0,0,0,0
1770257279199814397,46,45,48,43,0,0,0,0
1770257279201855852,46,45,48,43,0,0,0,0
1770257279203796856,46,45,48,43,0,0,0,0
1770257279206090892,46,45,48,43,0,0,0,0
1770257279207797651,46,45,48,43,0,0,0,0
1770257279209694878,46,45,48,43,0,0,0,0
1770257279211677611,46,45,48,43,0,0,0,0
1770257279213712089,46,44,48,43,0,0,0,0
1770257279215881002,46,44,48,43,0,0,0,0
1770257279217787989,46,44,48,43,0,0,0,0
1770257279220031624,46,44,48,43,0,0,0,0
1770257279222031990,46,44,48,43,0,0,0,0
1770257279223770173,46,44,48,43,0,0,0,0
1770257279225671816,46,45,48,43,0,0,0,0
1770257279228041118,46,45,48,43,0,0,0,0
1770257279229859399,46,44,48,43,0,0,0,0
1770257279231757810,46,44,48,43,0,0,0,0
1770257279233731775,46,44,48,43,0,0,0,0
1770257279235747021,46,44,48,43,0,0,0,0
1770257279237861373,46,45,48,43,0,0,0,0
1770257279240050447,46,45,48,43,0,0,0,0
1770257279241953658,46,45,48,43,0,0,0,0
1770257279243831653,46,45,48,43,0,0,0,0
1770257279246020054,46,45,48,43,0,0,0,0
1770257279247894337,46,45,48,43,0,0,0,0
1770257279250101843,46,45,48,43,0,0,0,0
1770257279251858459,46,45,48,43,0,0,0,0
1770257279253583650,46,45,48,43,0,0,0,0
1770257279255603952,46,45,48,43,0,0,0,0
1770257279257679775,46,45,48,43,0,0,0,0
1770257279259658060,46,45,48,43,0,0,0,0
1770257279261651673,46,45,47,43,0,0,0,0
1770257279264181075,46,45,47,43,0,0,0,0
1770257279266746413,46,45,47,43,0,0,0,0
1770257279268911102,46,45,48,43,0,0,0,0
1770257279270686630,46,45,48,43,0,0,0,0
1770257279272727797,46,45,48,43,0,0,0,0
1770257279273587944,46,45,48,43,0,0,0,0
1770257279275708696,46,45,48,43,0,0,0,0
1770257279277901386,46,45,48,43,0,0,0,0
1770257279279752500,46,45,48,43,0,0,0,0
1770257279281636767,46,45,48,43,0,0,0,0
1770257279283890482,46,45,48,43,0,0,0,0
1770257279286009122,46,45,48,43,0,0,0,0
1770257279287922285,46,45,48,43,0,0,0,0
1770257279289831417,46,45,48,43,0,0,0,0
1770257279291807142,46,44,48,43,0,0,0,0
1770257279294020856,46,44,48,43,0,0,0,0
1770257279295942852,46,44,48,43,0,0,0,0
1770257279297803694,46,45,48,43,0,0,0,0
1770257279299784827,46,45,48,43,0,0,0,0
1770257279301882666,46,45,48,43,0,0,0,0
1770257279303702516,46,44,48,43,0,0,0,0
1770257279305773219,46,44,48,43,0,0,0,0
1770257279307739919,46,44,48,43,0,0,0,0
1770257279309580441,46,44,48,43,0,0,0,0
1770257279311651368,46,44,48,43,0,0,0,0
1770257279313527411,46,44,48,43,0,0,0,0
1770257279315552193,46,44,48,43,0,0,0,0
1770257279317644688,46,44,48,43,0,0,0,0
1770257279319659006,46,44,48,43,0,0,0,0
1770257279321550121,46,45,48,43,0,0,0,0
1770257279323746747,46,45,48,43,0,0,0,0
1770257279326028015,46,45,48,43,0,0,0,0
1770257279327747286,46,44,48,43,0,0,0,0
1770257279329772900,46,44,48,43,0,0,0,0
1770257279332051063,46,44,48,43,0,0,0,0
1770257279333642459,46,45,48,43,0,0,0,0
1770257279335790060,46,45,48,43,0,0,0,0
1770257279337771641,46,45,48,43,0,0,0,0
1770257279339668484,46,44,48,43,0,0,0,0
1770257279341827733,46,44,48,43,0,0,0,0
1770257279343688992,46,44,48,43,0,0,0,0
1770257279345813808,46,45,48,43,0,0,0,0
1770257279347718971,46,45,48,43,0,0,0,0
1770257279349714248,46,45,47,43,0,0,0,0
1770257279351762487,46,45,47,43,0,0,0,0
1770257279353675298,46,45,47,43,0,0,0,0
1770257279355855156,46,45,48,43,0,0,0,0
1770257279358711061,46,45,48,43,0,0,0,0
1770257279359912976,46,45,48,43,0,0,0,0
1770257279361777466,46,45,47,43,0,0,0,0
1770257279364146416,46,45,47,43,0,0,0,0
1770257279365781909,46,45,47,43,0,0,0,0
1770257279367710945,46,45,47,43,0,0,0,0
1770257279369699470,46,45,47,43,0,0,0,0
1770257279371757245,46,45,47,43,0,0,0,0
1770257279373735402,46,45,47,43,0,0,0,0
1770257279375784952,46,45,47,43,0,0,0,0
1770257279377688995,46,45,47,43,0,0,0,0
1770257279379828436,46,45,47,43,0,0,0,0
1770257279381796993,46,45,47,43,0,0,0,0
1770257279383796334,46,45,47,43,0,0,0,0
1770257279385708953,46,45,48,43,0,0,0,0
1770257279388129232,46,45,48,43,0,0,0,0
1770257279389734965,46,45,48,43,0,0,0,0
1770257279391829124,46,45,48,43,0,0,0,0
1770257279394821448,46,45,48,43,0,0,0,0
1770257279395881504,46,45,48,43,0,0,0,0
1770257279397725066,46,45,48,43,0,0,0,0
1770257279399657622,46,45,48,43,0,0,0,0
1770257279401647971,46,45,48,43,0,0,0,0
1770257279403717618,46,45,48,43,0,0,0,0
1770257279405661918,46,44,48,43,0,0,0,0
1770257279407772782,46,44,48,43,0,0,0,0
1770257279409757563,46,44,48,43,0,0,0,0
1770257279411822890,46,45,48,43,0,0,0,0
1770257279413982011,46,45,48,43,0,0,0,0
1770257279415824741,46,45,47,43,0,0,0,0
1770257279417696144,46,45,47,43,0,0,0,0
1770257279419905314,46,45,47,43,0,0,0,0
1770257279421603144,46,45,48,43,0,0,0,0
1770257279423821723,46,45,48,43,0,0,0,0
1770257279425656036,46,45,48,43,0,0,0,0
1770257279427834518,46,45,48,43,0,0,0,0
1770257279430033512,46,45,48,43,0,0,0,0
1770257279432218265,46,45,48,43,0,0,0,0
1770257279433863903,46,45,48,43,0,0,0,0
1770257279435743049,46,45,48,43,0,0,0,0
1770257279437667029,46,45,48,43,0,0,0,0
1770257279439713347,46,45,48,43,0,0,0,0
1770257279441894325,46,45,48,43,0,0,0,0
1770257279443788544,46,45,48,43,0,0,0,0
1770257279445679563,46,45,48,43,0,0,0,0
1770257279447896445,46,45,48,43,0,0,0,0
1770257279450026958,46,45,48,43,0,0,0,0
1770257279451780693,46,45,48,43,0,0,0,0
1770257279453757506,46,45,48,43,0,0,0,0
1770257279455824113,46,45,48,43,0,0,0,0
1770257279457799166,46,45,48,43,0,0,0,0
1770257279459836652,46,45,48,43,0,0,0,0
1770257279461844186,46,45,48,43,0,0,0,0
1770257279464013963,46,45,48,43,0,0,0,0
1770257279465890390,46,44,48,43,0,0,0,0
1770257279467635549,46,44,48,43,0,0,0,0
1770257279469794638,46,44,48,43,0,0,0,0
1770257279471762491,46,44,44,43,0,0,0,0
1770257279473694727,46,44,44,42,0,0,0,0
1770257279476351107,46,44,44,42,0,0,0,0
1770257279477947559,44,42,45,42,0,0,0,0
1770257279479723280,44,42,45,44,0,0,0,0
1770257279481708349,44,42,51,44,0,0,0,0
1770257279483684906,44,36,51,44,0,0,0,0
1770257279485733976,44,36,51,46,0,0,0,0
1770257279487670148,44,36,52,46,0,0,0,0
1770257279489912695,44,36,52,46,0,0,0,0
1770257279491868995,44,36,52,48,0,0,0,0
1770257279494961962,44,36,53,48,0,0,0,0
1770257279495803261,44,36,53,48,0,0,0,0
1770257279497853195,44,36,53,49,0,0,0,0
1770257279499677429,44,37,53,49,0,0,0,0
1770257279501688130,44,37,56,49,0,0,0,0
1770257279503652559,44,37,56,49,0,0,0,0
1770257279505823232,44,37,56,49,0,0,0,0
1770257279507648618,46,37,54,49,0,0,0,0
1770257279509697944,46,37,54,49,0,0,0,0
1770257279512048014,46,37,54,49,0,0,0,0
1770257279513807830,46,38,54,49,0,0,0,0
1770257279516015176,46,38,54,48,0,0,0,0
1770257279517866674,46,38,53,48,0,0,0,0
1770257279519735932,46,38,53,48,0,0,0,0
1770257279521644871,46,38,53,46,0,0,0,0
1770257279523660917,46,38,50,46,0,0,0,0
1770257279525665379,47,38,50,46,0,0,0,0
1770257279527593294,47,38,50,45,0,0,0,0
1770257279529772896,47,38,50,45,0,0,0,0
1770257279531742925,45,38,46,45,0,0,0,0
1770257279533691161,45,38,46,45,0,0,0,0
1770257279536011502,45,38,46,45,0,0,0,0
1770257279538055932,42,33,50,45,0,0,0,0
1770257279539673761,42,33,50,48,0,0,0,0
1770257279541688238,40,33,51,48,0,0,0,0
1770257279543860640,40,32,51,48,0,0,0,0
1770257279545698762,40,32,51,48,0,0,0,0
1770257279547674870,40,32,53,49,0,0,0,0
1770257279549661219,40,33,53,49,0,0,0,0
1770257279551720114,40,33,53,50,0,0,0,0
1770257279553688447,40,36,58,50,0,0,0,0
1770257279556038932,40,36,58,50,0,0,0,0
1770257279557861790,40,36,58,52,0,0,0,0
1770257279559684871,40,29,60,52,0,0,0,0
1770257279561745334,41,29,60,52,0,0,0,0
1770257279564082251,41,29,60,51,0,0,0,0
1770257279565763953,41,22,60,51,0,0,0,0
1770257279567678333,42,22,60,51,0,0,0,0
1770257279570069651,42,22,60,50,0,0,0,0
1770257279571822555,42,22,56,50,0,0,0,0
1770257279574186608,42,21,56,50,0,0,0,0
1770257279576078459,42,21,56,50,0,0,0,0
1770257279578053992,42,21,56,50,0,0,0,0
1770257279579689741,38,20,57,50,0,0,0,0
1770257279581676762,38,20,57,52,0,0,0,0
1770257279583706728,35,20,58,52,0,0,0,0
1770257279585841049,35,20,58,52,0,0,0,0
1770257279587745988,35,20,58,52,0,0,0,0
1770257279589663248,35,20,58,52,0,0,0,0
1770257279592009765,34,20,58,52,0,0,0,0
1770257279594836229,34,20,58,54,0,0,0,0
1770257279596391688,34,20,58,54,0,0,0,0
1770257279597772648,34,20,59,54,0,0,0,0
1770257279599703508,34,20,59,54,0,0,0,0
1770257279601697409,36,20,58,54,0,0,0,0
1770257279603733903,36,20,58,54,0,0,0,0
1770257279605707932,36,20,58,56,0,0,0,0
1770257279607658472,41,20,57,56,0,0,0,0
1770257279610028862,41,20,57,56,0,0,0,0
1770257279611935049,41,20,57,57,0,0,0,0
1770257279613837716,45,20,57,57,0,0,0,0
1770257279616177994,45,20,57,57,0,0,0,0
1770257279618126678,45,20,57,59,0,0,0,0
1770257279620111171,45,20,57,59,0,0,0,0
1770257279621750920,50,20,54,59,0,0,0,0
1770257279624107134,50,20,54,61,0,0,0,0
1770257279626054506,50,20,54,61,0,0,0,0
1770257279627824050,52,20,52,61,0,0,0,0
1770257279629672284,52,20,52,61,0,0,0,0
1770257279631705354,50,20,50,61,0,0,0,0
1770257279633968125,50,20,50,61,0,0,0,0
1770257279635751078,50,20,50,62,0,0,0,0
1770257279637673714,47,20,48,62,0,0,0,0
1770257279639952645,47,20,48,62,0,0,0,0
1770257279641665964,47,20,48,64,0,0,0,0
1770257279644186181,47,37,47,64,0,0,0,0
1770257279645663751,45,37,47,64,0,0,0,0
1770257279647750966,45,37,47,64,0,0,0,0
1770257279649661890,46,37,44,64,0,0,0,0
1770257279651674703,46,36,44,64,0,0,0,0
1770257279653639612,46,36,44,62,0,0,0,0
1770257279655621609,45,36,44,62,0,0,0,0
1770257279657719065,45,42,44,62,0,0,0,0
1770257279659704710,45,42,44,65,0,0,0,0
1770257279661783445,45,38,43,65,0,0,0,0
1770257279664057385,45,38,43,65,0,0,0,0
1770257279666038261,45,38,43,68,0,0,0,0
1770257279667803326,45,38,43,68,0,0,0,0
1770257279669738633,45,38,42,68,0,0,0,0
1770257279671659669,45,38,42,66,0,0,0,0
1770257279673741476,45,38,42,66,0,0,0,0
1770257279675768946,41,41,42,66,0,0,0,0
1770257279677760032,41,41,42,69,0,0,0,0
1770257279679639658,44,40,42,69,0,0,0,0
1770257279681838524,44,40,42,69,0,0,0,0
1770257279683844906,44,40,42,66,0,0,0,0
1770257279685698932,44,38,42,66,0,0,0,0
1770257279688088170,44,38,42,66,0,0,0,0
1770257279689988821,44,38,42,68,0,0,0,0
1770257279691783326,44,39,42,68,0,0,0,0
1770257279694090546,42,39,43,68,0,0,0,0
1770257279696082304,42,39,43,69,0,0,0,0
1770257279697872264,42,39,43,69,0,0,0,0
1770257279699834613,41,41,44,69,0,0,0,0
1770257279701708031,41,41,44,69,0,0,0,0
1770257279704156375,39,41,44,69,0,0,0,0
1770257279706112739,39,42,44,69,0,0,0,0
1770257279707825098,39,42,44,69,0,0,0,0
1770257279709681876,40,42,46,69,0,0,0,0
1770257279711724259,40,41,46,69,0,0,0,0
1770257279714065592,40,41,46,66,0,0,0,0
1770257279716276202,40,41,46,66,0,0,0,0
1770257279717788332,43,38,46,66,0,0,0,0
1770257279720109697,43,38,46,64,0,0,0,0
1770257279722125711,43,38,46,64,0,0,0,0
1770257279723747412,44,38,46,64,0,0,0,0
1770257279725603806,44,38,46,61,0,0,0,0
1770257279727693197,45,38,46,61,0,0,0,0
1770257279729699675,45,37,46,61,0,0,0,0
1770257279731691368,45,37,46,58,0,0,0,0
1770257279733833081,44,37,45,58,0,0,0,0
1770257279735673730,44,37,45,58,0,0,0,0
1770257279737685936,44,37,45,57,0,0,0,0
1770257279739601083,45,37,42,57,0,0,0,0
1770257279741586281,45,34,42,57,0,0,0,0
1770257279743817851,45,34,42,55,0,0,0,0
1770257279745896426,45,34,42,55,0,0,0,0
1770257279747764245,46,33,42,55,0,0,0,0
1770257279750008840,46,33,42,54,0,0,0,0
1770257279752081143,43,33,42,54,0,0,0,0
1770257279753731868,43,34,42,54,0,0,0,0
1770257279755658312,43,34,42,54,0,0,0,0
1770257279757574580,45,34,40,54,0,0,0,0
1770257279759675395,45,34,40,54,0,0,0,0
1770257279762034585,45,34,40,53,0,0,0,0
1770257279763843714,47,34,37,53,0,0,0,0
1770257279765796046,47,37,37,53,0,0,0,0
1770257279767799740,47,37,37,52,0,0,0,0
1770257279769757544,44,37,36,52,0,0,0,0
1770257279772066205,44,37,36,52,0,0,0,0
1770257279773691201,44,37,36,50,0,0,0,0
1770257279775614765,44,38,33,50,0,0,0,0
1770257279777782046,44,38,33,50,0,0,0,0
1770257279779682057,44,38,33,49,0,0,0,0
1770257279781718360,44,41,29,49,0,0,0,0
1770257279784107918,44,41,29,49,0,0,0,0
1770257279785706066,44,41,29,51,0,0,0,0
1770257279787612061,42,42,28,51,0,0,0,0
1770257279789826224,42,42,28,51,0,0,0,0
1770257279791683994,42,42,28,45,0,0,0,0
1770257279793696904,42,42,25,45,0,0,0,0
1770257279796675371,42,44,25,45,0,0,0,0
1770257279797778532,42,44,25,39,0,0,0,0
1770257279799717680,42,44,26,39,0,0,0,0
1770257279801731998,42,50,26,39,0,0,0,0
1770257279803867470,42,50,26,36,0,0,0,0
1770257279805864700,42,49,26,36,0,0,0,0
1770257279807638532,42,49,26,36,0,0,0,0
1770257279809592688,42,49,26,36,0,0,0,0
1770257279811565501,42,51,22,36,0,0,0,0
1770257279813730030,45,51,22,36,0,0,0,0
1770257279815664346,45,51,22,29,0,0,0,0
1770257279817924942,45,56,22,29,0,0,0,0
1770257279819972252,45,56,21,29,0,0,0,0
1770257279823027329,45,56,21,25,0,0,0,0
1770257279824119226,44,56,20,25,0,0,0,0
1770257279826493104,44,56,20,25,0,0,0,0
1770257279827617738,44,56,20,24,0,0,0,0
1770257279829610071,45,56,20,24,0,0,0,0
1770257279831714151,45,56,20,24,0,0,0,0
1770257279833714964,45,56,20,18,0,0,0,0
1770257279835617183,44,56,20,18,0,0,0,0
1770257279837678862,44,58,20,18,0,0,0,0
1770257279839623930,44,58,20,19,0,0,0,0
1770257279841687081,41,58,20,19,0,0,0,0
1770257279843646070,41,58,20,19,0,0,0,0
1770257279845641859,41,58,20,18,0,0,0,0
1770257279848047321,42,58,20,18,0,0,0,0
1770257279850019846,42,58,20,18,0,0,0,0
1770257279851808111,42,58,20,18,0,0,0,0
1770257279854020897,42,61,20,18,0,0,0,0
1770257279855749480,38,61,20,18,0,0,0,0
1770257279857724981,38,61,20,18,0,0,0,0
1770257279859898886,33,61,20,18,0,0,0,0
1770257279862063512,33,58,20,18,0,0,0,0
1770257279863755070,33,58,20,18,0,0,0,0
1770257279865623240,20,59,20,18,0,0,0,0
1770257279867782489,20,59,20,18,0,0,0,0
1770257279869706469,20,59,20,18,0,0,0,0
1770257279871621265,20,62,20,18,0,0,0,0
1770257279873752609,24,62,20,18,0,0,0,0
1770257279876328667,24,62,20,19,0,0,0,0
1770257279877781756,24,53,20,19,0,0,0,0
1770257279879726057,27,53,20,19,0,0,0,0
1770257279881842873,27,53,20,18,0,0,0,0
1770257279883833798,22,53,20,18,0,0,0,0
1770257279886261021,22,48,20,18,0,0,0,0
1770257279887736350,22,48,20,19,0,0,0,0
1770257279889997586,20,48,20,19,0,0,0,0
1770257279891835612,20,48,20,19,0,0,0,0
1770257279894782686,20,48,20,19,0,0,0,0
1770257279895681427,20,48,20,19,0,0,0,0
1770257279897707201,20,45,20,19,0,0,0,0
1770257279899820593,20,45,20,19,0,0,0,0
1770257279902068804,20,45,21,19,0,0,0,0
1770257279905363791,20,21,21,19,0,0,0,0
1770257279905981469,20,21,21,19,0,0,0,0
1770257279907698884,20,19,88,19,0,0,0,0
1770257279909594703,20,19,88,19,0,0,0,0
1770257279911694174,20,19,88,20,0,0,0,0
1770257279913528456,20,24,97,20,0,0,0,0
1770257279915656856,20,24,97,20,0,0,0,0
1770257279917675974,20,24,97,19,0,0,0,0
1770257279919692340,20,27,102,19,0,0,0,0
1770257279921813956,20,27,102,19,0,0,0,0
1770257279923865939,20,27,102,19,0,0,0,0
1770257279925868352,20,27,86,19,0,0,0,0
1770257279927790988,20,26,86,19,0,0,0,0
1770257279929914140,20,26,86,19,0,0,0,0
1770257279931669092,20,18,96,19,0,0,0,0
1770257279933840597,20,18,96,19,0,0,0,0
1770257279935949445,20,18,96,19,0,0,0,0
1770257279937892593,20,18,100,19,0,0,0,0
1770257279940010625,20,19,100,19,0,0,0,0
1770257279941790730,20,19,100,19,0,0,0,0
1770257279943875545,20,19,100,19,0,0,0,0
1770257279945812357,20,18,85,19,0,0,0,0
1770257279947748017,20,18,85,19,0,0,0,0
1770257279949740510,20,18,80,19,0,0,0,0
1770257279951693130,20,18,80,19,0,0,0,0
1770257279953713880,20,18,80,19,0,0,0,0
1770257279955677317,20,18,78,19,0,0,0,0
1770257279957722259,20,18,78,19,0,0,0,0
1770257279959779650,20,18,78,73,0,0,0,0
1770257279961706094,20,18,84,73,0,0,0,0
1770257279964037315,20,18,84,73,0,0,0,0
1770257279965846988,20,18,84,90,0,0,0,0
1770257279967852953,35,19,85,90,0,0,0,0
1770257279969702883,35,19,85,90,0,0,0,0
1770257279971610991,35,19,85,51,0,0,0,0
1770257279973552507,88,19,73,51,0,0,0,0
1770257279975631178,88,19,73,51,0,0,0,0
1770257279977930558,88,19,73,50,0,0,0,0
1770257279979820361,76,19,61,50,0,0,0,0
1770257279981858999,76,44,61,58,0,0,0,0
1770257279983710913,76,44,61,58,0,0,0,0
1770257279985732047,53,44,57,58,0,0,0,0
1770257279987658203,53,68,57,58,0,0,0,0
1770257279989614695,53,68,57,68,0,0,0,0
1770257279991620981,52,68,62,68,0,0,0,0
1770257279993673251,52,72,62,68,0,0,0,0
1770257279995615600,52,72,62,57,0,0,0,0
1770257279997889571,67,72,61,57,0,0,0,0
1770257279999762094,67,64,61,57,0,0,0,0
1770257280001708666,67,64,61,54,0,0,0,0
1770257280003648838,72,62,64,54,0,0,0,0
1770257280005751926,72,62,64,54,0,0,0,0
1770257280007689634,72,62,64,62,0,0,0,0
1770257280009649870,72,62,58,62,0,0,0,0
1770257280011849600,72,66,58,62,0,0,0,0
1770257280014026321,72,66,58,61,0,0,0,0
1770257280015758521,65,66,55,61,0,0,0,0
1770257280017836328,65,76,55,61,0,0,0,0
1770257280019789044,65,76,55,57,0,0,0,0
1770257280021772481,65,72,53,57,0,0,0,0
1770257280024135127,61,72,53,57,0,0,0,0
1770257280025919263,61,72,53,56,0,0,0,0
1770257280027792202,61,68,50,56,0,0,0,0
1770257280029748726,60,68,50,56,0,0,0,0
1770257280031740580,60,68,50,48,0,0,0,0
1770257280033604782,52,69,49,48,0,0,0,0
1770257280035680861,52,69,49,48,0,0,0,0
1770257280037741676,52,69,49,47,0,0,0,0
1770257280039761722,49,69,48,47,0,0,0,0
1770257280041661893,49,72,48,51,0,0,0,0
1770257280044121981,49,72,48,51,0,0,0,0
1770257280045728833,43,68,41,51,0,0,0,0
1770257280047835057,43,68,41,51,0,0,0,0
1770257280050047267,43,68,41,53,0,0,0,0
1770257280051643655,45,65,36,53,0,0,0,0
1770257280053705366,45,65,36,53,0,0,0,0
1770257280055871719,45,65,36,48,0,0,0,0
1770257280057613295,46,72,33,48,0,0,0,0
1770257280059956804,46,72,33,48,0,0,0,0
1770257280061793806,46,72,33,42,0,0,0,0
1770257280063812220,45,69,32,42,0,0,0,0
1770257280065787913,45,69,32,42,0,0,0,0
1770257280067729141,45,69,32,40,0,0,0,0
1770257280070081738,44,69,30,40,0,0,0,0
1770257280071803761,44,62,30,33,0,0,0,0
1770257280073949346,44,62,30,33,0,0,0,0
1770257280076034353,49,64,25,33,0,0,0,0
1770257280077937692,49,64,25,33,0,0,0,0
1770257280079926154,49,64,25,26,0,0,0,0
1770257280081752691,48,64,22,26,0,0,0,0
1770257280084197002,48,66,22,26,0,0,0,0
1770257280086082709,48,66,22,24,0,0,0,0
1770257280088043106,44,62,20,24,0,0,0,0
1770257280089886700,44,62,20,24,0,0,0,0
1770257280091834968,44,62,20,22,0,0,0,0
1770257280093829317,46,60,20,22,0,0,0,0
1770257280095768593,46,60,20,22,0,0,0,0
1770257280097734942,46,60,20,21,0,0,0,0
1770257280099764844,53,60,23,21,0,0,0,0
1770257280101646647,53,56,23,18,0,0,0,0
1770257280104050349,53,56,23,18,0,0,0,0
1770257280107003952,53,53,21,18,0,0,0,0
1770257280107743873,53,53,21,18,0,0,0,0
1770257280109729806,53,53,21,18,0,0,0,0
1770257280111902111,52,46,18,18,0,0,0,0
1770257280113715945,52,46,18,18,0,0,0,0
1770257280115643540,52,46,18,18,0,0,0,0
1770257280117666498,57,46,20,18,0,0,0,0
1770257280119750258,57,37,20,18,0,0,0,0
1770257280121686750,57,37,20,18,0,0,0,0
1770257280124047955,57,32,19,18,0,0,0,0
1770257280125782427,54,32,19,18,0,0,0,0
1770257280127748167,54,32,19,18,0,0,0,0
1770257280129823702,54,31,19,18,0,0,0,0
1770257280131875557,52,31,19,18,0,0,0,0
1770257280133858290,52,31,19,18,0,0,0,0
1770257280136233864,60,31,19,18,0,0,0,0
1770257280137769995,60,31,19,18,0,0,0,0
1770257280139859386,60,31,19,18,0,0,0,0
1770257280141813831,61,16,19,18,0,0,0,0
1770257280143880757,61,16,19,18,0,0,0,0
1770257280146022982,61,16,19,18,0,0,0,0
1770257280148077173,58,16,19,18,0,0,0,0
1770257280149833309,58,17,19,18,0,0,0,0
1770257280151772521,58,17,19,18,0,0,0,0
1770257280153597586,62,17,18,18,0,0,0,0
1770257280155728418,62,19,18,18,0,0,0,0
1770257280157723568,62,19,18,18,0,0,0,0
1770257280159654780,58,20,19,18,0,0,0,0
1770257280161637513,58,20,19,19,0,0,0,0
1770257280163818874,58,20,19,19,0,0,0,0
1770257280166418933,56,17,19,19,0,0,0,0
1770257280167818101,56,17,19,19,0,0,0,0
1770257280169760193,56,17,19,18,0,0,0,0
1770257280171844272,56,18,19,18,0,0,0,0
1770257280173802365,48,18,19,19,0,0,0,0
1770257280175780874,48,18,19,19,0,0,0,0
1770257280178112831,48,18,19,19,0,0,0,0
1770257280180042506,43,18,19,19,0,0,0,0
1770257280181809715,43,18,19,19,0,0,0,0
1770257280183691517,40,18,19,19,0,0,0,0
1770257280185764812,40,18,19,19,0,0,0,0
1770257280187737017,40,18,19,19,0,0,0,0
1770257280189644804,40,18,19,19,0,0,0,0
1770257280191617777,37,18,19,19,0,0,0,0
1770257280194739480,37,18,19,19,0,0,0,0
1770257280196043190,29,18,20,19,0,0,0,0
1770257280197806238,29,18,20,19,0,0,0,0
1770257280200134675,29,18,20,19,0,0,0,0
1770257280201890842,18,18,19,19,0,0,0,0
1770257280203779909,18,18,19,19,0,0,0,0
1770257280205753650,18,18,19,19,0,0,0,0
1770257280207674334,18,18,19,19,0,0,0,0
1770257280209662763,21,18,19,19,0,0,0,0
1770257280211644120,21,18,19,19,0,0,0,0
1770257280213841898,20,18,20,19,0,0,0,0
1770257280215843607,20,18,20,19,0,0,0,0
1770257280217739362,20,18,20,21,0,0,0,0
1770257280219778832,20,18,20,21,0,0,0,0
1770257280221849183,19,18,20,21,0,0,0,0
1770257280223534854,19,18,20,138,0,0,0,0
1770257280225654486,17,18,20,138,0,0,0,0
1770257280227778118,17,18,20,138,0,0,0,0
1770257280229658193,17,18,20,118,0,0,0,0
1770257280231674783,18,18,20,118,0,0,0,0
1770257280233766894,18,18,20,81,0,0,0,0
1770257280235866174,18,18,20,81,0,0,0,0
1770257280237739912,17,100,20,81,0,0,0,0
1770257280239804727,17,100,20,81,0,0,0,0
1770257280241660609,17,100,20,49,0,0,0,0
1770257280243823090,18,100,20,49,0,0,0,0
1770257280245637820,18,108,20,49,0,0,0,0
1770257280247601704,18,108,20,56,0,0,0,0
1770257280249685655,18,108,20,56,0,0,0,0
1770257280251754310,18,45,20,56,0,0,0,0
1770257280253514510,18,45,20,54,0,0,0,0
1770257280256059304,18,45,20,54,0,0,0,0
1770257280257961075,18,34,20,54,0,0,0,0
1770257280259854814,18,34,20,46,0,0,0,0
1770257280262221460,18,39,20,46,0,0,0,0
1770257280263751607,18,39,20,40,0,0,0,0
1770257280265708707,18,39,20,40,0,0,0,0
1770257280268043992,18,39,20,40,0,0,0,0
1770257280269678493,19,74,118,47,0,0,0,0
1770257280271778637,19,74,118,47,0,0,0,0
1770257280273814203,18,74,69,47,0,0,0,0
1770257280276600346,18,57,69,47,0,0,0,0
1770257280277830358,18,57,69,57,0,0,0,0
1770257280279846500,18,60,81,57,0,0,0,0
1770257280281772304,18,60,81,50,0,0,0,0
1770257280284748947,18,60,81,50,0,0,0,0
1770257280285826732,18,70,72,50,0,0,0,0
1770257280287637621,18,70,72,50,0,0,0,0
1770257280289605506,18,70,72,43,0,0,0,0
1770257280291736210,18,78,64,43,0,0,0,0
1770257280294118408,18,78,64,30,0,0,0,0
1770257280296094357,18,78,64,30,0,0,0,0
1770257280297713178,19,81,86,30,0,0,0,0
1770257280299702439,19,81,86,27,0,0,0,0
1770257280301707348,19,81,86,27,0,0,0,0
1770257280303664065,19,70,98,27,0,0,0,0
1770257280305692559,19,70,98,33,0,0,0,0
1770257280307819711,19,70,98,33,0,0,0,0
1770257280309828269,19,62,72,33,0,0,0,0
1770257280311931517,19,62,72,33,0,0,0,0
1770257280313787079,19,62,72,30,0,0,0,0
1770257280316168477,19,57,54,30,0,0,0,0
1770257280317702880,19,57,54,33,0,0,0,0
1770257280319631659,19,57,54,33,0,0,0,0
1770257280321693626,19,57,54,33,0,0,0,0
1770257280323710408,19,58,54,33,0,0,0,0
1770257280325622483,19,58,54,36,0,0,0,0
1770257280327822661,19,60,52,36,0,0,0,0
1770257280330092505,19,60,52,36,0,0,0,0
1770257280331886338,19,60,52,34,0,0,0,0
1770257280333864910,19,56,38,34,0,0,0,0
1770257280335865596,19,56,38,25,0,0,0,0
1770257280337914314,19,56,38,25,0,0,0,0
1770257280340553030,42,49,32,25,0,0,0,0
1770257280341832067,42,49,32,25,0,0,0,0
1770257280344154968,42,49,32,22,0,0,0,0
1770257280345807390,42,48,30,22,0,0,0,0
1770257280347689864,81,48,30,22,0,0,0,0
1770257280349776152,81,48,30,22,0,0,0,0
1770257280351768325,77,46,30,22,0,0,0,0
1770257280353635887,77,46,30,22,0,0,0,0
1770257280355775232,77,46,30,25,0,0,0,0
1770257280358148790,49,52,26,25,0,0,0,0
1770257280359906622,49,52,26,27,0,0,0,0
1770257280361806377,49,52,26,27,0,0,0,0
1770257280364045020,43,52,25,27,0,0,0,0
1770257280365761859,43,52,25,27,0,0,0,0
1770257280367557739,43,52,25,26,0,0,0,0
1770257280369643067,51,53,25,26,0,0,0,0
1770257280371609351,51,53,25,26,0,0,0,0
1770257280373520851,51,53,25,24,0,0,0,0
1770257280375623938,52,55,26,24,0,0,0,0
1770257280378019161,52,55,26,24,0,0,0,0
1770257280379876963,52,55,26,24,0,0,0,0
1770257280381799279,44,56,25,24,0,0,0,0
1770257280383745723,44,56,25,24,0,0,0,0
1770257280385985678,44,56,25,22,0,0,0,0
1770257280387830008,44,50,25,22,0,0,0,0
1770257280389711202,40,50,25,22,0,0,0,0
1770257280391877011,40,50,25,19,0,0,0,0
1770257280394866519,41,54,20,19,0,0,0,0
1770257280396161813,41,54,20,19,0,0,0,0
1770257280397629398,41,54,20,18,0,0,0,0
1770257280399800999,43,56,20,18,0,0,0,0
1770257280401889015,43,56,20,18,0,0,0,0
1770257280403826531,43,56,27,20,0,0,0,0
1770257280405979604,44,57,27,20,0,0,0,0
1770257280407904351,44,57,27,20,0,0,0,0
1770257280409657383,44,57,27,18,0,0,0,0
1770257280411753527,50,54,21,18,0,0,0,0
1770257280413821670,50,54,21,18,0,0,0,0
1770257280415779762,50,54,21,18,0,0,0,0
1770257280417755199,68,49,21,18,0,0,0,0
1770257280420573087,68,49,21,19,0,0,0,0
1770257280421907709,68,49,21,19,0,0,0,0
1770257280424087567,73,46,23,19,0,0,0,0
1770257280426121661,73,46,23,19,0,0,0,0
1770257280427840132,73,46,23,18,0,0,0,0
1770257280429598316,66,45,22,18,0,0,0,0
1770257280431641018,66,45,22,18,0,0,0,0
1770257280433700937,66,45,22,18,0,0,0,0
1770257280435642869,82,31,22,18,0,0,0,0
1770257280437656291,82,31,22,18,0,0,0,0
1770257280439596943,82,31,22,18,0,0,0,0
1770257280441634333,93,28,20,18,0,0,0,0
1770257280443744013,93,28,20,18,0,0,0,0
1770257280445737562,93,28,20,18,0,0,0,0
1770257280447687334,94,28,23,18,0,0,0,0
1770257280450776813,94,28,23,18,0,0,0,0
1770257280451778787,94,28,23,18,0,0,0,0
1770257280453767856,85,15,19,18,0,0,0,0
1770257280455748413,85,15,19,18,0,0,0,0
1770257280457855853,85,15,19,18,0,0,0,0
1770257280459875035,81,17,19,18,0,0,0,0
1770257280462039756,81,17,19,18,0,0,0,0
1770257280463726163,81,17,19,19,0,0,0,0
1770257280466015143,84,19,19,19,0,0,0,0
1770257280467858608,84,19,19,19,0,0,0,0
1770257280469752155,84,19,19,18,0,0,0,0
1770257280471864363,74,17,19,18,0,0,0,0
1770257280473776567,74,17,19,18,0,0,0,0
1770257280475885287,74,17,19,18,0,0,0,0
1770257280477798034,74,16,19,18,0,0,0,0
1770257280479762559,74,16,19,19,0,0,0,0
1770257280481690410,74,16,19,19,0,0,0,0
1770257280483755993,68,16,19,19,0,0,0,0
1770257280485850697,68,16,19,19,0,0,0,0
1770257280487725011,68,16,19,19,0,0,0,0
1770257280489833059,62,16,19,19,0,0,0,0
1770257280491781327,62,16,19,19,0,0,0,0
1770257280493745948,62,16,19,19,0,0,0,0
1770257280495725993,51,16,19,19,0,0,0,0
1770257280497671861,51,16,19,19,0,0,0,0
1770257280499655234,51,16,19,19,0,0,0,0
1770257280501906933,48,16,19,19,0,0,0,0
1770257280503697534,48,16,19,19,0,0,0,0
1770257280505739916,48,16,19,19,0,0,0,0
1770257280507822748,47,17,19,19,0,0,0,0
1770257280509765096,47,17,19,19,0,0,0,0
1770257280511692852,47,17,20,19,0,0,0,0
1770257280513658592,39,17,20,19,0,0,0,0
1770257280515734191,39,17,20,19,0,0,0,0
1770257280517850815,39,17,20,19,0,0,0,0
1770257280519819532,37,17,20,19,0,0,0,0
1770257280521730007,37,17,20,19,0,0,0,0
1770257280523827591,37,17,20,19,0,0,0,0
1770257280526074394,24,17,20,19,0,0,0,0
1770257280527770816,24,17,20,19,0,0,0,0
1770257280529596266,24,17,20,19,0,0,0,0
1770257280531782332,24,17,20,19,0,0,0,0
1770257280533728168,24,17,20,19,0,0,0,0
1770257280535656020,24,17,20,23,0,0,0,0
1770257280537910631,20,18,20,23,0,0,0,0
1770257280539864787,20,18,20,23,0,0,0,0
1770257280541740414,19,18,20,138,0,0,0,0
1770257280543931055,19,17,20,138,0,0,0,0
1770257280545819418,19,17,20,125,0,0,0,0
1770257280547798855,19,17,20,125,0,0,0,0
1770257280549751988,17,17,20,125,0,0,0,0
1770257280551831779,17,17,20,125,0,0,0,0
1770257280553958483,17,17,20,81,0,0,0,0
1770257280555704923,17,17,20,81,0,0,0,0
1770257280557751305,17,17,20,52,0,0,0,0
1770257280559867033,17,17,20,52,0,0,0,0
1770257280561673026,17,29,19,52,0,0,0,0
1770257280563875284,17,29,19,54,0,0,0,0
1770257280565682557,17,29,19,54,0,0,0,0
1770257280567728492,17,133,20,54,0,0,0,0
1770257280569665400,17,133,20,57,0,0,0,0
1770257280571757447,17,133,20,57,0,0,0,0
1770257280573784533,17,92,20,57,0,0,0,0
1770257280575816131,17,92,20,42,0,0,0,0
1770257280577777072,17,92,20,42,0,0,0,0
1770257280580132645,17,46,110,42,0,0,0,0
1770257280581775691,17,46,110,40,0,0,0,0
1770257280583737751,17,46,110,40,0,0,0,0
1770257280585777669,17,40,81,40,0,0,0,0
1770257280587818164,17,40,81,40,0,0,0,0
1770257280589853378,17,40,81,52,0,0,0,0
1770257280591770861,18,74,32,52,0,0,0,0
1770257280594092482,18,74,32,52,0,0,0,0
1770257280595722663,18,74,53,52,0,0,0,0
1770257280597913977,18,74,53,52,0,0,0,0
1770257280599657504,18,74,53,52,0,0,0,0
1770257280601658190,18,74,89,39,0,0,0,0
1770257280603707708,18,66,89,39,0,0,0,0
1770257280605776587,18,66,89,39,0,0,0,0
1770257280607750712,18,66,89,33,0,0,0,0
1770257280609782342,18,74,77,33,0,0,0,0
1770257280611759379,18,74,77,22,0,0,0,0
1770257280613596829,18,74,77,22,0,0,0,0
1770257280615747950,18,82,54,22,0,0,0,0
1770257280617750651,18,82,54,22,0,0,0,0
1770257280619666215,19,82,66,29,0,0,0,0
1770257280621783159,19,82,66,29,0,0,0,0
1770257280623870598,19,82,66,29,0,0,0,0
1770257280625792370,19,82,66,36,0,0,0,0
1770257280627810464,18,68,65,36,0,0,0,0
1770257280629814669,18,68,65,34,0,0,0,0
1770257280631881820,18,68,65,34,0,0,0,0
1770257280634059085,18,61,55,34,0,0,0,0
1770257280636001754,18,61,55,34,0,0,0,0
1770257280637970822,18,61,39,31,0,0,0,0
1770257280639786575,19,64,39,31,0,0,0,0
1770257280641736316,19,64,39,36,0,0,0,0
1770257280643863052,19,64,39,36,0,0,0,0
1770257280645757431,18,64,36,36,0,0,0,0
1770257280647724036,18,68,36,36,0,0,0,0
1770257280649704913,18,68,34,34,0,0,0,0
1770257280652621747,22,68,34,34,0,0,0,0
1770257280653872111,22,68,34,34,0,0,0,0
1770257280655764538,22,68,33,28,0,0,0,0
1770257280657814889,55,62,33,28,0,0,0,0
1770257280659840279,55,62,33,24,0,0,0,0
1770257280661681953,55,62,33,24,0,0,0,0
1770257280664108280,77,56,30,24,0,0,0,0
1770257280665809790,77,56,30,24,0,0,0,0
1770257280667762731,77,56,26,24,0,0,0,0
1770257280670080095,58,53,26,24,0,0,0,0
1770257280672039020,58,53,26,25,0,0,0,0
1770257280673667569,58,53,26,25,0,0,0,0
1770257280675966789,37,56,26,25,0,0,0,0
1770257280677782542,37,56,26,25,0,0,0,0
1770257280679654521,37,56,25,24,0,0,0,0
1770257280681662246,41,58,25,24,0,0,0,0
1770257280683780310,41,58,25,23,0,0,0,0
1770257280685897830,41,58,25,23,0,0,0,0
1770257280687827186,45,61,26,23,0,0,0,0
1770257280689782046,45,61,26,24,0,0,0,0
1770257280691839597,64,61,26,24,0,0,0,0
1770257280693868283,64,61,26,24,0,0,0,0
1770257280695676612,64,61,26,24,0,0,0,0
1770257280697548495,45,61,26,22,0,0,0,0
1770257280699601341,45,60,26,22,0,0,0,0
1770257280701656396,45,60,26,22,0,0,0,0
1770257280703813597,41,60,25,19,0,0,0,0
1770257280706674206,41,53,25,19,0,0,0,0
1770257280707893946,41,53,25,19,0,0,0,0
1770257280709725795,41,53,21,20,0,0,0,0
1770257280711716560,44,56,21,20,0,0,0,0
1770257280714030021,44,56,21,19,0,0,0,0
1770257280715609929,44,56,21,19,0,0,0,0
1770257280717731737,54,58,21,19,0,0,0,0
1770257280719781992,54,58,21,19,0,0,0,0
1770257280721641298,54,58,21,19,0,0,0,0
1770257280723691936,57,57,22,19,0,0,0,0
1770257280725736495,57,57,22,20,0,0,0,0
1770257280728068580,57,57,22,20,0,0,0,0
1770257280730019952,54,54,20,20,0,0,0,0
1770257280731873242,54,54,20,20,0,0,0,0
1770257280733752005,54,54,21,18,0,0,0,0
1770257280735755826,66,48,21,18,0,0,0,0
1770257280737696990,66,48,21,19,0,0,0,0
1770257280739594793,66,48,21,19,0,0,0,0
1770257280741735962,72,43,20,19,0,0,0,0
1770257280743642789,72,43,20,19,0,0,0,0
1770257280746062076,72,43,20,19,0,0,0,0
1770257280747742626,72,38,21,19,0,0,0,0
1770257280750015318,72,38,21,18,0,0,0,0
1770257280751770910,72,38,21,18,0,0,0,0
1770257280753763915,89,29,20,18,0,0,0,0
1770257280755631061,89,29,20,18,0,0,0,0
1770257280757649923,93,29,20,18,0,0,0,0
1770257280759631856,93,26,22,18,0,0,0,0
1770257280761650750,93,26,22,18,0,0,0,0
1770257280763630571,93,26,20,18,0,0,0,0
1770257280766767378,92,25,20,18,0,0,0,0
1770257280768173490,92,25,20,18,0,0,0,0
1770257280770079997,92,25,20,18,0,0,0,0
1770257280772172077,89,16,20,18,0,0,0,0
1770257280774022231,89,16,20,18,0,0,0,0
1770257280775751422,89,16,19,18,0,0,0,0
1770257280777728299,82,18,19,18,0,0,0,0
1770257280779719192,82,18,19,18,0,0,0,0
1770257280781867753,82,18,19,18,0,0,0,0
1770257280783824437,84,18,19,18,0,0,0,0
1770257280785884740,84,18,19,18,0,0,0,0
1770257280787771855,84,18,19,18,0,0,0,0
1770257280790098628,84,16,19,18,0,0,0,0
1770257280791779530,84,16,19,18,0,0,0,0
1770257280793829305,84,16,19,18,0,0,0,0
1770257280796115116,73,16,19,18,0,0,0,0
1770257280797640079,73,16,19,19,0,0,0,0
1770257280799760191,73,16,19,19,0,0,0,0
1770257280801579048,69,16,19,19,0,0,0,0
1770257280803613495,69,16,19,18,0,0,0,0
1770257280805720391,69,16,19,18,0,0,0,0
1770257280807910168,65,16,19,18,0,0,0,0
1770257280809805667,65,16,19,18,0,0,0,0
1770257280811669358,56,16,19,18,0,0,0,0
1770257280814051268,56,16,19,18,0,0,0,0
1770257280815839660,56,16,19,18,0,0,0,0
1770257280817751832,56,16,19,19,0,0,0,0
1770257280819770245,55,16,19,19,0,0,0,0
1770257280821766227,55,16,19,19,0,0,0,0
1770257280824054471,55,16,19,19,0,0,0,0
1770257280826020947,53,16,20,19,0,0,0,0
1770257280827800988,53,16,20,19,0,0,0,0
1770257280829778793,53,16,19,19,0,0,0,0
1770257280831708052,47,17,19,19,0,0,0,0
1770257280834045514,47,17,19,19,0,0,0,0
1770257280836086008,47,17,19,19,0,0,0,0
1770257280837942882,37,17,20,19,0,0,0,0
1770257280839751019,37,17,20,19,0,0,0,0
1770257280842264548,24,17,20,19,0,0,0,0
1770257280844208240,24,17,20,19,0,0,0,0
1770257280845940120,24,17,20,19,0,0,0,0
1770257280847745505,24,17,20,19,0,0,0,0
1770257280849669292,22,17,19,19,0,0,0,0
1770257280851698298,22,17,19,19,0,0,0,0
1770257280853816778,22,17,19,19,0,0,0,0
1770257280855655892,19,17,20,19,0,0,0,0
1770257280857813829,19,17,20,112,0,0,0,0
1770257280859800018,18,17,20,112,0,0,0,0
1770257280861926018,18,17,20,112,0,0,0,0
1770257280863947312,18,17,20,148,0,0,0,0
1770257280866024096,18,17,20,148,0,0,0,0
1770257280867658469,16,17,20,148,0,0,0,0
1770257280869720979,16,17,20,105,0,0,0,0
1770257280871744097,16,17,20,105,0,0,0,0
1770257280873874066,16,17,20,105,0,0,0,0
1770257280875853695,16,17,20,68,0,0,0,0
1770257280877653128,16,17,20,68,0,0,0,0
1770257280879875354,16,100,20,68,0,0,0,0
1770257280881833990,16,100,20,49,0,0,0,0
1770257280883744274,16,100,20,49,0,0,0,0
1770257280886022822,16,152,20,49,0,0,0,0
1770257280887709964,16,152,20,49,0,0,0,0
1770257280889613111,16,152,20,57,0,0,0,0
1770257280891680838,16,90,20,57,0,0,0,0
1770257280893730132,16,90,20,57,0,0,0,0
1770257280895628864,16,90,124,42,0,0,0,0
1770257280897675598,16,46,124,42,0,0,0,0
1770257280899813567,16,46,124,41,0,0,0,0
1770257280902063442,16,46,124,41,0,0,0,0
1770257280903921372,16,44,76,41,0,0,0,0
1770257280905760966,16,44,76,41,0,0,0,0
1770257280907817492,16,44,29,48,0,0,0,0
1770257280909877795,18,78,29,48,0,0,0,0
1770257280911742637,18,78,29,46,0,0,0,0
1770257280913780668,18,78,29,46,0,0,0,0
1770257280915706823,17,73,45,46,0,0,0,0
1770257280918161567,17,73,45,42,0,0,0,0
1770257280919776772,17,73,45,42,0,0,0,0
1770257280921752849,17,64,92,42,0,0,0,0
1770257280923723325,17,64,92,34,0,0,0,0
1770257280926022674,17,64,92,34,0,0,0,0
1770257280927850491,17,74,93,34,0,0,0,0
1770257280929616227,17,74,93,30,0,0,0,0
1770257280931613649,17,74,60,30,0,0,0,0
1770257280933597630,17,82,60,30,0,0,0,0
1770257280935665101,17,82,60,30,0,0,0,0
1770257280937587384,18,82,54,25,0,0,0,0
1770257280939663559,18,82,54,25,0,0,0,0
1770257280941674645,18,82,54,25,0,0,0,0
1770257280943756836,18,82,64,33,0,0,0,0
1770257280945719985,18,74,64,33,0,0,0,0
1770257280947688765,18,74,64,33,0,0,0,0
1770257280950086100,18,74,64,33,0,0,0,0
1770257280951992319,18,65,62,33,0,0,0,0
1770257280953833801,18,65,62,29,0,0,0,0
1770257280955881399,18,65,44,29,0,0,0,0
1770257280957868901,18,62,44,29,0,0,0,0
1770257280959877714,18,62,44,30,0,0,0,0
1770257280961865727,18,62,32,30,0,0,0,0
1770257280963880301,18,65,32,30,0,0,0,0
1770257280965820569,18,65,32,32,0,0,0,0
1770257280967866504,18,65,32,32,0,0,0,0
1770257280969800307,18,62,32,32,0,0,0,0
1770257280971667486,18,62,32,32,0,0,0,0
1770257280973648651,18,62,32,28,0,0,0,0
1770257280975691929,36,60,32,28,0,0,0,0
1770257280977819081,36,60,32,22,0,0,0,0
1770257280979933401,36,60,32,22,0,0,0,0
1770257280981825252,82,55,31,22,0,0,0,0
1770257280983834194,82,55,31,22,0,0,0,0
1770257280985705437,66,55,26,22,0,0,0,0
1770257280987912079,66,53,26,22,0,0,0,0
1770257280989853435,66,53,26,23,0,0,0,0
1770257280991697253,44,53,26,23,0,0,0,0
1770257280993836949,44,56,26,23,0,0,0,0
1770257280995661311,44,56,26,24,0,0,0,0
1770257280997836112,40,56,26,24,0,0,0,0
1770257281000583630,40,57,26,24,0,0,0,0
1770257281001861643,40,57,26,24,0,0,0,0
1770257281003799287,40,57,26,22,0,0,0,0
1770257281006022218,52,60,27,22,0,0,0,0
1770257281007792690,52,60,27,21,0,0,0,0
1770257281009829760,66,60,26,21,0,0,0,0
1770257281011588616,66,58,26,21,0,0,0,0
1770257281013524500,66,58,26,19,0,0,0,0
1770257281015668613,47,58,26,19,0,0,0,0
1770257281017653010,47,57,26,19,0,0,0,0
1770257281019586174,47,57,26,20,0,0,0,0
1770257281021744975,47,54,26,20,0,0,0,0
1770257281023799869,37,54,26,20,0,0,0,0
1770257281025768138,37,54,26,19,0,0,0,0
1770257281027837593,37,54,25,19,0,0,0,0
1770257281029765477,40,49,25,19,0,0,0,0
1770257281031850420,40,49,25,19,0,0,0,0
1770257281033891426,40,49,20,19,0,0,0,0
1770257281035821390,49,54,20,19,0,0,0,0
1770257281038009408,49,54,20,20,0,0,0,0
1770257281039866730,49,54,20,20,0,0,0,0
1770257281041650099,60,54,20,20,0,0,0,0
1770257281043793859,60,54,20,19,0,0,0,0
1770257281045733071,60,54,21,19,0,0,0,0
1770257281048063268,58,53,21,19,0,0,0,0
1770257281049785611,58,53,21,19,0,0,0,0
1770257281051763864,70,53,20,20,0,0,0,0
1770257281053851336,70,45,20,20,0,0,0,0
1770257281056080442,70,45,20,20,0,0,0,0
1770257281057836866,70,45,20,18,0,0,0,0
1770257281059809071,85,37,20,18,0,0,0,0
1770257281061777788,85,37,20,19,0,0,0,0
1770257281063882059,86,37,20,19,0,0,0,0
1770257281066009628,86,33,20,19,0,0,0,0
1770257281067651905,86,33,20,19,0,0,0,0
1770257281069693711,78,33,20,19,0,0,0,0
1770257281071755582,78,29,20,19,0,0,0,0
1770257281073607816,78,29,20,18,0,0,0,0
1770257281075944829,89,29,20,18,0,0,0,0
1770257281077822536,89,23,20,18,0,0,0,0
1770257281079642897,89,23,20,18,0,0,0,0
1770257281081721440,89,23,21,18,0,0,0,0
1770257281083775183,89,17,21,18,0,0,0,0
1770257281085849118,89,17,21,18,0,0,0,0
1770257281087802442,89,17,21,18,0,0,0,0
1770257281089846937,84,20,19,18,0,0,0,0
1770257281091765412,84,20,19,18,0,0,0,0
1770257281094270589,82,20,19,18,0,0,0,0
1770257281095816448,82,17,19,18,0,0,0,0
1770257281097771437,82,17,19,18,0,0,0,0
1770257281099779386,81,17,19,18,0,0,0,0
1770257281101763591,81,16,19,18,0,0,0,0
1770257281103632242,81,16,19,18,0,0,0,0
1770257281105876709,80,16,19,18,0,0,0,0
1770257281107815185,80,16,19,18,0,0,0,0
1770257281109705276,80,16,19,18,0,0,0,0
1770257281111775563,80,16,19,18,0,0,0,0
1770257281113796728,69,16,19,18,0,0,0,0
1770257281115840871,69,16,19,19,0,0,0,0
1770257281117864373,66,16,19,19,0,0,0,0
1770257281120066439,66,16,19,19,0,0,0,0
1770257281122020339,66,16,19,18,0,0,0,0
1770257281123650808,66,16,19,18,0,0,0,0
1770257281125755656,65,16,19,18,0,0,0,0
1770257281127741557,65,16,19,18,0,0,0,0
1770257281129629792,54,16,19,18,0,0,0,0
1770257281131800625,54,17,19,18,0,0,0,0
1770257281134016931,54,17,19,19,0,0,0,0
1770257281135848173,38,17,19,19,0,0,0,0
1770257281137850299,38,17,19,19,0,0,0,0
1770257281139787942,38,17,19,19,0,0,0,0
1770257281141743571,38,17,19,19,0,0,0,0
1770257281143825666,40,17,19,19,0,0,0,0
1770257281145670572,40,17,19,19,0,0,0,0
1770257281147823741,40,17,19,19,0,0,0,0
1770257281149684263,40,17,19,19,0,0,0,0
1770257281151796951,40,17,19,19,0,0,0,0
1770257281153816389,40,17,19,19,0,0,0,0
1770257281155800146,28,18,19,19,0,0,0,0
1770257281157991588,28,18,19,19,0,0,0,0
1770257281160052083,28,18,19,19,0,0,0,0
1770257281161877916,18,17,19,19,0,0,0,0
1770257281163575683,18,17,19,19,0,0,0,0
1770257281165568944,20,17,19,19,0,0,0,0
1770257281167567165,20,17,19,19,0,0,0,0
1770257281169561418,20,17,19,80,0,0,0,0
1770257281171630169,20,17,20,80,0,0,0,0
1770257281173806667,20,18,20,80,0,0,0,0
1770257281175826265,20,18,20,158,0,0,0,0
1770257281177713763,20,18,19,158,0,0,0,0
1770257281179819091,16,17,19,158,0,0,0,0
1770257281181715486,16,17,19,137,0,0,0,0
1770257281183842191,16,17,19,137,0,0,0,0
1770257281185749786,16,18,19,137,0,0,0,0
1770257281187831337,16,18,19,82,0,0,0,0
1770257281189766965,16,18,19,82,0,0,0,0
1770257281191746914,16,121,19,82,0,0,0,0
1770257281194123736,16,121,19,52,0,0,0,0
1770257281195725724,16,121,19,52,0,0,0,0
1770257281197798027,16,144,19,52,0,0,0,0
1770257281199595892,16,144,19,48,0,0,0,0
1770257281201635363,16,144,20,48,0,0,0,0
1770257281203735410,16,86,20,48,0,0,0,0
1770257281205554780,16,86,20,41,0,0,0,0
1770257281207602506,17,86,58,41,0,0,0,0
1770257281209670937,17,38,58,41,0,0,0,0
1770257281211742248,17,38,58,45,0,0,0,0
1770257281214078013,17,38,145,45,0,0,0,0
1770257281216042090,17,33,145,45,0,0,0,0
1770257281217816242,17,33,145,52,0,0,0,0
1770257281219868352,17,33,86,52,0,0,0,0
1770257281221827565,17,38,86,52,0,0,0,0
1770257281223654518,17,38,86,45,0,0,0,0
1770257281225702917,17,38,41,45,0,0,0,0
1770257281227649521,17,64,41,45,0,0,0,0
1770257281229578525,17,64,41,36,0,0,0,0
1770257281231699309,17,64,26,36,0,0,0,0
1770257281234030498,17,82,26,36,0,0,0,0
1770257281236321910,17,82,26,29,0,0,0,0
1770257281238025693,17,82,61,29,0,0,0,0
1770257281239653922,17,88,61,29,0,0,0,0
1770257281242195291,17,88,61,33,0,0,0,0
1770257281243914018,17,88,90,33,0,0,0,0
1770257281245927248,17,88,90,33,0,0,0,0
1770257281248166275,17,88,90,37,0,0,0,0
1770257281249851465,17,88,70,37,0,0,0,0
1770257281251647922,18,85,70,37,0,0,0,0
1770257281253672160,18,85,70,33,0,0,0,0
1770257281255751823,18,85,50,33,0,0,0,0
1770257281257868127,18,74,50,33,0,0,0,0
1770257281259725065,18,74,50,32,0,0,0,0
1770257281262159937,18,74,53,32,0,0,0,0
1770257281264100621,18,68,53,32,0,0,0,0
1770257281265973591,18,68,53,28,0,0,0,0
1770257281267767392,18,68,52,28,0,0,0,0
1770257281270177751,18,64,52,28,0,0,0,0
1770257281271596535,18,64,52,26,0,0,0,0
1770257281273635141,18,64,45,26,0,0,0,0
1770257281276192735,18,64,45,26,0,0,0,0
1770257281277720034,18,64,45,24,0,0,0,0
1770257281279822034,40,64,45,24,0,0,0,0
1770257281281967202,40,62,35,24,0,0,0,0
1770257281283822092,40,62,35,24,0,0,0,0
1770257281286109696,64,62,34,24,0,0,0,0
1770257281288191376,64,64,34,24,0,0,0,0
1770257281290061818,64,64,34,26,0,0,0,0
1770257281291750592,53,64,34,26,0,0,0,0
1770257281293774222,53,58,34,26,0,0,0,0
1770257281295613560,53,58,34,26,0,0,0,0
1770257281297860619,37,58,32,26,0,0,0,0
1770257281300092670,37,57,32,26,0,0,0,0
1770257281301855782,37,57,32,25,0,0,0,0
1770257281303643854,37,57,28,25,0,0,0,0
1770257281305752638,40,55,28,25,0,0,0,0
1770257281307650921,40,55,28,23,0,0,0,0
1770257281309680727,49,55,26,23,0,0,0,0
1770257281311812936,49,60,26,23,0,0,0,0
1770257281313913431,49,60,26,24,0,0,0,0
1770257281315812835,49,60,26,24,0,0,0,0
1770257281317809680,58,64,26,24,0,0,0,0
1770257281319706043,58,64,26,23,0,0,0,0
1770257281321682952,51,64,26,23,0,0,0,0
1770257281323701014,51,61,26,23,0,0,0,0
1770257281325725988,51,61,26,22,0,0,0,0
1770257281328136986,48,61,25,22,0,0,0,0
1770257281329788832,48,53,25,22,0,0,0,0
1770257281331863087,48,53,25,19,0,0,0,0
1770257281333810779,48,53,26,19,0,0,0,0
1770257281335728967,48,56,26,19,0,0,0,0
1770257281337795638,48,56,26,19,0,0,0,0
1770257281339805603,53,56,20,19,0,0,0,0
1770257281341727503,53,58,20,19,0,0,0,0
1770257281343717884,53,58,20,20,0,0,0,0
1770257281345823948,58,58,20,20,0,0,0,0
1770257281348136320,58,55,20,20,0,0,0,0
1770257281349790342,58,55,20,18,0,0,0,0
1770257281351792595,58,55,21,18,0,0,0,0
1770257281353843970,64,52,21,18,0,0,0,0
1770257281355789646,64,52,21,19,0,0,0,0
1770257281358208549,74,52,20,19,0,0,0,0
1770257281359809033,74,48,20,19,0,0,0,0
1770257281361899097,74,48,20,19,0,0,0,0
1770257281363962408,74,48,21,19,0,0,0,0
1770257281366131705,74,45,21,19,0,0,0,0
1770257281367692156,74,45,21,19,0,0,0,0
1770257281369831757,77,45,20,19,0,0,0,0
1770257281371833306,77,40,20,19,0,0,0,0
1770257281373722725,77,40,20,19,0,0,0,0
1770257281375916951,97,40,20,19,0,0,0,0
1770257281377936677,97,29,20,19,0,0,0,0
1770257281379682509,97,29,20,18,0,0,0,0
1770257281381662746,92,29,20,18,0,0,0,0
1770257281383692680,92,28,20,18,0,0,0,0
1770257281385645844,92,28,20,18,0,0,0,0
1770257281387838534,92,28,21,18,0,0,0,0
1770257281389681392,92,23,21,18,0,0,0,0
1770257281391676701,92,23,21,18,0,0,0,0
1770257281393784973,93,23,19,18,0,0,0,0
1770257281395997599,93,17,19,18,0,0,0,0
1770257281397753383,93,17,19,18,0,0,0,0
1770257281399790037,93,17,19,18,0,0,0,0
1770257281401737057,86,20,19,18,0,0,0,0
1770257281403916787,86,20,19,18,0,0,0,0
1770257281405817502,88,20,18,18,0,0,0,0
1770257281407957774,88,19,18,18,0,0,0,0
1770257281409760823,88,19,18,18,0,0,0,0
1770257281411789637,85,19,18,18,0,0,0,0
1770257281413844788,85,17,18,18,0,0,0,0
1770257281415777536,85,17,18,18,0,0,0,0
1770257281417792718,80,17,18,18,0,0,0,0
1770257281419877053,80,16,18,18,0,0,0,0
1770257281422100400,80,16,18,18,0,0,0,0
1770257281423819831,77,16,18,18,0,0,0,0
1770257281426132299,77,16,18,18,0,0,0,0
1770257281428136665,77,16,18,19,0,0,0,0
1770257281429689340,66,16,19,19,0,0,0,0
1770257281431693673,66,16,19,19,0,0,0,0
1770257281433742744,66,16,19,18,0,0,0,0
1770257281435769926,58,16,19,18,0,0,0,0
1770257281437741427,58,16,19,18,0,0,0,0
1770257281439942469,58,16,19,18,0,0,0,0
1770257281442162647,60,16,19,18,0,0,0,0
1770257281444963479,60,16,19,18,0,0,0,0
1770257281446144241,60,16,19,19,0,0,0,0
1770257281447786903,57,17,19,19,0,0,0,0
1770257281449688578,57,17,19,19,0,0,0,0
1770257281451888468,57,17,19,19,0,0,0,0
1770257281453791199,38,17,19,19,0,0,0,0
1770257281455879470,38,17,19,19,0,0,0,0
1770257281457724952,38,17,19,18,0,0,0,0
1770257281459857801,37,17,19,18,0,0,0,0
1770257281461654418,37,17,19,18,0,0,0,0
1770257281463834339,37,17,19,19,0,0,0,0
1770257281465769871,25,17,19,19,0,0,0,0
1770257281467814781,25,17,19,19,0,0,0,0
1770257281469660391,25,17,19,19,0,0,0,0
1770257281471732342,20,17,19,19,0,0,0,0
1770257281473842406,20,17,19,19,0,0,0,0
1770257281476845002,20,17,19,19,0,0,0,0
1770257281477814752,20,17,19,19,0,0,0,0
1770257281479747724,17,17,19,19,0,0,0,0
1770257281481713465,17,17,19,113,0,0,0,0
1770257281484085679,19,17,19,113,0,0,0,0
1770257281485982874,19,17,19,113,0,0,0,0
1770257281487840740,19,17,19,136,0,0,0,0
1770257281489805553,16,17,19,136,0,0,0,0
1770257281491831647,16,17,19,136,0,0,0,0
1770257281493850572,16,17,19,97,0,0,0,0
1770257281495849690,16,17,19,97,0,0,0,0
1770257281498168334,16,18,19,97,0,0,0,0
1770257281499744658,16,18,19,70,0,0,0,0
1770257281502979516,16,18,19,70,0,0,0,0
1770257281504807173,16,81,19,70,0,0,0,0
1770257281505629528,16,81,19,53,0,0,0,0
1770257281507641061,16,81,19,53,0,0,0,0
1770257281509692404,16,114,19,53,0,0,0,0
1770257281511724322,16,114,19,60,0,0,0,0
1770257281513704687,16,114,20,60,0,0,0,0
1770257281515682748,16,78,20,60,0,0,0,0
1770257281517570247,16,78,20,45,0,0,0,0
1770257281519660854,16,78,19,45,0,0,0,0
1770257281521672932,16,45,19,45,0,0,0,0
1770257281523698290,16,45,19,39,0,0,0,0
1770257281526208171,16,45,144,39,0,0,0,0
1770257281528131415,16,43,144,39,0,0,0,0
1770257281529871678,16,43,144,49,0,0,0,0
1770257281532113073,16,43,81,49,0,0,0,0
1770257281534811310,17,65,81,49,0,0,0,0
1770257281535838566,17,65,81,50,0,0,0,0
1770257281537715600,17,65,89,50,0,0,0,0
1770257281539691293,17,65,89,50,0,0,0,0
1770257281541787981,17,65,89,45,0,0,0,0
1770257281543853372,17,69,86,45,0,0,0,0
1770257281545872649,17,69,86,45,0,0,0,0
1770257281547811253,17,69,86,33,0,0,0,0
1770257281549717569,17,69,73,33,0,0,0,0
1770257281551895474,17,78,73,33,0,0,0,0
1770257281553663354,17,78,73,21,0,0,0,0
1770257281555680392,17,78,61,21,0,0,0,0
1770257281557659669,17,82,61,21,0,0,0,0
1770257281559882503,17,82,61,24,0,0,0,0
1770257281561684176,18,81,76,24,0,0,0,0
1770257281563788288,18,81,76,24,0,0,0,0
1770257281566050515,18,81,76,32,0,0,0,0
1770257281567818236,18,65,68,32,0,0,0,0
1770257281569753960,18,65,68,32,0,0,0,0
1770257281571819126,18,65,68,31,0,0,0,0
1770257281573808612,18,65,50,31,0,0,0,0
1770257281576277436,18,56,50,31,0,0,0,0
1770257281577733821,18,56,50,30,0,0,0,0
1770257281579858701,18,58,43,30,0,0,0,0
1770257281581773080,18,58,43,30,0,0,0,0
1770257281583822023,18,58,43,36,0,0,0,0
1770257281585933175,18,58,42,36,0,0,0,0
1770257281587869891,18,66,42,36,0,0,0,0
1770257281589821039,18,66,42,33,0,0,0,0
1770257281591876574,18,66,38,33,0,0,0,0
1770257281593833290,18,64,38,33,0,0,0,0
1770257281595707093,18,64,38,25,0,0,0,0
1770257281597605088,56,64,33,25,0,0,0,0
1770257281599672175,56,53,33,25,0,0,0,0
1770257281601521369,56,53,33,21,0,0,0,0
1770257281603802957,96,53,29,21,0,0,0,0
1770257281605788602,96,48,29,21,0,0,0,0
1770257281607809992,96,48,29,22,0,0,0,0
1770257281609723699,69,48,28,22,0,0,0,0
1770257281611862020,69,49,28,22,0,0,0,0
1770257281613812400,69,49,28,24,0,0,0,0
1770257281615788061,45,49,26,24,0,0,0,0
1770257281617786858,45,57,26,24,0,0,0,0
1770257281619690517,45,57,26,21,0,0,0,0
1770257281621622785,42,57,25,21,0,0,0,0
1770257281624069721,42,56,25,21,0,0,0,0
1770257281626055494,42,56,25,20,0,0,0,0
1770257281627766157,50,56,25,20,0,0,0,0
1770257281629784794,50,59,25,20,0,0,0,0
1770257281631796040,50,59,25,21,0,0,0,0
1770257281633859799,53,59,25,21,0,0,0,0
1770257281635648255,53,61,25,21,0,0,0,0
1770257281637608684,53,61,25,21,0,0,0,0
1770257281639685915,41,61,25,21,0,0,0,0
1770257281641662600,41,58,25,21,0,0,0,0
1770257281643770040,41,58,25,19,0,0,0,0
1770257281645845863,34,52,25,19,0,0,0,0
1770257281647802931,34,52,24,19,0,0,0,0
1770257281649746080,34,52,24,20,0,0,0,0
1770257281651792846,37,52,20,20,0,0,0,0
1770257281653778523,37,56,20,20,0,0,0,0
1770257281655773928,37,56,20,18,0,0,0,0
1770257281657574609,46,56,20,18,0,0,0,0
1770257281659825092,46,57,20,18,0,0,0,0
1770257281662061271,46,57,20,19,0,0,0,0
1770257281664113190,46,57,22,19,0,0,0,0
1770257281666080882,50,60,22,19,0,0,0,0
1770257281667881595,50,60,22,18,0,0,0,0
1770257281670068365,50,56,20,18,0,0,0,0
1770257281673724128,50,56,20,18,0,0,0,0
1770257281677845629,50,56,22,18,0,0,0,0
1770257281679902540,70,53,22,19,0,0,0,0
1770257281680781792,70,53,22,19,0,0,0,0
1770257281681578898,70,53,20,19,0,0,0,0
1770257281683600864,78,44,20,19,0,0,0,0
1770257281685826995,78,44,20,18,0,0,0,0
1770257281688149415,73,44,22,18,0,0,0,0
1770257281689816525,73,42,22,18,0,0,0,0
1770257281691684440,73,42,22,18,0,0,0,0
1770257281694227249,88,42,20,18,0,0,0,0
1770257281695809365,88,30,20,18,0,0,0,0
1770257281697678336,96,30,20,18,0,0,0,0
1770257281699729486,96,30,20,18,0,0,0,0
1770257281701704091,96,27,20,18,0,0,0,0
1770257281703690184,96,27,20,18,0,0,0,0
1770257281706100607,96,27,21,18,0,0,0,0
1770257281707882535,96,21,21,18,0,0,0,0
1770257281709745874,96,21,21,18,0,0,0,0
1770257281712076583,94,21,19,18,0,0,0,0
1770257281713786061,94,16,19,18,0,0,0,0
1770257281715796443,94,16,19,18,0,0,0,0
1770257281717839145,80,18,18,18,0,0,0,0
1770257281719806134,80,18,18,18,0,0,0,0
1770257281721750114,80,18,18,18,0,0,0,0
1770257281723684558,86,17,19,18,0,0,0,0
1770257281725671195,86,17,19,18,0,0,0,0
1770257281727843661,86,17,19,18,0,0,0,0
1770257281729689046,82,17,18,18,0,0,0,0
1770257281731661155,82,16,18,18,0,0,0,0
1770257281733862933,82,16,18,18,0,0,0,0
1770257281736164937,70,16,18,18,0,0,0,0
1770257281737803759,70,16,18,18,0,0,0,0
1770257281739827293,70,16,18,18,0,0,0,0
1770257281741723592,69,16,19,18,0,0,0,0
1770257281743791799,69,16,19,18,0,0,0,0
1770257281745736035,69,16,19,18,0,0,0,0
1770257281747899380,60,16,19,18,0,0,0,0
1770257281749720573,60,16,19,18,0,0,0,0
1770257281752147412,60,16,19,18,0,0,0,0
1770257281753807290,54,16,19,18,0,0,0,0
1770257281755799975,54,16,19,18,0,0,0,0
1770257281757672050,54,16,19,18,0,0,0,0
1770257281759792866,51,16,19,18,0,0,0,0
1770257281761700749,51,16,19,18,0,0,0,0
1770257281763632217,51,16,19,18,0,0,0,0
1770257281765751273,47,16,19,18,0,0,0,0
1770257281767787383,47,16,19,18,0,0,0,0
1770257281769826214,47,16,19,18,0,0,0,0
1770257281771814579,39,17,19,18,0,0,0,0
1770257281774088294,39,17,19,18,0,0,0,0
1770257281776129365,39,17,19,18,0,0,0,0
1770257281777847452,32,17,19,18,0,0,0,0
1770257281779789288,32,17,19,18,0,0,0,0
1770257281781717172,32,17,19,18,0,0,0,0
1770257281783792707,20,17,19,18,0,0,0,0
1770257281786101559,20,17,19,18,0,0,0,0
1770257281787661723,20,17,19,18,0,0,0,0
1770257281789636263,22,17,19,18,0,0,0,0
1770257281791734711,22,17,19,18,0,0,0,0
1770257281793803942,22,17,19,19,0,0,0,0
1770257281795779891,18,17,19,19,0,0,0,0
1770257281797659325,18,17,19,19,0,0,0,0
1770257281799833167,18,17,19,22,0,0,0,0
1770257281801891518,18,17,19,22,0,0,0,0
1770257281803868618,18,17,19,22,0,0,0,0
1770257281806039420,18,17,19,124,0,0,0,0
1770257281807790371,16,17,19,124,0,0,0,0
1770257281809855634,16,18,19,124,0,0,0,0
1770257281811842943,16,18,19,125,0,0,0,0
1770257281813710762,16,17,19,125,0,0,0,0
1770257281815796025,16,17,19,125,0,0,0,0
1770257281817653123,16,17,19,77,0,0,0,0
1770257281819755411,16,17,19,77,0,0,0,0
1770257281821701791,16,70,19,77,0,0,0,0
1770257281823893681,16,70,19,57,0,0,0,0
1770257281825850237,16,118,19,57,0,0,0,0
1770257281827797706,16,118,19,51,0,0,0,0
1770257281829839672,16,118,19,51,0,0,0,0
1770257281832188589,16,118,108,51,0,0,0,0
1770257281833774865,16,73,108,46,0,0,0,0
1770257281835943075,16,73,108,46,0,0,0,0
1770257281837723499,16,73,122,46,0,0,0,0
1770257281839783834,16,50,122,46,0,0,0,0
1770257281841769063,16,50,122,41,0,0,0,0
1770257281843859286,17,78,52,41,0,0,0,0
1770257281845769922,17,78,52,41,0,0,0,0
1770257281847705614,17,78,52,38,0,0,0,0
1770257281849860735,17,78,24,38,0,0,0,0
1770257281851844748,17,98,24,40,0,0,0,0
1770257281853654133,17,98,24,40,0,0,0,0
1770257281855673219,17,98,28,40,0,0,0,0
1770257281857809779,17,68,28,40,0,0,0,0
1770257281859722206,17,68,28,44,0,0,0,0
1770257281861713644,18,68,100,44,0,0,0,0
1770257281863826396,18,68,100,44,0,0,0,0
1770257281865984301,18,68,100,38,0,0,0,0
1770257281867915064,17,84,97,38,0,0,0,0
1770257281869827556,17,84,97,30,0,0,0,0
1770257281871744975,17,84,97,30,0,0,0,0
1770257281873714108,18,84,65,30,0,0,0,0
1770257281875844044,18,94,65,30,0,0,0,0
1770257281877800537,18,94,65,22,0,0,0,0
1770257281879761445,18,86,56,22,0,0,0,0
1770257281881647504,18,86,56,22,0,0,0,0
1770257281883911300,18,86,56,21,0,0,0,0
1770257281885833807,18,86,61,21,0,0,0,0
1770257281887736314,18,73,61,21,0,0,0,0
1770257281889717255,18,73,61,21,0,0,0,0
1770257281892079709,18,73,52,21,0,0,0,0
1770257281894054154,18,69,52,21,0,0,0,0
1770257281895917684,18,69,52,25,0,0,0,0
1770257281897934018,18,69,36,25,0,0,0,0
1770257281899656297,18,84,36,25,0,0,0,0
1770257281901671959,80,84,36,27,0,0,0,0
1770257281903773830,80,84,24,27,0,0,0,0
1770257281905680594,80,86,24,27,0,0,0,0
1770257281907693631,90,86,24,24,0,0,0,0
1770257281910080406,90,86,23,24,0,0,0,0
1770257281911770076,90,84,23,24,0,0,0,0
1770257281913814026,90,84,23,23,0,0,0,0
1770257281915891706,69,84,26,23,0,0,0,0
1770257281917898951,69,64,26,23,0,0,0,0
1770257281919807666,69,64,26,26,0,0,0,0
1770257281921756479,50,50,26,26,0,0,0,0
1770257281923654538,50,50,26,26,0,0,0,0
1770257281925816059,50,50,26,26,0,0,0,0
1770257281928058702,40,45,25,26,0,0,0,0
1770257281929764757,40,45,25,26,0,0,0,0
1770257281931779490,58,45,25,22,0,0,0,0
1770257281934038358,58,45,20,22,0,0,0,0
1770257281935887648,58,62,20,22,0,0,0,0
1770257281937861836,58,62,20,24,0,0,0,0
1770257281939854330,73,66,19,24,0,0,0,0
1770257281941649826,73,66,19,26,0,0,0,0
1770257281943801043,73,66,19,26,0,0,0,0
1770257281945692734,70,66,18,26,0,0,0,0
1770257281947665963,70,67,18,26,0,0,0,0
1770257281949639448,70,67,18,22,0,0,0,0
1770257281951780072,72,64,18,22,0,0,0,0
1770257281953672083,72,64,18,22,0,0,0,0
1770257281956099946,72,64,18,19,0,0,0,0
1770257281957887731,86,64,21,19,0,0,0,0
1770257281959897313,86,52,21,19,0,0,0,0
1770257281961799308,86,52,21,20,0,0,0,0
1770257281963811833,86,48,26,20,0,0,0,0
1770257281965761510,86,48,26,21,0,0,0,0
1770257281967687441,86,48,26,21,0,0,0,0
1770257281969653630,89,48,19,21,0,0,0,0
1770257281971650411,89,49,19,21,0,0,0,0
1770257281973852797,89,49,19,18,0,0,0,0
1770257281975739240,96,61,19,18,0,0,0,0
1770257281977737750,96,61,19,18,0,0,0,0
1770257281979924231,96,61,19,18,0,0,0,0
1770257281981803410,94,65,18,18,0,0,0,0
1770257281983904674,94,65,18,18,0,0,0,0
1770257281986110196,94,65,18,18,0,0,0,0
1770257281988103521,96,65,19,18,0,0,0,0
1770257281989888361,96,61,19,18,0,0,0,0
1770257281991821845,96,61,19,18,0,0,0,0
1770257281994250956,98,58,18,18,0,0,0,0
1770257281995896242,98,58,18,18,0,0,0,0
1770257281997759676,98,58,18,18,0,0,0,0
1770257281999736425,101,49,18,18,0,0,0,0
1770257282001951675,101,49,18,18,0,0,0,0
1770257282003915624,101,49,18,18,0,0,0,0
1770257282005828435,101,46,18,18,0,0,0,0
1770257282007750655,101,46,18,18,0,0,0,0
1770257282009809390,90,46,18,18,0,0,0,0
1770257282011707801,90,46,18,18,0,0,0,0
1770257282013718886,90,46,18,18,0,0,0,0
1770257282015746228,104,46,18,18,0,0,0,0
1770257282017768834,104,46,19,18,0,0,0,0
1770257282019735087,104,45,19,18,0,0,0,0
1770257282021755101,104,45,19,18,0,0,0,0
1770257282023726026,104,45,19,18,0,0,0,0
1770257282025798969,104,44,19,18,0,0,0,0
1770257282028063916,104,44,19,18,0,0,0,0
1770257282029851669,94,44,19,18,0,0,0,0
1770257282031720703,94,33,19,18,0,0,0,0
1770257282033773550,94,33,19,18,0,0,0,0
1770257282035769691,97,33,19,18,0,0,0,0
1770257282037937932,97,16,19,18,0,0,0,0
1770257282039911289,97,16,19,18,0,0,0,0
1770257282045375765,100,16,19,18,0,0,0,0
1770257282048067794,100,21,19,18,0,0,0,0
1770257282051561762,96,27,19,18,0,0,0,0
1770257282052060237,96,27,19,18,0,0,0,0
1770257282053577455,93,15,19,18,0,0,0,0
1770257282055627486,93,15,19,18,0,0,0,0
1770257282057635115,93,15,19,18,0,0,0,0
1770257282059667802,93,15,19,18,0,0,0,0
1770257282061582597,93,15,19,18,0,0,0,0
1770257282063887705,90,15,19,18,0,0,0,0
1770257282065851430,90,15,19,18,0,0,0,0
1770257282067725489,90,15,19,18,0,0,0,0
1770257282070009060,77,15,19,18,0,0,0,0
1770257282071832206,77,15,19,18,0,0,0,0
1770257282073746393,77,15,19,18,0,0,0,0
1770257282076133807,77,15,19,18,0,0,0,0
1770257282077765716,64,15,19,18,0,0,0,0
1770257282079659359,64,16,19,18,0,0,0,0
1770257282081896594,65,16,19,18,0,0,0,0
1770257282084129317,65,16,19,18,0,0,0,0
1770257282085702185,65,16,19,18,0,0,0,0
1770257282088089279,65,16,19,18,0,0,0,0
1770257282090047691,64,16,19,18,0,0,0,0
1770257282091664112,64,16,19,18,0,0,0,0
1770257282093873794,46,16,19,18,0,0,0,0
1770257282095680011,46,16,19,18,0,0,0,0
1770257282097653432,46,17,19,18,0,0,0,0
1770257282099765608,46,17,19,18,0,0,0,0
1770257282101770421,46,16,19,18,0,0,0,0
1770257282103708417,46,16,19,18,0,0,0,0
1770257282105767856,46,16,19,18,0,0,0,0
1770257282107727837,39,17,19,18,0,0,0,0
1770257282109802444,39,17,19,18,0,0,0,0
1770257282111760504,39,17,19,19,0,0,0,0
1770257282114132366,16,18,19,19,0,0,0,0
1770257282115728082,16,18,19,19,0,0,0,0
1770257282118230571,14,18,19,19,0,0,0,0
1770257282119960690,14,18,19,19,0,0,0,0
1770257282121919007,14,17,19,19,0,0,0,0
1770257282123735656,14,17,19,18,0,0,0,0
1770257282125735093,14,17,19,18,0,0,0,0
1770257282127638241,14,17,19,18,0,0,0,0
1770257282129688463,14,17,19,19,0,0,0,0
1770257282131679836,14,18,19,19,0,0,0,0
1770257282133753643,14,18,19,19,0,0,0,0
1770257282135759897,15,18,19,19,0,0,0,0
1770257282137898634,15,18,19,19,0,0,0,0
1770257282140117436,15,74,19,19,0,0,0,0
1770257282141855139,15,74,19,18,0,0,0,0
1770257282143997268,15,74,19,18,0,0,0,0
1770257282145814141,15,129,19,117,0,0,0,0
1770257282147742985,15,129,19,117,0,0,0,0
1770257282149738454,15,129,19,117,0,0,0,0
1770257282151817574,15,61,19,117,0,0,0,0
1770257282153715569,15,61,19,189,0,0,0,0
1770257282155696734,16,61,19,189,0,0,0,0
1770257282157712331,16,30,19,189,0,0,0,0
1770257282159699512,16,30,19,118,0,0,0,0
1770257282161670085,16,30,19,118,0,0,0,0
1770257282163687987,16,35,19,118,0,0,0,0
1770257282166068969,16,35,19,40,0,0,0,0
1770257282167848081,17,70,19,40,0,0,0,0
1770257282169697307,17,70,19,18,0,0,0,0
1770257282171806475,17,70,19,18,0,0,0,0
1770257282173924859,16,61,19,18,0,0,0,0
1770257282175995274,16,61,19,18,0,0,0,0
1770257282178193180,16,61,19,17,0,0,0,0
1770257282179893347,17,68,20,17,0,0,0,0
1770257282181683948,17,68,20,23,0,0,0,0
1770257282183684697,17,68,20,23,0,0,0,0
1770257282185734728,17,68,42,23,0,0,0,0
1770257282187718069,17,77,42,106,0,0,0,0
1770257282189676001,17,77,42,106,0,0,0,0
1770257282191681615,17,77,168,106,0,0,0,0
1770257282193729693,17,73,168,65,0,0,0,0
1770257282195887982,17,73,168,65,0,0,0,0
1770257282197879259,17,49,125,65,0,0,0,0
1770257282199772102,17,49,125,29,0,0,0,0
1770257282202058810,17,49,125,29,0,0,0,0
1770257282203802402,17,49,74,29,0,0,0,0
1770257282205693965,17,30,74,29,0,0,0,0
1770257282207640857,17,30,53,16,0,0,0,0
1770257282209675271,110,30,53,16,0,0,0,0
1770257282211705109,110,24,53,16,0,0,0,0
1770257282213788452,110,24,49,16,0,0,0,0
1770257282215804658,118,56,49,16,0,0,0,0
1770257282217817184,118,56,49,16,0,0,0,0
1770257282220073619,118,56,49,16,0,0,0,0
1770257282221854044,65,89,26,16,0,0,0,0
1770257282223676677,65,89,26,17,0,0,0,0
1770257282225788309,28,89,26,17,0,0,0,0
1770257282227738657,28,85,21,17,0,0,0,0
1770257282229571723,28,85,21,30,0,0,0,0
1770257282231752444,22,85,21,30,0,0,0,0
1770257282233770410,22,70,17,30,0,0,0,0
1770257282236092415,22,70,17,54,0,0,0,0
1770257282237993834,22,70,17,54,0,0,0,0
1770257282239902549,22,70,17,54,0,0,0,0
1770257282241865858,22,56,17,54,0,0,0,0
1770257282244267384,22,56,18,44,0,0,0,0
1770257282245929694,49,56,18,44,0,0,0,0
1770257282247673318,49,49,18,44,0,0,0,0
1770257282249669587,49,49,26,42,0,0,0,0
1770257282251660032,50,52,26,42,0,0,0,0
1770257282253702895,50,52,26,42,0,0,0,0
1770257282255883200,50,52,26,54,0,0,0,0
1770257282257713482,45,60,40,54,0,0,0,0
1770257282259790809,45,60,40,50,0,0,0,0
1770257282261926281,44,60,40,50,0,0,0,0
1770257282263863445,44,60,38,50,0,0,0,0
1770257282265909316,44,76,38,50,0,0,0,0
1770257282267622315,44,76,30,34,0,0,0,0
1770257282269595287,49,84,30,34,0,0,0,0
1770257282271591845,49,84,30,34,0,0,0,0
1770257282273596338,49,84,29,25,0,0,0,0
1770257282275670625,51,64,29,25,0,0,0,0
1770257282278916651,51,64,29,25,0,0,0,0
1770257282279941602,51,64,29,24,0,0,0,0
1770257282282086515,59,46,31,24,0,0,0,0
1770257282284114017,59,46,31,28,0,0,0,0
1770257282286085582,59,46,30,28,0,0,0,0
1770257282287730739,53,35,30,28,0,0,0,0
1770257282289532380,53,35,30,28,0,0,0,0
1770257282291730350,54,35,30,28,0,0,0,0
1770257282293702075,54,49,36,28,0,0,0,0
1770257282295643239,54,49,36,26,0,0,0,0
1770257282298157728,65,49,36,26,0,0,0,0
1770257282300206766,65,70,37,26,0,0,0,0
1770257282301937814,65,70,37,19,0,0,0,0
1770257282303873890,73,70,33,19,0,0,0,0
1770257282307194189,73,70,33,19,0,0,0,0
1770257282307820891,73,85,33,19,0,0,0,0
1770257282309612420,73,85,30,18,0,0,0,0
1770257282311726580,73,74,30,18,0,0,0,0
1770257282313784963,73,74,30,18,0,0,0,0
1770257282315693518,73,74,30,18,0,0,0,0
1770257282317869375,65,58,20,18,0,0,0,0
1770257282319823532,65,58,20,18,0,0,0,0
1770257282321738999,60,58,19,18,0,0,0,0
1770257282323803110,60,58,19,18,0,0,0,0
1770257282325851668,60,46,19,18,0,0,0,0
1770257282328101352,60,46,19,18,0,0,0,0
1770257282329780686,60,46,19,18,0,0,0,0
1770257282331783035,60,49,19,18,0,0,0,0
1770257282333803081,60,49,20,18,0,0,0,0
1770257282335741461,65,56,20,18,0,0,0,0
1770257282337812612,65,56,20,18,0,0,0,0
1770257282339717295,68,56,20,38,0,0,0,0
1770257282341668508,68,68,23,38,0,0,0,0
1770257282343743243,68,68,23,38,0,0,0,0
1770257282345758680,68,68,24,44,0,0,0,0
1770257282347727109,71,68,24,44,0,0,0,0
1770257282349751475,71,70,24,22,0,0,0,0
1770257282351821506,68,70,24,22,0,0,0,0
1770257282354040212,68,70,24,22,0,0,0,0
1770257282356126820,68,61,24,22,0,0,0,0
1770257282357826474,68,61,23,19,0,0,0,0
1770257282359894809,58,51,23,19,0,0,0,0
1770257282361788580,58,51,23,19,0,0,0,0
1770257282363878580,58,51,23,18,0,0,0,0
1770257282365740382,52,46,24,18,0,0,0,0
1770257282367724075,52,46,24,18,0,0,0,0
1770257282369779354,54,46,24,18,0,0,0,0
1770257282371719942,54,46,23,18,0,0,0,0
1770257282373616081,54,46,23,24,0,0,0,0
1770257282375625470,62,46,28,24,0,0,0,0
1770257282377763983,62,46,28,24,0,0,0,0
1770257282379628825,62,43,28,27,0,0,0,0
1770257282381588390,65,43,31,27,0,0,0,0
1770257282383660373,65,43,31,27,0,0,0,0
1770257282385653026,65,53,31,27,0,0,0,0
1770257282387801587,68,53,28,19,0,0,0,0
1770257282389796032,68,64,28,19,0,0,0,0
1770257282392307001,68,64,28,18,0,0,0,0
1770257282394165411,68,64,25,18,0,0,0,0
1770257282396880001,72,58,25,18,0,0,0,0
1770257282397807990,72,58,25,18,0,0,0,0
1770257282399792547,70,58,27,18,0,0,0,0
1770257282401728367,70,54,27,18,0,0,0,0
1770257282403986370,70,54,27,18,0,0,0,0
1770257282405912142,72,54,27,19,0,0,0,0
1770257282407771448,72,50,28,19,0,0,0,0
1770257282409763045,72,50,28,24,0,0,0,0
1770257282411774867,72,50,28,24,0,0,0,0
1770257282413792193,72,50,28,24,0,0,0,0
1770257282415916945,72,49,28,24,0,0,0,0
1770257282417727994,72,49,28,23,0,0,0,0
1770257282419719655,72,52,27,23,0,0,0,0
1770257282421798263,72,52,27,22,0,0,0,0
1770257282423788708,72,52,27,22,0,0,0,0
1770257282425944885,72,53,27,22,0,0,0,0
1770257282428142215,72,53,27,19,0,0,0,0
1770257282429775660,72,53,28,19,0,0,0,0
1770257282431696407,72,54,28,19,0,0,0,0
1770257282433659844,72,54,28,19,0,0,0,0
1770257282435763156,70,54,28,19,0,0,0,0
1770257282437686175,70,50,28,19,0,0,0,0
1770257282439712397,70,50,28,19,0,0,0,0
1770257282441687002,72,50,28,19,0,0,0,0
1770257282444128370,72,50,28,19,0,0,0,0
1770257282446087390,72,48,28,20,0,0,0,0
1770257282447916520,72,48,28,20,0,0,0,0
1770257282449786866,72,49,28,20,0,0,0,0
1770257282451786335,72,49,28,22,0,0,0,0
1770257282453849390,72,49,30,22,0,0,0,0
1770257282455987263,72,50,30,22,0,0,0,0
1770257282457991884,72,50,30,23,0,0,0,0
1770257282459968473,72,50,30,23,0,0,0,0
1770257282462096458,72,50,32,23,0,0,0,0
1770257282463954740,72,51,32,23,0,0,0,0
1770257282465853407,73,51,34,21,0,0,0,0
1770257282467855308,73,50,34,21,0,0,0,0
1770257282469738647,73,50,34,21,0,0,0,0
1770257282471697603,72,50,35,21,0,0,0,0
1770257282473710545,72,50,35,21,0,0,0,0
1770257282476014373,72,50,35,21,0,0,0,0
1770257282477937617,72,50,34,21,0,0,0,0
1770257282479877949,72,50,34,21,0,0,0,0
1770257282481780744,72,50,34,22,0,0,0,0
1770257282483796406,73,50,34,22,0,0,0,0
1770257282485739906,73,49,34,22,0,0,0,0
1770257282487919860,73,49,34,22,0,0,0,0
1770257282489910209,72,49,34,22,0,0,0,0
1770257282491905294,72,49,33,22,0,0,0,0
1770257282494076416,72,49,33,22,0,0,0,0
1770257282495907497,72,49,36,22,0,0,0,0
1770257282497837141,70,49,36,22,0,0,0,0
1770257282500010726,70,49,36,23,0,0,0,0
1770257282501894033,70,49,36,23,0,0,0,0
1770257282503832381,70,49,40,23,0,0,0,0
1770257282506103249,70,49,40,25,0,0,0,0
1770257282507901689,70,49,43,25,0,0,0,0
1770257282509690594,70,49,43,25,0,0,0,0
1770257282511684687,70,49,43,27,0,0,0,0
1770257282513673788,67,49,44,27,0,0,0,0
1770257282515844078,67,50,44,27,0,0,0,0
1770257282517879644,67,50,44,30,0,0,0,0
1770257282519726374,68,50,44,30,0,0,0,0
1770257282521625777,68,49,44,30,0,0,0,0
1770257282523767714,68,49,44,30,0,0,0,0
1770257282525739950,66,49,41,30,0,0,0,0
1770257282527674522,66,50,41,30,0,0,0,0
1770257282529899373,66,50,41,30,0,0,0,0
1770257282532072446,65,50,41,30,0,0,0,0
1770257282533833798,65,50,41,30,0,0,0,0
1770257282535934966,65,50,41,30,0,0,0,0
1770257282537862626,62,50,43,30,0,0,0,0
1770257282539681963,62,49,43,30,0,0,0,0
1770257282541646167,62,49,43,32,0,0,0,0
1770257282543709126,62,49,45,32,0,0,0,0
1770257282545770741,62,49,45,32,0,0,0,0
1770257282547745250,62,47,45,32,0,0,0,0
1770257282549783152,62,47,46,32,0,0,0,0
1770257282551824671,61,47,46,32,0,0,0,0
1770257282553868077,61,47,46,32,0,0,0,0
1770257282555984285,58,47,45,33,0,0,0,0
1770257282557692996,58,50,45,33,0,0,0,0
1770257282559808500,58,50,45,33,0,0,0,0
1770257282561877059,58,50,44,33,0,0,0,0
1770257282563792270,58,50,44,33,0,0,0,0
1770257282565986816,58,51,44,33,0,0,0,0
1770257282567754088,58,51,43,33,0,0,0,0
1770257282569779894,56,50,43,33,0,0,0,0
1770257282571769699,56,50,43,33,0,0,0,0
1770257282573847794,53,50,45,33,0,0,0,0
1770257282575812831,53,50,45,33,0,0,0,0
1770257282577922415,53,50,45,33,0,0,0,0
1770257282579787481,52,50,46,34,0,0,0,0
1770257282581665732,52,49,46,34,0,0,0,0
1770257282583889686,52,49,46,36,0,0,0,0
1770257282585895044,50,49,48,36,0,0,0,0
1770257282587883057,50,49,48,36,0,0,0,0
1770257282589785436,50,49,48,36,0,0,0,0
1770257282591793802,50,49,48,35,0,0,0,0
1770257282593807256,49,49,48,35,0,0,0,0
1770257282595856998,49,49,48,35,0,0,0,0
1770257282597648143,47,49,49,35,0,0,0,0
1770257282599705598,47,49,49,35,0,0,0,0
1770257282601768652,47,49,49,35,0,0,0,0
1770257282603655223,44,49,49,34,0,0,0,0
1770257282605596899,44,48,49,34,0,0,0,0
1770257282607873047,44,48,49,34,0,0,0,0
1770257282609911877,43,48,50,34,0,0,0,0
1770257282611832145,43,47,50,34,0,0,0,0
1770257282613897888,43,47,50,34,0,0,0,0
1770257282616039024,43,47,50,34,0,0,0,0
1770257282617769304,41,46,50,34,0,0,0,0
1770257282620191439,41,46,50,35,0,0,0,0
1770257282622121978,41,46,50,35,0,0,0,0
1770257282623739167,41,45,50,35,0,0,0,0
1770257282625826831,41,45,50,36,0,0,0,0
1770257282627704441,41,45,49,36,0,0,0,0
1770257282629794089,41,45,49,36,0,0,0,0
1770257282631670195,41,45,49,37,0,0,0,0
1770257282633688545,41,45,49,37,0,0,0,0
1770257282635642253,41,44,49,37,0,0,0,0
1770257282637941282,41,44,49,39,0,0,0,0
1770257282639824492,41,44,49,39,0,0,0,0
1770257282641770008,41,45,49,39,0,0,0,0
1770257282643872456,41,45,49,40,0,0,0,0
1770257282645722322,42,45,50,40,0,0,0,0
1770257282647643870,42,46,50,40,0,0,0,0
1770257282650092661,42,46,50,41,0,0,0,0
1770257282651744827,42,46,50,41,0,0,0,0
1770257282653530435,42,45,52,41,0,0,0,0
1770257282655641651,42,45,52,42,0,0,0,0
1770257282657767716,41,45,53,42,0,0,0,0
1770257282659658127,41,45,53,42,0,0,0,0
1770257282661585658,41,45,53,43,0,0,0,0
1770257282663713451,41,45,54,43,0,0,0,0
1770257282666240100,41,44,54,43,0,0,0,0
1770257282668066701,41,44,54,43,0,0,0,0
1770257282671073586,41,44,54,42,0,0,0,0
1770257282671858660,40,42,54,42,0,0,0,0
1770257282673885266,40,42,54,42,0,0,0,0
1770257282675830654,38,42,55,42,0,0,0,0
1770257282677781290,38,42,55,42,0,0,0,0
1770257282679651412,38,42,55,44,0,0,0,0
1770257282681640354,37,42,55,44,0,0,0,0
1770257282683802643,37,41,55,44,0,0,0,0
1770257282686240234,37,41,55,44,0,0,0,0
1770257282687811214,36,41,55,44,0,0,0,0
1770257282689745562,36,41,55,44,0,0,0,0
1770257282691840905,36,41,55,45,0,0,0,0
1770257282694565831,36,41,56,45,0,0,0,0
1770257282695813955,36,41,56,45,0,0,0,0
1770257282697902323,36,41,56,46,0,0,0,0
1770257282699790846,36,41,57,46,0,0,0,0
1770257282701803563,36,41,57,46,0,0,0,0
1770257282703810105,36,41,57,46,0,0,0,0
1770257282705773637,36,41,58,46,0,0,0,0
1770257282707818804,36,41,58,46,0,0,0,0
1770257282709819393,36,41,58,45,0,0,0,0
1770257282711882352,36,41,58,45,0,0,0,0
1770257282713863581,36,41,58,45,0,0,0,0
1770257282715981581,36,41,58,45,0,0,0,0
1770257282718046140,36,41,58,45,0,0,0,0
1770257282719855525,36,41,58,45,0,0,0,0
1770257282721791793,36,41,58,46,0,0,0,0
1770257282723919585,35,41,60,46,0,0,0,0
1770257282725938319,35,41,60,46,0,0,0,0
1770257282727843450,35,41,60,46,0,0,0,0
1770257282729873737,35,41,60,46,0,0,0,0
1770257282731679602,34,41,60,46,0,0,0,0
1770257282733883940,34,41,60,46,0,0,0,0
1770257282735925874,34,41,60,46,0,0,0,0
1770257282737855422,34,41,60,46,0,0,0,0
1770257282739850219,34,41,60,46,0,0,0,0
1770257282741638900,34,41,58,47,0,0,0,0
1770257282743642945,33,40,58,47,0,0,0,0
1770257282745633646,33,40,58,46,0,0,0,0
1770257282747581691,33,40,58,46,0,0,0,0
1770257282749648810,33,40,58,46,0,0,0,0
1770257282751948766,33,40,58,46,0,0,0,0
1770257282753827656,33,40,57,46,0,0,0,0
1770257282755887831,33,40,57,46,0,0,0,0
1770257282757874852,33,40,57,46,0,0,0,0
1770257282759727726,33,40,56,47,0,0,0,0
1770257282761693019,32,40,56,47,0,0,0,0
1770257282763635079,32,40,56,48,0,0,0,0
1770257282765699414,32,40,57,48,0,0,0,0
1770257282767736644,32,40,57,48,0,0,0,0
1770257282769668944,32,39,57,48,0,0,0,0
1770257282771625628,32,39,58,48,0,0,0,0
1770257282775374322,32,39,58,48,0,0,0,0
1770257282776895860,32,39,58,48,0,0,0,0
1770257282777781064,32,39,60,48,0,0,0,0
1770257282779800694,32,38,60,48,0,0,0,0
1770257282781740322,32,38,60,48,0,0,0,0
1770257282783726543,32,38,60,48,0,0,0,0
1770257282785674491,32,38,60,48,0,0,0,0
1770257282787704937,32,38,60,48,0,0,0,0
1770257282789692183,32,38,60,48,0,0,0,0
1770257282791610370,31,38,60,48,0,0,0,0
1770257282793737202,31,38,60,47,0,0,0,0
1770257282795865731,31,38,59,47,0,0,0,0
1770257282797956050,31,39,59,47,0,0,0,0
1770257282799788764,31,39,59,48,0,0,0,0
1770257282801774889,31,39,59,48,0,0,0,0
1770257282803693076,31,39,59,48,0,0,0,0
1770257282806107755,31,39,59,48,0,0,0,0
1770257282808116345,32,39,59,48,0,0,0,0
1770257282809888385,32,39,59,48,0,0,0,0
1770257282811879886,32,39,59,48,0,0,0,0
1770257282813599349,32,39,58,48,0,0,0,0
1770257282815605539,32,39,58,48,0,0,0,0
1770257282817660017,32,39,58,48,0,0,0,0
1770257282819645375,33,39,57,48,0,0,0,0
1770257282821548906,33,39,57,48,0,0,0,0
1770257282824159301,33,39,57,48,0,0,0,0
1770257282827023686,33,39,57,48,0,0,0,0
1770257282828244930,33,39,57,48,0,0,0,0
1770257282829955017,33,39,57,46,0,0,0,0
1770257282832752520,33,39,56,46,0,0,0,0
1770257282833656381,33,39,56,46,0,0,0,0
1770257282835626153,33,39,56,46,0,0,0,0
1770257282837599382,34,39,56,46,0,0,0,0
1770257282839604420,34,39,56,46,0,0,0,0
1770257282841560144,34,39,56,46,0,0,0,0
1770257282843699329,34,39,55,46,0,0,0,0
1770257282846069430,34,38,55,46,0,0,0,0
1770257282847882816,34,38,55,46,0,0,0,0
1770257282850064337,34,38,55,46,0,0,0,0
1770257282853094518,34,38,55,46,0,0,0,0
1770257282853979050,34,38,55,46,0,0,0,0
1770257282855640560,35,38,55,46,0,0,0,0
1770257282857607644,35,38,55,46,0,0,0,0
1770257282859860272,35,38,55,46,0,0,0,0
1770257282861730874,36,38,56,46,0,0,0,0
1770257282863606341,36,38,56,46,0,0,0,0
1770257282866069340,36,38,56,46,0,0,0,0
1770257282867871173,36,38,56,46,0,0,0,0
1770257282869728016,36,39,56,46,0,0,0,0
1770257282871758590,36,39,56,46,0,0,0,0
1770257282874797155,37,39,56,46,0,0,0,0
1770257282876321893,37,39,56,46,0,0,0,0
1770257282877742437,37,39,56,46,0,0,0,0
1770257282879730515,38,39,56,46,0,0,0,0
1770257282881602653,38,39,56,46,0,0,0,0
1770257282883683212,38,39,56,45,0,0,0,0
1770257282885795772,38,39,54,45,0,0,0,0
1770257282887726184,38,39,54,45,0,0,0,0
1770257282889884697,38,39,54,45,0,0,0,0
1770257282892121676,40,39,54,45,0,0,0,0
1770257282893709584,40,40,54,45,0,0,0,0
1770257282895886401,40,40,54,45,0,0,0,0
1770257282899224813,40,40,54,45,0,0,0,0
1770257282900064160,40,39,54,45,0,0,0,0
1770257282901901994,40,39,54,44,0,0,0,0
1770257282904155549,40,39,53,44,0,0,0,0
1770257282905847908,41,39,53,44,0,0,0,0
1770257282907778703,41,39,53,44,0,0,0,0
1770257282909665978,41,39,53,44,0,0,0,0
1770257282911701160,41,40,53,44,0,0,0,0
1770257282913765399,41,40,53,44,0,0,0,0
1770257282915800325,42,40,53,44,0,0,0,0
1770257282917897365,42,40,53,44,0,0,0,0
1770257282919926275,42,40,53,43,0,0,0,0
1770257282921800558,42,40,53,43,0,0,0,0
1770257282923718649,42,40,53,43,0,0,0,0
1770257282925795048,42,40,53,43,0,0,0,0
1770257282927821814,42,40,53,43,0,0,0,0
1770257282929660832,42,40,53,43,0,0,0,0
1770257282931880083,42,40,53,43,0,0,0,0
1770257282933774878,43,40,52,43,0,0,0,0
1770257282935837868,43,40,52,43,0,0,0,0
1770257282937803545,43,40,52,43,0,0,0,0
1770257282939784038,43,40,52,43,0,0,0,0
1770257282941772563,43,40,52,43,0,0,0,0
1770257282943878499,43,40,52,43,0,0,0,0
1770257282945841455,44,40,52,43,0,0,0,0
1770257282947804572,44,40,52,43,0,0,0,0
1770257282949742312,44,40,52,43,0,0,0,0
1770257282951654771,44,40,52,43,0,0,0,0
1770257282953716034,44,40,52,43,0,0,0,0
1770257282955699695,44,40,52,43,0,0,0,0
1770257282957837312,45,40,53,43,0,0,0,0
1770257282959877934,45,41,53,43,0,0,0,0
1770257282962091616,45,41,53,43,0,0,0,0
1770257282963859209,45,41,52,43,0,0,0,0
1770257282966079419,45,41,52,43,0,0,0,0
1770257282967878404,45,41,52,43,0,0,0,0
1770257282969725646,46,41,51,43,0,0,0,0
1770257282971647993,46,41,51,43,0,0,0,0
1770257282973645127,46,41,51,43,0,0,0,0
1770257282975776215,46,41,50,43,0,0,0,0
1770257282977834758,46,42,50,43,0,0,0,0
1770257282979832083,46,42,50,42,0,0,0,0
1770257282981828768,47,42,50,42,0,0,0,0
1770257282983841646,47,42,50,42,0,0,0,0
1770257282985817819,47,42,50,42,0,0,0,0
1770257282987632420,48,42,49,42,0,0,0,0
1770257282989625873,48,42,49,42,0,0,0,0
1770257282991735009,48,42,49,42,0,0,0,0
1770257282993582763,48,42,48,42,0,0,0,0
1770257282995651642,48,43,48,42,0,0,0,0
1770257282998313783,48,43,48,41,0,0,0,0
1770257282999898811,48,43,48,41,0,0,0,0
1770257283001815494,48,43,48,41,0,0,0,0
1770257283003860245,48,43,48,41,0,0,0,0
1770257283006208618,48,43,48,41,0,0,0,0
1770257283007831343,48,44,48,41,0,0,0,0
1770257283009745082,48,44,48,41,0,0,0,0
1770257283011690886,48,44,47,41,0,0,0,0
1770257283013604466,48,44,47,41,0,0,0,0
1770257283015728386,48,44,47,42,0,0,0,0
1770257283017875763,48,44,47,42,0,0,0,0
1770257283019814687,48,44,47,42,0,0,0,0
1770257283022154100,48,44,47,42,0,0,0,0
1770257283023908316,49,44,47,42,0,0,0,0
1770257283025835015,49,44,47,42,0,0,0,0
1770257283027689970,49,44,47,42,0,0,0,0
1770257283030190698,49,44,47,42,0,0,0,0
1770257283031801263,49,45,47,42,0,0,0,0
1770257283033730619,49,45,47,42,0,0,0,0
1770257283035804138,49,45,46,42,0,0,0,0
1770257283038309219,49,45,46,42,0,0,0,0
1770257283039657345,49,45,46,42,0,0,0,0
1770257283041620494,50,45,46,42,0,0,0,0
1770257283043610875,50,45,46,42,0,0,0,0
1770257283045586312,50,45,46,42,0,0,0,0
1770257283047680279,50,45,45,42,0,0,0,0
1770257283049672869,50,46,45,42,0,0,0,0
1770257283051654354,50,46,45,41,0,0,0,0
1770257283053655775,50,46,45,41,0,0,0,0
1770257283055735918,50,46,45,41,0,0,0,0
1770257283057760316,50,46,45,41,0,0,0,0
1770257283059939694,50,46,45,41,0,0,0,0
1770257283061998620,50,46,45,41,0,0,0,0
1770257283063658146,50,46,45,41,0,0,0,0
1770257283065675152,50,46,45,41,0,0,0,0
1770257283067701438,50,46,45,41,0,0,0,0
1770257283069725516,50,46,45,41,0,0,0,0
1770257283071786875,50,46,45,41,0,0,0,0
1770257283073779176,50,47,45,41,0,0,0,0
1770257283076096253,50,47,45,41,0,0,0,0
1770257283077882853,50,47,45,41,0,0,0,0
1770257283080067799,50,47,45,41,0,0,0,0
1770257283082113797,50,47,45,41,0,0,0,0
1770257283083802763,50,47,45,41,0,0,0,0
1770257283085839962,50,47,45,41,0,0,0,0
1770257283088138990,50,47,45,41,0,0,0,0
1770257283089683761,50,47,44,41,0,0,0,0
1770257283091665726,50,48,44,41,0,0,0,0
1770257283093663883,50,48,44,41,0,0,0,0
1770257283095731482,50,48,44,41,0,0,0,0
1770257283097757960,50,48,44,41,0,0,0,0
1770257283099964186,50,48,44,41,0,0,0,0
1770257283101796612,50,48,44,41,0,0,0,0
1770257283103802449,50,48,44,41,0,0,0,0
1770257283106065349,50,48,44,41,0,0,0,0
1770257283107820173,50,48,44,41,0,0,0,0
1770257283109752537,50,48,44,41,0,0,0,0
1770257283111740198,50,48,44,41,0,0,0,0
1770257283113663249,50,48,44,41,0,0,0,0
1770257283115683455,50,48,44,41,0,0,0,0
1770257283117856497,50,48,44,41,0,0,0,0
1770257283119774428,50,48,45,41,0,0,0,0
1770257283121781770,50,48,45,41,0,0,0,0
1770257283123730742,50,48,45,41,0,0,0,0
1770257283126074219,50,48,45,41,0,0,0,0
1770257283127846643,50,48,45,41,0,0,0,0
1770257283129756607,50,48,45,41,0,0,0,0
1770257283131744940,50,48,45,41,0,0,0,0
1770257283133736953,50,48,45,41,0,0,0,0
1770257283135850025,50,48,45,41,0,0,0,0
1770257283137742036,50,48,45,41,0,0,0,0
1770257283139720865,50,48,45,41,0,0,0,0
1770257283141847089,50,48,45,41,0,0,0,0
1770257283143904704,50,48,45,41,0,0,0,0
1770257283145888301,50,48,45,41,0,0,0,0
1770257283147893626,50,48,45,41,0,0,0,0
1770257283149851943,50,48,45,41,0,0,0,0
1770257283151924054,50,48,45,41,0,0,0,0
1770257283153803233,50,48,45,41,0,0,0,0
1770257283155738477,49,48,46,41,0,0,0,0
1770257283157994624,49,48,46,41,0,0,0,0
1770257283159938092,49,48,46,41,0,0,0,0
1770257283161735189,49,48,46,41,0,0,0,0
1770257283163732674,49,48,46,41,0,0,0,0
1770257283165632461,49,48,46,41,0,0,0,0
1770257283167635803,49,48,46,41,0,0,0,0
1770257283169732938,49,47,46,41,0,0,0,0
1770257283172129217,49,47,46,41,0,0,0,0
1770257283174102925,48,47,47,41,0,0,0,0
1770257283175925559,48,47,47,41,0,0,0,0
1770257283177832194,48,47,47,41,0,0,0,0
1770257283179706925,48,47,48,41,0,0,0,0
1770257283181642553,48,47,48,41,0,0,0,0
1770257283183731432,48,47,48,41,0,0,0,0
1770257283185675604,48,47,48,41,0,0,0,0
1770257283187789924,48,46,48,41,0,0,0,0
1770257283189816914,48,46,48,41,0,0,0,0
1770257283192282314,48,46,48,41,0,0,0,0
1770257283195228173,48,46,48,41,0,0,0,0
1770257283197109048,48,46,48,41,0,0,0,0
1770257283198289683,48,46,48,41,0,0,0,0
1770257283199961432,48,46,48,41,0,0,0,0
1770257283201744129,48,46,48,41,0,0,0,0
1770257283203694637,48,46,49,41,0,0,0,0
1770257283205695835,48,46,49,41,0,0,0,0
1770257283207609222,48,46,49,41,0,0,0,0
1770257283209678933,48,46,49,41,0,0,0,0
1770257283211752228,48,46,49,40,0,0,0,0
1770257283213821939,48,46,49,40,0,0,0,0
1770257283215780672,48,46,49,40,0,0,0,0
1770257283217855535,48,46,49,40,0,0,0,0
1770257283219896349,48,46,49,40,0,0,0,0
1770257283221780072,48,46,49,40,0,0,0,0
1770257283223821558,48,46,49,40,0,0,0,0
1770257283225791427,48,46,49,41,0,0,0,0
1770257283227695406,47,46,50,41,0,0,0,0
1770257283230080292,47,46,50,41,0,0,0,0
1770257283231877293,47,46,50,40,0,0,0,0
1770257283233790456,47,46,50,40,0,0,0,0
1770257283235844839,47,46,50,40,0,0,0,0
1770257283237895606,46,46,50,41,0,0,0,0
1770257283239851618,46,46,50,41,0,0,0,0
1770257283241833327,46,46,50,41,0,0,0,0
1770257283243713850,46,46,50,41,0,0,0,0
1770257283245630437,46,46,50,41,0,0,0,0
1770257283247732245,46,45,50,41,0,0,0,0
1770257283249662817,46,45,50,41,0,0,0,0
1770257283251812146,46,45,50,41,0,0,0,0
1770257283253893569,46,45,50,41,0,0,0,0
1770257283255806476,46,45,51,41,0,0,0,0
1770257283257893372,46,45,51,41,0,0,0,0
1770257283259936586,46,45,51,41,0,0,0,0
1770257283261846741,46,45,51,41,0,0,0,0
1770257283263743168,46,45,51,41,0,0,0,0
1770257283265736718,46,45,51,41,0,0,0,0
1770257283268123556,46,45,51,41,0,0,0,0
1770257283270092241,46,45,52,41,0,0,0,0
1770257283272104190,46,45,52,41,0,0,0,0
1770257283273732931,46,45,52,41,0,0,0,0
1770257283276093273,46,45,52,41,0,0,0,0
1770257283277918530,46,45,52,41,0,0,0,0
1770257283279831822,46,45,52,41,0,0,0,0
1770257283281812507,45,45,52,41,0,0,0,0
1770257283283728358,45,45,52,41,0,0,0,0
1770257283285850774,45,45,52,41,0,0,0,0
1770257283287710401,45,45,52,41,0,0,0,0
1770257283289715726,45,45,52,41,0,0,0,0
1770257283291710171,45,45,52,41,0,0,0,0
1770257283293701129,45,45,52,41,0,0,0,0
1770257283295723414,45,45,52,41,0,0,0,0
1770257283297765637,45,45,52,41,0,0,0,0
1770257283299805843,45,45,52,41,0,0,0,0
1770257283301656317,45,45,52,41,0,0,0,0
1770257283303794062,45,45,52,41,0,0,0,0
1770257283305763098,44,45,52,41,0,0,0,0
1770257283307818697,44,45,52,41,0,0,0,0
1770257283309853623,44,45,52,42,0,0,0,0
1770257283312343408,44,45,52,42,0,0,0,0
1770257283314159001,44,45,52,42,0,0,0,0
1770257283315884512,44,45,52,42,0,0,0,0
1770257283317827020,44,45,52,42,0,0,0,0
1770257283319898715,44,45,52,42,0,0,0,0
1770257283323021442,44,45,52,42,0,0,0,0
1770257283323829173,44,45,53,42,0,0,0,0
1770257283325728320,44,45,53,42,0,0,0,0
1770257283327639787,44,45,53,42,0,0,0,0
1770257283329525078,44,45,53,42,0,0,0,0
1770257283331634758,44,45,53,42,0,0,0,0
1770257283333578258,44,45,53,42,0,0,0,0
1770257283335879878,44,45,53,42,0,0,0,0
1770257283337804338,44,45,53,42,0,0,0,0
1770257283339737758,44,45,53,42,0,0,0,0
1770257283341681258,43,45,53,42,0,0,0,0
1770257283343957597,43,45,53,42,0,0,0,0
1770257283345840488,43,45,53,42,0,0,0,0
1770257283348915310,43,45,53,42,0,0,0,0
1770257283349897540,43,45,53,42,0,0,0,0
1770257283351893682,43,45,53,42,0,0,0,0
1770257283353831742,43,45,53,42,0,0,0,0
1770257283355776042,43,45,53,42,0,0,0,0
1770257283357776631,43,45,53,42,0,0,0,0
1770257283359696675,43,45,53,42,0,0,0,0
1770257283361769938,43,45,53,42,0,0,0,0
1770257283363725854,43,45,53,42,0,0,0,0
1770257283365791949,42,45,53,42,0,0,0,0
1770257283367753434,42,45,53,42,0,0,0,0
1770257283369714886,42,45,53,42,0,0,0,0
1770257283371709812,42,45,53,42,0,0,0,0
1770257283373746722,42,44,53,42,0,0,0,0
1770257283375874290,42,44,53,42,0,0,0,0
1770257283377920192,42,44,53,42,0,0,0,0
1770257283379757322,42,44,53,42,0,0,0,0
1770257283381743511,42,44,53,42,0,0,0,0
1770257283383759781,42,44,53,42,0,0,0,0
1770257283385984856,42,44,53,42,0,0,0,0
1770257283387939780,42,44,53,42,0,0,0,0
1770257283389750253,42,44,53,42,0,0,0,0
1770257283391817692,42,44,53,42,0,0,0,0
1770257283393880779,42,44,53,42,0,0,0,0
1770257283395702292,42,44,53,42,0,0,0,0
1770257283397759939,42,44,53,42,0,0,0,0
1770257283399654734,42,44,53,42,0,0,0,0
1770257283401781598,42,44,53,42,0,0,0,0
1770257283403718378,42,44,53,42,0,0,0,0
1770257283405795193,42,44,53,42,0,0,0,0
1770257283407871528,42,44,53,42,0,0,0,0
1770257283410101979,42,44,53,42,0,0,0,0
1770257283411862563,42,44,53,42,0,0,0,0
1770257283413866801,42,44,53,42,0,0,0,0
1770257283415952576,42,44,53,42,0,0,0,0
1770257283417648518,42,44,53,42,0,0,0,0
1770257283419634387,42,44,53,42,0,0,0,0
1770257283421786308,42,44,53,42,0,0,0,0
1770257283423751281,42,44,53,42,0,0,0,0
1770257283425670557,42,44,53,42,0,0,0,0
1770257283427780300,42,44,53,42,0,0,0,0
1770257283429721913,42,44,53,42,0,0,0,0
1770257283431686053,42,44,53,42,0,0,0,0
1770257283434151805,42,44,53,42,0,0,0,0
1770257283435978887,42,44,53,42,0,0,0,0
1770257283437580715,42,44,53,42,0,0,0,0
1770257283439687419,42,44,53,42,0,0,0,0
1770257283441636903,42,44,53,42,0,0,0,0
1770257283443615700,42,44,53,42,0,0,0,0
1770257283445620673,42,44,53,42,0,0,0,0
1770257283447816883,42,44,53,42,0,0,0,0
1770257283449676638,42,44,53,42,0,0,0,0
1770257283451954993,42,44,53,42,0,0,0,0
1770257283453874173,42,44,53,42,0,0,0,0
1770257283456132560,42,44,53,42,0,0,0,0
1770257283457630962,42,44,53,42,0,0,0,0
1770257283459636544,42,44,53,42,0,0,0,0
1770257283461647085,42,44,53,42,0,0,0,0
1770257283463634778,42,44,53,42,0,0,0,0
1770257283465639336,42,44,53,42,0,0,0,0
1770257283468173633,42,44,53,42,0,0,0,0
1770257283470078669,42,44,53,42,0,0,0,0
1770257283471777939,42,44,53,42,0,0,0,0
1770257283473871203,43,44,53,42,0,0,0,0
1770257283476110454,43,44,53,42,0,0,0,0
1770257283477732826,43,44,53,42,0,0,0,0
1770257283479633286,43,44,53,42,0,0,0,0
1770257283481750518,43,44,53,42,0,0,0,0
1770257283483695938,43,44,52,42,0,0,0,0
1770257283485897684,43,44,52,42,0,0,0,0
1770257283487797279,43,44,52,42,0,0,0,0
1770257283489682122,43,44,52,42,0,0,0,0
1770257283491608117,43,44,52,42,0,0,0,0
1770257283493658180,43,44,52,42,0,0,0,0
1770257283495626609,43,44,52,42,0,0,0,0
1770257283497703648,43,44,52,42,0,0,0,0
1770257283499803151,43,44,52,42,0,0,0,0
1770257283501756188,44,44,52,42,0,0,0,0
1770257283503900653,44,44,52,42,0,0,0,0
1770257283505890842,44,44,52,42,0,0,0,0
1770257283507768100,44,44,52,42,0,0,0,0
1770257283509751697,44,44,52,42,0,0,0,0
1770257283511772159,44,44,52,42,0,0,0,0
1770257283513897743,44,44,52,42,0,0,0,0
1770257283515875612,44,44,52,42,0,0,0,0
1770257283517840137,44,44,52,42,0,0,0,0
1770257283519819446,44,44,52,42,0,0,0,0
1770257283521814947,44,44,52,42,0,0,0,0
1770257283523852049,44,44,52,42,0,0,0,0
1770257283525851327,44,44,52,42,0,0,0,0
1770257283527973071,44,44,52,42,0,0,0,0
1770257283529693398,44,44,52,42,0,0,0,0
1770257283531648098,44,44,52,42,0,0,0,0
1770257283533581198,44,44,52,42,0,0,0,0
1770257283535619709,44,44,52,42,0,0,0,0
1770257283537633578,44,44,52,42,0,0,0,0
1770257283539986752,44,44,52,42,0,0,0,0
1770257283541825129,44,44,52,42,0,0,0,0
1770257283544063196,44,44,52,42,0,0,0,0
1770257283545741058,44,44,52,42,0,0,0,0
1770257283547835314,44,44,52,42,0,0,0,0
1770257283549740349,44,44,52,42,0,0,0,0
1770257283551749419,44,44,52,42,0,0,0,0
1770257283553988990,44,44,52,42,0,0,0,0
1770257283556151599,44,44,52,42,0,0,0,0
1770257283557821877,44,44,52,42,0,0,0,0
1770257283559825826,44,44,52,42,0,0,0,0
1770257283561703469,44,44,52,42,0,0,0,0
1770257283563741819,44,44,52,42,0,0,0,0
1770257283565668615,44,44,52,42,0,0,0,0
1770257283567657620,44,44,52,42,0,0,0,0
1770257283569688706,44,44,52,42,0,0,0,0
1770257283572240188,44,44,52,42,0,0,0,0
1770257283574228073,44,44,52,42,0,0,0,0
1770257283576173461,44,44,52,42,0,0,0,0
1770257283578188867,44,45,52,42,0,0,0,0
1770257283580160976,44,45,52,42,0,0,0,0
1770257283581669970,44,45,52,42,0,0,0,0
1770257283583692416,44,45,52,42,0,0,0,0
1770257283585723982,44,45,52,42,0,0,0,0
1770257283587813181,45,45,52,42,0,0,0,0
1770257283589694984,45,45,52,42,0,0,0,0
1770257283592312516,45,45,52,42,0,0,0,0
1770257283594854877,45,45,52,42,0,0,0,0
1770257283595911733,45,45,52,42,0,0,0,0
1770257283597916419,45,45,51,42,0,0,0,0
1770257283599671211,45,45,51,42,0,0,0,0
1770257283601777307,45,45,51,42,0,0,0,0
1770257283603702470,45,45,51,42,0,0,0,0
1770257283605766645,45,45,52,42,0,0,0,0
1770257283607703265,45,45,52,42,0,0,0,0
1770257283609848370,45,45,52,42,0,0,0,0
1770257283611982562,45,45,52,42,0,0,0,0
1770257283613841260,45,45,52,42,0,0,0,0
1770257283615847578,45,45,52,42,0,0,0,0
1770257283617736741,45,45,52,42,0,0,0,0
1770257283619942231,45,45,52,42,0,0,0,0
1770257283621681182,45,45,52,42,0,0,0,0
1770257283624072469,45,45,52,42,0,0,0,0
1770257283625724890,45,45,52,42,0,0,0,0
1770257283627660102,45,45,52,42,0,0,0,0
1770257283629794231,45,45,51,42,0,0,0,0
1770257283631784036,45,45,51,42,0,0,0,0
1770257283633666894,45,45,51,42,0,0,0,0
1770257283635722589,45,45,51,42,0,0,0,0
1770257283637847597,45,45,51,42,0,0,0,0
1770257283639698391,45,45,51,42,0,0,0,0
1770257283641645476,45,45,51,42,0,0,0,0
1770257283643890135,45,45,51,42,0,0,0,0
1770257283645855139,45,45,51,42,0,0,0,0
1770257283647672556,45,45,51,42,0,0,0,0
1770257283650076739,45,45,51,42,0,0,0,0
1770257283651903628,45,45,51,42,0,0,0,0
1770257283653785591,45,45,50,42,0,0,0,0
1770257283655746468,45,45,50,42,0,0,0,0
1770257283657902901,45,45,50,42,0,0,0,0
1770257283659697373,45,45,50,42,0,0,0,0
1770257283661907280,45,45,50,42,0,0,0,0
1770257283663821115,45,45,50,42,0,0,0,0
1770257283665780872,45,45,50,42,0,0,0,0
1770257283667777909,45,45,50,42,0,0,0,0
1770257283669786370,45,45,50,42,0,0,0,0
1770257283671896978,45,45,50,42,0,0,0,0
1770257283673888800,45,45,50,42,0,0,0,0
1770257283675920206,45,45,50,42,0,0,0,0
1770257283677783096,45,45,51,42,0,0,0,0
1770257283679799206,45,45,51,42,0,0,0,0
1770257283681841588,45,45,51,42,0,0,0,0
1770257283683852706,45,45,50,42,0,0,0,0
1770257283686343610,45,45,50,42,0,0,0,0
1770257283687843612,45,45,50,42,0,0,0,0
1770257283689822633,45,45,50,42,0,0,0,0
1770257283691790518,45,45,50,42,0,0,0,0
1770257283694097962,45,45,50,42,0,0,0,0
1770257283695796561,45,45,50,42,0,0,0,0
1770257283697816927,45,45,50,42,0,0,0,0
1770257283700106483,46,45,50,42,0,0,0,0
1770257283701934300,46,45,50,42,0,0,0,0
1770257283703703556,46,45,50,42,0,0,0,0
1770257283705744819,46,45,50,42,0,0,0,0
1770257283707634622,46,45,50,42,0,0,0,0
1770257283709681804,46,45,50,42,0,0,0,0
1770257283711825597,46,45,50,42,0,0,0,0
1770257283713815754,46,45,50,42,0,0,0,0
1770257283715768054,46,45,50,42,0,0,0,0
1770257283717799972,46,45,50,42,0,0,0,0
1770257283719862739,46,45,50,42,0,0,0,0
1770257283721855521,46,45,50,42,0,0,0,0
1770257283723855310,46,45,50,42,0,0,0,0
1770257283725764057,46,45,50,42,0,0,0,0
1770257283727952363,46,45,50,42,0,0,0,0
1770257283730813132,46,45,50,42,0,0,0,0
1770257283732003719,46,45,50,42,0,0,0,0
1770257283733853969,46,45,50,42,0,0,0,0
1770257283735866815,46,45,51,42,0,0,0,0
1770257283737780106,46,45,51,42,0,0,0,0
1770257283739985724,46,45,51,42,0,0,0,0
1770257283742061323,45,45,51,42,0,0,0,0
1770257283744420097,45,45,50,42,0,0,0,0
1770257283745882306,45,45,50,42,0,0,0,0
1770257283747857935,45,45,50,42,0,0,0,0
1770257283749722585,45,45,50,42,0,0,0,0
1770257283751803176,45,45,50,42,0,0,0,0
1770257283753680819,45,45,50,41,0,0,0,0
1770257283755801731,45,45,50,41,0,0,0,0
1770257283757836209,45,45,50,41,0,0,0,0
1770257283759809118,45,45,50,42,0,0,0,0
1770257283762044401,45,45,50,42,0,0,0,0
1770257283763816057,45,45,50,42,0,0,0,0
1770257283765668611,45,45,51,42,0,0,0,0
1770257283767753746,45,45,51,42,0,0,0,0
1770257283769603964,45,45,51,42,0,0,0,0
1770257283771764558,45,45,51,42,0,0,0,0
1770257283773733722,45,45,51,42,0,0,0,0
1770257283776314613,45,45,51,42,0,0,0,0
1770257283778130078,45,45,51,42,0,0,0,0
1770257283780196237,45,45,51,42,0,0,0,0
1770257283783091311,45,45,51,42,0,0,0,0
1770257283784317899,45,45,51,42,0,0,0,0
1770257283785736235,45,45,51,42,0,0,0,0
1770257283787728024,45,45,51,42,0,0,0,0
1770257283789738310,45,45,51,42,0,0,0,0
1770257283791705394,45,45,51,42,0,0,0,0
1770257283793754337,45,45,51,42,0,0,0,0
1770257283795883217,45,45,51,42,0,0,0,0
1770257283797759676,45,45,51,42,0,0,0,0
1770257283799876780,45,45,51,42,0,0,0,0
1770257283801892986,45,45,51,42,0,0,0,0
1770257283803759460,45,45,51,42,0,0,0,0
1770257283805861236,45,45,51,42,0,0,0,0
1770257283808392717,45,45,51,42,0,0,0,0
1770257283810067187,45,45,51,42,0,0,0,0
1770257283811839515,45,45,51,42,0,0,0,0
1770257283813712774,45,45,52,42,0,0,0,0
1770257283815737364,45,45,52,42,0,0,0,0
1770257283817723297,45,45,52,42,0,0,0,0
1770257283819755503,45,45,52,42,0,0,0,0
1770257283821771869,45,45,52,42,0,0,0,0
1770257283823807755,45,45,52,42,0,0,0,0
1770257283825914491,45,45,52,42,0,0,0,0
1770257283827797638,45,45,52,42,0,0,0,0
1770257283829776435,45,45,52,42,0,0,0,0
1770257283831895139,45,45,52,42,0,0,0,0
1770257283833950897,45,45,52,42,0,0,0,0
1770257283836024672,45,45,52,42,0,0,0,0
1770257283837819625,45,45,52,42,0,0,0,0
1770257283839810230,45,45,52,42,0,0,0,0
1770257283841820548,45,45,52,42,0,0,0,0
1770257283843898643,45,45,52,42,0,0,0,0
1770257283845878432,45,45,52,42,0,0,0,0
1770257283847857005,45,45,52,42,0,0,0,0
1770257283849945052,45,45,52,42,0,0,0,0
1770257283851710148,45,45,52,42,0,0,0,0
1770257283853943351,45,45,52,42,0,0,0,0
1770257283855932900,45,45,52,42,0,0,0,0
1770257283858187640,45,45,52,42,0,0,0,0
1770257283859816445,45,45,52,42,0,0,0,0
1770257283861871723,45,45,52,42,0,0,0,0
1770257283863812183,45,45,52,42,0,0,0,0
1770257283865939143,45,45,52,42,0,0,0,0
1770257283867944949,45,45,52,42,0,0,0,0
1770257283869769374,45,45,52,42,0,0,0,0
1770257283871806669,45,45,52,42,0,0,0,0
1770257283873864891,45,45,52,42,0,0,0,0
1770257283875887689,45,45,52,42,0,0,0,0
1770257283877704819,45,45,52,42,0,0,0,0
1770257283879707648,45,45,52,42,0,0,0,0
1770257283881667245,45,45,52,42,0,0,0,0
1770257283883701915,45,45,52,42,0,0,0,0
1770257283885725001,45,45,52,42,0,0,0,0
1770257283887970972,45,45,52,42,0,0,0,0
1770257283889910056,45,45,52,42,0,0,0,0
1770257283891804883,45,45,52,42,0,0,0,0
1770257283893845313,45,45,52,42,0,0,0,0
1770257283895724780,45,45,52,42,0,0,0,0
1770257283897710265,45,45,52,42,0,0,0,0
1770257283899791464,45,45,52,42,0,0,0,0
1770257283901751637,45,45,52,42,0,0,0,0
1770257283903719745,45,45,52,42,0,0,0,0
1770257283906117880,45,45,52,42,0,0,0,0
1770257283907884512,45,45,52,42,0,0,0,0
1770257283909932174,45,45,52,42,0,0,0,0
1770257283912942227,45,45,52,42,0,0,0,0
1770257283914095245,45,45,52,42,0,0,0,0
1770257283915706353,45,45,52,42,0,0,0,0
1770257283917639389,45,45,52,42,0,0,0,0
1770257283920147990,45,45,52,42,0,0,0,0
1770257283922110883,45,45,52,42,0,0,0,0
1770257283924450200,45,45,52,42,0,0,0,0
1770257283926213088,45,45,52,42,0,0,0,0
1770257283927987400,45,45,52,42,0,0,0,0
1770257283929714927,45,45,52,42,0,0,0,0
1770257283931675676,45,45,52,42,0,0,0,0
1770257283933848717,45,45,52,42,0,0,0,0
1770257283935778553,45,45,52,42,0,0,0,0
1770257283937743622,45,45,52,42,0,0,0,0
1770257283939698770,45,45,52,42,0,0,0,0
1770257283941790241,45,45,52,42,0,0,0,0
1770257283943747790,45,45,52,42,0,0,0,0
1770257283945706714,45,45,52,42,0,0,0,0
1770257283947678215,45,45,52,42,0,0,0,0
1770257283949988988,45,45,52,42,0,0,0,0
1770257283952316240,45,45,52,42,0,0,0,0
1770257283954156186,45,45,52,42,0,0,0,0
1770257283957026075,45,45,52,42,0,0,0,0
1770257283957987985,45,45,52,42,0,0,0,0
1770257283959670839,45,45,52,42,0,0,0,0
1770257283961776679,45,45,52,42,0,0,0,0
1770257283963654066,45,45,52,42,0,0,0,0
1770257283965680096,45,45,52,42,0,0,0,0
1770257283967651021,45,45,52,42,0,0,0,0
1770257283969904128,45,45,52,42,0,0,0,0
1770257283971879085,45,45,52,42,0,0,0,0
1770257283973780632,45,45,52,42,0,0,0,0
1770257283975741092,45,45,52,42,0,0,0,0
1770257283977849204,45,45,52,42,0,0,0,0
1770257283979741439,45,45,52,42,0,0,0,0
1770257283981817518,45,45,52,42,0,0,0,0
1770257283983847260,45,45,52,42,0,0,0,0
1770257283985795624,45,45,52,42,0,0,0,0
1770257283987809974,45,45,52,42,0,0,0,0
1770257283989817860,45,45,52,42,0,0,0,0
1770257283991771984,45,45,52,42,0,0,0,0
1770257283994095333,45,45,52,42,0,0,0,0
1770257283996142387,45,45,52,42,0,0,0,0
1770257283998078303,45,45,52,42,0,0,0,0
1770257283999698116,45,45,52,42,0,0,0,0
1770257284001875318,45,45,52,42,0,0,0,0
1770257284003845794,45,45,52,42,0,0,0,0
1770257284005783598,45,45,52,42,0,0,0,0
1770257284007691322,45,45,52,42,0,0,0,0
1770257284009964813,45,45,52,42,0,0,0,0
1770257284011829943,45,45,52,42,0,0,0,0
1770257284013907687,45,45,52,42,0,0,0,0
1770257284016047735,45,45,52,42,0,0,0,0
1770257284017860416,45,45,52,42,0,0,0,0
1770257284019741355,45,45,52,42,0,0,0,0
1770257284021629014,45,45,52,42,0,0,0,0
1770257284023697317,45,45,52,42,0,0,0,0
1770257284025786548,45,45,52,42,0,0,0,0
1770257284027734337,45,45,52,42,0,0,0,0
1770257284029926418,45,45,52,42,0,0,0,0
1770257284031804413,45,45,52,42,0,0,0,0
1770257284033813035,45,45,52,42,0,0,0,0
1770257284035775223,45,45,52,42,0,0,0,0
1770257284038016426,45,45,52,42,0,0,0,0
1770257284039886132,45,45,52,42,0,0,0,0
1770257284041639484,45,45,52,42,0,0,0,0
1770257284043794157,45,45,52,42,0,0,0,0
1770257284045825979,45,45,52,42,0,0,0,0
1770257284047754247,45,45,52,42,0,0,0,0
1770257284049699859,45,45,52,42,0,0,0,0
1770257284051707201,45,45,52,42,0,0,0,0
1770257284053755535,45,45,52,42,0,0,0,0
1770257284055806878,45,45,52,42,0,0,0,0
1770257284057678312,45,45,52,42,0,0,0,0
1770257284059625013,45,45,52,42,0,0,0,0
1770257284061786022,45,45,52,42,0,0,0,0
1770257284063672944,45,45,52,42,0,0,0,0
1770257284065691422,45,45,52,42,0,0,0,0
1770257284067753517,45,45,52,42,0,0,0,0
1770257284069740250,45,45,52,42,0,0,0,0
1770257284071924108,45,45,52,42,0,0,0,0
1770257284073809399,45,45,52,42,0,0,0,0
1770257284076320496,45,45,52,42,0,0,0,0
1770257284077948085,45,45,52,42,0,0,0,0
1770257284079924609,45,45,52,42,0,0,0,0
1770257284081728202,45,45,52,42,0,0,0,0
1770257284083739352,45,45,52,42,0,0,0,0
1770257284085843720,45,45,52,42,0,0,0,0
1770257284087703122,45,45,52,42,0,0,0,0
1770257284089765281,45,45,52,42,0,0,0,0
1770257284091847824,45,45,52,42,0,0,0,0
1770257284094251111,45,45,52,42,0,0,0,0
1770257284095789738,45,45,52,42,0,0,0,0
1770257284097844184,45,45,52,42,0,0,0,0
1770257284099954344,45,45,52,42,0,0,0,0
1770257284101784242,45,45,52,42,0,0,0,0
1770257284103772287,45,45,52,42,0,0,0,0
1770257284105910095,45,45,52,42,0,0,0,0
1770257284107851003,45,45,52,42,0,0,0,0
1770257284109934443,45,45,52,42,0,0,0,0
1770257284111859190,45,45,52,42,0,0,0,0
1770257284113885636,45,45,52,42,0,0,0,0
1770257284115884754,45,45,52,42,0,0,0,0
1770257284118055683,45,45,52,42,0,0,0,0
1770257284119839244,45,45,52,42,0,0,0,0
1770257284122139008,45,45,52,42,0,0,0,0
1770257284124250672,45,45,52,42,0,0,0,0
1770257284126363488,45,45,52,42,0,0,0,0
1770257284128063238,45,45,52,42,0,0,0,0
1770257284129931313,45,45,52,42,0,0,0,0
1770257284131798811,45,45,49,42,0,0,0,0
1770257284133798472,44,45,49,42,0,0,0,0
1770257284135761557,44,44,49,37,0,0,0,0
1770257284137815716,39,44,45,37,0,0,0,0
1770257284139897971,39,44,45,37,0,0,0,0
1770257284143679689,39,40,45,34,0,0,0,0
1770257284145140106,37,40,42,34,0,0,0,0
1770257284145899195,37,40,42,34,0,0,0,0
1770257284147863336,37,40,42,34,0,0,0,0
1770257284149842325,37,40,42,34,0,0,0,0
1770257284151852706,37,40,42,34,0,0,0,0
1770257284153794510,37,40,42,34,0,0,0,0
1770257284155756987,38,40,42,34,0,0,0,0
1770257284157854155,38,40,42,34,0,0,0,0
1770257284159782006,38,41,42,34,0,0,0,0
1770257284161709410,40,41,44,34,0,0,0,0
1770257284163795089,40,41,44,34,0,0,0,0
1770257284166022116,40,43,44,36,0,0,0,0
1770257284167800428,40,43,45,36,0,0,0,0
1770257284170342278,42,43,45,36,0,0,0,0
1770257284171950827,42,44,45,36,0,0,0,0
1770257284173906871,44,44,45,36,0,0,0,0
1770257284175780226,44,45,46,36,0,0,0,0
1770257284177753838,44,45,46,36,0,0,0,0
1770257284179755740,45,45,47,36,0,0,0,0
1770257284181638823,45,45,47,36,0,0,0,0
1770257284183696341,45,45,47,37,0,0,0,0
1770257284185579360,45,45,47,37,0,0,0,0
1770257284187949878,45,45,47,37,0,0,0,0
1770257284189849025,45,46,47,37,0,0,0,0
1770257284191862703,45,46,47,37,0,0,0,0
1770257284193966654,46,46,47,37,0,0,0,0
1770257284195988684,46,47,47,38,0,0,0,0
1770257284197762773,46,47,47,38,0,0,0,0
1770257284199718945,46,47,47,38,0,0,0,0
1770257284201719470,46,47,47,38,0,0,0,0
1770257284203681691,46,47,47,38,0,0,0,0
1770257284205736458,46,47,47,38,0,0,0,0
1770257284207880506,46,47,47,38,0,0,0,0
1770257284209684259,46,47,46,38,0,0,0,0
1770257284211857333,46,47,46,38,0,0,0,0
1770257284213910595,46,46,46,38,0,0,0,0
1770257284215787310,45,46,46,38,0,0,0,0
1770257284217928190,45,46,46,38,0,0,0,0
1770257284219925772,45,46,46,38,0,0,0,0
1770257284221940025,45,46,46,38,0,0,0,0
1770257284223994600,45,46,46,38,0,0,0,0
1770257284225878387,45,46,46,38,0,0,0,0
1770257284227782526,45,46,46,37,0,0,0,0
1770257284229802348,46,46,46,37,0,0,0,0
1770257284231745080,46,46,46,37,0,0,0,0
1770257284233823847,45,46,46,37,0,0,0,0
1770257284236018169,45,46,46,37,0,0,0,0
1770257284237891300,45,46,46,37,0,0,0,0
1770257284239725485,44,46,46,37,0,0,0,0
1770257284241849821,44,46,46,37,0,0,0,0
1770257284244664733,44,46,46,37,0,0,0,0
1770257284245660916,44,46,46,37,0,0,0,0
1770257284247895911,44,46,46,37,0,0,0,0
1770257284249712624,44,46,46,37,0,0,0,0
1770257284251799487,44,46,46,37,0,0,0,0
1770257284253773516,44,46,45,37,0,0,0,0
1770257284255910941,44,46,45,37,0,0,0,0
1770257284257999596,44,46,45,37,0,0,0,0
1770257284259870295,44,45,45,37,0,0,0,0
1770257284261846083,44,45,45,37,0,0,0,0
1770257284263801680,44,45,46,37,0,0,0,0
1770257284265881151,44,45,46,37,0,0,0,0
1770257284268139378,44,45,46,37,0,0,0,0
1770257284269724470,43,45,45,37,0,0,0,0
1770257284271700835,43,45,45,37,0,0,0,0
1770257284273670096,43,45,45,37,0,0,0,0
1770257284275825441,42,45,45,37,0,0,0,0
1770257284277823086,42,45,45,37,0,0,0,0
1770257284279808315,42,44,45,37,0,0,0,0
1770257284281758151,42,44,45,37,0,0,0,0
1770257284283857815,42,44,45,37,0,0,0,0
1770257284285815300,42,44,45,37,0,0,0,0
1770257284287969396,42,44,45,37,0,0,0,0
1770257284289913409,42,44,45,37,0,0,0,0
1770257284291783947,42,44,45,37,0,0,0,0
1770257284294239491,41,44,45,37,0,0,0,0
1770257284296040300,41,44,45,37,0,0,0,0
1770257284297899446,41,43,45,36,0,0,0,0
1770257284299711999,41,43,45,36,0,0,0,0
1770257284301701324,41,43,45,36,0,0,0,0
1770257284303812348,41,43,45,36,0,0,0,0
1770257284305621381,41,43,44,36,0,0,0,0
1770257284307886681,41,43,44,36,0,0,0,0
1770257284309924295,41,43,44,36,0,0,0,0
1770257284311877939,41,43,44,36,0,0,0,0
1770257284313913281,41,43,44,36,0,0,0,0
1770257284315858766,41,43,44,37,0,0,0,0
1770257284317808218,41,43,45,37,0,0,0,0
1770257284320226737,41,43,45,37,0,0,0,0
1770257284321913495,41,43,45,37,0,0,0,0
1770257284323750401,41,43,45,37,0,0,0,0
1770257284326122231,41,43,45,37,0,0,0,0
1770257284327776060,41,42,45,37,0,0,0,0
1770257284329823435,40,42,45,37,0,0,0,0
1770257284331704053,40,42,45,37,0,0,0,0
1770257284333673858,40,42,45,36,0,0,0,0
1770257284335855380,40,42,45,36,0,0,0,0
1770257284337755839,40,42,45,36,0,0,0,0
1770257284339849550,40,42,45,36,0,0,0,0
1770257284342206116,40,42,44,36,0,0,0,0
1770257284344299443,40,42,44,36,0,0,0,0
1770257284345986458,40,42,44,36,0,0,0,0
1770257284347868196,39,42,45,36,0,0,0,0
1770257284349783760,39,42,45,36,0,0,0,0
1770257284351734268,39,42,45,36,0,0,0,0
1770257284353624103,38,42,44,36,0,0,0,0
1770257284355734743,38,42,44,36,0,0,0,0
1770257284357800070,38,41,44,36,0,0,0,0
1770257284359728978,38,41,44,36,0,0,0,0
1770257284361784128,38,41,44,36,0,0,0,0
1770257284363802862,38,41,44,36,0,0,0,0
1770257284365731930,38,41,44,36,0,0,0,0
1770257284368147249,38,41,44,36,0,0,0,0
1770257284369931161,38,41,44,36,0,0,0,0
1770257284371785251,37,41,44,36,0,0,0,0
1770257284373791441,37,41,44,36,0,0,0,0
1770257284375865312,37,40,44,36,0,0,0,0
1770257284377868109,37,40,44,36,0,0,0,0
1770257284380137441,37,40,44,36,0,0,0,0
1770257284381797830,37,40,44,36,0,0,0,0
1770257284383799060,37,40,44,36,0,0,0,0
1770257284385912356,37,40,44,36,0,0,0,0
1770257284387951570,37,40,44,36,0,0,0,0
1770257284389907295,37,40,44,36,0,0,0,0
1770257284391702759,37,40,44,36,0,0,0,0
1770257284393801687,37,40,44,36,0,0,0,0
1770257284395720355,37,40,44,36,0,0,0,0
1770257284397738384,37,40,44,36,0,0,0,0
1770257284399828384,37,40,44,36,0,0,0,0
1770257284401873806,37,40,44,36,0,0,0,0
1770257284403817882,37,40,44,36,0,0,0,0
1770257284405909450,37,40,44,37,0,0,0,0
1770257284407943544,37,40,44,37,0,0,0,0
1770257284409785538,37,40,44,37,0,0,0,0
1770257284412363132,37,40,44,36,0,0,0,0
1770257284413677786,37,40,44,36,0,0,0,0
1770257284415703336,37,40,44,36,0,0,0,0
1770257284417641972,37,39,44,36,0,0,0,0
1770257284419635201,36,39,44,36,0,0,0,0
1770257284421675504,36,39,44,36,0,0,0,0
1770257284423928643,36,39,44,36,0,0,0,0
1770257284425918800,36,39,44,36,0,0,0,0
1770257284427933566,36,39,44,36,0,0,0,0
1770257284429825193,36,39,44,36,0,0,0,0
1770257284431980890,36,39,44,36,0,0,0,0
1770257284433665824,36,38,44,36,0,0,0,0
1770257284435640365,36,38,44,36,0,0,0,0
1770257284437614298,36,38,44,36,0,0,0,0
1770257284439640328,36,38,44,36,0,0,0,0
1770257284441728343,36,38,44,35,0,0,0,0
1770257284443940201,36,38,44,35,0,0,0,0
1770257284445934327,36,38,44,35,0,0,0,0
1770257284447809377,36,38,44,35,0,0,0,0
1770257284449902545,36,38,44,35,0,0,0,0
1770257284451804092,35,38,44,35,0,0,0,0
1770257284453699303,35,38,44,35,0,0,0,0
1770257284455718517,34,38,43,35,0,0,0,0
1770257284457804132,34,38,43,35,0,0,0,0
1770257284459781169,34,38,43,35,0,0,0,0
1770257284461665564,34,38,43,35,0,0,0,0
1770257284463975344,34,38,43,35,0,0,0,0
1770257284465898428,34,37,43,35,0,0,0,0
1770257284467798279,34,37,43,35,0,0,0,0
1770257284469802004,34,37,43,35,0,0,0,0
1770257284471980230,34,37,43,34,0,0,0,0
1770257284473899697,34,37,43,34,0,0,0,0
1770257284476198854,34,37,43,34,0,0,0,0
1770257284477882508,34,37,43,35,0,0,0,0
1770257284479849304,34,37,42,35,0,0,0,0
1770257284481981449,34,37,42,35,0,0,0,0
1770257284483768785,34,37,42,35,0,0,0,0
1770257284485711038,34,37,42,35,0,0,0,0
1770257284487729835,34,37,42,35,0,0,0,0
1770257284489781082,34,37,42,35,0,0,0,0
1770257284491774279,33,37,42,35,0,0,0,0
1770257284493990265,33,36,42,35,0,0,0,0
1770257284495886213,33,36,42,35,0,0,0,0
1770257284497833105,33,36,42,35,0,0,0,0
1770257284499752508,33,36,42,35,0,0,0,0
1770257284502297014,33,36,42,35,0,0,0,0
1770257284503695382,32,36,42,35,0,0,0,0
1770257284505712324,32,36,42,35,0,0,0,0
1770257284507914934,32,36,42,35,0,0,0,0
1770257284509682686,32,36,41,35,0,0,0,0
1770257284511655947,32,36,41,35,0,0,0,0
1770257284514187588,32,36,41,35,0,0,0,0
1770257284515961100,32,36,41,35,0,0,0,0
1770257284517999675,32,35,41,35,0,0,0,0
1770257284519844004,32,35,41,35,0,0,0,0
1770257284521875123,32,35,41,35,0,0,0,0
1770257284524887607,32,35,41,35,0,0,0,0
1770257284526079666,32,35,41,34,0,0,0,0
1770257284527889467,32,35,40,34,0,0,0,0
1770257284529832039,32,33,40,34,0,0,0,0
1770257284531842549,32,33,40,34,0,0,0,0
1770257284533744672,32,33,40,34,0,0,0,0
1770257284535862480,32,33,40,34,0,0,0,0
1770257284537807804,32,33,40,34,0,0,0,0
1770257284539820138,31,33,39,34,0,0,0,0
1770257284542265889,31,33,39,34,0,0,0,0
1770257284543909703,31,33,39,34,0,0,0,0
1770257284545733392,31,33,39,34,0,0,0,0
1770257284547724445,31,33,39,34,0,0,0,0
1770257284549730123,31,32,39,34,0,0,0,0
1770257284551734200,31,32,40,34,0,0,0,0
1770257284553711045,31,32,40,34,0,0,0,0
1770257284557159796,31,32,40,34,0,0,0,0
1770257284557844003,31,32,38,34,0,0,0,0
1770257284559882033,31,32,38,34,0,0,0,0
1770257284562284776,31,32,38,34,0,0,0,0
1770257284563853068,30,32,38,34,0,0,0,0
1770257284565705654,30,30,38,34,0,0,0,0
1770257284567757860,30,30,38,34,0,0,0,0
1770257284569842611,30,30,38,34,0,0,0,0
1770257284571733278,30,30,38,34,0,0,0,0
1770257284573720364,30,30,38,33,0,0,0,0
1770257284575824987,30,30,37,33,0,0,0,0
1770257284577910091,30,30,37,33,0,0,0,0
1770257284579963673,30,30,37,33,0,0,0,0
1770257284581819907,29,30,37,33,0,0,0,0
1770257284583853330,29,30,37,33,0,0,0,0
1770257284585851743,29,30,37,34,0,0,0,0
1770257284587782379,29,30,37,34,0,0,0,0
1770257284589857818,29,30,37,34,0,0,0,0
1770257284591866439,29,29,37,33,0,0,0,0
1770257284593912918,29,29,36,33,0,0,0,0
1770257284595795297,29,29,36,33,0,0,0,0
1770257284597769069,29,29,36,32,0,0,0,0
1770257284599738234,29,29,36,32,0,0,0,0
1770257284601801450,29,29,36,32,0,0,0,0
1770257284603779991,29,29,36,32,0,0,0,0
1770257284605836582,29,29,36,32,0,0,0,0
1770257284608251357,29,29,36,32,0,0,0,0
1770257284609788000,29,29,36,32,0,0,0,0
1770257284611876592,29,29,35,32,0,0,0,0
1770257284613791995,29,29,35,32,0,0,0,0
1770257284615803145,29,29,35,32,0,0,0,0
1770257284617925242,28,29,35,32,0,0,0,0
1770257284619938952,28,29,35,32,0,0,0,0
1770257284621756561,28,28,35,32,0,0,0,0
1770257284623773631,28,28,35,32,0,0,0,0
1770257284625730284,28,28,35,32,0,0,0,0
1770257284627704857,28,28,35,32,0,0,0,0
1770257284629664166,28,28,34,32,0,0,0,0
1770257284631874905,28,28,34,32,0,0,0,0
1770257284634973439,28,27,34,32,0,0,0,0
1770257284636229660,28,27,34,32,0,0,0,0
1770257284638307851,28,27,34,32,0,0,0,0
1770257284639870511,28,27,34,32,0,0,0,0
1770257284641678424,27,27,34,32,0,0,0,0
1770257284643777032,27,27,34,32,0,0,0,0
1770257284645696916,27,28,34,32,0,0,0,0
1770257284647841573,27,28,34,32,0,0,0,0
1770257284649694288,27,28,34,32,0,0,0,0
1770257284651821184,27,28,34,32,0,0,0,0
1770257284653790893,27,28,33,32,0,0,0,0
1770257284655796731,27,28,33,32,0,0,0,0
1770257284657959628,27,27,33,31,0,0,0,0
1770257284659975354,26,27,32,31,0,0,0,0
1770257284662274095,26,27,32,31,0,0,0,0
1770257284663946677,26,27,32,30,0,0,0,0
1770257284665944035,26,27,32,30,0,0,0,0
1770257284667844750,26,27,32,30,0,0,0,0
1770257284669984319,26,27,32,30,0,0,0,0
1770257284671688582,26,27,31,30,0,0,0,0
1770257284673654195,26,27,31,30,0,0,0,0
1770257284675941255,26,26,31,30,0,0,0,0
1770257284677704431,26,26,31,30,0,0,0,0
1770257284679741758,26,26,31,30,0,0,0,0
1770257284681699147,26,26,31,30,0,0,0,0
1770257284683944638,26,26,23,30,0,0,0,0
1770257284685854474,26,27,23,30,0,0,0,0
1770257284687869336,26,27,23,30,0,0,0,0
1770257284689763011,26,27,23,30,0,0,0,0
1770257284691983094,26,27,23,30,0,0,0,0
1770257284694237033,26,28,23,28,0,0,0,0
1770257284696226327,25,28,23,28,0,0,0,0
1770257284697951294,25,28,23,28,0,0,0,0
1770257284699844169,25,30,23,27,0,0,0,0
1770257284701720820,25,30,22,27,0,0,0,0
1770257284703733954,25,30,22,27,0,0,0,0
1770257284705805841,25,32,22,26,0,0,0,0
1770257284707778558,24,32,22,26,0,0,0,0
1770257284709689418,24,32,22,26,0,0,0,0
1770257284711720537,24,32,22,26,0,0,0,0
1770257284713965612,24,32,22,26,0,0,0,0
1770257284715855831,24,32,22,26,0,0,0,0
1770257284717793571,24,31,22,24,0,0,0,0
1770257284719827826,23,31,22,24,0,0,0,0
1770257284721816383,23,30,22,24,0,0,0,0
1770257284723863886,23,30,22,23,0,0,0,0
1770257284726150498,23,30,21,23,0,0,0,0
1770257284727791752,23,30,21,23,0,0,0,0
1770257284729753909,23,29,21,22,0,0,0,0
1770257284731730754,23,29,21,22,0,0,0,0
1770257284733747408,23,29,21,22,0,0,0,0
1770257284735841088,23,29,21,22,0,0,0,0
1770257284738102707,22,29,21,22,0,0,0,0
1770257284741081623,22,29,21,22,0,0,0,0
1770257284743929432,22,29,21,22,0,0,0,0
1770257284745636127,22,29,21,22,0,0,0,0
1770257284747359239,22,28,21,22,0,0,0,0
1770257284747766736,22,28,21,22,0,0,0,0
1770257284749653435,22,28,21,22,0,0,0,0
1770257284751658345,22,28,21,22,0,0,0,0
1770257284753950045,22,28,21,22,0,0,0,0
1770257284755702533,22,28,21,22,0,0,0,0
1770257284757978969,22,28,21,22,0,0,0,0
1770257284759853860,22,27,21,22,0,0,0,0
1770257284761870930,22,27,22,22,0,0,0,0
1770257284763792222,22,27,22,22,0,0,0,0
1770257284765703018,22,27,22,22,0,0,0,0
1770257284768369479,22,27,22,22,0,0,0,0
1770257284769815560,22,27,22,22,0,0,0,0
1770257284771662290,22,28,22,22,0,0,0,0
1770257284773673696,22,28,22,22,0,0,0,0
1770257284775743375,22,28,22,22,0,0,0,0
1770257284777861407,22,29,22,22,0,0,0,0
1770257284779868941,22,29,23,22,0,0,0,0
1770257284781882203,22,29,23,22,0,0,0,0
1770257284783747814,22,29,23,22,0,0,0,0
1770257284785797045,22,29,23,22,0,0,0,0
1770257284787737217,22,29,23,22,0,0,0,0
1770257284789762255,22,29,23,22,0,0,0,0
1770257284791856127,22,29,23,22,0,0,0,0
1770257284793935407,22,29,23,22,0,0,0,0
1770257284795722296,22,30,23,22,0,0,0,0
1770257284797967947,22,30,23,22,0,0,0,0
1770257284799962968,22,30,23,22,0,0,0,0
1770257284801790786,22,30,24,22,0,0,0,0
1770257284803813968,22,30,24,22,0,0,0,0
1770257284805877312,22,30,24,22,0,0,0,0
1770257284807860717,22,30,24,22,0,0,0,0
1770257284809932572,22,30,24,22,0,0,0,0
1770257284811889385,22,30,24,22,0,0,0,0
1770257284813695954,22,30,24,22,0,0,0,0
1770257284815850851,22,30,24,22,0,0,0,0
1770257284817973300,22,30,24,22,0,0,0,0
1770257284819786493,22,30,24,22,0,0,0,0
1770257284821793579,22,30,24,22,0,0,0,0
1770257284823795833,22,30,24,22,0,0,0,0
1770257284826126030,22,30,24,22,0,0,0,0
1770257284827939095,22,30,24,22,0,0,0,0
1770257284829723552,22,30,24,22,0,0,0,0
1770257284831692109,22,30,24,22,0,0,0,0
1770257284833777309,22,30,25,22,0,0,0,0
1770257284835707049,22,30,25,22,0,0,0,0
1770257284837770648,22,30,25,22,0,0,0,0
1770257284839790534,22,30,25,22,0,0,0,0
1770257284841694258,22,30,25,22,0,0,0,0
1770257284843736608,22,30,25,22,0,0,0,0
1770257284845682221,22,30,25,22,0,0,0,0
1770257284847799901,22,30,25,22,0,0,0,0
1770257284849689000,22,30,25,22,0,0,0,0
1770257284851718551,22,30,25,22,0,0,0,0
1770257284853911625,22,30,25,22,0,0,0,0
1770257284855778131,22,30,25,22,0,0,0,0
1770257284857822434,22,30,25,22,0,0,0,0
1770257284859824272,22,30,25,22,0,0,0,0
1770257284862354058,22,30,25,22,0,0,0,0
1770257284863933294,22,30,25,22,0,0,0,0
1770257284866168641,22,30,25,22,0,0,0,0
1770257284867874728,22,30,25,22,0,0,0,0
1770257284869744691,22,30,25,22,0,0,0,0
1770257284871688447,22,30,25,22,0,0,0,0
1770257284873712557,22,30,25,22,0,0,0,0
1770257284876003905,22,30,25,22,0,0,0,0
1770257284877691848,22,30,25,22,0,0,0,0
1770257284879769304,22,30,25,22,0,0,0,0
1770257284881811366,22,30,25,22,0,0,0,0
1770257284884226685,22,30,25,22,0,0,0,0
1770257284885936868,22,30,25,22,0,0,0,0
1770257284887800111,22,30,25,22,0,0,0,0
1770257284889881791,22,30,25,22,0,0,0,0
1770257284891703400,22,30,25,22,0,0,0,0
1770257284893779608,22,30,25,22,0,0,0,0
1770257284895809318,22,30,25,22,0,0,0,0
1770257284897867029,22,30,25,22,0,0,0,0
1770257284899825634,22,30,25,22,0,0,0,0
1770257284901768942,22,30,25,22,0,0,0,0
1770257284903956512,22,30,25,22,0,0,0,0
1770257284905847435,22,30,25,22,0,0,0,0
1770257284907848825,22,29,25,22,0,0,0,0
1770257284909679747,22,29,25,22,0,0,0,0
1770257284911700113,22,29,25,22,0,0,0,0
1770257284913708863,22,29,25,22,0,0,0,0
1770257284915660555,22,29,25,22,0,0,0,0
1770257284918196069,22,29,25,22,0,0,0,0
1770257284919837035,22,29,25,22,0,0,0,0
1770257284921788119,22,30,25,21,0,0,0,0
1770257284923872967,22,30,25,21,0,0,0,0
1770257284925914294,22,30,25,21,0,0,0,0
1770257284927908963,22,30,25,21,0,0,0,0
1770257284929856944,22,30,25,21,0,0,0,0
1770257284931950176,22,29,25,21,0,0,0,0
1770257284933840203,22,29,25,21,0,0,0,0
1770257284935924666,22,29,25,21,0,0,0,0
1770257284937862631,22,28,25,21,0,0,0,0
1770257284939815187,22,28,25,22,0,0,0,0
1770257284941912675,22,28,25,22,0,0,0,0
1770257284944889031,22,27,25,22,0,0,0,0
1770257284945842525,22,27,25,22,0,0,0,0
1770257284947740328,22,27,25,22,0,0,0,0
1770257284949766391,22,27,25,22,0,0,0,0
1770257284951719043,22,26,25,22,0,0,0,0
1770257284953875924,22,26,25,22,0,0,0,0
1770257284955863554,22,26,25,22,0,0,0,0
1770257284957767693,22,26,25,22,0,0,0,0
1770257284959990048,22,26,25,22,0,0,0,0
1770257284962012430,22,26,25,22,0,0,0,0
1770257284963932794,22,26,25,22,0,0,0,0
1770257284965842150,22,26,25,22,0,0,0,0
1770257284967676944,22,26,25,22,0,0,0,0
1770257284969647101,22,26,25,22,0,0,0,0
1770257284971800110,22,26,25,22,0,0,0,0
1770257284973684537,22,26,25,22,0,0,0,0
1770257284975624421,22,26,25,22,0,0,0,0
1770257284977855960,22,26,25,22,0,0,0,0
1770257284979819749,22,26,25,22,0,0,0,0
1770257284981893972,22,26,25,22,0,0,0,0
1770257284983987556,22,26,25,22,0,0,0,0
1770257284985815886,22,26,25,22,0,0,0,0
1770257284987638424,22,26,25,22,0,0,0,0
1770257284989817962,22,26,25,22,0,0,0,0
1770257284991767862,22,26,25,22,0,0,0,0
1770257284993638145,22,26,25,23,0,0,0,0
1770257284995817363,22,26,25,23,0,0,0,0
1770257284997981956,22,26,25,23,0,0,0,0
1770257285000852870,22,26,25,23,0,0,0,0
1770257285001903262,22,26,25,23,0,0,0,0
1770257285003804617,22,26,25,23,0,0,0,0
1770257285005723829,22,26,25,23,0,0,0,0
1770257285007780260,22,26,25,23,0,0,0,0
1770257285009793650,22,26,25,23,0,0,0,0
1770257285011727486,22,26,25,23,0,0,0,0
1770257285013802317,22,26,25,23,0,0,0,0
1770257285016012544,22,26,25,23,0,0,0,0
1770257285017959084,22,26,25,23,0,0,0,0
1770257285019848920,22,26,25,23,0,0,0,0
1770257285021834117,22,26,25,23,0,0,0,0
1770257285023746737,22,26,25,23,0,0,0,0
1770257285026220009,22,26,25,23,0,0,0,0
1770257285028753219,22,26,25,23,0,0,0,0
1770257285029754394,22,26,25,23,0,0,0,0
1770257285031815529,22,26,25,23,0,0,0,0
1770257285033879352,22,26,25,23,0,0,0,0
1770257285035896294,22,26,25,23,0,0,0,0
1770257285037974038,22,26,25,23,0,0,0,0
1770257285039731646,22,26,25,23,0,0,0,0
1770257285041678058,22,26,25,23,0,0,0,0
1770257285043720249,22,26,25,23,0,0,0,0
1770257285045742631,22,26,25,23,0,0,0,0
1770257285047850327,22,26,25,23,0,0,0,0
1770257285050049129,22,26,25,23,0,0,0,0
1770257285051910324,22,26,25,23,0,0,0,0
1770257285053815039,22,26,25,23,0,0,0,0
1770257285055922576,22,26,25,23,0,0,0,0
1770257285057741753,22,26,25,23,0,0,0,0
1770257285059732007,22,25,25,24,0,0,0,0
1770257285061688531,22,25,25,24,0,0,0,0
1770257285064027017,22,25,25,24,0,0,0,0
1770257285065952533,22,25,25,24,0,0,0,0
1770257285067872033,22,25,25,24,0,0,0,0
1770257285069886991,22,26,25,24,0,0,0,0
1770257285071730521,22,26,25,24,0,0,0,0
1770257285073739207,22,26,25,24,0,0,0,0
1770257285075817750,22,26,25,24,0,0,0,0
1770257285077610783,22,26,25,24,0,0,0,0
1770257285079981141,22,26,25,24,0,0,0,0
1770257285081953794,22,26,25,23,0,0,0,0
1770257285083843853,22,26,25,23,0,0,0,0
1770257285086217540,22,26,25,23,0,0,0,0
1770257285087805480,22,26,25,23,0,0,0,0
1770257285089662994,22,26,25,23,0,0,0,0
1770257285091643616,22,26,25,23,0,0,0,0
1770257285093745488,22,26,25,23,0,0,0,0
1770257285095715165,22,26,25,23,0,0,0,0
1770257285097819981,22,26,25,23,0,0,0,0
1770257285099740153,22,26,25,23,0,0,0,0
1770257285101649220,22,26,25,23,0,0,0,0
1770257285103631026,22,26,25,23,0,0,0,0
1770257285105617599,22,26,25,23,0,0,0,0
1770257285107668110,22,26,25,23,0,0,0,0
1770257285109992419,22,26,25,23,0,0,0,0
1770257285111925327,22,26,25,23,0,0,0,0
1770257285113942973,22,26,25,23,0,0,0,0
1770257285115866249,22,26,25,23,0,0,0,0
1770257285117953305,22,26,25,23,0,0,0,0
1770257285119908741,22,26,25,23,0,0,0,0
1770257285122515937,22,26,25,23,0,0,0,0
1770257285123773662,22,26,25,23,0,0,0,0
1770257285125655689,22,26,25,24,0,0,0,0
1770257285128284581,22,26,25,24,0,0,0,0
1770257285130174416,22,26,25,24,0,0,0,0
1770257285131620625,22,25,25,24,0,0,0,0
1770257285134542548,22,25,25,24,0,0,0,0
1770257285136369949,22,25,25,24,0,0,0,0
1770257285137866944,22,25,25,24,0,0,0,0
1770257285139992400,22,25,25,24,0,0,0,0
1770257285141855835,22,25,25,24,0,0,0,0
1770257285143629827,22,25,25,24,0,0,0,0
1770257285145775188,22,25,25,24,0,0,0,0
1770257285147592798,22,26,25,24,0,0,0,0
1770257285149675693,22,26,25,24,0,0,0,0
1770257285151623258,22,26,25,24,0,0,0,0
1770257285153594663,22,26,25,24,0,0,0,0
1770257285155659798,22,26,25,24,0,0,0,0
1770257285157771238,22,26,25,24,0,0,0,0
1770257285159769076,22,26,25,24,0,0,0,0
1770257285161731585,22,26,25,24,0,0,0,0
1770257285163758063,22,26,25,24,0,0,0,0
1770257285166368747,22,25,25,24,0,0,0,0
1770257285168489499,22,25,25,24,0,0,0,0
1770257285170312453,22,25,25,24,0,0,0,0
1770257285172517271,22,25,25,24,0,0,0,0
1770257285173709362,22,25,25,24,0,0,0,0
1770257285175961542,22,25,25,24,0,0,0,0
1770257285177758959,22,25,25,24,0,0,0,0
1770257285179881887,22,25,25,23,0,0,0,0
1770257285181713769,22,25,25,23,0,0,0,0
1770257285183918460,22,25,25,23,0,0,0,0
1770257285186603385,22,25,25,23,0,0,0,0
1770257285187757907,22,25,26,23,0,0,0,0
1770257285189866307,22,25,26,23,0,0,0,0
1770257285191771247,22,25,26,23,0,0,0,0
1770257285193928608,22,25,26,23,0,0,0,0
1770257285195925486,22,26,26,23,0,0,0,0
1770257285197938076,22,26,26,24,0,0,0,0
1770257285199659651,22,26,26,24,0,0,0,0
1770257285201834229,22,25,26,24,0,0,0,0
1770257285203609469,22,25,26,24,0,0,0,0
1770257285205666508,22,25,26,24,0,0,0,0
1770257285207891295,22,25,26,24,0,0,0,0
1770257285209577638,22,25,26,24,0,0,0,0
1770257285211644661,22,25,26,24,0,0,0,0
1770257285213809574,22,25,26,24,0,0,0,0
1770257285215745427,22,25,26,24,0,0,0,0
1770257285217740992,22,25,26,24,0,0,0,0
1770257285219990580,22,25,26,24,0,0,0,0
1770257285221694971,22,25,26,24,0,0,0,0
1770257285223703656,22,25,26,24,0,0,0,0
1770257285225767800,22,25,26,24,0,0,0,0
1770257285227778022,22,26,26,24,0,0,0,0
1770257285229913590,22,26,26,24,0,0,0,0
1770257285232017990,22,25,26,24,0,0,0,0
1770257285234093686,22,25,26,24,0,0,0,0
1770257285235842526,22,25,26,24,0,0,0,0
1770257285237696936,22,25,26,24,0,0,0,0
1770257285239679925,22,25,26,24,0,0,0,0
1770257285241844103,22,25,26,24,0,0,0,0
1770257285243703953,22,25,26,24,0,0,0,0
1770257285245756864,22,25,26,24,0,0,0,0
1770257285248028500,22,25,26,24,0,0,0,0
1770257285249921247,22,25,26,24,0,0,0,0
1770257285251825995,22,25,26,24,0,0,0,0
1770257285253872186,22,25,26,24,0,0,0,0
1770257285256255984,22,25,26,24,0,0,0,0
1770257285257679697,22,25,26,24,0,0,0,0
1770257285259786337,22,25,26,24,0,0,0,0
1770257285261873648,22,26,26,24,0,0,0,0
1770257285263804029,22,26,26,24,0,0,0,0
1770257285265822443,22,26,26,24,0,0,0,0
1770257285267831257,22,26,26,24,0,0,0,0
1770257285269981450,22,26,26,24,0,0,0,0
1770257285271972983,22,26,26,24,0,0,0,0
1770257285273922852,22,26,26,24,0,0,0,0
1770257285275972083,22,25,26,24,0,0,0,0
1770257285277861502,22,25,26,24,0,0,0,0
1770257285279872428,22,25,26,24,0,0,0,0
1770257285281810232,22,25,26,24,0,0,0,0
1770257285283719908,22,25,26,24,0,0,0,0
1770257285285651216,22,25,26,24,0,0,0,0
1770257285287820801,22,25,26,24,0,0,0,0
1770257285289847568,22,25,26,24,0,0,0,0
1770257285291898078,22,25,26,24,0,0,0,0
1770257285293837163,22,25,26,24,0,0,0,0
1770257285295904346,22,25,26,24,0,0,0,0
1770257285297897927,22,25,26,24,0,0,0,0
1770257285299653648,22,25,26,24,0,0,0,0
1770257285301686910,22,25,26,24,0,0,0,0
1770257285303621162,22,25,26,24,0,0,0,0
1770257285305565751,22,25,26,24,0,0,0,0
1770257285307641446,22,25,26,24,0,0,0,0
1770257285309762006,22,25,26,24,0,0,0,0
1770257285311792197,22,25,26,24,0,0,0,0
1770257285313754898,22,25,26,24,0,0,0,0
1770257285315641661,22,25,26,24,0,0,0,0
1770257285317724716,22,25,26,24,0,0,0,0
1770257285320104355,22,25,26,24,0,0,0,0
1770257285322119633,22,25,26,24,0,0,0,0
1770257285323873465,22,25,26,24,0,0,0,0
1770257285325934696,22,25,26,24,0,0,0,0
1770257285327843187,22,26,26,24,0,0,0,0
1770257285329725662,22,26,26,24,0,0,0,0
1770257285331782349,22,26,26,24,0,0,0,0
1770257285333767227,22,26,26,24,0,0,0,0
1770257285335744136,22,26,26,24,0,0,0,0
1770257285337717205,22,26,26,24,0,0,0,0
1770257285339875622,22,25,26,24,0,0,0,0
1770257285341852756,22,25,26,24,0,0,0,0
1770257285343927427,22,25,26,24,0,0,0,0
1770257285345935569,22,25,26,24,0,0,0,0
1770257285347961055,22,25,26,24,0,0,0,0
1770257285349816489,22,25,26,24,0,0,0,0
1770257285351687668,22,25,26,24,0,0,0,0
1770257285353776900,22,25,26,24,0,0,0,0
1770257285355731153,22,25,26,24,0,0,0,0
1770257285357780191,22,25,26,24,0,0,0,0
1770257285359834350,22,25,26,24,0,0,0,0
1770257285361844380,22,25,26,24,0,0,0,0
1770257285363856970,22,25,26,24,0,0,0,0
1770257285366003515,22,25,26,24,0,0,0,0
1770257285367979944,22,25,26,24,0,0,0,0
1770257285370012407,22,25,26,24,0,0,0,0
1770257285371684125,22,25,26,24,0,0,0,0
1770257285373692683,22,25,26,24,0,0,0,0
1770257285375810651,22,25,26,24,0,0,0,0
1770257285377616965,22,25,26,24,0,0,0,0
1770257285379666259,22,25,26,24,0,0,0,0
1770257285382428690,22,25,26,24,0,0,0,0
1770257285384252124,22,25,26,24,0,0,0,0
1770257285387518279,22,25,26,24,0,0,0,0
1770257285389125035,22,25,26,24,0,0,0,0
1770257285390073057,22,25,26,24,0,0,0,0
1770257285391708838,22,25,26,24,0,0,0,0
1770257285393803094,22,26,26,24,0,0,0,0
1770257285395723330,22,26,26,24,0,0,0,0
1770257285397700175,22,26,26,24,0,0,0,0
1770257285399723198,22,26,26,24,0,0,0,0
1770257285401878127,22,26,26,24,0,0,0,0
1770257285403805275,22,26,26,24,0,0,0,0
1770257285405847561,22,25,26,24,0,0,0,0
1770257285408070876,22,25,26,24,0,0,0,0
1770257285410147116,22,25,26,24,0,0,0,0
1770257285412056791,22,25,26,24,0,0,0,0
1770257285413877185,22,25,26,24,0,0,0,0
1770257285415839950,22,25,26,24,0,0,0,0
1770257285417980799,22,25,26,24,0,0,0,0
1770257285420226674,22,25,26,24,0,0,0,0
1770257285421732788,22,25,26,24,0,0,0,0
1770257285423748162,22,26,26,24,0,0,0,0
1770257285425872275,22,26,26,24,0,0,0,0
1770257285427889185,22,26,26,24,0,0,0,0
1770257285429803853,22,26,26,24,0,0,0,0
1770257285431817403,22,26,26,24,0,0,0,0
1770257285433756583,22,26,26,24,0,0,0,0
1770257285435907160,22,26,26,24,0,0,0,0
1770257285437954887,22,26,26,24,0,0,0,0
1770257285439829394,22,26,26,24,0,0,0,0
1770257285441851424,22,26,26,24,0,0,0,0
1770257285444170997,22,26,26,24,0,0,0,0
1770257285445778586,22,26,26,24,0,0,0,0
1770257285447864681,22,26,26,24,0,0,0,0
1770257285449988634,22,26,26,24,0,0,0,0
1770257285451834500,22,26,26,24,0,0,0,0
1770257285453699951,22,26,26,24,0,0,0,0
1770257285455682076,22,26,26,24,0,0,0,0
1770257285457729803,22,26,26,24,0,0,0,0
1770257285459744057,22,26,26,24,0,0,0,0
1770257285461809640,22,26,26,24,0,0,0,0
1770257285463638290,22,26,26,24,0,0,0,0
1770257285465503068,22,26,26,24,0,0,0,0
1770257285467643789,22,26,26,24,0,0,0,0
1770257285469596730,22,26,26,24,0,0,0,0
1770257285471552070,22,25,26,24,0,0,0,0
1770257285473688023,22,25,26,24,0,0,0,0
1770257285475810760,22,25,26,24,0,0,0,0
1770257285477807925,22,25,26,24,0,0,0,0
1770257285479983143,22,25,26,24,0,0,0,0
1770257285481756560,22,25,26,24,0,0,0,0
1770257285483820255,22,26,26,24,0,0,0,0
1770257285485908430,22,26,26,24,0,0,0,0
1770257285487952541,22,26,26,24,0,0,0,0
1770257285489905258,22,26,26,24,0,0,0,0
1770257285491778612,22,26,26,24,0,0,0,0
1770257285493787330,22,26,26,24,0,0,0,0
1770257285495710286,22,26,26,24,0,0,0,0
1770257285497765181,22,26,27,24,0,0,0,0
1770257285499724074,22,26,27,24,0,0,0,0
1770257285501714263,22,26,27,24,0,0,0,0
1770257285503925418,22,26,27,24,0,0,0,0
1770257285506125148,22,26,27,24,0,0,0,0
1770257285507862436,22,26,27,24,0,0,0,0
1770257285509857041,22,26,27,24,0,0,0,0
1770257285511732252,22,26,26,24,0,0,0,0
1770257285513985680,22,26,26,24,0,0,0,0
1770257285515963261,22,26,26,24,0,0,0,0
1770257285517700901,22,26,26,24,0,0,0,0
1770257285519806389,22,26,26,24,0,0,0,0
1770257285521699264,22,26,26,24,0,0,0,0
1770257285523733486,22,26,26,24,0,0,0,0
1770257285525633114,22,26,26,24,0,0,0,0
1770257285527663912,22,26,26,24,0,0,0,0
1770257285529663574,22,26,26,24,0,0,0,0
1770257285531632227,22,26,26,24,0,0,0,0
1770257285533658673,22,26,26,24,0,0,0,0
1770257285535823139,22,26,26,24,0,0,0,0
1770257285537607627,22,26,26,24,0,0,0,0
1770257285539825118,22,26,26,24,0,0,0,0
1770257285541712745,22,26,26,24,0,0,0,0
1770257285543750680,22,26,26,24,0,0,0,0
1770257285545854760,22,26,27,24,0,0,0,0
1770257285547874262,22,26,27,24,0,0,0,0
1770257285549645726,22,26,27,24,0,0,0,0
1770257285551843025,22,26,27,24,0,0,0,0
1770257285553766397,22,26,27,24,0,0,0,0
1770257285555683112,22,26,27,24,0,0,0,0
1770257285557766168,22,26,27,24,0,0,0,0
1770257285559759205,22,26,27,24,0,0,0,0
1770257285561713298,22,26,27,24,0,0,0,0
1770257285563728512,22,26,27,24,0,0,0,0
1770257285565777231,22,26,27,24,0,0,0,0
1770257285567892479,22,26,27,24,0,0,0,0
1770257285569762538,22,26,27,24,0,0,0,0
1770257285571761144,22,26,27,24,0,0,0,0
1770257285573713380,22,26,27,24,0,0,0,0
1770257285575979992,22,26,27,24,0,0,0,0
1770257285577948389,22,26,27,24,0,0,0,0
1770257285579813072,22,26,27,24,0,0,0,0
1770257285581975361,22,26,27,24,0,0,0,0
1770257285584018448,22,26,27,24,0,0,0,0
1770257285585744279,22,26,27,24,0,0,0,0
1770257285587688195,22,26,27,24,0,0,0,0
1770257285589666385,22,26,27,24,0,0,0,0
1770257285591800993,22,26,27,24,0,0,0,0
1770257285593775215,22,26,27,24,0,0,0,0
1770257285595820157,22,26,27,24,0,0,0,0
1770257285597655687,22,26,27,24,0,0,0,0
1770257285599843769,22,26,27,24,0,0,0,0
1770257285601675843,22,26,27,24,0,0,0,0
1770257285603657488,22,26,27,24,0,0,0,0
1770257285605738784,22,26,27,24,0,0,0,0
1770257285607671404,22,26,27,24,0,0,0,0
1770257285609554935,22,26,27,24,0,0,0,0
1770257285611674631,22,26,27,24,0,0,0,0
1770257285613607092,22,26,27,24,0,0,0,0
1770257285615729380,22,26,27,24,0,0,0,0
1770257285618139291,22,26,27,24,0,0,0,0
1770257285620431535,22,26,27,24,0,0,0,0
1770257285622012468,22,26,27,24,0,0,0,0
1770257285624258695,22,26,28,24,0,0,0,0
1770257285626342807,22,26,28,24,0,0,0,0
1770257285627630196,22,26,28,24,0,0,0,0
1770257285629692803,22,26,27,24,0,0,0,0
1770257285631717457,22,26,27,24,0,0,0,0
1770257285633636829,22,26,27,24,0,0,0,0
1770257285635739405,22,26,28,24,0,0,0,0
1770257285637842813,22,26,28,24,0,0,0,0
1770257285639962702,22,26,28,24,0,0,0,0
1770257285641872889,22,26,27,24,0,0,0,0
1770257285643997354,22,26,27,24,0,0,0,0
1770257285645932790,22,26,27,24,0,0,0,0
1770257285647789728,22,26,27,24,0,0,0,0
1770257285649695436,22,26,28,24,0,0,0,0
1770257285651626392,22,26,28,24,0,0,0,0
1770257285653784265,22,26,28,24,0,0,0,0
1770257285655759703,22,26,28,24,0,0,0,0
1770257285657776165,22,26,28,24,0,0,0,0
1770257285659766610,22,26,28,24,0,0,0,0
1770257285661842113,22,26,28,24,0,0,0,0
1770257285664198935,22,26,28,24,0,0,0,0
1770257285666057538,22,26,28,24,0,0,0,0
1770257285667874251,22,26,28,24,0,0,0,0
1770257285669706325,22,26,28,24,0,0,0,0
1770257285672012330,22,26,28,24,0,0,0,0
1770257285673870708,22,26,28,24,0,0,0,0
1770257285675931203,22,26,28,24,0,0,0,0
1770257285677912049,22,26,28,24,0,0,0,0
1770257285679818428,22,26,28,24,0,0,0,0
1770257285681897260,22,26,28,24,0,0,0,0
1770257285683912666,22,26,28,24,0,0,0,0
1770257285685992073,22,26,28,24,0,0,0,0
1770257285687763922,22,26,28,24,0,0,0,0
1770257285689635676,22,26,28,24,0,0,0,0
1770257285691639914,22,26,28,24,0,0,0,0
1770257285693589591,22,26,28,24,0,0,0,0
1770257285695787753,22,26,28,24,0,0,0,0
1770257285697858104,22,26,28,24,0,0,0,0
1770257285699759652,22,26,28,24,0,0,0,0
1770257285701852980,22,26,28,24,0,0,0,0
1770257285703791680,22,26,28,24,0,0,0,0
1770257285705749709,22,26,28,24,0,0,0,0
1770257285708163716,22,26,28,24,0,0,0,0
1770257285709909324,22,26,28,24,0,0,0,0
1770257285712223200,22,26,28,24,0,0,0,0
1770257285713963976,22,26,28,24,0,0,0,0
1770257285716258045,22,26,28,24,0,0,0,0
1770257285717803712,22,26,28,24,0,0,0,0
1770257285719726924,22,26,28,24,0,0,0,0
1770257285721730874,22,26,28,24,0,0,0,0
1770257285723631205,22,26,28,24,0,0,0,0
1770257285727051411,22,26,28,24,0,0,0,0
1770257285727910023,22,26,28,24,0,0,0,0
1770257285729743633,22,26,28,24,0,0,0,0
1770257285731890850,22,26,28,24,0,0,0,0
1770257285734148949,22,26,28,24,0,0,0,0
1770257285735860764,22,26,28,24,0,0,0,0
1770257285737715079,22,26,28,24,0,0,0,0
1770257285739750197,22,26,28,24,0,0,0,0
1770257285741607616,22,26,28,24,0,0,0,0
1770257285743737424,22,26,28,24,0,0,0,0
1770257285745692381,22,26,28,24,0,0,0,0
1770257285748171190,22,27,28,24,0,0,0,0
1770257285749918910,22,27,28,24,0,0,0,0
1770257285751898283,22,27,28,24,0,0,0,0
1770257285753756053,22,27,28,24,0,0,0,0
1770257285755845925,23,27,28,24,0,0,0,0
1770257285757874771,23,27,28,24,0,0,0,0
1770257285759810496,23,27,28,24,0,0,0,0
1770257285761691466,23,27,28,24,0,0,0,0
1770257285763678712,23,27,28,24,0,0,0,0
1770257285765747111,23,27,28,24,0,0,0,0
1770257285767785878,23,27,29,24,0,0,0,0
1770257285769846885,23,27,29,24,0,0,0,0
1770257285771873267,23,27,29,24,0,0,0,0
1770257285773893025,23,27,30,24,0,0,0,0
1770257285776000401,23,27,30,24,0,0,0,0
1770257285777888669,23,27,30,24,0,0,0,0
1770257285780029037,23,27,30,24,0,0,0,0
1770257285781805366,23,27,30,24,0,0,0,0
1770257285783936455,23,27,30,24,0,0,0,0
1770257285785865715,23,27,30,24,0,0,0,0
1770257285787946914,23,27,30,24,0,0,0,0
1770257285789739403,23,27,30,24,0,0,0,0
1770257285792037056,23,27,30,24,0,0,0,0
1770257285794017133,23,27,30,24,0,0,0,0
1770257285795976186,23,27,30,24,0,0,0,0
1770257285797870725,23,27,29,24,0,0,0,0
1770257285799737456,23,27,29,24,0,0,0,0
1770257285801621915,23,27,29,24,0,0,0,0
1770257285803701194,23,27,29,24,0,0,0,0
1770257285805678839,23,27,29,24,0,0,0,0
1770257285807777351,23,28,29,24,0,0,0,0
1770257285809965657,23,28,29,24,0,0,0,0
1770257285811930310,23,28,29,24,0,0,0,0
1770257285813852370,23,28,29,24,0,0,0,0
1770257285815831487,23,28,29,24,0,0,0,0
1770257285817878318,23,28,29,24,0,0,0,0
1770257285819751289,23,28,29,24,0,0,0,0
1770257285822166864,23,28,30,24,0,0,0,0
1770257285823791893,23,28,30,24,0,0,0,0
1770257285825798851,23,28,30,24,0,0,0,0
1770257285827774640,23,28,30,24,0,0,0,0
1770257285829782462,23,28,30,24,0,0,0,0
1770257285831974960,23,28,30,24,0,0,0,0
1770257285833814714,23,28,30,24,0,0,0,0
1770257285835911530,23,28,30,24,0,0,0,0
1770257285837844374,23,28,30,24,0,0,0,0
1770257285840009000,23,28,29,24,0,0,0,0
1770257285841747407,23,28,29,24,0,0,0,0
1770257285843688892,23,28,29,24,0,0,0,0
1770257285845690761,23,28,29,24,0,0,0,0
1770257285847710936,23,28,29,24,0,0,0,0
1770257285849741830,23,28,29,24,0,0,0,0
1770257285851749236,23,28,29,24,0,0,0,0
1770257285853966790,23,28,29,24,0,0,0,0
1770257285855872754,23,28,29,24,0,0,0,0
1770257285857864928,23,28,30,24,0,0,0,0
1770257285859811628,23,28,30,24,0,0,0,0
1770257285861813626,23,28,30,24,0,0,0,0
1770257285863838984,23,28,30,24,0,0,0,0
1770257285865889495,23,28,30,24,0,0,0,0
1770257285867864356,23,28,30,24,0,0,0,0
1770257285869980820,23,28,30,24,0,0,0,0
1770257285871833119,23,28,30,24,0,0,0,0
1770257285873823148,23,28,30,24,0,0,0,0
1770257285876182402,23,28,30,24,0,0,0,0
1770257285877918762,23,28,30,24,0,0,0,0
1770257285879848470,23,29,30,24,0,0,0,0
1770257285881707392,23,29,30,24,0,0,0,0
1770257285883824817,23,29,30,24,0,0,0,0
1770257285885924257,23,32,30,24,0,0,0,0
1770257285887953839,23,32,30,24,0,0,0,0
1770257285889889435,23,32,30,24,0,0,0,0
1770257285891929354,23,33,30,24,0,0,0,0
1770257285894249919,23,33,30,24,0,0,0,0
1770257285895833763,23,33,30,24,0,0,0,0
1770257285897734318,23,35,30,24,0,0,0,0
1770257285900014274,23,35,30,24,0,0,0,0
1770257285901844972,23,35,30,24,0,0,0,0
1770257285903697143,23,36,30,24,0,0,0,0
1770257285905853032,23,36,31,24,0,0,0,0
1770257285907801556,23,36,31,24,0,0,0,0
1770257285909674335,23,36,31,24,0,0,0,0
1770257285911861233,23,36,31,24,0,0,0,0
1770257285913783101,23,36,31,24,0,0,0,0
1770257285915914094,23,37,31,23,0,0,0,0
1770257285917847578,23,37,31,23,0,0,0,0
1770257285919938954,23,37,31,23,0,0,0,0
1770257285921719634,23,37,31,23,0,0,0,0
1770257285923727744,22,37,31,23,0,0,0,0
1770257285925687405,22,37,31,23,0,0,0,0
1770257285927723099,22,36,31,23,0,0,0,0
1770257285929648263,22,36,30,23,0,0,0,0
1770257285931812121,22,36,30,23,0,0,0,0
1770257285933925481,22,36,30,23,0,0,0,0
1770257285935710322,22,36,30,23,0,0,0,0
1770257285937659070,22,36,30,23,0,0,0,0
1770257285939684269,22,36,30,22,0,0,0,0
1770257285941634585,22,36,30,22,0,0,0,0
1770257285945065352,22,36,30,22,0,0,0,0
1770257285945932571,22,35,30,22,0,0,0,0
1770257285948250608,22,35,30,22,0,0,0,0
1770257285949879542,22,35,30,22,0,0,0,0
1770257285951819746,22,34,30,22,0,0,0,0
1770257285953812015,22,34,30,22,0,0,0,0
1770257285955786044,22,34,30,22,0,0,0,0
1770257285957763402,22,34,30,22,0,0,0,0
1770257285959680181,22,34,29,22,0,0,0,0
1770257285961666339,22,34,29,22,0,0,0,0
1770257285964027257,22,35,29,22,0,0,0,0
1770257285965863491,22,35,29,22,0,0,0,0
1770257285968023892,22,35,29,22,0,0,0,0
1770257285969797725,22,35,29,22,0,0,0,0
1770257285971892940,22,35,29,22,0,0,0,0
1770257285973819864,22,35,29,22,0,0,0,0
1770257285975740836,22,35,29,22,0,0,0,0
1770257285977734162,22,35,29,22,0,0,0,0
1770257285979727039,22,35,29,22,0,0,0,0
1770257285981799727,22,36,29,22,0,0,0,0
1770257285983766076,22,36,29,22,0,0,0,0
1770257285985732969,22,36,29,22,0,0,0,0
1770257285987678901,22,36,29,22,0,0,0,0
1770257285989823462,22,36,29,22,0,0,0,0
1770257285991853972,22,36,29,22,0,0,0,0
1770257285993893731,22,36,29,22,0,0,0,0
1770257285995824111,22,36,29,22,0,0,0,0
1770257285997948672,22,36,29,22,0,0,0,0
1770257285999799818,22,36,29,22,0,0,0,0
1770257286001814712,22,36,29,22,0,0,0,0
1770257286003751460,22,36,29,22,0,0,0,0
1770257286005832308,22,36,29,21,0,0,0,0
1770257286007660702,22,36,29,21,0,0,0,0
1770257286009675884,22,36,29,21,0,0,0,0
1770257286011695706,22,36,29,21,0,0,0,0
1770257286013754281,22,36,29,21,0,0,0,0
1770257286015977307,22,36,29,21,0,0,0,0
1770257286017873287,22,36,29,21,0,0,0,0
1770257286019867604,22,36,29,21,0,0,0,0
1770257286021850562,22,36,29,21,0,0,0,0
1770257286023973010,22,36,29,21,0,0,0,0
1770257286025947615,22,36,29,21,0,0,0,0
1770257286027943309,22,36,29,21,0,0,0,0
1770257286029814136,22,36,29,21,0,0,0,0
1770257286031766756,22,36,29,21,0,0,0,0
1770257286033799859,22,36,29,21,0,0,0,0
1770257286035776576,22,36,28,21,0,0,0,0
1770257286037856175,22,36,28,21,0,0,0,0
1770257286039715322,22,36,28,21,0,0,0,0
1770257286041768265,22,36,28,21,0,0,0,0
1770257286043824440,22,36,28,21,0,0,0,0
1770257286045912647,22,36,28,21,0,0,0,0
1770257286047883348,22,37,28,21,0,0,0,0
1770257286049888674,22,37,28,21,0,0,0,0
1770257286051742669,22,37,28,21,0,0,0,0
1770257286054147427,22,38,28,21,0,0,0,0
1770257286055712007,22,38,27,21,0,0,0,0
1770257286057716949,22,38,27,21,0,0,0,0
1770257286059699746,22,38,27,21,0,0,0,0
1770257286061692464,22,38,27,21,0,0,0,0
1770257286063711518,22,38,27,21,0,0,0,0
1770257286065738988,22,38,27,21,0,0,0,0
1770257286067865917,22,38,27,21,0,0,0,0
1770257286070188466,22,38,27,21,0,0,0,0
1770257286072163359,22,37,27,21,0,0,0,0
1770257286073875238,22,37,27,21,0,0,0,0
1770257286075926645,22,37,27,21,0,0,0,0
1770257286077812832,22,37,27,21,0,0,0,0
1770257286079876879,22,37,27,21,0,0,0,0
1770257286081882301,22,37,27,21,0,0,0,0
1770257286083891243,22,37,26,21,0,0,0,0
1770257286085680180,22,37,26,21,0,0,0,0
1770257286087690466,22,37,26,21,0,0,0,0
1770257286089779665,22,38,26,21,0,0,0,0
1770257286091728894,22,38,26,21,0,0,0,0
1770257286093742604,22,38,26,21,0,0,0,0
1770257286096155939,22,38,26,21,0,0,0,0
1770257286097947756,22,38,26,21,0,0,0,0
1770257286099883928,22,38,26,21,0,0,0,0
1770257286101770083,22,38,26,21,0,0,0,0
1770257286103760817,22,38,26,21,0,0,0,0
1770257286105845920,22,38,26,21,0,0,0,0
1770257286107886767,22,39,26,21,0,0,0,0
1770257286109819259,22,39,27,21,0,0,0,0
1770257286111648421,22,39,27,21,0,0,0,0
1770257286113896088,22,38,27,21,0,0,0,0
1770257286115713698,22,38,27,21,0,0,0,0
1770257286117935637,22,38,27,21,0,0,0,0
1770257286119938658,22,37,27,21,0,0,0,0
1770257286121786413,22,37,26,21,0,0,0,0
1770257286123764762,22,37,26,21,0,0,0,0
1770257286126166065,22,36,26,21,0,0,0,0
1770257286127959866,22,36,26,21,0,0,0,0
1770257286129792068,22,36,26,21,0,0,0,0
1770257286132289213,22,34,26,21,0,0,0,0
1770257286133817855,22,34,26,21,0,0,0,0
1770257286135823693,22,34,26,21,0,0,0,0
1770257286137819899,22,35,26,21,0,0,0,0
1770257286139720646,21,35,26,21,0,0,0,0
1770257286141707412,21,35,26,21,0,0,0,0
1770257286143768355,21,36,26,21,0,0,0,0
1770257286145689647,22,36,25,21,0,0,0,0
1770257286147673756,22,36,25,21,0,0,0,0
1770257286149898415,22,37,25,21,0,0,0,0
1770257286151800122,22,37,25,21,0,0,0,0
1770257286153895306,22,37,25,21,0,0,0,0
1770257286155971962,22,38,25,21,0,0,0,0
1770257286158123723,22,38,25,21,0,0,0,0
1770257286159938708,22,38,25,21,0,0,0,0
1770257286161828863,22,39,25,21,0,0,0,0
1770257286163855342,22,39,26,21,0,0,0,0
1770257286165931197,22,39,26,21,0,0,0,0
1770257286167903594,22,40,26,21,0,0,0,0
1770257286169741332,22,40,26,21,0,0,0,0
1770257286171845316,22,40,26,21,0,0,0,0
1770257286173788049,22,40,26,21,0,0,0,0
1770257286175686588,23,40,26,21,0,0,0,0
1770257286177707914,23,40,26,21,0,0,0,0
1770257286179896860,23,39,26,21,0,0,0,0
1770257286181860233,22,39,26,21,0,0,0,0
1770257286183831862,22,39,26,21,0,0,0,0
1770257286185833252,22,37,26,21,0,0,0,0
1770257286187720751,21,37,26,21,0,0,0,0
1770257286189645531,21,37,26,21,0,0,0,0
1770257286191659913,21,36,26,21,0,0,0,0
1770257286193611445,22,36,26,21,0,0,0,0
1770257286195589667,22,36,26,21,0,0,0,0
1770257286198152093,22,36,26,21,0,0,0,0
1770257286200241133,22,36,25,21,0,0,0,0
1770257286202001333,22,36,25,21,0,0,0,0
1770257286205069787,22,36,25,21,0,0,0,0
1770257286206198997,21,36,25,21,0,0,0,0
1770257286207748824,21,36,25,21,0,0,0,0
1770257286209768007,21,37,25,21,0,0,0,0
1770257286211677714,22,37,24,21,0,0,0,0
1770257286213595934,22,37,24,21,0,0,0,0
1770257286215716206,22,38,24,21,0,0,0,0
1770257286217935073,22,38,24,21,0,0,0,0
1770257286219889774,22,38,24,21,0,0,0,0
1770257286221892571,22,39,24,21,0,0,0,0
1770257286223977515,22,39,25,21,0,0,0,0
1770257286225956344,22,39,25,21,0,0,0,0
1770257286227838371,22,40,25,21,0,0,0,0
1770257286229815024,22,40,25,21,0,0,0,0
1770257286231704156,22,40,25,21,0,0,0,0
1770257286233819852,22,40,25,21,0,0,0,0
1770257286235867835,22,40,26,21,0,0,0,0
1770257286237787271,22,40,26,21,0,0,0,0
1770257286239854070,22,41,26,21,0,0,0,0
1770257286241952102,22,41,26,21,0,0,0,0
1770257286243918611,22,41,26,21,0,0,0,0
1770257286246067268,22,41,26,21,0,0,0,0
1770257286247938415,23,41,26,21,0,0,0,0
1770257286249797593,23,41,26,21,0,0,0,0
1770257286251755462,23,40,26,21,0,0,0,0
1770257286253779060,22,40,26,21,0,0,0,0
1770257286255878596,22,40,26,21,0,0,0,0
1770257286257721710,22,38,25,21,0,0,0,0
1770257286259846655,21,38,25,21,0,0,0,0
1770257286261690601,21,38,25,21,0,0,0,0
1770257286263957180,21,36,25,21,0,0,0,0
1770257286265907497,21,36,25,21,0,0,0,0
1770257286267984344,21,36,25,21,0,0,0,0
1770257286269884836,21,34,24,21,0,0,0,0
1770257286271788495,21,34,24,21,0,0,0,0
1770257286273715483,21,34,24,21,0,0,0,0
1770257286276225909,21,34,24,21,0,0,0,0
1770257286277898075,21,34,24,21,0,0,0,0
1770257286279748357,21,34,24,21,0,0,0,0
1770257286281750035,21,35,23,21,0,0,0,0
1770257286283744864,21,35,23,21,0,0,0,0
1770257286285744270,21,35,23,21,0,0,0,0
1770257286287741980,21,36,23,21,0,0,0,0
1770257286289955246,21,36,23,21,0,0,0,0
1770257286291734967,21,36,23,21,0,0,0,0
1770257286293851079,21,38,23,21,0,0,0,0
1770257286295729010,21,38,24,21,0,0,0,0
1770257286297670623,21,38,24,21,0,0,0,0
1770257286299707373,21,40,24,21,0,0,0,0
1770257286301680346,22,40,24,21,0,0,0,0
1770257286303663816,22,40,24,21,0,0,0,0
1770257286305732247,22,40,24,21,0,0,0,0
1770257286307671363,22,40,25,21,0,0,0,0
1770257286309688465,22,40,25,21,0,0,0,0
1770257286311902852,22,41,25,21,0,0,0,0
1770257286313791599,22,41,25,21,0,0,0,0
1770257286315769532,22,41,25,21,0,0,0,0
1770257286317829515,22,42,25,21,0,0,0,0
1770257286319760183,22,42,26,21,0,0,0,0
1770257286321820070,22,42,26,21,0,0,0,0
1770257286323750130,22,42,26,21,0,0,0,0
1770257286325737536,22,42,26,21,0,0,0,0
1770257286327647787,22,42,26,21,0,0,0,0
1770257286329802397,22,42,26,21,0,0,0,0
1770257286331836235,22,42,26,21,0,0,0,0
1770257286333808280,22,42,26,21,0,0,0,0
1770257286335907688,22,43,26,21,0,0,0,0
1770257286337778355,22,43,26,21,0,0,0,0
1770257286340176042,22,43,26,21,0,0,0,0
1770257286341849040,22,42,26,21,0,0,0,0
1770257286344167429,22,42,25,21,0,0,0,0
1770257286346144050,22,42,25,21,0,0,0,0
1770257286347757559,22,42,25,21,0,0,0,0
1770257286349820454,22,42,25,21,0,0,0,0
1770257286351659984,22,42,25,21,0,0,0,0
1770257286353845730,22,41,25,21,0,0,0,0
1770257286355782286,22,41,25,21,0,0,0,0
1770257286358286791,22,41,25,21,0,0,0,0
1770257286360026255,22,40,25,21,0,0,0,0
1770257286361759703,22,40,24,21,0,0,0,0
1770257286363929224,22,40,24,21,0,0,0,0
1770257286366003608,22,40,24,21,0,0,0,0
1770257286367803745,22,40,24,21,0,0,0,0
1770257286369749741,22,40,24,21,0,0,0,0
1770257286371791772,22,40,24,21,0,0,0,0
1770257286373790122,22,40,24,21,0,0,0,0
1770257286375842744,22,40,24,21,0,0,0,0
1770257286377733412,22,40,24,21,0,0,0,0
1770257286379701425,22,40,24,21,0,0,0,0
1770257286382010981,22,40,24,21,0,0,0,0
1770257286383870832,22,40,24,21,0,0,0,0
1770257286385826812,22,40,24,21,0,0,0,0
1770257286387798506,22,40,24,21,0,0,0,0
1770257286390271010,22,40,24,21,0,0,0,0
1770257286391693795,22,40,24,21,0,0,0,0
1770257286393763986,22,40,24,21,0,0,0,0
1770257286395894786,22,40,24,21,0,0,0,0
1770257286397767437,22,40,25,21,0,0,0,0
1770257286399807260,22,40,25,21,0,0,0,0
1770257286401981230,22,40,25,21,0,0,0,0
1770257286403932410,22,40,25,21,0,0,0,0
1770257286405814725,22,40,25,21,0,0,0,0
1770257286407847380,22,41,25,21,0,0,0,0
1770257286409853537,22,41,25,21,0,0,0,0
1770257286411678187,22,41,25,21,0,0,0,0
1770257286413766811,22,40,25,21,0,0,0,0
1770257286415796617,22,40,25,21,0,0,0,0
1770257286417623155,22,40,25,21,0,0,0,0
1770257286419662529,22,40,25,21,0,0,0,0
1770257286421953302,22,40,25,21,0,0,0,0
1770257286423785632,22,40,25,21,0,0,0,0
1770257286425827310,22,38,24,21,0,0,0,0
1770257286427773819,22,38,24,21,0,0,0,0
1770257286429941260,22,38,24,21,0,0,0,0
1770257286431928314,22,38,24,21,0,0,0,0
1770257286433727395,22,38,24,21,0,0,0,0
1770257286435687504,22,38,24,21,0,0,0,0
1770257286437697885,22,38,24,21,0,0,0,0
1770257286439779661,22,38,24,21,0,0,0,0
1770257286441730650,22,38,24,21,0,0,0,0
1770257286443945132,22,38,24,21,0,0,0,0
1770257286445802199,22,38,24,21,0,0,0,0
1770257286447786596,22,38,24,21,0,0,0,0
1770257286449794098,22,38,24,21,0,0,0,0
1770257286451760543,22,38,24,21,0,0,0,0
1770257286453780941,22,38,24,21,0,0,0,0
1770257286455927742,22,38,24,21,0,0,0,0
1770257286458038350,22,38,24,21,0,0,0,0
1770257286459824087,22,38,24,21,0,0,0,0
1770257286461772963,22,38,24,21,0,0,0,0
1770257286463783025,22,38,24,21,0,0,0,0
1770257286465916866,22,38,24,21,0,0,0,0
1770257286467938832,22,38,24,21,0,0,0,0
1770257286469804443,22,38,24,21,0,0,0,0
1770257286471802537,22,38,24,21,0,0,0,0
1770257286474989681,22,38,24,21,0,0,0,0
1770257286477569100,22,38,24,21,0,0,0,0
1770257286479828384,22,38,24,21,0,0,0,0
1770257286483101739,22,39,24,21,0,0,0,0
1770257286483537653,22,39,24,21,0,0,0,0
1770257286484075233,22,39,24,21,0,0,0,0
1770257286485634405,22,39,24,21,0,0,0,0
1770257286487622994,22,39,24,21,0,0,0,0
1770257286489635520,22,39,24,21,0,0,0,0
1770257286491732240,22,39,24,21,0,0,0,0
1770257286494032100,22,39,24,21,0,0,0,0
1770257286496028914,22,39,24,21,0,0,0,0
1770257286498009055,22,39,24,21,0,0,0,0
1770257286499824457,22,39,24,21,0,0,0,0
1770257286501796534,22,39,24,21,0,0,0,0
1770257286503746658,22,39,24,21,0,0,0,0
1770257286505601293,22,39,24,21,0,0,0,0
1770257286507597722,22,39,24,21,0,0,0,0
1770257286509605000,22,39,24,21,0,0,0,0
1770257286511617046,21,39,24,21,0,0,0,0
1770257286513874570,21,39,24,21,0,0,0,0
1770257286516198015,21,39,24,21,0,0,0,0
1770257286517807395,21,39,24,21,0,0,0,0
1770257286519695791,21,39,24,21,0,0,0,0
1770257286521711805,22,39,24,21,0,0,0,0
1770257286523682890,22,39,24,21,0,0,0,0
1770257286525641462,22,39,24,21,0,0,0,0
1770257286527787463,22,39,24,21,0,0,0,0
1770257286529706323,22,39,24,21,0,0,0,0
1770257286531644512,22,39,24,21,0,0,0,0
1770257286533960597,22,39,24,21,0,0,0,0
1770257286535903745,22,39,24,21,0,0,0,0
1770257286537890254,22,39,24,21,0,0,0,0
1770257286539828507,22,39,24,21,0,0,0,0
1770257286541837960,22,39,24,21,0,0,0,0
1770257286544821965,22,39,24,21,0,0,0,0
1770257286545993255,22,39,24,21,0,0,0,0
1770257286547833393,22,39,24,21,0,0,0,0
1770257286549702108,22,39,24,21,0,0,0,0
1770257286551690538,22,39,24,21,0,0,0,0
1770257286553869947,22,39,24,21,0,0,0,0
1770257286555810632,22,39,24,21,0,0,0,0
1770257286557769076,22,39,24,21,0,0,0,0
1770257286559662016,22,39,24,21,0,0,0,0
1770257286561794544,22,39,24,21,0,0,0,0
1770257286563675707,22,39,24,21,0,0,0,0
1770257286566186485,22,39,24,21,0,0,0,0
1770257286568185826,22,39,24,21,0,0,0,0
1770257286570987266,22,39,24,21,0,0,0,0
1770257286571996153,22,39,24,21,0,0,0,0
1770257286573916613,22,39,24,21,0,0,0,0
1770257286575726447,22,39,24,21,0,0,0,0
1770257286577690555,22,39,23,21,0,0,0,0
1770257286579786667,22,39,23,21,0,0,0,0
1770257286581896828,22,39,24,21,0,0,0,0
1770257286583919370,22,39,24,21,0,0,0,0
1770257286585825621,22,39,24,21,0,0,0,0
1770257286587826819,22,39,24,21,0,0,0,0
1770257286590015445,22,39,24,21,0,0,0,0
1770257286591786302,22,39,24,21,0,0,0,0
1770257286593882413,22,39,23,21,0,0,0,0
1770257286595841530,22,39,23,21,0,0,0,0
1770257286598013324,22,39,23,21,0,0,0,0
1770257286599784212,22,39,23,21,0,0,0,0
1770257286601705280,22,39,23,21,0,0,0,0
1770257286603711982,22,39,23,21,0,0,0,0
1770257286605985186,22,39,23,21,0,0,0,0
1770257286607979343,22,39,24,21,0,0,0,0
1770257286609770968,22,39,24,21,0,0,0,0
1770257286611872008,22,39,23,21,0,0,0,0
1770257286613799028,22,39,23,21,0,0,0,0
1770257286615860163,22,39,23,21,0,0,0,0
1770257286618064790,22,39,23,21,0,0,0,0
1770257286619813022,22,39,24,21,0,0,0,0
1770257286621876717,22,39,24,21,0,0,0,0
1770257286623764568,22,39,24,21,0,0,0,0
1770257286625766630,22,39,23,21,0,0,0,0
1770257286627922103,22,39,23,21,0,0,0,0
1770257286629873828,22,39,23,21,0,0,0,0
1770257286631850545,22,39,23,21,0,0,0,0
1770257286633841502,22,39,23,21,0,0,0,0
1770257286635886957,22,39,23,21,0,0,0,0
1770257286637831513,22,39,23,21,0,0,0,0
1770257286639677668,22,39,23,21,0,0,0,0
1770257286641658801,22,39,23,21,0,0,0,0
1770257286643764161,22,39,23,21,0,0,0,0
1770257286645880753,22,39,23,21,0,0,0,0
1770257286647656442,22,39,23,21,0,0,0,0
1770257286649621927,22,39,23,21,0,0,0,0
1770257286651629045,22,39,23,21,0,0,0,0
1770257286653788742,22,39,23,21,0,0,0,0
1770257286655687185,22,39,23,21,0,0,0,0
1770257286657931877,22,39,23,21,0,0,0,0
1770257286660236761,22,39,23,21,0,0,0,0
1770257286662219302,22,39,23,21,0,0,0,0
1770257286664232500,22,39,23,21,0,0,0,0
1770257286666210338,22,39,23,21,0,0,0,0
1770257286667775941,22,39,23,21,0,0,0,0
1770257286669709586,22,39,23,21,0,0,0,0
1770257286671713215,22,39,23,21,0,0,0,0
1770257286673710541,22,39,23,21,0,0,0,0
1770257286675774044,22,39,23,21,0,0,0,0
1770257286677993487,22,39,23,21,0,0,0,0
1770257286679967580,22,39,23,21,0,0,0,0
1770257286681818886,22,39,23,21,0,0,0,0
1770257286683957815,22,39,23,21,0,0,0,0
1770257286685787297,22,39,23,21,0,0,0,0
1770257286687844912,22,39,23,21,0,0,0,0
1770257286689977185,22,39,23,21,0,0,0,0
1770257286691859308,22,39,23,21,0,0,0,0
1770257286693935451,22,39,23,21,0,0,0,0
1770257286696346162,22,39,23,21,0,0,0,0
1770257286697765491,22,39,23,21,0,0,0,0
1770257286699703775,22,39,23,21,0,0,0,0
1770257286701797167,22,39,23,21,0,0,0,0
1770257286703801308,22,39,23,21,0,0,0,0
1770257286705705608,22,39,23,21,0,0,0,0
1770257286708014749,22,39,23,21,0,0,0,0
1770257286709876551,22,39,23,21,0,0,0,0
1770257286711800595,22,39,23,21,0,0,0,0
1770257286713792001,22,39,23,21,0,0,0,0
1770257286715777518,22,39,23,21,0,0,0,0
1770257286717745179,22,39,23,21,0,0,0,0
1770257286719644934,22,40,23,21,0,0,0,0
1770257286721719542,22,40,23,21,0,0,0,0
1770257286723708835,22,40,23,21,0,0,0,0
1770257286725648335,22,40,23,21,0,0,0,0
1770257286727879298,22,40,23,21,0,0,0,0
1770257286729987283,22,40,23,21,0,0,0,0
1770257286731956288,22,40,23,21,0,0,0,0
1770257286733966158,22,40,23,21,0,0,0,0
1770257286736169888,22,40,23,21,0,0,0,0
1770257286737693987,22,40,23,21,0,0,0,0
1770257286739686288,22,40,23,21,0,0,0,0
1770257286741691902,22,40,23,21,0,0,0,0
1770257286743644331,22,40,23,21,0,0,0,0
1770257286745711418,21,40,23,21,0,0,0,0
1770257286747824362,21,40,23,21,0,0,0,0
1770257286750153951,21,40,23,21,0,0,0,0
1770257286751914824,22,40,23,21,0,0,0,0
1770257286753781714,22,40,23,21,0,0,0,0
1770257286755792672,22,40,23,21,0,0,0,0
1770257286757929841,21,40,23,21,0,0,0,0
1770257286759912894,21,40,23,21,0,0,0,0
1770257286761983182,21,40,23,21,0,0,0,0
1770257286763910746,21,40,23,21,0,0,0,0
1770257286765935592,21,40,23,21,0,0,0,0
1770257286767724497,21,40,23,21,0,0,0,0
1770257286769636764,21,40,23,21,0,0,0,0
1770257286771710316,21,40,23,21,0,0,0,0
1770257286773652632,21,40,23,21,0,0,0,0
1770257286775694247,21,40,23,21,0,0,0,0
1770257286777848408,21,40,23,21,0,0,0,0
1770257286781039265,21,40,23,21,0,0,0,0
1770257286782167771,21,40,23,21,0,0,0,0
1770257286784210281,21,40,23,21,0,0,0,0
1770257286786143797,21,40,23,21,0,0,0,0
1770257286787781819,21,40,23,21,0,0,0,0
1770257286789737928,21,40,23,21,0,0,0,0
1770257286791770518,21,40,23,21,0,0,0,0
1770257286793706306,21,40,23,21,0,0,0,0
1770257286795787442,21,40,23,21,0,0,0,0
1770257286797759359,21,40,23,21,0,0,0,0
1770257286799696971,21,40,23,21,0,0,0,0
1770257286802090786,21,40,23,21,0,0,0,0
1770257286803806633,21,40,23,21,0,0,0,0
1770257286805820535,21,40,23,21,0,0,0,0
1770257286807773156,21,40,23,21,0,0,0,0
1770257286809700784,21,40,23,21,0,0,0,0
1770257286811780511,21,40,23,21,0,0,0,0
1770257286813706763,21,40,23,21,0,0,0,0
1770257286815741690,21,40,23,21,0,0,0,0
1770257286817746119,21,40,23,21,0,0,0,0
1770257286819850455,21,40,23,21,0,0,0,0
1770257286822028297,21,40,23,21,0,0,0,0
1770257286823971318,21,40,23,21,0,0,0,0
1770257286826778198,21,40,23,21,0,0,0,0
1770257286827886447,21,39,23,21,0,0,0,0
1770257286829784186,21,39,23,21,0,0,0,0
1770257286831696198,21,39,23,21,0,0,0,0
1770257286833791830,21,40,23,21,0,0,0,0
1770257286835739010,21,40,23,21,0,0,0,0
1770257286837805042,21,40,23,21,0,0,0,0
1770257286839862497,21,39,23,21,0,0,0,0
1770257286841584552,21,39,23,21,0,0,0,0
1770257286843698232,21,39,23,21,0,0,0,0
1770257286845642725,21,39,23,21,0,0,0,0
1770257286847634514,21,39,23,21,0,0,0,0
1770257286849613919,21,39,23,21,0,0,0,0
1770257286851857843,21,39,23,21,0,0,0,0
1770257286853690845,21,39,23,21,0,0,0,0
1770257286855923696,21,39,23,21,0,0,0,0
1770257286857957342,21,39,23,21,0,0,0,0
1770257286859806312,21,39,23,21,0,0,0,0
1770257286861910872,21,39,23,21,0,0,0,0
1770257286864264590,21,39,23,21,0,0,0,0
1770257286865834898,21,39,23,21,0,0,0,0
1770257286867891713,21,39,23,21,0,0,0,0
1770257286869793740,21,39,23,21,0,0,0,0
1770257286871788058,21,39,23,21,0,0,0,0
1770257286873716006,21,39,23,21,0,0,0,0
1770257286875838775,21,39,23,21,0,0,0,0
1770257286877735554,21,39,23,21,0,0,0,0
1770257286879857810,21,39,23,21,0,0,0,0
1770257286881803071,21,39,23,21,0,0,0,0
1770257286883917967,21,39,23,21,0,0,0,0
1770257286885806906,21,39,23,21,0,0,0,0
1770257286887898058,21,39,23,21,0,0,0,0
1770257286889680787,21,39,23,21,0,0,0,0
1770257286891816996,21,39,23,21,0,0,0,0
1770257286894146233,21,39,23,21,0,0,0,0
1770257286895867072,21,39,23,21,0,0,0,0
1770257286897831949,21,39,23,21,0,0,0,0
1770257286899793946,21,39,23,21,0,0,0,0
1770257286901650052,21,39,23,21,0,0,0,0
1770257286903688467,21,39,23,21,0,0,0,0
1770257286905758242,21,39,23,21,0,0,0,0
1770257286907738255,21,39,23,21,0,0,0,0
1770257286909979202,21,39,23,21,0,0,0,0
1770257286911847181,21,39,23,21,0,0,0,0
1770257286913851451,21,39,23,21,0,0,0,0
1770257286915987116,21,39,23,21,0,0,0,0
1770257286917936856,21,39,23,21,0,0,0,0
1770257286919872516,21,39,23,21,0,0,0,0
1770257286921843953,21,39,23,21,0,0,0,0
1770257286923992611,21,39,23,21,0,0,0,0
1770257286925845869,21,39,23,21,0,0,0,0
1770257286927967197,21,39,23,21,0,0,0,0
1770257286929997452,21,39,23,21,0,0,0,0
1770257286931794197,21,39,23,21,0,0,0,0
1770257286933945926,21,39,23,21,0,0,0,0
1770257286936251835,21,39,22,21,0,0,0,0
1770257286937869760,21,39,22,21,0,0,0,0
1770257286939950351,21,39,22,21,0,0,0,0
1770257286941923836,21,39,22,21,0,0,0,0
1770257286943932938,21,39,22,21,0,0,0,0
1770257286945869814,21,38,22,21,0,0,0,0
1770257286948300846,21,38,22,21,0,0,0,0
1770257286949995957,21,38,22,21,0,0,0,0
1770257286951959905,21,38,22,21,0,0,0,0
1770257286953781419,21,38,23,21,0,0,0,0
1770257286955852538,21,38,23,21,0,0,0,0
1770257286957890025,21,38,23,21,0,0,0,0
1770257286959781076,21,38,23,21,0,0,0,0
1770257286961684288,21,38,23,21,0,0,0,0
1770257286964149208,21,38,23,21,0,0,0,0
1770257286965865535,21,38,22,21,0,0,0,0
1770257286967832300,21,38,22,21,0,0,0,0
1770257286969854202,21,38,22,21,0,0,0,0
1770257286971982443,21,38,23,21,0,0,0,0
1770257286973805620,21,38,23,21,0,0,0,0
1770257286975820643,21,38,23,21,0,0,0,0
1770257286977943091,21,38,22,21,0,0,0,0
1770257286979769533,21,38,22,21,0,0,0,0
1770257286982119250,21,38,22,21,0,0,0,0
1770257286983998429,21,38,22,22,0,0,0,0
1770257286985835207,21,38,22,22,0,0,0,0
1770257286987865430,21,38,22,22,0,0,0,0
1770257286989828995,21,38,22,22,0,0,0,0
1770257286992288155,21,38,22,22,0,0,0,0
1770257286993692987,21,38,22,22,0,0,0,0
1770257286995895501,21,38,22,21,0,0,0,0
1770257286997757976,21,38,22,21,0,0,0,0
1770257286999715908,21,38,22,21,0,0,0,0
1770257287001705042,21,38,22,21,0,0,0,0
1770257287004040615,21,38,22,21,0,0,0,0
1770257287006017652,21,38,22,21,0,0,0,0
1770257287008016226,21,38,22,21,0,0,0,0
1770257287009727849,21,38,22,21,0,0,0,0
1770257287011938556,21,38,22,21,0,0,0,0
1770257287013804902,21,38,22,21,0,0,0,0
1770257287015760339,21,38,22,21,0,0,0,0
1770257287017662142,21,38,22,21,0,0,0,0
1770257287019882385,21,38,22,21,0,0,0,0
1770257287021771452,21,38,22,21,0,0,0,0
1770257287023917773,21,38,22,21,0,0,0,0
1770257287025943868,21,38,22,21,0,0,0,0
1770257287027847015,21,38,22,21,0,0,0,0
1770257287029910838,21,38,22,21,0,0,0,0
1770257287031884387,21,38,22,21,0,0,0,0
1770257287033640331,21,38,22,21,0,0,0,0
1770257287035740091,21,38,22,21,0,0,0,0
1770257287037741609,21,38,22,21,0,0,0,0
1770257287039625780,21,38,22,21,0,0,0,0
1770257287041684323,21,38,22,21,0,0,0,0
1770257287044046937,21,38,22,21,0,0,0,0
1770257287045898115,21,38,22,21,0,0,0,0
1770257287047963603,21,39,22,21,0,0,0,0
1770257287049823677,21,39,22,21,0,0,0,0
1770257287051829099,21,39,22,21,0,0,0,0
1770257287053804120,21,39,22,21,0,0,0,0
1770257287055840519,21,38,22,21,0,0,0,0
1770257287057757458,21,38,22,21,0,0,0,0
1770257287059679358,21,38,22,21,0,0,0,0
1770257287061663660,21,38,22,21,0,0,0,0
1770257287063763868,21,38,22,21,0,0,0,0
1770257287065775913,21,38,22,21,0,0,0,0
1770257287067789752,21,38,22,21,0,0,0,0
1770257287069665762,21,38,22,21,0,0,0,0
1770257287071840564,21,38,22,21,0,0,0,0
1770257287073864546,21,39,22,21,0,0,0,0
1770257287075715821,21,39,22,21,0,0,0,0
1770257287077715098,21,39,22,21,0,0,0,0
1770257287079716552,21,39,22,21,0,0,0,0
1770257287081621139,21,39,22,21,0,0,0,0
1770257287083989866,21,39,22,21,0,0,0,0
1770257287085726193,21,39,22,21,0,0,0,0
1770257287087693182,21,39,22,21,0,0,0,0
1770257287089792142,21,39,22,21,0,0,0,0
1770257287091702970,21,39,22,21,0,0,0,0
1770257287093636198,21,39,22,21,0,0,0,0
1770257287095875705,21,39,22,21,0,0,0,0
1770257287097799109,21,39,22,21,0,0,0,0
1770257287099733297,21,39,22,21,0,0,0,0
1770257287101933315,21,39,22,21,0,0,0,0
1770257287103936689,21,39,22,21,0,0,0,0
1770257287105882334,21,39,22,21,0,0,0,0
1770257287107826282,21,39,22,21,0,0,0,0
1770257287109879193,21,39,22,21,0,0,0,0
1770257287111772228,21,39,22,21,0,0,0,0
1770257287113928950,21,39,22,21,0,0,0,0
1770257287115687710,21,39,22,22,0,0,0,0
1770257287117623050,21,39,22,22,0,0,0,0
1770257287119631992,21,39,22,22,0,0,0,0
1770257287121653574,21,39,22,21,0,0,0,0
1770257287123999612,21,39,22,21,0,0,0,0
1770257287126229647,21,39,22,21,0,0,0,0
1770257287127975766,21,38,22,21,0,0,0,0
1770257287129877442,21,38,22,21,0,0,0,0
1770257287131887472,21,38,22,21,0,0,0,0
1770257287133944191,21,39,22,21,0,0,0,0
1770257287135761896,21,39,22,21,0,0,0,0
1770257287137996091,21,39,22,21,0,0,0,0
1770257287140280560,21,39,22,21,0,0,0,0
1770257287141887956,21,39,22,21,0,0,0,0
1770257287145348131,21,39,22,22,0,0,0,0
1770257287146171670,21,38,22,22,0,0,0,0
1770257287148301063,21,38,22,22,0,0,0,0
1770257287149791369,21,38,22,22,0,0,0,0
1770257287151726581,21,38,22,21,0,0,0,0
1770257287153854150,21,38,22,21,0,0,0,0
1770257287155837907,21,38,22,21,0,0,0,0
1770257287158080198,21,38,22,21,0,0,0,0
1770257287159806478,21,38,22,21,0,0,0,0
1770257287161937022,21,38,22,21,0,0,0,0
1770257287164106832,21,38,22,22,0,0,0,0
1770257287165857560,21,38,22,22,0,0,0,0
1770257287167937447,21,38,22,22,0,0,0,0
1770257287170264540,21,38,22,22,0,0,0,0
1770257287171974052,21,38,22,22,0,0,0,0
1770257287173862511,21,38,22,22,0,0,0,0
1770257287175933310,21,38,22,22,0,0,0,0
1770257287177788072,21,38,22,22,0,0,0,0
1770257287179834679,21,38,22,22,0,0,0,0
1770257287181713026,21,38,22,22,0,0,0,0
1770257287183813330,21,38,22,22,0,0,0,0
1770257287185800191,21,38,22,22,0,0,0,0
1770257287187882063,21,38,22,22,0,0,0,0
1770257287189818555,21,38,22,22,0,0,0,0
1770257287191817833,21,38,22,22,0,0,0,0
1770257287194361443,21,38,22,22,0,0,0,0
1770257287195887494,21,38,22,22,0,0,0,0
1770257287197729712,21,38,22,22,0,0,0,0
1770257287199768414,21,38,22,22,0,0,0,0
1770257287201619625,21,38,22,22,0,0,0,0
1770257287203741881,21,38,22,22,0,0,0,0
1770257287205707686,21,38,22,22,0,0,0,0
1770257287207952537,21,38,22,22,0,0,0,0
1770257287209898150,21,38,22,22,0,0,0,0
1770257287211879443,21,38,22,22,0,0,0,0
1770257287213711805,21,38,22,22,0,0,0,0
1770257287215829901,21,38,22,22,0,0,0,0
1770257287217751257,21,38,22,22,0,0,0,0
1770257287220018509,21,38,22,22,0,0,0,0
1770257287222031355,21,38,22,22,0,0,0,0
1770257287223989224,21,38,22,22,0,0,0,0
1770257287225888787,21,38,22,22,0,0,0,0
1770257287227953250,21,38,22,22,0,0,0,0
1770257287229817773,21,38,22,22,0,0,0,0
1770257287232285445,21,38,22,22,0,0,0,0
1770257287233933387,21,38,22,22,0,0,0,0
1770257287235935961,21,38,22,22,0,0,0,0
1770257287237826244,21,38,22,22,0,0,0,0
1770257287239867923,21,38,22,22,0,0,0,0
1770257287241951746,21,38,22,22,0,0,0,0
1770257287243912271,21,38,22,22,0,0,0,0
1770257287245763641,21,38,22,22,0,0,0,0
1770257287247762471,21,38,22,22,0,0,0,0
1770257287249666770,21,38,22,22,0,0,0,0
1770257287251730754,21,38,22,22,0,0,0,0
1770257287253706671,21,38,22,22,0,0,0,0
1770257287255709436,21,38,22,22,0,0,0,0
1770257287258017873,21,38,22,22,0,0,0,0
1770257287259855195,21,38,22,22,0,0,0,0
1770257287261806760,21,38,22,22,0,0,0,0
1770257287263985113,21,38,22,22,0,0,0,0
1770257287265918374,21,38,22,22,0,0,0,0
1770257287267856786,21,38,22,22,0,0,0,0
1770257287269814655,21,38,22,22,0,0,0,0
1770257287271994736,21,38,22,22,0,0,0,0
1770257287273833722,21,38,22,22,0,0,0,0
1770257287276061901,21,38,22,22,0,0,0,0
1770257287278235807,21,38,22,22,0,0,0,0
1770257287280459634,21,38,22,22,0,0,0,0
1770257287281987445,21,38,22,22,0,0,0,0
1770257287284140038,21,38,22,22,0,0,0,0
1770257287285947759,21,38,22,22,0,0,0,0
1770257287287969853,21,38,22,22,0,0,0,0
1770257287289858953,21,38,22,22,0,0,0,0
1770257287291947832,21,38,22,22,0,0,0,0
1770257287294208236,21,38,22,22,0,0,0,0
1770257287295966964,21,38,22,22,0,0,0,0
1770257287298109605,21,38,22,22,0,0,0,0
1770257287300083858,21,38,22,22,0,0,0,0
1770257287301940477,21,38,22,22,0,0,0,0
1770257287303768678,21,38,22,22,0,0,0,0
1770257287305954424,21,38,22,22,0,0,0,0
1770257287307882916,21,38,22,22,0,0,0,0
1770257287309783888,21,38,22,22,0,0,0,0
1770257287312005666,21,38,22,22,0,0,0,0
1770257287314071442,21,38,22,22,0,0,0,0
1770257287316043295,21,38,22,22,0,0,0,0
1770257287317960138,21,38,22,22,0,0,0,0
1770257287319951992,21,38,22,22,0,0,0,0
1770257287321958758,21,38,22,22,0,0,0,0
1770257287323848369,21,38,22,22,0,0,0,0
1770257287325986818,21,38,22,22,0,0,0,0
1770257287327945903,21,38,22,22,0,0,0,0
1770257287329736856,21,38,22,22,0,0,0,0
1770257287331917353,21,38,22,22,0,0,0,0
1770257287333938456,21,38,22,22,0,0,0,0
1770257287335805314,21,38,22,22,0,0,0,0
1770257287337951283,21,38,22,22,0,0,0,0
1770257287340009506,21,38,22,22,0,0,0,0
1770257287341758154,21,38,22,22,0,0,0,0
1770257287344056863,21,38,22,22,0,0,0,0
1770257287345912169,21,38,22,22,0,0,0,0
1770257287347951800,21,38,22,22,0,0,0,0
1770257287349829027,21,38,22,22,0,0,0,0
1770257287352136215,21,38,22,22,0,0,0,0
1770257287354149701,21,38,22,22,0,0,0,0
1770257287356192948,21,38,22,22,0,0,0,0
1770257287358022142,21,38,22,22,0,0,0,0
1770257287360087277,21,38,22,22,0,0,0,0
1770257287361598543,21,38,22,22,0,0,0,0
1770257287363572092,21,38,22,22,0,0,0,0
1770257287365639276,21,38,22,22,0,0,0,0
1770257287367619097,21,38,22,22,0,0,0,0
1770257287369609158,21,38,22,22,0,0,0,0
1770257287372613707,21,38,22,22,0,0,0,0
1770257287374232944,21,38,22,22,0,0,0,0
1770257287376343520,21,38,22,22,0,0,0,0
1770257287378704886,21,38,22,22,0,0,0,0
1770257287380257850,21,38,22,22,0,0,0,0
1770257287381612377,21,38,22,22,0,0,0,0
1770257287383790122,21,38,22,22,0,0,0,0
1770257287385745847,21,38,22,22,0,0,0,0
1770257287387968746,21,38,22,22,0,0,0,0
1770257287389900726,21,38,22,22,0,0,0,0
1770257287392042855,21,38,22,22,0,0,0,0
1770257287394144055,21,38,22,22,0,0,0,0
1770257287396246439,21,38,22,22,0,0,0,0
1770257287397926221,21,38,22,22,0,0,0,0
1770257287399555666,21,38,22,22,0,0,0,0
1770257287401603265,21,38,22,22,0,0,0,0
1770257287403620495,21,38,22,22,0,0,0,0
1770257287405718783,21,38,22,22,0,0,0,0
1770257287407580458,21,38,22,22,0,0,0,0
1770257287410079715,21,38,22,22,0,0,0,0
1770257287412414584,21,38,22,22,0,0,0,0
1770257287414122879,21,38,22,22,0,0,0,0
1770257287416184398,21,38,22,22,0,0,0,0
1770257287417961879,21,38,22,22,0,0,0,0
1770257287419891075,21,38,22,22,0,0,0,0
1770257287421745869,21,38,22,22,0,0,0,0
1770257287423957952,21,38,22,22,0,0,0,0
1770257287425893068,21,38,22,22,0,0,0,0
1770257287427729910,21,38,22,22,0,0,0,0
1770257287430280656,21,38,22,22,0,0,0,0
1770257287432133979,21,38,22,22,0,0,0,0
1770257287433935300,21,38,22,22,0,0,0,0
1770257287436135862,21,38,22,22,0,0,0,0
1770257287437908735,21,38,22,22,0,0,0,0
1770257287440001038,21,38,22,22,0,0,0,0
1770257287442221153,21,38,22,22,0,0,0,0
1770257287444282448,21,38,22,22,0,0,0,0
1770257287445950422,21,38,22,22,0,0,0,0
1770257287447864066,21,38,22,22,0,0,0,0
1770257287449908657,21,38,22,22,0,0,0,0
1770257287451895390,21,38,22,22,0,0,0,0
1770257287453935725,21,38,22,22,0,0,0,0
1770257287456162528,21,38,22,22,0,0,0,0
1770257287457994409,21,38,22,22,0,0,0,0
1770257287459893941,21,38,22,22,0,0,0,0
1770257287462056870,21,38,22,22,0,0,0,0
1770257287463887600,21,38,22,22,0,0,0,0
1770257287465706842,21,38,22,22,0,0,0,0
1770257287467741512,21,38,22,22,0,0,0,0
1770257287469652884,21,38,22,22,0,0,0,0
1770257287471807365,21,38,22,22,0,0,0,0
1770257287473708112,21,38,22,22,0,0,0,0
1770257287475928003,21,38,22,22,0,0,0,0
1770257287477738573,21,38,22,22,0,0,0,0
1770257287479728186,21,38,22,22,0,0,0,0
1770257287482689278,21,38,22,22,0,0,0,0
1770257287484280290,21,38,22,22,0,0,0,0
1770257287485826917,21,38,22,22,0,0,0,0
1770257287487989015,21,38,22,22,0,0,0,0
1770257287490056262,21,38,22,22,0,0,0,0
1770257287491745837,21,38,22,22,0,0,0,0
1770257287493755066,21,38,22,22,0,0,0,0
1770257287495854890,21,38,22,22,0,0,0,0
1770257287497674356,21,38,22,22,0,0,0,0
1770257287499704898,21,38,22,22,0,0,0,0
1770257287501707376,21,38,22,22,0,0,0,0
1770257287503749247,21,38,22,22,0,0,0,0
1770257287505779789,21,38,22,22,0,0,0,0
1770257287507781883,21,38,22,22,0,0,0,0
1770257287510034030,21,38,22,22,0,0,0,0
1770257287511939450,21,38,22,22,0,0,0,0
1770257287513804580,21,38,22,22,0,0,0,0
1770257287516228732,21,38,22,22,0,0,0,0
1770257287518033029,21,38,22,22,0,0,0,0
1770257287519804013,21,38,22,22,0,0,0,0
1770257287521741530,21,38,22,22,0,0,0,0
1770257287523812553,21,38,22,22,0,0,0,0
1770257287525976122,21,38,22,22,0,0,0,0
1770257287527912455,21,38,22,22,0,0,0,0
1770257287529800466,21,38,22,22,0,0,0,0
1770257287532007332,21,38,22,22,0,0,0,0
1770257287533950609,21,38,22,22,0,0,0,0
1770257287536083745,21,38,22,22,0,0,0,0
1770257287538093199,21,38,22,22,0,0,0,0
1770257287540143902,21,38,22,22,0,0,0,0
1770257287541904166,21,38,22,22,0,0,0,0
1770257287543645422,21,38,22,22,0,0,0,0
1770257287545758814,21,38,22,22,0,0,0,0
1770257287547592840,21,38,22,22,0,0,0,0
1770257287549640439,21,38,22,22,0,0,0,0
1770257287551636741,21,38,22,22,0,0,0,0
1770257287554019867,21,38,22,22,0,0,0,0
1770257287556070826,21,38,22,22,0,0,0,0
1770257287557862355,21,37,22,22,0,0,0,0
1770257287560097958,21,37,22,22,0,0,0,0
1770257287562200054,21,37,22,22,0,0,0,0
1770257287563808379,21,37,22,22,0,0,0,0
1770257287565924235,21,37,21,22,0,0,0,0
1770257287567792726,21,37,21,22,0,0,0,0
1770257287569780643,21,37,21,22,0,0,0,0
1770257287571862675,21,37,22,22,0,0,0,0
1770257287573810015,21,37,22,22,0,0,0,0
1770257287575855982,21,37,22,22,0,0,0,0
1770257287577860668,21,37,21,22,0,0,0,0
1770257287579760135,21,37,21,22,0,0,0,0
1770257287581941337,21,37,21,22,0,0,0,0
1770257287583683041,21,37,21,22,0,0,0,0
1770257287585953525,21,37,21,22,0,0,0,0
1770257287588064837,21,37,21,22,0,0,0,0
1770257287590012977,21,37,21,22,0,0,0,0
1770257287592566764,21,37,21,22,0,0,0,0
1770257287593855657,21,37,21,22,0,0,0,0
1770257287595944601,21,37,21,22,0,0,0,0
1770257287597761250,21,37,21,22,0,0,0,0
1770257287599732047,21,37,21,22,0,0,0,0
1770257287601848768,21,37,21,22,0,0,0,0
1770257287603743467,21,37,21,22,0,0,0,0
1770257287605912093,21,37,21,22,0,0,0,0
1770257287607887274,21,37,21,22,0,0,0,0
1770257287609892440,21,37,21,22,0,0,0,0
1770257287611873637,21,37,21,22,0,0,0,0
1770257287613793585,21,37,21,22,0,0,0,0
1770257287615798622,21,37,21,22,0,0,0,0
1770257287617893486,21,37,21,22,0,0,0,0
1770257287619769465,21,37,21,22,0,0,0,0
1770257287621831816,21,37,21,22,0,0,0,0
1770257287624017018,21,37,21,22,0,0,0,0
1770257287625958215,21,37,21,22,0,0,0,0
1770257287627839858,21,37,21,22,0,0,0,0
1770257287630079013,21,37,21,22,0,0,0,0
1770257287632172372,21,37,21,22,0,0,0,0
1770257287633756793,21,37,21,22,0,0,0,0
1770257287635999692,21,37,21,22,0,0,0,0
1770257287637711731,21,37,21,22,0,0,0,0
1770257287639746978,21,37,21,22,0,0,0,0
1770257287641889362,21,37,21,22,0,0,0,0
1770257287643948674,21,36,21,22,0,0,0,0
1770257287645825868,21,36,21,22,0,0,0,0
1770257287647837562,21,36,21,22,0,0,0,0
1770257287649789223,21,36,21,22,0,0,0,0
1770257287651797077,21,36,21,22,0,0,0,0
1770257287653937702,21,36,21,22,0,0,0,0
1770257287655929747,21,36,21,22,0,0,0,0
1770257287657741181,21,36,21,22,0,0,0,0
1770257287659777291,21,36,21,22,0,0,0,0
1770257287661750104,21,36,21,22,0,0,0,0
1770257287663984651,21,36,21,22,0,0,0,0
1770257287666037946,21,36,21,22,0,0,0,0
1770257287667772514,21,36,21,22,0,0,0,0
1770257287670172249,21,36,21,22,0,0,0,0
1770257287672154374,21,36,21,22,0,0,0,0
1770257287673674153,21,36,21,22,0,0,0,0
1770257287676131585,21,36,21,22,0,0,0,0
1770257287678082541,21,36,21,22,0,0,0,0
1770257287679909175,21,36,21,22,0,0,0,0
1770257287681981638,21,36,21,22,0,0,0,0
1770257287684190265,21,36,21,22,0,0,0,0
1770257287685797630,21,36,21,22,0,0,0,0
1770257287687708553,21,36,21,22,0,0,0,0
1770257287689942300,21,36,21,22,0,0,0,0
1770257287691743141,21,36,21,22,0,0,0,0
1770257287693958680,21,36,21,22,0,0,0,0
1770257287696156778,21,36,21,22,0,0,0,0
1770257287697863153,21,36,21,22,0,0,0,0
1770257287699743644,21,36,21,22,0,0,0,0
1770257287701873549,21,36,21,22,0,0,0,0
1770257287703783832,21,36,21,22,0,0,0,0
1770257287706161903,21,36,21,22,0,0,0,0
1770257287708066298,21,36,21,22,0,0,0,0
1770257287709980998,21,36,21,22,0,0,0,0
1770257287712234681,21,36,21,22,0,0,0,0
1770257287713975873,21,36,21,22,0,0,0,0
1770257287715643015,21,36,21,22,0,0,0,0
1770257287717583156,21,36,21,22,0,0,0,0
1770257287719699684,21,36,21,22,0,0,0,0
1770257287721501581,21,36,21,22,0,0,0,0
1770257287723641598,21,36,21,22,0,0,0,0
1770257287726805062,21,36,21,22,0,0,0,0
1770257287728342729,21,36,21,22,0,0,0,0
1770257287730712128,21,36,21,22,0,0,0,0
1770257287732192033,21,36,21,22,0,0,0,0
1770257287734204015,21,36,21,22,0,0,0,0
1770257287735812276,21,36,21,22,0,0,0,0
1770257287737719744,21,36,21,22,0,0,0,0
1770257287739593514,21,36,21,22,0,0,0,0
1770257287741694650,21,36,21,22,0,0,0,0
1770257287743673736,21,36,21,22,0,0,0,0
1770257287745793752,21,36,21,22,0,0,0,0
1770257287748132398,21,36,21,22,0,0,0,0
1770257287749900918,21,36,21,22,0,0,0,0
1770257287751959717,21,36,21,22,0,0,0,0
1770257287754043573,21,36,21,22,0,0,0,0
1770257287755862206,21,36,21,22,0,0,0,0
1770257287757505348,21,36,21,22,0,0,0,0
1770257287759616308,21,36,21,22,0,0,0,0
1770257287761573505,21,35,21,22,0,0,0,0
1770257287763602511,21,35,21,22,0,0,0,0
1770257287765678526,21,35,21,22,0,0,0,0
1770257287768022356,21,35,21,22,0,0,0,0
1770257287769951744,21,35,21,22,0,0,0,0
1770257287771928493,21,35,21,22,0,0,0,0
1770257287774098111,21,35,21,22,0,0,0,0
1770257287776056651,21,35,21,22,0,0,0,0
1770257287777764818,21,35,21,22,0,0,0,0
1770257287779876771,21,35,21,22,0,0,0,0
1770257287781921905,21,35,21,22,0,0,0,0
1770257287783787420,21,35,21,22,0,0,0,0
1770257287785833291,21,35,21,22,0,0,0,0
1770257287787781687,21,35,21,22,0,0,0,0
1770257287789802565,21,35,21,22,0,0,0,0
1770257287791899989,21,35,21,22,0,0,0,0
1770257287793778560,21,35,21,22,0,0,0,0
1770257287795926321,21,35,21,22,0,0,0,0
1770257287798618415,21,35,21,22,0,0,0,0
1770257287800433112,21,35,21,22,0,0,0,0
1770257287802290179,21,35,21,22,0,0,0,0
1770257287804485013,21,35,21,22,0,0,0,0
1770257287806199740,21,35,21,22,0,0,0,0
1770257287807856098,21,35,21,22,0,0,0,0
1770257287809639019,21,35,21,22,0,0,0,0
1770257287811768507,21,35,21,22,0,0,0,0
1770257287813667431,21,35,21,22,0,0,0,0
1770257287815821848,21,35,21,22,0,0,0,0
1770257287817711939,21,35,21,22,0,0,0,0
1770257287819813747,21,35,21,22,0,0,0,0
1770257287821758751,21,35,21,22,0,0,0,0
1770257287823595529,21,35,21,22,0,0,0,0
1770257287825768603,21,35,21,22,0,0,0,0
1770257287827730024,21,35,21,22,0,0,0,0
1770257287830076189,21,35,21,22,0,0,0,0
1770257287831907559,21,35,21,22,0,0,0,0
1770257287834082873,21,35,21,22,0,0,0,0
1770257287836123400,21,35,21,22,0,0,0,0
1770257287837763629,21,35,21,22,0,0,0,0
1770257287839728922,21,35,21,22,0,0,0,0
1770257287841866251,21,35,21,22,0,0,0,0
1770257287843777526,21,35,21,22,0,0,0,0
1770257287845783044,21,35,21,22,0,0,0,0
1770257287847933397,21,35,21,22,0,0,0,0
1770257287850070470,21,35,21,22,0,0,0,0
1770257287851958961,21,35,21,22,0,0,0,0
1770257287853766715,21,35,21,22,0,0,0,0
1770257287856093808,21,35,21,22,0,0,0,0
1770257287857898265,21,34,21,22,0,0,0,0
1770257287859529310,21,34,21,22,0,0,0,0
1770257287861627598,21,34,21,22,0,0,0,0
1770257287863590363,21,34,21,22,0,0,0,0
1770257287865568584,21,34,21,22,0,0,0,0
1770257287867618199,21,34,21,22,0,0,0,0
1770257287870626492,21,34,21,22,0,0,0,0
1770257287872312482,21,34,21,22,0,0,0,0
1770257287874210414,21,34,21,22,0,0,0,0
1770257287876674886,21,34,21,22,0,0,0,0
1770257287878452847,21,34,21,22,0,0,0,0
1770257287879714155,21,34,21,22,0,0,0,0
1770257287881655800,21,34,21,22,0,0,0,0
1770257287883758248,21,34,21,22,0,0,0,0
1770257287885661011,21,34,21,22,0,0,0,0
1770257287887714018,21,34,21,22,0,0,0,0
1770257287889932853,21,34,21,22,0,0,0,0
1770257287891729278,21,34,21,22,0,0,0,0
1770257287893776301,21,34,21,22,0,0,0,0
1770257287895996607,21,34,21,22,0,0,0,0
1770257287897754888,21,34,21,22,0,0,0,0
1770257287899722004,21,34,21,22,0,0,0,0
1770257287901898342,21,34,21,22,0,0,0,0
1770257287903905588,21,34,21,22,0,0,0,0
1770257287906159720,21,34,21,22,0,0,0,0
1770257287908094644,21,34,21,22,0,0,0,0
1770257287910094145,21,34,21,22,0,0,0,0
1770257287912174609,21,34,21,22,0,0,0,0
1770257287913695828,21,34,21,22,0,0,0,0
1770257287915721506,21,34,21,22,0,0,0,0
1770257287917681999,21,34,21,22,0,0,0,0
1770257287919646684,21,34,21,22,0,0,0,0
1770257287921626153,21,34,21,22,0,0,0,0
1770257287924291814,21,34,21,22,0,0,0,0
1770257287925865546,21,34,21,22,0,0,0,0
1770257287927868951,21,34,21,22,0,0,0,0
1770257287930100778,21,34,21,22,0,0,0,0
1770257287931869875,21,34,21,22,0,0,0,0
1770257287933748542,21,34,21,22,0,0,0,0
1770257287935918543,21,34,21,22,0,0,0,0
1770257287937796250,21,34,21,22,0,0,0,0
1770257287939759495,21,34,21,22,0,0,0,0
1770257287941845143,21,34,21,22,0,0,0,0
1770257287943789091,21,34,21,22,0,0,0,0
1770257287945882995,21,34,21,22,0,0,0,0
1770257287947735805,21,34,21,22,0,0,0,0
1770257287949752299,21,34,21,22,0,0,0,0
1770257287951767065,21,34,21,22,0,0,0,0
1770257287954603034,21,34,21,22,0,0,0,0
1770257287956579591,21,34,21,22,0,0,0,0
1770257287958617398,21,34,21,22,0,0,0,0
1770257287960143673,21,34,21,22,0,0,0,0
1770257287962272553,21,34,21,22,0,0,0,0
1770257287963761067,21,34,21,22,0,0,0,0
1770257287965726744,21,34,21,22,0,0,0,0
1770257287967564514,21,34,21,22,0,0,0,0
1770257287969645202,21,34,21,22,0,0,0,0
1770257287971803907,21,34,21,22,0,0,0,0
1770257287973931028,21,34,21,22,0,0,0,0
1770257287976109030,21,34,21,22,0,0,0,0
1770257287978117427,21,34,21,22,0,0,0,0
1770257287980270949,21,34,21,22,0,0,0,0
1770257287982039021,21,34,21,22,0,0,0,0
1770257287983825590,21,34,21,22,0,0,0,0
1770257287986003976,21,34,21,22,0,0,0,0
1770257287987863186,21,34,21,22,0,0,0,0
1770257287989794142,21,34,21,22,0,0,0,0
1770257287991962096,21,34,21,22,0,0,0,0
1770257287993808442,21,34,21,22,0,0,0,0
1770257287995798759,21,34,21,22,0,0,0,0
1770257287997651218,21,34,21,22,0,0,0,0
1770257287999865412,21,34,21,22,0,0,0,0
1770257288001909363,21,34,21,22,0,0,0,0
1770257288003687068,21,34,21,22,0,0,0,0
1770257288005656232,21,34,21,22,0,0,0,0
1770257288007602197,21,34,21,22,0,0,0,0
1770257288009566370,21,34,21,22,0,0,0,0
1770257288011606256,21,34,21,22,0,0,0,0
1770257288013699872,21,34,21,22,0,0,0,0
1770257288015950868,21,34,21,22,0,0,0,0
1770257288018293129,21,34,21,22,0,0,0,0
1770257288020367321,21,34,21,22,0,0,0,0
1770257288022156673,21,34,21,22,0,0,0,0
1770257288024051501,21,34,21,22,0,0,0,0
1770257288025637489,21,34,21,23,0,0,0,0
1770257288027570269,21,34,21,23,0,0,0,0
1770257288029582283,21,34,21,23,0,0,0,0
1770257288031635546,21,34,21,22,0,0,0,0
1770257288033511589,21,34,21,22,0,0,0,0
1770257288036358438,21,34,21,22,0,0,0,0
1770257288038364532,21,34,21,22,0,0,0,0
1770257288040367169,21,34,21,22,0,0,0,0
1770257288042412240,21,34,21,22,0,0,0,0
1770257288043642636,21,34,21,22,0,0,0,0
1770257288045848991,21,34,21,22,0,0,0,0
1770257288047723017,21,34,21,22,0,0,0,0
1770257288049776632,21,34,21,22,0,0,0,0
1770257288051607586,21,34,21,22,0,0,0,0
1770257288053773460,21,34,21,22,0,0,0,0
1770257288056085513,21,34,21,23,0,0,0,0
1770257288057788303,21,34,21,23,0,0,0,0
1770257288060157446,21,34,21,23,0,0,0,0
1770257288061999984,21,34,21,22,0,0,0,0
1770257288063971517,21,34,21,22,0,0,0,0
1770257288065672964,21,34,21,22,0,0,0,0
1770257288067697554,21,34,21,22,0,0,0,0
1770257288069560732,21,34,21,22,0,0,0,0
1770257288071769167,21,34,21,22,0,0,0,0
1770257288073651258,21,34,21,22,0,0,0,0
1770257288076453786,21,34,21,22,0,0,0,0
1770257288077879930,21,34,21,22,0,0,0,0
1770257288079972682,21,34,21,23,0,0,0,0
1770257288081873846,21,34,21,23,0,0,0,0
1770257288084186922,21,34,21,23,0,0,0,0
1770257288085871889,21,34,21,22,0,0,0,0
1770257288087810301,21,34,21,22,0,0,0,0
1770257288089864140,21,34,21,22,0,0,0,0
1770257288091756183,21,34,21,23,0,0,0,0
1770257288093799462,21,34,21,23,0,0,0,0
1770257288096340512,21,34,21,23,0,0,0,0
1770257288098384655,21,34,21,23,0,0,0,0
1770257288100592769,21,34,21,23,0,0,0,0
1770257288102686385,21,34,21,23,0,0,0,0
1770257288104447833,21,34,21,22,0,0,0,0
1770257288106009629,21,34,21,22,0,0,0,0
1770257288107597953,21,34,21,22,0,0,0,0
1770257288109697617,21,34,21,22,0,0,0,0
1770257288111586332,21,34,21,22,0,0,0,0
1770257288113668172,21,34,21,22,0,0,0,0
1770257288115707899,21,34,21,23,0,0,0,0
1770257288118071217,21,34,21,23,0,0,0,0
1770257288120104639,21,34,21,23,0,0,0,0
1770257288121878024,21,34,21,22,0,0,0,0
1770257288124071066,21,34,21,22,0,0,0,0
1770257288126202474,21,34,21,22,0,0,0,0
1770257288127869744,21,34,21,22,0,0,0,0
1770257288129728155,21,34,21,22,0,0,0,0
1770257288131915597,21,34,21,22,0,0,0,0
1770257288133788824,21,34,21,22,0,0,0,0
1770257288135902984,21,34,21,22,0,0,0,0
1770257288137867413,21,34,21,22,0,0,0,0
1770257288139758144,21,34,21,23,0,0,0,0
1770257288141912433,21,34,21,23,0,0,0,0
1770257288143806268,21,34,21,23,0,0,0,0
1770257288145814634,21,34,21,23,0,0,0,0
1770257288147522513,21,34,21,23,0,0,0,0
1770257288149673506,21,34,21,23,0,0,0,0
1770257288151621103,21,34,21,23,0,0,0,0
1770257288153759744,21,34,21,23,0,0,0,0
1770257288155691308,21,34,21,23,0,0,0,0
1770257288158290855,21,34,21,23,0,0,0,0
1770257288160280693,21,34,21,23,0,0,0,0
1770257288162081470,21,34,21,23,0,0,0,0
1770257288164379602,21,34,21,23,0,0,0,0
1770257288166370592,21,34,21,23,0,0,0,0
1770257288167582908,21,34,21,23,0,0,0,0
1770257288169571977,21,34,21,23,0,0,0,0
1770257288171563575,21,34,21,23,0,0,0,0
1770257288173588997,21,34,21,23,0,0,0,0
1770257288175661268,21,34,21,23,0,0,0,0
1770257288178156077,21,34,21,23,0,0,0,0
1770257288180031928,21,34,21,23,0,0,0,0
1770257288182017445,21,34,21,23,0,0,0,0
1770257288184064724,21,34,21,23,0,0,0,0
1770257288186158628,21,34,21,23,0,0,0,0
1770257288187920140,21,34,21,23,0,0,0,0
1770257288189773463,21,34,21,23,0,0,0,0
1770257288191747044,21,34,21,23,0,0,0,0
1770257288194038104,21,34,21,23,0,0,0,0
1770257288195837601,21,34,21,23,0,0,0,0
1770257288197788558,21,34,21,23,0,0,0,0
1770257288199898846,21,34,21,23,0,0,0,0
1770257288201890315,21,34,21,23,0,0,0,0
1770257288203708597,21,34,21,23,0,0,0,0
1770257288205873254,21,34,21,23,0,0,0,0
1770257288208089913,21,34,21,23,0,0,0,0
1770257288209945795,21,34,21,23,0,0,0,0
1770257288211954769,21,34,21,23,0,0,0,0
1770257288214248230,21,34,21,23,0,0,0,0
1770257288215987309,21,34,21,23,0,0,0,0
1770257288217844664,21,34,21,23,0,0,0,0
1770257288219921479,21,34,21,23,0,0,0,0
1770257288221781554,21,34,21,23,0,0,0,0
1770257288223824800,21,34,21,23,0,0,0,0
1770257288225934129,21,34,21,23,0,0,0,0
1770257288228052417,21,34,21,23,0,0,0,0
1770257288230067855,21,34,21,23,0,0,0,0
1770257288232126878,21,34,21,23,0,0,0,0
1770257288233923655,21,34,21,23,0,0,0,0
1770257288236089177,21,34,21,23,0,0,0,0
1770257288238112999,21,34,21,23,0,0,0,0
1770257288239592233,21,34,21,23,0,0,0,0
1770257288241501588,21,34,21,23,0,0,0,0
1770257288243689190,21,34,21,23,0,0,0,0
1770257288245607954,21,34,21,23,0,0,0,0
1770257288247608320,21,34,21,23,0,0,0,0
1770257288249970390,21,34,21,23,0,0,0,0
1770257288252224873,21,34,21,23,0,0,0,0
1770257288253917840,21,34,21,23,0,0,0,0
1770257288256143459,21,34,21,23,0,0,0,0
1770257288257859978,21,34,21,23,0,0,0,0
1770257288259905849,21,34,21,23,0,0,0,0
1770257288261856517,21,34,21,23,0,0,0,0
1770257288263767377,21,34,21,23,0,0,0,0
1770257288265892385,21,34,21,23,0,0,0,0
1770257288267803053,21,34,21,23,0,0,0,0
1770257288269743353,21,34,21,23,0,0,0,0
1770257288271872490,21,34,21,23,0,0,0,0
1770257288273773877,21,34,21,23,0,0,0,0
1770257288276074762,21,34,21,23,0,0,0,0
1770257288277811314,21,34,21,23,0,0,0,0
1770257288280067685,21,34,21,23,0,0,0,0
1770257288282187638,21,34,21,23,0,0,0,0
1770257288284014751,21,34,21,23,0,0,0,0
1770257288286053870,21,34,21,23,0,0,0,0
1770257288287883704,21,34,21,23,0,0,0,0
1770257288289816676,21,34,21,23,0,0,0,0
1770257288291847026,21,34,21,23,0,0,0,0
1770257288293685212,21,34,21,23,0,0,0,0
1770257288295724843,21,34,21,23,0,0,0,0
1770257288297710616,21,34,21,23,0,0,0,0
1770257288299679237,21,34,21,23,0,0,0,0
1770257288301848439,21,34,21,23,0,0,0,0
1770257288303864933,21,34,21,23,0,0,0,0
1770257288305773136,21,34,21,23,0,0,0,0
1770257288307935394,21,34,21,23,0,0,0,0
1770257288309872206,21,34,21,23,0,0,0,0
1770257288311718840,21,34,21,23,0,0,0,0
1770257288313748519,21,34,21,23,0,0,0,0
1770257288315694387,21,34,21,23,0,0,0,0
1770257288317804515,21,34,21,23,0,0,0,0
1770257288319642093,21,34,21,23,0,0,0,0
1770257288321975331,21,34,21,23,0,0,0,0
1770257288324051730,21,34,21,23,0,0,0,0
1770257288326360871,21,34,21,23,0,0,0,0
1770257288328084622,21,34,21,23,0,0,0,0
1770257288330089340,21,34,21,23,0,0,0,0
1770257288331907270,21,34,21,23,0,0,0,0
1770257288333823281,21,34,21,23,0,0,0,0
1770257288335946306,21,34,21,23,0,0,0,0
1770257288337906671,21,34,21,23,0,0,0,0
1770257288339807930,21,34,21,23,0,0,0,0
1770257288342004748,21,34,21,23,0,0,0,0
1770257288344239551,21,34,21,23,0,0,0,0
1770257288345947142,21,34,21,23,0,0,0,0
1770257288348109240,21,34,21,23,0,0,0,0
1770257288350006627,21,34,21,23,0,0,0,0
1770257288351782412,21,34,21,23,0,0,0,0
1770257288353952733,21,34,21,23,0,0,0,0
1770257288355896906,21,34,21,23,0,0,0,0
1770257288357769556,21,34,21,23,0,0,0,0
1770257288360015272,21,34,21,23,0,0,0,0
1770257288361900083,21,34,21,23,0,0,0,0
1770257288363795550,21,34,21,23,0,0,0,0
1770257288365982192,21,34,21,23,0,0,0,0
1770257288367777113,21,34,21,23,0,0,0,0
1770257288369773031,21,34,21,23,0,0,0,0
1770257288372078555,21,34,21,23,0,0,0,0
1770257288373644255,21,34,21,23,0,0,0,0
1770257288375632044,21,34,21,23,0,0,0,0
1770257288377598457,21,34,21,23,0,0,0,0
1770257288379589511,21,34,21,23,0,0,0,0
1770257288381649462,21,34,21,23,0,0,0,0
1770257288383903945,21,34,21,23,0,0,0,0
1770257288386164957,21,34,21,23,0,0,0,0
1770257288388047720,21,34,21,23,0,0,0,0
1770257288389835633,21,34,21,22,0,0,0,0
1770257288391874175,21,34,21,22,0,0,0,0
1770257288393822892,21,34,21,22,0,0,0,0
1770257288396054463,21,34,21,22,0,0,0,0
1770257288397769510,21,33,21,23,0,0,0,0
1770257288399836885,21,33,21,23,0,0,0,0
1770257288401873668,21,33,21,23,0,0,0,0
1770257288404120727,21,34,21,23,0,0,0,0
1770257288406046339,21,34,21,23,0,0,0,0
1770257288408130483,21,34,21,23,0,0,0,0
1770257288409846554,21,33,21,23,0,0,0,0
1770257288412149263,21,33,21,23,0,0,0,0
1770257288413844309,21,33,21,23,0,0,0,0
1770257288415732640,21,33,21,23,0,0,0,0
1770257288417867217,21,33,21,23,0,0,0,0
1770257288419820094,21,33,21,23,0,0,0,0
1770257288421805259,21,33,21,23,0,0,0,0
1770257288424163649,21,33,21,23,0,0,0,0
1770257288425982091,21,33,21,23,0,0,0,0
1770257288427815988,21,33,21,23,0,0,0,0
1770257288429950597,21,33,21,23,0,0,0,0
1770257288432270298,21,33,21,23,0,0,0,0
1770257288433611385,21,33,21,23,0,0,0,0
1770257288435789579,21,33,21,23,0,0,0,0
1770257288437666133,21,33,21,23,0,0,0,0
1770257288439592610,21,34,21,23,0,0,0,0
1770257288441726258,21,34,21,23,0,0,0,0
1770257288444130889,21,34,21,23,0,0,0,0
1770257288446161784,21,33,21,23,0,0,0,0
1770257288448060451,21,33,21,23,0,0,0,0
1770257288450138994,21,33,21,23,0,0,0,0
1770257288451824121,21,34,21,23,0,0,0,0
1770257288453836647,21,34,21,23,0,0,0,0
1770257288455924439,21,34,21,23,0,0,0,0
1770257288457703999,21,33,21,23,0,0,0,0
1770257288459898385,21,33,21,23,0,0,0,0
1770257288461882431,21,33,21,23,0,0,0,0
1770257288463650535,21,33,21,23,0,0,0,0
1770257288465895514,21,33,21,23,0,0,0,0
1770257288467704548,21,33,21,23,0,0,0,0
1770257288469740146,21,34,21,23,0,0,0,0
1770257288471690975,21,34,21,23,0,0,0,0
1770257288473676684,21,34,21,23,0,0,0,0
1770257288475839678,21,34,21,23,0,0,0,0
1770257288477686696,21,34,21,23,0,0,0,0
1770257288479755319,21,34,21,23,0,0,0,0
1770257288481645122,21,33,21,23,0,0,0,0
1770257288483692593,21,33,21,23,0,0,0,0
1770257288486135785,21,33,21,23,0,0,0,0
1770257288487810831,21,33,21,23,0,0,0,0
1770257288489984769,21,33,21,23,0,0,0,0
1770257288492178963,21,33,21,23,0,0,0,0
1770257288494584842,21,33,21,23,0,0,0,0
1770257288495862503,21,33,21,23,0,0,0,0
1770257288497959543,21,33,21,23,0,0,0,0
1770257288499755680,21,33,21,23,0,0,0,0
1770257288501759694,21,33,21,23,0,0,0,0
1770257288503927167,21,33,21,23,0,0,0,0
1770257288505850283,21,33,21,23,0,0,0,0
1770257288508052541,21,33,21,23,0,0,0,0
1770257288510130317,21,33,21,23,0,0,0,0
1770257288511945046,21,33,21,23,0,0,0,0
1770257288513842178,21,33,21,23,0,0,0,0
1770257288515667051,21,33,21,23,0,0,0,0
1770257288517636120,21,34,21,23,0,0,0,0
1770257288519816394,21,34,21,23,0,0,0,0
1770257288521669300,21,34,21,23,0,0,0,0
1770257288523591648,21,33,21,23,0,0,0,0
1770257288525975767,21,33,21,23,0,0,0,0
1770257288528091751,21,33,21,23,0,0,0,0
1770257288529955378,21,33,21,23,0,0,0,0
1770257288531996096,21,33,21,23,0,0,0,0
1770257288534006446,21,33,21,23,0,0,0,0
1770257288535838168,21,33,21,23,0,0,0,0
1770257288537670146,21,33,21,23,0,0,0,0
1770257288539720625,21,33,21,23,0,0,0,0
1770257288541684382,21,33,21,23,0,0,0,0
1770257288543687147,21,33,21,23,0,0,0,0
1770257288545754203,21,33,21,23,0,0,0,0
1770257288547618853,21,33,21,22,0,0,0,0
1770257288549622899,21,33,21,22,0,0,0,0
1770257288551644065,21,33,21,22,0,0,0,0
1770257288553520524,21,33,21,22,0,0,0,0
1770257288555717406,21,33,21,22,0,0,0,0
1770257288558588544,21,33,21,23,0,0,0,0
1770257288560532076,21,33,21,23,0,0,0,0
1770257288562534234,21,33,21,23,0,0,0,0
1770257288564417157,21,33,21,23,0,0,0,0
1770257288565907015,21,33,21,23,0,0,0,0
1770257288567662351,21,33,21,23,0,0,0,0
1770257288569578331,21,33,21,23,0,0,0,0
1770257288571519527,21,33,21,22,0,0,0,0
1770257288573638392,21,33,21,22,0,0,0,0
1770257288575635333,21,33,21,22,0,0,0,0
1770257288577999547,21,33,21,22,0,0,0,0
1770257288580154189,21,33,21,22,0,0,0,0
1770257288582117369,21,33,21,22,0,0,0,0
1770257288584065350,21,33,21,22,0,0,0,0
1770257288585944849,21,33,21,22,0,0,0,0
1770257288587745146,21,33,21,23,0,0,0,0
1770257288589714567,21,33,21,23,0,0,0,0
1770257288591759638,21,33,21,23,0,0,0,0
1770257288593829765,21,33,21,23,0,0,0,0
1770257288595980342,21,33,21,23,0,0,0,0
1770257288597782271,21,33,21,23,0,0,0,0
1770257288599733932,21,33,21,22,0,0,0,0
1770257288601816251,21,33,21,22,0,0,0,0
1770257288603791977,21,33,21,22,0,0,0,0
1770257288605893305,21,33,21,22,0,0,0,0
1770257288608258959,21,33,21,23,0,0,0,0
1770257288609961205,21,33,21,23,0,0,0,0
1770257288612180008,21,33,21,23,0,0,0,0
1770257288614156885,21,33,21,23,0,0,0,0
1770257288616194148,21,33,21,23,0,0,0,0
1770257288617740391,21,33,21,23,0,0,0,0
1770257288619789174,21,33,21,22,0,0,0,0
1770257288622089003,21,33,21,22,0,0,0,0
1770257288623967925,21,33,21,23,0,0,0,0
1770257288625840480,21,33,21,23,0,0,0,0
1770257288627785133,21,33,21,23,0,0,0,0
1770257288629826683,21,33,21,23,0,0,0,0
1770257288631782376,21,33,21,23,0,0,0,0
1770257288633772053,21,33,21,23,0,0,0,0
1770257288635967336,21,33,21,23,0,0,0,0
1770257288637861523,21,33,21,23,0,0,0,0
1770257288639856000,21,33,21,23,0,0,0,0
1770257288642190486,21,33,21,23,0,0,0,0
1770257288644037536,21,33,21,23,0,0,0,0
1770257288646297748,21,33,21,23,0,0,0,0
1770257288648063868,21,33,21,23,0,0,0,0
1770257288649596671,21,33,21,23,0,0,0,0
1770257288651812018,21,33,21,23,0,0,0,0
1770257288653656892,21,33,21,23,0,0,0,0
1770257288655615080,21,33,21,23,0,0,0,0
1770257288658032576,21,33,21,23,0,0,0,0
1770257288660042606,21,33,21,23,0,0,0,0
1770257288662085852,21,33,21,23,0,0,0,0
1770257288664169132,21,33,21,23,0,0,0,0
1770257288666071095,21,33,21,23,0,0,0,0
1770257288667734813,21,33,21,23,0,0,0,0
1770257288669719467,21,33,21,23,0,0,0,0
1770257288671748825,21,33,21,23,0,0,0,0
1770257288673611460,21,33,21,23,0,0,0,0
1770257288675733044,21,33,21,23,0,0,0,0
1770257288677750850,21,33,21,23,0,0,0,0
1770257288679928052,21,33,21,23,0,0,0,0
1770257288682213384,21,33,21,23,0,0,0,0
1770257288683961168,21,33,21,23,0,0,0,0
1770257288686181763,21,33,21,23,0,0,0,0
1770257288688037485,21,33,21,23,0,0,0,0
1770257288689830966,21,33,21,23,0,0,0,0
1770257288691941094,21,33,21,23,0,0,0,0
1770257288693872786,21,33,21,23,0,0,0,0
1770257288695822303,21,33,21,23,0,0,0,0
1770257288697660393,21,33,21,23,0,0,0,0
1770257288699841979,21,33,21,23,0,0,0,0
1770257288701841480,21,33,21,23,0,0,0,0
1770257288703955513,21,33,21,23,0,0,0,0
1770257288705822371,21,33,21,23,0,0,0,0
1770257288707822865,21,33,21,23,0,0,0,0
1770257288709800094,21,33,21,23,0,0,0,0
1770257288711763499,21,33,21,23,0,0,0,0
1770257288713892476,21,33,21,23,0,0,0,0
1770257288715738886,21,33,21,23,0,0,0,0
1770257288717731571,21,33,21,23,0,0,0,0
1770257288720296974,21,33,21,23,0,0,0,0
1770257288721820113,21,33,21,23,0,0,0,0
1770257288724095301,21,33,21,23,0,0,0,0
1770257288726282423,21,33,21,23,0,0,0,0
1770257288727938493,21,33,21,23,0,0,0,0
1770257288729873865,21,33,21,23,0,0,0,0
1770257288731829461,21,33,21,23,0,0,0,0
1770257288733836419,21,33,21,23,0,0,0,0
1770257288735864914,21,33,21,23,0,0,0,0
1770257288737862783,21,33,21,23,0,0,0,0
1770257288739959951,21,33,21,23,0,0,0,0
1770257288741717047,21,33,21,23,0,0,0,0
1770257288744183984,21,33,21,23,0,0,0,0
1770257288745958616,21,33,21,23,0,0,0,0
1770257288747832131,21,33,21,23,0,0,0,0
1770257288749733934,21,33,21,23,0,0,0,0
1770257288751822366,21,33,21,23,0,0,0,0
1770257288753788299,21,33,21,23,0,0,0,0
1770257288755996862,21,33,21,23,0,0,0,0
1770257288757798119,21,33,21,23,0,0,0,0
1770257288759817525,21,33,21,23,0,0,0,0
1770257288761614910,21,33,21,23,0,0,0,0
1770257288763536554,21,33,21,23,0,0,0,0
1770257288765665434,21,33,21,23,0,0,0,0
1770257288767600199,21,33,21,23,0,0,0,0
1770257288769650997,21,33,21,23,0,0,0,0
1770257288772592633,21,33,21,23,0,0,0,0
1770257288774490916,21,33,21,23,0,0,0,0
1770257288776361807,21,33,21,23,0,0,0,0
1770257288778306427,21,33,21,23,0,0,0,0
1770257288780295177,21,33,21,23,0,0,0,0
1770257288781670184,21,33,21,23,0,0,0,0
1770257288783739511,21,33,21,23,0,0,0,0
1770257288785678340,21,33,21,23,0,0,0,0
1770257288787669713,21,33,21,23,0,0,0,0
1770257288789664159,21,33,21,23,0,0,0,0
1770257288792467263,21,33,21,23,0,0,0,0
1770257288794681617,21,33,21,23,0,0,0,0
1770257288796638750,21,33,21,23,0,0,0,0
1770257288798290340,21,33,21,23,0,0,0,0
1770257288800206320,21,33,21,23,0,0,0,0
1770257288802177533,21,33,21,23,0,0,0,0
1770257288803681535,21,33,21,23,0,0,0,0
1770257288805622699,21,33,21,23,0,0,0,0
1770257288807697051,21,33,21,23,0,0,0,0
1770257288809689544,21,33,21,23,0,0,0,0
1770257288811713846,21,33,21,23,0,0,0,0
1770257288813853767,21,33,21,23,0,0,0,0
1770257288816066778,21,33,21,23,0,0,0,0
1770257288818324941,21,33,21,23,0,0,0,0
1770257288819882673,21,33,21,23,0,0,0,0
1770257288822071395,21,33,21,23,0,0,0,0
1770257288823797386,21,33,21,23,0,0,0,0
1770257288825692406,21,33,21,23,0,0,0,0
1770257288827732580,21,33,21,23,0,0,0,0
1770257288829723602,21,33,21,23,0,0,0,0
1770257288831831650,21,33,21,23,0,0,0,0
1770257288834047701,21,33,21,23,0,0,0,0
1770257288836175589,21,33,21,23,0,0,0,0
1770257288838058128,21,33,21,23,0,0,0,0
1770257288840056478,21,33,21,23,0,0,0,0
1770257288841929513,21,33,21,23,0,0,0,0
1770257288843887541,21,33,21,23,0,0,0,0
1770257288845829506,21,33,21,23,0,0,0,0
1770257288847874320,21,33,21,23,0,0,0,0
1770257288849816861,21,33,21,23,0,0,0,0
1770257288851814826,21,33,21,23,0,0,0,0
1770257288853922427,21,33,21,23,0,0,0,0
1770257288855926024,21,33,21,23,0,0,0,0
1770257288857731890,21,33,21,23,0,0,0,0
1770257288859862754,21,33,21,23,0,0,0,0
1770257288861809359,21,33,21,23,0,0,0,0
1770257288864103587,21,33,21,23,0,0,0,0
1770257288866189107,21,33,21,23,0,0,0,0
1770257288867923546,21,33,21,23,0,0,0,0
1770257288869982153,21,33,21,23,0,0,0,0
1770257288872172956,21,33,21,23,0,0,0,0
1770257288873813121,21,33,21,23,0,0,0,0
1770257288876280121,21,33,21,23,0,0,0,0
1770257288877911327,21,33,21,23,0,0,0,0
1770257288879888332,21,33,21,23,0,0,0,0
1770257288881734070,21,33,21,23,0,0,0,0
1770257288883929256,21,33,21,23,0,0,0,0
1770257288885938326,21,33,21,23,0,0,0,0
1770257288887820481,21,33,21,23,0,0,0,0
1770257288889851311,21,33,21,23,0,0,0,0
1770257288891845853,21,33,21,23,0,0,0,0
1770257288894078064,21,33,21,23,0,0,0,0
1770257288896229537,21,33,21,23,0,0,0,0
1770257288898172973,21,33,21,23,0,0,0,0
1770257288900125786,21,33,21,23,0,0,0,0
1770257288902011525,21,33,21,23,0,0,0,0
1770257288903947057,21,33,21,23,0,0,0,0
1770257288905916382,21,33,21,23,0,0,0,0
1770257288907734056,21,33,21,23,0,0,0,0
1770257288910086334,21,33,21,23,0,0,0,0
1770257288911810885,21,33,21,23,0,0,0,0
1770257288914009687,21,33,21,23,0,0,0,0
1770257288915914051,21,33,21,23,0,0,0,0
1770257288917789230,21,33,21,23,0,0,0,0
1770257288919982848,21,33,21,23,0,0,0,0
1770257288921903308,21,33,21,23,0,0,0,0
1770257288923728309,21,33,21,23,0,0,0,0
1770257288925943304,21,33,21,23,0,0,0,0
1770257288927784850,21,33,21,23,0,0,0,0
1770257288929838561,21,33,21,23,0,0,0,0
1770257288932060564,21,33,21,23,0,0,0,0
1770257288933912542,21,33,21,23,0,0,0,0
1770257288935888363,21,33,21,23,0,0,0,0
1770257288937778102,21,33,21,23,0,0,0,0
1770257288939714210,21,33,21,23,0,0,0,0
1770257288941928053,21,33,21,23,0,0,0,0
1770257288943828960,21,33,21,23,0,0,0,0
1770257288946348730,21,33,21,23,0,0,0,0
1770257288948514700,21,33,21,23,0,0,0,0
1770257288950436343,21,33,21,23,0,0,0,0
1770257288952410597,21,33,21,23,0,0,0,0
1770257288954437875,21,33,21,23,0,0,0,0
1770257288955976598,21,33,21,23,0,0,0,0
1770257288957680893,21,33,21,23,0,0,0,0
1770257288959722316,21,33,21,23,0,0,0,0
1770257288961658904,21,33,21,23,0,0,0,0
1770257288963802825,21,33,21,23,0,0,0,0
1770257288965845591,21,33,21,23,0,0,0,0
1770257288968211757,21,33,21,23,0,0,0,0
1770257288970127897,21,33,21,23,0,0,0,0
1770257288971959107,21,33,21,23,0,0,0,0
1770257288973861199,21,33,21,23,0,0,0,0
1770257288976144291,21,33,21,23,0,0,0,0
1770257288977932876,21,33,21,23,0,0,0,0
1770257288979769718,21,33,21,23,0,0,0,0
1770257288981845413,21,33,21,23,0,0,0,0
1770257288983761937,21,33,21,23,0,0,0,0
1770257288985793951,21,33,21,23,0,0,0,0
1770257288987870511,21,33,21,23,0,0,0,0
1770257288989882621,21,33,21,23,0,0,0,0
1770257288991849769,21,33,21,23,0,0,0,0
1770257288993842903,21,33,21,23,0,0,0,0
1770257288996019785,21,33,21,23,0,0,0,0
1770257288997636462,21,33,21,23,0,0,0,0
1770257288999595066,21,33,21,23,0,0,0,0
1770257289001584552,21,33,21,23,0,0,0,0
1770257289003684120,21,33,21,23,0,0,0,0
1770257289005687078,21,33,21,23,0,0,0,0
1770257289007977338,21,33,21,23,0,0,0,0
1770257289010192685,21,33,21,23,0,0,0,0
1770257289011945333,21,33,21,23,0,0,0,0
1770257289013854080,21,33,21,23,0,0,0,0
1770257289016083091,21,33,21,23,0,0,0,0
1770257289017938109,21,33,21,23,0,0,0,0
1770257289019790696,21,33,21,23,0,0,0,0
1770257289021862199,21,33,21,23,0,0,0,0
1770257289023849252,21,33,21,23,0,0,0,0
1770257289025726127,21,33,21,23,0,0,0,0
1770257289028138150,21,33,21,23,0,0,0,0
1770257289030008561,21,33,21,23,0,0,0,0
1770257289032100161,21,33,21,23,0,0,0,0
1770257289033849737,21,33,21,23,0,0,0,0
1770257289036196351,21,33,21,23,0,0,0,0
1770257289037948199,21,33,21,23,0,0,0,0
1770257289039807121,21,33,21,23,0,0,0,0
1770257289041881184,21,33,21,23,0,0,0,0
1770257289043839405,21,33,21,23,0,0,0,0
1770257289045882620,21,33,21,23,0,0,0,0
1770257289048328948,21,33,21,23,0,0,0,0
1770257289050709226,21,33,21,23,0,0,0,0
1770257289052710776,21,33,21,23,0,0,0,0
1770257289054205338,21,33,21,23,0,0,0,0
1770257289056408812,21,33,21,23,0,0,0,0
1770257289058591070,21,33,21,23,0,0,0,0
1770257289059656534,21,33,21,23,0,0,0,0
1770257289061541762,21,33,21,23,0,0,0,0
1770257289063679922,21,33,21,23,0,0,0,0
1770257289065610302,21,33,21,23,0,0,0,0
1770257289067994485,21,33,21,23,0,0,0,0
1770257289069588409,21,33,21,23,0,0,0,0
1770257289071622728,21,33,21,23,0,0,0,0
1770257289073615573,21,33,21,23,0,0,0,0
1770257289075767623,21,33,21,23,0,0,0,0
1770257289077819989,21,33,21,23,0,0,0,0
1770257289079562461,21,33,21,23,0,0,0,0
1770257289081636045,21,33,21,23,0,0,0,0
1770257289083631738,21,33,21,23,0,0,0,0
1770257289085659144,21,33,21,23,0,0,0,0
1770257289087627413,21,33,21,23,0,0,0,0
1770257289090039277,21,33,21,23,0,0,0,0
1770257289091779476,21,33,21,23,0,0,0,0
1770257289094081481,21,33,21,23,0,0,0,0
1770257289096015509,21,33,21,23,0,0,0,0
1770257289097982274,21,33,21,23,0,0,0,0
1770257289099810508,21,33,21,23,0,0,0,0
1770257289101843482,21,33,21,23,0,0,0,0
1770257289103853576,21,33,21,23,0,0,0,0
1770257289105847158,21,33,21,23,0,0,0,0
1770257289107847619,21,33,21,23,0,0,0,0
1770257289110617091,21,33,21,23,0,0,0,0
1770257289112548719,21,33,21,23,0,0,0,0
1770257289114375032,21,33,21,23,0,0,0,0
1770257289116302629,21,33,21,23,0,0,0,0
1770257289118149583,21,33,21,23,0,0,0,0
1770257289119653777,21,33,21,23,0,0,0,0
1770257289121600446,21,33,21,23,0,0,0,0
1770257289123627756,21,33,21,23,0,0,0,0
1770257289125762781,21,33,21,23,0,0,0,0
1770257289127689033,21,33,21,23,0,0,0,0
1770257289130162145,21,33,21,23,0,0,0,0
1770257289131996235,21,33,21,23,0,0,0,0
1770257289133852597,21,33,21,23,0,0,0,0
1770257289136265869,21,33,21,23,0,0,0,0
1770257289138269146,21,33,21,23,0,0,0,0
1770257289139754524,21,33,21,23,0,0,0,0
1770257289141740074,21,33,21,23,0,0,0,0
1770257289143920379,21,33,21,23,0,0,0,0
1770257289145779622,21,33,21,23,0,0,0,0
1770257289147837941,21,33,21,23,0,0,0,0
1770257289149744992,21,33,21,23,0,0,0,0
1770257289151830896,21,33,21,23,0,0,0,0
1770257289153763068,21,33,21,23,0,0,0,0
1770257289155933358,21,33,21,23,0,0,0,0
1770257289157810937,21,33,21,23,0,0,0,0
1770257289159949130,21,33,21,23,0,0,0,0
1770257289162139548,21,33,21,23,0,0,0,0
1770257289164257996,21,33,21,23,0,0,0,0
1770257289165978515,21,33,21,23,0,0,0,0
1770257289168087620,21,33,21,23,0,0,0,0
1770257289170093297,21,33,21,23,0,0,0,0
1770257289171972188,21,33,21,23,0,0,0,0
1770257289174068524,21,33,21,23,0,0,0,0
1770257289176115515,21,33,21,23,0,0,0,0
1770257289178049255,21,33,21,23,0,0,0,0
1770257289179812463,21,33,21,23,0,0,0,0
1770257289181898911,21,33,21,23,0,0,0,0
1770257289183789642,21,33,21,23,0,0,0,0
1770257289185775032,21,33,21,23,0,0,0,0
1770257289187738084,21,33,21,23,0,0,0,0
1770257289189826196,21,33,21,23,0,0,0,0
1770257289191897923,21,33,21,23,0,0,0,0
1770257289193802863,21,33,21,23,0,0,0,0
1770257289195915359,21,33,21,23,0,0,0,0
1770257289197791274,21,33,21,23,0,0,0,0
1770257289199786264,21,33,21,23,0,0,0,0
1770257289201865895,21,33,21,23,0,0,0,0
1770257289203921398,21,33,21,23,0,0,0,0
1770257289205673822,21,33,21,23,0,0,0,0
1770257289207938642,21,33,21,23,0,0,0,0
1770257289209866718,21,33,21,23,0,0,0,0
1770257289211656711,21,33,21,23,0,0,0,0
1770257289214266562,21,33,21,23,0,0,0,0
1770257289216092236,21,33,21,23,0,0,0,0
1770257289217771059,21,33,21,23,0,0,0,0
1770257289220036998,21,33,21,23,0,0,0,0
1770257289222026484,21,33,21,23,0,0,0,0
1770257289223855101,21,33,21,23,0,0,0,0
1770257289225983086,21,33,21,23,0,0,0,0
1770257289228010556,21,33,21,23,0,0,0,0
1770257289229681987,21,33,21,23,0,0,0,0
1770257289232004824,21,33,21,23,0,0,0,0
1770257289233585020,21,33,21,23,0,0,0,0
1770257289235632203,21,33,21,23,0,0,0,0
1770257289237592151,21,33,21,23,0,0,0,0
1770257289239588837,21,33,21,23,0,0,0,0
1770257289241528497,21,33,21,23,0,0,0,0
1770257289243894887,21,33,21,23,0,0,0,0
1770257289245686800,21,33,21,23,0,0,0,0
1770257289247700734,21,33,21,23,0,0,0,0
1770257289249697996,21,33,21,23,0,0,0,0
1770257289251708570,21,33,21,23,0,0,0,0
1770257289253828906,21,33,21,23,0,0,0,0
1770257289256299491,21,33,21,23,0,0,0,0
1770257289258028458,21,33,21,23,0,0,0,0
1770257289260010391,21,33,21,23,0,0,0,0
1770257289262085319,21,33,21,23,0,0,0,0
1770257289264004819,21,33,21,23,0,0,0,0
1770257289265712666,21,33,21,23,0,0,0,0
1770257289267847754,21,33,21,23,0,0,0,0
1770257289269766710,21,33,21,23,0,0,0,0
1770257289271843718,21,33,21,23,0,0,0,0
1770257289274278749,21,33,21,23,0,0,0,0
1770257289276224394,21,33,21,23,0,0,0,0
1770257289277776717,21,33,21,23,0,0,0,0
1770257289280129219,21,33,21,23,0,0,0,0
1770257289282173586,21,33,21,23,0,0,0,0
1770257289283741718,21,33,21,23,0,0,0,0
1770257289286022474,21,33,21,23,0,0,0,0
1770257289288190107,21,33,21,23,0,0,0,0
1770257289289749439,21,33,21,23,0,0,0,0
1770257289291913456,21,33,21,23,0,0,0,0
1770257289293833628,21,33,21,23,0,0,0,0
1770257289295879819,21,33,21,23,0,0,0,0
1770257289297773398,21,33,21,23,0,0,0,0
1770257289299957224,21,33,21,23,0,0,0,0
1770257289301707056,21,33,21,23,0,0,0,0
1770257289303758591,21,33,21,23,0,0,0,0
1770257289305927568,21,33,21,23,0,0,0,0
1770257289307838044,21,33,21,23,0,0,0,0
1770257289309804873,21,33,21,23,0,0,0,0
1770257289311904441,21,33,21,23,0,0,0,0
1770257289313823205,21,33,21,23,0,0,0,0
1770257289316062744,21,33,21,23,0,0,0,0
1770257289318074822,21,33,21,23,0,0,0,0
1770257289319987474,21,33,21,23,0,0,0,0
1770257289322155907,21,33,21,23,0,0,0,0
1770257289323973453,21,33,21,23,0,0,0,0
1770257289325726101,21,33,21,23,0,0,0,0
1770257289327823045,21,33,21,23,0,0,0,0
1770257289329666447,21,33,21,23,0,0,0,0
1770257289331610203,21,33,21,23,0,0,0,0
1770257289333664714,21,33,21,23,0,0,0,0
1770257289336503787,21,33,21,23,0,0,0,0
1770257289337834281,21,33,21,23,0,0,0,0
1770257289339895320,21,33,21,23,0,0,0,0
1770257289341767811,21,33,21,23,0,0,0,0
1770257289343883155,21,33,21,23,0,0,0,0
1770257289345931970,21,33,21,23,0,0,0,0
1770257289347607209,21,33,21,23,0,0,0,0
1770257289349710329,21,33,21,23,0,0,0,0
1770257289351586531,21,33,21,23,0,0,0,0
1770257289353586289,21,33,21,23,0,0,0,0
1770257289355562750,21,33,21,23,0,0,0,0
1770257289358283740,21,33,21,23,0,0,0,0
1770257289360148519,21,33,21,23,0,0,0,0
1770257289362043058,21,33,21,23,0,0,0,0
1770257289363783706,21,33,21,23,0,0,0,0
1770257289365901834,21,33,21,23,0,0,0,0
1770257289367879000,21,33,21,23,0,0,0,0
1770257289369740066,21,33,21,23,0,0,0,0
1770257289371903060,21,33,21,23,0,0,0,0
1770257289373730141,21,33,21,23,0,0,0,0
1770257289375915439,21,33,21,23,0,0,0,0
1770257289377889020,21,33,21,23,0,0,0,0
1770257289379854729,21,33,21,23,0,0,0,0
1770257289381853111,21,33,21,23,0,0,0,0
1770257289383994408,21,33,21,23,0,0,0,0
1770257289385766032,21,33,21,23,0,0,0,0
1770257289388008579,21,33,21,23,0,0,0,0
1770257289390070611,21,33,21,23,0,0,0,0
1770257289391814458,21,33,21,23,0,0,0,0
1770257289393861417,21,33,21,23,0,0,0,0
1770257289397213398,21,33,21,23,0,0,0,0
1770257289399763184,21,33,21,23,0,0,0,0
1770257289401987043,21,33,21,23,0,0,0,0
1770257289405100490,21,33,21,23,0,0,0,0
1770257289405691991,21,33,21,23,0,0,0,0
1770257289406086400,21,33,21,23,0,0,0,0
1770257289407616227,21,33,21,23,0,0,0,0
1770257289409764628,21,33,21,23,0,0,0,0
1770257289411834084,21,33,21,23,0,0,0,0
1770257289413612268,21,33,21,23,0,0,0,0
1770257289415973346,21,33,21,23,0,0,0,0
1770257289418081778,21,33,21,23,0,0,0,0
1770257289420154914,21,33,21,23,0,0,0,0
1770257289421894762,21,33,21,23,0,0,0,0
1770257289423983641,21,33,21,23,0,0,0,0
1770257289425940358,21,33,21,23,0,0,0,0
1770257289427855698,21,33,21,23,0,0,0,0
1770257289429858912,21,33,21,23,0,0,0,0
1770257289431868493,21,33,21,23,0,0,0,0
1770257289433662198,21,33,21,23,0,0,0,0
1770257289435956747,21,33,21,23,0,0,0,0
1770257289437936536,21,33,21,23,0,0,0,0
1770257289439603070,21,33,21,23,0,0,0,0
1770257289441787632,21,33,21,23,0,0,0,0
1770257289443735389,21,33,21,23,0,0,0,0
1770257289445624904,21,33,21,23,0,0,0,0
1770257289447888251,21,33,21,23,0,0,0,0
1770257289449623459,21,33,21,23,0,0,0,0
1770257289451723347,21,33,21,23,0,0,0,0
1770257289453591646,20,33,21,23,0,0,0,0
1770257289455717326,20,33,21,23,0,0,0,0
1770257289457611066,20,33,21,23,0,0,0,0
1770257289459928302,21,33,21,23,0,0,0,0
1770257289461905724,21,33,21,23,0,0,0,0
1770257289463656868,21,33,21,23,0,0,0,0
1770257289466042266,21,33,21,23,0,0,0,0
1770257289467775042,21,33,21,23,0,0,0,0
1770257289469658637,21,33,21,23,0,0,0,0
1770257289471839999,21,33,21,23,0,0,0,0
1770257289473879789,21,33,21,23,0,0,0,0
1770257289475725239,21,33,21,22,0,0,0,0
1770257289478047372,21,33,21,22,0,0,0,0
1770257289480143996,21,33,21,22,0,0,0,0
1770257289481782338,21,33,21,23,0,0,0,0
1770257289484079830,21,33,21,23,0,0,0,0
1770257289485961089,21,33,21,23,0,0,0,0
1770257289487907662,20,33,21,22,0,0,0,0
1770257289489779448,20,33,21,22,0,0,0,0
1770257289491782790,20,33,21,22,0,0,0,0
1770257289493661841,21,33,21,22,0,0,0,0
1770257289495652831,21,33,21,22,0,0,0,0
1770257289497778927,21,33,21,22,0,0,0,0
1770257289500030563,20,33,21,22,0,0,0,0
1770257289502050225,20,33,21,22,0,0,0,0
1770257289504041694,20,33,21,22,0,0,0,0
1770257289506093677,20,33,21,23,0,0,0,0
1770257289508135548,21,33,21,23,0,0,0,0
1770257289509958789,21,33,21,23,0,0,0,0
1770257289511758094,21,33,21,22,0,0,0,0
1770257289513955425,21,33,21,22,0,0,0,0
1770257289515949038,21,33,21,22,0,0,0,0
1770257289517690518,21,33,21,23,0,0,0,0
1770257289519883048,21,33,21,23,0,0,0,0
1770257289521826932,21,33,21,23,0,0,0,0
1770257289523975174,20,33,21,23,0,0,0,0
1770257289525902514,20,33,21,23,0,0,0,0
1770257289527755100,20,33,21,23,0,0,0,0
1770257289529897165,20,33,21,22,0,0,0,0
1770257289531828281,21,33,21,22,0,0,0,0
1770257289533736997,21,33,21,22,0,0,0,0
1770257289535983384,21,33,21,22,0,0,0,0
1770257289537770913,20,33,21,22,0,0,0,0
1770257289539911314,20,33,21,22,0,0,0,0
1770257289541993089,20,33,21,23,0,0,0,0
1770257289544120018,21,33,21,23,0,0,0,0
1770257289546197793,21,33,21,23,0,0,0,0
1770257289547800070,21,33,21,23,0,0,0,0
1770257289550024313,20,33,21,23,0,0,0,0
1770257289551802625,20,33,21,23,0,0,0,0
1770257289553812943,21,33,21,22,0,0,0,0
1770257289556041954,21,33,21,22,0,0,0,0
1770257289557776682,21,33,21,22,0,0,0,0
1770257289559779479,21,33,21,22,0,0,0,0
1770257289562011306,21,33,21,22,0,0,0,0
1770257289564048985,21,33,21,22,0,0,0,0
1770257289566042567,21,33,21,22,0,0,0,0
1770257289568323483,20,33,21,22,0,0,0,0
1770257289569891326,20,33,21,22,0,0,0,0
1770257289571607590,20,33,21,22,0,0,0,0
1770257289573705750,21,33,21,22,0,0,0,0
1770257289575752740,21,33,21,22,0,0,0,0
1770257289577575822,21,33,21,22,0,0,0,0
1770257289579731167,20,33,21,22,0,0,0,0
1770257289582076981,20,33,21,22,0,0,0,0
1770257289584225894,20,33,21,23,0,0,0,0
1770257289586017199,20,33,21,23,0,0,0,0
1770257289587956155,20,33,21,23,0,0,0,0
1770257289590276752,20,33,21,22,0,0,0,0
1770257289591834964,21,33,21,22,0,0,0,0
1770257289593798785,21,33,21,22,0,0,0,0
1770257289595799886,21,33,21,22,0,0,0,0
1770257289597925215,20,33,21,22,0,0,0,0
1770257289599816650,20,33,21,22,0,0,0,0
1770257289601724886,20,33,21,22,0,0,0,0
1770257289603924200,20,33,21,22,0,0,0,0
1770257289605928854,20,33,21,22,0,0,0,0
1770257289607832673,20,33,21,23,0,0,0,0
1770257289610291033,20,33,21,23,0,0,0,0
1770257289612002848,20,33,21,23,0,0,0,0
1770257289614047727,20,33,21,22,0,0,0,0
1770257289616095614,20,33,21,22,0,0,0,0
1770257289618043370,20,33,21,22,0,0,0,0
1770257289619951734,20,33,21,22,0,0,0,0
1770257289621809761,20,33,21,22,0,0,0,0
1770257289623917073,20,33,21,22,0,0,0,0
1770257289625828572,20,33,21,22,0,0,0,0
1770257289627805674,20,33,21,22,0,0,0,0
1770257289629913562,20,33,21,22,0,0,0,0
1770257289631778180,20,33,21,22,0,0,0,0
1770257289634073689,20,33,21,22,0,0,0,0
1770257289636193321,20,33,21,22,0,0,0,0
1770257289637950033,20,33,21,22,0,0,0,0
1770257289639941119,20,33,21,22,0,0,0,0
1770257289641865835,20,33,21,22,0,0,0,0
1770257289644068829,20,33,21,22,0,0,0,0
1770257289645979977,20,33,21,22,0,0,0,0
1770257289647799090,20,33,21,22,0,0,0,0
1770257289649747903,20,33,21,23,0,0,0,0
1770257289651603721,20,33,21,23,0,0,0,0
1770257289653509237,20,33,21,23,0,0,0,0
1770257289655641093,20,33,21,22,0,0,0,0
1770257289657660436,20,33,21,22,0,0,0,0
1770257289659586848,20,33,21,22,0,0,0,0
1770257289661779698,20,33,21,22,0,0,0,0
1770257289663856609,20,33,21,22,0,0,0,0
1770257289665804974,20,33,21,22,0,0,0,0
1770257289667933214,20,33,21,22,0,0,0,0
1770257289669939884,20,33,21,22,0,0,0,0
1770257289671798679,20,33,21,22,0,0,0,0
1770257289673917191,20,33,21,22,0,0,0,0
1770257289675953653,20,33,21,22,0,0,0,0
1770257289677778463,20,33,21,22,0,0,0,0
1770257289679867439,20,33,21,22,0,0,0,0
1770257289681943166,20,33,21,22,0,0,0,0
1770257289684003821,20,33,21,22,0,0,0,0
1770257289686219744,20,33,21,22,0,0,0,0
1770257289687939591,20,33,21,22,0,0,0,0
1770257289690107929,20,33,21,22,0,0,0,0
1770257289691990436,20,33,21,22,0,0,0,0
1770257289693844526,20,33,21,22,0,0,0,0
1770257289695700985,20,33,21,22,0,0,0,0
1770257289697836009,20,33,21,22,0,0,0,0
1770257289699730965,20,33,21,22,0,0,0,0
1770257289701663169,20,33,21,22,0,0,0,0
1770257289703772177,20,33,21,22,0,0,0,0
1770257289706305803,20,33,21,22,0,0,0,0
1770257289708028146,20,33,21,22,0,0,0,0
1770257289710415785,20,33,21,22,0,0,0,0
1770257289711955852,20,33,21,22,0,0,0,0
1770257289713729460,20,33,21,22,0,0,0,0
1770257289715802660,20,33,21,22,0,0,0,0
1770257289717663950,20,33,21,22,0,0,0,0
1770257289719750430,20,33,21,22,0,0,0,0
1770257289721711403,20,33,21,22,0,0,0,0
1770257289724118370,20,33,21,22,0,0,0,0
1770257289726116943,20,33,21,22,0,0,0,0
1770257289727968250,20,33,21,22,0,0,0,0
1770257289729948263,20,33,21,22,0,0,0,0
1770257289732461984,20,33,21,22,0,0,0,0
1770257289733831776,20,33,21,22,0,0,0,0
1770257289735858958,20,33,21,22,0,0,0,0
1770257289737899293,20,33,21,22,0,0,0,0
1770257289739949899,20,33,21,22,0,0,0,0
1770257289741830710,20,33,21,22,0,0,0,0
1770257289744031369,20,33,21,22,0,0,0,0
1770257289746009462,20,33,21,22,0,0,0,0
1770257289747780286,20,33,21,22,0,0,0,0
1770257289749686506,20,33,21,22,0,0,0,0
1770257289751974270,20,33,21,22,0,0,0,0
1770257289753837449,20,33,21,22,0,0,0,0
1770257289755968889,20,33,21,22,0,0,0,0
1770257289758335951,20,33,21,22,0,0,0,0
1770257289759929940,20,33,21,22,0,0,0,0
1770257289761935586,20,33,21,22,0,0,0,0
1770257289764221462,20,33,21,22,0,0,0,0
1770257289766063520,20,33,21,22,0,0,0,0
1770257289767760423,20,33,21,22,0,0,0,0
1770257289769887319,20,33,21,22,0,0,0,0
1770257289771856196,20,33,21,22,0,0,0,0
1770257289773706831,20,33,21,22,0,0,0,0
1770257289776022691,20,33,21,22,0,0,0,0
1770257289777874734,20,33,21,22,0,0,0,0
1770257289779846235,20,33,21,22,0,0,0,0
1770257289782024077,20,33,21,22,0,0,0,0
1770257289783794325,20,33,21,22,0,0,0,0
1770257289785851748,20,33,21,22,0,0,0,0
1770257289787991733,20,33,21,22,0,0,0,0
1770257289789788446,20,33,21,22,0,0,0,0
1770257289792033809,20,33,21,22,0,0,0,0
1770257289793849947,20,33,21,22,0,0,0,0
1770257289795796039,20,33,21,22,0,0,0,0
1770257289797738516,20,33,21,22,0,0,0,0
1770257289799763138,20,33,21,22,0,0,0,0
1770257289801828977,20,33,21,22,0,0,0,0
1770257289804022851,20,33,21,22,0,0,0,0
1770257289805870317,20,33,21,22,0,0,0,0
1770257289807751800,20,33,21,22,0,0,0,0
1770257289809900713,20,33,21,22,0,0,0,0
1770257289811787476,20,33,21,22,0,0,0,0
1770257289813889700,20,33,21,22,0,0,0,0
1770257289815800112,20,33,21,22,0,0,0,0
1770257289817855327,20,33,21,22,0,0,0,0
1770257289820104498,20,33,21,22,0,0,0,0
1770257289821920892,20,33,21,22,0,0,0,0
1770257289823934218,20,33,21,22,0,0,0,0
1770257289826200926,20,33,21,22,0,0,0,0
1770257289827680064,20,33,21,22,0,0,0,0
1770257289829616972,20,33,21,22,0,0,0,0
1770257289831665179,20,33,21,22,0,0,0,0
1770257289833672072,20,33,21,22,0,0,0,0
1770257289835673622,20,33,21,22,0,0,0,0
1770257289838013100,20,33,21,22,0,0,0,0
1770257289840084667,20,33,21,22,0,0,0,0
1770257289841952518,20,33,21,22,0,0,0,0
1770257289844180472,20,33,21,22,0,0,0,0
1770257289845852639,20,33,21,22,0,0,0,0
1770257289848028048,20,33,21,22,0,0,0,0
1770257289849795897,20,33,21,22,0,0,0,0
1770257289851684324,20,33,21,22,0,0,0,0
1770257289853838645,20,33,21,22,0,0,0,0
1770257289855815618,20,33,21,22,0,0,0,0
1770257289857976276,20,33,21,22,0,0,0,0
1770257289860046051,20,33,21,22,0,0,0,0
1770257289861891309,20,33,21,22,0,0,0,0
1770257289864426183,20,33,21,22,0,0,0,0
1770257289866075469,20,33,21,22,0,0,0,0
1770257289867759699,20,33,21,22,0,0,0,0
1770257289869966758,20,33,21,22,0,0,0,0
1770257289871839088,20,33,21,22,0,0,0,0
1770257289873903903,20,33,21,22,0,0,0,0
1770257289876223764,20,33,21,22,0,0,0,0
1770257289878050814,20,33,21,22,0,0,0,0
1770257289879933097,20,33,21,22,0,0,0,0
1770257289882071802,20,33,21,22,0,0,0,0
1770257289884135593,20,33,21,22,0,0,0,0
1770257289886025684,20,33,21,22,0,0,0,0
1770257289887692602,20,33,21,22,0,0,0,0
1770257289889860620,20,33,21,22,0,0,0,0
1770257289891778200,20,33,21,22,0,0,0,0
1770257289893803878,20,33,21,22,0,0,0,0
1770257289895953207,20,33,21,22,0,0,0,0
1770257289897793057,20,33,21,22,0,0,0,0
1770257289899684716,20,33,21,22,0,0,0,0
1770257289901803389,20,33,21,22,0,0,0,0
1770257289903848716,20,33,21,22,0,0,0,0
1770257289906014301,20,33,21,22,0,0,0,0
1770257289907917544,20,33,21,22,0,0,0,0
1770257289910099322,20,33,21,22,0,0,0,0
1770257289912095976,20,33,21,22,0,0,0,0
1770257289913870288,20,33,21,22,0,0,0,0
1770257289916278311,20,33,21,22,0,0,0,0
1770257289917740425,20,33,21,22,0,0,0,0
1770257289919661909,20,33,21,22,0,0,0,0
1770257289921810662,20,33,21,22,0,0,0,0
1770257289923669360,20,33,21,22,0,0,0,0
1770257289925819585,20,33,21,22,0,0,0,0
1770257289928212792,20,33,21,22,0,0,0,0
1770257289929802300,20,33,21,22,0,0,0,0
1770257289932214324,20,33,21,22,0,0,0,0
1770257289934055070,20,33,21,22,0,0,0,0
1770257289935815558,20,33,21,22,0,0,0,0
1770257289937932502,20,33,20,22,0,0,0,0
1770257289939870786,20,33,20,22,0,0,0,0
1770257289941684332,20,33,20,22,0,0,0,0
1770257289943830845,20,33,20,22,0,0,0,0
1770257289945946669,20,33,20,22,0,0,0,0
1770257289947769591,20,33,20,22,0,0,0,0
1770257289949734340,20,33,21,22,0,0,0,0
1770257289952003672,20,33,21,22,0,0,0,0
1770257289953725343,20,33,21,22,0,0,0,0
1770257289955998227,20,33,20,22,0,0,0,0
1770257289958106467,20,33,20,22,0,0,0,0
1770257289959757513,20,33,20,22,0,0,0,0
1770257289961979131,20,33,20,22,0,0,0,0
1770257289963904391,20,33,21,22,0,0,0,0
1770257289965760146,20,33,21,22,0,0,0,0
1770257289967945188,20,33,20,22,0,0,0,0
1770257289969730413,20,33,20,22,0,0,0,0
1770257289971626808,20,33,20,22,0,0,0,0
1770257289973803882,20,33,20,22,0,0,0,0
1770257289975717109,20,33,20,22,0,0,0,0
1770257289977861734,20,33,20,22,0,0,0,0
1770257289980135610,20,33,20,22,0,0,0,0
1770257289982230442,20,33,20,22,0,0,0,0
1770257289984064660,20,33,20,22,0,0,0,0
1770257289986107651,20,33,20,22,0,0,0,0
1770257289988106640,20,33,20,22,0,0,0,0
1770257289989954235,20,33,20,22,0,0,0,0
1770257289991853030,20,33,20,22,0,0,0,0
1770257289993872276,20,33,20,22,0,0,0,0
1770257289995698622,20,33,20,22,0,0,0,0
1770257289997948817,20,33,20,22,0,0,0,0
1770257289999796411,20,33,20,22,0,0,0,0
1770257290001689895,20,33,20,22,0,0,0,0
1770257290003825879,20,33,20,22,0,0,0,0
1770257290005780228,20,33,20,22,0,0,0,0
1770257290007969878,20,33,20,22,0,0,0,0
1770257290010209001,20,33,20,22,0,0,0,0
1770257290011999506,20,33,20,22,0,0,0,0
1770257290013844572,20,33,20,22,0,0,0,0
1770257290016061871,20,33,20,22,0,0,0,0
1770257290017878072,20,33,20,22,0,0,0,0
1770257290019842629,20,33,20,22,0,0,0,0
1770257290021914133,20,33,20,22,0,0,0,0
1770257290023830336,20,33,20,22,0,0,0,0
1770257290025864303,20,33,20,22,0,0,0,0
1770257290027903357,20,33,20,22,0,0,0,0
1770257290030040622,20,33,20,22,0,0,0,0
1770257290031865560,20,33,20,22,0,0,0,0
1770257290033792676,20,33,20,22,0,0,0,0
1770257290035941685,20,33,20,22,0,0,0,0
1770257290037787807,20,33,20,22,0,0,0,0
1770257290039780141,20,33,20,22,0,0,0,0
1770257290041913374,20,33,20,22,0,0,0,0
1770257290043850474,20,33,20,22,0,0,0,0
1770257290045806390,20,33,20,22,0,0,0,0
1770257290047863653,20,33,20,22,0,0,0,0
1770257290049919540,20,33,20,22,0,0,0,0
1770257290051829216,20,33,20,22,0,0,0,0
1770257290053974321,20,33,20,22,0,0,0,0
1770257290055792603,20,33,20,22,0,0,0,0
1770257290057757095,20,33,20,22,0,0,0,0
1770257290060249536,20,33,20,22,0,0,0,0
1770257290062001416,20,33,20,22,0,0,0,0
1770257290064155578,20,33,20,22,0,0,0,0
1770257290066181320,20,33,20,22,0,0,0,0
1770257290068020370,20,33,20,22,0,0,0,0
1770257290069771834,20,33,20,22,0,0,0,0
1770257290072124528,20,33,20,22,0,0,0,0
1770257290073766101,20,33,20,22,0,0,0,0
1770257290076010824,20,33,20,22,0,0,0,0
1770257290077897236,20,33,20,22,0,0,0,0
1770257290079788127,20,33,20,22,0,0,0,0
1770257290081751564,20,33,20,22,0,0,0,0
1770257290083866652,20,33,20,22,0,0,0,0
1770257290085745671,20,33,20,22,0,0,0,0
1770257290088078172,20,33,20,22,0,0,0,0
1770257290090111051,20,33,20,22,0,0,0,0
1770257290091925620,20,33,20,22,0,0,0,0
1770257290094221000,20,33,20,22,0,0,0,0
1770257290096142356,20,33,20,22,0,0,0,0
1770257290097962462,20,33,20,22,0,0,0,0
1770257290099968908,20,33,20,22,0,0,0,0
1770257290101840023,20,33,20,22,0,0,0,0
1770257290103673440,20,33,20,22,0,0,0,0
1770257290105842834,20,33,20,22,0,0,0,0
1770257290108040516,20,33,20,22,0,0,0,0
1770257290109916879,20,33,20,22,0,0,0,0
1770257290111806522,20,33,20,22,0,0,0,0
1770257290113941259,20,33,20,22,0,0,0,0
1770257290115719220,20,33,20,22,0,0,0,0
1770257290117746242,20,33,20,22,0,0,0,0
1770257290119990037,20,33,20,22,0,0,0,0
1770257290121771486,20,33,20,22,0,0,0,0
1770257290123737547,20,33,20,22,0,0,0,0
1770257290125818426,20,33,20,22,0,0,0,0
1770257290127825992,20,33,20,22,0,0,0,0
1770257290129767509,20,33,20,22,0,0,0,0
1770257290131820451,20,33,20,22,0,0,0,0
1770257290133788848,20,33,20,22,0,0,0,0
1770257290135786814,20,33,20,22,0,0,0,0
1770257290138248790,20,33,20,22,0,0,0,0
1770257290139930365,20,33,20,22,0,0,0,0
1770257290142010444,20,33,20,22,0,0,0,0
1770257290144183390,20,33,20,22,0,0,0,0
1770257290146063401,20,33,20,22,0,0,0,0
1770257290147760528,20,33,20,22,0,0,0,0
1770257290149650491,20,33,20,22,0,0,0,0
1770257290151743627,20,33,20,22,0,0,0,0
1770257290153643222,20,33,20,22,0,0,0,0
1770257290155705797,20,33,20,22,0,0,0,0
1770257290157739796,20,33,20,22,0,0,0,0
1770257290160073865,20,33,20,22,0,0,0,0
1770257290162189369,20,33,20,22,0,0,0,0
1770257290164162150,20,33,20,22,0,0,0,0
1770257290166171636,20,33,20,22,0,0,0,0
1770257290167845242,20,33,20,22,0,0,0,0
1770257290169962571,20,33,20,22,0,0,0,0
1770257290171775796,20,33,20,22,0,0,0,0
1770257290173708608,20,33,20,22,0,0,0,0
1770257290176000533,20,33,20,22,0,0,0,0
1770257290177807006,20,32,20,22,0,0,0,0
1770257290179793867,20,32,20,22,0,0,0,0
1770257290181828090,20,32,20,22,0,0,0,0
1770257290183902185,20,32,20,22,0,0,0,0
1770257290186053498,20,32,20,22,0,0,0,0
1770257290188094153,20,32,20,22,0,0,0,0
1770257290190032373,20,32,20,22,0,0,0,0
1770257290191910048,20,32,20,22,0,0,0,0
1770257290193870925,20,32,20,22,0,0,0,0
1770257290196045727,20,32,20,22,0,0,0,0
1770257290197796423,20,32,20,22,0,0,0,0
1770257290199613296,20,32,20,22,0,0,0,0
1770257290201746529,20,32,20,22,0,0,0,0
1770257290203725166,20,32,20,22,0,0,0,0
1770257290205742396,20,32,20,22,0,0,0,0
1770257290207714601,20,32,20,22,0,0,0,0
1770257290209797177,20,32,20,22,0,0,0,0
1770257290211586402,20,32,20,22,0,0,0,0
1770257290213710290,20,32,20,22,0,0,0,0
1770257290215647230,20,32,20,22,0,0,0,0
1770257290217599307,20,32,20,22,0,0,0,0
1770257290219651802,20,32,20,22,0,0,0,0
1770257290222218357,20,32,20,22,0,0,0,0
1770257290224104768,20,32,20,22,0,0,0,0
1770257290226107533,20,32,20,22,0,0,0,0
1770257290228182013,20,32,20,22,0,0,0,0
1770257290230004326,20,32,20,22,0,0,0,0
1770257290231858961,20,32,20,22,0,0,0,0
1770257290233766044,20,32,20,22,0,0,0,0
1770257290236015824,20,32,20,22,0,0,0,0
1770257290237795288,20,32,20,22,0,0,0,0
1770257290240061772,20,32,20,22,0,0,0,0
1770257290242066874,20,32,20,22,0,0,0,0
1770257290244099624,20,32,20,22,0,0,0,0
1770257290245965843,20,32,20,22,0,0,0,0
1770257290248260007,20,32,20,22,0,0,0,0
1770257290250080209,20,32,20,22,0,0,0,0
1770257290251816313,20,32,20,22,0,0,0,0
1770257290253705348,20,32,20,22,0,0,0,0
1770257290255910774,20,32,20,22,0,0,0,0
1770257290257820162,20,32,20,22,0,0,0,0
1770257290259934642,20,32,20,22,0,0,0,0
1770257290261789532,20,32,20,22,0,0,0,0
1770257290264159603,20,32,20,22,0,0,0,0
1770257290266064574,20,32,20,22,0,0,0,0
1770257290268124109,20,32,20,22,0,0,0,0
1770257290270021241,20,32,20,22,0,0,0,0
1770257290271882723,20,32,20,22,0,0,0,0
1770257290273808271,20,32,20,22,0,0,0,0
1770257290276028610,20,32,20,22,0,0,0,0
1770257290277830155,20,32,20,22,0,0,0,0
1770257290279820376,20,32,20,22,0,0,0,0
1770257290281959785,20,32,20,22,0,0,0,0
1770257290283967575,20,32,20,22,0,0,0,0
1770257290286115752,20,32,20,22,0,0,0,0
1770257290288108598,20,32,20,22,0,0,0,0
1770257290290174821,20,32,20,22,0,0,0,0
1770257290292020047,20,32,20,22,0,0,0,0
1770257290294094750,20,32,20,22,0,0,0,0
1770257290296243920,20,32,20,22,0,0,0,0
1770257290298119034,20,32,20,22,0,0,0,0
1770257290299795873,20,32,20,22,0,0,0,0
1770257290301721005,20,32,20,22,0,0,0,0
1770257290303929375,20,32,20,22,0,0,0,0
1770257290306121809,20,32,20,22,0,0,0,0
1770257290307933691,20,32,20,22,0,0,0,0
1770257290310372050,20,32,20,22,0,0,0,0
1770257290312190012,20,32,20,22,0,0,0,0
1770257290313816609,20,32,20,22,0,0,0,0
1770257290315985715,20,32,20,22,0,0,0,0
1770257290317876414,20,32,20,22,0,0,0,0
1770257290319830730,20,32,20,22,0,0,0,0
1770257290321916666,20,32,20,22,0,0,0,0
1770257290323912808,20,32,20,22,0,0,0,0
1770257290325855092,20,32,20,22,0,0,0,0
1770257290327942948,20,32,20,22,0,0,0,0
1770257290329991731,20,32,20,22,0,0,0,0
1770257290331874206,20,32,20,22,0,0,0,0
1770257290334076656,20,32,20,22,0,0,0,0
1770257290335820216,20,32,20,22,0,0,0,0
1770257290337724771,20,32,20,22,0,0,0,0
1770257290339939254,20,32,20,22,0,0,0,0
1770257290341811457,20,32,20,22,0,0,0,0
1770257290343937841,20,32,20,22,0,0,0,0
1770257290345966367,20,32,20,22,0,0,0,0
1770257290347906348,20,32,20,22,0,0,0,0
1770257290349818423,20,32,20,22,0,0,0,0
1770257290351981673,20,32,20,22,0,0,0,0
1770257290353932213,20,32,20,22,0,0,0,0
1770257290355711678,20,32,20,22,0,0,0,0
1770257290357783757,20,32,20,22,0,0,0,0
1770257290359799483,20,32,20,22,0,0,0,0
1770257290361747240,20,32,20,22,0,0,0,0
1770257290363713685,20,32,20,22,0,0,0,0
1770257290365974793,20,32,20,22,0,0,0,0
1770257290368004375,20,32,20,22,0,0,0,0
1770257290369808352,20,32,20,22,0,0,0,0
1770257290371763245,20,32,20,22,0,0,0,0
1770257290373844956,20,32,20,22,0,0,0,0
1770257290375913644,20,32,20,22,0,0,0,0
1770257290377965914,20,32,20,22,0,0,0,0
1770257290379916295,20,32,20,22,0,0,0,0
1770257290381877812,20,32,20,22,0,0,0,0
1770257290383940739,20,32,20,22,0,0,0,0
1770257290385920528,20,32,20,22,0,0,0,0
1770257290387619415,20,32,20,22,0,0,0,0
1770257290389693574,20,32,20,22,0,0,0,0
1770257290391643827,20,32,20,22,0,0,0,0
1770257290393613824,20,32,20,22,0,0,0,0
1770257290395687407,20,32,20,22,0,0,0,0
1770257290398080422,20,32,20,22,0,0,0,0
1770257290400105460,20,32,20,22,0,0,0,0
1770257290402047521,20,32,20,22,0,0,0,0
1770257290404004077,20,32,20,22,0,0,0,0
1770257290406024059,20,32,20,22,0,0,0,0
1770257290407880294,20,32,20,22,0,0,0,0
1770257290409961365,20,32,20,22,0,0,0,0
1770257290411766111,20,32,20,22,0,0,0,0
1770257290413925648,20,32,20,22,0,0,0,0
1770257290415804187,20,32,20,22,0,0,0,0
1770257290418030254,20,32,20,22,0,0,0,0
1770257290419874552,20,32,20,22,0,0,0,0
1770257290421774019,20,32,20,22,0,0,0,0
1770257290423931413,20,32,20,22,0,0,0,0
1770257290425792863,20,32,20,22,0,0,0,0
1770257290428163125,20,32,20,22,0,0,0,0
1770257290430185315,20,32,20,22,0,0,0,0
1770257290431939595,20,32,20,22,0,0,0,0
1770257290433918233,20,32,20,22,0,0,0,0
1770257290436032137,20,32,20,22,0,0,0,0
1770257290437937076,20,32,20,22,0,0,0,0
1770257290439851904,20,32,20,22,0,0,0,0
1770257290441975665,20,32,20,22,0,0,0,0
1770257290443840955,20,32,20,22,0,0,0,0
1770257290446005229,20,32,20,22,0,0,0,0
1770257290447794902,20,32,20,22,0,0,0,0
1770257290449891846,20,32,20,22,0,0,0,0
1770257290451876883,20,32,20,22,0,0,0,0
1770257290453788319,20,32,20,22,0,0,0,0
1770257290455938960,20,32,20,22,0,0,0,0
1770257290458079937,20,32,20,22,0,0,0,0
1770257290459697958,20,32,20,22,0,0,0,0
1770257290461791733,20,32,20,22,0,0,0,0
1770257290463690177,20,32,20,22,0,0,0,0
1770257290465735279,20,32,20,22,0,0,0,0
1770257290467675356,20,32,20,22,0,0,0,0
1770257290470052114,20,32,20,22,0,0,0,0
1770257290472186019,20,32,20,22,0,0,0,0
1770257290473955947,20,32,20,22,0,0,0,0
1770257290476184382,20,32,20,22,0,0,0,0
1770257290478020744,20,32,20,22,0,0,0,0
1770257290479672558,20,32,20,22,0,0,0,0
1770257290481615802,20,32,20,22,0,0,0,0
1770257290483660233,20,32,20,22,0,0,0,0
1770257290485620726,20,32,20,22,0,0,0,0
1770257290487694853,20,32,20,22,0,0,0,0
1770257290489999386,20,32,20,22,0,0,0,0
1770257290492517811,20,32,20,22,0,0,0,0
1770257290494631780,20,32,20,22,0,0,0,0
1770257290496585296,20,32,20,22,0,0,0,0
1770257290498833412,20,32,20,22,0,0,0,0
1770257290499740536,20,32,20,22,0,0,0,0
1770257290501712549,20,32,20,22,0,0,0,0
1770257290503814197,20,32,20,22,0,0,0,0
1770257290505699360,20,32,20,22,0,0,0,0
1770257290507854930,20,32,20,22,0,0,0,0
1770257290510098981,20,32,20,22,0,0,0,0
1770257290512059794,20,32,20,22,0,0,0,0
1770257290514178466,20,32,20,22,0,0,0,0
1770257290516062477,20,32,20,22,0,0,0,0
1770257290517938072,20,32,20,22,0,0,0,0
1770257290519832931,20,32,20,22,0,0,0,0
1770257290521962804,20,32,20,22,0,0,0,0
1770257290523832255,20,32,20,22,0,0,0,0
1770257290525910638,20,32,20,22,0,0,0,0
1770257290527882331,20,32,20,22,0,0,0,0
1770257290530011020,20,32,20,22,0,0,0,0
1770257290532258111,20,32,20,22,0,0,0,0
1770257290534026440,20,32,20,22,0,0,0,0
1770257290535958004,20,32,20,22,0,0,0,0
1770257290538290665,20,32,20,22,0,0,0,0
1770257290540421562,20,32,20,22,0,0,0,0
1770257290542034174,20,32,20,22,0,0,0,0
1770257290544131118,20,32,20,22,0,0,0,0
1770257290546098555,20,32,20,22,0,0,0,0
1770257290548163627,20,32,20,22,0,0,0,0
1770257290550147320,20,32,20,22,0,0,0,0
1770257290551926080,20,32,20,22,0,0,0,0
1770257290553767659,20,32,20,22,0,0,0,0
1770257290555931932,20,32,20,22,0,0,0,0
1770257290557970923,20,32,20,22,0,0,0,0
1770257290559737747,20,32,20,22,0,0,0,0
1770257290561707168,20,32,20,22,0,0,0,0
1770257290563580075,20,32,20,22,0,0,0,0
1770257290565773501,20,32,20,22,0,0,0,0
1770257290567638471,20,32,20,22,0,0,0,0
1770257290569725207,20,32,20,22,0,0,0,0
1770257290572122094,20,32,20,22,0,0,0,0
1770257290573891286,20,32,20,22,0,0,0,0
1770257290576237516,20,32,20,22,0,0,0,0
1770257290578115735,20,32,20,22,0,0,0,0
1770257290580130821,20,32,20,22,0,0,0,0
1770257290581608231,20,32,20,22,0,0,0,0
1770257290583667382,20,32,20,22,0,0,0,0
1770257290585634307,20,32,20,22,0,0,0,0
1770257290587611792,20,32,20,22,0,0,0,0
1770257290589670847,20,32,20,22,0,0,0,0
1770257290591991572,20,32,20,22,0,0,0,0
1770257290594152645,20,32,20,22,0,0,0,0
1770257290595969775,20,32,20,22,0,0,0,0
1770257290598020829,20,32,20,22,0,0,0,0
1770257290599805990,20,32,20,22,0,0,0,0
1770257290601766195,20,32,20,22,0,0,0,0
1770257290603936997,20,32,20,22,0,0,0,0
1770257290605827248,20,32,20,22,0,0,0,0
1770257290607853054,20,32,20,22,0,0,0,0
1770257290610004463,20,32,20,22,0,0,0,0
1770257290611643317,20,32,20,22,0,0,0,0
1770257290613625858,20,32,20,22,0,0,0,0
1770257290615667761,20,32,20,22,0,0,0,0
1770257290617554428,20,32,20,22,0,0,0,0
1770257290619650764,20,32,20,22,0,0,0,0
1770257290622008417,20,32,20,22,0,0,0,0
1770257290623681512,20,32,20,22,0,0,0,0
1770257290625634772,20,32,20,22,0,0,0,0
1770257290627935081,20,32,20,22,0,0,0,0
1770257290629765683,20,32,20,22,0,0,0,0
1770257290631944100,20,32,20,22,0,0,0,0
1770257290633944594,20,32,20,22,0,0,0,0
1770257290635995873,20,32,20,22,0,0,0,0
1770257290638066448,20,32,20,22,0,0,0,0
1770257290639873850,20,32,20,22,0,0,0,0
1770257290641915400,20,32,20,22,0,0,0,0
1770257290644001016,20,32,20,22,0,0,0,0
1770257290646545202,20,32,20,22,0,0,0,0
1770257290648188696,20,32,20,22,0,0,0,0
1770257290650016097,20,32,20,22,0,0,0,0
1770257290652132594,20,32,20,22,0,0,0,0
1770257290653915130,20,32,20,22,0,0,0,0
1770257290655723748,20,32,20,22,0,0,0,0
1770257290657859220,20,32,20,22,0,0,0,0
1770257290659843042,20,32,20,22,0,0,0,0
1770257290661690540,20,32,20,22,0,0,0,0
1770257290663815101,20,32,20,22,0,0,0,0
1770257290665669159,20,32,20,22,0,0,0,0
1770257290667755351,20,32,20,22,0,0,0,0
1770257290669690659,20,32,20,22,0,0,0,0
1770257290672049881,20,32,20,22,0,0,0,0
1770257290673818209,20,32,20,22,0,0,0,0
1770257290676110421,20,32,20,22,0,0,0,0
1770257290677909918,20,32,20,22,0,0,0,0
1770257290679927277,20,32,20,22,0,0,0,0
1770257290681986236,20,32,20,22,0,0,0,0
1770257290683774116,20,32,20,22,0,0,0,0
1770257290685955958,20,32,20,22,0,0,0,0
1770257290687868610,20,32,20,22,0,0,0,0
1770257290689623050,20,32,20,22,0,0,0,0
1770257290694112561,20,32,20,22,0,0,0,0
1770257290695259659,20,32,20,22,0,0,0,0
1770257290696769005,20,32,20,22,0,0,0,0
1770257290698404979,20,32,20,22,0,0,0,0
1770257290700410337,20,32,20,22,0,0,0,0
1770257290701703902,20,32,20,22,0,0,0,0
1770257290703828047,20,32,20,22,0,0,0,0
1770257290705778651,20,32,20,22,0,0,0,0
1770257290707925740,20,32,20,22,0,0,0,0
1770257290709912474,20,32,20,22,0,0,0,0
1770257290712149069,20,32,20,22,0,0,0,0
1770257290714053336,20,32,20,22,0,0,0,0
1770257290716158856,20,32,20,22,0,0,0,0
1770257290718062228,20,32,20,22,0,0,0,0
1770257290719957055,20,32,20,22,0,0,0,0
1770257290722083728,20,32,20,22,0,0,0,0
1770257290723860792,20,32,20,22,0,0,0,0
1770257290726025674,20,32,20,22,0,0,0,0
1770257290727921813,20,32,20,22,0,0,0,0
1770257290729835489,20,32,20,22,0,0,0,0
1770257290731984978,20,32,20,22,0,0,0,0
1770257290733946079,20,32,20,22,0,0,0,0
1770257290735827594,20,32,20,22,0,0,0,0
1770257290737983483,20,32,20,22,0,0,0,0
1770257290739824645,20,32,20,22,0,0,0,0
1770257290741891796,20,32,20,22,0,0,0,0
1770257290743904578,20,32,20,22,0,0,0,0
1770257290745974673,20,32,20,22,0,0,0,0
1770257290747831068,20,32,20,22,0,0,0,0
1770257290749746216,20,32,20,22,0,0,0,0
1770257290751969594,20,32,20,22,0,0,0,0
1770257290753795012,20,32,20,22,0,0,0,0
1770257290755824338,20,32,20,22,0,0,0,0
1770257290757940259,20,32,20,22,0,0,0,0
1770257290759831182,20,32,20,22,0,0,0,0
1770257290761907197,20,32,20,22,0,0,0,0
1770257290763866698,20,32,20,22,0,0,0,0
1770257290765904441,20,32,20,22,0,0,0,0
1770257290767911335,20,32,20,22,0,0,0,0
1770257290769640526,20,32,20,22,0,0,0,0
1770257290771673532,20,32,20,22,0,0,0,0
1770257290774955975,20,32,20,22,0,0,0,0
1770257290776270597,20,32,20,22,0,0,0,0
1770257290778103567,20,32,20,22,0,0,0,0
1770257290780054556,20,32,20,22,0,0,0,0
1770257290782055562,20,32,20,22,0,0,0,0
1770257290783819090,20,32,20,22,0,0,0,0
1770257290785882945,20,32,20,22,0,0,0,0
1770257290787836974,20,32,20,22,0,0,0,0
1770257290789765626,20,32,20,22,0,0,0,0
1770257290791980556,20,32,20,22,0,0,0,0
1770257290793860983,20,32,20,22,0,0,0,0
1770257290795676225,20,32,20,22,0,0,0,0
1770257290797543467,20,32,20,22,0,0,0,0
1770257290799637659,20,32,20,22,0,0,0,0
1770257290801742507,20,32,20,22,0,0,0,0
1770257290803591702,20,32,20,22,0,0,0,0
1770257290805861609,20,32,20,22,0,0,0,0
1770257290807776277,20,32,20,22,0,0,0,0
1770257290809659168,20,32,20,22,0,0,0,0
1770257290812177946,20,32,20,22,0,0,0,0
1770257290814040228,20,32,20,22,0,0,0,0
1770257290816020242,20,32,20,22,0,0,0,0
1770257290817997727,20,32,20,22,0,0,0,0
1770257290819916907,20,32,20,22,0,0,0,0
1770257290821724244,20,32,20,22,0,0,0,0
1770257290823944327,20,32,20,22,0,0,0,0
1770257290825941876,20,32,20,22,0,0,0,0
1770257290827729725,20,32,20,22,0,0,0,0
1770257290829896271,20,32,20,22,0,0,0,0
1770257290832112961,20,32,20,22,0,0,0,0
1770257290833756199,20,32,20,22,0,0,0,0
1770257290835945753,20,32,20,22,0,0,0,0
1770257290837927878,20,32,20,22,0,0,0,0
1770257290839684366,20,32,20,22,0,0,0,0
1770257290841943906,20,32,20,22,0,0,0,0
1770257290843876910,20,32,20,22,0,0,0,0
1770257290845797818,20,32,20,22,0,0,0,0
1770257290847595651,20,32,20,22,0,0,0,0
1770257290849640818,20,32,20,22,0,0,0,0
1770257290851552381,20,32,20,22,0,0,0,0
1770257290853656461,20,32,20,22,0,0,0,0
1770257290856096229,20,32,20,22,0,0,0,0
1770257290858051154,20,32,20,22,0,0,0,0
1770257290859884060,20,32,20,22,0,0,0,0
1770257290862049389,20,32,20,22,0,0,0,0
1770257290864164477,20,32,20,22,0,0,0,0
1770257290865972359,20,32,20,22,0,0,0,0
1770257290867933779,20,32,20,22,0,0,0,0
1770257290869796702,20,32,20,22,0,0,0,0
1770257290871730570,20,32,20,22,0,0,0,0
1770257290874300965,20,32,20,22,0,0,0,0
1770257290875931530,20,32,20,22,0,0,0,0
1770257290877656338,20,32,20,22,0,0,0,0
1770257290879620318,20,32,20,22,0,0,0,0
1770257290881649581,20,32,20,22,0,0,0,0
1770257290883586745,20,32,20,22,0,0,0,0
1770257290885645608,20,32,20,22,0,0,0,0
1770257290887933852,20,32,20,22,0,0,0,0
1770257290890185712,20,32,20,22,0,0,0,0
1770257290892039354,20,32,20,22,0,0,0,0
1770257290894172491,20,32,20,22,0,0,0,0
1770257290896571042,20,32,20,22,0,0,0,0
1770257290897771965,20,32,20,22,0,0,0,0
1770257290899657736,20,32,20,22,0,0,0,0
1770257290901612981,20,32,20,22,0,0,0,0
1770257290903692996,20,32,20,22,0,0,0,0
1770257290905621168,20,32,20,22,0,0,0,0
1770257290907963750,20,32,20,22,0,0,0,0
1770257290909733710,20,32,20,22,0,0,0,0
1770257290911584057,20,32,20,22,0,0,0,0
1770257290913927566,20,32,20,22,0,0,0,0
1770257290916114304,20,32,20,22,0,0,0,0
1770257290917957418,20,32,20,22,0,0,0,0
1770257290920051002,20,32,20,22,0,0,0,0
1770257290922118345,20,32,20,22,0,0,0,0
1770257290923880658,20,32,20,22,0,0,0,0
1770257290925647034,20,32,20,22,0,0,0,0
1770257290927609383,20,32,20,22,0,0,0,0
1770257290929708279,20,32,20,22,0,0,0,0
1770257290931902985,20,32,20,22,0,0,0,0
1770257290933646001,20,32,20,22,0,0,0,0
1770257290936377711,20,32,20,22,0,0,0,0
1770257290938344924,20,32,20,22,0,0,0,0
1770257290940200998,20,32,20,22,0,0,0,0
1770257290943603188,20,32,20,22,0,0,0,0
1770257290944557866,20,32,20,22,0,0,0,0
1770257290945702468,20,32,20,22,0,0,0,0
1770257290947753043,20,32,20,22,0,0,0,0
1770257290949716416,20,32,20,22,0,0,0,0
1770257290951818032,20,32,20,22,0,0,0,0
1770257290953598456,20,32,20,22,0,0,0,0
1770257290956067089,20,32,20,22,0,0,0,0
1770257290958011613,20,32,20,22,0,0,0,0
1770257290959795558,20,32,20,22,0,0,0,0
1770257290962218397,20,32,20,22,0,0,0,0
1770257290964173226,20,32,20,22,0,0,0,0
1770257290965628619,20,32,20,22,0,0,0,0
1770257290967700955,20,32,20,22,0,0,0,0
1770257290969868588,20,32,20,22,0,0,0,0
1770257290971946972,20,32,20,22,0,0,0,0
1770257290973959402,20,32,20,22,0,0,0,0
1770257290976490083,20,32,20,22,0,0,0,0
1770257290977856579,20,32,20,22,0,0,0,0
1770257290979893809,20,32,20,22,0,0,0,0
1770257290981834269,20,32,20,22,0,0,0,0
1770257290983950574,20,32,20,22,0,0,0,0
1770257290985990172,20,32,20,22,0,0,0,0
1770257290987826566,20,32,20,22,0,0,0,0
1770257290989959351,20,32,20,22,0,0,0,0
1770257290991793857,19,32,20,22,0,0,0,0
1770257290993917746,19,32,20,22,0,0,0,0
1770257290995810077,19,32,20,22,0,0,0,0
1770257290997991407,19,32,20,22,0,0,0,0
1770257290999790392,20,32,20,22,0,0,0,0
1770257291001832870,20,32,20,22,0,0,0,0
1770257291003949303,19,32,20,22,0,0,0,0
1770257291005863106,19,32,20,22,0,0,0,0
1770257291007826191,19,32,20,22,0,0,0,0
1770257291010018497,19,32,20,22,0,0,0,0
1770257291012105873,19,32,20,22,0,0,0,0
1770257291014067998,19,32,20,22,0,0,0,0
1770257291016305393,19,32,20,22,0,0,0,0
1770257291017869973,19,32,20,22,0,0,0,0
1770257291020022950,19,32,20,22,0,0,0,0
1770257291022091573,19,32,20,22,0,0,0,0
1770257291023932063,19,32,20,22,0,0,0,0
1770257291026260148,19,32,20,22,0,0,0,0
1770257291028019933,19,32,20,22,0,0,0,0
1770257291029872647,19,32,20,22,0,0,0,0
1770257291031965815,19,32,20,22,0,0,0,0
1770257291033775104,19,32,20,22,0,0,0,0
1770257291036041236,19,32,20,22,0,0,0,0
1770257291037639320,19,32,20,22,0,0,0,0
1770257291039600805,19,32,20,22,0,0,0,0
1770257291041626771,19,32,20,22,0,0,0,0
1770257291043628833,19,32,20,22,0,0,0,0
1770257291045739921,19,32,20,22,0,0,0,0
1770257291047970564,19,32,20,22,0,0,0,0
1770257291050066868,19,32,20,22,0,0,0,0
1770257291052111715,19,32,20,22,0,0,0,0
1770257291054117233,19,32,20,22,0,0,0,0
1770257291055998812,19,32,20,22,0,0,0,0
1770257291057852422,19,32,20,22,0,0,0,0
1770257291059950774,19,32,20,22,0,0,0,0
1770257291061772000,19,32,20,22,0,0,0,0
1770257291064009331,19,32,20,22,0,0,0,0
1770257291066044129,19,32,20,22,0,0,0,0
1770257291067786953,19,32,20,22,0,0,0,0
1770257291069955131,19,32,20,22,0,0,0,0
1770257291071815717,19,32,20,22,0,0,0,0
1770257291073768338,19,32,20,22,0,0,0,0
1770257291076084967,19,32,20,22,0,0,0,0
1770257291078124629,19,32,20,22,0,0,0,0
1770257291080017536,19,32,20,22,0,0,0,0
1770257291082118768,19,32,20,22,0,0,0,0
1770257291083938938,19,32,20,22,0,0,0,0
1770257291086229230,19,32,20,22,0,0,0,0
1770257291088066712,19,32,20,22,0,0,0,0
1770257291089864065,19,32,20,22,0,0,0,0
1770257291091772333,19,32,20,22,0,0,0,0
1770257291093860669,19,32,20,22,0,0,0,0
1770257291096071663,19,32,20,22,0,0,0,0
1770257291097800087,19,32,20,22,0,0,0,0
1770257291099783556,19,32,20,22,0,0,0,0
1770257291101876948,19,32,20,22,0,0,0,0
1770257291103859681,19,32,20,22,0,0,0,0
1770257291105876079,19,32,20,22,0,0,0,0
1770257291107744122,19,32,20,22,0,0,0,0
1770257291109648805,19,32,20,22,0,0,0,0
1770257291111727733,19,32,20,22,0,0,0,0
1770257291113648321,19,32,20,22,0,0,0,0
1770257291115753041,19,32,20,22,0,0,0,0
1770257291117609947,19,32,20,22,0,0,0,0
1770257291119674730,19,32,20,22,0,0,0,0
1770257291121607927,19,32,20,22,0,0,0,0
1770257291123591140,19,32,20,22,0,0,0,0
1770257291125643635,19,32,20,22,0,0,0,0
1770257291128239790,19,32,20,22,0,0,0,0
1770257291129937301,19,32,20,22,0,0,0,0
1770257291131990980,19,31,20,22,0,0,0,0
1770257291133745580,19,31,20,22,0,0,0,0
1770257291136024320,19,31,20,22,0,0,0,0
1770257291137776008,19,31,20,22,0,0,0,0
1770257291139967258,19,31,20,22,0,0,0,0
1770257291141897606,19,31,20,22,0,0,0,0
1770257291143852307,19,31,20,22,0,0,0,0
1770257291145841440,19,31,20,22,0,0,0,0
1770257291147858190,19,31,20,22,0,0,0,0
1770257291149921469,19,31,20,22,0,0,0,0
1770257291151884010,19,31,20,22,0,0,0,0
1770257291154030331,19,31,20,22,0,0,0,0
1770257291155825700,19,31,20,22,0,0,0,0
1770257291157829842,19,31,20,22,0,0,0,0
1770257291159759742,19,31,20,22,0,0,0,0
1770257291161684362,19,31,20,22,0,0,0,0
1770257291163704280,19,31,20,22,0,0,0,0
1770257291165664293,19,31,20,22,0,0,0,0
1770257291167655826,19,31,20,22,0,0,0,0
1770257291170076970,19,31,20,22,0,0,0,0
1770257291171973237,19,31,20,22,0,0,0,0
1770257291174178631,19,31,20,22,0,0,0,0
1770257291176225366,19,31,20,22,0,0,0,0
1770257291177959614,19,31,20,22,0,0,0,0
1770257291179680037,19,31,20,22,0,0,0,0
1770257291181715220,19,31,20,22,0,0,0,0
1770257291183665824,19,31,20,22,0,0,0,0
1770257291185695247,19,31,20,22,0,0,0,0
1770257291187741469,19,31,20,22,0,0,0,0
1770257291190025777,19,31,20,22,0,0,0,0
1770257291191962526,19,31,20,22,0,0,0,0
1770257291193946507,19,31,20,22,0,0,0,0
1770257291195988570,19,31,20,22,0,0,0,0
1770257291197876389,19,31,20,22,0,0,0,0
1770257291199880115,19,31,20,22,0,0,0,0
1770257291201920385,19,31,20,22,0,0,0,0
1770257291203827213,19,31,20,22,0,0,0,0
1770257291205881468,19,31,20,22,0,0,0,0
1770257291207985868,19,31,20,22,0,0,0,0
1770257291209842998,19,31,20,22,0,0,0,0
1770257291211895653,19,31,20,22,0,0,0,0
1770257291213833169,19,31,20,22,0,0,0,0
1770257291215875680,19,31,20,22,0,0,0,0
1770257291217973392,19,31,20,22,0,0,0,0
1770257291220163138,19,31,20,22,0,0,0,0
1770257291222908705,19,31,20,22,0,0,0,0
1770257291224178366,19,31,20,22,0,0,0,0
1770257291226426417,19,31,20,22,0,0,0,0
1770257291227918643,19,31,20,22,0,0,0,0
1770257291229929825,19,31,20,22,0,0,0,0
1770257291231970992,19,31,20,22,0,0,0,0
1770257291233826106,19,31,20,22,0,0,0,0
1770257291235908714,19,31,20,22,0,0,0,0
1770257291237888791,19,31,20,22,0,0,0,0
1770257291239832323,19,31,20,22,0,0,0,0
1770257291242256411,19,31,20,22,0,0,0,0
1770257291244103941,19,31,20,22,0,0,0,0
1770257291246180372,19,30,20,22,0,0,0,0
1770257291248141441,19,30,20,22,0,0,0,0
1770257291249808391,19,30,20,22,0,0,0,0
1770257291251982521,19,30,20,22,0,0,0,0
1770257291253815267,19,30,20,22,0,0,0,0
1770257291255922899,19,30,20,22,0,0,0,0
1770257291257956897,19,30,20,22,0,0,0,0
1770257291259987504,19,30,20,22,0,0,0,0
1770257291262205122,19,30,20,22,0,0,0,0
1770257291263960554,19,30,20,22,0,0,0,0
1770257291266037946,19,30,20,22,0,0,0,0
1770257291268117993,19,30,20,22,0,0,0,0
1770257291269988116,19,30,20,22,0,0,0,0
1770257291271738684,19,30,20,22,0,0,0,0
1770257291273820332,19,30,20,22,0,0,0,0
1770257291275893659,19,30,20,22,0,0,0,0
1770257291277698212,19,30,20,22,0,0,0,0
1770257291279874358,19,30,20,22,0,0,0,0
1770257291282001639,19,30,20,22,0,0,0,0
1770257291284107415,19,30,20,22,0,0,0,0
1770257291286117157,19,30,20,22,0,0,0,0
1770257291288000656,19,30,20,22,0,0,0,0
1770257291289995869,19,30,20,22,0,0,0,0
1770257291291844391,19,30,20,22,0,0,0,0
1770257291293819701,19,30,20,22,0,0,0,0
1770257291296262156,19,30,20,22,0,0,0,0
1770257291297821232,19,30,20,22,0,0,0,0
1770257291299711003,19,30,20,22,0,0,0,0
1770257291301982223,19,30,20,22,0,0,0,0
1770257291303878522,19,30,20,22,0,0,0,0
1770257291305769958,19,30,20,22,0,0,0,0
1770257291307928951,19,30,20,22,0,0,0,0
1770257291309891652,19,30,20,22,0,0,0,0
1770257291312306523,19,30,20,22,0,0,0,0
1770257291314221127,19,30,20,22,0,0,0,0
1770257291316051152,19,30,20,22,0,0,0,0
1770257291318005245,19,30,20,22,0,0,0,0
1770257291320263473,19,30,20,22,0,0,0,0
1770257291322016505,19,30,20,22,0,0,0,0
1770257291323885187,19,30,20,22,0,0,0,0
1770257291325819920,19,30,20,22,0,0,0,0
1770257291327901055,19,30,20,22,0,0,0,0
1770257291329747369,19,30,20,22,0,0,0,0
1770257291332019581,19,30,20,22,0,0,0,0
1770257291333868711,19,30,20,22,0,0,0,0
1770257291335800500,19,30,20,22,0,0,0,0
1770257291337885763,19,30,20,22,0,0,0,0
1770257291339893969,19,30,20,22,0,0,0,0
1770257291341868478,19,30,20,22,0,0,0,0
1770257291344254549,19,30,20,22,0,0,0,0
1770257291346161024,19,30,20,22,0,0,0,0
1770257291347985610,19,30,20,22,0,0,0,0
1770257291349826036,19,30,20,22,0,0,0,0
1770257291351896003,19,30,20,22,0,0,0,0
1770257291353874224,19,30,20,22,0,0,0,0
1770257291355870110,19,30,20,22,0,0,0,0
1770257291358002415,19,30,20,22,0,0,0,0
1770257291359878970,19,30,20,22,0,0,0,0
1770257291361928520,19,30,20,22,0,0,0,0
1770257291363778227,19,30,20,22,0,0,0,0
1770257291365699647,19,30,20,22,0,0,0,0
1770257291368242201,19,30,20,22,0,0,0,0
1770257291370147556,19,30,20,22,0,0,0,0
1770257291372104849,19,30,20,22,0,0,0,0
1770257291374126815,19,30,20,22,0,0,0,0
1770257291376247632,19,30,20,22,0,0,0,0
1770257291377873077,19,30,20,22,0,0,0,0
1770257291379750336,19,30,20,22,0,0,0,0
1770257291381838927,19,30,20,22,0,0,0,0
1770257291383629752,19,30,20,22,0,0,0,0
1770257291385737608,19,30,20,22,0,0,0,0
1770257291387975228,19,30,20,22,0,0,0,0
1770257291389971241,19,30,20,22,0,0,0,0
1770257291392118266,19,30,20,22,0,0,0,0
1770257291394105576,19,30,20,22,0,0,0,0
1770257291396124374,19,30,20,22,0,0,0,0
1770257291397814908,19,30,20,22,0,0,0,0
1770257291399971406,19,30,20,22,0,0,0,0
1770257291401918554,19,30,20,22,0,0,0,0
1770257291403969385,19,30,20,22,0,0,0,0
1770257291405965846,19,30,20,22,0,0,0,0
1770257291408049446,19,30,20,22,0,0,0,0
1770257291410061076,19,30,20,22,0,0,0,0
1770257291412163044,19,29,20,22,0,0,0,0
1770257291414128209,19,29,20,22,0,0,0,0
1770257291416021916,19,29,20,22,0,0,0,0
1770257291418009674,19,29,20,22,0,0,0,0
1770257291419607598,19,29,20,22,0,0,0,0
1770257291421744703,19,29,20,22,0,0,0,0
1770257291423731116,19,29,20,22,0,0,0,0
1770257291425576854,19,29,20,22,0,0,0,0
1770257291427682663,19,29,20,22,0,0,0,0
1770257291430157631,19,29,20,22,0,0,0,0
1770257291432069707,19,29,20,22,0,0,0,0
1770257291433889172,19,29,20,22,0,0,0,0
1770257291436097159,19,29,20,22,0,0,0,0
1770257291438075988,19,29,20,22,0,0,0,0
1770257291439841084,19,29,20,22,0,0,0,0
1770257291441806249,19,29,20,22,0,0,0,0
1770257291443823895,19,29,20,22,0,0,0,0
1770257291445973640,19,29,20,22,0,0,0,0
1770257291447882004,19,29,20,22,0,0,0,0
1770257291449696349,19,29,20,22,0,0,0,0
1770257291451955441,19,29,20,22,0,0,0,0
1770257291453859709,19,29,20,22,0,0,0,0
1770257291455914764,19,29,20,22,0,0,0,0
1770257291457975387,19,29,20,22,0,0,0,0
1770257291459857702,19,29,20,22,0,0,0,0
1770257291461814674,19,29,20,22,0,0,0,0
1770257291463854049,19,29,20,22,0,0,0,0
1770257291465871919,19,29,20,22,0,0,0,0
1770257291468018784,19,29,20,22,0,0,0,0
1770257291469876138,19,29,20,22,0,0,0,0
1770257291471901721,19,29,20,22,0,0,0,0
1770257291473938823,19,29,20,22,0,0,0,0
1770257291476016439,19,29,20,22,0,0,0,0
1770257291477917090,19,29,20,22,0,0,0,0
1770257291479841774,19,29,20,22,0,0,0,0
1770257291481629687,19,29,20,22,0,0,0,0
1770257291483625189,19,29,20,22,0,0,0,0
1770257291485645555,19,29,20,22,0,0,0,0
1770257291487624832,19,29,20,22,0,0,0,0
1770257291489683343,19,29,20,22,0,0,0,0
1770257291492275914,19,29,20,22,0,0,0,0
1770257291493931312,19,29,20,22,0,0,0,0
1770257291496025472,19,29,20,22,0,0,0,0
1770257291497721255,19,29,19,22,0,0,0,0
1770257291499831191,19,29,19,22,0,0,0,0
1770257291501866533,19,29,20,22,0,0,0,0
1770257291503844914,19,29,20,22,0,0,0,0
1770257291505972611,19,29,20,22,0,0,0,0
1770257291507854990,19,29,20,22,0,0,0,0
1770257291509752889,19,29,20,22,0,0,0,0
1770257291511933483,19,29,20,22,0,0,0,0
1770257291514129757,19,29,19,22,0,0,0,0
1770257291516195693,19,29,19,22,0,0,0,0
1770257291517856915,19,29,19,22,0,0,0,0
1770257291519863488,19,29,19,22,0,0,0,0
1770257291521884847,19,29,19,22,0,0,0,0
1770257291523835643,19,29,19,22,0,0,0,0
1770257291525786568,19,29,19,22,0,0,0,0
1770257291527745140,19,29,19,22,0,0,0,0
1770257291529619359,19,29,19,22,0,0,0,0
1770257291531777041,19,29,19,22,0,0,0,0
1770257291533579290,19,29,19,22,0,0,0,0
1770257291535806829,19,29,19,22,0,0,0,0
1770257291537976766,19,29,19,22,0,0,0,0
1770257291539857129,19,29,19,22,0,0,0,0
1770257291542122557,19,29,19,22,0,0,0,0
1770257291544061065,19,29,19,22,0,0,0,0
1770257291545946228,19,29,19,22,0,0,0,0
1770257291547962850,19,29,19,22,0,0,0,0
1770257291549968720,19,29,19,22,0,0,0,0
1770257291551799130,19,29,19,22,0,0,0,0
1770257291553767783,19,29,19,22,0,0,0,0
1770257291555798965,19,29,19,22,0,0,0,0
1770257291557765634,19,29,19,22,0,0,0,0
1770257291559812913,19,29,19,22,0,0,0,0
1770257291561698844,19,29,19,22,0,0,0,0
1770257291563803916,19,29,19,22,0,0,0,0
1770257291566259332,19,29,19,22,0,0,0,0
1770257291568023949,19,29,19,22,0,0,0,0
1770257291570213247,19,29,19,22,0,0,0,0
1770257291572225933,19,29,19,22,0,0,0,0
1770257291574079351,19,28,19,22,0,0,0,0
1770257291575854751,19,28,19,22,0,0,0,0
1770257291577856685,19,28,19,22,0,0,0,0
1770257291579810074,19,29,19,22,0,0,0,0
1770257291581915242,19,29,19,22,0,0,0,0
1770257291583812469,19,29,19,22,0,0,0,0
1770257291585996967,19,29,19,22,0,0,0,0
1770257291587816049,19,29,19,22,0,0,0,0
1770257291589808190,19,29,19,22,0,0,0,0
1770257291591964047,19,28,19,22,0,0,0,0
1770257291593778201,19,28,19,22,0,0,0,0
1770257291596103406,19,28,19,22,0,0,0,0
1770257291597801877,19,28,19,22,0,0,0,0
1770257291600126122,19,28,19,22,0,0,0,0
1770257291601946900,19,28,19,22,0,0,0,0
1770257291603787486,19,28,19,22,0,0,0,0
1770257291606143123,19,28,19,22,0,0,0,0
1770257291608063199,19,28,19,22,0,0,0,0
1770257291610080557,19,28,19,22,0,0,0,0
1770257291612078395,19,28,19,22,0,0,0,0
1770257291613978886,19,28,19,22,0,0,0,0
1770257291615971124,19,28,19,22,0,0,0,0
1770257291617982274,19,28,19,22,0,0,0,0
1770257291620109842,19,28,19,22,0,0,0,0
1770257291621806713,19,28,19,22,0,0,0,0
1770257291623908745,19,28,19,22,0,0,0,0
1770257291625870838,19,28,19,22,0,0,0,0
1770257291627762561,19,28,19,22,0,0,0,0
1770257291629766735,19,28,19,22,0,0,0,0
1770257291631710075,19,28,19,22,0,0,0,0
1770257291633803115,19,28,19,22,0,0,0,0
1770257291635715479,19,28,19,22,0,0,0,0
1770257291637942794,19,28,19,22,0,0,0,0
1770257291639911991,19,28,19,22,0,0,0,0
1770257291641717280,19,28,19,22,0,0,0,0
1770257291643887346,19,28,19,22,0,0,0,0
1770257291645939489,19,28,19,22,0,0,0,0
1770257291647821068,19,28,19,22,0,0,0,0
1770257291649762456,19,28,19,22,0,0,0,0
1770257291652193487,19,28,19,21,0,0,0,0
1770257291653970136,19,28,19,21,0,0,0,0
1770257291656102665,19,28,19,21,0,0,0,0
1770257291658210553,19,28,19,21,0,0,0,0
1770257291659921120,19,28,19,21,0,0,0,0
1770257291661906061,19,28,19,21,0,0,0,0
1770257291663953948,19,28,19,21,0,0,0,0
1770257291665800486,19,28,19,21,0,0,0,0
1770257291668172508,19,28,19,21,0,0,0,0
1770257291670210251,19,28,19,21,0,0,0,0
1770257291671908466,19,28,19,21,0,0,0,0
1770257291674015362,19,28,19,21,0,0,0,0
1770257291676333431,19,27,19,21,0,0,0,0
1770257291677767032,19,27,19,21,0,0,0,0
1770257291679733125,19,27,19,21,0,0,0,0
1770257291681784499,19,27,19,21,0,0,0,0
1770257291683699007,19,27,19,21,0,0,0,0
1770257291685776975,19,27,19,21,0,0,0,0
1770257291688183462,19,27,19,21,0,0,0,0
1770257291689949806,19,27,19,21,0,0,0,0
1770257291692270019,19,27,19,21,0,0,0,0
1770257291694158414,19,27,19,21,0,0,0,0
1770257291695973624,19,27,19,21,0,0,0,0
1770257291697696895,19,27,19,21,0,0,0,0
1770257291699727405,19,27,19,21,0,0,0,0
1770257291701741339,19,27,19,21,0,0,0,0
1770257291704127282,19,27,19,21,0,0,0,0
1770257291706229634,19,27,19,21,0,0,0,0
1770257291707840551,19,27,19,21,0,0,0,0
1770257291710186172,19,27,19,21,0,0,0,0
1770257291712104616,19,27,19,21,0,0,0,0
1770257291713751438,19,27,19,21,0,0,0,0
1770257291715989121,19,27,19,21,0,0,0,0
1770257291717828939,19,27,19,21,0,0,0,0
1770257291719832345,19,27,19,21,0,0,0,0
1770257291721994890,19,27,19,21,0,0,0,0
1770257291724262398,19,27,19,21,0,0,0,0
1770257291725861058,19,27,19,21,0,0,0,0
1770257291728163479,19,27,19,21,0,0,0,0
1770257291729944640,19,27,19,21,0,0,0,0
1770257291731778281,19,27,19,21,0,0,0,0
1770257291734019261,19,27,19,21,0,0,0,0
1770257291735988906,19,27,19,21,0,0,0,0
1770257291737751410,19,27,19,21,0,0,0,0
1770257291740129480,19,27,19,21,0,0,0,0
1770257291742016563,19,27,19,21,0,0,0,0
1770257291744350569,19,27,19,21,0,0,0,0
1770257291746226292,19,27,19,21,0,0,0,0
1770257291748032349,19,27,19,21,0,0,0,0
1770257291749930984,19,27,19,21,0,0,0,0
1770257291751928150,19,27,19,21,0,0,0,0
1770257291753901571,19,27,19,21,0,0,0,0
1770257291755881584,19,27,19,21,0,0,0,0
1770257291757793180,19,27,19,21,0,0,0,0
1770257291760363959,19,27,19,21,0,0,0,0
1770257291762004508,19,27,19,21,0,0,0,0
1770257291763784645,19,27,19,21,0,0,0,0
1770257291766045016,19,27,19,21,0,0,0,0
1770257291767919907,19,27,19,21,0,0,0,0
1770257291769773613,19,27,19,21,0,0,0,0
1770257291771935199,19,26,19,21,0,0,0,0
1770257291773908076,19,26,19,21,0,0,0,0
1770257291776117054,19,26,19,21,0,0,0,0
1770257291778030122,19,26,19,21,0,0,0,0
1770257291780227164,19,26,19,21,0,0,0,0
1770257291782033222,19,26,19,21,0,0,0,0
1770257291784181047,19,26,19,21,0,0,0,0
1770257291785988480,19,26,19,21,0,0,0,0
1770257291787840874,19,26,19,21,0,0,0,0
1770257291789906233,19,26,19,21,0,0,0,0
1770257291792013162,19,26,19,21,0,0,0,0
1770257291793942166,19,26,19,21,0,0,0,0
1770257291795929091,19,26,19,21,0,0,0,0
1770257291797841839,19,26,19,21,0,0,0,0
1770257291800124131,19,26,19,21,0,0,0,0
1770257291801995374,19,26,19,21,0,0,0,0
1770257291804044220,19,26,19,21,0,0,0,0
1770257291806198574,19,26,19,21,0,0,0,0
1770257291808187259,19,26,19,21,0,0,0,0
1770257291809855809,19,26,19,21,0,0,0,0
1770257291811862031,19,26,19,21,0,0,0,0
1770257291813778523,19,26,19,21,0,0,0,0
1770257291816037934,19,26,19,21,0,0,0,0
1770257291818484038,19,26,19,21,0,0,0,0
1770257291820159148,19,26,19,21,0,0,0,0
1770257291822009559,19,26,19,21,0,0,0,0
1770257291824105799,19,26,19,21,0,0,0,0
1770257291825974257,19,26,19,21,0,0,0,0
1770257291827643927,19,26,19,21,0,0,0,0
1770257291829790697,19,26,19,21,0,0,0,0
1770257291831733557,19,26,19,21,0,0,0,0
1770257291833749091,19,26,19,21,0,0,0,0
1770257291835713808,19,26,19,21,0,0,0,0
1770257291838158344,19,26,19,21,0,0,0,0
1770257291840239319,19,26,19,21,0,0,0,0
1770257291841889885,19,26,19,21,0,0,0,0
1770257291844105232,19,26,19,21,0,0,0,0
1770257291845965722,19,26,19,21,0,0,0,0
1770257291847942567,19,26,19,21,0,0,0,0
1770257291849984886,19,26,19,21,0,0,0,0
1770257291851804607,19,26,19,21,0,0,0,0
1770257291853911856,19,26,19,21,0,0,0,0
1770257291855884061,19,26,19,21,0,0,0,0
1770257291858031022,19,26,19,21,0,0,0,0
1770257291859894264,19,26,19,21,0,0,0,0
1770257291861772067,19,26,19,21,0,0,0,0
1770257291864005430,19,26,19,21,0,0,0,0
1770257291865874497,19,26,19,21,0,0,0,0
1770257291867862254,19,26,19,21,0,0,0,0
1770257291869893725,19,26,19,21,0,0,0,0
1770257291872002669,19,26,19,21,0,0,0,0
1770257291873891160,19,26,19,21,0,0,0,0
1770257291876117579,19,26,19,21,0,0,0,0
1770257291877802257,19,26,19,21,0,0,0,0
1770257291879940898,19,26,19,21,0,0,0,0
1770257291881990961,19,26,19,21,0,0,0,0
1770257291883840891,19,26,19,21,0,0,0,0
1770257291885877066,19,26,19,21,0,0,0,0
1770257291888060956,19,26,19,21,0,0,0,0
1770257291889817988,19,26,19,21,0,0,0,0
1770257291891880115,19,26,19,21,0,0,0,0
1770257291893888609,19,26,19,21,0,0,0,0
1770257291896129236,19,26,19,21,0,0,0,0
1770257291897820123,19,26,19,21,0,0,0,0
1770257291899999724,19,26,19,21,0,0,0,0
1770257291901873687,19,26,19,21,0,0,0,0
1770257291903810051,19,26,19,21,0,0,0,0
1770257291906298140,19,26,19,21,0,0,0,0
1770257291908131526,19,26,19,21,0,0,0,0
1770257291910161397,19,26,19,21,0,0,0,0
1770257291912342790,19,26,19,21,0,0,0,0
1770257291914089390,19,26,19,21,0,0,0,0
1770257291916052347,19,26,19,21,0,0,0,0
1770257291917887173,19,26,19,21,0,0,0,0
1770257291919979701,19,26,19,21,0,0,0,0
1770257291921824799,19,26,19,21,0,0,0,0
1770257291923999633,19,26,19,21,0,0,0,0
1770257291925937757,19,26,19,21,0,0,0,0
1770257291927861897,19,26,19,21,0,0,0,0
1770257291930009626,19,26,19,21,0,0,0,0
1770257291931858948,19,26,19,21,0,0,0,0
1770257291933868914,19,26,19,21,0,0,0,0
1770257291935992387,19,26,19,21,0,0,0,0
1770257291937919823,19,26,19,21,0,0,0,0
1770257291940005726,19,26,19,21,0,0,0,0
1770257291942048205,19,26,19,21,0,0,0,0
1770257291944274304,19,26,19,21,0,0,0,0
1770257291946221612,19,26,19,21,0,0,0,0
1770257291948044022,19,26,19,21,0,0,0,0
1770257291949656795,19,26,19,21,0,0,0,0
1770257291951592359,19,26,19,21,0,0,0,0
1770257291953631702,19,26,19,21,0,0,0,0
1770257291955687717,19,26,19,21,0,0,0,0
1770257291957620049,19,26,19,21,0,0,0,0
1770257291959983399,19,26,19,21,0,0,0,0
1770257291961708590,19,26,19,21,0,0,0,0
1770257291963782749,19,26,19,21,0,0,0,0
1770257291965760171,19,26,19,21,0,0,0,0
1770257291967757816,19,26,19,21,0,0,0,0
1770257291970119278,19,26,19,21,0,0,0,0
1770257291972123068,19,26,19,21,0,0,0,0
1770257291974140202,19,26,19,21,0,0,0,0
1770257291976148696,19,26,19,21,0,0,0,0
1770257291977994210,19,26,19,21,0,0,0,0
1770257291979914862,19,26,19,21,0,0,0,0
1770257291981925180,19,26,19,21,0,0,0,0
1770257291983876425,19,26,19,21,0,0,0,0
1770257291985861654,19,26,19,21,0,0,0,0
1770257291987888004,19,26,19,21,0,0,0,0
1770257291989936723,19,26,19,21,0,0,0,0
1770257291991871455,19,26,19,21,0,0,0,0
1770257291993880717,19,26,19,21,0,0,0,0
1770257291996059999,19,26,19,21,0,0,0,0
1770257291997853640,19,26,19,21,0,0,0,0
1770257291999784020,19,26,19,21,0,0,0,0
1770257292002051912,19,26,19,21,0,0,0,0
1770257292003824656,19,26,19,21,0,0,0,0
1770257292005897920,19,26,19,21,0,0,0,0
1770257292007832012,19,26,19,21,0,0,0,0
1770257292010034910,19,26,19,21,0,0,0,0
1770257292012313074,19,26,19,21,0,0,0,0
1770257292014071802,19,26,19,21,0,0,0,0
1770257292016066824,19,26,19,21,0,0,0,0
1770257292018036405,19,26,19,21,0,0,0,0
1770257292020063747,19,26,19,21,0,0,0,0
1770257292021914605,19,26,19,21,0,0,0,0
1770257292023733751,19,26,19,21,0,0,0,0
1770257292025867624,19,26,19,21,0,0,0,0
1770257292027880150,19,26,19,21,0,0,0,0
1770257292029966149,19,26,19,21,0,0,0,0
1770257292031845776,19,26,19,21,0,0,0,0
1770257292033792253,19,26,19,21,0,0,0,0
1770257292036090513,19,26,19,21,0,0,0,0
1770257292037920891,19,26,19,21,0,0,0,0
1770257292040035915,19,26,19,21,0,0,0,0
1770257292042042553,19,26,19,21,0,0,0,0
1770257292044158602,19,26,19,21,0,0,0,0
1770257292046323867,19,26,19,21,0,0,0,0
1770257292048052227,19,26,19,21,0,0,0,0
1770257292049777098,19,26,19,21,0,0,0,0
1770257292051853945,19,26,19,21,0,0,0,0
1770257292053651618,19,26,19,21,0,0,0,0
1770257292055793843,19,26,19,21,0,0,0,0
1770257292057785857,19,26,19,21,0,0,0,0
1770257292059852464,19,26,19,21,0,0,0,0
1770257292062026434,19,26,19,21,0,0,0,0
1770257292064153938,19,26,19,21,0,0,0,0
1770257292066128287,19,26,19,21,0,0,0,0
1770257292068347858,19,26,19,21,0,0,0,0
1770257292069953015,19,26,19,21,0,0,0,0
1770257292071641341,19,26,19,21,0,0,0,0
1770257292073822255,19,26,19,21,0,0,0,0
1770257292075804605,19,26,19,21,0,0,0,0
1770257292077842507,19,26,19,21,0,0,0,0
1770257292079757239,19,26,19,21,0,0,0,0
1770257292082212527,19,26,19,21,0,0,0,0
1770257292084084922,19,26,19,21,0,0,0,0
1770257292086056583,19,26,19,21,0,0,0,0
1770257292087933266,19,26,19,21,0,0,0,0
1770257292090174661,19,26,19,21,0,0,0,0
1770257292091873644,19,26,19,21,0,0,0,0
1770257292093942651,19,26,19,21,0,0,0,0
1770257292095811014,19,26,19,21,0,0,0,0
1770257292097923094,19,26,19,21,0,0,0,0
1770257292099917443,19,26,19,21,0,0,0,0
1770257292101569641,19,26,19,21,0,0,0,0
1770257292103635352,19,26,19,21,0,0,0,0
1770257292105723688,19,26,19,21,0,0,0,0
1770257292107589043,19,26,19,21,0,0,0,0
1770257292109751620,19,26,19,21,0,0,0,0
1770257292111848372,19,26,19,21,0,0,0,0
1770257292113653853,19,26,19,21,0,0,0,0
1770257292115747181,19,26,19,21,0,0,0,0
1770257292117693721,19,26,19,21,0,0,0,0
1770257292119764105,19,26,19,21,0,0,0,0
1770257292122102334,19,26,19,21,0,0,0,0
1770257292124152013,19,26,19,21,0,0,0,0
1770257292126151003,19,26,19,21,0,0,0,0
1770257292128204490,19,26,19,21,0,0,0,0
1770257292129872368,19,26,19,21,0,0,0,0
1770257292131759707,19,26,19,21,0,0,0,0
1770257292133796521,19,26,19,21,0,0,0,0
1770257292135871225,19,26,19,21,0,0,0,0
1770257292137763588,19,26,19,21,0,0,0,0
1770257292139685392,19,26,19,21,0,0,0,0
1770257292141982212,19,26,19,21,0,0,0,0
1770257292143636042,19,26,19,21,0,0,0,0
1770257292145689977,19,26,19,21,0,0,0,0
1770257292147652902,19,26,19,21,0,0,0,0
1770257292149563314,19,26,19,21,0,0,0,0
1770257292151690050,19,26,19,21,0,0,0,0
1770257292153772082,19,26,19,21,0,0,0,0
1770257292155903714,19,26,19,21,0,0,0,0
1770257292157828046,19,26,19,21,0,0,0,0
1770257292159789947,19,26,19,21,0,0,0,0
1770257292161938700,19,26,19,21,0,0,0,0
1770257292163817015,19,26,19,21,0,0,0,0
1770257292165899911,19,26,19,21,0,0,0,0
1770257292167928469,19,26,19,21,0,0,0,0
1770257292169842241,19,26,19,21,0,0,0,0
1770257292171899664,19,26,19,21,0,0,0,0
1770257292174278630,19,26,19,21,0,0,0,0
1770257292176668637,19,26,19,21,0,0,0,0
1770257292178524039,19,26,19,21,0,0,0,0
1770257292180809467,19,26,19,21,0,0,0,0
1770257292182475201,19,26,19,21,0,0,0,0
1770257292183894562,19,26,19,21,0,0,0,0
1770257292185792237,19,26,19,21,0,0,0,0
1770257292187869757,19,26,19,21,0,0,0,0
1770257292189785000,19,26,19,21,0,0,0,0
1770257292191945242,19,26,19,21,0,0,0,0
1770257292193869190,19,26,19,21,0,0,0,0
1770257292195850867,19,26,19,21,0,0,0,0
1770257292197877153,19,26,19,21,0,0,0,0
1770257292200259576,19,26,19,21,0,0,0,0
1770257292202006112,19,26,19,21,0,0,0,0
1770257292203838281,19,26,19,21,0,0,0,0
1770257292206316482,19,26,19,21,0,0,0,0
1770257292207835525,19,26,19,21,0,0,0,0
1770257292209717456,19,26,19,21,0,0,0,0
1770257292211983811,19,26,19,21,0,0,0,0
1770257292213934416,19,26,19,21,0,0,0,0
1770257292215805083,19,26,19,21,0,0,0,0
1770257292218198225,19,26,19,21,0,0,0,0
1770257292219914105,19,26,19,21,0,0,0,0
1770257292222003272,19,26,19,21,0,0,0,0
1770257292224046775,19,26,19,21,0,0,0,0
1770257292226064805,19,26,19,21,0,0,0,0
1770257292227723659,19,26,19,21,0,0,0,0
1770257292229947870,19,26,19,21,0,0,0,0
1770257292231911499,19,26,19,21,0,0,0,0
1770257292233714068,19,26,19,21,0,0,0,0
1770257292236162924,19,26,19,21,0,0,0,0
1770257292237841650,19,26,19,21,0,0,0,0
1770257292239709405,19,26,19,21,0,0,0,0
1770257292241870766,19,26,19,21,0,0,0,0
1770257292243885532,19,26,19,21,0,0,0,0
1770257292245761895,19,26,19,21,0,0,0,0
1770257292248367267,19,26,19,21,0,0,0,0
1770257292250083050,19,26,19,21,0,0,0,0
1770257292251848146,19,26,19,21,0,0,0,0
1770257292254238313,19,26,19,21,0,0,0,0
1770257292256166165,19,26,19,21,0,0,0,0
1770257292257865500,19,26,19,21,0,0,0,0
1770257292260045421,19,26,19,21,0,0,0,0
1770257292261945273,19,26,19,21,0,0,0,0
1770257292263911110,19,26,19,21,0,0,0,0
1770257292265860210,19,26,19,21,0,0,0,0
1770257292267730333,19,26,19,21,0,0,0,0
1770257292269763947,19,26,19,21,0,0,0,0
1770257292271753369,19,26,19,21,0,0,0,0
1770257292273812552,19,26,19,21,0,0,0,0
1770257292275775413,19,26,19,21,0,0,0,0
1770257292277830788,19,26,19,21,0,0,0,0
1770257292279736879,19,26,19,21,0,0,0,0
1770257292281633307,19,26,19,21,0,0,0,0
1770257292283730282,19,26,19,21,0,0,0,0
1770257292285780633,19,26,19,21,0,0,0,0
1770257292288218065,19,26,19,21,0,0,0,0
1770257292289976921,19,26,19,21,0,0,0,0
1770257292292277070,19,26,19,21,0,0,0,0
1770257292294251643,19,26,19,21,0,0,0,0
1770257292296216200,19,26,19,21,0,0,0,0
1770257292297731146,19,26,19,21,0,0,0,0
1770257292299683095,19,26,19,21,0,0,0,0
1770257292301914890,19,26,19,21,0,0,0,0
1770257292303713619,19,26,19,21,0,0,0,0
1770257292305845412,19,26,19,21,0,0,0,0
1770257292307943220,19,26,19,21,0,0,0,0
1770257292309771293,19,26,19,21,0,0,0,0
1770257292311830476,19,26,19,21,0,0,0,0
1770257292313711319,19,26,19,21,0,0,0,0
1770257292315745062,19,26,19,21,0,0,0,0
1770257292317709971,19,26,19,21,0,0,0,0
1770257292319849028,19,26,19,21,0,0,0,0
1770257292321786672,19,26,19,21,0,0,0,0
1770257292323765437,19,26,19,21,0,0,0,0
1770257292325847469,19,26,19,21,0,0,0,0
1770257292327743768,19,26,19,21,0,0,0,0
1770257292329775078,19,26,19,21,0,0,0,0
1770257292331842390,19,26,19,21,0,0,0,0
1770257292333781634,19,26,19,21,0,0,0,0
1770257292335992084,19,26,19,21,0,0,0,0
1770257292337885056,19,26,19,21,0,0,0,0
1770257292339795243,19,26,19,21,0,0,0,0
1770257292341839674,19,26,19,21,0,0,0,0
1770257292343915721,19,26,19,21,0,0,0,0
1770257292345860534,19,26,19,21,0,0,0,0
1770257292347754209,19,26,19,21,0,0,0,0
1770257292350062230,19,26,19,21,0,0,0,0
1770257292351820990,19,26,19,21,0,0,0,0
1770257292353735402,19,26,19,21,0,0,0,0
1770257292355958716,19,26,19,21,0,0,0,0
1770257292357883240,19,26,19,21,0,0,0,0
1770257292360013497,19,26,19,21,0,0,0,0
1770257292362293229,19,26,19,21,0,0,0,0
1770257292364008596,19,26,19,21,0,0,0,0
1770257292366099364,19,26,19,21,0,0,0,0
1770257292368164531,19,26,19,21,0,0,0,0
1770257292369728183,19,26,19,21,0,0,0,0
1770257292371776934,19,26,19,21,0,0,0,0
1770257292373712210,19,26,19,21,0,0,0,0
1770257292375745953,19,26,19,21,0,0,0,0
1770257292377791119,19,26,19,21,0,0,0,0
1770257292379726651,19,26,19,21,0,0,0,0
1770257292382109042,19,26,19,21,0,0,0,0
1770257292383839993,19,26,19,21,0,0,0,0
1770257292385906889,19,26,19,21,0,0,0,0
1770257292388036441,19,26,19,21,0,0,0,0
1770257292389807458,19,26,19,21,0,0,0,0
1770257292391786703,19,26,19,21,0,0,0,0
1770257292393976513,19,26,19,21,0,0,0,0
1770257292395800939,19,26,19,21,0,0,0,0
1770257292397789464,19,26,19,21,0,0,0,0
1770257292399909417,19,26,19,21,0,0,0,0
1770257292401918294,19,26,19,21,0,0,0,0
1770257292403717632,19,26,19,21,0,0,0,0
1770257292405944658,19,26,19,21,0,0,0,0
1770257292407652505,19,26,19,21,0,0,0,0
1770257292409875532,19,26,19,21,0,0,0,0
1770257292411943291,19,26,19,21,0,0,0,0
1770257292413624994,19,26,19,21,0,0,0,0
1770257292415772467,19,26,19,21,0,0,0,0
1770257292417707935,19,26,19,21,0,0,0,0
1770257292419800303,19,26,19,21,0,0,0,0
1770257292421729723,19,26,19,21,0,0,0,0
1770257292424335959,19,26,19,21,0,0,0,0
1770257292426116543,19,26,19,21,0,0,0,0
1770257292428040587,19,26,19,21,0,0,0,0
1770257292430220253,19,26,19,21,0,0,0,0
1770257292432091368,19,26,19,21,0,0,0,0
1770257292433884913,19,26,19,21,0,0,0,0
1770257292435896063,19,26,19,21,0,0,0,0
1770257292437934477,19,26,19,21,0,0,0,0
1770257292439862841,19,26,19,21,0,0,0,0
1770257292441923784,19,26,19,21,0,0,0,0
1770257292443897877,19,26,19,21,0,0,0,0
1770257292446029926,19,26,19,21,0,0,0,0
1770257292447999571,19,26,19,21,0,0,0,0
1770257292449872606,19,26,19,21,0,0,0,0
1770257292451835723,19,26,19,21,0,0,0,0
1770257292453782423,19,26,19,21,0,0,0,0
1770257292456132397,19,26,19,21,0,0,0,0
1770257292457853716,19,26,19,21,0,0,0,0
1770257292460030118,19,26,19,21,0,0,0,0
1770257292461877744,19,26,19,21,0,0,0,0
1770257292463673881,19,26,19,21,0,0,0,0
1770257292465809834,19,26,19,21,0,0,0,0
1770257292467663636,19,26,19,21,0,0,0,0
1770257292469704739,19,26,19,21,0,0,0,0
1770257292471664976,19,26,19,21,0,0,0,0
1770257292474320204,19,26,19,21,0,0,0,0
1770257292476265913,19,26,19,21,0,0,0,0
1770257292477956575,19,26,19,21,0,0,0,0
1770257292479983438,19,26,19,21,0,0,0,0
1770257292482096062,19,26,19,21,0,0,0,0
1770257292484075979,19,26,19,21,0,0,0,0
1770257292486097433,19,26,19,21,0,0,0,0
1770257292488112327,19,26,19,21,0,0,0,0
1770257292489976914,19,26,19,21,0,0,0,0
1770257292491902270,19,26,19,21,0,0,0,0
1770257292494192498,19,26,19,21,0,0,0,0
1770257292496066781,19,26,19,21,0,0,0,0
1770257292497940072,19,26,19,21,0,0,0,0
1770257292499916277,19,26,19,21,0,0,0,0
1770257292501904771,19,26,19,21,0,0,0,0
1770257292503902448,19,26,19,21,0,0,0,0
1770257292505859805,19,26,19,21,0,0,0,0
1770257292507952557,19,26,19,21,0,0,0,0
1770257292509831224,19,26,19,21,0,0,0,0
1770257292511951208,19,26,19,21,0,0,0,0
1770257292513949526,19,26,19,21,0,0,0,0
1770257292515810752,19,26,19,21,0,0,0,0
1770257292517907248,19,26,19,21,0,0,0,0
1770257292519961599,19,26,19,21,0,0,0,0
1770257292521831402,19,26,19,21,0,0,0,0
1770257292524306114,19,26,19,21,0,0,0,0
1770257292525866950,19,26,19,21,0,0,0,0
1770257292527891924,19,26,19,21,0,0,0,0
1770257292530046917,19,26,19,21,0,0,0,0
1770257292531882255,19,26,19,21,0,0,0,0
1770257292533991072,19,26,19,21,0,0,0,0
1770257292535882507,19,26,19,21,0,0,0,0
1770257292538027292,19,26,19,21,0,0,0,0
1770257292540045802,19,26,19,21,0,0,0,0
1770257292542127001,19,26,19,21,0,0,0,0
1770257292544151912,19,26,19,21,0,0,0,0
1770257292546086516,19,26,19,21,0,0,0,0
1770257292547871677,19,26,19,21,0,0,0,0
1770257292549922091,19,26,19,21,0,0,0,0
1770257292551856184,19,26,19,21,0,0,0,0
1770257292553890438,19,26,19,21,0,0,0,0
1770257292555913172,19,26,19,21,0,0,0,0
1770257292558232937,19,26,19,21,0,0,0,0
1770257292559938960,19,26,19,21,0,0,0,0
1770257292562092001,19,26,19,21,0,0,0,0
1770257292564086095,19,26,19,21,0,0,0,0
1770257292566262625,19,26,19,21,0,0,0,0
1770257292567919495,19,26,19,21,0,0,0,0
1770257292569862227,19,26,19,21,0,0,0,0
1770257292571790047,19,26,19,21,0,0,0,0
1770257292573993265,19,26,19,21,0,0,0,0
1770257292575986719,19,26,19,21,0,0,0,0
1770257292577918443,19,26,19,21,0,0,0,0
1770257292579658291,19,26,19,21,0,0,0,0
1770257292581582623,19,26,19,21,0,0,0,0
1770257292583640110,19,26,19,21,0,0,0,0
1770257292585700253,19,26,19,21,0,0,0,0
1770257292587764908,19,26,19,21,0,0,0,0
1770257292590007903,19,26,19,21,0,0,0,0
1770257292592036430,19,26,19,21,0,0,0,0
1770257292594225152,19,26,19,21,0,0,0,0
1770257292596094282,19,26,19,21,0,0,0,0
1770257292598197626,19,26,19,21,0,0,0,0
1770257292599987363,19,26,19,21,0,0,0,0
1770257292601775180,19,26,19,21,0,0,0,0
1770257292603940093,19,26,19,21,0,0,0,0
1770257292605885386,19,26,19,21,0,0,0,0
1770257292607883192,19,26,19,21,0,0,0,0
1770257292609957671,19,26,19,21,0,0,0,0
1770257292611887923,19,26,19,21,0,0,0,0
1770257292613996611,19,26,19,21,0,0,0,0
1770257292615951120,19,26,19,21,0,0,0,0
1770257292617860507,19,26,19,21,0,0,0,0
1770257292620226866,19,26,19,21,0,0,0,0
1770257292622052795,19,26,19,21,0,0,0,0
1770257292624005448,19,26,19,21,0,0,0,0
1770257292626196986,19,26,19,21,0,0,0,0
1770257292628218184,19,26,19,21,0,0,0,0
1770257292629832141,19,26,19,21,0,0,0,0
1770257292631794522,19,26,19,21,0,0,0,0
1770257292633978508,19,26,19,21,0,0,0,0
1770257292635925464,19,26,19,21,0,0,0,0
1770257292637796547,19,26,19,21,0,0,0,0
1770257292639814033,19,26,19,21,0,0,0,0
1770257292641806303,19,26,19,21,0,0,0,0
1770257292643929295,19,26,19,21,0,0,0,0
1770257292646010879,19,26,19,21,0,0,0,0
1770257292648021965,19,26,19,21,0,0,0,0
1770257292649830870,19,26,19,21,0,0,0,0
1770257292651965255,19,26,19,21,0,0,0,0
1770257292653741935,19,26,19,21,0,0,0,0
1770257292655740253,19,26,19,21,0,0,0,0
1770257292657811020,19,26,19,21,0,0,0,0
1770257292659726712,19,26,19,21,0,0,0,0
1770257292661839912,19,26,19,21,0,0,0,0
1770257292664003130,19,26,19,21,0,0,0,0
1770257292666197964,19,26,19,21,0,0,0,0
1770257292668260955,19,26,19,21,0,0,0,0
1770257292670247496,19,26,19,21,0,0,0,0
1770257292672061266,19,26,19,21,0,0,0,0
1770257292673960669,19,26,19,21,0,0,0,0
1770257292675972619,19,26,19,21,0,0,0,0
1770257292677863414,19,26,19,21,0,0,0,0
1770257292679964102,19,26,19,21,0,0,0,0
1770257292681835729,19,26,19,21,0,0,0,0
1770257292683840543,19,26,19,21,0,0,0,0
1770257292686057233,19,26,19,21,0,0,0,0
1770257292688165410,19,26,19,21,0,0,0,0
1770257292689891113,19,26,19,21,0,0,0,0
1770257292691986713,19,26,19,21,0,0,0,0
1770257292693920005,19,26,19,21,0,0,0,0
1770257292696088791,19,26,19,21,0,0,0,0
1770257292697792573,19,26,19,21,0,0,0,0
1770257292700076210,19,26,19,21,0,0,0,0
1770257292701866683,19,26,19,21,0,0,0,0
1770257292704015436,19,26,19,21,0,0,0,0
1770257292705939096,19,26,19,21,0,0,0,0
1770257292707892772,19,26,19,21,0,0,0,0
1770257292710000564,19,26,19,21,0,0,0,0
1770257292711965953,19,26,19,21,0,0,0,0
1770257292713813931,19,26,19,21,0,0,0,0
1770257292716014558,19,26,19,21,0,0,0,0
1770257292717915529,19,26,19,21,0,0,0,0
1770257292719938775,19,26,19,21,0,0,0,0
1770257292721959046,19,26,19,21,0,0,0,0
1770257292723869841,19,26,19,21,0,0,0,0
1770257292725808829,19,26,19,21,0,0,0,0
1770257292728052273,19,26,19,21,0,0,0,0
1770257292729873050,19,26,19,21,0,0,0,0
1770257292731855240,19,26,19,21,0,0,0,0
1770257292734209341,19,26,19,21,0,0,0,0
1770257292735999878,19,26,19,21,0,0,0,0
1770257292737760623,19,26,19,21,0,0,0,0
1770257292739944064,19,26,19,21,0,0,0,0
1770257292741773770,19,26,19,21,0,0,0,0
1770257292743918331,19,26,19,21,0,0,0,0
1770257292745991531,19,26,19,21,0,0,0,0
1770257292747799796,19,26,19,21,0,0,0,0
1770257292749803938,19,26,19,21,0,0,0,0
1770257292751977971,19,26,19,21,0,0,0,0
1770257292753725467,19,26,19,21,0,0,0,0
1770257292756261205,19,26,19,21,0,0,0,0
1770257292757858746,19,26,19,21,0,0,0,0
1770257292759722820,19,26,19,21,0,0,0,0
1770257292761825780,19,26,19,21,0,0,0,0
1770257292763798273,19,26,19,21,0,0,0,0
1770257292765675148,19,26,19,21,0,0,0,0
1770257292767917631,19,26,19,21,0,0,0,0
1770257292769801802,19,26,19,21,0,0,0,0
1770257292771876314,19,26,19,21,0,0,0,0
1770257292773918185,19,26,19,21,0,0,0,0
1770257292776135803,19,26,19,21,0,0,0,0
1770257292778198058,19,26,19,21,0,0,0,0
1770257292780045492,19,26,19,21,0,0,0,0
1770257292781968608,19,26,19,21,0,0,0,0
1770257292784172371,19,26,19,21,0,0,0,0
1770257292786082590,19,26,19,21,0,0,0,0
1770257292787668675,19,26,19,21,0,0,0,0
1770257292789612207,19,26,19,21,0,0,0,0
1770257292791709983,19,26,19,21,0,0,0,0
1770257292793805903,19,26,19,21,0,0,0,0
1770257292795773020,19,26,19,21,0,0,0,0
1770257292798036815,19,26,19,21,0,0,0,0
1770257292800122399,19,26,19,21,0,0,0,0
1770257292802003978,19,26,19,21,0,0,0,0
1770257292804049433,19,26,19,21,0,0,0,0
1770257292806219914,19,26,19,21,0,0,0,0
1770257292807860848,19,26,19,21,0,0,0,0
1770257292809900831,19,26,19,21,0,0,0,0
1770257292811837611,19,26,19,21,0,0,0,0
1770257292813993020,19,26,19,21,0,0,0,0
1770257292815885799,19,26,19,21,0,0,0,0
1770257292817830580,19,26,19,21,0,0,0,0
1770257292819874850,19,26,19,21,0,0,0,0
1770257292821835023,19,26,19,21,0,0,0,0
1770257292823878974,19,26,19,21,0,0,0,0
1770257292826017743,19,26,19,21,0,0,0,0
1770257292828103870,19,26,19,21,0,0,0,0
1770257292830062987,19,26,19,21,0,0,0,0
1770257292832218748,19,26,19,21,0,0,0,0
1770257292833797536,19,26,19,21,0,0,0,0
1770257292835784494,19,26,19,21,0,0,0,0
1770257292837843229,19,26,19,21,0,0,0,0
1770257292839704807,19,26,19,21,0,0,0,0
1770257292841700501,19,26,19,21,0,0,0,0
1770257292844027786,19,26,19,21,0,0,0,0
1770257292846114330,19,26,19,21,0,0,0,0
1770257292848123560,19,26,19,21,0,0,0,0
1770257292850029939,19,26,19,21,0,0,0,0
1770257292852222149,19,26,19,21,0,0,0,0
1770257292853855627,19,26,19,21,0,0,0,0
1770257292855746070,19,26,19,21,0,0,0,0
1770257292857753380,19,26,19,21,0,0,0,0
1770257292859795058,19,26,19,21,0,0,0,0
1770257292861854657,19,26,19,21,0,0,0,0
1770257292863753901,19,26,19,21,0,0,0,0
1770257292865661624,19,26,19,21,0,0,0,0
1770257292867608869,19,26,19,21,0,0,0,0
1770257292869591602,19,26,19,21,0,0,0,0
1770257292871617888,19,26,19,21,0,0,0,0
1770257292873560429,19,26,19,21,0,0,0,0
1770257292876409422,19,26,19,21,0,0,0,0
1770257292878105397,19,26,19,21,0,0,0,0
1770257292880049793,19,26,19,21,0,0,0,0
1770257292882117392,19,26,19,21,0,0,0,0
1770257292884190592,19,26,19,21,0,0,0,0
1770257292885784036,19,26,19,21,0,0,0,0
1770257292888098617,19,26,19,21,0,0,0,0
1770257292889882914,19,26,19,21,0,0,0,0
1770257292891745164,19,26,19,21,0,0,0,0
1770257292893878397,19,26,19,21,0,0,0,0
1770257292896600699,19,26,19,21,0,0,0,0
1770257292898302338,19,26,19,21,0,0,0,0
1770257292900677400,19,26,19,21,0,0,0,0
1770257292902685158,19,26,19,21,0,0,0,0
1770257292904337772,19,26,19,21,0,0,0,0
1770257292905867087,19,26,19,21,0,0,0,0
1770257292907908189,19,26,19,21,0,0,0,0
1770257292909959884,19,26,19,21,0,0,0,0
1770257292911860280,19,26,19,21,0,0,0,0
1770257292913904038,19,26,19,21,0,0,0,0
1770257292915966422,19,26,19,21,0,0,0,0
1770257292917815200,19,26,19,21,0,0,0,0
1770257292920043795,19,26,19,21,0,0,0,0
1770257292921940094,19,26,19,21,0,0,0,0
1770257292923876266,19,26,19,21,0,0,0,0
1770257292925992379,19,26,19,21,0,0,0,0
1770257292927800580,19,26,19,21,0,0,0,0
1770257292929799890,19,26,19,21,0,0,0,0
1770257292931975299,19,26,19,21,0,0,0,0
1770257292933762700,19,26,19,21,0,0,0,0
1770257292935990623,19,26,19,21,0,0,0,0
1770257292938016301,19,26,19,21,0,0,0,0
1770257292940026267,19,26,19,21,0,0,0,0
1770257292941989224,19,26,19,21,0,0,0,0
1770257292943937236,19,26,19,21,0,0,0,0
1770257292945891137,19,26,19,21,0,0,0,0
1770257292947814413,19,26,19,21,0,0,0,0
1770257292950001311,19,26,19,21,0,0,0,0
1770257292951754503,19,26,19,21,0,0,0,0
1770257292953972378,19,26,19,21,0,0,0,0
1770257292955936583,19,26,19,21,0,0,0,0
1770257292958127225,19,26,19,21,0,0,0,0
1770257292960176647,19,26,19,21,0,0,0,0
1770257292962063251,19,26,19,21,0,0,0,0
1770257292963894876,19,26,19,21,0,0,0,0
1770257292966084878,19,26,19,21,0,0,0,0
1770257292967936505,19,26,19,21,0,0,0,0
1770257292969758690,19,26,19,21,0,0,0,0
1770257292972010966,19,26,19,21,0,0,0,0
1770257292973871648,19,26,19,21,0,0,0,0
1770257292975790764,19,26,19,21,0,0,0,0
1770257292977759225,19,26,19,21,0,0,0,0
1770257292979718694,19,26,19,21,0,0,0,0
1770257292981773109,19,26,19,21,0,0,0,0
1770257292983730818,19,26,19,21,0,0,0,0
1770257292985728495,19,26,19,21,0,0,0,0
1770257292988059236,19,26,19,21,0,0,0,0
1770257292989824173,19,26,19,21,0,0,0,0
1770257292992063232,19,26,19,21,0,0,0,0
1770257292993778311,19,26,19,21,0,0,0,0
1770257292995948121,19,26,19,21,0,0,0,0
1770257292997832516,19,26,19,21,0,0,0,0
1770257293000179065,19,26,19,21,0,0,0,0
1770257293002046436,19,26,19,21,0,0,0,0
1770257293003760171,19,26,19,21,0,0,0,0
1770257293006050815,19,26,19,21,0,0,0,0
1770257293007817416,19,26,19,21,0,0,0,0
1770257293009717939,19,26,19,21,0,0,0,0
1770257293012185932,19,26,19,21,0,0,0,0
1770257293013812977,19,26,19,21,0,0,0,0
1770257293015965378,19,26,19,21,0,0,0,0
1770257293017786220,19,26,19,21,0,0,0,0
1770257293019755929,19,26,19,21,0,0,0,0
1770257293022100654,19,26,19,21,0,0,0,0
1770257293023804181,19,26,19,21,0,0,0,0
1770257293025885413,19,26,19,21,0,0,0,0
1770257293028004501,19,26,19,21,0,0,0,0
1770257293029914849,19,26,19,21,0,0,0,0
1770257293031885838,19,26,19,21,0,0,0,0
1770257293033948605,19,26,19,21,0,0,0,0
1770257293036076077,19,26,19,21,0,0,0,0
1770257293037840118,19,26,19,21,0,0,0,0
1770257293039974246,19,26,19,21,0,0,0,0
1770257293041809008,19,26,19,21,0,0,0,0
1770257293043978402,19,26,19,21,0,0,0,0
1770257293045854285,19,26,19,21,0,0,0,0
1770257293049550657,19,26,19,21,0,0,0,0
1770257293051677650,19,26,19,21,0,0,0,0
1770257293054306414,19,26,19,21,0,0,0,0
1770257293056879849,19,26,19,21,0,0,0,0
1770257293058351722,19,26,19,21,0,0,0,0
1770257293058833397,19,26,19,21,0,0,0,0
1770257293059823500,19,26,19,21,0,0,0,0
1770257293061861114,19,26,19,21,0,0,0,0
1770257293063878536,19,26,19,21,0,0,0,0
1770257293065868182,19,26,19,21,0,0,0,0
1770257293067758785,19,26,19,21,0,0,0,0
1770257293070057590,19,26,19,21,0,0,0,0
1770257293071956161,19,26,19,21,0,0,0,0
1770257293074163347,19,26,19,21,0,0,0,0
1770257293076340805,19,26,19,21,0,0,0,0
1770257293077912617,19,26,19,21,0,0,0,0
1770257293079621264,19,26,19,21,0,0,0,0
1770257293081727072,19,26,19,21,0,0,0,0
1770257293083663244,19,26,19,21,0,0,0,0
1770257293085711035,19,26,19,21,0,0,0,0
1770257293087651688,19,26,19,21,0,0,0,0
1770257293090048062,19,26,19,21,0,0,0,0
1770257293092117166,19,26,19,21,0,0,0,0
1770257293094183581,19,26,19,21,0,0,0,0
1770257293095854851,19,26,19,21,0,0,0,0
1770257293098089014,19,26,19,21,0,0,0,0
1770257293099855646,19,26,19,21,0,0,0,0
1770257293101752714,19,26,19,21,0,0,0,0
1770257293103982909,19,26,19,21,0,0,0,0
1770257293105936233,19,26,19,21,0,0,0,0
1770257293107709010,19,26,19,21,0,0,0,0
1770257293110238988,19,26,19,21,0,0,0,0
1770257293111819888,19,26,19,21,0,0,0,0
1770257293113705083,19,26,19,21,0,0,0,0
1770257293116122162,19,26,19,21,0,0,0,0
1770257293117798456,19,26,19,21,0,0,0,0
1770257293119703908,19,26,19,21,0,0,0,0
1770257293122137659,19,26,19,21,0,0,0,0
1770257293123898820,19,26,19,21,0,0,0,0
1770257293125794831,19,26,19,21,0,0,0,0
1770257293128016290,19,26,19,21,0,0,0,0
1770257293129943310,19,26,19,21,0,0,0,0
1770257293131710486,19,26,19,21,0,0,0,0
1770257293134071148,19,26,19,21,0,0,0,0
1770257293135948151,19,26,19,21,0,0,0,0
1770257293138247499,19,26,19,21,0,0,0,0
1770257293140155447,19,26,19,21,0,0,0,0
1770257293141947680,19,26,19,21,0,0,0,0
1770257293143904205,19,26,19,21,0,0,0,0
1770257293145935579,19,26,19,21,0,0,0,0
1770257293147912072,19,26,19,21,0,0,0,0
1770257293149803219,19,26,19,21,0,0,0,0
1770257293151908707,19,26,19,21,0,0,0,0
1770257293153860752,19,26,19,21,0,0,0,0
1770257293155916927,19,26,19,21,0,0,0,0
1770257293157898156,19,26,19,21,0,0,0,0
1770257293160076510,19,26,19,21,0,0,0,0
1770257293162117101,19,26,19,21,0,0,0,0
1770257293164113178,19,26,19,21,0,0,0,0
1770257293166205258,19,26,19,21,0,0,0,0
1770257293167987891,19,26,19,21,0,0,0,0
1770257293169857534,19,26,19,21,0,0,0,0
1770257293172424856,19,26,19,21,0,0,0,0
1770257293174022205,19,26,19,21,0,0,0,0
1770257293176168590,19,26,19,21,0,0,0,0
1770257293178171995,19,26,19,21,0,0,0,0
1770257293179799265,19,26,19,21,0,0,0,0
1770257293182016179,19,26,19,21,0,0,0,0
1770257293183963776,19,26,19,21,0,0,0,0
1770257293185994542,19,26,19,21,0,0,0,0
1770257293187988412,19,26,19,21,0,0,0,0
1770257293190267376,19,26,19,21,0,0,0,0
1770257293192036760,19,26,19,21,0,0,0,0
1770257293194099943,19,26,19,21,0,0,0,0
1770257293196124918,19,26,19,21,0,0,0,0
1770257293198034241,19,26,19,21,0,0,0,0
1770257293199948109,19,26,19,21,0,0,0,0
1770257293201790423,19,26,19,21,0,0,0,0
1770257293204109356,19,26,19,21,0,0,0,0
1770257293205875252,19,26,19,21,0,0,0,0
1770257293207837665,19,26,19,21,0,0,0,0
1770257293210208951,19,26,19,21,0,0,0,0
1770257293211784411,19,26,19,21,0,0,0,0
1770257293213855723,19,26,19,21,0,0,0,0
1770257293215798007,19,26,19,21,0,0,0,0
1770257293217693570,19,26,19,21,0,0,0,0
1770257293219734193,19,26,19,21,0,0,0,0
1770257293222093159,19,26,19,21,0,0,0,0
1770257293224373883,19,26,19,21,0,0,0,0
1770257293226015616,19,26,19,21,0,0,0,0
1770257293228012014,19,26,19,21,0,0,0,0
1770257293230197312,19,26,19,21,0,0,0,0
1770257293231812773,19,26,19,21,0,0,0,0
1770257293233731409,19,26,19,21,0,0,0,0
1770257293236003813,19,26,19,21,0,0,0,0
1770257293237882287,19,26,19,21,0,0,0,0
1770257293239790075,19,26,19,21,0,0,0,0
1770257293241948396,19,26,19,21,0,0,0,0
1770257293243939226,19,26,19,21,0,0,0,0
1770257293245976776,19,26,19,21,0,0,0,0
1770257293247906004,19,26,19,21,0,0,0,0
1770257293249884898,19,26,19,21,0,0,0,0
1770257293251875983,19,26,19,21,0,0,0,0
1770257293253895677,19,26,19,21,0,0,0,0
1770257293256017646,19,26,19,21,0,0,0,0
1770257293257830615,19,26,19,21,0,0,0,0
1770257293259911015,19,26,19,21,0,0,0,0
1770257293261946613,19,26,19,21,0,0,0,0
1770257293263892002,19,26,19,21,0,0,0,0
1770257293265992818,19,26,19,21,0,0,0,0
1770257293267825468,19,26,19,21,0,0,0,0
1770257293269765576,19,26,19,21,0,0,0,0
1770257293272124478,19,26,19,21,0,0,0,0
1770257293274059274,19,26,19,21,0,0,0,0
1770257293276270044,19,26,19,21,0,0,0,0
1770257293278151623,19,26,19,21,0,0,0,0
1770257293280152949,19,26,19,21,0,0,0,0
1770257293281988191,19,26,19,21,0,0,0,0
1770257293283741031,19,26,19,21,0,0,0,0
1770257293285931545,19,26,19,21,0,0,0,0
1770257293287761251,19,26,19,21,0,0,0,0
1770257293289858067,19,26,19,21,0,0,0,0
1770257293291745310,19,26,19,21,0,0,0,0
1770257293294197782,19,26,19,21,0,0,0,0
1770257293296126498,19,26,19,21,0,0,0,0
1770257293298140464,19,26,19,21,0,0,0,0
1770257293300077820,19,26,19,21,0,0,0,0
1770257293302007240,19,26,19,21,0,0,0,0
1770257293303886675,19,26,19,21,0,0,0,0
1770257293306025796,19,26,19,21,0,0,0,0
1770257293307813645,19,26,19,21,0,0,0,0
1770257293309968638,19,26,19,21,0,0,0,0
1770257293312224722,19,26,19,21,0,0,0,0
1770257293313813654,19,26,19,21,0,0,0,0
1770257293315976200,19,26,19,21,0,0,0,0
1770257293317939412,19,26,19,21,0,0,0,0
1770257293319817439,19,26,19,21,0,0,0,0
1770257293321792876,19,26,19,21,0,0,0,0
1770257293324029919,19,26,19,21,0,0,0,0
1770257293325842825,19,26,19,21,0,0,0,0
1770257293327797206,19,26,19,21,0,0,0,0
1770257293330097930,19,26,19,21,0,0,0,0
1770257293331980565,19,26,19,21,0,0,0,0
1770257293334127462,19,26,19,21,0,0,0,0
1770257293336354841,19,26,19,21,0,0,0,0
1770257293338159138,19,26,19,21,0,0,0,0
1770257293340151888,19,26,19,21,0,0,0,0
1770257293342247168,19,26,19,21,0,0,0,0
1770257293343941894,19,26,19,21,0,0,0,0
1770257293346207226,19,26,19,21,0,0,0,0
1770257293347827743,19,26,19,21,0,0,0,0
1770257293349889134,19,26,19,21,0,0,0,0
1770257293351908988,19,26,19,21,0,0,0,0
1770257293353976908,19,26,19,21,0,0,0,0
1770257293356036827,19,26,19,21,0,0,0,0
1770257293357857284,19,26,19,21,0,0,0,0
1770257293359837553,19,26,19,21,0,0,0,0
1770257293361908289,19,26,19,21,0,0,0,0
1770257293363896718,19,26,19,21,0,0,0,0
1770257293365829018,19,26,19,21,0,0,0,0
1770257293367914602,19,26,19,21,0,0,0,0
1770257293369892247,19,26,19,21,0,0,0,0
1770257293371758594,19,26,19,21,0,0,0,0
1770257293374089111,19,26,19,21,0,0,0,0
1770257293375817599,19,26,19,21,0,0,0,0
1770257293377985456,19,26,19,21,0,0,0,0
1770257293380020095,19,26,19,21,0,0,0,0
1770257293381808199,19,26,19,21,0,0,0,0
1770257293383872087,19,26,19,21,0,0,0,0
1770257293385927622,19,26,19,21,0,0,0,0
1770257293387950964,19,26,19,21,0,0,0,0
1770257293389782302,19,26,19,21,0,0,0,0
1770257293391976336,19,26,19,21,0,0,0,0
1770257293393873019,19,26,19,21,0,0,0,0
1770257293395834856,19,26,19,21,0,0,0,0
1770257293397983033,19,26,19,21,0,0,0,0
1770257293400014567,19,26,19,21,0,0,0,0
1770257293401866354,19,26,19,21,0,0,0,0
1770257293404008707,19,26,19,21,0,0,0,0
1770257293406085810,19,26,19,21,0,0,0,0
1770257293407762456,19,26,19,21,0,0,0,0
1770257293410021132,19,26,19,21,0,0,0,0
1770257293411744595,19,26,19,21,0,0,0,0
1770257293414022823,19,26,19,21,0,0,0,0
1770257293415939571,19,26,19,21,0,0,0,0
1770257293417764957,19,26,19,21,0,0,0,0
1770257293419899822,19,26,19,21,0,0,0,0
1770257293421822810,19,26,19,21,0,0,0,0
1770257293423795303,19,26,19,21,0,0,0,0
1770257293426082555,19,26,19,21,0,0,0,0
1770257293428003207,19,26,19,21,0,0,0,0
1770257293430058902,19,26,19,21,0,0,0,0
1770257293432101092,19,26,19,21,0,0,0,0
1770257293434235701,19,26,19,21,0,0,0,0
1770257293435916315,19,26,19,21,0,0,0,0
1770257293438035692,19,26,19,21,0,0,0,0
1770257293439938551,19,26,19,21,0,0,0,0
1770257293441800642,19,26,19,21,0,0,0,0
1770257293443927762,19,26,19,21,0,0,0,0
1770257293446000386,19,26,19,21,0,0,0,0
1770257293447895053,19,26,19,21,0,0,0,0
1770257293449762392,19,26,19,21,0,0,0,0
1770257293451877960,19,26,19,21,0,0,0,0
1770257293453818996,19,26,19,21,0,0,0,0
1770257293455939813,19,26,19,21,0,0,0,0
1770257293458118103,19,26,19,21,0,0,0,0
1770257293460088388,19,26,19,21,0,0,0,0
1770257293461973295,19,26,19,21,0,0,0,0
1770257293464143968,19,26,19,21,0,0,0,0
1770257293466232176,19,26,19,21,0,0,0,0
1770257293467808436,19,26,19,21,0,0,0,0
1770257293469945413,19,26,19,21,0,0,0,0
1770257293471891697,19,26,19,21,0,0,0,0
1770257293473766620,19,26,19,21,0,0,0,0
1770257293475945966,19,26,19,21,0,0,0,0
1770257293477774648,19,26,19,21,0,0,0,0
1770257293479989226,19,26,19,21,0,0,0,0
1770257293481981144,19,26,19,21,0,0,0,0
1770257293483907076,19,26,19,21,0,0,0,0
1770257293485894353,19,26,19,21,0,0,0,0
1770257293488351145,19,26,19,21,0,0,0,0
1770257293489876364,19,26,19,21,0,0,0,0
1770257293491806424,19,26,19,21,0,0,0,0
1770257293493872455,19,26,19,21,0,0,0,0
1770257293495920758,19,26,19,21,0,0,0,0
1770257293497862691,19,26,19,21,0,0,0,0
1770257293499985651,19,26,19,21,0,0,0,0
1770257293501902463,19,26,19,21,0,0,0,0
1770257293503899532,19,26,19,21,0,0,0,0
1770257293505928635,19,26,19,21,0,0,0,0
1770257293507937929,19,26,19,21,0,0,0,0
1770257293509954231,19,26,19,21,0,0,0,0
1770257293512014854,19,26,19,21,0,0,0,0
1770257293514198328,19,26,19,21,0,0,0,0
1770257293515929087,19,26,19,21,0,0,0,0
1770257293517888972,19,26,19,21,0,0,0,0
1770257293520118239,19,26,19,21,0,0,0,0
1770257293522081644,19,26,19,21,0,0,0,0
1770257293524137723,19,26,19,21,0,0,0,0
1770257293526220362,19,26,19,21,0,0,0,0
1770257293528196472,19,26,19,21,0,0,0,0
1770257293529827997,19,26,19,21,0,0,0,0
1770257293531775433,19,26,19,21,0,0,0,0
1770257293533925178,19,26,19,21,0,0,0,0
1770257293535868551,19,26,19,21,0,0,0,0
1770257293537733873,19,26,19,21,0,0,0,0
1770257293540116808,19,26,19,21,0,0,0,0
1770257293542269817,19,26,19,21,0,0,0,0
1770257293544600782,19,26,19,21,0,0,0,0
1770257293546323446,19,26,19,21,0,0,0,0
1770257293548200417,19,26,19,21,0,0,0,0
1770257293549661666,19,26,19,21,0,0,0,0
1770257293552016312,19,26,19,21,0,0,0,0
1770257293554212042,19,26,19,21,0,0,0,0
1770257293556041012,19,26,19,21,0,0,0,0
1770257293557885726,19,26,19,21,0,0,0,0
1770257293559980686,19,26,19,21,0,0,0,0
1770257293561910330,19,26,19,21,0,0,0,0
1770257293563833542,19,26,19,21,0,0,0,0
1770257293565877524,19,26,19,21,0,0,0,0
1770257293567766463,19,26,19,21,0,0,0,0
1770257293569834287,19,26,19,21,0,0,0,0
1770257293571644312,19,26,19,21,0,0,0,0
1770257293573609861,19,26,19,21,0,0,0,0
1770257293575670932,19,26,19,21,0,0,0,0
1770257293577657537,19,26,19,21,0,0,0,0
1770257293579611342,19,26,19,21,0,0,0,0
1770257293582589170,19,26,19,21,0,0,0,0
1770257293584588096,19,26,19,21,0,0,0,0
1770257293586711312,19,26,19,21,0,0,0,0
1770257293588292116,19,26,19,21,0,0,0,0
1770257293590272002,19,26,19,21,0,0,0,0
1770257293591638241,19,26,19,21,0,0,0,0
1770257293593758737,19,26,19,21,0,0,0,0
1770257293595763327,19,26,19,21,0,0,0,0
1770257293597595273,19,26,19,21,0,0,0,0
1770257293599714937,19,26,19,21,0,0,0,0
1770257293601889611,19,26,19,21,0,0,0,0
1770257293604172415,19,26,19,21,0,0,0,0
1770257293606198093,19,26,19,21,0,0,0,0
1770257293607962230,19,26,19,21,0,0,0,0
1770257293609812256,19,26,19,21,0,0,0,0
1770257293612099572,19,26,19,21,0,0,0,0
1770257293613975775,19,26,19,21,0,0,0,0
1770257293616075919,19,26,19,21,0,0,0,0
1770257293618124926,19,26,19,21,0,0,0,0
1770257293620205165,19,26,19,21,0,0,0,0
1770257293621800914,19,26,19,21,0,0,0,0
1770257293623814240,19,26,19,21,0,0,0,0
1770257293626163734,19,26,19,21,0,0,0,0
1770257293627764154,19,26,19,21,0,0,0,0
1770257293630033486,19,26,19,21,0,0,0,0
1770257293631960602,19,26,19,21,0,0,0,0
1770257293633746371,19,26,19,21,0,0,0,0
1770257293636010006,19,26,19,21,0,0,0,0
1770257293637968579,19,26,19,21,0,0,0,0
1770257293639707691,19,26,19,21,0,0,0,0
1770257293641880829,19,26,19,21,0,0,0,0
1770257293644039118,19,26,19,21,0,0,0,0
1770257293646132254,19,26,19,21,0,0,0,0
1770257293647876262,19,26,19,21,0,0,0,0
1770257293650094808,19,26,19,21,0,0,0,0
1770257293652088102,19,26,19,21,0,0,0,0
1770257293653777292,19,26,19,21,0,0,0,0
1770257293655854844,19,26,19,21,0,0,0,0
1770257293657811913,19,26,19,21,0,0,0,0
1770257293659746453,19,26,19,21,0,0,0,0
1770257293662005608,19,26,19,21,0,0,0,0
1770257293663849490,19,26,19,21,0,0,0,0
1770257293666100678,19,26,19,21,0,0,0,0
1770257293668173941,19,26,19,21,0,0,0,0
1770257293670139202,19,26,19,21,0,0,0,0
1770257293671922251,19,26,19,21,0,0,0,0
1770257293674032123,19,26,19,21,0,0,0,0
1770257293675934535,19,26,19,21,0,0,0,0
1770257293677817650,19,26,19,21,0,0,0,0
1770257293679963683,19,26,19,21,0,0,0,0
1770257293681726059,19,26,19,21,0,0,0,0
1770257293684011327,19,26,19,21,0,0,0,0
1770257293686080910,19,26,19,21,0,0,0,0
1770257293688014138,19,26,19,21,0,0,0,0
1770257293689963527,19,26,19,21,0,0,0,0
1770257293692125240,19,26,19,21,0,0,0,0
1770257293693828735,19,26,19,21,0,0,0,0
1770257293695934927,19,26,19,21,0,0,0,0
1770257293697837659,19,26,19,21,0,0,0,0
1770257293699979692,19,26,19,21,0,0,0,0
1770257293701806102,19,26,19,21,0,0,0,0
1770257293703759426,19,26,19,21,0,0,0,0
1770257293705914963,19,26,19,21,0,0,0,0
1770257293707819551,19,26,19,21,0,0,0,0
1770257293710012529,19,26,19,21,0,0,0,0
1770257293711718136,19,26,19,21,0,0,0,0
1770257293714200273,19,26,19,21,0,0,0,0
1770257293716061883,19,26,19,21,0,0,0,0
1770257293718179564,19,26,19,21,0,0,0,0
1770257293720111256,19,26,19,21,0,0,0,0
1770257293722118310,19,26,19,21,0,0,0,0
1770257293723790764,19,26,19,21,0,0,0,0
1770257293726135713,19,26,19,21,0,0,0,0
1770257293728008588,19,26,19,21,0,0,0,0
1770257293729783157,19,26,19,21,0,0,0,0
1770257293731765634,19,26,19,21,0,0,0,0
1770257293734010165,19,26,19,21,0,0,0,0
1770257293735891296,19,26,19,21,0,0,0,0
1770257293737788044,19,26,19,21,0,0,0,0
1770257293739908316,19,26,19,21,0,0,0,0
1770257293741831432,19,26,19,21,0,0,0,0
1770257293743955544,19,26,19,21,0,0,0,0
1770257293745965446,19,26,19,21,0,0,0,0
1770257293747792400,19,26,19,21,0,0,0,0
1770257293749822238,19,26,19,21,0,0,0,0
1770257293752129043,19,26,19,21,0,0,0,0
1770257293753747320,19,26,19,21,0,0,0,0
1770257293755854824,19,26,19,21,0,0,0,0
1770257293757924024,19,26,19,21,0,0,0,0
1770257293759597566,19,26,19,21,0,0,0,0
1770257293761878162,19,26,19,21,0,0,0,0
1770257293763697051,19,26,19,21,0,0,0,0
1770257293766773474,19,26,19,21,0,0,0,0
1770257293768676845,19,26,19,21,0,0,0,0
1770257293770267506,19,26,19,21,0,0,0,0
1770257293772392354,19,26,19,21,0,0,0,0
1770257293774343503,19,26,19,21,0,0,0,0
1770257293775736110,19,26,19,21,0,0,0,0
1770257293777639354,19,26,19,21,0,0,0,0
1770257293779870573,19,26,19,21,0,0,0,0
1770257293781750712,19,26,19,21,0,0,0,0
1770257293783788966,19,26,19,21,0,0,0,0
1770257293786181629,19,26,19,21,0,0,0,0
1770257293788017927,19,26,19,21,0,0,0,0
1770257293790254970,19,26,19,21,0,0,0,0
1770257293792062723,19,26,19,21,0,0,0,0
1770257293794270678,19,26,19,21,0,0,0,0
1770257293795830649,19,26,19,21,0,0,0,0
1770257293797910601,19,26,19,21,0,0,0,0
1770257293799954296,19,26,19,21,0,0,0,0
1770257293801804898,19,26,19,21,0,0,0,0
1770257293803953619,19,26,19,21,0,0,0,0
1770257293806397867,19,26,19,21,0,0,0,0
1770257293808203220,19,26,19,21,0,0,0,0
1770257293810277604,19,26,19,21,0,0,0,0
1770257293812553528,19,26,19,21,0,0,0,0
1770257293814219454,19,26,19,21,0,0,0,0
1770257293815856163,19,26,19,21,0,0,0,0
1770257293817736110,19,26,19,21,0,0,0,0
1770257293819689147,19,26,19,21,0,0,0,0
1770257293821747210,19,26,19,21,0,0,0,0
1770257293823776440,19,26,19,21,0,0,0,0
1770257293825834215,19,26,19,21,0,0,0,0
1770257293828155868,19,26,19,21,0,0,0,0
1770257293830020999,19,26,19,21,0,0,0,0
1770257293831993332,19,26,19,21,0,0,0,0
1770257293834164069,19,26,19,21,0,0,0,0
1770257293836036272,19,26,19,21,0,0,0,0
1770257293837987133,19,26,19,21,0,0,0,0
1770257293839998346,19,26,19,21,0,0,0,0
1770257293841826260,19,26,19,21,0,0,0,0
1770257293843929316,19,26,19,21,0,0,0,0
1770257293845873969,19,26,19,21,0,0,0,0
1770257293847747515,19,26,19,21,0,0,0,0
1770257293849621126,19,26,19,21,0,0,0,0
1770257293851816248,19,26,19,21,0,0,0,0
1770257293853674723,19,26,19,21,0,0,0,0
1770257293855666256,19,26,19,21,0,0,0,0
1770257293857860803,19,26,19,21,0,0,0,0
1770257293859767374,19,26,19,21,0,0,0,0
1770257293862068387,19,26,19,21,0,0,0,0
1770257293863814923,19,26,19,21,0,0,0,0
1770257293865710422,19,26,19,21,0,0,0,0
1770257293868005194,19,26,19,21,0,0,0,0
1770257293869815060,19,26,19,21,0,0,0,0
1770257293871892899,19,26,19,21,0,0,0,0
1770257293874151831,19,26,19,21,0,0,0,0
1770257293876110243,19,26,19,21,0,0,0,0
1770257293877769769,19,26,19,21,0,0,0,0
1770257293879906554,19,26,19,21,0,0,0,0
1770257293881834406,19,26,19,21,0,0,0,0
1770257293883980983,19,26,19,21,0,0,0,0
1770257293885807713,19,26,19,21,0,0,0,0
1770257293887764142,19,26,19,21,0,0,0,0
1770257293889962144,19,26,19,21,0,0,0,0
1770257293891801162,19,26,19,21,0,0,0,0
1770257293893895866,19,26,19,21,0,0,0,0
1770257293895969417,19,26,19,21,0,0,0,0
1770257293897802227,19,26,19,21,0,0,0,0
1770257293899913411,19,26,19,21,0,0,0,0
1770257293902213976,19,26,19,21,0,0,0,0
1770257293903957088,19,26,19,21,0,0,0,0
1770257293906170834,19,26,19,21,0,0,0,0
1770257293908006076,19,26,19,21,0,0,0,0
1770257293909633377,19,26,19,21,0,0,0,0
1770257293911718673,19,26,19,21,0,0,0,0
1770257293913675070,19,26,19,21,0,0,0,0
1770257293915581257,19,26,19,21,0,0,0,0
1770257293918331208,19,26,19,21,0,0,0,0
1770257293920144657,19,26,19,21,0,0,0,0
1770257293922096126,19,26,19,21,0,0,0,0
1770257293924154797,19,26,19,21,0,0,0,0
1770257293926007511,19,26,19,21,0,0,0,0
1770257293927699038,19,26,19,21,0,0,0,0
1770257293930157110,19,26,19,21,0,0,0,0
1770257293932050881,19,26,19,21,0,0,0,0
1770257293933862059,19,26,19,21,0,0,0,0
1770257293936152671,19,26,19,21,0,0,0,0
1770257293938103820,19,26,19,21,0,0,0,0
1770257293939847027,19,26,19,21,0,0,0,0
1770257293941702334,19,26,19,21,0,0,0,0
1770257293943705900,19,26,19,21,0,0,0,0
1770257293945709817,19,26,19,21,0,0,0,0
1770257293947751688,19,26,19,21,0,0,0,0
1770257293949709621,19,26,19,21,0,0,0,0
1770257293952020682,19,26,19,21,0,0,0,0
1770257293954163226,19,26,19,21,0,0,0,0
1770257293956196937,19,26,19,21,0,0,0,0
1770257293958322810,19,26,19,21,0,0,0,0
1770257293960003488,19,26,19,21,0,0,0,0
1770257293961887499,19,26,19,21,0,0,0,0
1770257293963850840,19,26,19,21,0,0,0,0
1770257293965765444,19,26,19,21,0,0,0,0
1770257293968119865,19,26,19,21,0,0,0,0
1770257293969940259,19,26,19,21,0,0,0,0
1770257293971950321,19,26,19,21,0,0,0,0
1770257293974028640,19,26,19,21,0,0,0,0
1770257293975909963,19,26,19,21,0,0,0,0
1770257293977821207,19,26,19,21,0,0,0,0
1770257293979945415,19,26,19,21,0,0,0,0
1770257293981950645,19,26,19,21,0,0,0,0
1770257293983864257,19,26,19,21,0,0,0,0
1770257293985869231,19,26,19,21,0,0,0,0
1770257293987846844,19,26,19,21,0,0,0,0
1770257293989878442,19,26,19,21,0,0,0,0
1770257293991874680,19,26,19,21,0,0,0,0
1770257293994274447,19,26,19,21,0,0,0,0
1770257293996067544,19,26,19,21,0,0,0,0
1770257293998120775,19,26,19,21,0,0,0,0
1770257293999860270,19,26,19,21,0,0,0,0
1770257294001709433,19,26,19,21,0,0,0,0
1770257294003747207,19,26,19,21,0,0,0,0
1770257294005775926,19,26,19,21,0,0,0,0
1770257294007743394,19,26,19,21,0,0,0,0
1770257294010112793,19,26,19,21,0,0,0,0
1770257294012043493,19,26,19,21,0,0,0,0
1770257294014116116,19,26,19,21,0,0,0,0
1770257294016356135,19,26,19,21,0,0,0,0
1770257294018007757,19,26,19,21,0,0,0,0
1770257294019789110,19,26,19,21,0,0,0,0
1770257294021871301,19,26,19,21,0,0,0,0
1770257294023713679,19,26,19,21,0,0,0,0
1770257294025828256,19,26,19,21,0,0,0,0
1770257294027850190,19,26,19,21,0,0,0,0
1770257294029674359,19,26,19,21,0,0,0,0
1770257294032088271,19,26,19,21,0,0,0,0
1770257294033986138,19,26,19,21,0,0,0,0
1770257294035885989,19,26,19,21,0,0,0,0
1770257294037982421,19,26,19,21,0,0,0,0
1770257294039938050,19,26,19,21,0,0,0,0
1770257294041887503,19,26,19,21,0,0,0,0
1770257294043894972,19,26,19,21,0,0,0,0
1770257294045939275,19,26,19,21,0,0,0,0
1770257294047834486,19,26,19,21,0,0,0,0
1770257294049950215,19,26,19,21,0,0,0,0
1770257294051953332,19,26,19,21,0,0,0,0
1770257294053774366,19,26,19,21,0,0,0,0
1770257294056147764,19,26,19,21,0,0,0,0
1770257294057934237,19,26,19,21,0,0,0,0
1770257294060050157,19,26,19,21,0,0,0,0
1770257294061891927,19,26,19,21,0,0,0,0
1770257294063928134,19,26,19,21,0,0,0,0
1770257294065908467,19,26,19,21,0,0,0,0
1770257294067759102,19,26,19,21,0,0,0,0
1770257294069982704,19,26,19,21,0,0,0,0
1770257294071669943,19,26,19,21,0,0,0,0
1770257294073715654,19,26,19,21,0,0,0,0
1770257294075784149,19,26,19,21,0,0,0,0
1770257294077714433,19,26,19,21,0,0,0,0
1770257294079585644,19,26,19,21,0,0,0,0
1770257294082328714,19,26,19,21,0,0,0,0
1770257294084117299,19,26,19,21,0,0,0,0
1770257294086049215,19,26,19,21,0,0,0,0
1770257294088088974,19,26,19,21,0,0,0,0
1770257294090079099,19,26,19,21,0,0,0,0
1770257294091792291,19,26,19,21,0,0,0,0
1770257294093899251,19,26,19,21,0,0,0,0
1770257294096053220,19,26,19,21,0,0,0,0
1770257294097908782,19,26,19,21,0,0,0,0
1770257294099782073,19,26,19,21,0,0,0,0
1770257294101942442,19,26,19,21,0,0,0,0
1770257294103844214,19,26,19,21,0,0,0,0
1770257294105989383,19,26,19,21,0,0,0,0
1770257294108296540,19,26,19,21,0,0,0,0
1770257294110075972,19,26,19,21,0,0,0,0
1770257294111812716,19,26,19,21,0,0,0,0
1770257294114089344,19,26,19,21,0,0,0,0
1770257294116070093,19,26,19,21,0,0,0,0
1770257294117821269,19,26,19,21,0,0,0,0
1770257294120043560,19,26,19,21,0,0,0,0
1770257294121825873,19,26,19,21,0,0,0,0
1770257294123771965,19,26,19,21,0,0,0,0
1770257294125914638,19,26,19,21,0,0,0,0
1770257294127804537,19,26,19,21,0,0,0,0
1770257294129730789,19,26,19,21,0,0,0,0
1770257294132368897,19,26,19,21,0,0,0,0
1770257294134047592,19,26,19,21,0,0,0,0
1770257294135852881,19,26,19,21,0,0,0,0
1770257294138151046,19,26,19,21,0,0,0,0
1770257294140012624,19,26,19,21,0,0,0,0
1770257294141802809,19,26,19,21,0,0,0,0
1770257294143913225,19,26,19,21,0,0,0,0
1770257294146021209,19,26,19,21,0,0,0,0
1770257294147894052,19,26,19,21,0,0,0,0
1770257294149846481,19,26,19,21,0,0,0,0
1770257294152001858,19,26,19,21,0,0,0,0
1770257294153996976,19,26,19,21,0,0,0,0
1770257294155899163,19,26,19,21,0,0,0,0
1770257294157990763,19,26,19,21,0,0,0,0
1770257294159814388,19,26,19,21,0,0,0,0
1770257294161828482,19,26,19,21,0,0,0,0
1770257294163961011,19,26,19,21,0,0,0,0
1770257294165828670,19,26,19,21,0,0,0,0
1770257294167839788,19,26,19,21,0,0,0,0
1770257294170029726,19,26,19,21,0,0,0,0
1770257294171798790,19,26,19,21,0,0,0,0
1770257294173977560,19,26,19,21,0,0,0,0
1770257294175869315,19,26,19,21,0,0,0,0
1770257294177689901,19,26,19,21,0,0,0,0
1770257294179987745,19,26,19,21,0,0,0,0
1770257294181896909,19,26,19,21,0,0,0,0
1770257294183863802,19,26,19,21,0,0,0,0
1770257294186356531,19,26,19,21,0,0,0,0
1770257294187607471,19,26,19,21,0,0,0,0
1770257294189649502,19,26,19,21,0,0,0,0
1770257294191610411,19,26,19,21,0,0,0,0
1770257294194755187,19,26,19,21,0,0,0,0
1770257294196689695,19,26,19,21,0,0,0,0
1770257294197756855,19,26,19,21,0,0,0,0
1770257294199713348,19,26,19,21,0,0,0,0
1770257294201708082,19,26,19,21,0,0,0,0
1770257294203777921,19,26,19,21,0,0,0,0
1770257294205712877,19,26,19,21,0,0,0,0
1770257294208074115,19,26,19,21,0,0,0,0
1770257294210016975,19,26,19,21,0,0,0,0
1770257294212134976,19,26,19,21,0,0,0,0
1770257294214178446,19,26,19,21,0,0,0,0
1770257294216149819,19,26,19,21,0,0,0,0
1770257294217841730,19,26,19,21,0,0,0,0
1770257294219706093,19,26,19,21,0,0,0,0
1770257294221949216,19,26,19,21,0,0,0,0
1770257294223760041,19,26,19,21,0,0,0,0
1770257294226135392,19,26,19,21,0,0,0,0
1770257294227965481,19,26,19,21,0,0,0,0
1770257294229769491,19,26,19,21,0,0,0,0
1770257294231907363,19,26,19,21,0,0,0,0
1770257294233942034,19,26,19,21,0,0,0,0
1770257294235891646,19,26,19,21,0,0,0,0
1770257294237966478,19,26,19,21,0,0,0,0
1770257294240103903,19,26,19,21,0,0,0,0
1770257294241944937,19,26,19,21,0,0,0,0
1770257294243885557,19,26,19,21,0,0,0,0
1770257294246185610,19,26,19,21,0,0,0,0
1770257294247877936,19,26,19,21,0,0,0,0
1770257294249775900,19,26,19,21,0,0,0,0
1770257294251976910,19,26,19,21,0,0,0,0
1770257294253921434,19,26,19,21,0,0,0,0
1770257294255754340,19,26,19,21,0,0,0,0
1770257294257850772,19,26,19,21,0,0,0,0
1770257294259852418,19,26,19,21,0,0,0,0
1770257294261713420,19,26,19,21,0,0,0,0
1770257294264008353,19,26,19,21,0,0,0,0
1770257294265919628,19,26,19,21,0,0,0,0
1770257294268182496,19,26,19,21,0,0,0,0
1770257294269890631,19,26,19,21,0,0,0,0
1770257294271769074,19,26,19,21,0,0,0,0
1770257294273691230,19,26,19,21,0,0,0,0
1770257294275883312,19,26,19,21,0,0,0,0
1770257294277759675,19,26,19,21,0,0,0,0
1770257294279974189,19,26,19,21,0,0,0,0
1770257294282085342,19,26,19,21,0,0,0,0
1770257294284116140,19,26,19,21,0,0,0,0
1770257294286224828,19,26,19,21,0,0,0,0
1770257294288112935,19,26,19,21,0,0,0,0
1770257294289864847,19,26,19,21,0,0,0,0
1770257294291984288,19,26,19,21,0,0,0,0
1770257294293984045,19,26,19,21,0,0,0,0
1770257294295983547,19,26,19,21,0,0,0,0
1770257294297782820,19,26,19,21,0,0,0,0
1770257294299676528,19,26,19,21,0,0,0,0
1770257294301700158,19,26,19,21,0,0,0,0
1770257294303686763,19,26,19,21,0,0,0,0
1770257294305686169,19,26,19,21,0,0,0,0
1770257294308235763,19,26,19,21,0,0,0,0
1770257294309993083,19,26,19,21,0,0,0,0
1770257294311902695,19,26,19,21,0,0,0,0
1770257294313899828,19,26,19,21,0,0,0,0
1770257294315912706,19,26,19,21,0,0,0,0
1770257294317824782,19,26,19,21,0,0,0,0
1770257294320029632,19,26,19,21,0,0,0,0
1770257294321939788,19,26,19,21,0,0,0,0
1770257294323887897,19,26,19,21,0,0,0,0
1770257294325995081,19,26,19,21,0,0,0,0
1770257294327824499,19,26,19,21,0,0,0,0
1770257294329847713,19,26,19,21,0,0,0,0
1770257294332060371,19,26,19,21,0,0,0,0
1770257294334086978,19,26,19,21,0,0,0,0
1770257294335982797,19,26,19,21,0,0,0,0
1770257294337844727,19,26,19,21,0,0,0,0
1770257294340094475,19,26,19,21,0,0,0,0
1770257294341755857,19,26,19,21,0,0,0,0
1770257294343791231,19,26,19,21,0,0,0,0
1770257294346027410,19,26,19,21,0,0,0,0
1770257294347970303,19,26,19,21,0,0,0,0
1770257294349813289,19,26,19,21,0,0,0,0
1770257294351996603,19,26,19,21,0,0,0,0
1770257294353852837,19,26,19,21,0,0,0,0
1770257294355995478,19,26,19,21,0,0,0,0
1770257294358256266,19,26,19,21,0,0,0,0
1770257294359919760,19,26,19,21,0,0,0,0
1770257294361871996,19,26,19,21,0,0,0,0
1770257294364041870,19,26,19,21,0,0,0,0
1770257294365930169,19,26,19,21,0,0,0,0
1770257294367918214,19,26,19,21,0,0,0,0
1770257294369979350,19,26,19,21,0,0,0,0
1770257294371849184,19,26,19,21,0,0,0,0
1770257294374033138,19,26,19,21,0,0,0,0
1770257294375694904,19,26,19,21,0,0,0,0
1770257294377664677,19,26,19,21,0,0,0,0
1770257294380346498,19,26,19,21,0,0,0,0
1770257294381936071,19,26,19,21,0,0,0,0
1770257294384052759,19,26,19,21,0,0,0,0
1770257294386343019,19,26,19,21,0,0,0,0
1770257294388123380,19,26,19,21,0,0,0,0
1770257294389736089,19,26,19,21,0,0,0,0
1770257294391797608,19,26,19,21,0,0,0,0
1770257294394246912,19,26,19,21,0,0,0,0
1770257294396224909,19,26,19,21,0,0,0,0
1770257294398088216,19,26,19,21,0,0,0,0
1770257294400253033,19,26,19,21,0,0,0,0
1770257294402248695,19,26,19,21,0,0,0,0
1770257294403774138,19,26,19,21,0,0,0,0
1770257294405797352,19,26,19,21,0,0,0,0
1770257294407739348,19,26,19,21,0,0,0,0
1770257294410191596,19,26,19,21,0,0,0,0
1770257294412132825,19,26,19,21,0,0,0,0
1770257294414043364,19,26,19,21,0,0,0,0
1770257294416486812,19,26,19,21,0,0,0,0
1770257294418124673,19,26,19,21,0,0,0,0
1770257294419909546,19,26,19,21,0,0,0,0
1770257294421837814,19,26,19,21,0,0,0,0
1770257294423905349,19,26,19,21,0,0,0,0
1770257294425879763,19,26,19,21,0,0,0,0
1770257294427797918,19,26,19,21,0,0,0,0
1770257294429973136,19,26,19,21,0,0,0,0
1770257294431830395,19,26,19,21,0,0,0,0
1770257294433806056,19,26,19,21,0,0,0,0
1770257294435955993,19,26,19,21,0,0,0,0
1770257294437855108,19,26,19,21,0,0,0,0
1770257294440283612,19,26,19,21,0,0,0,0
1770257294442091045,19,26,19,21,0,0,0,0
1770257294444154740,19,26,19,21,0,0,0,0
1770257294446129025,19,26,19,21,0,0,0,0
1770257294447870729,19,26,19,21,0,0,0,0
1770257294449934744,19,26,19,21,0,0,0,0
1770257294451906533,19,26,19,21,0,0,0,0
1770257294453805841,19,26,19,21,0,0,0,0
1770257294456143398,19,26,19,21,0,0,0,0
1770257294457925967,19,26,19,21,0,0,0,0
1770257294460041631,19,26,19,21,0,0,0,0
1770257294462030732,19,26,19,21,0,0,0,0
1770257294463975897,19,26,19,21,0,0,0,0
1770257294465889797,19,26,19,21,0,0,0,0
1770257294467960052,19,26,19,21,0,0,0,0
1770257294469942017,19,26,19,21,0,0,0,0
1770257294471689193,19,26,19,21,0,0,0,0
1770257294473774905,19,26,19,21,0,0,0,0
1770257294475926506,19,26,19,21,0,0,0,0
1770257294477838966,19,26,19,21,0,0,0,0
1770257294479774370,19,26,19,21,0,0,0,0
1770257294481930515,19,26,19,21,0,0,0,0
1770257294483887136,19,26,19,21,0,0,0,0
1770257294485834988,19,26,19,21,0,0,0,0
1770257294487916060,19,26,19,21,0,0,0,0
1770257294489878025,19,26,19,21,0,0,0,0
1770257294491830965,19,26,19,21,0,0,0,0
1770257294493871524,19,26,19,21,0,0,0,0
1770257294496010869,19,26,19,21,0,0,0,0
1770257294497845695,19,26,19,21,0,0,0,0
1770257294499804587,19,26,19,21,0,0,0,0
1770257294504034028,19,26,19,21,0,0,0,0
1770257294506925582,19,26,19,21,0,0,0,0
1770257294509088959,19,26,19,21,0,0,0,0
1770257294511452885,19,26,19,21,0,0,0,0
1770257294512372106,19,26,19,21,0,0,0,0
1770257294513698697,19,26,19,21,0,0,0,0
1770257294515687990,19,26,19,21,0,0,0,0
1770257294517683780,19,26,19,21,0,0,0,0
1770257294519612688,19,26,19,21,0,0,0,0
1770257294521684959,19,26,19,21,0,0,0,0
1770257294524230041,19,26,19,21,0,0,0,0
1770257294525948353,19,26,19,21,0,0,0,0
1770257294528017744,19,26,19,21,0,0,0,0
1770257294530000797,19,26,19,21,0,0,0,0
1770257294531973354,19,26,19,21,0,0,0,0
1770257294533887830,19,26,19,21,0,0,0,0
1770257294535988934,19,26,19,21,0,0,0,0
1770257294537858257,19,26,19,21,0,0,0,0
1770257294539971489,19,26,19,21,0,0,0,0
1770257294541987055,19,26,19,21,0,0,0,0
1770257294543959324,19,26,19,21,0,0,0,0
1770257294546044300,19,26,19,21,0,0,0,0
1770257294547978296,19,26,19,21,0,0,0,0
1770257294549912676,19,26,19,21,0,0,0,0
1770257294551904146,19,26,19,21,0,0,0,0
1770257294554148421,19,26,19,21,0,0,0,0
1770257294555827051,19,26,19,21,0,0,0,0
1770257294557782616,19,26,19,21,0,0,0,0
1770257294559878280,19,26,19,21,0,0,0,0
1770257294561777427,19,26,19,21,0,0,0,0
1770257294563858819,19,26,19,21,0,0,0,0
1770257294565858384,19,26,19,21,0,0,0,0
1770257294567879102,19,26,19,21,0,0,0,0
1770257294570059600,19,26,19,21,0,0,0,0
1770257294572067262,19,26,19,21,0,0,0,0
1770257294574012139,19,26,19,21,0,0,0,0
1770257294576614278,19,26,19,21,0,0,0,0
1770257294577907012,19,26,19,21,0,0,0,0
1770257294579816911,19,26,19,21,0,0,0,0
1770257294581951008,19,26,19,21,0,0,0,0
1770257294583967726,19,26,19,21,0,0,0,0
1770257294585917979,19,26,19,21,0,0,0,0
1770257294588111661,19,26,19,21,0,0,0,0
1770257294589896757,19,26,19,21,0,0,0,0
1770257294591768160,19,26,19,21,0,0,0,0
1770257294593918769,19,26,19,21,0,0,0,0
1770257294595955232,19,26,19,21,0,0,0,0
1770257294597805418,19,26,19,21,0,0,0,0
1770257294599907386,19,26,19,21,0,0,0,0
1770257294602005482,19,26,19,21,0,0,0,0
1770257294604081817,19,26,19,21,0,0,0,0
1770257294606204458,19,26,19,21,0,0,0,0
1770257294608092725,19,26,19,21,0,0,0,0
1770257294610027841,19,26,19,21,0,0,0,0
1770257294612271093,19,26,19,21,0,0,0,0
1770257294614137215,19,26,19,21,0,0,0,0
1770257294615943336,19,26,19,21,0,0,0,0
1770257294617916598,19,26,19,21,0,0,0,0
1770257294619881250,19,26,19,21,0,0,0,0
1770257294621784174,19,26,19,21,0,0,0,0
1770257294624373833,19,26,19,21,0,0,0,0
1770257294626130737,19,26,19,21,0,0,0,0
1770257294627945755,19,26,19,21,0,0,0,0
1770257294630185262,19,26,19,21,0,0,0,0
1770257294632139930,19,26,19,21,0,0,0,0
1770257294633858978,19,26,19,21,0,0,0,0
1770257294635996915,19,26,19,21,0,0,0,0
1770257294637989984,19,26,19,21,0,0,0,0
1770257294639861483,19,26,19,21,0,0,0,0
1770257294642004220,19,26,19,21,0,0,0,0
1770257294644028074,19,26,19,21,0,0,0,0
1770257294646084473,19,26,19,21,0,0,0,0
1770257294648240714,19,26,19,21,0,0,0,0
1770257294650266169,19,26,19,21,0,0,0,0
1770257294652102146,19,26,19,21,0,0,0,0
1770257294653837258,19,26,19,21,0,0,0,0
1770257294656016956,19,26,19,21,0,0,0,0
1770257294657967368,19,26,19,21,0,0,0,0
1770257294659805970,19,26,19,21,0,0,0,0
1770257294661994404,19,26,19,21,0,0,0,0
1770257294664031795,19,26,19,21,0,0,0,0
1770257294665762939,19,26,19,21,0,0,0,0
1770257294667892139,19,26,19,21,0,0,0,0
1770257294669753270,19,26,19,21,0,0,0,0
1770257294671759332,19,26,19,21,0,0,0,0
1770257294673804978,19,26,19,21,0,0,0,0
1770257294675856257,19,26,19,21,0,0,0,0
1770257294677885295,19,26,19,21,0,0,0,0
1770257294679744666,19,26,19,21,0,0,0,0
1770257294681850250,19,26,19,21,0,0,0,0
1770257294683831351,19,26,19,21,0,0,0,0
1770257294686185965,19,26,19,21,0,0,0,0
1770257294688152730,19,26,19,21,0,0,0,0
1770257294690290699,19,26,19,21,0,0,0,0
1770257294692098644,19,26,19,21,0,0,0,0
1770257294694148195,19,26,19,21,0,0,0,0
1770257294695762440,19,26,19,21,0,0,0,0
1770257294697749717,19,26,19,21,0,0,0,0
1770257294699738307,19,26,19,21,0,0,0,0
1770257294701974006,19,26,19,21,0,0,0,0
1770257294703735070,19,26,19,21,0,0,0,0
1770257294706158037,19,26,19,21,0,0,0,0
1770257294708248229,19,26,19,21,0,0,0,0
1770257294710038222,19,26,19,21,0,0,0,0
1770257294712125662,19,26,19,21,0,0,0,0
1770257294714096139,19,26,19,21,0,0,0,0
1770257294715946549,19,26,19,21,0,0,0,0
1770257294717821376,19,26,19,21,0,0,0,0
1770257294720044307,19,26,19,21,0,0,0,0
1770257294721865916,19,26,19,21,0,0,0,0
1770257294723816873,19,26,19,21,0,0,0,0
1770257294726020635,19,26,19,21,0,0,0,0
1770257294727927143,19,26,19,21,0,0,0,0
1770257294729846482,19,26,19,21,0,0,0,0
1770257294731902465,19,26,19,21,0,0,0,0
1770257294734016594,19,26,19,21,0,0,0,0
1770257294735854076,19,26,19,21,0,0,0,0
1770257294737963308,19,26,19,21,0,0,0,0
1770257294739949049,19,26,19,21,0,0,0,0
1770257294741836932,19,26,19,21,0,0,0,0
1770257294744130617,19,26,19,21,0,0,0,0
1770257294746233385,19,26,19,21,0,0,0,0
1770257294747995793,19,26,19,21,0,0,0,0
1770257294750121090,19,26,19,21,0,0,0,0
1770257294752316116,19,26,19,21,0,0,0,0
1770257294753670419,19,26,19,21,0,0,0,0
1770257294755691649,19,26,19,21,0,0,0,0
1770257294757676366,19,26,19,21,0,0,0,0
1770257294759749406,19,26,19,21,0,0,0,0
1770257294761717099,19,26,19,21,0,0,0,0
1770257294763895036,19,26,19,21,0,0,0,0
1770257294765848393,19,26,19,21,0,0,0,0
1770257294767679763,19,26,19,21,0,0,0,0
1770257294769831684,19,26,19,21,0,0,0,0
1770257294771682286,19,26,19,21,0,0,0,0
1770257294773765758,19,26,19,21,0,0,0,0
1770257294776171157,19,26,19,21,0,0,0,0
1770257294777863867,19,26,19,21,0,0,0,0
1770257294779784807,19,26,19,21,0,0,0,0
1770257294781946425,19,26,19,21,0,0,0,0
1770257294783781123,19,26,19,21,0,0,0,0
1770257294786045014,19,26,19,21,0,0,0,0
1770257294787941250,19,26,19,21,0,0,0,0
1770257294789875406,19,26,19,21,0,0,0,0
1770257294791880604,19,26,19,21,0,0,0,0
1770257294793869737,19,26,19,21,0,0,0,0
1770257294795993594,19,26,19,21,0,0,0,0
1770257294797801795,19,26,19,21,0,0,0,0
1770257294800025302,19,26,19,21,0,0,0,0
1770257294801877888,19,26,19,21,0,0,0,0
1770257294803920015,19,26,19,21,0,0,0,0
1770257294806035999,19,26,19,21,0,0,0,0
1770257294807808263,19,26,19,21,0,0,0,0
1770257294809878423,19,26,19,21,0,0,0,0
1770257294811945158,19,26,19,21,0,0,0,0
1770257294813832465,19,26,19,21,0,0,0,0
1770257294815846335,19,26,19,21,0,0,0,0
1770257294817666633,19,26,19,21,0,0,0,0
1770257294819679575,19,26,19,21,0,0,0,0
1770257294821711429,19,26,19,21,0,0,0,0
1770257294823702515,19,26,19,21,0,0,0,0
1770257294825737601,19,26,19,21,0,0,0,0
1770257294828076566,19,26,19,21,0,0,0,0
1770257294829973474,19,26,19,21,0,0,0,0
1770257294831807596,19,26,19,21,0,0,0,0
1770257294833797753,19,26,19,21,0,0,0,0
1770257294835961675,19,26,19,21,0,0,0,0
1770257294837908599,19,26,19,21,0,0,0,0
1770257294839972006,19,26,19,21,0,0,0,0
1770257294841939923,19,26,19,21,0,0,0,0
1770257294843912832,19,26,19,21,0,0,0,0
1770257294845914414,19,26,19,21,0,0,0,0
1770257294847713143,19,26,19,21,0,0,0,0
1770257294850040780,19,26,19,21,0,0,0,0
1770257294851853590,19,26,19,21,0,0,0,0
1770257294853992263,19,26,19,21,0,0,0,0
1770257294856074870,19,26,19,21,0,0,0,0
1770257294857840926,19,26,19,21,0,0,0,0
1770257294860300535,19,26,19,21,0,0,0,0
1770257294862024318,19,26,19,21,0,0,0,0
1770257294864245041,19,26,19,21,0,0,0,0
1770257294866170717,19,26,19,21,0,0,0,0
1770257294868312718,19,26,19,21,0,0,0,0
1770257294869831472,19,26,19,21,0,0,0,0
1770257294871764093,19,26,19,21,0,0,0,0
1770257294874008688,19,26,19,21,0,0,0,0
1770257294875941884,19,26,19,21,0,0,0,0
1770257294877861992,19,26,19,21,0,0,0,0
1770257294880403970,19,26,19,21,0,0,0,0
1770257294881962469,19,26,19,21,0,0,0,0
1770257294884008084,19,26,19,21,0,0,0,0
1770257294886313897,19,26,19,21,0,0,0,0
1770257294888002895,19,26,19,21,0,0,0,0
1770257294889788536,19,26,19,21,0,0,0,0
1770257294891957578,19,26,19,21,0,0,0,0
1770257294893895734,19,26,19,21,0,0,0,0
1770257294895996550,19,26,19,21,0,0,0,0
1770257294897769999,19,26,19,21,0,0,0,0
1770257294899932000,19,26,19,21,0,0,0,0
1770257294901855180,19,26,19,21,0,0,0,0
1770257294904024253,19,26,19,21,0,0,0,0
1770257294906013867,19,26,19,21,0,0,0,0
1770257294907702930,19,26,19,21,0,0,0,0
1770257294909959077,19,26,19,21,0,0,0,0
1770257294911794639,19,26,19,21,0,0,0,0
1770257294913792477,19,26,19,21,0,0,0,0
1770257294915854860,19,26,19,21,0,0,0,0
1770257294917825017,19,26,19,21,0,0,0,0
1770257294919896072,19,26,19,21,0,0,0,0
1770257294922217053,19,26,19,21,0,0,0,0
1770257294924116520,19,26,19,21,0,0,0,0
1770257294926086357,19,26,19,21,0,0,0,0
1770257294928134532,19,26,19,21,0,0,0,0
1770257294929972238,19,26,19,21,0,0,0,0
1770257294931718038,19,26,19,21,0,0,0,0
1770257294933893192,19,26,19,21,0,0,0,0
1770257294935896086,19,26,19,21,0,0,0,0
1770257294937853698,19,26,19,21,0,0,0,0
1770257294939928018,19,26,19,21,0,0,0,0
1770257294941854814,19,26,19,21,0,0,0,0
1770257294943955470,19,26,19,21,0,0,0,0
1770257294945927451,19,26,19,21,0,0,0,0
1770257294947883143,19,26,19,21,0,0,0,0
1770257294949708529,19,26,19,21,0,0,0,0
1770257294951991237,19,26,19,21,0,0,0,0
1770257294953844688,19,26,19,21,0,0,0,0
1770257294955991265,19,26,19,21,0,0,0,0
1770257294957899212,19,26,19,21,0,0,0,0
1770257294959950779,19,26,19,21,0,0,0,0
1770257294961564960,19,26,19,21,0,0,0,0
1770257294963676944,19,26,19,21,0,0,0,0
1770257294965683422,19,26,19,21,0,0,0,0
1770257294967592490,19,26,19,21,0,0,0,0
1770257294969647033,19,26,19,21,0,0,0,0
1770257294972677150,19,26,19,21,0,0,0,0
1770257294974317027,19,26,19,21,0,0,0,0
1770257294976396947,19,26,19,21,0,0,0,0
1770257294978404513,19,26,19,21,0,0,0,0
1770257294980221258,19,26,19,21,0,0,0,0
1770257294981692844,19,26,19,21,0,0,0,0
1770257294983745627,19,26,19,21,0,0,0,0
1770257294985787017,19,26,19,21,0,0,0,0
1770257294987691381,19,26,19,21,0,0,0,0
1770257294989816709,19,26,19,21,0,0,0,0
1770257294992044568,19,26,19,21,0,0,0,0
1770257294993805888,19,26,19,21,0,0,0,0
1770257294995857519,19,26,19,21,0,0,0,0
1770257294997738106,19,26,19,21,0,0,0,0
1770257294999751496,19,26,19,21,0,0,0,0
1770257295001855896,19,26,19,21,0,0,0,0
1770257295003582784,19,26,19,21,0,0,0,0
1770257295005665807,19,26,19,21,0,0,0,0
1770257295007620924,19,26,19,21,0,0,0,0
1770257295009679851,19,26,19,21,0,0,0,0
1770257295011667289,19,26,19,21,0,0,0,0
1770257295014701886,19,26,19,21,0,0,0,0
1770257295016318531,19,26,19,21,0,0,0,0
1770257295018420403,19,26,19,21,0,0,0,0
1770257295020649638,19,26,19,21,0,0,0,0
1770257295022595794,19,26,19,21,0,0,0,0
1770257295023700971,19,26,19,21,0,0,0,0
1770257295025747610,19,26,19,21,0,0,0,0
1770257295027702055,19,26,19,21,0,0,0,0
1770257295029898329,19,26,19,21,0,0,0,0
1770257295031727747,19,26,19,21,0,0,0,0
1770257295033830931,19,26,19,21,0,0,0,0
1770257295036226474,19,26,19,21,0,0,0,0
1770257295038016722,19,26,19,21,0,0,0,0
1770257295039847228,19,26,19,21,0,0,0,0
1770257295042369270,19,26,19,21,0,0,0,0
1770257295043903769,19,26,19,21,0,0,0,0
1770257295045858278,19,26,19,21,0,0,0,0
1770257295047925301,19,26,19,21,0,0,0,0
1770257295049896802,19,26,19,21,0,0,0,0
1770257295051853103,19,26,19,21,0,0,0,0
1770257295053848796,19,26,19,21,0,0,0,0
1770257295056011790,19,26,19,21,0,0,0,0
1770257295057840823,19,26,19,21,0,0,0,0
1770257295059883174,19,26,19,21,0,0,0,0
1770257295061970358,19,26,19,21,0,0,0,0
1770257295063800031,19,26,19,21,0,0,0,0
1770257295065872431,19,26,19,21,0,0,0,0
1770257295068003775,19,26,19,21,0,0,0,0
1770257295069730247,19,26,19,21,0,0,0,0
1770257295071989787,19,26,19,21,0,0,0,0
1770257295074657047,19,26,19,21,0,0,0,0
1770257295076573923,19,26,19,21,0,0,0,0
1770257295078635122,19,26,19,21,0,0,0,0
1770257295080427355,19,26,19,21,0,0,0,0
1770257295082640782,19,26,19,21,0,0,0,0
1770257295083796712,19,26,19,21,0,0,0,0
1770257295085792310,19,26,19,21,0,0,0,0
1770257295087791524,19,26,19,21,0,0,0,0
1770257295089785585,19,26,19,21,0,0,0,0
1770257295091779231,19,26,19,20,0,0,0,0
1770257295094002449,19,26,19,20,0,0,0,0
1770257295096073281,19,26,19,20,0,0,0,0
1770257295097784776,19,26,19,21,0,0,0,0
1770257295099956505,19,26,19,21,0,0,0,0
1770257295101913606,19,26,19,21,0,0,0,0
1770257295103891059,19,26,19,21,0,0,0,0
1770257295105935586,19,26,19,21,0,0,0,0
1770257295107811309,19,26,19,21,0,0,0,0
1770257295109900157,19,26,19,21,0,0,0,0
1770257295111898730,19,26,19,21,0,0,0,0
1770257295113848631,19,26,19,21,0,0,0,0
1770257295116040297,19,26,19,21,0,0,0,0
1770257295117906771,19,26,19,21,0,0,0,0
1770257295119824863,19,26,19,21,0,0,0,0
1770257295121875470,19,26,19,20,0,0,0,0
1770257295123734969,19,26,19,20,0,0,0,0
1770257295126152976,19,26,19,20,0,0,0,0
1770257295128504998,19,26,19,21,0,0,0,0
1770257295130056009,19,26,19,21,0,0,0,0
1770257295132021078,19,26,19,21,0,0,0,0
1770257295134182151,19,26,19,21,0,0,0,0
1770257295135817549,19,26,19,21,0,0,0,0
1770257295137750489,19,26,19,21,0,0,0,0
1770257295139788231,19,26,19,21,0,0,0,0
1770257295141676722,19,26,19,21,0,0,0,0
1770257295143723009,19,26,19,21,0,0,0,0
1770257295146007893,19,26,19,21,0,0,0,0
1770257295147641339,19,26,19,21,0,0,0,0
1770257295149738411,19,26,19,21,0,0,0,0
1770257295151699095,19,26,19,21,0,0,0,0
1770257295153645892,19,26,19,21,0,0,0,0
1770257295155656690,19,26,19,21,0,0,0,0
1770257295158062825,19,26,19,21,0,0,0,0
1770257295160129688,19,26,19,21,0,0,0,0
1770257295162123398,19,26,19,21,0,0,0,0
1770257295164093491,19,26,19,21,0,0,0,0
1770257295166300389,19,26,19,21,0,0,0,0
1770257295167808263,19,26,19,21,0,0,0,0
1770257295169988409,19,26,19,21,0,0,0,0
1770257295171803427,19,26,19,21,0,0,0,0
1770257295173800656,19,26,19,21,0,0,0,0
1770257295175908096,19,26,19,21,0,0,0,0
1770257295177856397,19,26,19,21,0,0,0,0
1770257295179784729,19,26,19,21,0,0,0,0
1770257295181944074,19,26,19,21,0,0,0,0
1770257295183868150,19,26,19,21,0,0,0,0
1770257295185841667,19,26,19,21,0,0,0,0
1770257295188338748,19,26,19,21,0,0,0,0
1770257295189931649,19,26,19,21,0,0,0,0
1770257295192470299,19,26,19,21,0,0,0,0
1770257295194097408,19,26,19,21,0,0,0,0
1770257295196150255,19,26,19,21,0,0,0,0
1770257295197984633,19,26,19,21,0,0,0,0
1770257295199985351,19,26,19,21,0,0,0,0
1770257295202140568,19,26,19,21,0,0,0,0
1770257295204297705,19,26,19,21,0,0,0,0
1770257295205925966,19,26,19,21,0,0,0,0
1770257295208015838,19,26,19,21,0,0,0,0
1770257295209946730,19,26,19,21,0,0,0,0
1770257295211821685,19,26,19,21,0,0,0,0
1770257295213940869,19,26,19,21,0,0,0,0
1770257295215929171,19,26,19,21,0,0,0,0
1770257295218124677,19,26,19,21,0,0,0,0
1770257295220217109,19,26,19,21,0,0,0,0
1770257295222113312,19,26,19,21,0,0,0,0
1770257295224183599,19,26,19,21,0,0,0,0
1770257295226080283,19,26,19,21,0,0,0,0
1770257295227875460,19,26,19,21,0,0,0,0
1770257295229919570,19,26,19,21,0,0,0,0
1770257295231708123,19,26,19,21,0,0,0,0
1770257295233971599,19,26,19,21,0,0,0,0
1770257295235953404,19,26,19,21,0,0,0,0
1770257295237688388,19,26,19,21,0,0,0,0
1770257295240007225,19,26,19,21,0,0,0,0
1770257295241848771,19,26,19,21,0,0,0,0
1770257295243884465,19,26,19,21,0,0,0,0
1770257295246015234,19,26,19,21,0,0,0,0
1770257295247900365,19,26,19,21,0,0,0,0
1770257295249707958,19,26,19,21,0,0,0,0
1770257295251900745,19,26,19,21,0,0,0,0
1770257295253934647,19,26,19,21,0,0,0,0
1770257295255857347,19,26,19,21,0,0,0,0
1770257295257778639,19,26,19,21,0,0,0,0
1770257295259923168,19,26,19,21,0,0,0,0
1770257295261705160,19,26,19,21,0,0,0,0
1770257295263948988,19,26,19,21,0,0,0,0
1770257295265867624,19,26,19,21,0,0,0,0
1770257295267811988,19,26,19,21,0,0,0,0
1770257295270034311,19,26,19,21,0,0,0,0
1770257295271960371,19,26,19,21,0,0,0,0
1770257295274047554,19,26,19,21,0,0,0,0
1770257295276364983,19,26,19,21,0,0,0,0
1770257295278224482,19,26,19,21,0,0,0,0
1770257295279818950,19,26,19,21,0,0,0,0
1770257295281992120,19,26,19,21,0,0,0,0
1770257295284030950,19,26,19,21,0,0,0,0
1770257295286002612,19,26,19,21,0,0,0,0
1770257295288038082,19,26,19,21,0,0,0,0
1770257295290021615,19,26,19,21,0,0,0,0
1770257295291735254,19,26,19,21,0,0,0,0
1770257295293960425,19,26,19,21,0,0,0,0
1770257295296018936,19,26,19,21,0,0,0,0
1770257295297920676,19,26,19,21,0,0,0,0
1770257295299796239,19,26,19,21,0,0,0,0
1770257295301962752,19,26,19,21,0,0,0,0
1770257295303950478,19,26,19,21,0,0,0,0
1770257295305911130,19,26,19,21,0,0,0,0
1770257295307949225,19,26,19,21,0,0,0,0
1770257295310039545,19,26,19,21,0,0,0,0
1770257295311861602,19,26,19,21,0,0,0,0
1770257295314341179,19,26,19,21,0,0,0,0
1770257295316046050,19,26,19,21,0,0,0,0
1770257295317952525,19,26,19,21,0,0,0,0
1770257295320146720,19,26,19,21,0,0,0,0
1770257295322112364,19,26,19,21,0,0,0,0
1770257295323818323,19,26,19,21,0,0,0,0
1770257295326044390,19,26,19,21,0,0,0,0
1770257295327886416,19,26,19,21,0,0,0,0
1770257295329803868,19,26,19,21,0,0,0,0
1770257295332053776,19,26,19,21,0,0,0,0
1770257295333899546,19,26,19,21,0,0,0,0
1770257295335843910,19,26,19,21,0,0,0,0
1770257295338013272,19,26,19,21,0,0,0,0
1770257295339900707,19,26,19,21,0,0,0,0
1770257295341888272,19,26,19,21,0,0,0,0
1770257295343890718,19,26,19,21,0,0,0,0
1770257295346127089,19,26,19,21,0,0,0,0
1770257295347851352,19,26,19,21,0,0,0,0
1770257295349839270,19,26,19,21,0,0,0,0
1770257295351840532,19,26,19,21,0,0,0,0
1770257295353737471,19,26,19,21,0,0,0,0
1770257295355878608,19,26,19,21,0,0,0,0
1770257295357743130,19,26,19,21,0,0,0,0
1770257295359925388,19,26,19,21,0,0,0,0
1770257295361993595,19,26,19,21,0,0,0,0
1770257295363793797,19,26,19,21,0,0,0,0
1770257295366078457,19,26,19,21,0,0,0,0
1770257295367983172,19,26,19,21,0,0,0,0
1770257295369866575,19,26,19,21,0,0,0,0
1770257295371977696,19,26,19,21,0,0,0,0
1770257295373975629,19,26,19,21,0,0,0,0
1770257295375830328,19,26,19,21,0,0,0,0
1770257295377991593,19,26,19,21,0,0,0,0
1770257295379923317,19,26,19,21,0,0,0,0
1770257295381590491,19,26,19,21,0,0,0,0
1770257295383726220,19,26,19,21,0,0,0,0
1770257295385664760,19,26,19,21,0,0,0,0
1770257295387782537,19,26,19,21,0,0,0,0
1770257295389720757,19,26,19,21,0,0,0,0
1770257295391747715,19,26,19,21,0,0,0,0
1770257295393773201,19,26,19,21,0,0,0,0
1770257295395729630,19,26,19,21,0,0,0,0
1770257295397824910,19,26,19,21,0,0,0,0
1770257295399677592,19,26,19,21,0,0,0,0
1770257295402082735,19,26,19,21,0,0,0,0
1770257295403904345,19,26,19,21,0,0,0,0
1770257295406017769,19,26,19,21,0,0,0,0
1770257295407939221,19,26,19,21,0,0,0,0
1770257295409779263,19,26,19,21,0,0,0,0
1770257295412249112,19,26,19,21,0,0,0,0
1770257295414123010,19,26,19,21,0,0,0,0
1770257295415909771,19,26,19,21,0,0,0,0
1770257295418151838,19,26,19,21,0,0,0,0
1770257295420220078,19,26,19,21,0,0,0,0
1770257295421954805,19,26,19,21,0,0,0,0
1770257295423758782,19,26,19,21,0,0,0,0
1770257295425632873,19,26,19,21,0,0,0,0
1770257295427714073,19,26,19,21,0,0,0,0
1770257295429728711,19,26,19,21,0,0,0,0
1770257295431784182,19,26,19,21,0,0,0,0
1770257295434162668,19,26,19,21,0,0,0,0
1770257295435991958,19,26,19,21,0,0,0,0
1770257295438190920,19,26,19,21,0,0,0,0
1770257295440086963,19,26,19,21,0,0,0,0
1770257295442258885,19,26,19,21,0,0,0,0
1770257295443935627,19,26,19,21,0,0,0,0
1770257295446009531,19,26,19,21,0,0,0,0
1770257295448021993,19,26,19,21,0,0,0,0
1770257295449855507,19,26,19,21,0,0,0,0
1770257295452040549,19,26,19,21,0,0,0,0
1770257295453690826,19,26,19,21,0,0,0,0
1770257295455708504,19,26,19,21,0,0,0,0
1770257295457590979,19,26,19,21,0,0,0,0
1770257295459648818,19,26,19,21,0,0,0,0
1770257295461686561,19,26,19,21,0,0,0,0
1770257295463884339,19,26,19,21,0,0,0,0
1770257295465864384,19,26,19,21,0,0,0,0
1770257295467761004,19,26,19,21,0,0,0,0
1770257295469887612,19,26,19,21,0,0,0,0
1770257295471717702,19,26,19,21,0,0,0,0
1770257295474170430,19,26,19,21,0,0,0,0
1770257295476469843,19,26,19,21,0,0,0,0
1770257295477960501,19,26,19,21,0,0,0,0
1770257295480101254,19,26,19,21,0,0,0,0
1770257295482239062,19,26,19,21,0,0,0,0
1770257295484353543,19,26,19,21,0,0,0,0
1770257295485946443,19,26,19,21,0,0,0,0
1770257295487795509,19,26,19,21,0,0,0,0
1770257295489771171,19,26,19,21,0,0,0,0
1770257295491698863,19,26,19,21,0,0,0,0
1770257295493806143,19,26,19,21,0,0,0,0
1770257295495996113,19,26,19,21,0,0,0,0
1770257295497953469,19,26,19,21,0,0,0,0
1770257295500165392,19,26,19,21,0,0,0,0
1770257295502466949,19,26,19,21,0,0,0,0
1770257295504264014,19,26,19,21,0,0,0,0
1770257295506256603,19,26,19,21,0,0,0,0
1770257295508202408,19,26,19,21,0,0,0,0
1770257295509945487,19,26,19,21,0,0,0,0
1770257295512015071,19,26,19,21,0,0,0,0
1770257295514037229,19,26,19,21,0,0,0,0
1770257295515877431,19,26,19,21,0,0,0,0
1770257295517967399,19,26,19,21,0,0,0,0
1770257295519861074,19,26,19,21,0,0,0,0
1770257295521787326,19,26,19,21,0,0,0,0
1770257295524001968,19,26,19,21,0,0,0,0
1770257295525985854,19,26,19,21,0,0,0,0
1770257295527926858,19,26,19,21,0,0,0,0
1770257295530077307,19,26,19,21,0,0,0,0
1770257295531838884,19,26,19,21,0,0,0,0
1770257295533937235,19,26,19,21,0,0,0,0
1770257295535938433,19,26,19,21,0,0,0,0
1770257295537784395,19,26,19,21,0,0,0,0
1770257295539887227,19,26,19,21,0,0,0,0
1770257295541904233,19,26,19,21,0,0,0,0
1770257295544096412,19,26,19,21,0,0,0,0
1770257295546543187,19,26,19,21,0,0,0,0
1770257295548743398,19,26,19,21,0,0,0,0
1770257295550579664,19,26,19,21,0,0,0,0
1770257295552498171,19,26,19,21,0,0,0,0
1770257295554779312,19,26,19,21,0,0,0,0
1770257295556179536,19,26,19,21,0,0,0,0
1770257295557898199,19,26,19,21,0,0,0,0
1770257295559819811,19,26,19,21,0,0,0,0
1770257295561914483,19,26,19,21,0,0,0,0
1770257295563700059,19,26,19,21,0,0,0,0
1770257295565663560,19,26,19,21,0,0,0,0
1770257295567930076,19,26,19,21,0,0,0,0
1770257295570210128,19,26,19,21,0,0,0,0
1770257295572090299,19,26,19,21,0,0,0,0
1770257295574157898,19,26,19,21,0,0,0,0
1770257295576467903,19,26,19,21,0,0,0,0
1770257295578037283,19,26,19,21,0,0,0,0
1770257295579914862,19,26,19,21,0,0,0,0
1770257295581922268,19,26,19,21,0,0,0,0
1770257295584085485,19,26,19,21,0,0,0,0
1770257295585925239,19,26,19,21,0,0,0,0
1770257295588136298,19,26,19,21,0,0,0,0
1770257295589986132,19,26,19,21,0,0,0,0
1770257295591841374,19,26,19,21,0,0,0,0
1770257295593772266,19,26,19,21,0,0,0,0
1770257295596080255,19,26,19,21,0,0,0,0
1770257295598147918,19,26,19,21,0,0,0,0
1770257295600071098,19,26,19,21,0,0,0,0
1770257295602027111,19,26,19,21,0,0,0,0
1770257295604121847,19,26,19,21,0,0,0,0
1770257295606200710,19,26,19,21,0,0,0,0
1770257295608084561,19,26,19,21,0,0,0,0
1770257295609789496,19,26,19,21,0,0,0,0
1770257295611907977,19,26,19,21,0,0,0,0
1770257295613811380,19,26,19,21,0,0,0,0
1770257295615876803,19,26,19,21,0,0,0,0
1770257295617939314,19,26,19,21,0,0,0,0
1770257295619834366,19,26,19,21,0,0,0,0
1770257295621953070,19,26,19,21,0,0,0,0
1770257295623919707,19,26,19,21,0,0,0,0
1770257295625924553,19,26,19,21,0,0,0,0
1770257295628063290,19,26,19,21,0,0,0,0
1770257295630072264,19,26,19,21,0,0,0,0
1770257295632241401,19,26,19,21,0,0,0,0
1770257295633902047,19,26,19,21,0,0,0,0
1770257295636202228,19,26,19,21,0,0,0,0
1770257295637765975,19,26,19,21,0,0,0,0
1770257295639685219,19,26,19,21,0,0,0,0
1770257295641683505,19,26,19,21,0,0,0,0
1770257295643691775,19,26,19,21,0,0,0,0
1770257295645744942,19,26,19,21,0,0,0,0
1770257295647897183,19,26,19,21,0,0,0,0
1770257295649850763,19,26,19,21,0,0,0,0
1770257295652041373,19,26,19,21,0,0,0,0
1770257295653942377,19,26,19,21,0,0,0,0
1770257295655829524,19,26,19,21,0,0,0,0
1770257295658143369,19,26,19,21,0,0,0,0
1770257295660212440,19,26,19,21,0,0,0,0
1770257295661902015,19,26,19,21,0,0,0,0
1770257295664247892,19,26,19,21,0,0,0,0
1770257295666083550,19,26,19,21,0,0,0,0
1770257295667846983,19,26,19,21,0,0,0,0
1770257295669826100,19,26,19,21,0,0,0,0
1770257295671702271,19,26,19,21,0,0,0,0
1770257295673621994,19,26,19,21,0,0,0,0
1770257295675788892,19,26,19,21,0,0,0,0
1770257295677654919,19,26,19,21,0,0,0,0
1770257295679967387,19,26,19,21,0,0,0,0
1770257295681917192,19,26,19,21,0,0,0,0
1770257295684301822,19,26,19,21,0,0,0,0
1770257295686078279,19,26,19,21,0,0,0,0
1770257295687955570,19,26,19,21,0,0,0,0
1770257295689837853,19,26,19,21,0,0,0,0
1770257295691794090,19,26,19,21,0,0,0,0
1770257295693938395,19,26,19,21,0,0,0,0
1770257295695900711,19,26,19,21,0,0,0,0
1770257295697955958,19,26,19,21,0,0,0,0
1770257295700058278,19,26,19,21,0,0,0,0
1770257295702107605,19,26,19,21,0,0,0,0
1770257295704268423,19,26,19,21,0,0,0,0
1770257295706003150,19,26,19,21,0,0,0,0
1770257295708167072,19,26,19,21,0,0,0,0
1770257295710081099,19,26,19,21,0,0,0,0
1770257295712022872,19,26,19,21,0,0,0,0
1770257295713870306,19,26,19,21,0,0,0,0
1770257295715969810,19,26,19,21,0,0,0,0
1770257295718026497,19,26,19,21,0,0,0,0
1770257295719835210,19,26,19,21,0,0,0,0
1770257295721859512,19,26,19,21,0,0,0,0
1770257295724000969,19,26,19,21,0,0,0,0
1770257295725965622,19,26,19,21,0,0,0,0
1770257295727942659,19,26,19,21,0,0,0,0
1770257295729829486,19,26,19,21,0,0,0,0
1770257295731881213,19,26,19,21,0,0,0,0
1770257295733848970,19,26,19,21,0,0,0,0
1770257295735874041,19,26,19,21,0,0,0,0
1770257295737994921,19,26,19,21,0,0,0,0
1770257295739903637,19,26,19,21,0,0,0,0
1770257295741928259,19,26,19,21,0,0,0,0
1770257295744044339,19,26,19,21,0,0,0,0
1770257295746157539,19,26,19,21,0,0,0,0
1770257295747908715,19,26,19,21,0,0,0,0
1770257295749850776,19,26,19,21,0,0,0,0
1770257295751933159,19,26,19,21,0,0,0,0
1770257295753842611,19,26,19,21,0,0,0,0
1770257295756014085,19,26,19,21,0,0,0,0
1770257295757819118,19,26,19,21,0,0,0,0
1770257295759893181,19,26,19,21,0,0,0,0
1770257295761849194,19,26,19,21,0,0,0,0
1770257295763694004,19,26,19,21,0,0,0,0
1770257295765767875,19,26,19,21,0,0,0,0
1770257295767897812,19,26,19,21,0,0,0,0
1770257295769635324,19,26,19,21,0,0,0,0
1770257295771776461,19,26,19,21,0,0,0,0
1770257295773898621,19,26,19,21,0,0,0,0
1770257295776202066,19,26,19,21,0,0,0,0
1770257295778138526,19,26,19,21,0,0,0,0
1770257295779948071,19,26,19,21,0,0,0,0
1770257295782176922,19,26,19,21,0,0,0,0
1770257295784011396,19,26,19,21,0,0,0,0
1770257295785739660,19,26,19,21,0,0,0,0
1770257295787834396,19,26,19,21,0,0,0,0
1770257295789737223,19,26,19,21,0,0,0,0
1770257295792058652,19,26,19,21,0,0,0,0
1770257295794007081,19,26,19,21,0,0,0,0
1770257295796200795,19,26,19,21,0,0,0,0
1770257295797901698,19,26,19,21,0,0,0,0
1770257295799973425,19,26,19,21,0,0,0,0
1770257295801993023,19,26,19,21,0,0,0,0
1770257295803825769,19,26,19,21,0,0,0,0
1770257295806122365,19,26,19,21,0,0,0,0
1770257295808091114,19,26,19,21,0,0,0,0
1770257295810059511,19,26,19,21,0,0,0,0
1770257295812202344,19,26,19,21,0,0,0,0
1770257295814083443,19,26,19,21,0,0,0,0
1770257295815688760,19,26,19,21,0,0,0,0
1770257295817550434,19,26,19,21,0,0,0,0
1770257295819695539,19,26,19,21,0,0,0,0
1770257295821644800,19,26,19,20,0,0,0,0
1770257295823704399,19,26,19,20,0,0,0,0
1770257295826252777,19,26,19,20,0,0,0,0
1770257295828356249,19,26,19,20,0,0,0,0
1770257295830222084,19,26,19,21,0,0,0,0
1770257295832566393,19,26,19,21,0,0,0,0
1770257295833876567,19,26,19,21,0,0,0,0
1770257295835714337,19,26,19,21,0,0,0,0
1770257295837729103,19,26,19,21,0,0,0,0
1770257295839844640,19,26,19,21,0,0,0,0
1770257295841656905,19,26,19,21,0,0,0,0
1770257295844138786,19,26,19,21,0,0,0,0
1770257295846148464,19,26,19,21,0,0,0,0
1770257295847976473,19,26,19,21,0,0,0,0
1770257295850045673,19,26,19,21,0,0,0,0
1770257295852143545,19,26,19,21,0,0,0,0
1770257295853914401,19,26,19,21,0,0,0,0
1770257295855882830,19,26,19,21,0,0,0,0
1770257295857936349,19,26,19,21,0,0,0,0
1770257295859925578,19,26,19,21,0,0,0,0
1770257295861797397,19,26,19,21,0,0,0,0
1770257295864231565,19,26,19,21,0,0,0,0
1770257295866019702,19,26,19,21,0,0,0,0
1770257295868034788,19,26,19,21,0,0,0,0
1770257295870200405,19,26,19,21,0,0,0,0
1770257295872070304,19,26,19,21,0,0,0,0
1770257295873796519,19,26,19,21,0,0,0,0
1770257295876086748,19,26,19,21,0,0,0,0
1770257295877796547,19,26,19,21,0,0,0,0
1770257295879825393,19,26,19,21,0,0,0,0
1770257295881884256,19,26,19,21,0,0,0,0
1770257295884142324,19,26,19,21,0,0,0,0
1770257295886133537,19,26,19,21,0,0,0,0
1770257295888209361,19,26,19,21,0,0,0,0
1770257295890129756,19,26,19,21,0,0,0,0
1770257295892043208,19,26,19,21,0,0,0,0
1770257295894039318,19,26,19,21,0,0,0,0
1770257295895752157,19,26,19,21,0,0,0,0
1770257295897679049,19,26,19,21,0,0,0,0
1770257295899708343,19,26,19,21,0,0,0,0
1770257295901571714,19,26,19,21,0,0,0,0
1770257295903761524,19,26,19,21,0,0,0,0
1770257295905907141,19,26,19,21,0,0,0,0
1770257295907706862,19,26,19,21,0,0,0,0
1770257295909858719,19,26,19,21,0,0,0,0
1770257295911993584,19,26,19,21,0,0,0,0
1770257295913947325,19,26,19,21,0,0,0,0
1770257295916032876,19,26,19,21,0,0,0,0
1770257295918333121,19,26,19,21,0,0,0,0
1770257295920068488,19,26,19,21,0,0,0,0
1770257295922073142,19,26,19,21,0,0,0,0
1770257295924047523,19,26,19,21,0,0,0,0
1770257295926070673,19,26,19,21,0,0,0,0
1770257295927808505,19,26,19,21,0,0,0,0
1770257295929869416,19,26,19,20,0,0,0,0
1770257295931895863,19,26,19,20,0,0,0,0
1770257295933821635,19,26,19,20,0,0,0,0
1770257295935886866,19,26,19,21,0,0,0,0
1770257295937733180,19,26,19,21,0,0,0,0
1770257295939863725,19,26,19,21,0,0,0,0
1770257295941949244,19,26,19,21,0,0,0,0
1770257295943986699,19,26,19,21,0,0,0,0
1770257295946124924,19,26,19,21,0,0,0,0
1770257295947800546,19,26,19,21,0,0,0,0
1770257295949937491,19,26,19,21,0,0,0,0
1770257295951813918,19,26,19,21,0,0,0,0
1770257295953893933,19,26,19,21,0,0,0,0
1770257295956182433,19,26,19,21,0,0,0,0
1770257295958021163,19,26,19,21,0,0,0,0
1770257295960166876,19,26,19,21,0,0,0,0
1770257295962108745,19,26,19,21,0,0,0,0
1770257295964177624,19,26,19,21,0,0,0,0
1770257295965774044,19,26,19,21,0,0,0,0
1770257295967736265,19,26,19,21,0,0,0,0
1770257295969759480,19,26,19,21,0,0,0,0
1770257295971878728,19,26,19,21,0,0,0,0
1770257295973826260,19,26,19,21,0,0,0,0
1770257295976120361,19,26,19,21,0,0,0,0
1770257295978040405,19,26,19,21,0,0,0,0
1770257295980023106,19,26,19,21,0,0,0,0
1770257295981958670,19,26,19,21,0,0,0,0
1770257295984116928,19,26,19,21,0,0,0,0
1770257295986048716,19,26,19,21,0,0,0,0
1770257295988668904,19,26,19,21,0,0,0,0
1770257295990741815,19,26,19,21,0,0,0,0
1770257295992528448,19,26,19,21,0,0,0,0
1770257295994570894,19,26,19,21,0,0,0,0
1770257295996104529,19,26,19,21,0,0,0,0
1770257295997661941,19,26,19,21,0,0,0,0
1770257295999714948,19,26,19,21,0,0,0,0
1770257296001717106,19,26,19,21,0,0,0,0
1770257296003681822,19,26,19,21,0,0,0,0
1770257296006106134,19,26,19,21,0,0,0,0
1770257296008198342,19,26,19,21,0,0,0,0
1770257296010205748,19,26,19,21,0,0,0,0
1770257296012164832,19,26,19,21,0,0,0,0
1770257296014241648,19,26,19,21,0,0,0,0
1770257296016086746,19,26,19,21,0,0,0,0
1770257296017878531,19,26,19,21,0,0,0,0
1770257296019942738,19,26,19,21,0,0,0,0
1770257296021762780,19,26,19,20,0,0,0,0
1770257296024045424,19,26,19,20,0,0,0,0
1770257296025998140,19,26,19,20,0,0,0,0
1770257296027749444,19,26,19,20,0,0,0,0
1770257296029674864,19,26,19,20,0,0,0,0
1770257296031661630,19,26,19,20,0,0,0,0
1770257296033741773,19,26,19,21,0,0,0,0
1770257296035705498,19,26,19,21,0,0,0,0
1770257296038599004,19,26,19,21,0,0,0,0
1770257296040529256,19,26,19,21,0,0,0,0
1770257296042457396,19,26,19,21,0,0,0,0
1770257296044876972,19,26,19,21,0,0,0,0
1770257296046212682,19,26,19,21,0,0,0,0
1770257296047905937,19,26,19,21,0,0,0,0
1770257296049811036,19,26,19,21,0,0,0,0
1770257296051893196,19,26,19,21,0,0,0,0
1770257296053774999,19,26,19,21,0,0,0,0
1770257296055848678,19,26,19,21,0,0,0,0
1770257296058052409,19,26,19,21,0,0,0,0
1770257296059928515,19,26,19,21,0,0,0,0
1770257296062205975,19,26,19,21,0,0,0,0
1770257296064238598,19,26,19,21,0,0,0,0
1770257296065996686,19,26,19,21,0,0,0,0
1770257296068131775,19,26,19,20,0,0,0,0
1770257296069999689,19,26,19,20,0,0,0,0
1770257296071898709,19,26,19,20,0,0,0,0
1770257296073810497,19,26,19,20,0,0,0,0
1770257296076141302,19,26,19,20,0,0,0,0
1770257296077890142,19,26,19,20,0,0,0,0
1770257296079801449,19,26,19,21,0,0,0,0
1770257296081938234,19,26,19,21,0,0,0,0
1770257296083869638,19,26,19,21,0,0,0,0
1770257296085893141,19,26,19,21,0,0,0,0
1770257296087723166,19,26,19,21,0,0,0,0
1770257296089790542,19,26,19,21,0,0,0,0
1770257296091731066,19,26,19,20,0,0,0,0
1770257296093756808,19,26,19,20,0,0,0,0
1770257296095872473,19,26,19,20,0,0,0,0
1770257296097781316,19,26,19,21,0,0,0,0
1770257296099724241,19,26,19,21,0,0,0,0
1770257296101686941,19,26,19,21,0,0,0,0
1770257296103780237,19,26,19,20,0,0,0,0
1770257296105678169,19,26,19,20,0,0,0,0
1770257296107963053,19,26,19,20,0,0,0,0
1770257296109708981,19,26,19,20,0,0,0,0
1770257296111847269,19,26,19,20,0,0,0,0
1770257296113674511,19,26,19,20,0,0,0,0
1770257296115744126,19,26,19,20,0,0,0,0
1770257296117675211,19,26,19,21,0,0,0,0
1770257296119784187,19,26,19,21,0,0,0,0
1770257296121883595,19,26,19,21,0,0,0,0
1770257296123707636,19,26,19,20,0,0,0,0
1770257296125840613,19,26,19,20,0,0,0,0
1770257296127798642,19,26,19,21,0,0,0,0
1770257296130352460,19,26,19,21,0,0,0,0
1770257296132086836,19,26,19,21,0,0,0,0
1770257296134158947,19,26,19,21,0,0,0,0
1770257296136304212,19,26,19,21,0,0,0,0
1770257296138073405,19,26,19,21,0,0,0,0
1770257296140003849,19,26,19,21,0,0,0,0
1770257296141894612,19,26,19,21,0,0,0,0
1770257296143899778,19,26,19,21,0,0,0,0
1770257296146028402,19,26,19,21,0,0,0,0
1770257296147882365,19,26,19,21,0,0,0,0
1770257296149820873,19,26,19,21,0,0,0,0
1770257296151963066,19,26,19,21,0,0,0,0
1770257296153928199,19,26,19,21,0,0,0,0
1770257296156020567,19,26,19,21,0,0,0,0
1770257296158035493,19,26,19,21,0,0,0,0
1770257296159987505,19,26,19,21,0,0,0,0
1770257296162257989,19,26,19,21,0,0,0,0
1770257296164121488,19,26,19,21,0,0,0,0
1770257296166130110,19,26,19,20,0,0,0,0
1770257296168192493,19,26,19,20,0,0,0,0
1770257296169914772,19,26,19,21,0,0,0,0
1770257296171760638,19,26,19,21,0,0,0,0
1770257296173777804,19,26,19,21,0,0,0,0
1770257296175843387,19,26,19,21,0,0,0,0
1770257296177738887,19,26,19,21,0,0,0,0
1770257296180169374,19,26,19,21,0,0,0,0
1770257296182220909,19,26,19,21,0,0,0,0
1770257296183951637,19,26,19,21,0,0,0,0
1770257296186212968,19,26,19,21,0,0,0,0
1770257296187994225,19,26,19,21,0,0,0,0
1770257296189829723,19,26,19,21,0,0,0,0
1770257296192006605,19,26,19,21,0,0,0,0
1770257296193982810,19,26,19,21,0,0,0,0
1770257296195915366,19,26,19,20,0,0,0,0
1770257296197932244,19,26,19,20,0,0,0,0
1770257296199863616,19,26,19,20,0,0,0,0
1770257296201871342,19,26,19,21,0,0,0,0
1770257296203934941,19,26,19,21,0,0,0,0
1770257296205917770,19,26,19,21,0,0,0,0
1770257296207858391,19,26,19,21,0,0,0,0
1770257296209994248,19,26,19,21,0,0,0,0
1770257296211839474,19,26,19,21,0,0,0,0
1770257296213868480,19,26,19,21,0,0,0,0
1770257296216056210,19,26,19,21,0,0,0,0
1770257296217841147,19,26,19,21,0,0,0,0
1770257296219867881,19,26,19,21,0,0,0,0
1770257296221897271,19,26,19,21,0,0,0,0
1770257296223791075,19,26,19,21,0,0,0,0
1770257296226019766,19,26,19,21,0,0,0,0
1770257296227860832,19,26,19,21,0,0,0,0
1770257296230153140,19,26,19,21,0,0,0,0
1770257296232099713,19,26,19,21,0,0,0,0
1770257296233945163,19,26,19,21,0,0,0,0
1770257296236041851,19,26,19,21,0,0,0,0
1770257296238105834,19,26,19,21,0,0,0,0
1770257296240003029,19,26,19,21,0,0,0,0
1770257296241823935,19,26,19,21,0,0,0,0
1770257296243977200,19,26,19,21,0,0,0,0
1770257296246054271,19,26,19,21,0,0,0,0
1770257296247904618,19,26,19,21,0,0,0,0
1770257296250015578,19,26,19,21,0,0,0,0
1770257296251937862,19,26,19,21,0,0,0,0
1770257296253901139,19,26,19,21,0,0,0,0
1770257296256084164,19,26,19,21,0,0,0,0
1770257296257848205,19,26,19,21,0,0,0,0
1770257296260107168,19,26,19,21,0,0,0,0
1770257296261862600,19,26,19,21,0,0,0,0
1770257296263803317,19,26,19,21,0,0,0,0
1770257296265862564,19,26,19,21,0,0,0,0
1770257296267755023,19,26,19,21,0,0,0,0
1770257296269900352,19,26,19,21,0,0,0,0
1770257296272130675,19,26,19,21,0,0,0,0
1770257296274043551,19,26,19,21,0,0,0,0
1770257296276214480,19,26,19,21,0,0,0,0
1770257296277966648,19,26,19,21,0,0,0,0
1770257296279876004,19,26,19,21,0,0,0,0
1770257296281917811,19,26,19,21,0,0,0,0
1770257296283878527,19,26,19,21,0,0,0,0
1770257296285925262,19,26,19,21,0,0,0,0
1770257296287934748,19,26,19,21,0,0,0,0
1770257296290009131,19,26,19,21,0,0,0,0
1770257296291990521,19,26,19,21,0,0,0,0
1770257296293948933,19,26,19,21,0,0,0,0
1770257296296055606,19,26,19,21,0,0,0,0
1770257296298215623,19,26,19,21,0,0,0,0
1770257296299831628,19,26,19,21,0,0,0,0
1770257296301819737,19,26,19,21,0,0,0,0
1770257296304036396,19,26,19,21,0,0,0,0
1770257296305924567,19,26,19,21,0,0,0,0
1770257296308008103,19,26,19,21,0,0,0,0
1770257296309946451,19,26,19,21,0,0,0,0
1770257296311889023,19,26,19,21,0,0,0,0
1770257296313893133,19,26,19,21,0,0,0,0
1770257296315946876,19,26,19,21,0,0,0,0
1770257296317862024,19,26,19,21,0,0,0,0
1770257296319764147,19,26,19,21,0,0,0,0
1770257296322217547,19,26,19,21,0,0,0,0
1770257296323988660,19,26,19,21,0,0,0,0
1770257296326490381,19,26,19,21,0,0,0,0
1770257296328412761,19,26,19,21,0,0,0,0
1770257296330112064,19,26,19,21,0,0,0,0
1770257296331857447,19,26,19,21,0,0,0,0
1770257296334026905,19,26,19,21,0,0,0,0
1770257296335980838,19,26,19,21,0,0,0,0
1770257296337843408,19,26,19,21,0,0,0,0
1770257296340071203,19,26,19,21,0,0,0,0
1770257296341978255,19,26,19,21,0,0,0,0
1770257296343776952,19,26,19,21,0,0,0,0
1770257296345801094,19,26,19,21,0,0,0,0
1770257296347756371,19,26,19,21,0,0,0,0
1770257296349749728,19,26,19,21,0,0,0,0
1770257296351944114,19,26,19,21,0,0,0,0
1770257296353683290,19,26,19,21,0,0,0,0
1770257296355771690,19,26,19,21,0,0,0,0
1770257296357651541,19,26,19,21,0,0,0,0
1770257296359707300,19,26,19,21,0,0,0,0
1770257296361791923,19,26,19,21,0,0,0,0
1770257296364219499,19,26,19,21,0,0,0,0
1770257296366237849,19,26,19,21,0,0,0,0
1770257296368196646,19,26,19,21,0,0,0,0
1770257296370138002,19,26,19,21,0,0,0,0
1770257296372201889,19,26,19,21,0,0,0,0
1770257296373764357,19,26,19,21,0,0,0,0
1770257296375875477,19,26,19,21,0,0,0,0
1770257296377866819,19,26,19,21,0,0,0,0
1770257296379789326,19,26,19,20,0,0,0,0
1770257296382031522,19,26,19,20,0,0,0,0
1770257296383864588,19,26,19,20,0,0,0,0
1770257296385843353,19,26,19,21,0,0,0,0
1770257296387951465,19,26,19,21,0,0,0,0
1770257296389887029,19,26,19,21,0,0,0,0
1770257296391729695,19,26,19,20,0,0,0,0
1770257296393884080,19,26,19,20,0,0,0,0
1770257296395948288,19,26,19,20,0,0,0,0
1770257296397810954,19,26,19,20,0,0,0,0
1770257296399902522,19,26,19,20,0,0,0,0
1770257296401953577,19,26,19,20,0,0,0,0
1770257296404127130,19,26,19,20,0,0,0,0
1770257296406243787,19,26,19,20,0,0,0,0
1770257296408090037,19,26,19,20,0,0,0,0
1770257296410047106,19,26,19,20,0,0,0,0
1770257296412057936,19,26,19,20,0,0,0,0
1770257296413827224,19,26,19,20,0,0,0,0
1770257296415744964,19,26,19,21,0,0,0,0
1770257296417973431,19,26,19,21,0,0,0,0
1770257296419865538,19,26,19,21,0,0,0,0
1770257296421711788,19,26,19,21,0,0,0,0
1770257296423969248,19,26,19,21,0,0,0,0
1770257296425929708,19,26,19,21,0,0,0,0
1770257296427998812,19,26,19,21,0,0,0,0
